# File produced by Open Asset Import Library (http://www.assimp.sf.net)
# (assimp v3.1.236340372)

mtllib Grounds.mtl

# vertex positions
v 0.993470 -1.061662 0.125502
v 0.996987 -1.004137 0.149806
v 0.943265 -0.995409 0.182054
v 0.937514 -1.053103 0.147024
v 0.888533 -0.988969 0.219862
v 0.881939 -1.047462 0.177698
v 0.829578 -0.984688 0.250781
v 0.823974 -1.044949 0.210270
v 0.765370 -0.982924 0.267293
v 0.761423 -1.045246 0.234674
v 0.697232 -0.983407 0.269493
v 0.694708 -1.047204 0.245663
v 0.628034 -0.983821 0.261139
v 0.626418 -1.048500 0.243621
v 0.561125 -0.981096 0.248145
v 0.559892 -1.046221 0.233139
v 0.497883 -0.974454 0.236562
v 0.496616 -1.039275 0.219576
v 0.436785 -0.966082 0.228673
v 0.435543 -1.029631 0.206639
v 0.376052 -0.958747 0.224863
v 0.375035 -1.020619 0.196984
v 0.314468 -0.953877 0.223446
v 0.313690 -1.014534 0.190536
v 0.251923 -0.951041 0.220922
v 0.251206 -1.011392 0.184895
v 0.188975 -0.948922 0.213695
v 0.188262 -1.009551 0.177220
v 0.125791 -0.947251 0.200825
v 0.125204 -1.008247 0.166713
v 0.062472 -0.946326 0.185373
v 0.062095 -1.007722 0.155948
v -0.000885 -0.947174 0.174651
v -0.001049 -1.008979 0.150797
v -0.064270 -0.950651 0.175173
v -0.064283 -1.012782 0.155924
v -0.127757 -0.956276 0.187047
v -0.127708 -1.018649 0.170537
v -0.191457 -0.962376 0.203856
v -0.191420 -1.024947 0.188495
v -0.255451 -0.967143 0.217614
v -0.255465 -1.029841 0.202766
v -0.319771 -0.969574 0.224281
v -0.319878 -1.032336 0.209974
v -0.384454 -0.969816 0.223925
v -0.384714 -1.032628 0.210385
v -0.449516 -0.968729 0.218577
v -0.449958 -1.031584 0.206043
v -0.515000 -0.966960 0.209805
v -0.515542 -1.029812 0.198306
v -0.581089 -0.964502 0.197458
v -0.581468 -1.027219 0.186573
v -0.647986 -0.961183 0.180856
v -0.647665 -1.023576 0.169834
v -0.716024 -0.955635 0.158338
v -0.714662 -1.016266 0.146330
v -0.786556 -0.942938 0.123427
v -0.784978 -0.997898 0.109967
v -0.853625 -0.924955 0.072195
v -0.852900 -0.973894 0.061229
v -0.909442 -0.918041 0.022175
v -0.909540 -0.965583 0.018478
v -0.962281 -0.928729 0.005436
v -0.961526 -0.979142 0.007277
v -1.015545 -0.945439 0.018771
v -1.013362 -1.000264 0.018865
v 0.999921 -0.942162 0.165341
v 0.946571 -0.931587 0.201777
v 0.890684 -0.922449 0.236667
v 0.829990 -0.915419 0.258155
v 0.764675 -0.911687 0.263658
v 0.696243 -0.911124 0.256847
v 0.627448 -0.910973 0.243423
v 0.561298 -0.908304 0.230260
v 0.498547 -0.903195 0.222937
v 0.437404 -0.897626 0.221755
v 0.376263 -0.893261 0.224615
v 0.314356 -0.890521 0.228702
v 0.251851 -0.888591 0.230290
v 0.189033 -0.886786 0.225771
v 0.125902 -0.885225 0.214062
v 0.062580 -0.884167 0.197881
v -0.000767 -0.884352 0.184104
v -0.064062 -0.886567 0.179770
v -0.127347 -0.890555 0.186140
v -0.190736 -0.895032 0.197976
v -0.254326 -0.898567 0.207989
v -0.318139 -0.900313 0.212189
v -0.382164 -0.900350 0.210351
v -0.446427 -0.899392 0.204064
v -0.511063 -0.897961 0.194649
v -0.576451 -0.896119 0.182416
v -0.643103 -0.893758 0.167276
v -0.711275 -0.890570 0.148994
v -0.781013 -0.884822 0.122311
v -0.847801 -0.875898 0.077296
v -0.905023 -0.872601 0.026467
v -0.959327 -0.880305 0.003628
v -1.014416 -0.890308 0.012791
v 1.000380 -0.874292 0.166901
v 0.945573 -0.860261 0.200942
v 0.887630 -0.847695 0.227817
v 0.825599 -0.838345 0.239043
v 0.760279 -0.833145 0.235212
v 0.692991 -0.831429 0.222047
v 0.625968 -0.830911 0.206527
v 0.561253 -0.829741 0.195558
v 0.498837 -0.828247 0.192211
v 0.437261 -0.827044 0.194673
v 0.375539 -0.826132 0.200444
v 0.313402 -0.825322 0.207365
v 0.251033 -0.824342 0.212048
v 0.188400 -0.823217 0.211079
v 0.125458 -0.822129 0.203148
v 0.062316 -0.821312 0.190406
v -0.000834 -0.821118 0.178053
v -0.063878 -0.822011 0.171798
v -0.126826 -0.823941 0.173314
v -0.189778 -0.826223 0.179165
v -0.252822 -0.828023 0.184058
v -0.315959 -0.828807 0.185059
v -0.379158 -0.828626 0.181790
v -0.442420 -0.827892 0.174938
v -0.505861 -0.826886 0.165166
v -0.569890 -0.825747 0.153145
v -0.635194 -0.824442 0.139396
v -0.702150 -0.822932 0.124582
v -0.770255 -0.821445 0.105983
v -0.836947 -0.820116 0.071097
v -0.897194 -0.821671 0.025078
v -0.953869 -0.827302 -0.003000
v -1.010893 -0.830826 -0.001936
v 0.999060 -0.799628 0.159943
v 0.942131 -0.781929 0.189268
v 0.882512 -0.767124 0.208586
v 0.820075 -0.757282 0.213599
v 0.755615 -0.751996 0.206444
v 0.690360 -0.749428 0.193380
v 0.625561 -0.748683 0.181173
v 0.562003 -0.749762 0.172796
v 0.499317 -0.752581 0.167683
v 0.436909 -0.756016 0.165170
v 0.374551 -0.758500 0.166256
v 0.312245 -0.759445 0.170619
v 0.249922 -0.759321 0.175538
v 0.187438 -0.758868 0.177193
v 0.124730 -0.758342 0.173914
v 0.061866 -0.757931 0.166936
v -0.001008 -0.757771 0.159523
v -0.063781 -0.757951 0.155063
v -0.126449 -0.758466 0.154676
v -0.189086 -0.759121 0.156514
v -0.251748 -0.759625 0.157692
v -0.314426 -0.759768 0.156730
v -0.377096 -0.759558 0.153128
v -0.439735 -0.759077 0.146608
v -0.502375 -0.758430 0.137278
v -0.565195 -0.757725 0.125612
v -0.628690 -0.756993 0.112330
v -0.693368 -0.756213 0.098390
v -0.759077 -0.755729 0.082592
v -0.824613 -0.756723 0.053461
v -0.887276 -0.760443 0.011440
v -0.947029 -0.764595 -0.020269
v -1.006471 -0.764259 -0.025648
v 0.998711 -0.720721 0.153676
v 0.940543 -0.701982 0.179352
v 0.880343 -0.687900 0.194051
v 0.818006 -0.679337 0.196772
v 0.754206 -0.674537 0.192285
v 0.690063 -0.671620 0.186331
v 0.626379 -0.670687 0.180743
v 0.563119 -0.673089 0.172375
v 0.499977 -0.678825 0.159619
v 0.436950 -0.685726 0.146177
v 0.374164 -0.691091 0.137287
v 0.311612 -0.693796 0.134766
v 0.249180 -0.694512 0.136381
v 0.186730 -0.694477 0.138286
v 0.124183 -0.694339 0.138144
v 0.061557 -0.694237 0.136127
v -0.001079 -0.694227 0.133783
v -0.063667 -0.694272 0.132522
v -0.126206 -0.694329 0.132582
v -0.188735 -0.694379 0.133158
v -0.251272 -0.694386 0.133257
v -0.313810 -0.694351 0.132044
v -0.376336 -0.694242 0.128882
v -0.438836 -0.693990 0.123404
v -0.501305 -0.693583 0.115454
v -0.563752 -0.693055 0.105006
v -0.626253 -0.692431 0.092459
v -0.689094 -0.691754 0.078761
v -0.752505 -0.691190 0.063322
v -0.816191 -0.691403 0.036015
v -0.879269 -0.693063 -0.005543
v -0.941282 -0.694957 -0.038807
v -1.002954 -0.693384 -0.045541
v 1.000067 -0.643954 0.143924
v 0.941263 -0.627435 0.165193
v 0.880589 -0.615666 0.176087
v 0.818018 -0.608114 0.178638
v 0.754342 -0.602670 0.178350
v 0.690627 -0.598299 0.178798
v 0.627291 -0.596594 0.177173
v 0.564022 -0.599793 0.167631
v 0.500669 -0.607657 0.149852
v 0.437404 -0.617132 0.129742
v 0.374391 -0.624761 0.114017
v 0.311653 -0.628879 0.106052
v 0.249095 -0.630204 0.104132
v 0.186600 -0.630361 0.104702
v 0.124098 -0.630370 0.105289
v 0.061579 -0.630384 0.105462
v -0.000942 -0.630412 0.105579
v -0.063455 -0.630436 0.105905
v -0.125964 -0.630341 0.106800
v -0.188479 -0.630032 0.108403
v -0.250999 -0.629712 0.109583
v -0.313524 -0.629645 0.108869
v -0.376046 -0.629834 0.105604
v -0.438553 -0.629999 0.100168
v -0.501034 -0.629864 0.093232
v -0.563484 -0.629453 0.084650
v -0.625903 -0.628924 0.074216
v -0.688297 -0.628319 0.062459
v -0.750717 -0.627735 0.048817
v -0.813215 -0.627466 0.024988
v -0.875839 -0.626723 -0.013258
v -0.938593 -0.625496 -0.045130
v -1.001462 -0.622196 -0.051589
v 1.000784 -0.574018 0.118419
v 0.940977 -0.561107 0.133656
v 0.879634 -0.551515 0.142310
v 0.816912 -0.544366 0.146828
v 0.753618 -0.538099 0.151019
v 0.690470 -0.532779 0.155340
v 0.627434 -0.530832 0.154698
v 0.564196 -0.534222 0.144811
v 0.500820 -0.542252 0.127096
v 0.437557 -0.552049 0.106360
v 0.374580 -0.560098 0.089210
v 0.311871 -0.564614 0.079481
v 0.249320 -0.566162 0.076151
v 0.186816 -0.566398 0.075909
v 0.124312 -0.566420 0.076298
v 0.061809 -0.566439 0.076666
v -0.000694 -0.566459 0.077070
v -0.063197 -0.566359 0.077851
v -0.125696 -0.565760 0.080377
v -0.188197 -0.564732 0.084403
v -0.250706 -0.563881 0.087548
v -0.313225 -0.563780 0.087431
v -0.375750 -0.564464 0.083372
v -0.438268 -0.565394 0.076747
v -0.500763 -0.565906 0.069591
v -0.563229 -0.565788 0.062552
v -0.625669 -0.565393 0.054684
v -0.688087 -0.564934 0.045763
v -0.750483 -0.564484 0.035374
v -0.812838 -0.564239 0.016501
v -0.875424 -0.562676 -0.014599
v -0.938354 -0.559232 -0.041682
v -1.001569 -0.554367 -0.046878
v 1.000432 -0.509142 0.082115
v 0.939473 -0.500079 0.092276
v 0.877444 -0.492728 0.100095
v 0.814970 -0.485938 0.107921
v 0.752317 -0.479691 0.114695
v 0.689673 -0.474874 0.118895
v 0.626786 -0.473416 0.117652
v 0.563564 -0.476202 0.110361
v 0.500248 -0.482460 0.097797
v 0.437160 -0.490052 0.082180
v 0.374423 -0.496469 0.067498
v 0.311928 -0.500363 0.057085
v 0.249500 -0.501992 0.051736
v 0.187044 -0.502461 0.049885
v 0.124552 -0.502555 0.049748
v 0.062049 -0.502570 0.050017
v -0.000453 -0.502572 0.050338
v -0.062951 -0.502227 0.051843
v -0.125441 -0.501037 0.056288
v -0.187929 -0.499301 0.062635
v -0.250426 -0.497961 0.067522
v -0.312939 -0.497826 0.067880
v -0.375466 -0.498957 0.063058
v -0.437993 -0.500630 0.055225
v -0.500502 -0.501852 0.047541
v -0.562986 -0.502149 0.041574
v -0.625446 -0.501914 0.036145
v -0.687890 -0.501599 0.030032
v -0.750318 -0.501291 0.022883
v -0.812697 -0.501241 0.008496
v -0.875246 -0.500229 -0.015925
v -0.938220 -0.496846 -0.037268
v -1.001458 -0.492105 -0.040229
v 1.001379 -0.443681 0.056371
v 0.939801 -0.437808 0.066106
v 0.876394 -0.433126 0.070438
v 0.813600 -0.427550 0.077482
v 0.751333 -0.422524 0.083391
v 0.688837 -0.419467 0.084478
v 0.625894 -0.418960 0.082182
v 0.562633 -0.420811 0.078511
v 0.499408 -0.424386 0.072852
v 0.436530 -0.428725 0.064104
v 0.374066 -0.432731 0.053275
v 0.311834 -0.435764 0.042360
v 0.249587 -0.437685 0.033899
v 0.187212 -0.438628 0.029380
v 0.124746 -0.438924 0.028078
v 0.062246 -0.438948 0.028189
v -0.000255 -0.438934 0.028429
v -0.062751 -0.438471 0.030238
v -0.125237 -0.437040 0.035400
v -0.187717 -0.435030 0.042558
v -0.250206 -0.433501 0.048059
v -0.312714 -0.433347 0.048643
v -0.375238 -0.434654 0.043773
v -0.437768 -0.436633 0.035933
v -0.500285 -0.438175 0.028752
v -0.562782 -0.438702 0.024202
v -0.625259 -0.438599 0.020887
v -0.687726 -0.438412 0.017141
v -0.750181 -0.438227 0.012788
v -0.812593 -0.438282 0.002322
v -0.874982 -0.438494 -0.017387
v -0.937634 -0.437245 -0.034614
v -1.000549 -0.434580 -0.035583
v 1.004850 -0.377231 0.051756
v 0.943574 -0.373073 0.066894
v 0.878010 -0.370217 0.064660
v 0.813581 -0.366445 0.064135
v 0.751033 -0.363332 0.066059
v 0.688318 -0.362144 0.063886
v 0.625176 -0.362426 0.060936
v 0.561905 -0.363322 0.059968
v 0.498831 -0.364569 0.058754
v 0.436132 -0.366419 0.053893
v 0.373831 -0.368849 0.044704
v 0.311759 -0.371513 0.032845
v 0.249636 -0.373827 0.021827
v 0.187324 -0.375169 0.015255
v 0.124879 -0.375622 0.013065
v 0.062383 -0.375666 0.012962
v -0.000118 -0.375660 0.013093
v -0.062614 -0.375316 0.014394
v -0.125102 -0.374133 0.018601
v -0.187583 -0.372399 0.024712
v -0.250070 -0.371052 0.029481
v -0.312573 -0.370912 0.030033
v -0.375092 -0.372066 0.025985
v -0.437616 -0.373794 0.019899
v -0.500130 -0.375104 0.015407
v -0.562630 -0.375533 0.013481
v -0.625120 -0.375487 0.011916
v -0.687605 -0.375407 0.009268
v -0.750084 -0.375328 0.006165
v -0.812527 -0.375435 -0.001416
v -0.874908 -0.375909 -0.018023
v -0.937298 -0.376369 -0.033382
v -0.999802 -0.376225 -0.033670
v 1.007099 -0.312355 0.050253
v 0.946460 -0.308995 0.071955
v 0.879852 -0.306837 0.067707
v 0.813947 -0.304657 0.060722
v 0.750828 -0.303133 0.060095
v 0.687715 -0.302806 0.058013
v 0.624398 -0.303034 0.056331
v 0.561279 -0.302989 0.056377
v 0.498528 -0.302977 0.054659
v 0.436095 -0.303937 0.047579
v 0.373896 -0.306023 0.036528
v 0.311835 -0.308643 0.024109
v 0.249717 -0.310949 0.013080
v 0.187404 -0.312263 0.006607
v 0.124957 -0.312688 0.004499
v 0.062461 -0.312724 0.004362
v -0.000040 -0.312726 0.004409
v -0.062539 -0.312600 0.004890
v -0.125032 -0.311951 0.007184
v -0.187520 -0.310853 0.011033
v -0.250010 -0.309947 0.014203
v -0.312510 -0.309848 0.014571
v -0.375020 -0.310623 0.012140
v -0.437531 -0.311711 0.009871
v -0.500035 -0.312429 0.010030
v -0.562532 -0.312578 0.011572
v -0.625029 -0.312549 0.011288
v -0.687527 -0.312555 0.008225
v -0.750024 -0.312575 0.004168
v -0.812492 -0.312724 -0.002583
v -0.874895 -0.313214 -0.017366
v -0.937293 -0.313740 -0.032495
v -0.999780 -0.313782 -0.034191
v 1.005054 -0.249089 0.036730
v 0.944202 -0.246766 0.059664
v 0.878785 -0.245122 0.061782
v 0.813688 -0.243746 0.059508
v 0.750154 -0.242881 0.061703
v 0.686462 -0.242605 0.063412
v 0.623018 -0.242298 0.064106
v 0.560286 -0.241702 0.062496
v 0.498165 -0.241592 0.054620
v 0.436221 -0.242823 0.040430
v 0.374180 -0.244981 0.025986
v 0.312056 -0.247201 0.014664
v 0.249838 -0.248912 0.006450
v 0.187462 -0.249793 0.002078
v 0.124991 -0.250032 0.000873
v 0.062492 -0.250043 0.000838
v -0.000008 -0.250044 0.000849
v -0.062508 -0.250034 0.000896
v -0.125006 -0.249856 0.001526
v -0.187501 -0.249417 0.003057
v -0.249996 -0.248998 0.004517
v -0.312496 -0.248949 0.004708
v -0.374997 -0.249294 0.004485
v -0.437495 -0.249691 0.006723
v -0.499990 -0.249813 0.012193
v -0.562488 -0.249724 0.017525
v -0.624990 -0.249692 0.018328
v -0.687495 -0.249768 0.013744
v -0.749998 -0.249897 0.006740
v -0.812480 -0.250104 -0.001513
v -0.874900 -0.250591 -0.015606
v -0.937301 -0.251152 -0.030862
v -0.999779 -0.251276 -0.034267
v 1.001701 -0.186492 0.022652
v 0.940133 -0.185093 0.043608
v 0.876826 -0.183833 0.054840
v 0.813027 -0.182914 0.060923
v 0.748901 -0.182278 0.068221
v 0.684495 -0.181762 0.074898
v 0.620921 -0.181218 0.077287
v 0.558693 -0.180878 0.071277
v 0.497410 -0.181404 0.054287
v 0.436226 -0.182945 0.031995
v 0.374500 -0.184801 0.014991
v 0.312306 -0.186237 0.006292
v 0.249945 -0.187092 0.002097
v 0.187492 -0.187443 0.000337
v 0.125000 -0.187502 0.000038
v 0.062500 -0.187502 0.000040
v -0.000000 -0.187502 0.000041
v -0.062500 -0.187502 0.000043
v -0.125000 -0.187496 0.000063
v -0.187500 -0.187436 0.000272
v -0.249999 -0.187347 0.000584
v -0.312498 -0.187333 0.000713
v -0.374995 -0.187382 0.002230
v -0.437490 -0.187331 0.008231
v -0.499989 -0.187125 0.018208
v -0.562495 -0.186919 0.026846
v -0.625002 -0.186860 0.028700
v -0.687506 -0.186989 0.022474
v -0.750004 -0.187224 0.012015
v -0.812486 -0.187510 0.001094
v -0.874910 -0.188016 -0.013732
v -0.937307 -0.188610 -0.029794
v -0.999774 -0.188804 -0.034994
v 1.000462 -0.124054 0.019430
v 0.938456 -0.122980 0.039150
v 0.875954 -0.122108 0.053544
v 0.812401 -0.121648 0.063082
v 0.747541 -0.121258 0.073264
v 0.682492 -0.120799 0.082806
v 0.618810 -0.120421 0.085431
v 0.557023 -0.120527 0.075466
v 0.496494 -0.121444 0.051902
v 0.436043 -0.122881 0.024665
v 0.374687 -0.124123 0.007042
v 0.312458 -0.124744 0.001377
v 0.249994 -0.124950 0.000252
v 0.187500 -0.124999 0.000006
v 0.125000 -0.125000 0.000000
v 0.062500 -0.125000 0.000000
v 0.000000 -0.125000 0.000000
v -0.062500 -0.125000 0.000000
v -0.125000 -0.125000 0.000000
v -0.187500 -0.125000 0.000000
v -0.250000 -0.125000 0.000001
v -0.312500 -0.124998 0.000088
v -0.374998 -0.124957 0.002168
v -0.437500 -0.124780 0.009896
v -0.500012 -0.124478 0.022238
v -0.562528 -0.124200 0.032925
v -0.625039 -0.124116 0.035576
v -0.687536 -0.124280 0.028530
v -0.750021 -0.124596 0.016001
v -0.812491 -0.124953 0.003146
v -0.874908 -0.125505 -0.012995
v -0.937301 -0.126133 -0.030078
v -0.999761 -0.126370 -0.036581
v 1.000419 -0.061536 0.020713
v 0.938302 -0.060609 0.039761
v 0.875835 -0.059966 0.053812
v 0.812069 -0.059853 0.062555
v 0.746828 -0.059910 0.071493
v 0.681480 -0.059825 0.079923
v 0.617761 -0.059719 0.081423
v 0.556204 -0.059958 0.070175
v 0.496043 -0.060750 0.045593
v 0.435932 -0.061718 0.019018
v 0.374743 -0.062330 0.003578
v 0.312496 -0.062491 0.000112
v 0.250000 -0.062500 0.000000
v 0.187500 -0.062500 0.000000
v 0.125000 -0.062500 0.000000
v 0.062500 -0.062500 0.000000
v 0.000000 -0.062500 0.000000
v -0.062500 -0.062500 0.000000
v -0.125000 -0.062500 0.000000
v -0.187500 -0.062500 0.000000
v -0.250000 -0.062500 0.000000
v -0.312500 -0.062500 0.000025
v -0.375001 -0.062460 0.001679
v -0.437512 -0.062274 0.008884
v -0.500033 -0.061958 0.020846
v -0.562554 -0.061675 0.031402
v -0.625061 -0.061600 0.034202
v -0.687546 -0.061789 0.027478
v -0.750014 -0.062139 0.015225
v -0.812471 -0.062525 0.002553
v -0.874884 -0.063079 -0.013274
v -0.937279 -0.063705 -0.030521
v -0.999739 -0.063953 -0.037698
v 1.000419 0.000984 0.020685
v 0.938280 0.001844 0.038544
v 0.875809 0.002372 0.050910
v 0.812169 0.002285 0.056819
v 0.747171 0.001834 0.061253
v 0.682056 0.001457 0.065207
v 0.618452 0.001286 0.064416
v 0.556874 0.001109 0.054061
v 0.496561 0.000706 0.033599
v 0.436211 0.000272 0.012869
v 0.374819 0.000046 0.001935
v 0.312499 0.000001 0.000011
v 0.250000 0.000000 0.000000
v 0.187500 0.000000 0.000000
v 0.125000 0.000000 0.000000
v 0.062500 0.000000 0.000000
v 0.000000 0.000000 0.000000
v -0.062500 0.000000 0.000000
v -0.125000 0.000000 0.000000
v -0.187500 0.000000 0.000000
v -0.250000 0.000000 0.000000
v -0.312500 0.000000 0.000004
v -0.375002 0.000023 0.000818
v -0.437512 0.000152 0.005597
v -0.500029 0.000385 0.014415
v -0.562540 0.000585 0.022533
v -0.625032 0.000603 0.024604
v -0.687500 0.000395 0.019021
v -0.749954 0.000059 0.009087
v -0.812404 -0.000286 -0.000996
v -0.874824 -0.000775 -0.014638
v -0.937231 -0.001344 -0.030726
v -0.999701 -0.001563 -0.037832
v 1.000312 0.063718 0.017894
v 0.938173 0.064164 0.033308
v 0.875759 0.064594 0.043054
v 0.812522 0.064437 0.045382
v 0.748263 0.063837 0.044472
v 0.683853 0.063224 0.043209
v 0.620541 0.062890 0.040182
v 0.558747 0.062776 0.032197
v 0.497844 0.062661 0.018617
v 0.436793 0.062546 0.006094
v 0.374931 0.062502 0.000581
v 0.312500 0.062500 0.000000
v 0.250000 0.062500 0.000000
v 0.187500 0.062500 0.000000
v 0.125000 0.062500 0.000000
v 0.062500 0.062500 0.000000
v 0.000000 0.062500 0.000000
v -0.062500 0.062500 0.000000
v -0.125000 0.062500 0.000000
v -0.187500 0.062500 0.000001
v -0.249997 0.062503 0.000144
v -0.312485 0.062512 0.000604
v -0.374973 0.062513 0.001076
v -0.437471 0.062534 0.002707
v -0.499982 0.062600 0.006492
v -0.562485 0.062648 0.010408
v -0.624953 0.062565 0.010895
v -0.687391 0.062321 0.006509
v -0.749830 0.062019 -0.000351
v -0.812283 0.061755 -0.006932
v -0.874720 0.061377 -0.017417
v -0.937145 0.060893 -0.031761
v -0.999630 0.060721 -0.038564
v 0.998814 0.133916 0.005638
v 0.937687 0.127906 0.022045
v 0.875577 0.126647 0.030679
v 0.812773 0.126392 0.030349
v 0.749348 0.125839 0.025765
v 0.685788 0.125242 0.021051
v 0.622834 0.124906 0.017235
v 0.560743 0.124839 0.012556
v 0.499098 0.124863 0.006123
v 0.437270 0.124909 0.001221
v 0.374988 0.124958 -0.000134
v 0.312499 0.124988 -0.000044
v 0.250000 0.124999 -0.000002
v 0.187500 0.125000 0.000000
v 0.125000 0.125000 0.000000
v 0.062500 0.125000 0.000000
v 0.000000 0.125000 0.000000
v -0.062500 0.125000 0.000000
v -0.125000 0.125000 0.000000
v -0.187495 0.125005 0.000240
v -0.249964 0.125035 0.001590
v -0.312410 0.125072 0.003658
v -0.374863 0.125054 0.004617
v -0.437375 0.124990 0.003880
v -0.499984 0.124957 0.002880
v -0.562582 0.124890 0.001869
v -0.625041 0.124659 -0.000403
v -0.687370 0.124254 -0.004912
v -0.749699 0.123851 -0.010220
v -0.812121 0.123611 -0.014382
v -0.874573 0.123331 -0.022325
v -0.937018 0.122952 -0.034737
v -0.999522 0.122864 -0.040726
v 0.995411 0.214488 -0.023762
v 0.936343 0.195928 -0.001102
v 0.875151 0.189078 0.013388
v 0.812710 0.188078 0.014638
v 0.749877 0.187616 0.009339
v 0.686962 0.187115 0.004201
v 0.624289 0.186817 0.001256
v 0.561961 0.186760 -0.000350
v 0.499767 0.186833 -0.001706
v 0.437451 0.186972 -0.001974
v 0.374991 0.187143 -0.001236
v 0.312502 0.187305 -0.000566
v 0.250004 0.187423 -0.000178
v 0.187502 0.187483 -0.000031
v 0.125000 0.187499 -0.000002
v 0.062500 0.187500 -0.000000
v 0.000000 0.187500 -0.000000
v -0.062500 0.187500 0.000000
v -0.124999 0.187501 0.000054
v -0.187472 0.187528 0.001247
v -0.249890 0.187602 0.004750
v -0.312275 0.187669 0.008984
v -0.374711 0.187664 0.010982
v -0.437373 0.187683 0.009725
v -0.500246 0.187732 0.005999
v -0.563056 0.187621 0.000840
v -0.625533 0.187170 -0.005194
v -0.687678 0.186424 -0.011851
v -0.749745 0.185674 -0.018161
v -0.811987 0.185241 -0.022246
v -0.874412 0.185007 -0.028425
v -0.936881 0.184797 -0.038036
v -0.999407 0.184879 -0.042168
v 0.992445 0.292536 -0.058072
v 0.934636 0.265862 -0.032383
v 0.874530 0.252307 -0.008248
v 0.812421 0.249488 -0.000241
v 0.749831 0.248958 -0.003401
v 0.687248 0.248431 -0.007269
v 0.624738 0.248087 -0.008858
v 0.562310 0.247974 -0.008634
v 0.499897 0.248056 -0.007563
v 0.437460 0.248310 -0.005896
v 0.375006 0.248686 -0.004077
v 0.312530 0.249104 -0.002449
v 0.250033 0.249478 -0.001248
v 0.187521 0.249749 -0.000545
v 0.125008 0.249899 -0.000229
v 0.062501 0.249959 -0.000110
v -0.000004 0.249970 -0.000103
v -0.062507 0.249975 -0.000108
v -0.124998 0.249994 0.000173
v -0.187443 0.250056 0.002527
v -0.249813 0.250164 0.007897
v -0.312146 0.250244 0.013766
v -0.374639 0.250309 0.016950
v -0.437594 0.250527 0.016629
v -0.500877 0.250757 0.012504
v -0.563949 0.250604 0.004849
v -0.626387 0.249826 -0.004964
v -0.688250 0.248577 -0.015214
v -0.749978 0.247325 -0.024308
v -0.811955 0.246548 -0.030176
v -0.874283 0.246312 -0.034712
v -0.936775 0.246364 -0.039982
v -0.999326 0.246724 -0.040964
v 0.991853 0.357271 -0.085514
v 0.933720 0.331627 -0.062789
v 0.873962 0.315401 -0.030944
v 0.812144 0.310642 -0.013904
v 0.749613 0.309791 -0.013945
v 0.687117 0.309031 -0.016530
v 0.624681 0.308462 -0.017412
v 0.562284 0.308166 -0.016872
v 0.499899 0.308201 -0.015180
v 0.437504 0.308564 -0.012638
v 0.375083 0.309181 -0.009692
v 0.312623 0.309933 -0.006826
v 0.250123 0.310687 -0.004433
v 0.187592 0.311333 -0.002717
v 0.125046 0.311795 -0.001707
v 0.062472 0.311991 -0.001584
v -0.000110 0.311994 -0.002025
v -0.062652 0.312002 -0.002277
v -0.125121 0.312136 -0.001529
v -0.187492 0.312401 0.002111
v -0.249795 0.312644 0.008639
v -0.312108 0.312735 0.014945
v -0.374792 0.312882 0.019044
v -0.438207 0.313294 0.020367
v -0.501972 0.313647 0.017266
v -0.565257 0.313361 0.008786
v -0.627521 0.312141 -0.004002
v -0.688945 0.310267 -0.018442
v -0.750239 0.308446 -0.031288
v -0.811975 0.307357 -0.039029
v -0.874217 0.307153 -0.041862
v -0.936725 0.307556 -0.042418
v -0.999297 0.308353 -0.039776
v 0.993377 0.410003 -0.099882
v 0.934058 0.390525 -0.083979
v 0.873753 0.376673 -0.050128
v 0.811908 0.371474 -0.026390
v 0.749350 0.370198 -0.023303
v 0.686841 0.369059 -0.025540
v 0.624474 0.368039 -0.027004
v 0.562219 0.367320 -0.027308
v 0.499965 0.367119 -0.025880
v 0.437643 0.367494 -0.022762
v 0.375261 0.368308 -0.018785
v 0.312816 0.369400 -0.014649
v 0.250305 0.370606 -0.010868
v 0.187732 0.371740 -0.007858
v 0.125027 0.372449 -0.006698
v 0.062182 0.372570 -0.007889
v -0.000646 0.372438 -0.010078
v -0.063287 0.372520 -0.011172
v -0.125687 0.373035 -0.009628
v -0.187897 0.373836 -0.004275
v -0.250011 0.374618 0.003982
v -0.312267 0.375024 0.011146
v -0.375217 0.375269 0.015937
v -0.439076 0.375695 0.018509
v -0.503198 0.375948 0.016651
v -0.566557 0.375361 0.008260
v -0.628569 0.373640 -0.006319
v -0.689548 0.371181 -0.024062
v -0.750439 0.368897 -0.040118
v -0.812003 0.367651 -0.049406
v -0.874255 0.367672 -0.051123
v -0.936795 0.368574 -0.048543
v -0.999385 0.369979 -0.043213
v 0.995946 0.456799 -0.104179
v 0.935301 0.444328 -0.096980
v 0.873936 0.435609 -0.065341
v 0.811608 0.431917 -0.037215
v 0.748838 0.430466 -0.030737
v 0.686239 0.428872 -0.033032
v 0.623972 0.427222 -0.035755
v 0.561977 0.425799 -0.038047
v 0.500019 0.425004 -0.038449
v 0.437884 0.425102 -0.035994
v 0.375557 0.425989 -0.031415
v 0.313122 0.427373 -0.026181
v 0.250586 0.429027 -0.021057
v 0.187844 0.430468 -0.017432
v 0.124730 0.431030 -0.017656
v 0.061371 0.430769 -0.021690
v -0.001883 0.430373 -0.026815
v -0.064674 0.430677 -0.029072
v -0.126931 0.431923 -0.026456
v -0.188849 0.433710 -0.018866
v -0.250672 0.435406 -0.008232
v -0.312750 0.436601 0.001485
v -0.375740 0.437222 0.008023
v -0.439752 0.437516 0.011241
v -0.503955 0.437381 0.009900
v -0.567233 0.436331 0.001773
v -0.629042 0.434147 -0.013662
v -0.689799 0.431324 -0.033410
v -0.750562 0.428909 -0.051364
v -0.812157 0.427860 -0.061529
v -0.874527 0.428333 -0.063510
v -0.937117 0.429811 -0.061133
v -0.999721 0.431918 -0.055216
v 0.998453 0.503970 -0.103367
v 0.936685 0.497342 -0.105461
v 0.874226 0.493659 -0.078486
v 0.811215 0.492101 -0.047054
v 0.748141 0.490674 -0.036735
v 0.685436 0.488570 -0.038977
v 0.623286 0.486176 -0.043268
v 0.561601 0.483854 -0.048259
v 0.500023 0.482197 -0.051596
v 0.438181 0.481714 -0.051117
v 0.375964 0.482461 -0.046837
v 0.313536 0.484040 -0.040857
v 0.250922 0.486000 -0.034874
v 0.187865 0.487458 -0.031589
v 0.124205 0.487675 -0.033770
v 0.060143 0.486760 -0.041146
v -0.003713 0.485895 -0.049352
v -0.066745 0.486413 -0.052931
v -0.128810 0.488692 -0.049051
v -0.190268 0.492012 -0.038391
v -0.251645 0.495107 -0.024582
v -0.313432 0.497275 -0.011866
v -0.376158 0.498486 -0.002870
v -0.439899 0.498744 0.001061
v -0.503869 0.498089 -0.000852
v -0.566983 0.496508 -0.009684
v -0.628768 0.494015 -0.026064
v -0.689679 0.491183 -0.046894
v -0.750727 0.489103 -0.065337
v -0.812633 0.488633 -0.075846
v -0.875195 0.489699 -0.080097
v -0.937834 0.491750 -0.081141
v -1.000443 0.494575 -0.076542
v 0.999873 0.557397 -0.104352
v 0.937346 0.554573 -0.113893
v 0.874289 0.553219 -0.090618
v 0.810884 0.552361 -0.057043
v 0.747604 0.550668 -0.043172
v 0.684831 0.548001 -0.045072
v 0.622787 0.544820 -0.051027
v 0.561361 0.541564 -0.058680
v 0.500109 0.538984 -0.065015
v 0.438540 0.537801 -0.066908
v 0.376453 0.538234 -0.063622
v 0.314027 0.539874 -0.057408
v 0.251298 0.541981 -0.051115
v 0.187930 0.543440 -0.048154
v 0.123701 0.543262 -0.051690
v 0.058873 0.541593 -0.061328
v -0.005629 0.540245 -0.071414
v -0.068920 0.541078 -0.075407
v -0.130778 0.544600 -0.069817
v -0.191722 0.549727 -0.055698
v -0.252573 0.554508 -0.038358
v -0.313966 0.557691 -0.023297
v -0.376292 0.559375 -0.012858
v -0.439524 0.559654 -0.008951
v -0.503075 0.558592 -0.012602
v -0.566053 0.556584 -0.023791
v -0.628054 0.554020 -0.041868
v -0.689491 0.551572 -0.063184
v -0.751190 0.550229 -0.081340
v -0.813600 0.550573 -0.092688
v -0.876356 0.552280 -0.100680
v -0.939064 0.555020 -0.106093
v -1.002069 0.560633 -0.105398
v 0.999984 0.618501 -0.105904
v 0.937362 0.615897 -0.120677
v 0.874320 0.613985 -0.102165
v 0.810890 0.612526 -0.068845
v 0.747566 0.610355 -0.051704
v 0.684802 0.607079 -0.052982
v 0.622833 0.603139 -0.060476
v 0.561537 0.599073 -0.070097
v 0.500442 0.595715 -0.078565
v 0.439009 0.593897 -0.082407
v 0.376991 0.593947 -0.080509
v 0.314561 0.595500 -0.074863
v 0.251753 0.597717 -0.068566
v 0.188194 0.599351 -0.065138
v 0.123536 0.599035 -0.068192
v 0.058141 0.597041 -0.077312
v -0.006834 0.595627 -0.086644
v -0.070306 0.597023 -0.089260
v -0.132003 0.601801 -0.081408
v -0.192571 0.608533 -0.064548
v -0.253060 0.614724 -0.044865
v -0.314163 0.618683 -0.028956
v -0.376127 0.620538 -0.019289
v -0.438892 0.620755 -0.017092
v -0.502076 0.619480 -0.023705
v -0.565042 0.617311 -0.038283
v -0.627470 0.614983 -0.058362
v -0.689671 0.613230 -0.080110
v -0.752171 0.612824 -0.098499
v -0.815090 0.614050 -0.111663
v -0.878039 0.616527 -0.123896
v -0.941254 0.622204 -0.135944
v -1.005238 0.633642 -0.141948
v 0.999949 0.680851 -0.101232
v 0.937394 0.677785 -0.121575
v 0.874524 0.675116 -0.110558
v 0.811297 0.672792 -0.081368
v 0.748126 0.669938 -0.062900
v 0.685463 0.666047 -0.062900
v 0.623535 0.661441 -0.071669
v 0.562220 0.656755 -0.082778
v 0.501085 0.652799 -0.093527
v 0.439618 0.650414 -0.100576
v 0.377585 0.649988 -0.102020
v 0.315147 0.651265 -0.098826
v 0.252346 0.653599 -0.093109
v 0.188791 0.655710 -0.088143
v 0.124048 0.655952 -0.087932
v 0.058505 0.654562 -0.092506
v -0.006613 0.653841 -0.097265
v -0.070159 0.656076 -0.096203
v -0.131839 0.661830 -0.085738
v -0.192359 0.669488 -0.067491
v -0.252855 0.676342 -0.047530
v -0.314004 0.680614 -0.032292
v -0.375864 0.682374 -0.024712
v -0.438365 0.682388 -0.025717
v -0.501358 0.681051 -0.035862
v -0.564461 0.679035 -0.053609
v -0.627433 0.677226 -0.075708
v -0.690432 0.676333 -0.098551
v -0.753660 0.676899 -0.118413
v -0.816985 0.679030 -0.134087
v -0.880240 0.682939 -0.149923
v -0.944033 0.691929 -0.167547
v -1.008669 0.707531 -0.177625
v 0.999770 0.744511 -0.089459
v 0.937419 0.740356 -0.117167
v 0.874814 0.736798 -0.118019
v 0.811956 0.733459 -0.098261
v 0.749093 0.729834 -0.079562
v 0.686623 0.725319 -0.078353
v 0.624735 0.720125 -0.089068
v 0.563299 0.714990 -0.102703
v 0.501959 0.710659 -0.116330
v 0.440309 0.707873 -0.126475
v 0.378184 0.707032 -0.131107
v 0.315720 0.707982 -0.130692
v 0.252976 0.710324 -0.126136
v 0.189663 0.713102 -0.120078
v 0.125299 0.714705 -0.115647
v 0.060146 0.714968 -0.113146
v -0.004721 0.715738 -0.110151
v -0.068251 0.718943 -0.103617
v -0.130163 0.725035 -0.091084
v -0.191085 0.732534 -0.073609
v -0.252009 0.739060 -0.055937
v -0.313514 0.743114 -0.043129
v -0.375623 0.744629 -0.038178
v -0.438178 0.744478 -0.042404
v -0.501222 0.743346 -0.056039
v -0.564608 0.742034 -0.076782
v -0.628156 0.741208 -0.101145
v -0.691851 0.741464 -0.126045
v -0.755635 0.743309 -0.148225
v -0.819394 0.747040 -0.165522
v -0.883091 0.753067 -0.181872
v -0.947128 0.763689 -0.199109
v -1.011554 0.779002 -0.207388
v 0.998846 0.813027 -0.078918
v 0.937154 0.805314 -0.115725
v 0.875096 0.799209 -0.132169
v 0.812627 0.794934 -0.128276
v 0.750124 0.790624 -0.116184
v 0.687904 0.785478 -0.112359
v 0.626025 0.780073 -0.122360
v 0.564277 0.775561 -0.135889
v 0.502522 0.771836 -0.147950
v 0.440616 0.768923 -0.156454
v 0.378420 0.767613 -0.160735
v 0.315956 0.768009 -0.161460
v 0.253302 0.769651 -0.159195
v 0.190354 0.772396 -0.153983
v 0.126677 0.775385 -0.146986
v 0.062292 0.777788 -0.138425
v -0.002039 0.780396 -0.127322
v -0.065479 0.784528 -0.114023
v -0.127766 0.790412 -0.099306
v -0.189348 0.796948 -0.083551
v -0.250971 0.802838 -0.069030
v -0.313107 0.806927 -0.059505
v -0.375676 0.808602 -0.057794
v -0.438533 0.808580 -0.064964
v -0.501926 0.808423 -0.081462
v -0.565806 0.808892 -0.104790
v -0.629915 0.809792 -0.131874
v -0.694064 0.811329 -0.159633
v -0.758301 0.814773 -0.183908
v -0.822659 0.821088 -0.201529
v -0.886861 0.829599 -0.216031
v -0.950656 0.839284 -0.228668
v -1.013967 0.849326 -0.231008
v 0.997479 0.884640 -0.076545
v 0.936564 0.872848 -0.121788
v 0.875243 0.863016 -0.151329
v 0.813107 0.857692 -0.161578
v 0.750856 0.853066 -0.159106
v 0.688799 0.847751 -0.156134
v 0.626810 0.842928 -0.161208
v 0.564613 0.840152 -0.169594
v 0.502257 0.838685 -0.175833
v 0.439944 0.837153 -0.179765
v 0.377631 0.835823 -0.181729
v 0.315258 0.835058 -0.182674
v 0.252897 0.834460 -0.182563
v 0.190384 0.835010 -0.179583
v 0.127385 0.837665 -0.172324
v 0.063783 0.841522 -0.161252
v 0.000058 0.845563 -0.146957
v -0.063205 0.850263 -0.130747
v -0.125788 0.855712 -0.114379
v -0.187964 0.861439 -0.098949
v -0.250360 0.867385 -0.086024
v -0.313295 0.872759 -0.078287
v -0.376436 0.876154 -0.077926
v -0.439706 0.877429 -0.086443
v -0.503514 0.878960 -0.103244
v -0.567976 0.881965 -0.126524
v -0.632654 0.885197 -0.154073
v -0.697197 0.888165 -0.183250
v -0.761790 0.893012 -0.209367
v -0.826603 0.901529 -0.227900
v -0.890942 0.910774 -0.240169
v -0.953957 0.916362 -0.247274
v -1.015769 0.918412 -0.244038
v 0.996397 0.954828 -0.077131
v 0.935929 0.940945 -0.123453
v 0.875208 0.928152 -0.157750
v 0.813312 0.922012 -0.173286
v 0.751109 0.917687 -0.175788
v 0.689055 0.912774 -0.174227
v 0.626889 0.909037 -0.175706
v 0.564174 0.909058 -0.178789
v 0.501010 0.912008 -0.179661
v 0.437933 0.914530 -0.179232
v 0.375309 0.914439 -0.179332
v 0.313202 0.911459 -0.181040
v 0.251472 0.906552 -0.183158
v 0.189673 0.902473 -0.182758
v 0.127285 0.902264 -0.177489
v 0.064241 0.905758 -0.167583
v 0.000994 0.910448 -0.154829
v -0.062044 0.915284 -0.140598
v -0.124744 0.920201 -0.125793
v -0.187364 0.925570 -0.111527
v -0.250478 0.932641 -0.099575
v -0.314212 0.941263 -0.092481
v -0.378099 0.948681 -0.092585
v -0.441998 0.953442 -0.100448
v -0.506339 0.957813 -0.115015
v -0.571366 0.963708 -0.135012
v -0.636519 0.969273 -0.159750
v -0.701277 0.973115 -0.187832
v -0.765803 0.977451 -0.214563
v -0.830295 0.984340 -0.234112
v -0.894004 0.990178 -0.245584
v -0.956035 0.989969 -0.249449
v -1.016686 0.985068 -0.243726
v 0.996153 1.020000 -0.065939
v 0.935378 1.008397 -0.104679
v 0.874756 0.995497 -0.137305
v 0.812991 0.989083 -0.153550
v 0.750814 0.985068 -0.156696
v 0.688765 0.980473 -0.154977
v 0.626425 0.977932 -0.154008
v 0.563236 0.980784 -0.152774
v 0.499450 0.987322 -0.148824
v 0.435979 0.991929 -0.144822
v 0.373324 0.991642 -0.144121
v 0.311493 0.986560 -0.147421
v 0.250184 0.978685 -0.152336
v 0.188846 0.971463 -0.155376
v 0.126835 0.968844 -0.153509
v 0.064081 0.971292 -0.146937
v 0.001081 0.975793 -0.138282
v -0.061798 0.980309 -0.128479
v -0.124527 0.984620 -0.117468
v -0.187400 0.989931 -0.105750
v -0.250927 0.998497 -0.094640
v -0.315160 1.009983 -0.087026
v -0.379544 1.020387 -0.085977
v -0.443832 1.027577 -0.091968
v -0.508410 1.033579 -0.104033
v -0.573510 1.040280 -0.121157
v -0.638611 1.045938 -0.143510
v -0.703199 1.049030 -0.170018
v -0.767337 1.051236 -0.196399
v -0.831162 1.054380 -0.216866
v -0.894193 1.056229 -0.229931
v -0.955877 1.053617 -0.235513
v -1.016349 1.047081 -0.231353
v 2.700466 -2.841140 0.411673
v 2.705956 -2.625062 0.497066
v 2.557211 -2.655394 0.449611
v 2.514181 -2.871243 0.406278
v 2.404767 -2.669719 0.444166
v 2.362565 -2.879944 0.423881
v 2.250862 -2.676808 0.449405
v 2.220169 -2.880504 0.454244
v 2.086864 -2.682856 0.446125
v 2.060175 -2.887533 0.450925
v 1.909028 -2.687538 0.436428
v 1.869985 -2.892646 0.434085
v 1.725511 -2.690538 0.425286
v 1.672149 -2.894801 0.411067
v 1.545886 -2.691372 0.420394
v 1.489230 -2.888073 0.410930
v 1.372419 -2.694070 0.416088
v 1.316184 -2.886953 0.401058
v 1.206266 -2.699851 0.413424
v 1.155023 -2.892560 0.396192
v 1.046934 -2.708126 0.407081
v 1.008642 -2.901407 0.366345
v 0.889305 -2.719138 0.404231
v 0.866891 -2.917126 0.321565
v 0.726577 -2.731009 0.422909
v 0.720628 -2.926792 0.294812
v 0.550283 -2.748789 0.483824
v 0.548819 -2.928594 0.305074
v 0.360196 -2.791770 0.631169
v 0.351551 -3.023873 0.638928
v 0.162771 -2.825583 0.742044
v 0.140976 -3.075712 0.796996
v -0.033832 -2.844194 0.797726
v -0.063645 -3.093570 0.833660
v -0.225308 -2.852567 0.818726
v -0.253624 -3.109340 0.848770
v -0.413176 -2.846538 0.796478
v -0.429553 -3.103992 0.812309
v -0.605941 -2.824353 0.710672
v -0.638590 -3.062505 0.568516
v -0.786173 -2.797636 0.637303
v -0.797298 -3.023007 0.400572
v -0.961091 -2.771352 0.589132
v -0.939546 -2.982827 0.276554
v -1.139977 -2.751564 0.564012
v -1.087197 -2.949203 0.191680
v -1.327825 -2.745689 0.554135
v -1.261819 -2.949519 0.169405
v -1.515448 -2.746361 0.529698
v -1.445553 -2.949575 0.152584
v -1.689434 -2.750921 0.470251
v -1.630947 -2.949418 0.132722
v -1.861867 -2.753388 0.402131
v -1.816799 -2.949205 0.105720
v -2.059371 -2.749240 0.363994
v -2.003450 -2.948892 0.066270
v -2.253814 -2.744314 0.299952
v -2.204052 -2.944404 0.032030
v -2.395760 -2.760515 0.096656
v -2.380253 -2.947834 -0.067854
v -2.564097 -2.763737 -0.062638
v -2.569744 -2.947169 -0.152001
v -2.754909 -2.762906 -0.168156
v -2.758279 -2.946623 -0.221093
v -2.943505 -2.762353 -0.238250
v -2.944962 -2.946306 -0.261131
v 2.758926 -2.440454 0.448711
v 2.608446 -2.458175 0.429212
v 2.451964 -2.469090 0.428622
v 2.291875 -2.475775 0.431939
v 2.124986 -2.480794 0.431798
v 1.950058 -2.485257 0.427340
v 1.770946 -2.489523 0.421633
v 1.592584 -2.493839 0.418040
v 1.417518 -2.499290 0.416817
v 1.246675 -2.506188 0.419271
v 1.079245 -2.514219 0.426437
v 0.912142 -2.523322 0.443510
v 0.741020 -2.533954 0.479091
v 0.561577 -2.549558 0.539020
v 0.374207 -2.573360 0.626286
v 0.182382 -2.594687 0.704934
v -0.010122 -2.607954 0.761572
v -0.201624 -2.612516 0.795231
v -0.392967 -2.607038 0.805652
v -0.586372 -2.592157 0.796606
v -0.779031 -2.572854 0.793587
v -0.973320 -2.553728 0.805359
v -1.172308 -2.539299 0.826655
v -1.376310 -2.533165 0.843513
v -1.581833 -2.534916 0.838685
v -1.786155 -2.544036 0.804344
v -1.957031 -2.550488 0.670649
v -2.097142 -2.552248 0.503289
v -2.244258 -2.557428 0.360090
v -2.405222 -2.572114 0.175937
v -2.561876 -2.579887 -0.021885
v -2.753318 -2.578968 -0.143165
v -2.942707 -2.578315 -0.225704
v 2.837263 -2.262141 0.355289
v 2.667812 -2.272300 0.362202
v 2.502775 -2.277133 0.376649
v 2.336063 -2.279694 0.390393
v 2.164531 -2.282096 0.398681
v 1.987862 -2.285547 0.400898
v 1.808206 -2.290585 0.398622
v 1.628664 -2.297174 0.395032
v 1.451077 -2.305196 0.392785
v 1.276450 -2.313944 0.395933
v 1.103799 -2.322666 0.407203
v 0.930870 -2.331012 0.429499
v 0.755289 -2.339315 0.467539
v 0.574427 -2.349966 0.520191
v 0.388257 -2.364192 0.581767
v 0.199333 -2.377014 0.642661
v 0.009412 -2.384668 0.696856
v -0.181355 -2.385781 0.741028
v -0.373977 -2.379613 0.777130
v -0.570037 -2.366974 0.811322
v -0.770085 -2.350784 0.853673
v -0.975229 -2.334751 0.905737
v -1.185675 -2.322730 0.958039
v -1.399337 -2.318032 0.993342
v -1.611864 -2.322785 0.992484
v -1.816487 -2.337964 0.934837
v -1.982717 -2.351731 0.758234
v -2.119711 -2.361198 0.547412
v -2.258276 -2.371977 0.358591
v -2.414501 -2.383634 0.189016
v -2.572279 -2.392639 -0.021212
v -2.754299 -2.394712 -0.158576
v -2.943208 -2.394119 -0.233583
v 2.893762 -2.094435 0.246088
v 2.718110 -2.096607 0.268380
v 2.547541 -2.092752 0.302637
v 2.375248 -2.088493 0.333148
v 2.198669 -2.086573 0.353410
v 2.018644 -2.087987 0.362558
v 1.836266 -2.093348 0.361483
v 1.654243 -2.101855 0.354469
v 1.473683 -2.112728 0.345646
v 1.295531 -2.124389 0.340926
v 1.119197 -2.135247 0.345731
v 0.943310 -2.143817 0.365192
v 0.764968 -2.150241 0.397824
v 0.583797 -2.156073 0.442432
v 0.398597 -2.163866 0.488993
v 0.211694 -2.170266 0.537463
v 0.024035 -2.172527 0.588088
v -0.165222 -2.169763 0.638524
v -0.357578 -2.161623 0.690631
v -0.554847 -2.148811 0.749003
v -0.758345 -2.133389 0.817414
v -0.968514 -2.118497 0.892330
v -1.183939 -2.107815 0.960667
v -1.400698 -2.104957 1.002143
v -1.612351 -2.112676 0.993204
v -1.809770 -2.130743 0.908776
v -1.980148 -2.149186 0.733358
v -2.127146 -2.164317 0.521693
v -2.271631 -2.180316 0.322830
v -2.425272 -2.194841 0.136601
v -2.583292 -2.205550 -0.059140
v -2.756777 -2.210269 -0.197513
v -2.944460 -2.209829 -0.253242
v 2.928771 -1.945539 0.087662
v 2.753904 -1.930745 0.154790
v 2.581378 -1.913838 0.221567
v 2.404816 -1.900811 0.273565
v 2.224404 -1.893266 0.306979
v 2.040560 -1.892332 0.321109
v 1.855399 -1.897576 0.318822
v 1.670526 -1.908020 0.304566
v 1.486974 -1.922151 0.283961
v 1.305436 -1.937727 0.263766
v 1.125809 -1.952416 0.250920
v 0.947204 -1.963534 0.254042
v 0.767090 -1.969276 0.275768
v 0.585843 -1.971401 0.310209
v 0.402735 -1.972834 0.349103
v 0.218088 -1.973196 0.387935
v 0.032794 -1.969922 0.433663
v -0.153968 -1.962503 0.486803
v -0.344363 -1.951392 0.547203
v -0.540671 -1.937319 0.617379
v -0.744491 -1.921593 0.698513
v -0.955912 -1.906733 0.784401
v -1.172524 -1.896135 0.859746
v -1.389381 -1.893449 0.903073
v -1.599580 -1.901255 0.890958
v -1.795633 -1.918368 0.805515
v -1.970983 -1.938227 0.644397
v -2.129427 -1.958547 0.454196
v -2.283701 -1.980778 0.268784
v -2.441194 -2.001694 0.090941
v -2.600071 -2.016978 -0.083770
v -2.759256 -2.025821 -0.235201
v -2.945513 -2.025562 -0.269780
v 2.941041 -1.823048 -0.128128
v 2.777268 -1.769628 0.040484
v 2.604584 -1.736453 0.150022
v 2.425682 -1.714089 0.224045
v 2.241797 -1.701298 0.267911
v 2.054817 -1.698055 0.284243
v 1.866850 -1.703396 0.277422
v 1.679278 -1.715986 0.252716
v 1.493053 -1.733672 0.216726
v 1.308651 -1.753795 0.176368
v 1.126031 -1.773797 0.137890
v 0.943637 -1.788501 0.120738
v 0.761666 -1.795780 0.122893
v 0.579729 -1.796986 0.139499
v 0.398218 -1.793660 0.164795
v 0.217948 -1.785383 0.198237
v 0.035353 -1.775870 0.240799
v -0.147688 -1.762463 0.295509
v -0.334189 -1.747521 0.359544
v -0.527319 -1.732071 0.432917
v -0.729053 -1.715839 0.518105
v -0.939651 -1.700207 0.608901
v -1.155889 -1.687819 0.688598
v -1.372198 -1.682392 0.735240
v -1.582073 -1.686566 0.727786
v -1.780406 -1.699414 0.657482
v -1.961341 -1.719973 0.521294
v -2.130985 -1.745430 0.366899
v -2.295610 -1.774238 0.208735
v -2.458634 -1.802799 0.052050
v -2.618035 -1.825015 -0.099127
v -2.773121 -1.837954 -0.225844
v -2.945992 -1.841368 -0.277315
v 2.975056 -1.635608 -0.178521
v 2.799690 -1.591051 -0.015433
v 2.623000 -1.553840 0.107945
v 2.440621 -1.526342 0.192802
v 2.253153 -1.510273 0.240559
v 2.063165 -1.505425 0.255246
v 1.872483 -1.511333 0.240971
v 1.682486 -1.526315 0.203734
v 1.493945 -1.547757 0.150730
v 1.307035 -1.572781 0.089262
v 1.121563 -1.598092 0.028290
v 0.937321 -1.616633 -0.010432
v 0.753751 -1.625911 -0.027806
v 0.570518 -1.627674 -0.030051
v 0.387866 -1.624089 -0.026584
v 0.206786 -1.613499 -0.017670
v 0.029586 -1.591962 0.019749
v -0.145905 -1.567760 0.079925
v -0.326481 -1.548325 0.148954
v -0.514468 -1.533007 0.217128
v -0.712091 -1.517283 0.299091
v -0.921325 -1.500864 0.392596
v -1.137312 -1.484706 0.477812
v -1.353519 -1.473601 0.531022
v -1.564236 -1.471425 0.536360
v -1.764791 -1.480622 0.484429
v -1.953409 -1.502311 0.392131
v -2.132963 -1.531221 0.278923
v -2.306510 -1.565508 0.153721
v -2.474095 -1.601484 0.022404
v -2.633161 -1.631072 -0.107533
v -2.784001 -1.649599 -0.219321
v -2.946133 -1.657216 -0.279525
v 2.977669 -1.455544 -0.216123
v 2.814864 -1.409284 -0.038276
v 2.637880 -1.369202 0.091024
v 2.452140 -1.338676 0.178385
v 2.261002 -1.320426 0.224979
v 2.067667 -1.314913 0.234446
v 1.874243 -1.321797 0.210839
v 1.682038 -1.339416 0.160160
v 1.491617 -1.364979 0.090026
v 1.302970 -1.394985 0.009152
v 1.115899 -1.424878 -0.069789
v 0.930383 -1.446333 -0.125002
v 0.745613 -1.456560 -0.154454
v 0.561082 -1.459143 -0.169100
v 0.376595 -1.457677 -0.184060
v 0.194358 -1.445867 -0.184890
v 0.021260 -1.412031 -0.136540
v -0.150401 -1.379158 -0.081377
v -0.324350 -1.353409 -0.033925
v -0.504054 -1.342042 -0.000913
v -0.693368 -1.329022 0.062383
v -0.902842 -1.314075 0.159979
v -1.120241 -1.291930 0.255181
v -1.337070 -1.271582 0.320139
v -1.548990 -1.266927 0.344374
v -1.752701 -1.275117 0.327850
v -1.947635 -1.294679 0.278237
v -2.134615 -1.323952 0.203601
v -2.313446 -1.362419 0.109847
v -2.483420 -1.403193 0.002161
v -2.641958 -1.438256 -0.111040
v -2.790198 -1.461764 -0.214773
v -2.946158 -1.473079 -0.279917
v 3.007228 -1.277900 -0.185541
v 2.836106 -1.227317 -0.028354
v 2.653445 -1.184908 0.093105
v 2.462445 -1.152623 0.175476
v 2.266835 -1.132807 0.217710
v 2.069770 -1.127083 0.220244
v 1.873541 -1.135383 0.186449
v 1.679382 -1.155850 0.122563
v 1.487707 -1.185694 0.036535
v 1.298288 -1.220394 -0.060276
v 1.110672 -1.253444 -0.150641
v 0.924699 -1.275282 -0.211035
v 0.739630 -1.283512 -0.237904
v 0.554539 -1.285953 -0.253330
v 0.369450 -1.286531 -0.266691
v 0.186601 -1.279660 -0.262384
v 0.015855 -1.239311 -0.208008
v -0.157682 -1.211222 -0.165615
v -0.332566 -1.191150 -0.130044
v -0.511940 -1.186600 -0.114311
v -0.693096 -1.170321 -0.079914
v -0.894817 -1.159530 -0.030613
v -1.111269 -1.124928 0.064922
v -1.326658 -1.099793 0.141726
v -1.538284 -1.087060 0.189011
v -1.744070 -1.088527 0.204198
v -1.942626 -1.103925 0.188316
v -2.132855 -1.132688 0.144010
v -2.313871 -1.171065 0.074688
v -2.484616 -1.212610 -0.014374
v -2.642685 -1.249451 -0.115352
v -2.791107 -1.275477 -0.213516
v -2.946158 -1.288943 -0.279918
v 3.047546 -1.090483 -0.133473
v 2.860079 -1.043530 -0.004409
v 2.668660 -1.001826 0.102879
v 2.471521 -0.968826 0.177842
v 2.270998 -0.948328 0.214117
v 2.070178 -0.942336 0.210557
v 1.871327 -0.952043 0.167584
v 1.675614 -0.975380 0.091748
v 1.483366 -1.009465 -0.008513
v 1.294099 -1.048639 -0.118800
v 1.106888 -1.083664 -0.214860
v 0.921506 -1.100854 -0.262228
v 0.736919 -1.104309 -0.274692
v 0.552452 -1.104790 -0.279230
v 0.368270 -1.104809 -0.279912
v 0.184145 -1.104783 -0.279873
v 0.009000 -1.080531 -0.244566
v -0.166120 -1.058434 -0.210421
v -0.344460 -1.043470 -0.187817
v -0.524285 -1.032326 -0.170900
v -0.705559 -1.017381 -0.143490
v -0.899180 -1.023456 -0.142830
v -1.108168 -0.985903 -0.064952
v -1.319119 -0.953135 0.010937
v -1.529360 -0.931515 0.072818
v -1.735557 -0.925187 0.109919
v -1.934900 -0.934962 0.116681
v -2.125582 -0.958871 0.092610
v -2.306484 -0.992893 0.040312
v -2.476752 -1.030929 -0.035361
v -2.636165 -1.065685 -0.126188
v -2.787197 -1.091370 -0.218566
v -2.946158 -1.104809 -0.279918
v 3.069914 -0.900503 -0.088460
v 2.876074 -0.860008 0.015818
v 2.679393 -0.820569 0.110849
v 2.477561 -0.787690 0.179717
v 2.273077 -0.766490 0.212562
v 2.069150 -0.760511 0.204482
v 1.868167 -0.770782 0.155868
v 1.671545 -0.796807 0.070338
v 1.479305 -0.834453 -0.041550
v 1.290875 -0.878080 -0.164929
v 1.104876 -0.916661 -0.269382
v 0.920674 -0.920674 -0.279918
v 0.736539 -0.920674 -0.279918
v 0.552404 -0.920674 -0.279918
v 0.368270 -0.920674 -0.279918
v 0.184164 -0.920599 -0.279811
v 0.001155 -0.917654 -0.275605
v -0.182383 -0.916118 -0.273366
v -0.364400 -0.910788 -0.265153
v -0.542937 -0.896472 -0.243164
v -0.721405 -0.876925 -0.210701
v -0.908257 -0.873928 -0.201285
v -1.104444 -0.854805 -0.163539
v -1.310163 -0.820964 -0.093199
v -1.518685 -0.792584 -0.021572
v -1.724185 -0.778667 0.029508
v -1.922885 -0.780997 0.050596
v -2.112233 -0.798209 0.038752
v -2.292147 -0.825094 -0.001673
v -2.462575 -0.856407 -0.066317
v -2.624119 -0.886354 -0.147863
v -2.779870 -0.909641 -0.231954
v -2.946158 -0.920674 -0.279918
v 3.075000 -0.713533 -0.070244
v 2.881011 -0.678439 0.022315
v 2.682873 -0.641462 0.110980
v 2.479048 -0.608911 0.178125
v 2.272505 -0.586993 0.211428
v 2.066778 -0.580248 0.203540
v 1.864582 -0.590620 0.152820
v 1.667539 -0.617701 0.062557
v 1.475663 -0.657127 -0.056165
v 1.288613 -0.702252 -0.185599
v 1.104809 -0.736539 -0.279918
v 0.920674 -0.736539 -0.279918
v 0.736539 -0.736539 -0.279918
v 0.552404 -0.736539 -0.279918
v 0.368270 -0.736539 -0.279918
v 0.184135 -0.736539 -0.279918
v 0.000000 -0.736539 -0.279918
v -0.184135 -0.736539 -0.279918
v -0.368270 -0.736539 -0.279918
v -0.552404 -0.736539 -0.279918
v -0.736481 -0.736280 -0.279460
v -0.919527 -0.728559 -0.265174
v -1.102895 -0.718327 -0.246599
v -1.299803 -0.689774 -0.187890
v -1.505462 -0.657426 -0.109646
v -1.709128 -0.637880 -0.049965
v -1.905732 -0.634433 -0.021585
v -2.093825 -0.644310 -0.024349
v -2.273131 -0.663277 -0.055620
v -2.444561 -0.686835 -0.110286
v -2.609186 -0.711020 -0.182055
v -2.771142 -0.730081 -0.252762
v -2.946158 -0.736539 -0.279918
v 3.066796 -0.531520 -0.074647
v 2.874977 -0.499623 0.012580
v 2.678439 -0.464431 0.100801
v 2.475616 -0.431944 0.171648
v 2.269259 -0.409033 0.210047
v 2.063347 -0.401060 0.206593
v 1.860973 -0.410503 0.158474
v 1.663849 -0.436787 0.069113
v 1.472535 -0.475827 -0.050542
v 1.286548 -0.519327 -0.179928
v 1.104809 -0.552404 -0.279918
v 0.920674 -0.552404 -0.279918
v 0.736539 -0.552404 -0.279918
v 0.552404 -0.552404 -0.279918
v 0.368270 -0.552404 -0.279918
v 0.184135 -0.552404 -0.279918
v 0.000000 -0.552404 -0.279918
v -0.184135 -0.552404 -0.279918
v -0.368270 -0.552404 -0.279918
v -0.552404 -0.552404 -0.279918
v -0.736539 -0.552404 -0.279918
v -0.920674 -0.552404 -0.279918
v -1.104809 -0.552404 -0.279918
v -1.289426 -0.550751 -0.276286
v -1.490157 -0.517500 -0.195783
v -1.690750 -0.494990 -0.132419
v -1.884844 -0.487671 -0.100939
v -2.071584 -0.492137 -0.099134
v -2.251722 -0.503794 -0.121218
v -2.424630 -0.520640 -0.167747
v -2.592472 -0.539261 -0.229573
v -2.763197 -0.551371 -0.275801
v -2.946158 -0.552404 -0.279918
v 3.041554 -0.353604 -0.111745
v 2.858368 -0.322718 -0.014428
v 2.667470 -0.288645 0.080715
v 2.468143 -0.255957 0.159677
v 2.263967 -0.231856 0.206838
v 2.059375 -0.222280 0.211297
v 1.857813 -0.230158 0.169184
v 1.661075 -0.254731 0.084460
v 1.470011 -0.291878 -0.032094
v 1.284449 -0.332827 -0.159529
v 1.104638 -0.367560 -0.277204
v 0.920674 -0.368270 -0.279918
v 0.736539 -0.368270 -0.279918
v 0.552404 -0.368270 -0.279918
v 0.368270 -0.368270 -0.279918
v 0.184135 -0.368270 -0.279918
v 0.000000 -0.368270 -0.279918
v -0.184135 -0.368270 -0.279918
v -0.368270 -0.368270 -0.279918
v -0.552404 -0.368270 -0.279918
v -0.736539 -0.368270 -0.279918
v -0.920674 -0.368270 -0.279918
v -1.104809 -0.368270 -0.279918
v -1.288943 -0.368270 -0.279918
v -1.475310 -0.363950 -0.266139
v -1.672280 -0.342986 -0.208499
v -1.863173 -0.335866 -0.182173
v -2.048486 -0.337942 -0.181367
v -2.230115 -0.344205 -0.196191
v -2.404837 -0.355972 -0.235363
v -2.578470 -0.367596 -0.277458
v -2.762023 -0.368270 -0.279918
v -2.946158 -0.368270 -0.279918
v 3.008493 -0.173457 -0.151591
v 2.837194 -0.145395 -0.048213
v 2.652961 -0.112719 0.053724
v 2.458397 -0.079911 0.141946
v 2.257745 -0.054806 0.199012
v 2.055655 -0.043782 0.212568
v 1.855705 -0.049999 0.177952
v 1.659858 -0.072924 0.098599
v 1.468693 -0.107641 -0.012055
v 1.282428 -0.144988 -0.130972
v 1.100511 -0.172992 -0.227292
v 0.920674 -0.184135 -0.279918
v 0.736539 -0.184135 -0.279918
v 0.552404 -0.184135 -0.279918
v 0.368270 -0.184135 -0.279918
v 0.184135 -0.184135 -0.279918
v 0.000000 -0.184135 -0.279918
v -0.184135 -0.184135 -0.279918
v -0.368270 -0.184135 -0.279918
v -0.552404 -0.184135 -0.279918
v -0.736539 -0.184135 -0.279918
v -0.920674 -0.184135 -0.279918
v -1.104809 -0.184135 -0.279918
v -1.288943 -0.184135 -0.279918
v -1.473102 -0.184090 -0.279776
v -1.657298 -0.183970 -0.279391
v -1.845969 -0.178284 -0.259011
v -2.026501 -0.182960 -0.275336
v -2.209646 -0.184105 -0.279799
v -2.393753 -0.184135 -0.279918
v -2.577887 -0.184135 -0.279918
v -2.762023 -0.184135 -0.279918
v -2.946158 -0.184135 -0.279918
v 2.993786 0.009157 -0.172810
v 2.818523 0.032846 -0.084396
v 2.637855 0.064206 0.020646
v 2.447940 0.096807 0.116052
v 2.251553 0.122252 0.181249
v 2.052765 0.134195 0.203134
v 1.854915 0.129713 0.177237
v 1.660233 0.108105 0.102675
v 1.469511 0.074541 -0.005801
v 1.283070 0.038602 -0.123958
v 1.100612 0.011853 -0.222504
v 0.920674 0.000000 -0.279918
v 0.736539 0.000000 -0.279918
v 0.552404 0.000000 -0.279918
v 0.368270 0.000000 -0.279918
v 0.184135 0.000000 -0.279918
v 0.000000 0.000000 -0.279918
v -0.184135 0.000000 -0.279918
v -0.368270 0.000000 -0.279918
v -0.552404 0.000000 -0.279918
v -0.736539 0.000000 -0.279918
v -0.920674 0.000000 -0.279918
v -1.104809 0.000000 -0.279918
v -1.288943 0.000000 -0.279918
v -1.473079 0.000000 -0.279918
v -1.657212 0.000000 -0.279918
v -1.841348 0.000000 -0.279918
v -2.025482 0.000000 -0.279918
v -2.209618 0.000000 -0.279918
v -2.393753 0.000000 -0.279918
v -2.577887 0.000000 -0.279918
v -2.762023 0.000000 -0.279918
v -2.946158 0.000000 -0.279918
v 2.949622 0.184920 -0.270870
v 2.795541 0.210156 -0.139015
v 2.622475 0.241578 -0.021453
v 2.437751 0.274449 0.081690
v 2.245692 0.300062 0.153023
v 2.050361 0.312239 0.180297
v 1.854975 0.308387 0.159240
v 1.661588 0.288440 0.091225
v 1.471584 0.255304 -0.016679
v 1.285609 0.218789 -0.139609
v 1.103592 0.190112 -0.252322
v 0.920674 0.184135 -0.279918
v 0.736539 0.184135 -0.279918
v 0.552404 0.184135 -0.279918
v 0.368270 0.184135 -0.279918
v 0.184135 0.184135 -0.279918
v 0.000000 0.184135 -0.279918
v -0.184135 0.184135 -0.279918
v -0.368270 0.184135 -0.279918
v -0.552404 0.184135 -0.279918
v -0.736539 0.184135 -0.279918
v -0.920674 0.184135 -0.279918
v -1.104809 0.184135 -0.279918
v -1.288943 0.184135 -0.279918
v -1.473079 0.184135 -0.279918
v -1.657212 0.184135 -0.279918
v -1.841348 0.184135 -0.279918
v -2.025482 0.184135 -0.279918
v -2.209618 0.184135 -0.279918
v -2.393753 0.184135 -0.279918
v -2.577887 0.184135 -0.279918
v -2.762023 0.184135 -0.279918
v -2.946158 0.184135 -0.279918
v 2.946163 0.368274 -0.279891
v 2.782549 0.388627 -0.179007
v 2.609744 0.418721 -0.067867
v 2.428037 0.451719 0.036539
v 2.239625 0.477250 0.110241
v 2.047533 0.489359 0.140461
v 1.854500 0.486310 0.124176
v 1.662575 0.468043 0.062417
v 1.473349 0.435710 -0.041909
v 1.287648 0.398645 -0.163705
v 1.104609 0.371289 -0.266907
v 0.920674 0.368270 -0.279918
v 0.736539 0.368270 -0.279918
v 0.552404 0.368270 -0.279918
v 0.368270 0.368270 -0.279918
v 0.184135 0.368270 -0.279918
v 0.000000 0.368270 -0.279918
v -0.184135 0.368270 -0.279918
v -0.368270 0.368270 -0.279918
v -0.552404 0.368270 -0.279918
v -0.736539 0.368270 -0.279918
v -0.920674 0.368270 -0.279918
v -1.104809 0.368270 -0.279918
v -1.288943 0.368270 -0.279918
v -1.473079 0.368270 -0.279918
v -1.657212 0.368270 -0.279918
v -1.841348 0.368270 -0.279918
v -2.025482 0.368270 -0.279918
v -2.209618 0.368270 -0.279918
v -2.393753 0.368270 -0.279918
v -2.577887 0.368270 -0.279918
v -2.762023 0.368270 -0.279918
v -2.946158 0.368270 -0.279918
v 2.946158 0.552404 -0.279918
v 2.773021 0.566392 -0.217436
v 2.598246 0.593938 -0.121479
v 2.417953 0.626518 -0.021473
v 2.232299 0.651573 0.050659
v 2.043072 0.663313 0.081322
v 1.852359 0.661097 0.069254
v 1.662059 0.644881 0.014831
v 1.473840 0.614752 -0.080215
v 1.288639 0.577532 -0.195770
v 1.104846 0.553720 -0.275148
v 0.920674 0.552404 -0.279918
v 0.736539 0.552404 -0.279918
v 0.552404 0.552404 -0.279918
v 0.368270 0.552404 -0.279918
v 0.184135 0.552404 -0.279918
v 0.000000 0.552404 -0.279918
v -0.184135 0.552404 -0.279918
v -0.368270 0.552404 -0.279918
v -0.552404 0.552404 -0.279918
v -0.736539 0.552404 -0.279918
v -0.920674 0.552404 -0.279918
v -1.104809 0.552404 -0.279918
v -1.288943 0.552404 -0.279918
v -1.473079 0.552404 -0.279918
v -1.657212 0.552404 -0.279918
v -1.841348 0.552404 -0.279918
v -2.025482 0.552404 -0.279918
v -2.209618 0.552404 -0.279918
v -2.393753 0.552404 -0.279918
v -2.577887 0.552404 -0.279918
v -2.762023 0.552404 -0.279918
v -2.946158 0.552404 -0.279918
v 2.946158 0.736539 -0.279918
v 2.765790 0.743401 -0.253318
v 2.587960 0.766439 -0.179211
v 2.407492 0.797259 -0.089598
v 2.223406 0.821033 -0.023322
v 2.036508 0.831923 0.005314
v 1.848134 0.830247 -0.003290
v 1.659764 0.816671 -0.047526
v 1.472937 0.790227 -0.127444
v 1.288539 0.755066 -0.228119
v 1.104775 0.737896 -0.276241
v 0.920674 0.736539 -0.279918
v 0.736539 0.736539 -0.279918
v 0.552404 0.736539 -0.279918
v 0.368270 0.736539 -0.279918
v 0.184135 0.736539 -0.279918
v 0.000000 0.736539 -0.279918
v -0.184135 0.736539 -0.279918
v -0.368270 0.736539 -0.279918
v -0.552404 0.736539 -0.279918
v -0.736539 0.736539 -0.279918
v -0.920674 0.736539 -0.279918
v -1.104809 0.736539 -0.279918
v -1.288943 0.736539 -0.279918
v -1.473079 0.736539 -0.279918
v -1.657212 0.736539 -0.279918
v -1.841348 0.736539 -0.279918
v -2.025482 0.736539 -0.279918
v -2.209618 0.736539 -0.279918
v -2.393753 0.736539 -0.279918
v -2.577887 0.736539 -0.279918
v -2.762023 0.736539 -0.279918
v -2.946158 0.736539 -0.279918
v 2.946158 0.920674 -0.279918
v 2.762626 0.923310 -0.271807
v 2.580623 0.938085 -0.229754
v 2.398471 0.964404 -0.158720
v 2.214653 0.985316 -0.103242
v 2.029304 0.994407 -0.079492
v 1.843084 0.992634 -0.085818
v 1.656829 0.981642 -0.118690
v 1.471688 0.960909 -0.176879
v 1.288313 0.933569 -0.247739
v 1.104732 0.922045 -0.276585
v 0.920673 0.920683 -0.279896
v 0.736539 0.920674 -0.279918
v 0.552404 0.920674 -0.279918
v 0.368270 0.920674 -0.279918
v 0.184135 0.920674 -0.279918
v 0.000000 0.920674 -0.279918
v -0.184135 0.920674 -0.279918
v -0.368270 0.920674 -0.279918
v -0.552404 0.920674 -0.279918
v -0.736539 0.920674 -0.279918
v -0.920674 0.920674 -0.279918
v -1.104809 0.920674 -0.279918
v -1.288943 0.920674 -0.279918
v -1.473079 0.920674 -0.279918
v -1.657212 0.920674 -0.279918
v -1.841348 0.920674 -0.279918
v -2.025482 0.920674 -0.279918
v -2.209618 0.920674 -0.279918
v -2.393753 0.920674 -0.279918
v -2.577887 0.920674 -0.279918
v -2.762023 0.920674 -0.279918
v -2.946158 0.920674 -0.279918
v 2.946158 1.104809 -0.279918
v 2.762071 1.105963 -0.276892
v 2.578074 1.112933 -0.259135
v 2.393921 1.130325 -0.215761
v 2.209411 1.146766 -0.174927
v 2.024718 1.153266 -0.158282
v 1.840041 1.151103 -0.163282
v 1.655495 1.142762 -0.185003
v 1.471659 1.128751 -0.220750
v 1.288424 1.112527 -0.261013
v 1.104737 1.105816 -0.277461
v 0.920672 1.104828 -0.279871
v 0.736539 1.104809 -0.279918
v 0.552404 1.104809 -0.279918
v 0.368270 1.104809 -0.279918
v 0.184135 1.104809 -0.279918
v 0.000000 1.104809 -0.279918
v -0.184135 1.104809 -0.279918
v -0.368270 1.104809 -0.279918
v -0.552404 1.104809 -0.279918
v -0.736539 1.104809 -0.279918
v -0.920674 1.104809 -0.279918
v -1.104809 1.104809 -0.279918
v -1.288943 1.104809 -0.279918
v -1.473079 1.104809 -0.279918
v -1.657212 1.104809 -0.279918
v -1.841348 1.104809 -0.279918
v -2.025482 1.104809 -0.279918
v -2.209618 1.104809 -0.279918
v -2.393753 1.104809 -0.279918
v -2.577887 1.104809 -0.279918
v -2.762023 1.104809 -0.279918
v -2.946158 1.104809 -0.279918
v 2.946158 1.288943 -0.279918
v 2.762010 1.289294 -0.279048
v 2.577775 1.292346 -0.271515
v 2.393281 1.300636 -0.251291
v 2.208677 1.309819 -0.228865
v 2.024275 1.313357 -0.219874
v 1.840048 1.311964 -0.222978
v 1.656015 1.307271 -0.234556
v 1.472266 1.300100 -0.252361
v 1.288656 1.292656 -0.270744
v 1.104765 1.289488 -0.278568
v 0.920672 1.288962 -0.279870
v 0.736539 1.288943 -0.279918
v 0.552404 1.288943 -0.279918
v 0.368270 1.288943 -0.279918
v 0.184135 1.288943 -0.279918
v 0.000000 1.288943 -0.279918
v -0.184135 1.288943 -0.279918
v -0.368270 1.288943 -0.279918
v -0.552404 1.288943 -0.279918
v -0.736539 1.288943 -0.279918
v -0.920674 1.288943 -0.279918
v -1.104809 1.288943 -0.279918
v -1.288943 1.288943 -0.279918
v -1.473079 1.288943 -0.279918
v -1.657212 1.288943 -0.279918
v -1.841348 1.288943 -0.279918
v -2.025482 1.288943 -0.279918
v -2.209618 1.288943 -0.279918
v -2.393753 1.288943 -0.279918
v -2.577887 1.288943 -0.279918
v -2.762023 1.288943 -0.279918
v -2.946158 1.288943 -0.279918
v 2.946158 1.473079 -0.279918
v 2.762008 1.473272 -0.279403
v 2.577785 1.474476 -0.276310
v 2.393466 1.477508 -0.268922
v 2.209127 1.480693 -0.261288
v 2.024889 1.482171 -0.257579
v 1.840759 1.481637 -0.258770
v 1.656718 1.479741 -0.263408
v 1.472768 1.476995 -0.270196
v 1.288837 1.474370 -0.276702
v 1.104792 1.473270 -0.279438
v 0.920673 1.473087 -0.279897
v 0.736539 1.473079 -0.279918
v 0.552404 1.473079 -0.279918
v 0.368270 1.473079 -0.279918
v 0.184135 1.473079 -0.279918
v 0.000000 1.473079 -0.279918
v -0.184135 1.473079 -0.279918
v -0.368270 1.473079 -0.279918
v -0.552404 1.473079 -0.279918
v -0.736539 1.473079 -0.279918
v -0.920674 1.473079 -0.279918
v -1.104809 1.473079 -0.279918
v -1.288943 1.473079 -0.279918
v -1.473079 1.473079 -0.279918
v -1.657212 1.473079 -0.279918
v -1.841348 1.473079 -0.279918
v -2.025482 1.473079 -0.279918
v -2.209618 1.473079 -0.279918
v -2.393754 1.473076 -0.279887
v -2.577891 1.473071 -0.279842
v -2.762024 1.473075 -0.279878
v -2.946158 1.473079 -0.279918
v 2.946158 1.657212 -0.279918
v 2.761725 1.656894 -0.278207
v 2.577042 1.656913 -0.275513
v 2.392582 1.657999 -0.272628
v 2.208695 1.659538 -0.271063
v 2.025095 1.660153 -0.272016
v 1.841163 1.659603 -0.273980
v 1.657064 1.659090 -0.275252
v 1.472989 1.658291 -0.277229
v 1.288914 1.657561 -0.279047
v 1.104804 1.657263 -0.279792
v 0.920675 1.657220 -0.279889
v 0.736583 1.657188 -0.279650
v 0.552582 1.657105 -0.278772
v 0.368585 1.657020 -0.277564
v 0.184460 1.657007 -0.276757
v 0.000196 1.657071 -0.276917
v -0.184088 1.657151 -0.277867
v -0.368280 1.657202 -0.279323
v -0.552404 1.657212 -0.279918
v -0.736549 1.657212 -0.279808
v -0.920681 1.657213 -0.279841
v -1.104813 1.657213 -0.279883
v -1.288945 1.657213 -0.279906
v -1.473079 1.657213 -0.279915
v -1.657212 1.657212 -0.279914
v -1.841347 1.657208 -0.279884
v -2.025485 1.657187 -0.279702
v -2.209634 1.657135 -0.279175
v -2.393782 1.657119 -0.278965
v -2.577912 1.657148 -0.279231
v -2.762035 1.657183 -0.279598
v -2.946158 1.657212 -0.279918
v 2.946158 1.841348 -0.279918
v 2.760045 1.838099 -0.268999
v 2.573651 1.836154 -0.262279
v 2.388390 1.836429 -0.261261
v 2.205194 1.838503 -0.265687
v 2.023171 1.840679 -0.272003
v 1.840854 1.841799 -0.277159
v 1.657164 1.841759 -0.278842
v 1.473057 1.841591 -0.279306
v 1.288934 1.841452 -0.279652
v 1.104816 1.841376 -0.279742
v 0.920795 1.841284 -0.279132
v 0.736975 1.841089 -0.277055
v 0.553268 1.840832 -0.273477
v 0.369424 1.840643 -0.269182
v 0.185211 1.840629 -0.265373
v 0.000613 1.840781 -0.263274
v -0.184153 1.840995 -0.263300
v -0.368743 1.841183 -0.265957
v -0.553001 1.841302 -0.270195
v -0.737007 1.841354 -0.274335
v -0.920935 1.841362 -0.277325
v -1.104918 1.841356 -0.278954
v -1.288980 1.841350 -0.279621
v -1.473088 1.841344 -0.279797
v -1.657209 1.841311 -0.279629
v -1.841342 1.841198 -0.278734
v -2.025515 1.841011 -0.276867
v -2.209710 1.840874 -0.275162
v -2.393867 1.840933 -0.275523
v -2.577980 1.841079 -0.276964
v -2.762070 1.841227 -0.278546
v -2.946158 1.841348 -0.279918
v 2.946158 2.025482 -0.279918
v 2.756372 2.015010 -0.241553
v 2.566994 2.010387 -0.225553
v 2.380534 2.010872 -0.228076
v 2.198011 2.014746 -0.241827
v 2.018009 2.019553 -0.258372
v 1.838159 2.023327 -0.271548
v 1.656939 2.025406 -0.279172
v 1.472997 2.025499 -0.279595
v 1.288898 2.025484 -0.279630
v 1.104888 2.025417 -0.279120
v 0.921113 2.025212 -0.276934
v 0.737609 2.024852 -0.272139
v 0.554158 2.024447 -0.264634
v 0.370351 2.024187 -0.255249
v 0.185791 2.024209 -0.245696
v 0.000480 2.024475 -0.238439
v -0.185080 2.024843 -0.236051
v -0.370285 2.025205 -0.240147
v -0.554687 2.025458 -0.249646
v -0.738352 2.025563 -0.260912
v -0.921737 2.025560 -0.270284
v -1.105304 2.025527 -0.275830
v -1.289131 2.025494 -0.278398
v -1.473125 2.025414 -0.278889
v -1.657183 2.025144 -0.277153
v -1.841335 2.024626 -0.272453
v -2.025594 2.024155 -0.266848
v -2.209854 2.024079 -0.264981
v -2.394032 2.024345 -0.267141
v -2.578112 2.024761 -0.271482
v -2.762140 2.025155 -0.275977
v -2.946158 2.025482 -0.279918
v 2.946472 2.209588 -0.275426
v 2.752457 2.186914 -0.187807
v 2.559271 2.181498 -0.166792
v 2.371346 2.183654 -0.178583
v 2.189690 2.190184 -0.206799
v 2.011824 2.197888 -0.237143
v 1.834313 2.204166 -0.260492
v 1.654869 2.207959 -0.274119
v 1.472284 2.209072 -0.277879
v 1.288672 2.209383 -0.278800
v 1.104940 2.209383 -0.277919
v 0.921424 2.209123 -0.274260
v 0.738151 2.208671 -0.266740
v 0.554807 2.208197 -0.254967
v 0.370801 2.207934 -0.239683
v 0.185641 2.208003 -0.223130
v -0.000606 2.208341 -0.208688
v -0.187287 2.208833 -0.200818
v -0.373354 2.209385 -0.204609
v -0.557879 2.209781 -0.219861
v -0.740863 2.209911 -0.240416
v -0.923298 2.209852 -0.258494
v -1.106087 2.209742 -0.270156
v -1.289445 2.209609 -0.275662
v -1.473173 2.209251 -0.275635
v -1.657103 2.208387 -0.269127
v -1.841282 2.207271 -0.257650
v -2.025629 2.206669 -0.248654
v -2.209994 2.206739 -0.247000
v -2.394222 2.207361 -0.252619
v -2.578276 2.208203 -0.262114
v -2.762230 2.208975 -0.271606
v -2.946158 2.209618 -0.279918
v 2.958980 2.329918 -0.075668
v 2.750663 2.346529 -0.078865
v 2.552258 2.352392 -0.090523
v 2.363120 2.358747 -0.123995
v 2.183009 2.368102 -0.171998
v 2.007137 2.377970 -0.216996
v 1.831344 2.385885 -0.249897
v 1.652993 2.390616 -0.268159
v 1.471451 2.392564 -0.275405
v 1.288378 2.393250 -0.277693
v 1.104911 2.393374 -0.276920
v 0.921543 2.393144 -0.272540
v 0.738328 2.392701 -0.263446
v 0.554885 2.392254 -0.248864
v 0.370536 2.392025 -0.229212
v 0.184724 2.392099 -0.206049
v -0.002593 2.392421 -0.181883
v -0.190821 2.392949 -0.163301
v -0.378235 2.393756 -0.163352
v -0.562891 2.394335 -0.184370
v -0.744580 2.394446 -0.216519
v -0.925403 2.394235 -0.245399
v -1.107085 2.393982 -0.263833
v -1.289818 2.393647 -0.271864
v -1.473173 2.392845 -0.269790
v -1.656906 2.391282 -0.256342
v -1.841009 2.389630 -0.237136
v -2.025416 2.388976 -0.224661
v -2.209958 2.389224 -0.223143
v -2.394310 2.390290 -0.233784
v -2.578381 2.391629 -0.250611
v -2.762294 2.392797 -0.266465
v -2.946158 2.393753 -0.279918
v 2.954599 2.506208 0.056601
v 2.743887 2.524551 0.014180
v 2.544871 2.533846 -0.025604
v 2.356260 2.541081 -0.082953
v 2.180433 2.551981 -0.154953
v 2.006489 2.562183 -0.210391
v 1.831014 2.569901 -0.246751
v 1.652611 2.574466 -0.266147
v 1.471210 2.576516 -0.274446
v 1.288271 2.577307 -0.277331
v 1.104842 2.577500 -0.276924
v 0.921413 2.577343 -0.272965
v 0.738037 2.576999 -0.264441
v 0.554359 2.576652 -0.250436
v 0.369725 2.576469 -0.230438
v 0.183530 2.576485 -0.203225
v -0.004803 2.576653 -0.167242
v -0.195372 2.576918 -0.125318
v -0.385441 2.578307 -0.115838
v -0.570458 2.579230 -0.144899
v -0.749345 2.579221 -0.194770
v -0.927406 2.578655 -0.236427
v -1.107821 2.578203 -0.260236
v -1.290020 2.577699 -0.269417
v -1.473081 2.576632 -0.265319
v -1.656551 2.574697 -0.246699
v -1.840268 2.572557 -0.219314
v -2.024676 2.571714 -0.200464
v -2.209596 2.572011 -0.196928
v -2.394206 2.573595 -0.214486
v -2.578346 2.575420 -0.241471
v -2.762284 2.576816 -0.263218
v -2.946158 2.577887 -0.279918
v 2.933019 2.697004 0.151085
v 2.730463 2.719007 0.077222
v 2.535851 2.728046 0.019016
v 2.346715 2.729774 -0.060611
v 2.184275 2.743219 -0.174516
v 2.011935 2.751644 -0.229076
v 1.834431 2.756855 -0.256822
v 1.654159 2.759789 -0.270424
v 1.471831 2.761116 -0.276159
v 1.288486 2.761640 -0.278198
v 1.104802 2.761782 -0.278074
v 0.921091 2.761705 -0.275709
v 0.737384 2.761516 -0.270441
v 0.553451 2.761322 -0.261489
v 0.368847 2.761208 -0.247607
v 0.182963 2.761164 -0.224600
v -0.005458 2.761037 -0.177376
v -0.200201 2.759820 -0.075806
v -0.396815 2.763201 -0.047809
v -0.583331 2.764871 -0.095166
v -0.754746 2.764431 -0.183339
v -0.927504 2.762903 -0.241483
v -1.107386 2.762316 -0.264449
v -1.289766 2.761869 -0.271783
v -1.472976 2.761019 -0.267792
v -1.656286 2.759347 -0.250153
v -1.838738 2.756451 -0.211849
v -2.023024 2.755112 -0.178452
v -2.208997 2.755009 -0.165256
v -2.394059 2.757588 -0.196003
v -2.578174 2.760014 -0.241933
v -2.762186 2.761234 -0.265954
v -2.946158 2.762023 -0.279918
v 2.896873 2.914482 0.040245
v 2.712229 2.930823 0.106881
v 2.526738 2.935965 0.060213
v 2.316629 2.912808 -0.026306
v 2.203130 2.943597 -0.267527
v 2.025482 2.946158 -0.279918
v 1.841348 2.946158 -0.279918
v 1.657213 2.946158 -0.279918
v 1.473079 2.946158 -0.279918
v 1.288943 2.946158 -0.279918
v 1.104809 2.946158 -0.279918
v 0.920674 2.946158 -0.279918
v 0.736539 2.946158 -0.279918
v 0.552404 2.946158 -0.279918
v 0.368270 2.946158 -0.279918
v 0.184135 2.946158 -0.279918
v -0.000115 2.946641 -0.254660
v -0.202864 2.938129 0.032826
v -0.417550 2.949701 0.082785
v -0.610627 2.952481 -0.012503
v -0.758567 2.950626 -0.204261
v -0.920674 2.946158 -0.279918
v -1.104809 2.946158 -0.279918
v -1.288943 2.946158 -0.279918
v -1.473079 2.946158 -0.279918
v -1.657212 2.946158 -0.279918
v -1.835396 2.940688 -0.217283
v -2.019415 2.938805 -0.152543
v -2.208944 2.936473 -0.102706
v -2.394511 2.942449 -0.171021
v -2.577868 2.946123 -0.268365
v -2.762023 2.946158 -0.279918
v -2.946158 2.946158 -0.279918

# UV coordinates
vt 0.000000 0.000000
vt 0.000000 0.031250
vt 0.031250 0.031250
vt 0.031250 0.000000
vt 0.062500 0.031250
vt 0.062500 0.000000
vt 0.093750 0.031250
vt 0.093750 0.000000
vt 0.125000 0.031250
vt 0.125000 0.000000
vt 0.156250 0.031250
vt 0.156250 0.000000
vt 0.187500 0.031250
vt 0.187500 0.000000
vt 0.218750 0.031250
vt 0.218750 0.000000
vt 0.250000 0.031250
vt 0.250000 0.000000
vt 0.281250 0.031250
vt 0.281250 0.000000
vt 0.312500 0.031250
vt 0.312500 0.000000
vt 0.343750 0.031250
vt 0.343750 0.000000
vt 0.375000 0.031250
vt 0.375000 0.000000
vt 0.406250 0.031250
vt 0.406250 0.000000
vt 0.437500 0.031250
vt 0.437500 0.000000
vt 0.468750 0.031250
vt 0.468750 0.000000
vt 0.500000 0.031250
vt 0.500000 0.000000
vt 0.531250 0.031250
vt 0.531250 0.000000
vt 0.562500 0.031250
vt 0.562500 0.000000
vt 0.593750 0.031250
vt 0.593750 0.000000
vt 0.625000 0.031250
vt 0.625000 0.000000
vt 0.656250 0.031250
vt 0.656250 0.000000
vt 0.687500 0.031250
vt 0.687500 0.000000
vt 0.718750 0.031250
vt 0.718750 0.000000
vt 0.750000 0.031250
vt 0.750000 0.000000
vt 0.781250 0.031250
vt 0.781250 0.000000
vt 0.812500 0.031250
vt 0.812500 0.000000
vt 0.843750 0.031250
vt 0.843750 0.000000
vt 0.875000 0.031250
vt 0.875000 0.000000
vt 0.906250 0.031250
vt 0.906250 0.000000
vt 0.937500 0.031250
vt 0.937500 0.000000
vt 0.968750 0.031250
vt 0.968750 0.000000
vt 1.000000 0.031250
vt 1.000000 0.000000
vt 0.000000 0.062500
vt 0.031250 0.062500
vt 0.062500 0.062500
vt 0.093750 0.062500
vt 0.125000 0.062500
vt 0.156250 0.062500
vt 0.187500 0.062500
vt 0.218750 0.062500
vt 0.250000 0.062500
vt 0.281250 0.062500
vt 0.312500 0.062500
vt 0.343750 0.062500
vt 0.375000 0.062500
vt 0.406250 0.062500
vt 0.437500 0.062500
vt 0.468750 0.062500
vt 0.500000 0.062500
vt 0.531250 0.062500
vt 0.562500 0.062500
vt 0.593750 0.062500
vt 0.625000 0.062500
vt 0.656250 0.062500
vt 0.687500 0.062500
vt 0.718750 0.062500
vt 0.750000 0.062500
vt 0.781250 0.062500
vt 0.812500 0.062500
vt 0.843750 0.062500
vt 0.875000 0.062500
vt 0.906250 0.062500
vt 0.937500 0.062500
vt 0.968750 0.062500
vt 1.000000 0.062500
vt 0.000000 0.093750
vt 0.031250 0.093750
vt 0.062500 0.093750
vt 0.093750 0.093750
vt 0.125000 0.093750
vt 0.156250 0.093750
vt 0.187500 0.093750
vt 0.218750 0.093750
vt 0.250000 0.093750
vt 0.281250 0.093750
vt 0.312500 0.093750
vt 0.343750 0.093750
vt 0.375000 0.093750
vt 0.406250 0.093750
vt 0.437500 0.093750
vt 0.468750 0.093750
vt 0.500000 0.093750
vt 0.531250 0.093750
vt 0.562500 0.093750
vt 0.593750 0.093750
vt 0.625000 0.093750
vt 0.656250 0.093750
vt 0.687500 0.093750
vt 0.718750 0.093750
vt 0.750000 0.093750
vt 0.781250 0.093750
vt 0.812500 0.093750
vt 0.843750 0.093750
vt 0.875000 0.093750
vt 0.906250 0.093750
vt 0.937500 0.093750
vt 0.968750 0.093750
vt 1.000000 0.093750
vt 0.000000 0.125000
vt 0.031250 0.125000
vt 0.062500 0.125000
vt 0.093750 0.125000
vt 0.125000 0.125000
vt 0.156250 0.125000
vt 0.187500 0.125000
vt 0.218750 0.125000
vt 0.250000 0.125000
vt 0.281250 0.125000
vt 0.312500 0.125000
vt 0.343750 0.125000
vt 0.375000 0.125000
vt 0.406250 0.125000
vt 0.437500 0.125000
vt 0.468750 0.125000
vt 0.500000 0.125000
vt 0.531250 0.125000
vt 0.562500 0.125000
vt 0.593750 0.125000
vt 0.625000 0.125000
vt 0.656250 0.125000
vt 0.687500 0.125000
vt 0.718750 0.125000
vt 0.750000 0.125000
vt 0.781250 0.125000
vt 0.812500 0.125000
vt 0.843750 0.125000
vt 0.875000 0.125000
vt 0.906250 0.125000
vt 0.937500 0.125000
vt 0.968750 0.125000
vt 1.000000 0.125000
vt 0.000000 0.156250
vt 0.031250 0.156250
vt 0.062500 0.156250
vt 0.093750 0.156250
vt 0.125000 0.156250
vt 0.156250 0.156250
vt 0.187500 0.156250
vt 0.218750 0.156250
vt 0.250000 0.156250
vt 0.281250 0.156250
vt 0.312500 0.156250
vt 0.343750 0.156250
vt 0.375000 0.156250
vt 0.406250 0.156250
vt 0.437500 0.156250
vt 0.468750 0.156250
vt 0.500000 0.156250
vt 0.531250 0.156250
vt 0.562500 0.156250
vt 0.593750 0.156250
vt 0.625000 0.156250
vt 0.656250 0.156250
vt 0.687500 0.156250
vt 0.718750 0.156250
vt 0.750000 0.156250
vt 0.781250 0.156250
vt 0.812500 0.156250
vt 0.843750 0.156250
vt 0.875000 0.156250
vt 0.906250 0.156250
vt 0.937500 0.156250
vt 0.968750 0.156250
vt 1.000000 0.156250
vt 0.000000 0.187500
vt 0.031250 0.187500
vt 0.062500 0.187500
vt 0.093750 0.187500
vt 0.125000 0.187500
vt 0.156250 0.187500
vt 0.187500 0.187500
vt 0.218750 0.187500
vt 0.250000 0.187500
vt 0.281250 0.187500
vt 0.312500 0.187500
vt 0.343750 0.187500
vt 0.375000 0.187500
vt 0.406250 0.187500
vt 0.437500 0.187500
vt 0.468750 0.187500
vt 0.500000 0.187500
vt 0.531250 0.187500
vt 0.562500 0.187500
vt 0.593750 0.187500
vt 0.625000 0.187500
vt 0.656250 0.187500
vt 0.687500 0.187500
vt 0.718750 0.187500
vt 0.750000 0.187500
vt 0.781250 0.187500
vt 0.812500 0.187500
vt 0.843750 0.187500
vt 0.875000 0.187500
vt 0.906250 0.187500
vt 0.937500 0.187500
vt 0.968750 0.187500
vt 1.000000 0.187500
vt 0.000000 0.218750
vt 0.031250 0.218750
vt 0.062500 0.218750
vt 0.093750 0.218750
vt 0.125000 0.218750
vt 0.156250 0.218750
vt 0.187500 0.218750
vt 0.218750 0.218750
vt 0.250000 0.218750
vt 0.281250 0.218750
vt 0.312500 0.218750
vt 0.343750 0.218750
vt 0.375000 0.218750
vt 0.406250 0.218750
vt 0.437500 0.218750
vt 0.468750 0.218750
vt 0.500000 0.218750
vt 0.531250 0.218750
vt 0.562500 0.218750
vt 0.593750 0.218750
vt 0.625000 0.218750
vt 0.656250 0.218750
vt 0.687500 0.218750
vt 0.718750 0.218750
vt 0.750000 0.218750
vt 0.781250 0.218750
vt 0.812500 0.218750
vt 0.843750 0.218750
vt 0.875000 0.218750
vt 0.906250 0.218750
vt 0.937500 0.218750
vt 0.968750 0.218750
vt 1.000000 0.218750
vt 0.000000 0.250000
vt 0.031250 0.250000
vt 0.062500 0.250000
vt 0.093750 0.250000
vt 0.125000 0.250000
vt 0.156250 0.250000
vt 0.187500 0.250000
vt 0.218750 0.250000
vt 0.250000 0.250000
vt 0.281250 0.250000
vt 0.312500 0.250000
vt 0.343750 0.250000
vt 0.375000 0.250000
vt 0.406250 0.250000
vt 0.437500 0.250000
vt 0.468750 0.250000
vt 0.500000 0.250000
vt 0.531250 0.250000
vt 0.562500 0.250000
vt 0.593750 0.250000
vt 0.625000 0.250000
vt 0.656250 0.250000
vt 0.687500 0.250000
vt 0.718750 0.250000
vt 0.750000 0.250000
vt 0.781250 0.250000
vt 0.812500 0.250000
vt 0.843750 0.250000
vt 0.875000 0.250000
vt 0.906250 0.250000
vt 0.937500 0.250000
vt 0.968750 0.250000
vt 1.000000 0.250000
vt 0.000000 0.281250
vt 0.031250 0.281250
vt 0.062500 0.281250
vt 0.093750 0.281250
vt 0.125000 0.281250
vt 0.156250 0.281250
vt 0.187500 0.281250
vt 0.218750 0.281250
vt 0.250000 0.281250
vt 0.281250 0.281250
vt 0.312500 0.281250
vt 0.343750 0.281250
vt 0.375000 0.281250
vt 0.406250 0.281250
vt 0.437500 0.281250
vt 0.468750 0.281250
vt 0.500000 0.281250
vt 0.531250 0.281250
vt 0.562500 0.281250
vt 0.593750 0.281250
vt 0.625000 0.281250
vt 0.656250 0.281250
vt 0.687500 0.281250
vt 0.718750 0.281250
vt 0.750000 0.281250
vt 0.781250 0.281250
vt 0.812500 0.281250
vt 0.843750 0.281250
vt 0.875000 0.281250
vt 0.906250 0.281250
vt 0.937500 0.281250
vt 0.968750 0.281250
vt 1.000000 0.281250
vt 0.000000 0.312500
vt 0.031250 0.312500
vt 0.062500 0.312500
vt 0.093750 0.312500
vt 0.125000 0.312500
vt 0.156250 0.312500
vt 0.187500 0.312500
vt 0.218750 0.312500
vt 0.250000 0.312500
vt 0.281250 0.312500
vt 0.312500 0.312500
vt 0.343750 0.312500
vt 0.375000 0.312500
vt 0.406250 0.312500
vt 0.437500 0.312500
vt 0.468750 0.312500
vt 0.500000 0.312500
vt 0.531250 0.312500
vt 0.562500 0.312500
vt 0.593750 0.312500
vt 0.625000 0.312500
vt 0.656250 0.312500
vt 0.687500 0.312500
vt 0.718750 0.312500
vt 0.750000 0.312500
vt 0.781250 0.312500
vt 0.812500 0.312500
vt 0.843750 0.312500
vt 0.875000 0.312500
vt 0.906250 0.312500
vt 0.937500 0.312500
vt 0.968750 0.312500
vt 1.000000 0.312500
vt 0.000000 0.343750
vt 0.031250 0.343750
vt 0.062500 0.343750
vt 0.093750 0.343750
vt 0.125000 0.343750
vt 0.156250 0.343750
vt 0.187500 0.343750
vt 0.218750 0.343750
vt 0.250000 0.343750
vt 0.281250 0.343750
vt 0.312500 0.343750
vt 0.343750 0.343750
vt 0.375000 0.343750
vt 0.406250 0.343750
vt 0.437500 0.343750
vt 0.468750 0.343750
vt 0.500000 0.343750
vt 0.531250 0.343750
vt 0.562500 0.343750
vt 0.593750 0.343750
vt 0.625000 0.343750
vt 0.656250 0.343750
vt 0.687500 0.343750
vt 0.718750 0.343750
vt 0.750000 0.343750
vt 0.781250 0.343750
vt 0.812500 0.343750
vt 0.843750 0.343750
vt 0.875000 0.343750
vt 0.906250 0.343750
vt 0.937500 0.343750
vt 0.968750 0.343750
vt 1.000000 0.343750
vt 0.000000 0.375000
vt 0.031250 0.375000
vt 0.062500 0.375000
vt 0.093750 0.375000
vt 0.125000 0.375000
vt 0.156250 0.375000
vt 0.187500 0.375000
vt 0.218750 0.375000
vt 0.250000 0.375000
vt 0.281250 0.375000
vt 0.312500 0.375000
vt 0.343750 0.375000
vt 0.375000 0.375000
vt 0.406250 0.375000
vt 0.437500 0.375000
vt 0.468750 0.375000
vt 0.500000 0.375000
vt 0.531250 0.375000
vt 0.562500 0.375000
vt 0.593750 0.375000
vt 0.625000 0.375000
vt 0.656250 0.375000
vt 0.687500 0.375000
vt 0.718750 0.375000
vt 0.750000 0.375000
vt 0.781250 0.375000
vt 0.812500 0.375000
vt 0.843750 0.375000
vt 0.875000 0.375000
vt 0.906250 0.375000
vt 0.937500 0.375000
vt 0.968750 0.375000
vt 1.000000 0.375000
vt 0.000000 0.406250
vt 0.031250 0.406250
vt 0.062500 0.406250
vt 0.093750 0.406250
vt 0.125000 0.406250
vt 0.156250 0.406250
vt 0.187500 0.406250
vt 0.218750 0.406250
vt 0.250000 0.406250
vt 0.281250 0.406250
vt 0.312500 0.406250
vt 0.343750 0.406250
vt 0.375000 0.406250
vt 0.406250 0.406250
vt 0.437500 0.406250
vt 0.468750 0.406250
vt 0.500000 0.406250
vt 0.531250 0.406250
vt 0.562500 0.406250
vt 0.593750 0.406250
vt 0.625000 0.406250
vt 0.656250 0.406250
vt 0.687500 0.406250
vt 0.718750 0.406250
vt 0.750000 0.406250
vt 0.781250 0.406250
vt 0.812500 0.406250
vt 0.843750 0.406250
vt 0.875000 0.406250
vt 0.906250 0.406250
vt 0.937500 0.406250
vt 0.968750 0.406250
vt 1.000000 0.406250
vt 0.000000 0.437500
vt 0.031250 0.437500
vt 0.062500 0.437500
vt 0.093750 0.437500
vt 0.125000 0.437500
vt 0.156250 0.437500
vt 0.187500 0.437500
vt 0.218750 0.437500
vt 0.250000 0.437500
vt 0.281250 0.437500
vt 0.312500 0.437500
vt 0.343750 0.437500
vt 0.375000 0.437500
vt 0.406250 0.437500
vt 0.437500 0.437500
vt 0.468750 0.437500
vt 0.500000 0.437500
vt 0.531250 0.437500
vt 0.562500 0.437500
vt 0.593750 0.437500
vt 0.625000 0.437500
vt 0.656250 0.437500
vt 0.687500 0.437500
vt 0.718750 0.437500
vt 0.750000 0.437500
vt 0.781250 0.437500
vt 0.812500 0.437500
vt 0.843750 0.437500
vt 0.875000 0.437500
vt 0.906250 0.437500
vt 0.937500 0.437500
vt 0.968750 0.437500
vt 1.000000 0.437500
vt 0.000000 0.468750
vt 0.031250 0.468750
vt 0.062500 0.468750
vt 0.093750 0.468750
vt 0.125000 0.468750
vt 0.156250 0.468750
vt 0.187500 0.468750
vt 0.218750 0.468750
vt 0.250000 0.468750
vt 0.281250 0.468750
vt 0.312500 0.468750
vt 0.343750 0.468750
vt 0.375000 0.468750
vt 0.406250 0.468750
vt 0.437500 0.468750
vt 0.468750 0.468750
vt 0.500000 0.468750
vt 0.531250 0.468750
vt 0.562500 0.468750
vt 0.593750 0.468750
vt 0.625000 0.468750
vt 0.656250 0.468750
vt 0.687500 0.468750
vt 0.718750 0.468750
vt 0.750000 0.468750
vt 0.781250 0.468750
vt 0.812500 0.468750
vt 0.843750 0.468750
vt 0.875000 0.468750
vt 0.906250 0.468750
vt 0.937500 0.468750
vt 0.968750 0.468750
vt 1.000000 0.468750
vt 0.000000 0.500000
vt 0.031250 0.500000
vt 0.062500 0.500000
vt 0.093750 0.500000
vt 0.125000 0.500000
vt 0.156250 0.500000
vt 0.187500 0.500000
vt 0.218750 0.500000
vt 0.250000 0.500000
vt 0.281250 0.500000
vt 0.312500 0.500000
vt 0.343750 0.500000
vt 0.375000 0.500000
vt 0.406250 0.500000
vt 0.437500 0.500000
vt 0.468750 0.500000
vt 0.500000 0.500000
vt 0.531250 0.500000
vt 0.562500 0.500000
vt 0.593750 0.500000
vt 0.625000 0.500000
vt 0.656250 0.500000
vt 0.687500 0.500000
vt 0.718750 0.500000
vt 0.750000 0.500000
vt 0.781250 0.500000
vt 0.812500 0.500000
vt 0.843750 0.500000
vt 0.875000 0.500000
vt 0.906250 0.500000
vt 0.937500 0.500000
vt 0.968750 0.500000
vt 1.000000 0.500000
vt 0.000000 0.531250
vt 0.031250 0.531250
vt 0.062500 0.531250
vt 0.093750 0.531250
vt 0.125000 0.531250
vt 0.156250 0.531250
vt 0.187500 0.531250
vt 0.218750 0.531250
vt 0.250000 0.531250
vt 0.281250 0.531250
vt 0.312500 0.531250
vt 0.343750 0.531250
vt 0.375000 0.531250
vt 0.406250 0.531250
vt 0.437500 0.531250
vt 0.468750 0.531250
vt 0.500000 0.531250
vt 0.531250 0.531250
vt 0.562500 0.531250
vt 0.593750 0.531250
vt 0.625000 0.531250
vt 0.656250 0.531250
vt 0.687500 0.531250
vt 0.718750 0.531250
vt 0.750000 0.531250
vt 0.781250 0.531250
vt 0.812500 0.531250
vt 0.843750 0.531250
vt 0.875000 0.531250
vt 0.906250 0.531250
vt 0.937500 0.531250
vt 0.968750 0.531250
vt 1.000000 0.531250
vt 0.000000 0.562500
vt 0.031250 0.562500
vt 0.062500 0.562500
vt 0.093750 0.562500
vt 0.125000 0.562500
vt 0.156250 0.562500
vt 0.187500 0.562500
vt 0.218750 0.562500
vt 0.250000 0.562500
vt 0.281250 0.562500
vt 0.312500 0.562500
vt 0.343750 0.562500
vt 0.375000 0.562500
vt 0.406250 0.562500
vt 0.437500 0.562500
vt 0.468750 0.562500
vt 0.500000 0.562500
vt 0.531250 0.562500
vt 0.562500 0.562500
vt 0.593750 0.562500
vt 0.625000 0.562500
vt 0.656250 0.562500
vt 0.687500 0.562500
vt 0.718750 0.562500
vt 0.750000 0.562500
vt 0.781250 0.562500
vt 0.812500 0.562500
vt 0.843750 0.562500
vt 0.875000 0.562500
vt 0.906250 0.562500
vt 0.937500 0.562500
vt 0.968750 0.562500
vt 1.000000 0.562500
vt 0.000000 0.593750
vt 0.031250 0.593750
vt 0.062500 0.593750
vt 0.093750 0.593750
vt 0.125000 0.593750
vt 0.156250 0.593750
vt 0.187500 0.593750
vt 0.218750 0.593750
vt 0.250000 0.593750
vt 0.281250 0.593750
vt 0.312500 0.593750
vt 0.343750 0.593750
vt 0.375000 0.593750
vt 0.406250 0.593750
vt 0.437500 0.593750
vt 0.468750 0.593750
vt 0.500000 0.593750
vt 0.531250 0.593750
vt 0.562500 0.593750
vt 0.593750 0.593750
vt 0.625000 0.593750
vt 0.656250 0.593750
vt 0.687500 0.593750
vt 0.718750 0.593750
vt 0.750000 0.593750
vt 0.781250 0.593750
vt 0.812500 0.593750
vt 0.843750 0.593750
vt 0.875000 0.593750
vt 0.906250 0.593750
vt 0.937500 0.593750
vt 0.968750 0.593750
vt 1.000000 0.593750
vt 0.000000 0.625000
vt 0.031250 0.625000
vt 0.062500 0.625000
vt 0.093750 0.625000
vt 0.125000 0.625000
vt 0.156250 0.625000
vt 0.187500 0.625000
vt 0.218750 0.625000
vt 0.250000 0.625000
vt 0.281250 0.625000
vt 0.312500 0.625000
vt 0.343750 0.625000
vt 0.375000 0.625000
vt 0.406250 0.625000
vt 0.437500 0.625000
vt 0.468750 0.625000
vt 0.500000 0.625000
vt 0.531250 0.625000
vt 0.562500 0.625000
vt 0.593750 0.625000
vt 0.625000 0.625000
vt 0.656250 0.625000
vt 0.687500 0.625000
vt 0.718750 0.625000
vt 0.750000 0.625000
vt 0.781250 0.625000
vt 0.812500 0.625000
vt 0.843750 0.625000
vt 0.875000 0.625000
vt 0.906250 0.625000
vt 0.937500 0.625000
vt 0.968750 0.625000
vt 1.000000 0.625000
vt 0.000000 0.656250
vt 0.031250 0.656250
vt 0.062500 0.656250
vt 0.093750 0.656250
vt 0.125000 0.656250
vt 0.156250 0.656250
vt 0.187500 0.656250
vt 0.218750 0.656250
vt 0.250000 0.656250
vt 0.281250 0.656250
vt 0.312500 0.656250
vt 0.343750 0.656250
vt 0.375000 0.656250
vt 0.406250 0.656250
vt 0.437500 0.656250
vt 0.468750 0.656250
vt 0.500000 0.656250
vt 0.531250 0.656250
vt 0.562500 0.656250
vt 0.593750 0.656250
vt 0.625000 0.656250
vt 0.656250 0.656250
vt 0.687500 0.656250
vt 0.718750 0.656250
vt 0.750000 0.656250
vt 0.781250 0.656250
vt 0.812500 0.656250
vt 0.843750 0.656250
vt 0.875000 0.656250
vt 0.906250 0.656250
vt 0.937500 0.656250
vt 0.968750 0.656250
vt 1.000000 0.656250
vt 0.000000 0.687500
vt 0.031250 0.687500
vt 0.062500 0.687500
vt 0.093750 0.687500
vt 0.125000 0.687500
vt 0.156250 0.687500
vt 0.187500 0.687500
vt 0.218750 0.687500
vt 0.250000 0.687500
vt 0.281250 0.687500
vt 0.312500 0.687500
vt 0.343750 0.687500
vt 0.375000 0.687500
vt 0.406250 0.687500
vt 0.437500 0.687500
vt 0.468750 0.687500
vt 0.500000 0.687500
vt 0.531250 0.687500
vt 0.562500 0.687500
vt 0.593750 0.687500
vt 0.625000 0.687500
vt 0.656250 0.687500
vt 0.687500 0.687500
vt 0.718750 0.687500
vt 0.750000 0.687500
vt 0.781250 0.687500
vt 0.812500 0.687500
vt 0.843750 0.687500
vt 0.875000 0.687500
vt 0.906250 0.687500
vt 0.937500 0.687500
vt 0.968750 0.687500
vt 1.000000 0.687500
vt 0.000000 0.718750
vt 0.031250 0.718750
vt 0.062500 0.718750
vt 0.093750 0.718750
vt 0.125000 0.718750
vt 0.156250 0.718750
vt 0.187500 0.718750
vt 0.218750 0.718750
vt 0.250000 0.718750
vt 0.281250 0.718750
vt 0.312500 0.718750
vt 0.343750 0.718750
vt 0.375000 0.718750
vt 0.406250 0.718750
vt 0.437500 0.718750
vt 0.468750 0.718750
vt 0.500000 0.718750
vt 0.531250 0.718750
vt 0.562500 0.718750
vt 0.593750 0.718750
vt 0.625000 0.718750
vt 0.656250 0.718750
vt 0.687500 0.718750
vt 0.718750 0.718750
vt 0.750000 0.718750
vt 0.781250 0.718750
vt 0.812500 0.718750
vt 0.843750 0.718750
vt 0.875000 0.718750
vt 0.906250 0.718750
vt 0.937500 0.718750
vt 0.968750 0.718750
vt 1.000000 0.718750
vt 0.000000 0.750000
vt 0.031250 0.750000
vt 0.062500 0.750000
vt 0.093750 0.750000
vt 0.125000 0.750000
vt 0.156250 0.750000
vt 0.187500 0.750000
vt 0.218750 0.750000
vt 0.250000 0.750000
vt 0.281250 0.750000
vt 0.312500 0.750000
vt 0.343750 0.750000
vt 0.375000 0.750000
vt 0.406250 0.750000
vt 0.437500 0.750000
vt 0.468750 0.750000
vt 0.500000 0.750000
vt 0.531250 0.750000
vt 0.562500 0.750000
vt 0.593750 0.750000
vt 0.625000 0.750000
vt 0.656250 0.750000
vt 0.687500 0.750000
vt 0.718750 0.750000
vt 0.750000 0.750000
vt 0.781250 0.750000
vt 0.812500 0.750000
vt 0.843750 0.750000
vt 0.875000 0.750000
vt 0.906250 0.750000
vt 0.937500 0.750000
vt 0.968750 0.750000
vt 1.000000 0.750000
vt 0.000000 0.781250
vt 0.031250 0.781250
vt 0.062500 0.781250
vt 0.093750 0.781250
vt 0.125000 0.781250
vt 0.156250 0.781250
vt 0.187500 0.781250
vt 0.218750 0.781250
vt 0.250000 0.781250
vt 0.281250 0.781250
vt 0.312500 0.781250
vt 0.343750 0.781250
vt 0.375000 0.781250
vt 0.406250 0.781250
vt 0.437500 0.781250
vt 0.468750 0.781250
vt 0.500000 0.781250
vt 0.531250 0.781250
vt 0.562500 0.781250
vt 0.593750 0.781250
vt 0.625000 0.781250
vt 0.656250 0.781250
vt 0.687500 0.781250
vt 0.718750 0.781250
vt 0.750000 0.781250
vt 0.781250 0.781250
vt 0.812500 0.781250
vt 0.843750 0.781250
vt 0.875000 0.781250
vt 0.906250 0.781250
vt 0.937500 0.781250
vt 0.968750 0.781250
vt 1.000000 0.781250
vt 0.000000 0.812500
vt 0.031250 0.812500
vt 0.062500 0.812500
vt 0.093750 0.812500
vt 0.125000 0.812500
vt 0.156250 0.812500
vt 0.187500 0.812500
vt 0.218750 0.812500
vt 0.250000 0.812500
vt 0.281250 0.812500
vt 0.312500 0.812500
vt 0.343750 0.812500
vt 0.375000 0.812500
vt 0.406250 0.812500
vt 0.437500 0.812500
vt 0.468750 0.812500
vt 0.500000 0.812500
vt 0.531250 0.812500
vt 0.562500 0.812500
vt 0.593750 0.812500
vt 0.625000 0.812500
vt 0.656250 0.812500
vt 0.687500 0.812500
vt 0.718750 0.812500
vt 0.750000 0.812500
vt 0.781250 0.812500
vt 0.812500 0.812500
vt 0.843750 0.812500
vt 0.875000 0.812500
vt 0.906250 0.812500
vt 0.937500 0.812500
vt 0.968750 0.812500
vt 1.000000 0.812500
vt 0.000000 0.843750
vt 0.031250 0.843750
vt 0.062500 0.843750
vt 0.093750 0.843750
vt 0.125000 0.843750
vt 0.156250 0.843750
vt 0.187500 0.843750
vt 0.218750 0.843750
vt 0.250000 0.843750
vt 0.281250 0.843750
vt 0.312500 0.843750
vt 0.343750 0.843750
vt 0.375000 0.843750
vt 0.406250 0.843750
vt 0.437500 0.843750
vt 0.468750 0.843750
vt 0.500000 0.843750
vt 0.531250 0.843750
vt 0.562500 0.843750
vt 0.593750 0.843750
vt 0.625000 0.843750
vt 0.656250 0.843750
vt 0.687500 0.843750
vt 0.718750 0.843750
vt 0.750000 0.843750
vt 0.781250 0.843750
vt 0.812500 0.843750
vt 0.843750 0.843750
vt 0.875000 0.843750
vt 0.906250 0.843750
vt 0.937500 0.843750
vt 0.968750 0.843750
vt 1.000000 0.843750
vt 0.000000 0.875000
vt 0.031250 0.875000
vt 0.062500 0.875000
vt 0.093750 0.875000
vt 0.125000 0.875000
vt 0.156250 0.875000
vt 0.187500 0.875000
vt 0.218750 0.875000
vt 0.250000 0.875000
vt 0.281250 0.875000
vt 0.312500 0.875000
vt 0.343750 0.875000
vt 0.375000 0.875000
vt 0.406250 0.875000
vt 0.437500 0.875000
vt 0.468750 0.875000
vt 0.500000 0.875000
vt 0.531250 0.875000
vt 0.562500 0.875000
vt 0.593750 0.875000
vt 0.625000 0.875000
vt 0.656250 0.875000
vt 0.687500 0.875000
vt 0.718750 0.875000
vt 0.750000 0.875000
vt 0.781250 0.875000
vt 0.812500 0.875000
vt 0.843750 0.875000
vt 0.875000 0.875000
vt 0.906250 0.875000
vt 0.937500 0.875000
vt 0.968750 0.875000
vt 1.000000 0.875000
vt 0.000000 0.906250
vt 0.031250 0.906250
vt 0.062500 0.906250
vt 0.093750 0.906250
vt 0.125000 0.906250
vt 0.156250 0.906250
vt 0.187500 0.906250
vt 0.218750 0.906250
vt 0.250000 0.906250
vt 0.281250 0.906250
vt 0.312500 0.906250
vt 0.343750 0.906250
vt 0.375000 0.906250
vt 0.406250 0.906250
vt 0.437500 0.906250
vt 0.468750 0.906250
vt 0.500000 0.906250
vt 0.531250 0.906250
vt 0.562500 0.906250
vt 0.593750 0.906250
vt 0.625000 0.906250
vt 0.656250 0.906250
vt 0.687500 0.906250
vt 0.718750 0.906250
vt 0.750000 0.906250
vt 0.781250 0.906250
vt 0.812500 0.906250
vt 0.843750 0.906250
vt 0.875000 0.906250
vt 0.906250 0.906250
vt 0.937500 0.906250
vt 0.968750 0.906250
vt 1.000000 0.906250
vt 0.000000 0.937500
vt 0.031250 0.937500
vt 0.062500 0.937500
vt 0.093750 0.937500
vt 0.125000 0.937500
vt 0.156250 0.937500
vt 0.187500 0.937500
vt 0.218750 0.937500
vt 0.250000 0.937500
vt 0.281250 0.937500
vt 0.312500 0.937500
vt 0.343750 0.937500
vt 0.375000 0.937500
vt 0.406250 0.937500
vt 0.437500 0.937500
vt 0.468750 0.937500
vt 0.500000 0.937500
vt 0.531250 0.937500
vt 0.562500 0.937500
vt 0.593750 0.937500
vt 0.625000 0.937500
vt 0.656250 0.937500
vt 0.687500 0.937500
vt 0.718750 0.937500
vt 0.750000 0.937500
vt 0.781250 0.937500
vt 0.812500 0.937500
vt 0.843750 0.937500
vt 0.875000 0.937500
vt 0.906250 0.937500
vt 0.937500 0.937500
vt 0.968750 0.937500
vt 1.000000 0.937500
vt 0.000000 0.968750
vt 0.031250 0.968750
vt 0.062500 0.968750
vt 0.093750 0.968750
vt 0.125000 0.968750
vt 0.156250 0.968750
vt 0.187500 0.968750
vt 0.218750 0.968750
vt 0.250000 0.968750
vt 0.281250 0.968750
vt 0.312500 0.968750
vt 0.343750 0.968750
vt 0.375000 0.968750
vt 0.406250 0.968750
vt 0.437500 0.968750
vt 0.468750 0.968750
vt 0.500000 0.968750
vt 0.531250 0.968750
vt 0.562500 0.968750
vt 0.593750 0.968750
vt 0.625000 0.968750
vt 0.656250 0.968750
vt 0.687500 0.968750
vt 0.718750 0.968750
vt 0.750000 0.968750
vt 0.781250 0.968750
vt 0.812500 0.968750
vt 0.843750 0.968750
vt 0.875000 0.968750
vt 0.906250 0.968750
vt 0.937500 0.968750
vt 0.968750 0.968750
vt 1.000000 0.968750
vt 0.000000 1.000000
vt 0.031250 1.000000
vt 0.062500 1.000000
vt 0.093750 1.000000
vt 0.125000 1.000000
vt 0.156250 1.000000
vt 0.187500 1.000000
vt 0.218750 1.000000
vt 0.250000 1.000000
vt 0.281250 1.000000
vt 0.312500 1.000000
vt 0.343750 1.000000
vt 0.375000 1.000000
vt 0.406250 1.000000
vt 0.437500 1.000000
vt 0.468750 1.000000
vt 0.500000 1.000000
vt 0.531250 1.000000
vt 0.562500 1.000000
vt 0.593750 1.000000
vt 0.625000 1.000000
vt 0.656250 1.000000
vt 0.687500 1.000000
vt 0.718750 1.000000
vt 0.750000 1.000000
vt 0.781250 1.000000
vt 0.812500 1.000000
vt 0.843750 1.000000
vt 0.875000 1.000000
vt 0.906250 1.000000
vt 0.937500 1.000000
vt 0.968750 1.000000
vt 1.000000 1.000000

# vertex normals
vn 0.278514 -0.388189 0.878487
vn 0.453574 -0.303805 0.837839
vn 0.459489 -0.393117 0.796448
vn 0.308327 -0.515976 0.799189
vn 0.444000 -0.407480 0.798013
vn 0.367955 -0.570672 0.734127
vn 0.323165 -0.341310 0.882650
vn 0.350203 -0.544794 0.761943
vn 0.134748 -0.213276 0.967655
vn 0.241704 -0.461945 0.853338
vn -0.044085 -0.081334 0.995711
vn 0.070341 -0.351486 0.933547
vn -0.154908 0.002588 0.987925
vn -0.091227 -0.258214 0.961771
vn -0.183959 0.022394 0.982679
vn -0.192691 -0.216858 0.956997
vn -0.157290 -0.022148 0.987304
vn -0.233030 -0.242233 0.941818
vn -0.109232 -0.111564 0.987736
vn -0.219963 -0.315727 0.923002
vn -0.062746 -0.211031 0.975463
vn -0.168775 -0.402615 0.899675
vn -0.048533 -0.293557 0.954709
vn -0.120434 -0.472218 0.873216
vn -0.086242 -0.345041 0.934617
vn -0.110856 -0.508447 0.853927
vn -0.157261 -0.362331 0.918687
vn -0.135329 -0.509597 0.849704
vn -0.211487 -0.350029 0.912553
vn -0.152520 -0.481281 0.863195
vn -0.192253 -0.314712 0.929513
vn -0.110533 -0.429005 0.896514
vn -0.068790 -0.257440 0.963843
vn 0.014241 -0.360068 0.932817
vn 0.108692 -0.184736 0.976759
vn 0.169000 -0.291712 0.941458
vn 0.228816 -0.118342 0.966250
vn 0.262592 -0.246724 0.932830
vn 0.237977 -0.071941 0.968603
vn 0.256950 -0.230263 0.938592
vn 0.159294 -0.040627 0.986395
vn 0.173300 -0.226991 0.958354
vn 0.049216 -0.017402 0.998637
vn 0.062146 -0.221920 0.973082
vn -0.043913 0.001101 0.999035
vn -0.030748 -0.210502 0.977110
vn -0.107134 0.017741 0.994086
vn -0.094327 -0.194051 0.976446
vn -0.157373 0.032723 0.986997
vn -0.149885 -0.176678 0.972789
vn -0.210921 0.039044 0.976723
vn -0.215220 -0.165735 0.962399
vn -0.276597 0.028641 0.960559
vn -0.297734 -0.167558 0.939829
vn -0.383881 -0.009221 0.923337
vn -0.421641 -0.185271 0.887633
vn -0.540800 -0.072521 0.838019
vn -0.558663 -0.212386 0.801741
vn -0.644180 -0.090995 0.759442
vn -0.612288 -0.181508 0.769519
vn -0.521685 -0.047838 0.851796
vn -0.441117 -0.068663 0.894819
vn -0.041785 0.037795 0.998411
vn -0.008419 0.036359 0.999303
vn 0.225943 0.055896 0.972535
vn 0.214200 0.010209 0.976736
vn 0.542850 -0.123551 0.830692
vn 0.526221 -0.126512 0.840884
vn 0.429449 -0.048038 0.901812
vn 0.215559 0.083896 0.972880
vn -0.002841 0.209349 0.977837
vn -0.138057 0.291641 0.946512
vn -0.175925 0.328990 0.927802
vn -0.129218 0.325541 0.936657
vn -0.040611 0.290283 0.956079
vn 0.032602 0.237307 0.970887
vn 0.065846 0.180937 0.981288
vn 0.049869 0.124373 0.990982
vn -0.021246 0.069703 0.997342
vn -0.127229 0.020057 0.991671
vn -0.215714 -0.018697 0.976278
vn -0.230237 -0.039427 0.972336
vn -0.141019 -0.026657 0.989648
vn 0.014791 0.026173 0.999548
vn 0.134888 0.101343 0.985665
vn 0.156279 0.174373 0.972199
vn 0.098371 0.231578 0.967830
vn 0.014065 0.268022 0.963310
vn -0.058483 0.287490 0.955997
vn -0.109917 0.299227 0.947830
vn -0.148620 0.309054 0.939360
vn -0.183279 0.312460 0.932082
vn -0.217672 0.301793 0.928192
vn -0.283464 0.264143 0.921888
vn -0.441215 0.185270 0.878069
vn -0.601765 0.104024 0.791869
vn -0.551840 0.045048 0.832732
vn -0.138396 0.093483 0.985955
vn 0.131352 0.171090 0.976460
vn 0.533791 0.035224 0.844882
vn 0.489353 0.087049 0.867730
vn 0.327964 0.184743 0.926450
vn 0.087034 0.275217 0.957434
vn -0.103028 0.330309 0.938233
vn -0.189818 0.352739 0.916267
vn -0.180306 0.350432 0.919069
vn -0.098228 0.339495 0.935465
vn 0.000789 0.344407 0.938820
vn 0.068213 0.370397 0.926366
vn 0.099036 0.396499 0.912678
vn 0.090623 0.404678 0.909958
vn 0.033904 0.390206 0.920103
vn -0.059924 0.353730 0.933426
vn -0.150128 0.296996 0.943003
vn -0.187741 0.232847 0.954220
vn -0.144283 0.188373 0.971441
vn -0.041136 0.188583 0.981195
vn 0.049125 0.231122 0.971684
vn 0.071972 0.290237 0.954245
vn 0.036948 0.339543 0.939865
vn -0.018451 0.367419 0.929873
vn -0.071153 0.377767 0.923163
vn -0.115126 0.381114 0.917332
vn -0.149320 0.383953 0.911199
vn -0.173245 0.385996 0.906087
vn -0.187192 0.383127 0.904529
vn -0.215453 0.369201 0.904030
vn -0.342339 0.328960 0.880108
vn -0.518798 0.263591 0.813246
vn -0.533555 0.194700 0.823050
vn -0.242249 0.220855 0.944743
vn -0.000193 0.291700 0.956510
vn 0.476134 0.080586 0.875673
vn 0.413646 0.135944 0.900231
vn 0.231936 0.211219 0.949522
vn 0.014388 0.257534 0.966162
vn -0.133925 0.254112 0.957857
vn -0.181244 0.211334 0.960463
vn -0.156765 0.157312 0.975027
vn -0.109579 0.146792 0.983079
vn -0.070062 0.213100 0.974515
vn -0.026209 0.324423 0.945549
vn 0.027919 0.423713 0.905366
vn 0.061875 0.482963 0.873452
vn 0.047766 0.503476 0.862688
vn -0.007443 0.492104 0.870504
vn -0.069279 0.451752 0.889450
vn -0.102950 0.390198 0.914957
vn -0.088931 0.327956 0.940498
vn -0.038531 0.293736 0.955110
vn 0.008249 0.299756 0.953980
vn 0.019675 0.329266 0.944032
vn -0.000226 0.355338 0.934738
vn -0.033646 0.367072 0.929584
vn -0.072888 0.366686 0.927485
vn -0.113939 0.359499 0.926163
vn -0.150959 0.349935 0.924530
vn -0.178264 0.342854 0.922319
vn -0.191503 0.340294 0.920612
vn -0.205901 0.340901 0.917274
vn -0.306472 0.333734 0.891458
vn -0.471107 0.301868 0.828815
vn -0.509858 0.265862 0.818146
vn -0.293630 0.275577 0.915335
vn -0.084092 0.305741 0.948394
vn 0.426278 0.089864 0.900118
vn 0.355378 0.145871 0.923270
vn 0.175342 0.208680 0.962137
vn 0.010555 0.228320 0.973529
vn -0.068927 0.183883 0.980528
vn -0.086654 0.095828 0.991619
vn -0.109549 0.027380 0.993604
vn -0.166991 0.036182 0.985294
vn -0.213433 0.121262 0.969403
vn -0.192454 0.243199 0.950692
vn -0.107597 0.361608 0.926101
vn -0.018635 0.443131 0.896263
vn 0.022017 0.483949 0.874819
vn 0.012967 0.491342 0.870870
vn -0.014294 0.472486 0.881222
vn -0.030961 0.433911 0.900424
vn -0.026610 0.389887 0.920478
vn -0.009244 0.359709 0.933019
vn 0.004467 0.350012 0.936735
vn 0.004896 0.349206 0.937033
vn -0.008279 0.347299 0.937718
vn -0.032413 0.345217 0.937963
vn -0.063752 0.343747 0.936896
vn -0.098800 0.337684 0.936060
vn -0.135566 0.322380 0.936853
vn -0.169863 0.301834 0.938106
vn -0.193702 0.283709 0.939143
vn -0.213851 0.272065 0.938216
vn -0.307033 0.261519 0.915062
vn -0.467260 0.229296 0.853868
vn -0.507272 0.198284 0.838665
vn -0.302790 0.185448 0.934841
vn -0.102137 0.182177 0.977947
vn 0.384281 0.210595 0.898876
vn 0.312500 0.292220 0.903854
vn 0.155760 0.351089 0.923296
vn 0.052503 0.346932 0.936420
vn 0.023511 0.289513 0.956885
vn 0.001370 0.217846 0.975982
vn -0.088520 0.183003 0.979119
vn -0.222962 0.191460 0.955841
vn -0.307317 0.222242 0.925292
vn -0.296713 0.273850 0.914859
vn -0.204627 0.337832 0.918693
vn -0.089266 0.392030 0.915611
vn -0.014806 0.424779 0.905176
vn 0.007743 0.437841 0.899019
vn 0.005391 0.435264 0.900287
vn 0.001962 0.421846 0.906666
vn 0.003066 0.405690 0.914005
vn 0.009199 0.392973 0.919504
vn 0.019725 0.376073 0.926380
vn 0.022600 0.351823 0.935794
vn 0.004541 0.330540 0.943781
vn -0.030410 0.323296 0.945809
vn -0.066451 0.330456 0.941479
vn -0.092722 0.339958 0.935859
vn -0.114643 0.336265 0.934763
vn -0.140632 0.313818 0.939011
vn -0.165470 0.281788 0.945101
vn -0.190872 0.248602 0.949613
vn -0.279525 0.211064 0.936652
vn -0.438604 0.147600 0.886477
vn -0.485845 0.074808 0.870838
vn -0.290867 0.026536 0.956395
vn -0.101639 0.010584 0.994765
vn 0.306069 0.396082 0.865702
vn 0.254919 0.483152 0.837604
vn 0.159398 0.522017 0.837908
vn 0.112569 0.499865 0.858757
vn 0.101458 0.458629 0.882817
vn 0.051324 0.436376 0.898299
vn -0.079804 0.433423 0.897650
vn -0.229444 0.408520 0.883441
vn -0.317126 0.363198 0.876081
vn -0.313895 0.332278 0.889416
vn -0.228889 0.331884 0.915130
vn -0.113916 0.353947 0.928302
vn -0.031825 0.378189 0.925181
vn 0.000268 0.393936 0.919138
vn 0.005427 0.398524 0.917142
vn 0.005545 0.397940 0.917395
vn 0.008952 0.396619 0.917940
vn 0.026542 0.388317 0.921144
vn 0.053487 0.363157 0.930191
vn 0.059000 0.329629 0.942265
vn 0.025377 0.303926 0.952357
vn -0.033253 0.296891 0.954332
vn -0.084936 0.308386 0.947462
vn -0.107283 0.326690 0.939023
vn -0.107403 0.334602 0.936219
vn -0.111024 0.318926 0.941254
vn -0.125812 0.285261 0.950157
vn -0.146460 0.245678 0.958223
vn -0.222867 0.196546 0.954830
vn -0.367072 0.121991 0.922159
vn -0.419777 0.021100 0.907382
vn -0.251085 -0.058321 0.966206
vn -0.088240 -0.086650 0.992323
vn 0.209590 0.419510 0.883223
vn 0.188946 0.473210 0.860449
vn 0.164220 0.515174 0.841206
vn 0.151850 0.507729 0.848029
vn 0.119397 0.503183 0.855892
vn 0.046446 0.530137 0.846639
vn -0.062411 0.542268 0.837885
vn -0.169098 0.495680 0.851884
vn -0.240999 0.403359 0.882735
vn -0.255102 0.311514 0.915359
vn -0.210380 0.264673 0.941110
vn -0.132307 0.274364 0.952480
vn -0.059906 0.311957 0.948206
vn -0.016495 0.342174 0.939492
vn 0.000679 0.353746 0.935341
vn 0.004369 0.355397 0.934705
vn 0.014619 0.356299 0.934258
vn 0.048839 0.348335 0.936097
vn 0.088895 0.328273 0.940391
vn 0.092698 0.305407 0.947699
vn 0.043537 0.289439 0.956206
vn -0.036469 0.284981 0.957839
vn -0.102794 0.290601 0.951307
vn -0.124309 0.300250 0.945726
vn -0.107094 0.303150 0.946906
vn -0.087125 0.288079 0.953635
vn -0.087809 0.256827 0.962460
vn -0.101947 0.219767 0.970211
vn -0.166962 0.174006 0.970487
vn -0.294105 0.107486 0.949710
vn -0.341756 0.022313 0.939524
vn -0.192251 -0.055631 0.979768
vn -0.053547 -0.093291 0.994198
vn 0.172495 0.215431 0.961163
vn 0.125671 0.190513 0.973607
vn 0.108508 0.275748 0.955086
vn 0.125476 0.342627 0.931055
vn 0.076525 0.385238 0.919639
vn 0.003798 0.438576 0.898686
vn -0.046902 0.453991 0.889771
vn -0.084527 0.405157 0.910331
vn -0.127107 0.310459 0.942051
vn -0.164781 0.218681 0.961783
vn -0.178645 0.172195 0.968728
vn -0.158307 0.182352 0.970405
vn -0.106052 0.226081 0.968318
vn -0.047539 0.262312 0.963811
vn -0.009868 0.277643 0.960634
vn 0.002670 0.280283 0.959914
vn 0.016805 0.281518 0.959409
vn 0.057690 0.282400 0.957561
vn 0.101812 0.282956 0.953714
vn 0.104589 0.284498 0.952955
vn 0.050434 0.286629 0.956713
vn -0.035463 0.285692 0.957665
vn -0.104354 0.279190 0.954549
vn -0.122347 0.266621 0.956004
vn -0.094601 0.244916 0.964918
vn -0.062051 0.216356 0.974341
vn -0.054975 0.188074 0.980615
vn -0.063360 0.162174 0.984726
vn -0.116707 0.130877 0.984505
vn -0.234481 0.076669 0.969093
vn -0.283120 0.016953 0.958935
vn -0.144283 -0.030795 0.989057
vn -0.017756 -0.056245 0.998259
vn 0.241906 0.034633 0.969681
vn 0.098333 -0.050213 0.993886
vn -0.020086 0.022164 0.999553
vn 0.018238 0.135053 0.990671
vn 0.004630 0.191530 0.981476
vn -0.038076 0.220722 0.974593
vn -0.032264 0.217134 0.975608
vn -0.020101 0.184366 0.982652
vn -0.051341 0.147634 0.987709
vn -0.115144 0.130018 0.984803
vn -0.170604 0.128884 0.976874
vn -0.184787 0.139667 0.972803
vn -0.142772 0.160582 0.976642
vn -0.071494 0.177013 0.981608
vn -0.018769 0.183615 0.982819
vn 0.000164 0.185489 0.982646
vn 0.011778 0.186932 0.982302
vn 0.045567 0.197142 0.979315
vn 0.085360 0.219108 0.971960
vn 0.090089 0.244928 0.965347
vn 0.044161 0.263955 0.963523
vn -0.029107 0.265885 0.963565
vn -0.083926 0.246400 0.965528
vn -0.087442 0.203607 0.975140
vn -0.052754 0.147162 0.987705
vn -0.028085 0.099654 0.994626
vn -0.033521 0.075953 0.996548
vn -0.045762 0.070667 0.996450
vn -0.085028 0.068298 0.994035
vn -0.190273 0.038474 0.980977
vn -0.248185 0.000011 0.968713
vn -0.124255 -0.016681 0.992110
vn -0.004636 -0.011491 0.999923
vn 0.340286 0.108977 0.933986
vn 0.138061 0.055918 0.988844
vn -0.083678 0.023436 0.996217
vn -0.057781 0.037666 0.997618
vn -0.020916 0.035977 0.999134
vn -0.029749 0.003507 0.999551
vn -0.012894 -0.026608 0.999563
vn -0.013292 -0.020956 0.999692
vn -0.070323 0.033132 0.996974
vn -0.145698 0.107235 0.983500
vn -0.188948 0.147247 0.970885
vn -0.189109 0.142538 0.971556
vn -0.141720 0.121176 0.982462
vn -0.069692 0.104343 0.992097
vn -0.018235 0.096622 0.995154
vn -0.000740 0.096065 0.995375
vn 0.004298 0.097004 0.995275
vn 0.022727 0.107071 0.993991
vn 0.050535 0.135900 0.989433
vn 0.057996 0.173082 0.983198
vn 0.029329 0.200284 0.979299
vn -0.017255 0.203289 0.978967
vn -0.039573 0.172391 0.984233
vn -0.018304 0.105577 0.994243
vn 0.013427 0.025622 0.999582
vn 0.010088 -0.032140 0.999432
vn -0.026744 -0.050865 0.998347
vn -0.056824 -0.035501 0.997753
vn -0.086160 -0.004503 0.996271
vn -0.169952 0.000826 0.985452
vn -0.232890 -0.018734 0.972323
vn -0.133400 -0.019950 0.990861
vn -0.027141 0.004776 0.999620
vn 0.351597 0.214895 0.911153
vn 0.196365 0.228198 0.953607
vn 0.001223 0.104072 0.994569
vn -0.000642 -0.001655 0.999998
vn 0.030002 -0.066585 0.997330
vn 0.018089 -0.137664 0.990314
vn -0.008367 -0.169765 0.985449
vn -0.075878 -0.122353 0.989582
vn -0.175119 0.001405 0.984546
vn -0.226506 0.124662 0.965999
vn -0.205968 0.172168 0.963294
vn -0.158025 0.142824 0.977051
vn -0.101927 0.088055 0.990887
vn -0.045016 0.050149 0.997727
vn -0.009991 0.035608 0.999316
vn -0.000194 0.034498 0.999405
vn 0.000471 0.034859 0.999392
vn 0.005472 0.038716 0.999235
vn 0.017536 0.057105 0.998214
vn 0.024426 0.086833 0.995923
vn 0.013539 0.110396 0.993795
vn -0.000524 0.112398 0.993663
vn 0.015593 0.080144 0.996661
vn 0.061496 0.013133 0.998021
vn 0.085938 -0.064913 0.994184
vn 0.048549 -0.120535 0.991521
vn -0.029899 -0.137152 0.990099
vn -0.091542 -0.112263 0.989453
vn -0.120776 -0.061996 0.990742
vn -0.175886 -0.028884 0.983987
vn -0.228569 -0.028273 0.973117
vn -0.147638 -0.021361 0.988811
vn -0.054432 0.006415 0.998497
vn 0.321857 0.141353 0.936177
vn 0.249374 0.169585 0.953443
vn 0.135823 0.069305 0.988306
vn 0.103657 -0.028012 0.994219
vn 0.106822 -0.091816 0.990030
vn 0.068537 -0.154691 0.985583
vn -0.029556 -0.173266 0.984432
vn -0.181815 -0.109492 0.977218
vn -0.305644 0.017285 0.951989
vn -0.305287 0.123651 0.944198
vn -0.204599 0.152411 0.966908
vn -0.104336 0.107626 0.988702
vn -0.048083 0.049933 0.997594
vn -0.016524 0.016612 0.999725
vn -0.002381 0.006982 0.999973
vn 0.000025 0.006701 0.999978
vn 0.000024 0.006790 0.999977
vn 0.000176 0.007170 0.999974
vn 0.001844 0.012224 0.999924
vn 0.004191 0.024562 0.999690
vn 0.003553 0.036394 0.999331
vn 0.013146 0.037240 0.999220
vn 0.060034 0.018594 0.998023
vn 0.126709 -0.025179 0.991620
vn 0.146572 -0.079002 0.986040
vn 0.082760 -0.121321 0.989157
vn -0.034555 -0.136002 0.990106
vn -0.131079 -0.116050 0.984556
vn -0.167876 -0.072695 0.983124
vn -0.201532 -0.036451 0.978804
vn -0.239990 -0.020280 0.970564
vn -0.167820 -0.006177 0.985798
vn -0.083002 0.018468 0.996378
vn 0.303305 0.017890 0.952726
vn 0.264596 0.033672 0.963771
vn 0.186619 0.009645 0.982385
vn 0.151698 -0.011922 0.988355
vn 0.149907 -0.023889 0.988411
vn 0.093774 -0.038679 0.994842
vn -0.058438 -0.035483 0.997660
vn -0.264387 0.003349 0.964411
vn -0.387441 0.061890 0.919815
vn -0.345812 0.099046 0.933061
vn -0.185738 0.091542 0.978326
vn -0.054636 0.049893 0.997259
vn -0.011005 0.016828 0.999798
vn -0.002020 0.002697 0.999994
vn -0.000044 0.000306 1.000000
vn 0.000000 0.000318 1.000000
vn 0.000000 0.000331 1.000000
vn 0.000000 0.000341 1.000000
vn 0.000000 0.000507 1.000000
vn 0.000011 0.002180 0.999998
vn 0.000707 0.004675 0.999989
vn 0.017334 0.005513 0.999835
vn 0.078224 0.004395 0.996926
vn 0.158493 -0.005120 0.987347
vn 0.181011 -0.020660 0.983264
vn 0.105903 -0.036099 0.993721
vn -0.035068 -0.043876 0.998421
vn -0.154467 -0.039510 0.987208
vn -0.198891 -0.025160 0.979699
vn -0.226069 -0.011346 0.974045
vn -0.257205 -0.003496 0.966350
vn -0.185660 0.005763 0.982597
vn -0.103599 0.021562 0.994385
vn 0.293024 -0.009499 0.956058
vn 0.256822 0.005049 0.966445
vn 0.177776 0.021029 0.983846
vn 0.135634 0.050262 0.989483
vn 0.131245 0.096671 0.986625
vn 0.076141 0.142335 0.986886
vn -0.076641 0.169428 0.982558
vn -0.279766 0.166060 0.945598
vn -0.389426 0.136697 0.910857
vn -0.327003 0.090551 0.940675
vn -0.151523 0.040786 0.987612
vn -0.028681 0.010952 0.999529
vn -0.000894 0.002020 0.999998
vn -0.000001 0.000044 1.000000
vn 0.000000 0.000000 1.000000
vn 0.000000 0.000000 1.000000
vn 0.000197 0.000011 1.000000
vn 0.013433 0.000675 0.999910
vn 0.070702 0.010777 0.997439
vn 0.151569 0.034003 0.987862
vn 0.177186 0.061572 0.982249
vn 0.106095 0.082532 0.990925
vn -0.031339 0.087592 0.995663
vn -0.150045 0.075232 0.985813
vn -0.195681 0.054413 0.979157
vn -0.222619 0.032524 0.974363
vn -0.256250 0.012904 0.966524
vn -0.192012 0.005200 0.981379
vn -0.114180 0.010017 0.993410
vn 0.276434 0.021868 0.960784
vn 0.235951 0.050437 0.970455
vn 0.143183 0.085250 0.986018
vn 0.078831 0.136154 0.987546
vn 0.061520 0.212250 0.975277
vn 0.022334 0.285452 0.958133
vn -0.084923 0.319393 0.943809
vn -0.235755 0.291724 0.926993
vn -0.317366 0.206925 0.925452
vn -0.250929 0.101854 0.962632
vn -0.103400 0.024026 0.994350
vn -0.015500 0.000895 0.999879
vn -0.000088 0.000001 1.000000
vn 0.000000 -0.000011 1.000000
vn 0.000032 -0.001149 0.999999
vn 0.006544 -0.004632 0.999968
vn 0.044701 0.004808 0.998989
vn 0.108121 0.049100 0.992924
vn 0.133748 0.113394 0.984507
vn 0.080408 0.165928 0.982854
vn -0.027888 0.184444 0.982447
vn -0.122277 0.165493 0.978601
vn -0.157691 0.123147 0.979780
vn -0.186616 0.075041 0.979563
vn -0.231827 0.032676 0.972208
vn -0.182666 0.009980 0.983124
vn -0.113048 0.007001 0.993565
vn 0.240005 0.112047 0.964284
vn 0.197241 0.128133 0.971945
vn 0.094766 0.160123 0.982538
vn 0.009635 0.208540 0.977966
vn -0.018834 0.275388 0.961148
vn -0.034101 0.336691 0.940998
vn -0.083143 0.357911 0.930047
vn -0.164677 0.318316 0.933572
vn -0.204769 0.215481 0.954797
vn -0.144664 0.093287 0.985073
vn -0.048971 0.016606 0.998662
vn -0.004650 0.000439 0.999989
vn 0.000000 0.000015 1.000000
vn 0.000011 -0.000002 1.000000
vn 0.001149 -0.001924 0.999998
vn 0.004818 -0.012713 0.999908
vn 0.007458 -0.029206 0.999546
vn 0.016815 -0.030384 0.999397
vn 0.043289 0.013692 0.998969
vn 0.061305 0.092002 0.993870
vn 0.034683 0.163897 0.985868
vn -0.031103 0.197513 0.979807
vn -0.088890 0.189059 0.977934
vn -0.106421 0.153444 0.982410
vn -0.135161 0.106738 0.985058
vn -0.195075 0.061030 0.978888
vn -0.166994 0.032091 0.985435
vn -0.108261 0.023271 0.993850
vn 0.225374 0.266254 0.937185
vn 0.178518 0.250938 0.951400
vn 0.061725 0.231663 0.970836
vn -0.039292 0.241178 0.969685
vn -0.072703 0.273205 0.959205
vn -0.066359 0.301172 0.951258
vn -0.065612 0.300825 0.951420
vn -0.086573 0.255054 0.963043
vn -0.090109 0.162218 0.982632
vn -0.050198 0.064892 0.996629
vn -0.010129 0.014579 0.999842
vn 0.001058 0.004533 0.999989
vn 0.000351 0.001426 0.999999
vn 0.000015 0.000251 1.000000
vn 0.000000 0.000014 1.000000
vn 0.000000 0.000002 1.000000
vn 0.000000 0.000000 1.000000
vn 0.000002 0.000000 1.000000
vn 0.001924 -0.000430 0.999998
vn 0.012714 -0.009965 0.999869
vn 0.027309 -0.036809 0.998949
vn 0.024167 -0.066827 0.997472
vn 0.001825 -0.078902 0.996881
vn -0.013814 -0.055973 0.998337
vn -0.016065 0.003908 0.999863
vn -0.026354 0.076189 0.996745
vn -0.054464 0.127615 0.990327
vn -0.078608 0.145718 0.986198
vn -0.075654 0.142206 0.986942
vn -0.096261 0.122728 0.987761
vn -0.160682 0.087930 0.983082
vn -0.145694 0.050351 0.988048
vn -0.095376 0.029056 0.995017
vn 0.228810 0.370722 0.900117
vn 0.204092 0.363182 0.909090
vn 0.102208 0.295135 0.949973
vn -0.034166 0.240933 0.969940
vn -0.082247 0.230043 0.969699
vn -0.064007 0.224312 0.972413
vn -0.036182 0.207630 0.977538
vn -0.023415 0.169830 0.985195
vn -0.012774 0.110491 0.993795
vn 0.003906 0.057571 0.998334
vn 0.011351 0.031853 0.999428
vn 0.008504 0.019371 0.999776
vn 0.004289 0.010008 0.999941
vn 0.001414 0.004366 0.999989
vn 0.000250 0.001834 0.999998
vn 0.000013 0.000879 1.000000
vn 0.000002 0.000824 1.000000
vn 0.000431 0.000864 1.000000
vn 0.009978 -0.001382 0.999949
vn 0.037558 -0.018286 0.999127
vn 0.061736 -0.050325 0.996823
vn 0.049658 -0.080497 0.995517
vn 0.005888 -0.097998 0.995169
vn -0.039512 -0.101022 0.994099
vn -0.070274 -0.076584 0.994584
vn -0.088847 -0.024575 0.995742
vn -0.101585 0.035128 0.994206
vn -0.104458 0.081396 0.991193
vn -0.083865 0.112774 0.990075
vn -0.082060 0.127103 0.988489
vn -0.125154 0.099715 0.987114
vn -0.109233 0.042417 0.993111
vn -0.065929 0.002024 0.997822
vn 0.216410 0.392084 0.894112
vn 0.234670 0.406033 0.883214
vn 0.199326 0.326166 0.924059
vn 0.031740 0.226830 0.973417
vn -0.056648 0.186789 0.980766
vn -0.044128 0.167533 0.984878
vn -0.011348 0.151718 0.988359
vn 0.010244 0.134813 0.990818
vn 0.022087 0.110291 0.993654
vn 0.028233 0.087318 0.995780
vn 0.027951 0.069080 0.997219
vn 0.022929 0.050951 0.998438
vn 0.015400 0.034479 0.999287
vn 0.008219 0.021670 0.999731
vn 0.003500 0.013714 0.999900
vn 0.001016 0.012723 0.999919
vn 0.000017 0.016265 0.999868
vn 0.002211 0.018292 0.999830
vn 0.021094 0.012718 0.999697
vn 0.061758 -0.006898 0.998067
vn 0.089671 -0.031023 0.995488
vn 0.072194 -0.047580 0.996255
vn 0.022622 -0.064219 0.997679
vn -0.035372 -0.084601 0.995787
vn -0.092499 -0.089999 0.991637
vn -0.137080 -0.064865 0.988434
vn -0.159147 -0.011948 0.987183
vn -0.155444 0.050912 0.986532
vn -0.121107 0.105050 0.987065
vn -0.083727 0.135683 0.987208
vn -0.078009 0.109139 0.990961
vn -0.049793 0.035692 0.998122
vn -0.015815 -0.019349 0.999688
vn 0.216026 0.325886 0.920397
vn 0.279626 0.368278 0.886668
vn 0.309448 0.305215 0.900603
vn 0.123224 0.208498 0.970229
vn -0.022813 0.161856 0.986551
vn -0.029020 0.149595 0.988321
vn -0.003745 0.149563 0.988745
vn 0.017347 0.154582 0.987828
vn 0.034006 0.151943 0.987804
vn 0.044591 0.139914 0.989159
vn 0.047473 0.121791 0.991420
vn 0.043048 0.100701 0.993985
vn 0.033633 0.079051 0.996303
vn 0.022283 0.059785 0.997963
vn 0.009316 0.052705 0.998567
vn -0.002440 0.063308 0.997991
vn -0.005516 0.081148 0.996687
vn 0.004054 0.089947 0.995938
vn 0.035277 0.079554 0.996206
vn 0.081385 0.054983 0.995165
vn 0.102473 0.031443 0.994239
vn 0.082976 0.021004 0.996330
vn 0.043000 0.008300 0.999041
vn -0.014067 -0.015186 0.999786
vn -0.090740 -0.034655 0.995272
vn -0.166585 -0.030426 0.985557
vn -0.215150 0.006898 0.976557
vn -0.218497 0.067938 0.973470
vn -0.166620 0.126533 0.977869
vn -0.085553 0.156219 0.984010
vn -0.026702 0.133964 0.990626
vn 0.017303 0.069872 0.997406
vn 0.042412 0.018248 0.998933
vn 0.201824 0.172510 0.964110
vn 0.303718 0.272687 0.912906
vn 0.379626 0.254586 0.889421
vn 0.197857 0.185873 0.962447
vn 0.004071 0.137844 0.990446
vn -0.031693 0.136114 0.990186
vn -0.016149 0.152530 0.988167
vn 0.007576 0.177172 0.984151
vn 0.036037 0.195213 0.980098
vn 0.057563 0.196006 0.978912
vn 0.066546 0.182168 0.981013
vn 0.065361 0.161996 0.984624
vn 0.056275 0.138678 0.988737
vn 0.034819 0.122443 0.991865
vn 0.000631 0.132587 0.991171
vn -0.026525 0.166601 0.985668
vn -0.025691 0.204527 0.978524
vn 0.004558 0.220309 0.975419
vn 0.056256 0.204222 0.977307
vn 0.109374 0.170560 0.979258
vn 0.123180 0.135970 0.983025
vn 0.095049 0.108027 0.989594
vn 0.058209 0.088578 0.994367
vn 0.005957 0.073346 0.997289
vn -0.080153 0.057951 0.995097
vn -0.180908 0.053103 0.982065
vn -0.255813 0.073139 0.963956
vn -0.269636 0.116295 0.955914
vn -0.204481 0.160384 0.965642
vn -0.088834 0.182691 0.979149
vn 0.008112 0.175874 0.984379
vn 0.065134 0.151203 0.986355
vn 0.086945 0.123813 0.988489
vn 0.111586 0.030805 0.993277
vn 0.269089 0.183525 0.945468
vn 0.407553 0.213567 0.887857
vn 0.256673 0.164623 0.952375
vn 0.030444 0.111048 0.993349
vn -0.042793 0.111131 0.992884
vn -0.043303 0.135832 0.989785
vn -0.024547 0.176766 0.983947
vn 0.014916 0.218062 0.975821
vn 0.056670 0.240298 0.969043
vn 0.080465 0.237406 0.968072
vn 0.085891 0.221532 0.971363
vn 0.073203 0.202755 0.976489
vn 0.029658 0.200776 0.979188
vn -0.032212 0.228388 0.973037
vn -0.070742 0.277764 0.958041
vn -0.055524 0.325268 0.943990
vn 0.006961 0.344418 0.938791
vn 0.085357 0.323515 0.942365
vn 0.147632 0.277054 0.949445
vn 0.162961 0.229682 0.959526
vn 0.129302 0.184622 0.974267
vn 0.076795 0.151007 0.985545
vn 0.014668 0.140476 0.989976
vn -0.074626 0.141058 0.987185
vn -0.186780 0.143302 0.971894
vn -0.278425 0.155020 0.947865
vn -0.298576 0.178069 0.937627
vn -0.224825 0.199556 0.953746
vn -0.096268 0.212035 0.972509
vn 0.006686 0.231061 0.972916
vn 0.071196 0.255751 0.964117
vn 0.099520 0.257913 0.961029
vn -0.034216 0.003056 0.999410
vn 0.182644 0.145780 0.972311
vn 0.407719 0.190696 0.892972
vn 0.307143 0.156387 0.938726
vn 0.060852 0.103334 0.992783
vn -0.055579 0.099749 0.993459
vn -0.078964 0.127599 0.988678
vn -0.071987 0.174639 0.981997
vn -0.026484 0.226930 0.973551
vn 0.037533 0.264142 0.963753
vn 0.083973 0.274215 0.957995
vn 0.099264 0.265392 0.959017
vn 0.078025 0.255912 0.963546
vn 0.011874 0.262384 0.964891
vn -0.073013 0.288810 0.954598
vn -0.118606 0.332023 0.935785
vn -0.086844 0.372151 0.924100
vn 0.010879 0.387330 0.921877
vn 0.125151 0.360041 0.924504
vn 0.201396 0.300916 0.932142
vn 0.214134 0.242747 0.946161
vn 0.173588 0.199132 0.964476
vn 0.102172 0.168061 0.980467
vn 0.015076 0.163056 0.986502
vn -0.086022 0.182450 0.979445
vn -0.200080 0.205612 0.957962
vn -0.291799 0.221350 0.930515
vn -0.306697 0.229505 0.923723
vn -0.227490 0.232469 0.945625
vn -0.113071 0.243280 0.963343
vn -0.033355 0.286639 0.957458
vn 0.039854 0.338228 0.940220
vn 0.084547 0.363276 0.927837
vn -0.151849 0.023920 0.988114
vn 0.103705 0.126033 0.986591
vn 0.400998 0.176585 0.898898
vn 0.342758 0.168166 0.924249
vn 0.089561 0.124033 0.988228
vn -0.067823 0.116737 0.990844
vn -0.115825 0.144142 0.982755
vn -0.120009 0.184814 0.975419
vn -0.072077 0.230793 0.970330
vn 0.009219 0.268591 0.963210
vn 0.077624 0.287598 0.954600
vn 0.103760 0.289369 0.951577
vn 0.078182 0.287323 0.954638
vn -0.001435 0.287203 0.957869
vn -0.101236 0.293246 0.950662
vn -0.150516 0.305596 0.940189
vn -0.105116 0.317312 0.942477
vn 0.023001 0.312625 0.949598
vn 0.171222 0.275442 0.945947
vn 0.260622 0.216367 0.940883
vn 0.262708 0.164325 0.950779
vn 0.205142 0.137637 0.969006
vn 0.114569 0.132424 0.984550
vn 0.001089 0.147151 0.989113
vn -0.118905 0.185392 0.975444
vn -0.229902 0.227697 0.946202
vn -0.303623 0.248820 0.919729
vn -0.302519 0.250325 0.919684
vn -0.225849 0.249749 0.941604
vn -0.142756 0.269207 0.952443
vn -0.089193 0.323339 0.942070
vn -0.008877 0.387094 0.921998
vn 0.047957 0.426464 0.903232
vn -0.228575 -0.024455 0.973219
vn 0.027452 0.062194 0.997686
vn 0.371573 0.149178 0.916340
vn 0.359043 0.183594 0.915085
vn 0.116304 0.161583 0.979982
vn -0.077964 0.149288 0.985715
vn -0.146480 0.173322 0.973911
vn -0.155215 0.203393 0.966716
vn -0.107117 0.242472 0.964227
vn -0.019183 0.286556 0.957871
vn 0.061403 0.323778 0.944138
vn 0.099382 0.345912 0.932989
vn 0.082484 0.350257 0.933015
vn 0.006198 0.335486 0.942025
vn -0.094132 0.305063 0.947669
vn -0.141943 0.262922 0.954319
vn -0.090371 0.220242 0.971250
vn 0.049902 0.178249 0.982719
vn 0.208397 0.133476 0.968894
vn 0.296971 0.095144 0.950135
vn 0.285761 0.072597 0.955547
vn 0.206184 0.071475 0.975899
vn 0.095830 0.095158 0.990839
vn -0.035852 0.135593 0.990116
vn -0.167706 0.186236 0.968086
vn -0.266870 0.231289 0.935567
vn -0.315269 0.252828 0.914704
vn -0.300053 0.258063 0.918353
vn -0.233333 0.268937 0.934467
vn -0.180427 0.297403 0.937549
vn -0.155926 0.344289 0.925825
vn -0.074612 0.406113 0.910772
vn -0.005378 0.441034 0.897474
vn -0.301371 -0.123894 0.945423
vn -0.072837 -0.028089 0.996948
vn 0.297202 0.121068 0.947108
vn 0.336277 0.219785 0.915758
vn 0.129786 0.223582 0.966006
vn -0.082902 0.210292 0.974117
vn -0.172065 0.236515 0.956271
vn -0.187610 0.268607 0.944803
vn -0.152271 0.310310 0.938361
vn -0.072158 0.360398 0.930003
vn 0.015622 0.408226 0.912747
vn 0.076332 0.442655 0.893437
vn 0.090923 0.452540 0.887097
vn 0.044274 0.434027 0.899811
vn -0.034307 0.379784 0.924439
vn -0.072843 0.291101 0.953915
vn -0.025921 0.192444 0.980965
vn 0.098311 0.114753 0.988517
vn 0.235668 0.072577 0.969120
vn 0.307581 0.065682 0.949252
vn 0.283976 0.082667 0.955261
vn 0.186502 0.110225 0.976252
vn 0.054337 0.150044 0.987185
vn -0.088808 0.200130 0.975736
vn -0.215510 0.248033 0.944476
vn -0.296861 0.282591 0.912149
vn -0.326082 0.301867 0.895850
vn -0.304718 0.316592 0.898285
vn -0.247606 0.339267 0.907518
vn -0.208983 0.361265 0.908743
vn -0.199974 0.376663 0.904508
vn -0.119244 0.400619 0.908452
vn -0.043534 0.408546 0.911699
vn -0.392381 -0.156298 0.906426
vn -0.219941 -0.045112 0.974470
vn 0.137747 0.169322 0.975887
vn 0.257182 0.344012 0.903058
vn 0.118457 0.399407 0.909088
vn -0.100075 0.382432 0.918548
vn -0.209698 0.387906 0.897527
vn -0.227941 0.400661 0.887420
vn -0.195915 0.409692 0.890938
vn -0.119586 0.424240 0.897619
vn -0.029877 0.446589 0.894240
vn 0.047354 0.471981 0.880336
vn 0.092868 0.492121 0.865559
vn 0.088081 0.488613 0.868043
vn 0.054292 0.441615 0.895561
vn 0.042352 0.347729 0.936638
vn 0.079075 0.227645 0.970528
vn 0.158410 0.130009 0.978777
vn 0.246070 0.093996 0.964684
vn 0.287370 0.113051 0.951125
vn 0.251409 0.158540 0.954808
vn 0.148260 0.207276 0.966983
vn 0.008405 0.253503 0.967298
vn -0.137513 0.293993 0.945864
vn -0.253992 0.324995 0.910970
vn -0.319473 0.344601 0.882716
vn -0.337997 0.361778 0.868835
vn -0.314255 0.384328 0.868065
vn -0.253614 0.408080 0.877012
vn -0.202709 0.413347 0.887724
vn -0.184666 0.396930 0.899080
vn -0.106673 0.376849 0.920111
vn -0.036842 0.350892 0.935691
vn -0.502308 -0.087494 0.860251
vn -0.397868 0.029412 0.916971
vn -0.117910 0.253760 0.960054
vn 0.082569 0.451932 0.888223
vn 0.066064 0.540465 0.838769
vn -0.087318 0.535289 0.840143
vn -0.200505 0.498743 0.843240
vn -0.209357 0.462610 0.861488
vn -0.170871 0.415599 0.893354
vn -0.107590 0.378631 0.919273
vn -0.040032 0.365376 0.929999
vn 0.017561 0.378608 0.925390
vn 0.068491 0.412871 0.908211
vn 0.105914 0.435676 0.893851
vn 0.126942 0.413442 0.901638
vn 0.154815 0.347139 0.924947
vn 0.194360 0.260922 0.945592
vn 0.227887 0.188592 0.955249
vn 0.250993 0.161724 0.954383
vn 0.251860 0.180793 0.950726
vn 0.203154 0.221031 0.953873
vn 0.098570 0.260299 0.960483
vn -0.037827 0.288868 0.956621
vn -0.175734 0.307732 0.935104
vn -0.283132 0.311014 0.907252
vn -0.345954 0.306859 0.886653
vn -0.368737 0.310536 0.876128
vn -0.343502 0.330302 0.879151
vn -0.265086 0.355217 0.896410
vn -0.186811 0.360299 0.913940
vn -0.149344 0.336283 0.929844
vn -0.066053 0.297518 0.952429
vn 0.004591 0.254381 0.967093
vn -0.593579 -0.020394 0.804517
vn -0.526981 0.043602 0.848758
vn -0.321942 0.184504 0.928607
vn -0.085358 0.333062 0.939033
vn 0.005694 0.424643 0.905343
vn -0.050928 0.436928 0.898054
vn -0.122626 0.380059 0.916797
vn -0.121307 0.303600 0.945046
vn -0.084578 0.218995 0.972053
vn -0.050218 0.153457 0.986879
vn -0.025240 0.125089 0.991824
vn -0.008095 0.135077 0.990802
vn 0.024309 0.172685 0.984677
vn 0.084865 0.215637 0.972779
vn 0.151044 0.230385 0.961306
vn 0.203618 0.214552 0.955253
vn 0.241766 0.195393 0.950458
vn 0.260264 0.185736 0.947504
vn 0.258335 0.187393 0.947706
vn 0.235371 0.203100 0.950448
vn 0.178234 0.224750 0.957977
vn 0.078742 0.238266 0.968003
vn -0.053686 0.239820 0.969332
vn -0.185292 0.229612 0.955482
vn -0.285592 0.201978 0.936826
vn -0.354120 0.166913 0.920184
vn -0.392105 0.142613 0.908799
vn -0.382342 0.142092 0.913030
vn -0.306781 0.162567 0.937794
vn -0.204291 0.182402 0.961767
vn -0.128268 0.173985 0.976359
vn -0.022389 0.135799 0.990483
vn 0.055166 0.094233 0.994021
vn -0.596748 -0.068488 0.799501
vn -0.533508 -0.110502 0.838546
vn -0.361417 -0.099468 0.927084
vn -0.138577 -0.060524 0.988501
vn -0.006213 -0.018254 0.999814
vn 0.001266 -0.008717 0.999961
vn -0.034871 -0.053320 0.997968
vn -0.033983 -0.119017 0.992310
vn -0.011209 -0.178974 0.983790
vn -0.001707 -0.220266 0.975438
vn -0.008306 -0.234831 0.972001
vn -0.015630 -0.226978 0.973774
vn 0.001307 -0.205101 0.978740
vn 0.050899 -0.173892 0.983448
vn 0.115284 -0.140553 0.983339
vn 0.168746 -0.108457 0.979674
vn 0.203689 -0.066663 0.976763
vn 0.223533 -0.019412 0.974503
vn 0.227565 0.021103 0.973534
vn 0.208681 0.050777 0.976665
vn 0.156079 0.065443 0.985574
vn 0.062626 0.064280 0.995965
vn -0.056964 0.054417 0.996892
vn -0.170023 0.031571 0.984934
vn -0.258361 -0.003253 0.966043
vn -0.328098 -0.043458 0.943644
vn -0.380230 -0.074675 0.921872
vn -0.393575 -0.089939 0.914882
vn -0.343139 -0.088665 0.935091
vn -0.241707 -0.077033 0.967287
vn -0.123948 -0.072427 0.989642
vn 0.018637 -0.085098 0.996198
vn 0.101276 -0.097149 0.990104
vn -0.511510 -0.147286 0.846561
vn -0.454891 -0.242233 0.856970
vn -0.318217 -0.277356 0.906538
vn -0.125275 -0.280620 0.951608
vn 0.007839 -0.272572 0.962103
vn 0.036443 -0.273182 0.961272
vn 0.015992 -0.300259 0.953724
vn 0.013178 -0.340785 0.940049
vn 0.024684 -0.378356 0.925331
vn 0.020177 -0.405731 0.913770
vn -0.001096 -0.414982 0.909829
vn -0.017849 -0.408850 0.912427
vn -0.011251 -0.393071 0.919439
vn 0.020570 -0.368611 0.929356
vn 0.063982 -0.337779 0.939048
vn 0.098425 -0.298809 0.949224
vn 0.123585 -0.243754 0.961931
vn 0.148315 -0.181732 0.972099
vn 0.167209 -0.126922 0.977718
vn 0.167667 -0.088046 0.981904
vn 0.133368 -0.073154 0.988363
vn 0.053725 -0.078284 0.995482
vn -0.050865 -0.092664 0.994397
vn -0.149459 -0.116015 0.981938
vn -0.230818 -0.145753 0.962018
vn -0.300954 -0.177944 0.936890
vn -0.357185 -0.202883 0.911733
vn -0.378438 -0.220536 0.898971
vn -0.342984 -0.231251 0.910431
vn -0.257053 -0.234055 0.937626
vn -0.142587 -0.228635 0.963013
vn 0.004643 -0.213893 0.976846
vn 0.088304 -0.195356 0.976749
vn 0.032567 -0.368055 0.929233
vn -0.295266 -0.045138 0.954348
vn -0.170701 -0.015743 0.985197
vn 0.059142 -0.207803 0.976381
vn 0.000137 -0.011566 0.999933
vn 0.163610 -0.127240 0.978285
vn 0.003908 0.054338 0.998515
vn 0.088816 0.010280 0.995995
vn -0.039550 0.053224 0.997799
vn -0.058516 0.031029 0.997804
vn -0.058143 0.027952 0.997917
vn -0.102331 0.008119 0.994717
vn -0.043944 -0.015331 0.998916
vn -0.061254 -0.053383 0.996694
vn -0.025929 -0.011230 0.999601
vn -0.028959 -0.039712 0.998792
vn -0.019618 -0.035490 0.999178
vn -0.043090 -0.065123 0.996946
vn -0.025308 -0.053624 0.998240
vn -0.109189 -0.059693 0.992227
vn -0.019555 -0.149853 0.988515
vn -0.235224 -0.155602 0.959405
vn 0.068566 -0.302288 0.950747
vn -0.195047 -0.359009 0.912726
vn 0.242021 -0.422334 0.873533
vn -0.023674 -0.546845 0.836899
vn 0.494005 -0.468642 0.732348
vn 0.645143 -0.541317 0.539227
vn 0.555142 -0.004578 0.831743
vn 0.770898 -0.007423 0.636916
vn 0.368979 0.143974 0.918219
vn 0.396191 0.163950 0.903412
vn 0.184002 0.124458 0.975015
vn 0.118315 0.127749 0.984724
vn -0.003937 0.107549 0.994192
vn -0.061295 0.122659 0.990554
vn -0.270689 0.032816 0.962107
vn -0.579423 0.086688 0.810404
vn -0.405628 -0.361980 0.839307
vn -0.744595 -0.263908 0.613132
vn -0.336346 -0.611581 0.716128
vn -0.658838 -0.529153 0.534724
vn -0.224821 -0.763610 0.605273
vn -0.513709 -0.726629 0.456194
vn -0.109356 -0.841726 0.528713
vn -0.233100 -0.872240 0.429955
vn -0.059103 -0.853772 0.517282
vn -0.049370 -0.886048 0.460957
vn -0.103390 -0.860210 0.499349
vn -0.046664 -0.882950 0.467142
vn -0.160272 -0.861017 0.482661
vn -0.063685 -0.865023 0.497674
vn -0.159570 -0.824765 0.542495
vn -0.097206 -0.837152 0.538264
vn -0.183811 -0.747159 0.638723
vn -0.112857 -0.834912 0.538689
vn -0.488611 -0.593187 0.639835
vn -0.202167 -0.802308 0.561632
vn -0.673068 -0.433526 0.599195
vn -0.343171 -0.635688 0.691473
vn -0.571404 -0.263143 0.777337
vn -0.345011 -0.402469 0.847931
vn -0.413468 -0.183455 0.891846
vn -0.270070 -0.262014 0.926504
vn -0.347262 -0.087754 0.933653
vn -0.208401 -0.119096 0.970765
vn -0.164532 0.409995 0.897125
vn -0.086069 0.245176 0.965651
vn -0.000946 0.169722 0.985492
vn 0.004381 0.146068 0.989265
vn -0.016705 0.120741 0.992544
vn -0.030888 0.094008 0.995092
vn -0.027670 0.072191 0.997007
vn -0.015457 0.067429 0.997604
vn 0.001427 0.059529 0.998226
vn 0.026622 0.040430 0.998828
vn 0.072827 -0.011060 0.997283
vn 0.157931 -0.080983 0.984124
vn 0.269625 -0.128505 0.954353
vn 0.380145 -0.106788 0.918742
vn 0.391532 0.080215 0.916661
vn 0.311988 0.181205 0.932646
vn 0.216376 0.189856 0.957672
vn 0.113399 0.152735 0.981740
vn 0.005738 0.040918 0.999146
vn -0.049188 -0.210970 0.976254
vn -0.022842 -0.435027 0.900128
vn 0.018034 -0.586573 0.809695
vn 0.035453 -0.674115 0.737775
vn 0.012867 -0.715358 0.698640
vn -0.044314 -0.741522 0.669464
vn -0.240547 -0.757203 0.607273
vn -0.520357 -0.648814 0.555221
vn -0.668284 -0.400297 0.627024
vn -0.719730 -0.116414 0.684424
vn -0.748912 -0.192624 0.634056
vn -0.671531 -0.096811 0.734625
vn -0.471821 -0.022151 0.881416
vn -0.399532 -0.011294 0.916650
vn 0.005033 0.503852 0.863775
vn 0.040852 0.395713 0.917465
vn 0.074149 0.299590 0.951182
vn 0.059755 0.234634 0.970246
vn 0.026412 0.190204 0.981389
vn -0.004013 0.161614 0.986846
vn -0.021102 0.153473 0.987927
vn -0.022810 0.163538 0.986273
vn -0.006146 0.181928 0.983293
vn 0.030766 0.197138 0.979893
vn 0.085002 0.198956 0.976315
vn 0.158898 0.187010 0.969422
vn 0.232824 0.187572 0.954259
vn 0.276990 0.214282 0.936675
vn 0.278011 0.290426 0.915621
vn 0.256581 0.339374 0.904981
vn 0.227362 0.344989 0.910653
vn 0.198621 0.312454 0.928936
vn 0.183969 0.232035 0.955152
vn 0.195317 0.090962 0.976513
vn 0.221710 -0.063193 0.973063
vn 0.226682 -0.193257 0.954603
vn 0.182909 -0.287104 0.940274
vn 0.075728 -0.342588 0.936429
vn -0.113816 -0.348672 0.930308
vn -0.505263 -0.238436 0.829372
vn -0.775517 -0.140842 0.615416
vn -0.817769 -0.090217 0.568432
vn -0.772498 0.006668 0.634982
vn -0.771139 0.025347 0.636162
vn -0.715242 0.028576 0.698293
vn -0.493503 0.122300 0.861102
vn -0.368004 0.067554 0.927367
vn 0.090384 0.627560 0.773304
vn 0.143087 0.487111 0.861539
vn 0.181752 0.352538 0.917978
vn 0.143401 0.267758 0.952755
vn 0.080541 0.217032 0.972836
vn 0.018164 0.196491 0.980337
vn -0.029428 0.202295 0.978882
vn -0.054804 0.231680 0.971247
vn -0.053652 0.277542 0.959214
vn -0.020917 0.332810 0.942762
vn 0.042164 0.386404 0.921366
vn 0.114187 0.423914 0.898476
vn 0.173056 0.448827 0.876702
vn 0.196470 0.471067 0.859939
vn 0.197127 0.495592 0.845890
vn 0.208106 0.514905 0.831604
vn 0.222892 0.513340 0.828734
vn 0.239427 0.488474 0.839087
vn 0.266663 0.441549 0.856694
vn 0.303537 0.374697 0.876052
vn 0.331736 0.303170 0.893330
vn 0.322488 0.244664 0.914407
vn 0.246940 0.210340 0.945927
vn 0.071785 0.205812 0.975955
vn -0.230340 0.234197 0.944508
vn -0.573592 0.267167 0.774348
vn -0.767186 0.190395 0.612516
vn -0.814223 0.112220 0.569604
vn -0.791043 0.087582 0.605459
vn -0.773852 0.106248 0.624391
vn -0.709887 0.064279 0.701376
vn -0.467793 0.173720 0.866598
vn -0.283245 0.091984 0.954626
vn 0.288905 0.757290 0.585701
vn 0.351905 0.491536 0.796590
vn 0.329422 0.326705 0.885858
vn 0.238951 0.241857 0.940430
vn 0.131385 0.200728 0.970797
vn 0.029200 0.194223 0.980523
vn -0.052693 0.214381 0.975328
vn -0.108135 0.260041 0.959524
vn -0.131121 0.325216 0.936505
vn -0.116962 0.406497 0.906135
vn -0.059384 0.498449 0.864883
vn 0.030415 0.566520 0.823486
vn 0.108736 0.609882 0.784997
vn 0.145796 0.638887 0.755359
vn 0.153914 0.651051 0.743265
vn 0.174286 0.649492 0.740124
vn 0.214473 0.639935 0.737892
vn 0.254583 0.616504 0.745057
vn 0.293078 0.586898 0.754756
vn 0.329805 0.556575 0.762531
vn 0.349857 0.529447 0.772843
vn 0.328969 0.514062 0.792161
vn 0.240823 0.516302 0.821849
vn 0.055460 0.530524 0.845854
vn -0.228932 0.526335 0.818878
vn -0.523458 0.455247 0.720237
vn -0.700788 0.340441 0.626895
vn -0.761997 0.218311 0.609673
vn -0.759809 0.133888 0.636211
vn -0.745959 0.079136 0.661274
vn -0.716191 0.007943 0.697859
vn -0.474490 0.046061 0.879055
vn -0.182083 0.063351 0.981240
vn 0.719626 0.387424 0.576230
vn 0.653935 0.266643 0.708005
vn 0.478434 0.213519 0.851769
vn 0.319428 0.170495 0.932146
vn 0.164834 0.156509 0.973825
vn 0.024073 0.166399 0.985765
vn -0.091464 0.200643 0.975385
vn -0.175126 0.256580 0.950525
vn -0.222649 0.330524 0.917159
vn -0.234247 0.420217 0.876667
vn -0.176802 0.522120 0.834345
vn -0.069108 0.603592 0.794293
vn 0.023138 0.662691 0.748536
vn 0.085515 0.702860 0.706170
vn 0.132411 0.729053 0.671527
vn 0.172569 0.739336 0.650847
vn 0.219956 0.721214 0.656863
vn 0.269193 0.688562 0.673362
vn 0.301047 0.663445 0.684991
vn 0.326446 0.654218 0.682226
vn 0.341152 0.646655 0.682241
vn 0.319920 0.643776 0.695128
vn 0.237635 0.649857 0.721953
vn 0.070855 0.658156 0.749540
vn -0.169978 0.635389 0.753252
vn -0.435670 0.552125 0.710880
vn -0.612425 0.414309 0.673263
vn -0.680283 0.273316 0.680083
vn -0.698480 0.155202 0.698597
vn -0.694482 0.065612 0.716512
vn -0.661466 -0.010539 0.749901
vn -0.473671 -0.068214 0.878056
vn -0.285727 0.024863 0.957988
vn 0.691255 0.102381 0.715321
vn 0.641801 0.099244 0.760422
vn 0.511798 0.090839 0.854290
vn 0.345479 0.089273 0.934171
vn 0.167865 0.102060 0.980513
vn 0.000713 0.128863 0.991662
vn -0.141384 0.172818 0.974754
vn -0.246670 0.233013 0.940670
vn -0.312128 0.307667 0.898842
vn -0.334717 0.393686 0.856140
vn -0.280853 0.484843 0.828281
vn -0.165812 0.571015 0.804020
vn -0.060375 0.630100 0.774163
vn 0.005824 0.674593 0.738167
vn 0.051621 0.720907 0.691106
vn 0.150868 0.744445 0.650415
vn 0.273715 0.697463 0.662288
vn 0.325610 0.664075 0.673040
vn 0.314411 0.666756 0.675708
vn 0.307519 0.699357 0.645238
vn 0.326108 0.707961 0.626454
vn 0.319974 0.705149 0.632758
vn 0.256770 0.702985 0.663235
vn 0.118280 0.700758 0.703525
vn -0.094377 0.675555 0.731244
vn -0.320566 0.594091 0.737762
vn -0.482134 0.446369 0.753858
vn -0.570517 0.292433 0.767459
vn -0.614070 0.159035 0.773062
vn -0.630581 0.057517 0.773989
vn -0.613656 -0.013642 0.789456
vn -0.478016 -0.047510 0.877065
vn -0.348358 0.006465 0.937339
vn 0.729796 -0.052260 0.681665
vn 0.664424 -0.040008 0.746284
vn 0.511685 -0.007666 0.859139
vn 0.337560 0.023913 0.941000
vn 0.147367 0.054439 0.987583
vn -0.036707 0.092696 0.995018
vn -0.195909 0.141282 0.970391
vn -0.315488 0.200576 0.927489
vn -0.390252 0.270822 0.879976
vn -0.413404 0.346980 0.841845
vn -0.358081 0.421281 0.833247
vn -0.234102 0.486134 0.841944
vn -0.119199 0.515691 0.848442
vn -0.068768 0.543434 0.836630
vn -0.014135 0.579057 0.815164
vn 0.180979 0.588538 0.787953
vn 0.336355 0.520127 0.785069
vn 0.322290 0.544122 0.774636
vn 0.236790 0.600580 0.763698
vn 0.228238 0.672207 0.704305
vn 0.310941 0.693222 0.650199
vn 0.335619 0.722850 0.604026
vn 0.304168 0.708627 0.636655
vn 0.183969 0.702627 0.687365
vn 0.008070 0.670157 0.742176
vn -0.172523 0.578762 0.797038
vn -0.328306 0.437239 0.837280
vn -0.443909 0.287432 0.848721
vn -0.520531 0.158398 0.839022
vn -0.566769 0.062362 0.821513
vn -0.577659 0.002307 0.816275
vn -0.483255 -0.022760 0.875184
vn -0.385483 0.000959 0.922714
vn 0.601684 -0.284172 0.746473
vn 0.588056 -0.146352 0.795470
vn 0.467336 -0.067601 0.881491
vn 0.304951 -0.014583 0.952256
vn 0.114897 0.025901 0.993040
vn -0.079491 0.064318 0.994758
vn -0.248905 0.110599 0.962192
vn -0.375810 0.164745 0.911935
vn -0.452307 0.228455 0.862106
vn -0.466879 0.295909 0.833344
vn -0.394307 0.350728 0.849419
vn -0.241212 0.352889 0.904039
vn -0.116671 0.318254 0.940799
vn -0.076484 0.294221 0.952672
vn -0.019270 0.261665 0.964967
vn 0.192506 0.268593 0.943822
vn 0.313372 0.304686 0.899425
vn 0.251357 0.371863 0.893609
vn 0.158563 0.447329 0.880202
vn 0.147903 0.483258 0.862894
vn 0.215716 0.544080 0.810829
vn 0.303589 0.685591 0.661663
vn 0.353357 0.669528 0.653354
vn 0.262261 0.664582 0.699678
vn 0.132567 0.618993 0.774128
vn -0.023536 0.529332 0.848088
vn -0.184761 0.408080 0.894055
vn -0.327082 0.282270 0.901854
vn -0.436931 0.174286 0.882449
vn -0.515023 0.095091 0.851886
vn -0.550458 0.042461 0.833782
vn -0.477950 0.012866 0.878293
vn -0.393676 0.000002 0.919249
vn 0.491434 -0.292635 0.820279
vn 0.496081 -0.156684 0.854022
vn 0.411874 -0.073569 0.908266
vn 0.266548 -0.022237 0.963565
vn 0.082064 0.012609 0.996547
vn -0.115934 0.042473 0.992348
vn -0.293302 0.075612 0.953025
vn -0.425089 0.121195 0.897001
vn -0.501345 0.176326 0.847090
vn -0.502617 0.242778 0.829720
vn -0.379038 0.301891 0.874753
vn -0.166970 0.186181 0.968224
vn -0.046938 0.114503 0.992313
vn -0.014220 0.072505 0.997267
vn -0.001742 0.036124 0.999346
vn 0.101064 0.048912 0.993677
vn 0.216844 0.210248 0.953297
vn 0.184190 0.350681 0.918203
vn 0.130156 0.442389 0.887328
vn 0.140324 0.414360 0.899230
vn 0.077723 0.412165 0.907788
vn 0.202961 0.509315 0.836304
vn 0.362147 0.596584 0.716196
vn 0.317653 0.599900 0.734314
vn 0.227304 0.556402 0.799218
vn 0.089982 0.484721 0.870028
vn -0.074751 0.395055 0.915611
vn -0.237107 0.304891 0.922400
vn -0.373759 0.222225 0.900511
vn -0.472487 0.155735 0.867469
vn -0.520285 0.102516 0.847817
vn -0.449455 0.058731 0.891370
vn -0.360068 0.000000 0.932926
vn 0.436674 -0.179664 0.881497
vn 0.437945 -0.090580 0.894427
vn 0.374588 -0.035604 0.926507
vn 0.242102 -0.005825 0.970233
vn 0.061000 0.007174 0.998112
vn -0.138826 0.017884 0.990155
vn -0.322179 0.032633 0.946116
vn -0.459858 0.061912 0.885831
vn -0.538591 0.101350 0.836450
vn -0.537866 0.151413 0.829321
vn -0.310276 0.173324 0.934713
vn -0.029086 0.048413 0.998404
vn 0.000000 0.014209 0.999899
vn 0.000000 0.001867 0.999998
vn 0.000291 0.000017 1.000000
vn 0.011748 0.000123 0.999931
vn 0.018741 0.102697 0.994536
vn 0.031917 0.212636 0.976610
vn 0.095652 0.292891 0.951349
vn 0.173780 0.355068 0.918546
vn 0.129041 0.443265 0.887054
vn 0.134667 0.387626 0.911927
vn 0.284463 0.534619 0.795778
vn 0.343532 0.549682 0.761469
vn 0.291736 0.512287 0.807745
vn 0.168348 0.467456 0.867839
vn 0.000596 0.417912 0.908487
vn -0.172673 0.358541 0.917405
vn -0.319078 0.294464 0.900822
vn -0.427473 0.230340 0.874191
vn -0.478397 0.172037 0.861127
vn -0.386805 0.103916 0.916288
vn -0.277138 0.000000 0.960830
vn 0.425967 -0.030250 0.904233
vn 0.420930 0.009432 0.907044
vn 0.365377 0.027229 0.930461
vn 0.240612 0.023324 0.970341
vn 0.062061 0.007684 0.998043
vn -0.142138 -0.008108 0.989814
vn -0.331826 -0.013447 0.943245
vn -0.472386 -0.007098 0.881363
vn -0.549483 0.010573 0.835438
vn -0.520982 0.029383 0.853061
vn -0.250659 0.027943 0.967672
vn 0.000000 0.000291 1.000000
vn 0.000000 0.011807 0.999930
vn 0.000000 0.018010 0.999838
vn 0.000000 0.041163 0.999152
vn 0.001312 0.106254 0.994338
vn 0.043794 0.210349 0.976645
vn 0.098370 0.239993 0.965778
vn 0.220729 0.350542 0.910164
vn 0.345300 0.508122 0.789037
vn 0.334215 0.479283 0.811534
vn 0.215633 0.464781 0.858767
vn 0.051687 0.453065 0.889978
vn -0.116378 0.420763 0.899674
vn -0.263077 0.365330 0.892930
vn -0.373027 0.306681 0.875670
vn -0.414749 0.244168 0.876564
vn -0.285577 0.129502 0.949566
vn -0.153326 0.000000 0.988176
vn 0.429276 0.142722 0.891825
vn 0.425850 0.119744 0.896835
vn 0.382272 0.095530 0.919098
vn 0.264894 0.058489 0.962502
vn 0.085560 0.014932 0.996221
vn -0.125199 -0.024081 0.991839
vn -0.321094 -0.048964 0.945781
vn -0.464898 -0.061577 0.883221
vn -0.540021 -0.063663 0.839240
vn -0.518160 -0.066018 0.852732
vn -0.263008 -0.007218 0.964767
vn 0.000000 0.001245 0.999999
vn 0.000000 0.040887 0.999164
vn 0.010228 0.094802 0.995444
vn 0.228417 0.260777 0.937988
vn 0.357718 0.410509 0.838761
vn 0.241294 0.435958 0.867017
vn 0.080605 0.463215 0.882573
vn -0.069194 0.463099 0.883601
vn -0.205717 0.417640 0.885018
vn -0.316328 0.368447 0.874176
vn -0.314851 0.280087 0.906874
vn -0.143326 0.077663 0.986624
vn -0.022496 0.000000 0.999747
vn 0.486838 0.258563 0.834346
vn 0.475392 0.197828 0.857243
vn 0.424153 0.150260 0.893038
vn 0.309139 0.094959 0.946264
vn 0.128049 0.035040 0.991149
vn -0.092375 -0.018639 0.995550
vn -0.298824 -0.055840 0.952673
vn -0.449614 -0.077046 0.889894
vn -0.527544 -0.093764 0.844337
vn -0.536823 -0.115213 0.835791
vn -0.299505 -0.134410 0.944579
vn -0.007373 0.000000 0.999973
vn 0.037275 0.009849 0.999256
vn 0.192894 0.230412 0.953783
vn 0.221562 0.397047 0.890654
vn 0.070311 0.446832 0.891851
vn -0.044404 0.499532 0.865157
vn -0.155860 0.455334 0.876572
vn -0.235470 0.326719 0.915319
vn -0.127374 0.144346 0.981295
vn -0.006710 0.011231 0.999914
vn 0.530143 0.208171 0.821957
vn 0.515758 0.220695 0.827821
vn 0.466332 0.186356 0.864758
vn 0.359229 0.134776 0.923466
vn 0.178913 0.077151 0.980835
vn -0.052038 0.021898 0.998405
vn -0.275014 -0.023723 0.961148
vn -0.434690 -0.046159 0.899396
vn -0.509956 -0.062259 0.857944
vn -0.491599 -0.084824 0.866680
vn -0.364470 -0.136666 0.921132
vn -0.143101 0.000000 0.989708
vn 0.000386 0.000000 1.000000
vn 0.001447 0.037822 0.999283
vn 0.057588 0.201089 0.977879
vn 0.011308 0.278735 0.960302
vn -0.059247 0.283181 0.957235
vn -0.012877 0.237059 0.971410
vn -0.000330 0.124204 0.992257
vn 0.000000 0.006692 0.999978
vn 0.459345 0.347533 0.817449
vn 0.491724 0.269096 0.828128
vn 0.493233 0.220970 0.841364
vn 0.400344 0.176237 0.899258
vn 0.225256 0.132738 0.965215
vn -0.008378 0.090147 0.995893
vn -0.250740 0.049964 0.966764
vn -0.431302 0.020470 0.901976
vn -0.517032 0.015023 0.855834
vn -0.509487 0.024876 0.860118
vn -0.400390 0.066398 0.913936
vn -0.155773 0.000000 0.987793
vn 0.000000 0.000386 1.000000
vn 0.000000 0.001432 0.999999
vn 0.000000 0.057590 0.998340
vn 0.000000 0.012480 0.999922
vn 0.000000 0.000323 1.000000
vn 0.648659 0.295191 0.701501
vn 0.613499 0.260295 0.745564
vn 0.540522 0.243898 0.805202
vn 0.437815 0.219861 0.871768
vn 0.259878 0.197789 0.945168
vn 0.019375 0.174020 0.984551
vn -0.229337 0.142994 0.962786
vn -0.426591 0.103273 0.898529
vn -0.533126 0.089770 0.841260
vn -0.548962 0.098608 0.830010
vn -0.366105 0.118101 0.923049
vn -0.074972 0.000000 0.997186
vn 0.526999 0.025881 0.849472
vn 0.543605 0.213080 0.811844
vn 0.534945 0.264562 0.802397
vn 0.451867 0.274157 0.848913
vn 0.278582 0.278297 0.919208
vn 0.041184 0.271905 0.961442
vn -0.205634 0.240495 0.948618
vn -0.413326 0.191350 0.890251
vn -0.530862 0.150739 0.833944
vn -0.533196 0.135241 0.835112
vn -0.305908 0.060701 0.950124
vn -0.035326 0.000000 0.999376
vn 0.339461 0.000075 0.940620
vn 0.425807 0.204723 0.881350
vn 0.499557 0.292410 0.815438
vn 0.443853 0.330450 0.832945
vn 0.279423 0.359140 0.890472
vn 0.054652 0.367961 0.928234
vn -0.177624 0.339093 0.923832
vn -0.382060 0.275139 0.882230
vn -0.508480 0.201398 0.837190
vn -0.481494 0.157037 0.862266
vn -0.224475 0.024903 0.974162
vn -0.012950 0.000000 0.999916
vn 0.145897 0.000000 0.989300
vn 0.279267 0.152550 0.948018
vn 0.433464 0.290580 0.853037
vn 0.411781 0.363226 0.835765
vn 0.261693 0.415540 0.871116
vn 0.058639 0.438117 0.897003
vn -0.142800 0.416058 0.898055
vn -0.327849 0.343795 0.879954
vn -0.456512 0.236662 0.857664
vn -0.387564 0.132797 0.912228
vn -0.139620 0.003821 0.990198
vn -0.009985 -0.000060 0.999950
vn 0.044152 0.000000 0.999025
vn 0.138735 0.065673 0.988150
vn 0.311934 0.221988 0.923806
vn 0.346126 0.344635 0.872596
vn 0.222950 0.419198 0.880094
vn 0.050652 0.454583 0.889263
vn -0.108860 0.441387 0.890689
vn -0.250873 0.373264 0.893161
vn -0.348834 0.247804 0.903830
vn -0.269868 0.088148 0.958854
vn -0.087251 0.003295 0.996181
vn -0.009050 -0.000126 0.999959
vn -0.000060 0.000000 1.000000
vn 0.016434 0.000000 0.999865
vn 0.056799 0.019847 0.998188
vn 0.170199 0.116713 0.978473
vn 0.237669 0.261243 0.935556
vn 0.165315 0.358697 0.918699
vn 0.033566 0.403060 0.914558
vn -0.077492 0.392850 0.916332
vn -0.165020 0.330273 0.929348
vn -0.214894 0.212496 0.953240
vn -0.156301 0.063298 0.985679
vn -0.051324 0.005393 0.998667
vn -0.006672 -0.000071 0.999978
vn -0.000126 0.000000 1.000000
vn 0.004720 0.000000 0.999989
vn 0.022865 0.006839 0.999715
vn 0.076432 0.047375 0.995949
vn 0.120506 0.150408 0.981252
vn 0.090685 0.249424 0.964139
vn 0.016968 0.288969 0.957188
vn -0.042852 0.277373 0.959806
vn -0.084820 0.226094 0.970406
vn -0.102586 0.140155 0.984801
vn -0.072307 0.043287 0.996443
vn -0.024845 0.005382 0.999677
vn -0.003667 0.000070 0.999993
vn -0.000130 -0.000000 1.000000
vn 0.000000 -0.000084 1.000000
vn 0.000000 -0.000206 1.000000
vn 0.000000 -0.000108 1.000000
vn 0.002793 0.000000 0.999996
vn 0.009784 -0.002281 0.999950
vn 0.028554 0.011019 0.999531
vn 0.041647 0.059632 0.997351
vn 0.032051 0.119730 0.992289
vn 0.007138 0.148665 0.988862
vn -0.016621 0.145187 0.989264
vn -0.032276 0.114940 0.992848
vn -0.037038 0.069289 0.996909
vn -0.025331 0.022758 0.999420
vn -0.008689 0.003331 0.999957
vn -0.001304 0.000052 0.999999
vn -0.000055 -0.000727 1.000000
vn -0.000000 -0.003112 0.999995
vn 0.000000 -0.006396 0.999979
vn 0.000000 -0.008588 0.999963
vn 0.000000 -0.008151 0.999967
vn 0.000000 -0.005571 0.999985
vn 0.000000 -0.001616 0.999999
vn 0.000000 -0.000297 1.000000
vn 0.000000 -0.000209 1.000000
vn 0.000000 -0.000094 1.000000
vn 0.000000 -0.000031 1.000000
vn 0.000000 -0.000008 1.000000
vn 0.000000 -0.000011 1.000000
vn 0.000000 -0.000092 1.000000
vn 0.000000 -0.000586 1.000000
vn 0.000084 -0.002017 0.999998
vn 0.000206 -0.002588 0.999997
vn 0.000024 -0.001866 0.999998
vn -0.000206 -0.000868 1.000000
vn -0.000216 0.000000 1.000000
vn 0.009275 0.000000 0.999957
vn 0.011949 -0.028441 0.999524
vn 0.014985 -0.038592 0.999143
vn 0.011927 -0.021167 0.999705
vn 0.001736 0.012314 0.999923
vn -0.007923 0.040162 0.999162
vn -0.008927 0.050989 0.998659
vn -0.008969 0.042604 0.999052
vn -0.010409 0.024985 0.999634
vn -0.006983 0.008038 0.999943
vn -0.002287 0.000828 0.999997
vn 0.000388 -0.002078 0.999998
vn 0.003036 -0.007783 0.999965
vn 0.005676 -0.017524 0.999830
vn 0.005480 -0.029212 0.999558
vn 0.001748 -0.039545 0.999216
vn -0.003026 -0.045211 0.998973
vn -0.006538 -0.045122 0.998960
vn -0.005571 -0.037905 0.999266
vn -0.001319 -0.026397 0.999651
vn 0.000209 -0.015157 0.999885
vn -0.000203 -0.007040 0.999975
vn -0.000178 -0.002617 0.999997
vn -0.000085 -0.000806 1.000000
vn -0.000019 -0.000327 1.000000
vn 0.000084 -0.000785 1.000000
vn 0.000575 -0.003214 0.999995
vn 0.001926 -0.008290 0.999964
vn 0.002004 -0.012928 0.999914
vn -0.000151 -0.011862 0.999930
vn -0.001721 -0.007821 0.999968
vn -0.001867 -0.003619 0.999992
vn -0.001736 0.000000 0.999998
vn 0.058567 0.000000 0.998284
vn 0.048463 -0.100983 0.993707
vn 0.021238 -0.139325 0.990019
vn -0.009978 -0.125591 0.992032
vn -0.030262 -0.082895 0.996099
vn -0.031795 -0.038543 0.998751
vn -0.018702 -0.006841 0.999802
vn -0.005844 0.010699 0.999926
vn -0.002206 0.006442 0.999977
vn -0.001186 0.001584 0.999998
vn 0.001414 -0.001827 0.999997
vn 0.007312 -0.008037 0.999941
vn 0.015407 -0.020466 0.999672
vn 0.021445 -0.038542 0.999027
vn 0.022005 -0.060752 0.997910
vn 0.015927 -0.084333 0.996310
vn 0.005480 -0.104163 0.994545
vn -0.007339 -0.113014 0.993566
vn -0.018674 -0.105940 0.994197
vn -0.022705 -0.082048 0.996370
vn -0.019358 -0.051318 0.998495
vn -0.012550 -0.025971 0.999584
vn -0.006237 -0.011013 0.999920
vn -0.002290 -0.004096 0.999989
vn -0.000021 -0.002787 0.999996
vn 0.002889 -0.007502 0.999968
vn 0.007512 -0.020221 0.999767
vn 0.009722 -0.035001 0.999340
vn 0.003656 -0.038651 0.999246
vn -0.004907 -0.032184 0.999470
vn -0.008224 -0.021076 0.999744
vn -0.008030 -0.009843 0.999919
vn -0.007453 0.000000 0.999972
vn 0.198766 -0.012122 0.979972
vn 0.147035 -0.221207 0.964079
vn 0.037470 -0.264860 0.963559
vn -0.045596 -0.233512 0.971284
vn -0.086094 -0.168226 0.981982
vn -0.084257 -0.099434 0.991470
vn -0.058205 -0.046915 0.997202
vn -0.022108 -0.013032 0.999671
vn -0.001244 -0.003885 0.999992
vn 0.001291 -0.002316 0.999996
vn 0.007332 -0.004956 0.999961
vn 0.019024 -0.013275 0.999731
vn 0.033546 -0.028142 0.999041
vn 0.045971 -0.050462 0.997667
vn 0.051230 -0.080142 0.995466
vn 0.045017 -0.114171 0.992441
vn 0.025467 -0.146770 0.988843
vn -0.004871 -0.167502 0.985860
vn -0.036530 -0.164684 0.985670
vn -0.055937 -0.135858 0.989148
vn -0.055926 -0.092082 0.994180
vn -0.040561 -0.051254 0.997862
vn -0.022071 -0.023941 0.999470
vn -0.008313 -0.010758 0.999908
vn 0.003393 -0.011312 0.999930
vn 0.017530 -0.028597 0.999437
vn 0.028069 -0.057483 0.997952
vn 0.020325 -0.076907 0.996831
vn -0.000832 -0.076749 0.997050
vn -0.017733 -0.062391 0.997894
vn -0.024066 -0.040423 0.998893
vn -0.022946 -0.018872 0.999559
vn -0.021411 0.000000 0.999771
vn 0.400991 -0.521971 0.752830
vn 0.273271 -0.419983 0.865412
vn 0.025644 -0.366158 0.930199
vn -0.109730 -0.289943 0.950732
vn -0.165213 -0.197949 0.966189
vn -0.152883 -0.117907 0.981185
vn -0.104552 -0.061243 0.992632
vn -0.048363 -0.030628 0.998360
vn -0.012825 -0.011466 0.999852
vn -0.000114 -0.005266 0.999986
vn 0.012365 -0.005978 0.999906
vn 0.030487 -0.011972 0.999463
vn 0.052598 -0.023694 0.998335
vn 0.073471 -0.042866 0.996376
vn 0.085744 -0.070390 0.993828
vn 0.082577 -0.106545 0.990873
vn 0.058701 -0.151181 0.986762
vn 0.010191 -0.193720 0.981004
vn -0.050753 -0.204773 0.977493
vn -0.095714 -0.175515 0.979813
vn -0.104393 -0.120566 0.987201
vn -0.080943 -0.067926 0.994401
vn -0.046792 -0.032731 0.998368
vn -0.014898 -0.017772 0.999731
vn 0.017849 -0.024749 0.999534
vn 0.049026 -0.056717 0.997186
vn 0.055659 -0.096207 0.993804
vn 0.028847 -0.114839 0.992965
vn -0.010900 -0.113831 0.993440
vn -0.041196 -0.090731 0.995023
vn -0.051691 -0.056761 0.997049
vn -0.048422 -0.025853 0.998492
vn -0.045144 0.000000 0.998981
vn -0.069469 -0.743104 0.665561
vn -0.059641 -0.513583 0.855965
vn -0.118907 -0.373500 0.919978
vn -0.218579 -0.260810 0.940320
vn -0.257399 -0.143524 0.955587
vn -0.219264 -0.074649 0.972806
vn -0.144224 -0.038451 0.988798
vn -0.071093 -0.022128 0.997224
vn -0.026206 -0.009417 0.999612
vn -0.004142 -0.003996 0.999983
vn 0.014047 -0.002700 0.999898
vn 0.036738 -0.003514 0.999319
vn 0.064451 -0.006208 0.997902
vn 0.092694 -0.012130 0.995621
vn 0.114876 -0.024578 0.993076
vn 0.125605 -0.052794 0.990675
vn 0.112170 -0.109855 0.987598
vn 0.047571 -0.199702 0.978701
vn -0.055823 -0.235309 0.970316
vn -0.141050 -0.201471 0.969285
vn -0.164684 -0.124713 0.978430
vn -0.129108 -0.060661 0.989774
vn -0.072363 -0.027181 0.997008
vn -0.016214 -0.016988 0.999724
vn 0.042410 -0.028053 0.998706
vn 0.088790 -0.061005 0.994180
vn 0.085836 -0.104226 0.990843
vn 0.037718 -0.130880 0.990680
vn -0.024977 -0.135742 0.990429
vn -0.074622 -0.103271 0.991850
vn -0.088703 -0.055921 0.994487
vn -0.079545 -0.022736 0.996572
vn -0.072971 0.000000 0.997334
vn -0.211684 -0.524415 0.824729
vn -0.206397 -0.387668 0.898395
vn -0.244525 -0.281267 0.927953
vn -0.337073 -0.173000 0.925447
vn -0.341926 0.007462 0.939697
vn -0.252288 0.034502 0.967037
vn -0.154940 0.019729 0.987727
vn -0.076627 0.006359 0.997039
vn -0.030666 0.002076 0.999528
vn -0.006760 0.001373 0.999976
vn 0.011902 0.003133 0.999924
vn 0.034000 0.008635 0.999384
vn 0.061215 0.019083 0.997942
vn 0.091826 0.034400 0.995181
vn 0.126112 0.049940 0.990758
vn 0.166196 0.050295 0.984809
vn 0.201379 -0.010411 0.979458
vn 0.129372 -0.226903 0.965286
vn -0.051572 -0.300455 0.952401
vn -0.206366 -0.239763 0.948645
vn -0.247157 -0.093287 0.964474
vn -0.179609 -0.011471 0.983671
vn -0.090609 0.001590 0.995885
vn -0.013913 -0.000219 0.999903
vn 0.061906 -0.005450 0.998067
vn 0.124487 -0.016892 0.992078
vn 0.124871 -0.069004 0.989771
vn 0.060208 -0.125375 0.990281
vn -0.038247 -0.156097 0.987001
vn -0.120229 -0.101500 0.987544
vn -0.131417 -0.023273 0.991054
vn -0.103970 -0.001350 0.994579
vn -0.090448 0.000000 0.995901
vn -0.343614 -0.010965 0.939047
vn -0.323195 -0.234385 0.916847
vn -0.335660 -0.211056 0.918035
vn -0.480200 -0.181957 0.858079
vn -0.418094 0.273267 0.866327
vn -0.218275 0.184321 0.958322
vn -0.112307 0.090313 0.989561
vn -0.052775 0.037623 0.997898
vn -0.021177 0.014905 0.999665
vn -0.005203 0.007021 0.999962
vn 0.006776 0.008120 0.999944
vn 0.020752 0.018886 0.999606
vn 0.038571 0.042013 0.998372
vn 0.061578 0.079707 0.994915
vn 0.098151 0.132398 0.986325
vn 0.180616 0.199511 0.963106
vn 0.353211 0.210879 0.911467
vn 0.288968 -0.378916 0.879159
vn -0.050666 -0.474396 0.878852
vn -0.333170 -0.346849 0.876752
vn -0.391269 0.013798 0.920173
vn -0.223250 0.118588 0.967521
vn -0.083380 0.053907 0.995059
vn -0.009241 0.028513 0.999551
vn 0.058594 0.039407 0.997504
vn 0.149521 0.088335 0.984805
vn 0.191961 -0.007953 0.981370
vn 0.124291 -0.130192 0.983667
vn -0.047414 -0.249934 0.967101
vn -0.203505 -0.114744 0.972327
vn -0.185521 0.071339 0.980047
vn -0.102332 0.045003 0.993732
vn -0.075686 0.000000 0.997132
vn 0.335991 0.471420 0.815398
vn 0.045584 -0.134672 0.989841
vn -0.304651 -0.197952 0.931667
vn -0.693366 -0.241234 0.679006
vn -0.579957 0.387256 0.716717
vn -0.031298 0.254797 0.966488
vn 0.000000 0.121105 0.992640
vn 0.000000 0.050874 0.998705
vn 0.000000 0.020307 0.999794
vn 0.000000 0.009318 0.999957
vn 0.000000 0.010002 0.999950
vn 0.000000 0.022811 0.999740
vn 0.000000 0.051258 0.998685
vn 0.000000 0.099209 0.995067
vn 0.000000 0.172096 0.985080
vn 0.065929 0.285482 0.956114
vn 0.597142 0.293629 0.746461
vn 0.568075 -0.421974 0.706561
vn -0.110215 -0.578293 0.808350
vn -0.592088 -0.395517 0.702138
vn -0.652294 0.071406 0.754595
vn -0.211359 0.208169 0.954983
vn 0.000000 0.083846 0.996479
vn 0.000000 0.044101 0.999027
vn 0.000000 0.065356 0.997862
vn 0.165974 0.155966 0.973718
vn 0.331279 0.021814 0.943281
vn 0.291823 -0.139203 0.946288
vn -0.049679 -0.325465 0.944248
vn -0.409191 -0.123176 0.904096
vn -0.280224 0.135432 0.950333
vn -0.031258 0.075289 0.996672

# Mesh
g GroundNear
usemtl GroundNear
f 4/4/4 1/1/1 2/2/2
f 2/2/2 3/3/3 4/4/4
f 6/6/6 4/4/4 3/3/3
f 3/3/3 5/5/5 6/6/6
f 8/8/8 6/6/6 5/5/5
f 5/5/5 7/7/7 8/8/8
f 10/10/10 8/8/8 7/7/7
f 7/7/7 9/9/9 10/10/10
f 12/12/12 10/10/10 9/9/9
f 9/9/9 11/11/11 12/12/12
f 14/14/14 12/12/12 11/11/11
f 11/11/11 13/13/13 14/14/14
f 16/16/16 14/14/14 13/13/13
f 13/13/13 15/15/15 16/16/16
f 18/18/18 16/16/16 15/15/15
f 15/15/15 17/17/17 18/18/18
f 20/20/20 18/18/18 17/17/17
f 17/17/17 19/19/19 20/20/20
f 22/22/22 20/20/20 19/19/19
f 19/19/19 21/21/21 22/22/22
f 24/24/24 22/22/22 21/21/21
f 21/21/21 23/23/23 24/24/24
f 26/26/26 24/24/24 23/23/23
f 23/23/23 25/25/25 26/26/26
f 28/28/28 26/26/26 25/25/25
f 25/25/25 27/27/27 28/28/28
f 30/30/30 28/28/28 27/27/27
f 27/27/27 29/29/29 30/30/30
f 32/32/32 30/30/30 29/29/29
f 29/29/29 31/31/31 32/32/32
f 34/34/34 32/32/32 31/31/31
f 31/31/31 33/33/33 34/34/34
f 36/36/36 34/34/34 33/33/33
f 33/33/33 35/35/35 36/36/36
f 38/38/38 36/36/36 35/35/35
f 35/35/35 37/37/37 38/38/38
f 40/40/40 38/38/38 37/37/37
f 37/37/37 39/39/39 40/40/40
f 42/42/42 40/40/40 39/39/39
f 39/39/39 41/41/41 42/42/42
f 44/44/44 42/42/42 41/41/41
f 41/41/41 43/43/43 44/44/44
f 46/46/46 44/44/44 43/43/43
f 43/43/43 45/45/45 46/46/46
f 48/48/48 46/46/46 45/45/45
f 45/45/45 47/47/47 48/48/48
f 50/50/50 48/48/48 47/47/47
f 47/47/47 49/49/49 50/50/50
f 52/52/52 50/50/50 49/49/49
f 49/49/49 51/51/51 52/52/52
f 54/54/54 52/52/52 51/51/51
f 51/51/51 53/53/53 54/54/54
f 56/56/56 54/54/54 53/53/53
f 53/53/53 55/55/55 56/56/56
f 58/58/58 56/56/56 55/55/55
f 55/55/55 57/57/57 58/58/58
f 60/60/60 58/58/58 57/57/57
f 57/57/57 59/59/59 60/60/60
f 62/62/62 60/60/60 59/59/59
f 59/59/59 61/61/61 62/62/62
f 64/64/64 62/62/62 61/61/61
f 61/61/61 63/63/63 64/64/64
f 66/66/66 64/64/64 63/63/63
f 63/63/63 65/65/65 66/66/66
f 3/3/3 2/2/2 67/67/67
f 67/67/67 68/68/68 3/3/3
f 5/5/5 3/3/3 68/68/68
f 68/68/68 69/69/69 5/5/5
f 7/7/7 5/5/5 69/69/69
f 69/69/69 70/70/70 7/7/7
f 9/9/9 7/7/7 70/70/70
f 70/70/70 71/71/71 9/9/9
f 11/11/11 9/9/9 71/71/71
f 71/71/71 72/72/72 11/11/11
f 13/13/13 11/11/11 72/72/72
f 72/72/72 73/73/73 13/13/13
f 15/15/15 13/13/13 73/73/73
f 73/73/73 74/74/74 15/15/15
f 17/17/17 15/15/15 74/74/74
f 74/74/74 75/75/75 17/17/17
f 19/19/19 17/17/17 75/75/75
f 75/75/75 76/76/76 19/19/19
f 21/21/21 19/19/19 76/76/76
f 76/76/76 77/77/77 21/21/21
f 23/23/23 21/21/21 77/77/77
f 77/77/77 78/78/78 23/23/23
f 25/25/25 23/23/23 78/78/78
f 78/78/78 79/79/79 25/25/25
f 27/27/27 25/25/25 79/79/79
f 79/79/79 80/80/80 27/27/27
f 29/29/29 27/27/27 80/80/80
f 80/80/80 81/81/81 29/29/29
f 31/31/31 29/29/29 81/81/81
f 81/81/81 82/82/82 31/31/31
f 33/33/33 31/31/31 82/82/82
f 82/82/82 83/83/83 33/33/33
f 35/35/35 33/33/33 83/83/83
f 83/83/83 84/84/84 35/35/35
f 37/37/37 35/35/35 84/84/84
f 84/84/84 85/85/85 37/37/37
f 39/39/39 37/37/37 85/85/85
f 85/85/85 86/86/86 39/39/39
f 41/41/41 39/39/39 86/86/86
f 86/86/86 87/87/87 41/41/41
f 43/43/43 41/41/41 87/87/87
f 87/87/87 88/88/88 43/43/43
f 45/45/45 43/43/43 88/88/88
f 88/88/88 89/89/89 45/45/45
f 47/47/47 45/45/45 89/89/89
f 89/89/89 90/90/90 47/47/47
f 49/49/49 47/47/47 90/90/90
f 90/90/90 91/91/91 49/49/49
f 51/51/51 49/49/49 91/91/91
f 91/91/91 92/92/92 51/51/51
f 53/53/53 51/51/51 92/92/92
f 92/92/92 93/93/93 53/53/53
f 55/55/55 53/53/53 93/93/93
f 93/93/93 94/94/94 55/55/55
f 57/57/57 55/55/55 94/94/94
f 94/94/94 95/95/95 57/57/57
f 59/59/59 57/57/57 95/95/95
f 95/95/95 96/96/96 59/59/59
f 61/61/61 59/59/59 96/96/96
f 96/96/96 97/97/97 61/61/61
f 63/63/63 61/61/61 97/97/97
f 97/97/97 98/98/98 63/63/63
f 65/65/65 63/63/63 98/98/98
f 98/98/98 99/99/99 65/65/65
f 68/68/68 67/67/67 100/100/100
f 100/100/100 101/101/101 68/68/68
f 69/69/69 68/68/68 101/101/101
f 101/101/101 102/102/102 69/69/69
f 70/70/70 69/69/69 102/102/102
f 102/102/102 103/103/103 70/70/70
f 71/71/71 70/70/70 103/103/103
f 103/103/103 104/104/104 71/71/71
f 72/72/72 71/71/71 104/104/104
f 104/104/104 105/105/105 72/72/72
f 73/73/73 72/72/72 105/105/105
f 105/105/105 106/106/106 73/73/73
f 74/74/74 73/73/73 106/106/106
f 106/106/106 107/107/107 74/74/74
f 75/75/75 74/74/74 107/107/107
f 107/107/107 108/108/108 75/75/75
f 76/76/76 75/75/75 108/108/108
f 108/108/108 109/109/109 76/76/76
f 77/77/77 76/76/76 109/109/109
f 109/109/109 110/110/110 77/77/77
f 78/78/78 77/77/77 110/110/110
f 110/110/110 111/111/111 78/78/78
f 79/79/79 78/78/78 111/111/111
f 111/111/111 112/112/112 79/79/79
f 80/80/80 79/79/79 112/112/112
f 112/112/112 113/113/113 80/80/80
f 81/81/81 80/80/80 113/113/113
f 113/113/113 114/114/114 81/81/81
f 82/82/82 81/81/81 114/114/114
f 114/114/114 115/115/115 82/82/82
f 83/83/83 82/82/82 115/115/115
f 115/115/115 116/116/116 83/83/83
f 84/84/84 83/83/83 116/116/116
f 116/116/116 117/117/117 84/84/84
f 85/85/85 84/84/84 117/117/117
f 117/117/117 118/118/118 85/85/85
f 86/86/86 85/85/85 118/118/118
f 118/118/118 119/119/119 86/86/86
f 87/87/87 86/86/86 119/119/119
f 119/119/119 120/120/120 87/87/87
f 88/88/88 87/87/87 120/120/120
f 120/120/120 121/121/121 88/88/88
f 89/89/89 88/88/88 121/121/121
f 121/121/121 122/122/122 89/89/89
f 90/90/90 89/89/89 122/122/122
f 122/122/122 123/123/123 90/90/90
f 91/91/91 90/90/90 123/123/123
f 123/123/123 124/124/124 91/91/91
f 92/92/92 91/91/91 124/124/124
f 124/124/124 125/125/125 92/92/92
f 93/93/93 92/92/92 125/125/125
f 125/125/125 126/126/126 93/93/93
f 94/94/94 93/93/93 126/126/126
f 126/126/126 127/127/127 94/94/94
f 95/95/95 94/94/94 127/127/127
f 127/127/127 128/128/128 95/95/95
f 96/96/96 95/95/95 128/128/128
f 128/128/128 129/129/129 96/96/96
f 97/97/97 96/96/96 129/129/129
f 129/129/129 130/130/130 97/97/97
f 98/98/98 97/97/97 130/130/130
f 130/130/130 131/131/131 98/98/98
f 99/99/99 98/98/98 131/131/131
f 131/131/131 132/132/132 99/99/99
f 101/101/101 100/100/100 133/133/133
f 133/133/133 134/134/134 101/101/101
f 102/102/102 101/101/101 134/134/134
f 134/134/134 135/135/135 102/102/102
f 103/103/103 102/102/102 135/135/135
f 135/135/135 136/136/136 103/103/103
f 104/104/104 103/103/103 136/136/136
f 136/136/136 137/137/137 104/104/104
f 105/105/105 104/104/104 137/137/137
f 137/137/137 138/138/138 105/105/105
f 106/106/106 105/105/105 138/138/138
f 138/138/138 139/139/139 106/106/106
f 107/107/107 106/106/106 139/139/139
f 139/139/139 140/140/140 107/107/107
f 108/108/108 107/107/107 140/140/140
f 140/140/140 141/141/141 108/108/108
f 109/109/109 108/108/108 141/141/141
f 141/141/141 142/142/142 109/109/109
f 110/110/110 109/109/109 142/142/142
f 142/142/142 143/143/143 110/110/110
f 111/111/111 110/110/110 143/143/143
f 143/143/143 144/144/144 111/111/111
f 112/112/112 111/111/111 144/144/144
f 144/144/144 145/145/145 112/112/112
f 113/113/113 112/112/112 145/145/145
f 145/145/145 146/146/146 113/113/113
f 114/114/114 113/113/113 146/146/146
f 146/146/146 147/147/147 114/114/114
f 115/115/115 114/114/114 147/147/147
f 147/147/147 148/148/148 115/115/115
f 116/116/116 115/115/115 148/148/148
f 148/148/148 149/149/149 116/116/116
f 117/117/117 116/116/116 149/149/149
f 149/149/149 150/150/150 117/117/117
f 118/118/118 117/117/117 150/150/150
f 150/150/150 151/151/151 118/118/118
f 119/119/119 118/118/118 151/151/151
f 151/151/151 152/152/152 119/119/119
f 120/120/120 119/119/119 152/152/152
f 152/152/152 153/153/153 120/120/120
f 121/121/121 120/120/120 153/153/153
f 153/153/153 154/154/154 121/121/121
f 122/122/122 121/121/121 154/154/154
f 154/154/154 155/155/155 122/122/122
f 123/123/123 122/122/122 155/155/155
f 155/155/155 156/156/156 123/123/123
f 124/124/124 123/123/123 156/156/156
f 156/156/156 157/157/157 124/124/124
f 125/125/125 124/124/124 157/157/157
f 157/157/157 158/158/158 125/125/125
f 126/126/126 125/125/125 158/158/158
f 158/158/158 159/159/159 126/126/126
f 127/127/127 126/126/126 159/159/159
f 159/159/159 160/160/160 127/127/127
f 128/128/128 127/127/127 160/160/160
f 160/160/160 161/161/161 128/128/128
f 129/129/129 128/128/128 161/161/161
f 161/161/161 162/162/162 129/129/129
f 130/130/130 129/129/129 162/162/162
f 162/162/162 163/163/163 130/130/130
f 131/131/131 130/130/130 163/163/163
f 163/163/163 164/164/164 131/131/131
f 132/132/132 131/131/131 164/164/164
f 164/164/164 165/165/165 132/132/132
f 134/134/134 133/133/133 166/166/166
f 166/166/166 167/167/167 134/134/134
f 135/135/135 134/134/134 167/167/167
f 167/167/167 168/168/168 135/135/135
f 136/136/136 135/135/135 168/168/168
f 168/168/168 169/169/169 136/136/136
f 137/137/137 136/136/136 169/169/169
f 169/169/169 170/170/170 137/137/137
f 138/138/138 137/137/137 170/170/170
f 170/170/170 171/171/171 138/138/138
f 139/139/139 138/138/138 171/171/171
f 171/171/171 172/172/172 139/139/139
f 140/140/140 139/139/139 172/172/172
f 172/172/172 173/173/173 140/140/140
f 141/141/141 140/140/140 173/173/173
f 173/173/173 174/174/174 141/141/141
f 142/142/142 141/141/141 174/174/174
f 174/174/174 175/175/175 142/142/142
f 143/143/143 142/142/142 175/175/175
f 175/175/175 176/176/176 143/143/143
f 144/144/144 143/143/143 176/176/176
f 176/176/176 177/177/177 144/144/144
f 145/145/145 144/144/144 177/177/177
f 177/177/177 178/178/178 145/145/145
f 146/146/146 145/145/145 178/178/178
f 178/178/178 179/179/179 146/146/146
f 147/147/147 146/146/146 179/179/179
f 179/179/179 180/180/180 147/147/147
f 148/148/148 147/147/147 180/180/180
f 180/180/180 181/181/181 148/148/148
f 149/149/149 148/148/148 181/181/181
f 181/181/181 182/182/182 149/149/149
f 150/150/150 149/149/149 182/182/182
f 182/182/182 183/183/183 150/150/150
f 151/151/151 150/150/150 183/183/183
f 183/183/183 184/184/184 151/151/151
f 152/152/152 151/151/151 184/184/184
f 184/184/184 185/185/185 152/152/152
f 153/153/153 152/152/152 185/185/185
f 185/185/185 186/186/186 153/153/153
f 154/154/154 153/153/153 186/186/186
f 186/186/186 187/187/187 154/154/154
f 155/155/155 154/154/154 187/187/187
f 187/187/187 188/188/188 155/155/155
f 156/156/156 155/155/155 188/188/188
f 188/188/188 189/189/189 156/156/156
f 157/157/157 156/156/156 189/189/189
f 189/189/189 190/190/190 157/157/157
f 158/158/158 157/157/157 190/190/190
f 190/190/190 191/191/191 158/158/158
f 159/159/159 158/158/158 191/191/191
f 191/191/191 192/192/192 159/159/159
f 160/160/160 159/159/159 192/192/192
f 192/192/192 193/193/193 160/160/160
f 161/161/161 160/160/160 193/193/193
f 193/193/193 194/194/194 161/161/161
f 162/162/162 161/161/161 194/194/194
f 194/194/194 195/195/195 162/162/162
f 163/163/163 162/162/162 195/195/195
f 195/195/195 196/196/196 163/163/163
f 164/164/164 163/163/163 196/196/196
f 196/196/196 197/197/197 164/164/164
f 165/165/165 164/164/164 197/197/197
f 197/197/197 198/198/198 165/165/165
f 167/167/167 166/166/166 199/199/199
f 199/199/199 200/200/200 167/167/167
f 168/168/168 167/167/167 200/200/200
f 200/200/200 201/201/201 168/168/168
f 169/169/169 168/168/168 201/201/201
f 201/201/201 202/202/202 169/169/169
f 170/170/170 169/169/169 202/202/202
f 202/202/202 203/203/203 170/170/170
f 171/171/171 170/170/170 203/203/203
f 203/203/203 204/204/204 171/171/171
f 172/172/172 171/171/171 204/204/204
f 204/204/204 205/205/205 172/172/172
f 173/173/173 172/172/172 205/205/205
f 205/205/205 206/206/206 173/173/173
f 174/174/174 173/173/173 206/206/206
f 206/206/206 207/207/207 174/174/174
f 175/175/175 174/174/174 207/207/207
f 207/207/207 208/208/208 175/175/175
f 176/176/176 175/175/175 208/208/208
f 208/208/208 209/209/209 176/176/176
f 177/177/177 176/176/176 209/209/209
f 209/209/209 210/210/210 177/177/177
f 178/178/178 177/177/177 210/210/210
f 210/210/210 211/211/211 178/178/178
f 179/179/179 178/178/178 211/211/211
f 211/211/211 212/212/212 179/179/179
f 180/180/180 179/179/179 212/212/212
f 212/212/212 213/213/213 180/180/180
f 181/181/181 180/180/180 213/213/213
f 213/213/213 214/214/214 181/181/181
f 182/182/182 181/181/181 214/214/214
f 214/214/214 215/215/215 182/182/182
f 183/183/183 182/182/182 215/215/215
f 215/215/215 216/216/216 183/183/183
f 184/184/184 183/183/183 216/216/216
f 216/216/216 217/217/217 184/184/184
f 185/185/185 184/184/184 217/217/217
f 217/217/217 218/218/218 185/185/185
f 186/186/186 185/185/185 218/218/218
f 218/218/218 219/219/219 186/186/186
f 187/187/187 186/186/186 219/219/219
f 219/219/219 220/220/220 187/187/187
f 188/188/188 187/187/187 220/220/220
f 220/220/220 221/221/221 188/188/188
f 189/189/189 188/188/188 221/221/221
f 221/221/221 222/222/222 189/189/189
f 190/190/190 189/189/189 222/222/222
f 222/222/222 223/223/223 190/190/190
f 191/191/191 190/190/190 223/223/223
f 223/223/223 224/224/224 191/191/191
f 192/192/192 191/191/191 224/224/224
f 224/224/224 225/225/225 192/192/192
f 193/193/193 192/192/192 225/225/225
f 225/225/225 226/226/226 193/193/193
f 194/194/194 193/193/193 226/226/226
f 226/226/226 227/227/227 194/194/194
f 195/195/195 194/194/194 227/227/227
f 227/227/227 228/228/228 195/195/195
f 196/196/196 195/195/195 228/228/228
f 228/228/228 229/229/229 196/196/196
f 197/197/197 196/196/196 229/229/229
f 229/229/229 230/230/230 197/197/197
f 198/198/198 197/197/197 230/230/230
f 230/230/230 231/231/231 198/198/198
f 200/200/200 199/199/199 232/232/232
f 232/232/232 233/233/233 200/200/200
f 201/201/201 200/200/200 233/233/233
f 233/233/233 234/234/234 201/201/201
f 202/202/202 201/201/201 234/234/234
f 234/234/234 235/235/235 202/202/202
f 203/203/203 202/202/202 235/235/235
f 235/235/235 236/236/236 203/203/203
f 204/204/204 203/203/203 236/236/236
f 236/236/236 237/237/237 204/204/204
f 205/205/205 204/204/204 237/237/237
f 237/237/237 238/238/238 205/205/205
f 206/206/206 205/205/205 238/238/238
f 238/238/238 239/239/239 206/206/206
f 207/207/207 206/206/206 239/239/239
f 239/239/239 240/240/240 207/207/207
f 208/208/208 207/207/207 240/240/240
f 240/240/240 241/241/241 208/208/208
f 209/209/209 208/208/208 241/241/241
f 241/241/241 242/242/242 209/209/209
f 210/210/210 209/209/209 242/242/242
f 242/242/242 243/243/243 210/210/210
f 211/211/211 210/210/210 243/243/243
f 243/243/243 244/244/244 211/211/211
f 212/212/212 211/211/211 244/244/244
f 244/244/244 245/245/245 212/212/212
f 213/213/213 212/212/212 245/245/245
f 245/245/245 246/246/246 213/213/213
f 214/214/214 213/213/213 246/246/246
f 246/246/246 247/247/247 214/214/214
f 215/215/215 214/214/214 247/247/247
f 247/247/247 248/248/248 215/215/215
f 216/216/216 215/215/215 248/248/248
f 248/248/248 249/249/249 216/216/216
f 217/217/217 216/216/216 249/249/249
f 249/249/249 250/250/250 217/217/217
f 218/218/218 217/217/217 250/250/250
f 250/250/250 251/251/251 218/218/218
f 219/219/219 218/218/218 251/251/251
f 251/251/251 252/252/252 219/219/219
f 220/220/220 219/219/219 252/252/252
f 252/252/252 253/253/253 220/220/220
f 221/221/221 220/220/220 253/253/253
f 253/253/253 254/254/254 221/221/221
f 222/222/222 221/221/221 254/254/254
f 254/254/254 255/255/255 222/222/222
f 223/223/223 222/222/222 255/255/255
f 255/255/255 256/256/256 223/223/223
f 224/224/224 223/223/223 256/256/256
f 256/256/256 257/257/257 224/224/224
f 225/225/225 224/224/224 257/257/257
f 257/257/257 258/258/258 225/225/225
f 226/226/226 225/225/225 258/258/258
f 258/258/258 259/259/259 226/226/226
f 227/227/227 226/226/226 259/259/259
f 259/259/259 260/260/260 227/227/227
f 228/228/228 227/227/227 260/260/260
f 260/260/260 261/261/261 228/228/228
f 229/229/229 228/228/228 261/261/261
f 261/261/261 262/262/262 229/229/229
f 230/230/230 229/229/229 262/262/262
f 262/262/262 263/263/263 230/230/230
f 231/231/231 230/230/230 263/263/263
f 263/263/263 264/264/264 231/231/231
f 233/233/233 232/232/232 265/265/265
f 265/265/265 266/266/266 233/233/233
f 234/234/234 233/233/233 266/266/266
f 266/266/266 267/267/267 234/234/234
f 235/235/235 234/234/234 267/267/267
f 267/267/267 268/268/268 235/235/235
f 236/236/236 235/235/235 268/268/268
f 268/268/268 269/269/269 236/236/236
f 237/237/237 236/236/236 269/269/269
f 269/269/269 270/270/270 237/237/237
f 238/238/238 237/237/237 270/270/270
f 270/270/270 271/271/271 238/238/238
f 239/239/239 238/238/238 271/271/271
f 271/271/271 272/272/272 239/239/239
f 240/240/240 239/239/239 272/272/272
f 272/272/272 273/273/273 240/240/240
f 241/241/241 240/240/240 273/273/273
f 273/273/273 274/274/274 241/241/241
f 242/242/242 241/241/241 274/274/274
f 274/274/274 275/275/275 242/242/242
f 243/243/243 242/242/242 275/275/275
f 275/275/275 276/276/276 243/243/243
f 244/244/244 243/243/243 276/276/276
f 276/276/276 277/277/277 244/244/244
f 245/245/245 244/244/244 277/277/277
f 277/277/277 278/278/278 245/245/245
f 246/246/246 245/245/245 278/278/278
f 278/278/278 279/279/279 246/246/246
f 247/247/247 246/246/246 279/279/279
f 279/279/279 280/280/280 247/247/247
f 248/248/248 247/247/247 280/280/280
f 280/280/280 281/281/281 248/248/248
f 249/249/249 248/248/248 281/281/281
f 281/281/281 282/282/282 249/249/249
f 250/250/250 249/249/249 282/282/282
f 282/282/282 283/283/283 250/250/250
f 251/251/251 250/250/250 283/283/283
f 283/283/283 284/284/284 251/251/251
f 252/252/252 251/251/251 284/284/284
f 284/284/284 285/285/285 252/252/252
f 253/253/253 252/252/252 285/285/285
f 285/285/285 286/286/286 253/253/253
f 254/254/254 253/253/253 286/286/286
f 286/286/286 287/287/287 254/254/254
f 255/255/255 254/254/254 287/287/287
f 287/287/287 288/288/288 255/255/255
f 256/256/256 255/255/255 288/288/288
f 288/288/288 289/289/289 256/256/256
f 257/257/257 256/256/256 289/289/289
f 289/289/289 290/290/290 257/257/257
f 258/258/258 257/257/257 290/290/290
f 290/290/290 291/291/291 258/258/258
f 259/259/259 258/258/258 291/291/291
f 291/291/291 292/292/292 259/259/259
f 260/260/260 259/259/259 292/292/292
f 292/292/292 293/293/293 260/260/260
f 261/261/261 260/260/260 293/293/293
f 293/293/293 294/294/294 261/261/261
f 262/262/262 261/261/261 294/294/294
f 294/294/294 295/295/295 262/262/262
f 263/263/263 262/262/262 295/295/295
f 295/295/295 296/296/296 263/263/263
f 264/264/264 263/263/263 296/296/296
f 296/296/296 297/297/297 264/264/264
f 266/266/266 265/265/265 298/298/298
f 298/298/298 299/299/299 266/266/266
f 267/267/267 266/266/266 299/299/299
f 299/299/299 300/300/300 267/267/267
f 268/268/268 267/267/267 300/300/300
f 300/300/300 301/301/301 268/268/268
f 269/269/269 268/268/268 301/301/301
f 301/301/301 302/302/302 269/269/269
f 270/270/270 269/269/269 302/302/302
f 302/302/302 303/303/303 270/270/270
f 271/271/271 270/270/270 303/303/303
f 303/303/303 304/304/304 271/271/271
f 272/272/272 271/271/271 304/304/304
f 304/304/304 305/305/305 272/272/272
f 273/273/273 272/272/272 305/305/305
f 305/305/305 306/306/306 273/273/273
f 274/274/274 273/273/273 306/306/306
f 306/306/306 307/307/307 274/274/274
f 275/275/275 274/274/274 307/307/307
f 307/307/307 308/308/308 275/275/275
f 276/276/276 275/275/275 308/308/308
f 308/308/308 309/309/309 276/276/276
f 277/277/277 276/276/276 309/309/309
f 309/309/309 310/310/310 277/277/277
f 278/278/278 277/277/277 310/310/310
f 310/310/310 311/311/311 278/278/278
f 279/279/279 278/278/278 311/311/311
f 311/311/311 312/312/312 279/279/279
f 280/280/280 279/279/279 312/312/312
f 312/312/312 313/313/313 280/280/280
f 281/281/281 280/280/280 313/313/313
f 313/313/313 314/314/314 281/281/281
f 282/282/282 281/281/281 314/314/314
f 314/314/314 315/315/315 282/282/282
f 283/283/283 282/282/282 315/315/315
f 315/315/315 316/316/316 283/283/283
f 284/284/284 283/283/283 316/316/316
f 316/316/316 317/317/317 284/284/284
f 285/285/285 284/284/284 317/317/317
f 317/317/317 318/318/318 285/285/285
f 286/286/286 285/285/285 318/318/318
f 318/318/318 319/319/319 286/286/286
f 287/287/287 286/286/286 319/319/319
f 319/319/319 320/320/320 287/287/287
f 288/288/288 287/287/287 320/320/320
f 320/320/320 321/321/321 288/288/288
f 289/289/289 288/288/288 321/321/321
f 321/321/321 322/322/322 289/289/289
f 290/290/290 289/289/289 322/322/322
f 322/322/322 323/323/323 290/290/290
f 291/291/291 290/290/290 323/323/323
f 323/323/323 324/324/324 291/291/291
f 292/292/292 291/291/291 324/324/324
f 324/324/324 325/325/325 292/292/292
f 293/293/293 292/292/292 325/325/325
f 325/325/325 326/326/326 293/293/293
f 294/294/294 293/293/293 326/326/326
f 326/326/326 327/327/327 294/294/294
f 295/295/295 294/294/294 327/327/327
f 327/327/327 328/328/328 295/295/295
f 296/296/296 295/295/295 328/328/328
f 328/328/328 329/329/329 296/296/296
f 297/297/297 296/296/296 329/329/329
f 329/329/329 330/330/330 297/297/297
f 299/299/299 298/298/298 331/331/331
f 331/331/331 332/332/332 299/299/299
f 300/300/300 299/299/299 332/332/332
f 332/332/332 333/333/333 300/300/300
f 301/301/301 300/300/300 333/333/333
f 333/333/333 334/334/334 301/301/301
f 302/302/302 301/301/301 334/334/334
f 334/334/334 335/335/335 302/302/302
f 303/303/303 302/302/302 335/335/335
f 335/335/335 336/336/336 303/303/303
f 304/304/304 303/303/303 336/336/336
f 336/336/336 337/337/337 304/304/304
f 305/305/305 304/304/304 337/337/337
f 337/337/337 338/338/338 305/305/305
f 306/306/306 305/305/305 338/338/338
f 338/338/338 339/339/339 306/306/306
f 307/307/307 306/306/306 339/339/339
f 339/339/339 340/340/340 307/307/307
f 308/308/308 307/307/307 340/340/340
f 340/340/340 341/341/341 308/308/308
f 309/309/309 308/308/308 341/341/341
f 341/341/341 342/342/342 309/309/309
f 310/310/310 309/309/309 342/342/342
f 342/342/342 343/343/343 310/310/310
f 311/311/311 310/310/310 343/343/343
f 343/343/343 344/344/344 311/311/311
f 312/312/312 311/311/311 344/344/344
f 344/344/344 345/345/345 312/312/312
f 313/313/313 312/312/312 345/345/345
f 345/345/345 346/346/346 313/313/313
f 314/314/314 313/313/313 346/346/346
f 346/346/346 347/347/347 314/314/314
f 315/315/315 314/314/314 347/347/347
f 347/347/347 348/348/348 315/315/315
f 316/316/316 315/315/315 348/348/348
f 348/348/348 349/349/349 316/316/316
f 317/317/317 316/316/316 349/349/349
f 349/349/349 350/350/350 317/317/317
f 318/318/318 317/317/317 350/350/350
f 350/350/350 351/351/351 318/318/318
f 319/319/319 318/318/318 351/351/351
f 351/351/351 352/352/352 319/319/319
f 320/320/320 319/319/319 352/352/352
f 352/352/352 353/353/353 320/320/320
f 321/321/321 320/320/320 353/353/353
f 353/353/353 354/354/354 321/321/321
f 322/322/322 321/321/321 354/354/354
f 354/354/354 355/355/355 322/322/322
f 323/323/323 322/322/322 355/355/355
f 355/355/355 356/356/356 323/323/323
f 324/324/324 323/323/323 356/356/356
f 356/356/356 357/357/357 324/324/324
f 325/325/325 324/324/324 357/357/357
f 357/357/357 358/358/358 325/325/325
f 326/326/326 325/325/325 358/358/358
f 358/358/358 359/359/359 326/326/326
f 327/327/327 326/326/326 359/359/359
f 359/359/359 360/360/360 327/327/327
f 328/328/328 327/327/327 360/360/360
f 360/360/360 361/361/361 328/328/328
f 329/329/329 328/328/328 361/361/361
f 361/361/361 362/362/362 329/329/329
f 330/330/330 329/329/329 362/362/362
f 362/362/362 363/363/363 330/330/330
f 332/332/332 331/331/331 364/364/364
f 364/364/364 365/365/365 332/332/332
f 333/333/333 332/332/332 365/365/365
f 365/365/365 366/366/366 333/333/333
f 334/334/334 333/333/333 366/366/366
f 366/366/366 367/367/367 334/334/334
f 335/335/335 334/334/334 367/367/367
f 367/367/367 368/368/368 335/335/335
f 336/336/336 335/335/335 368/368/368
f 368/368/368 369/369/369 336/336/336
f 337/337/337 336/336/336 369/369/369
f 369/369/369 370/370/370 337/337/337
f 338/338/338 337/337/337 370/370/370
f 370/370/370 371/371/371 338/338/338
f 339/339/339 338/338/338 371/371/371
f 371/371/371 372/372/372 339/339/339
f 340/340/340 339/339/339 372/372/372
f 372/372/372 373/373/373 340/340/340
f 341/341/341 340/340/340 373/373/373
f 373/373/373 374/374/374 341/341/341
f 342/342/342 341/341/341 374/374/374
f 374/374/374 375/375/375 342/342/342
f 343/343/343 342/342/342 375/375/375
f 375/375/375 376/376/376 343/343/343
f 344/344/344 343/343/343 376/376/376
f 376/376/376 377/377/377 344/344/344
f 345/345/345 344/344/344 377/377/377
f 377/377/377 378/378/378 345/345/345
f 346/346/346 345/345/345 378/378/378
f 378/378/378 379/379/379 346/346/346
f 347/347/347 346/346/346 379/379/379
f 379/379/379 380/380/380 347/347/347
f 348/348/348 347/347/347 380/380/380
f 380/380/380 381/381/381 348/348/348
f 349/349/349 348/348/348 381/381/381
f 381/381/381 382/382/382 349/349/349
f 350/350/350 349/349/349 382/382/382
f 382/382/382 383/383/383 350/350/350
f 351/351/351 350/350/350 383/383/383
f 383/383/383 384/384/384 351/351/351
f 352/352/352 351/351/351 384/384/384
f 384/384/384 385/385/385 352/352/352
f 353/353/353 352/352/352 385/385/385
f 385/385/385 386/386/386 353/353/353
f 354/354/354 353/353/353 386/386/386
f 386/386/386 387/387/387 354/354/354
f 355/355/355 354/354/354 387/387/387
f 387/387/387 388/388/388 355/355/355
f 356/356/356 355/355/355 388/388/388
f 388/388/388 389/389/389 356/356/356
f 357/357/357 356/356/356 389/389/389
f 389/389/389 390/390/390 357/357/357
f 358/358/358 357/357/357 390/390/390
f 390/390/390 391/391/391 358/358/358
f 359/359/359 358/358/358 391/391/391
f 391/391/391 392/392/392 359/359/359
f 360/360/360 359/359/359 392/392/392
f 392/392/392 393/393/393 360/360/360
f 361/361/361 360/360/360 393/393/393
f 393/393/393 394/394/394 361/361/361
f 362/362/362 361/361/361 394/394/394
f 394/394/394 395/395/395 362/362/362
f 363/363/363 362/362/362 395/395/395
f 395/395/395 396/396/396 363/363/363
f 365/365/365 364/364/364 397/397/397
f 397/397/397 398/398/398 365/365/365
f 366/366/366 365/365/365 398/398/398
f 398/398/398 399/399/399 366/366/366
f 367/367/367 366/366/366 399/399/399
f 399/399/399 400/400/400 367/367/367
f 368/368/368 367/367/367 400/400/400
f 400/400/400 401/401/401 368/368/368
f 369/369/369 368/368/368 401/401/401
f 401/401/401 402/402/402 369/369/369
f 370/370/370 369/369/369 402/402/402
f 402/402/402 403/403/403 370/370/370
f 371/371/371 370/370/370 403/403/403
f 403/403/403 404/404/404 371/371/371
f 372/372/372 371/371/371 404/404/404
f 404/404/404 405/405/405 372/372/372
f 373/373/373 372/372/372 405/405/405
f 405/405/405 406/406/406 373/373/373
f 374/374/374 373/373/373 406/406/406
f 406/406/406 407/407/407 374/374/374
f 375/375/375 374/374/374 407/407/407
f 407/407/407 408/408/408 375/375/375
f 376/376/376 375/375/375 408/408/408
f 408/408/408 409/409/409 376/376/376
f 377/377/377 376/376/376 409/409/409
f 409/409/409 410/410/410 377/377/377
f 378/378/378 377/377/377 410/410/410
f 410/410/410 411/411/411 378/378/378
f 379/379/379 378/378/378 411/411/411
f 411/411/411 412/412/412 379/379/379
f 380/380/380 379/379/379 412/412/412
f 412/412/412 413/413/413 380/380/380
f 381/381/381 380/380/380 413/413/413
f 413/413/413 414/414/414 381/381/381
f 382/382/382 381/381/381 414/414/414
f 414/414/414 415/415/415 382/382/382
f 383/383/383 382/382/382 415/415/415
f 415/415/415 416/416/416 383/383/383
f 384/384/384 383/383/383 416/416/416
f 416/416/416 417/417/417 384/384/384
f 385/385/385 384/384/384 417/417/417
f 417/417/417 418/418/418 385/385/385
f 386/386/386 385/385/385 418/418/418
f 418/418/418 419/419/419 386/386/386
f 387/387/387 386/386/386 419/419/419
f 419/419/419 420/420/420 387/387/387
f 388/388/388 387/387/387 420/420/420
f 420/420/420 421/421/421 388/388/388
f 389/389/389 388/388/388 421/421/421
f 421/421/421 422/422/422 389/389/389
f 390/390/390 389/389/389 422/422/422
f 422/422/422 423/423/423 390/390/390
f 391/391/391 390/390/390 423/423/423
f 423/423/423 424/424/424 391/391/391
f 392/392/392 391/391/391 424/424/424
f 424/424/424 425/425/425 392/392/392
f 393/393/393 392/392/392 425/425/425
f 425/425/425 426/426/426 393/393/393
f 394/394/394 393/393/393 426/426/426
f 426/426/426 427/427/427 394/394/394
f 395/395/395 394/394/394 427/427/427
f 427/427/427 428/428/428 395/395/395
f 396/396/396 395/395/395 428/428/428
f 428/428/428 429/429/429 396/396/396
f 398/398/398 397/397/397 430/430/430
f 430/430/430 431/431/431 398/398/398
f 399/399/399 398/398/398 431/431/431
f 431/431/431 432/432/432 399/399/399
f 400/400/400 399/399/399 432/432/432
f 432/432/432 433/433/433 400/400/400
f 401/401/401 400/400/400 433/433/433
f 433/433/433 434/434/434 401/401/401
f 402/402/402 401/401/401 434/434/434
f 434/434/434 435/435/435 402/402/402
f 403/403/403 402/402/402 435/435/435
f 435/435/435 436/436/436 403/403/403
f 404/404/404 403/403/403 436/436/436
f 436/436/436 437/437/437 404/404/404
f 405/405/405 404/404/404 437/437/437
f 437/437/437 438/438/438 405/405/405
f 406/406/406 405/405/405 438/438/438
f 438/438/438 439/439/439 406/406/406
f 407/407/407 406/406/406 439/439/439
f 439/439/439 440/440/440 407/407/407
f 408/408/408 407/407/407 440/440/440
f 440/440/440 441/441/441 408/408/408
f 409/409/409 408/408/408 441/441/441
f 441/441/441 442/442/442 409/409/409
f 410/410/410 409/409/409 442/442/442
f 442/442/442 443/443/443 410/410/410
f 411/411/411 410/410/410 443/443/443
f 443/443/443 444/444/444 411/411/411
f 412/412/412 411/411/411 444/444/444
f 444/444/444 445/445/445 412/412/412
f 413/413/413 412/412/412 445/445/445
f 445/445/445 446/446/446 413/413/413
f 414/414/414 413/413/413 446/446/446
f 446/446/446 447/447/447 414/414/414
f 415/415/415 414/414/414 447/447/447
f 447/447/447 448/448/448 415/415/415
f 416/416/416 415/415/415 448/448/448
f 448/448/448 449/449/449 416/416/416
f 417/417/417 416/416/416 449/449/449
f 449/449/449 450/450/450 417/417/417
f 418/418/418 417/417/417 450/450/450
f 450/450/450 451/451/451 418/418/418
f 419/419/419 418/418/418 451/451/451
f 451/451/451 452/452/452 419/419/419
f 420/420/420 419/419/419 452/452/452
f 452/452/452 453/453/453 420/420/420
f 421/421/421 420/420/420 453/453/453
f 453/453/453 454/454/454 421/421/421
f 422/422/422 421/421/421 454/454/454
f 454/454/454 455/455/455 422/422/422
f 423/423/423 422/422/422 455/455/455
f 455/455/455 456/456/456 423/423/423
f 424/424/424 423/423/423 456/456/456
f 456/456/456 457/457/457 424/424/424
f 425/425/425 424/424/424 457/457/457
f 457/457/457 458/458/458 425/425/425
f 426/426/426 425/425/425 458/458/458
f 458/458/458 459/459/459 426/426/426
f 427/427/427 426/426/426 459/459/459
f 459/459/459 460/460/460 427/427/427
f 428/428/428 427/427/427 460/460/460
f 460/460/460 461/461/461 428/428/428
f 429/429/429 428/428/428 461/461/461
f 461/461/461 462/462/462 429/429/429
f 431/431/431 430/430/430 463/463/463
f 463/463/463 464/464/464 431/431/431
f 432/432/432 431/431/431 464/464/464
f 464/464/464 465/465/465 432/432/432
f 433/433/433 432/432/432 465/465/465
f 465/465/465 466/466/466 433/433/433
f 434/434/434 433/433/433 466/466/466
f 466/466/466 467/467/467 434/434/434
f 435/435/435 434/434/434 467/467/467
f 467/467/467 468/468/468 435/435/435
f 436/436/436 435/435/435 468/468/468
f 468/468/468 469/469/469 436/436/436
f 437/437/437 436/436/436 469/469/469
f 469/469/469 470/470/470 437/437/437
f 438/438/438 437/437/437 470/470/470
f 470/470/470 471/471/471 438/438/438
f 439/439/439 438/438/438 471/471/471
f 471/471/471 472/472/472 439/439/439
f 440/440/440 439/439/439 472/472/472
f 472/472/472 473/473/473 440/440/440
f 441/441/441 440/440/440 473/473/473
f 473/473/473 474/474/474 441/441/441
f 442/442/442 441/441/441 474/474/474
f 474/474/474 475/475/475 442/442/442
f 443/443/443 442/442/442 475/475/475
f 475/475/475 476/476/476 443/443/443
f 444/444/444 443/443/443 476/476/476
f 476/476/476 477/477/477 444/444/444
f 445/445/445 444/444/444 477/477/477
f 477/477/477 478/478/478 445/445/445
f 446/446/446 445/445/445 478/478/478
f 478/478/478 479/479/479 446/446/446
f 447/447/447 446/446/446 479/479/479
f 479/479/479 480/480/480 447/447/447
f 448/448/448 447/447/447 480/480/480
f 480/480/480 481/481/481 448/448/448
f 449/449/449 448/448/448 481/481/481
f 481/481/481 482/482/482 449/449/449
f 450/450/450 449/449/449 482/482/482
f 482/482/482 483/483/483 450/450/450
f 451/451/451 450/450/450 483/483/483
f 483/483/483 484/484/484 451/451/451
f 452/452/452 451/451/451 484/484/484
f 484/484/484 485/485/485 452/452/452
f 453/453/453 452/452/452 485/485/485
f 485/485/485 486/486/486 453/453/453
f 454/454/454 453/453/453 486/486/486
f 486/486/486 487/487/487 454/454/454
f 455/455/455 454/454/454 487/487/487
f 487/487/487 488/488/488 455/455/455
f 456/456/456 455/455/455 488/488/488
f 488/488/488 489/489/489 456/456/456
f 457/457/457 456/456/456 489/489/489
f 489/489/489 490/490/490 457/457/457
f 458/458/458 457/457/457 490/490/490
f 490/490/490 491/491/491 458/458/458
f 459/459/459 458/458/458 491/491/491
f 491/491/491 492/492/492 459/459/459
f 460/460/460 459/459/459 492/492/492
f 492/492/492 493/493/493 460/460/460
f 461/461/461 460/460/460 493/493/493
f 493/493/493 494/494/494 461/461/461
f 462/462/462 461/461/461 494/494/494
f 494/494/494 495/495/495 462/462/462
f 464/464/464 463/463/463 496/496/496
f 496/496/496 497/497/497 464/464/464
f 465/465/465 464/464/464 497/497/497
f 497/497/497 498/498/498 465/465/465
f 466/466/466 465/465/465 498/498/498
f 498/498/498 499/499/499 466/466/466
f 467/467/467 466/466/466 499/499/499
f 499/499/499 500/500/500 467/467/467
f 468/468/468 467/467/467 500/500/500
f 500/500/500 501/501/501 468/468/468
f 469/469/469 468/468/468 501/501/501
f 501/501/501 502/502/502 469/469/469
f 470/470/470 469/469/469 502/502/502
f 502/502/502 503/503/503 470/470/470
f 471/471/471 470/470/470 503/503/503
f 503/503/503 504/504/504 471/471/471
f 472/472/472 471/471/471 504/504/504
f 504/504/504 505/505/505 472/472/472
f 473/473/473 472/472/472 505/505/505
f 505/505/505 506/506/506 473/473/473
f 474/474/474 473/473/473 506/506/506
f 506/506/506 507/507/507 474/474/474
f 475/475/475 474/474/474 507/507/507
f 507/507/507 508/508/508 475/475/475
f 476/476/476 475/475/475 508/508/508
f 508/508/508 509/509/509 476/476/476
f 477/477/477 476/476/476 509/509/509
f 509/509/509 510/510/510 477/477/477
f 478/478/478 477/477/477 510/510/510
f 510/510/510 511/511/510 478/478/478
f 479/479/479 478/478/478 511/511/510
f 511/511/510 512/512/510 479/479/479
f 480/480/480 479/479/479 512/512/510
f 512/512/510 513/513/510 480/480/480
f 481/481/481 480/480/480 513/513/510
f 513/513/510 514/514/510 481/481/481
f 482/482/482 481/481/481 514/514/510
f 514/514/510 515/515/511 482/482/482
f 483/483/483 482/482/482 515/515/511
f 515/515/511 516/516/512 483/483/483
f 484/484/484 483/483/483 516/516/512
f 516/516/512 517/517/513 484/484/484
f 485/485/485 484/484/484 517/517/513
f 517/517/513 518/518/514 485/485/485
f 486/486/486 485/485/485 518/518/514
f 518/518/514 519/519/515 486/486/486
f 487/487/487 486/486/486 519/519/515
f 519/519/515 520/520/516 487/487/487
f 488/488/488 487/487/487 520/520/516
f 520/520/516 521/521/517 488/488/488
f 489/489/489 488/488/488 521/521/517
f 521/521/517 522/522/518 489/489/489
f 490/490/490 489/489/489 522/522/518
f 522/522/518 523/523/519 490/490/490
f 491/491/491 490/490/490 523/523/519
f 523/523/519 524/524/520 491/491/491
f 492/492/492 491/491/491 524/524/520
f 524/524/520 525/525/521 492/492/492
f 493/493/493 492/492/492 525/525/521
f 525/525/521 526/526/522 493/493/493
f 494/494/494 493/493/493 526/526/522
f 526/526/522 527/527/523 494/494/494
f 495/495/495 494/494/494 527/527/523
f 527/527/523 528/528/524 495/495/495
f 497/497/497 496/496/496 529/529/525
f 529/529/525 530/530/526 497/497/497
f 498/498/498 497/497/497 530/530/526
f 530/530/526 531/531/527 498/498/498
f 499/499/499 498/498/498 531/531/527
f 531/531/527 532/532/528 499/499/499
f 500/500/500 499/499/499 532/532/528
f 532/532/528 533/533/529 500/500/500
f 501/501/501 500/500/500 533/533/529
f 533/533/529 534/534/530 501/501/501
f 502/502/502 501/501/501 534/534/530
f 534/534/530 535/535/531 502/502/502
f 503/503/503 502/502/502 535/535/531
f 535/535/531 536/536/532 503/503/503
f 504/504/504 503/503/503 536/536/532
f 536/536/532 537/537/533 504/504/504
f 505/505/505 504/504/504 537/537/533
f 537/537/533 538/538/534 505/505/505
f 506/506/506 505/505/505 538/538/534
f 538/538/534 539/539/535 506/506/506
f 507/507/507 506/506/506 539/539/535
f 539/539/535 540/540/536 507/507/507
f 508/508/508 507/507/507 540/540/536
f 540/540/536 541/541/537 508/508/508
f 509/509/509 508/508/508 541/541/537
f 541/541/537 542/542/510 509/509/509
f 510/510/510 509/509/509 542/542/510
f 542/542/510 543/543/510 510/510/510
f 511/511/510 510/510/510 543/543/510
f 543/543/510 544/544/510 511/511/510
f 512/512/510 511/511/510 544/544/510
f 544/544/510 545/545/510 512/512/510
f 513/513/510 512/512/510 545/545/510
f 545/545/510 546/546/510 513/513/510
f 514/514/510 513/513/510 546/546/510
f 546/546/510 547/547/510 514/514/510
f 515/515/511 514/514/510 547/547/510
f 547/547/510 548/548/538 515/515/511
f 516/516/512 515/515/511 548/548/538
f 548/548/538 549/549/539 516/516/512
f 517/517/513 516/516/512 549/549/539
f 549/549/539 550/550/540 517/517/513
f 518/518/514 517/517/513 550/550/540
f 550/550/540 551/551/541 518/518/514
f 519/519/515 518/518/514 551/551/541
f 551/551/541 552/552/542 519/519/515
f 520/520/516 519/519/515 552/552/542
f 552/552/542 553/553/543 520/520/516
f 521/521/517 520/520/516 553/553/543
f 553/553/543 554/554/544 521/521/517
f 522/522/518 521/521/517 554/554/544
f 554/554/544 555/555/545 522/522/518
f 523/523/519 522/522/518 555/555/545
f 555/555/545 556/556/546 523/523/519
f 524/524/520 523/523/519 556/556/546
f 556/556/546 557/557/547 524/524/520
f 525/525/521 524/524/520 557/557/547
f 557/557/547 558/558/548 525/525/521
f 526/526/522 525/525/521 558/558/548
f 558/558/548 559/559/549 526/526/522
f 527/527/523 526/526/522 559/559/549
f 559/559/549 560/560/550 527/527/523
f 528/528/524 527/527/523 560/560/550
f 560/560/550 561/561/551 528/528/524
f 530/530/526 529/529/525 562/562/552
f 562/562/552 563/563/553 530/530/526
f 531/531/527 530/530/526 563/563/553
f 563/563/553 564/564/554 531/531/527
f 532/532/528 531/531/527 564/564/554
f 564/564/554 565/565/555 532/532/528
f 533/533/529 532/532/528 565/565/555
f 565/565/555 566/566/556 533/533/529
f 534/534/530 533/533/529 566/566/556
f 566/566/556 567/567/557 534/534/530
f 535/535/531 534/534/530 567/567/557
f 567/567/557 568/568/558 535/535/531
f 536/536/532 535/535/531 568/568/558
f 568/568/558 569/569/559 536/536/532
f 537/537/533 536/536/532 569/569/559
f 569/569/559 570/570/560 537/537/533
f 538/538/534 537/537/533 570/570/560
f 570/570/560 571/571/561 538/538/534
f 539/539/535 538/538/534 571/571/561
f 571/571/561 572/572/562 539/539/535
f 540/540/536 539/539/535 572/572/562
f 572/572/562 573/573/563 540/540/536
f 541/541/537 540/540/536 573/573/563
f 573/573/563 574/574/564 541/541/537
f 542/542/510 541/541/537 574/574/564
f 574/574/564 575/575/510 542/542/510
f 543/543/510 542/542/510 575/575/510
f 575/575/510 576/576/510 543/543/510
f 544/544/510 543/543/510 576/576/510
f 576/576/510 577/577/510 544/544/510
f 545/545/510 544/544/510 577/577/510
f 577/577/510 578/578/510 545/545/510
f 546/546/510 545/545/510 578/578/510
f 578/578/510 579/579/510 546/546/510
f 547/547/510 546/546/510 579/579/510
f 579/579/510 580/580/565 547/547/510
f 548/548/538 547/547/510 580/580/565
f 580/580/565 581/581/566 548/548/538
f 549/549/539 548/548/538 581/581/566
f 581/581/566 582/582/567 549/549/539
f 550/550/540 549/549/539 582/582/567
f 582/582/567 583/583/568 550/550/540
f 551/551/541 550/550/540 583/583/568
f 583/583/568 584/584/569 551/551/541
f 552/552/542 551/551/541 584/584/569
f 584/584/569 585/585/570 552/552/542
f 553/553/543 552/552/542 585/585/570
f 585/585/570 586/586/571 553/553/543
f 554/554/544 553/553/543 586/586/571
f 586/586/571 587/587/572 554/554/544
f 555/555/545 554/554/544 587/587/572
f 587/587/572 588/588/573 555/555/545
f 556/556/546 555/555/545 588/588/573
f 588/588/573 589/589/574 556/556/546
f 557/557/547 556/556/546 589/589/574
f 589/589/574 590/590/575 557/557/547
f 558/558/548 557/557/547 590/590/575
f 590/590/575 591/591/576 558/558/548
f 559/559/549 558/558/548 591/591/576
f 591/591/576 592/592/577 559/559/549
f 560/560/550 559/559/549 592/592/577
f 592/592/577 593/593/578 560/560/550
f 561/561/551 560/560/550 593/593/578
f 593/593/578 594/594/579 561/561/551
f 563/563/553 562/562/552 595/595/580
f 595/595/580 596/596/581 563/563/553
f 564/564/554 563/563/553 596/596/581
f 596/596/581 597/597/582 564/564/554
f 565/565/555 564/564/554 597/597/582
f 597/597/582 598/598/583 565/565/555
f 566/566/556 565/565/555 598/598/583
f 598/598/583 599/599/584 566/566/556
f 567/567/557 566/566/556 599/599/584
f 599/599/584 600/600/585 567/567/557
f 568/568/558 567/567/557 600/600/585
f 600/600/585 601/601/586 568/568/558
f 569/569/559 568/568/558 601/601/586
f 601/601/586 602/602/587 569/569/559
f 570/570/560 569/569/559 602/602/587
f 602/602/587 603/603/588 570/570/560
f 571/571/561 570/570/560 603/603/588
f 603/603/588 604/604/589 571/571/561
f 572/572/562 571/571/561 604/604/589
f 604/604/589 605/605/590 572/572/562
f 573/573/563 572/572/562 605/605/590
f 605/605/590 606/606/591 573/573/563
f 574/574/564 573/573/563 606/606/591
f 606/606/591 607/607/592 574/574/564
f 575/575/510 574/574/564 607/607/592
f 607/607/592 608/608/593 575/575/510
f 576/576/510 575/575/510 608/608/593
f 608/608/593 609/609/594 576/576/510
f 577/577/510 576/576/510 609/609/594
f 609/609/594 610/610/595 577/577/510
f 578/578/510 577/577/510 610/610/595
f 610/610/595 611/611/596 578/578/510
f 579/579/510 578/578/510 611/611/596
f 611/611/596 612/612/597 579/579/510
f 580/580/565 579/579/510 612/612/597
f 612/612/597 613/613/598 580/580/565
f 581/581/566 580/580/565 613/613/598
f 613/613/598 614/614/599 581/581/566
f 582/582/567 581/581/566 614/614/599
f 614/614/599 615/615/600 582/582/567
f 583/583/568 582/582/567 615/615/600
f 615/615/600 616/616/601 583/583/568
f 584/584/569 583/583/568 616/616/601
f 616/616/601 617/617/602 584/584/569
f 585/585/570 584/584/569 617/617/602
f 617/617/602 618/618/603 585/585/570
f 586/586/571 585/585/570 618/618/603
f 618/618/603 619/619/604 586/586/571
f 587/587/572 586/586/571 619/619/604
f 619/619/604 620/620/605 587/587/572
f 588/588/573 587/587/572 620/620/605
f 620/620/605 621/621/606 588/588/573
f 589/589/574 588/588/573 621/621/606
f 621/621/606 622/622/607 589/589/574
f 590/590/575 589/589/574 622/622/607
f 622/622/607 623/623/608 590/590/575
f 591/591/576 590/590/575 623/623/608
f 623/623/608 624/624/609 591/591/576
f 592/592/577 591/591/576 624/624/609
f 624/624/609 625/625/610 592/592/577
f 593/593/578 592/592/577 625/625/610
f 625/625/610 626/626/611 593/593/578
f 594/594/579 593/593/578 626/626/611
f 626/626/611 627/627/612 594/594/579
f 596/596/581 595/595/580 628/628/613
f 628/628/613 629/629/614 596/596/581
f 597/597/582 596/596/581 629/629/614
f 629/629/614 630/630/615 597/597/582
f 598/598/583 597/597/582 630/630/615
f 630/630/615 631/631/616 598/598/583
f 599/599/584 598/598/583 631/631/616
f 631/631/616 632/632/617 599/599/584
f 600/600/585 599/599/584 632/632/617
f 632/632/617 633/633/618 600/600/585
f 601/601/586 600/600/585 633/633/618
f 633/633/618 634/634/619 601/601/586
f 602/602/587 601/601/586 634/634/619
f 634/634/619 635/635/620 602/602/587
f 603/603/588 602/602/587 635/635/620
f 635/635/620 636/636/621 603/603/588
f 604/604/589 603/603/588 636/636/621
f 636/636/621 637/637/622 604/604/589
f 605/605/590 604/604/589 637/637/622
f 637/637/622 638/638/623 605/605/590
f 606/606/591 605/605/590 638/638/623
f 638/638/623 639/639/624 606/606/591
f 607/607/592 606/606/591 639/639/624
f 639/639/624 640/640/625 607/607/592
f 608/608/593 607/607/592 640/640/625
f 640/640/625 641/641/626 608/608/593
f 609/609/594 608/608/593 641/641/626
f 641/641/626 642/642/627 609/609/594
f 610/610/595 609/609/594 642/642/627
f 642/642/627 643/643/628 610/610/595
f 611/611/596 610/610/595 643/643/628
f 643/643/628 644/644/629 611/611/596
f 612/612/597 611/611/596 644/644/629
f 644/644/629 645/645/630 612/612/597
f 613/613/598 612/612/597 645/645/630
f 645/645/630 646/646/631 613/613/598
f 614/614/599 613/613/598 646/646/631
f 646/646/631 647/647/632 614/614/599
f 615/615/600 614/614/599 647/647/632
f 647/647/632 648/648/633 615/615/600
f 616/616/601 615/615/600 648/648/633
f 648/648/633 649/649/634 616/616/601
f 617/617/602 616/616/601 649/649/634
f 649/649/634 650/650/635 617/617/602
f 618/618/603 617/617/602 650/650/635
f 650/650/635 651/651/636 618/618/603
f 619/619/604 618/618/603 651/651/636
f 651/651/636 652/652/637 619/619/604
f 620/620/605 619/619/604 652/652/637
f 652/652/637 653/653/638 620/620/605
f 621/621/606 620/620/605 653/653/638
f 653/653/638 654/654/639 621/621/606
f 622/622/607 621/621/606 654/654/639
f 654/654/639 655/655/640 622/622/607
f 623/623/608 622/622/607 655/655/640
f 655/655/640 656/656/641 623/623/608
f 624/624/609 623/623/608 656/656/641
f 656/656/641 657/657/642 624/624/609
f 625/625/610 624/624/609 657/657/642
f 657/657/642 658/658/643 625/625/610
f 626/626/611 625/625/610 658/658/643
f 658/658/643 659/659/644 626/626/611
f 627/627/612 626/626/611 659/659/644
f 659/659/644 660/660/645 627/627/612
f 629/629/614 628/628/613 661/661/646
f 661/661/646 662/662/647 629/629/614
f 630/630/615 629/629/614 662/662/647
f 662/662/647 663/663/648 630/630/615
f 631/631/616 630/630/615 663/663/648
f 663/663/648 664/664/649 631/631/616
f 632/632/617 631/631/616 664/664/649
f 664/664/649 665/665/650 632/632/617
f 633/633/618 632/632/617 665/665/650
f 665/665/650 666/666/651 633/633/618
f 634/634/619 633/633/618 666/666/651
f 666/666/651 667/667/652 634/634/619
f 635/635/620 634/634/619 667/667/652
f 667/667/652 668/668/653 635/635/620
f 636/636/621 635/635/620 668/668/653
f 668/668/653 669/669/654 636/636/621
f 637/637/622 636/636/621 669/669/654
f 669/669/654 670/670/655 637/637/622
f 638/638/623 637/637/622 670/670/655
f 670/670/655 671/671/656 638/638/623
f 639/639/624 638/638/623 671/671/656
f 671/671/656 672/672/657 639/639/624
f 640/640/625 639/639/624 672/672/657
f 672/672/657 673/673/658 640/640/625
f 641/641/626 640/640/625 673/673/658
f 673/673/658 674/674/659 641/641/626
f 642/642/627 641/641/626 674/674/659
f 674/674/659 675/675/660 642/642/627
f 643/643/628 642/642/627 675/675/660
f 675/675/660 676/676/661 643/643/628
f 644/644/629 643/643/628 676/676/661
f 676/676/661 677/677/662 644/644/629
f 645/645/630 644/644/629 677/677/662
f 677/677/662 678/678/663 645/645/630
f 646/646/631 645/645/630 678/678/663
f 678/678/663 679/679/664 646/646/631
f 647/647/632 646/646/631 679/679/664
f 679/679/664 680/680/665 647/647/632
f 648/648/633 647/647/632 680/680/665
f 680/680/665 681/681/666 648/648/633
f 649/649/634 648/648/633 681/681/666
f 681/681/666 682/682/667 649/649/634
f 650/650/635 649/649/634 682/682/667
f 682/682/667 683/683/668 650/650/635
f 651/651/636 650/650/635 683/683/668
f 683/683/668 684/684/669 651/651/636
f 652/652/637 651/651/636 684/684/669
f 684/684/669 685/685/670 652/652/637
f 653/653/638 652/652/637 685/685/670
f 685/685/670 686/686/671 653/653/638
f 654/654/639 653/653/638 686/686/671
f 686/686/671 687/687/672 654/654/639
f 655/655/640 654/654/639 687/687/672
f 687/687/672 688/688/673 655/655/640
f 656/656/641 655/655/640 688/688/673
f 688/688/673 689/689/674 656/656/641
f 657/657/642 656/656/641 689/689/674
f 689/689/674 690/690/675 657/657/642
f 658/658/643 657/657/642 690/690/675
f 690/690/675 691/691/676 658/658/643
f 659/659/644 658/658/643 691/691/676
f 691/691/676 692/692/677 659/659/644
f 660/660/645 659/659/644 692/692/677
f 692/692/677 693/693/678 660/660/645
f 662/662/647 661/661/646 694/694/679
f 694/694/679 695/695/680 662/662/647
f 663/663/648 662/662/647 695/695/680
f 695/695/680 696/696/681 663/663/648
f 664/664/649 663/663/648 696/696/681
f 696/696/681 697/697/682 664/664/649
f 665/665/650 664/664/649 697/697/682
f 697/697/682 698/698/683 665/665/650
f 666/666/651 665/665/650 698/698/683
f 698/698/683 699/699/684 666/666/651
f 667/667/652 666/666/651 699/699/684
f 699/699/684 700/700/685 667/667/652
f 668/668/653 667/667/652 700/700/685
f 700/700/685 701/701/686 668/668/653
f 669/669/654 668/668/653 701/701/686
f 701/701/686 702/702/687 669/669/654
f 670/670/655 669/669/654 702/702/687
f 702/702/687 703/703/688 670/670/655
f 671/671/656 670/670/655 703/703/688
f 703/703/688 704/704/689 671/671/656
f 672/672/657 671/671/656 704/704/689
f 704/704/689 705/705/690 672/672/657
f 673/673/658 672/672/657 705/705/690
f 705/705/690 706/706/691 673/673/658
f 674/674/659 673/673/658 706/706/691
f 706/706/691 707/707/692 674/674/659
f 675/675/660 674/674/659 707/707/692
f 707/707/692 708/708/693 675/675/660
f 676/676/661 675/675/660 708/708/693
f 708/708/693 709/709/694 676/676/661
f 677/677/662 676/676/661 709/709/694
f 709/709/694 710/710/695 677/677/662
f 678/678/663 677/677/662 710/710/695
f 710/710/695 711/711/696 678/678/663
f 679/679/664 678/678/663 711/711/696
f 711/711/696 712/712/697 679/679/664
f 680/680/665 679/679/664 712/712/697
f 712/712/697 713/713/698 680/680/665
f 681/681/666 680/680/665 713/713/698
f 713/713/698 714/714/699 681/681/666
f 682/682/667 681/681/666 714/714/699
f 714/714/699 715/715/700 682/682/667
f 683/683/668 682/682/667 715/715/700
f 715/715/700 716/716/701 683/683/668
f 684/684/669 683/683/668 716/716/701
f 716/716/701 717/717/702 684/684/669
f 685/685/670 684/684/669 717/717/702
f 717/717/702 718/718/703 685/685/670
f 686/686/671 685/685/670 718/718/703
f 718/718/703 719/719/704 686/686/671
f 687/687/672 686/686/671 719/719/704
f 719/719/704 720/720/705 687/687/672
f 688/688/673 687/687/672 720/720/705
f 720/720/705 721/721/706 688/688/673
f 689/689/674 688/688/673 721/721/706
f 721/721/706 722/722/707 689/689/674
f 690/690/675 689/689/674 722/722/707
f 722/722/707 723/723/708 690/690/675
f 691/691/676 690/690/675 723/723/708
f 723/723/708 724/724/709 691/691/676
f 692/692/677 691/691/676 724/724/709
f 724/724/709 725/725/710 692/692/677
f 693/693/678 692/692/677 725/725/710
f 725/725/710 726/726/711 693/693/678
f 695/695/680 694/694/679 727/727/712
f 727/727/712 728/728/713 695/695/680
f 696/696/681 695/695/680 728/728/713
f 728/728/713 729/729/714 696/696/681
f 697/697/682 696/696/681 729/729/714
f 729/729/714 730/730/715 697/697/682
f 698/698/683 697/697/682 730/730/715
f 730/730/715 731/731/716 698/698/683
f 699/699/684 698/698/683 731/731/716
f 731/731/716 732/732/717 699/699/684
f 700/700/685 699/699/684 732/732/717
f 732/732/717 733/733/718 700/700/685
f 701/701/686 700/700/685 733/733/718
f 733/733/718 734/734/719 701/701/686
f 702/702/687 701/701/686 734/734/719
f 734/734/719 735/735/720 702/702/687
f 703/703/688 702/702/687 735/735/720
f 735/735/720 736/736/721 703/703/688
f 704/704/689 703/703/688 736/736/721
f 736/736/721 737/737/722 704/704/689
f 705/705/690 704/704/689 737/737/722
f 737/737/722 738/738/723 705/705/690
f 706/706/691 705/705/690 738/738/723
f 738/738/723 739/739/724 706/706/691
f 707/707/692 706/706/691 739/739/724
f 739/739/724 740/740/725 707/707/692
f 708/708/693 707/707/692 740/740/725
f 740/740/725 741/741/726 708/708/693
f 709/709/694 708/708/693 741/741/726
f 741/741/726 742/742/727 709/709/694
f 710/710/695 709/709/694 742/742/727
f 742/742/727 743/743/728 710/710/695
f 711/711/696 710/710/695 743/743/728
f 743/743/728 744/744/729 711/711/696
f 712/712/697 711/711/696 744/744/729
f 744/744/729 745/745/730 712/712/697
f 713/713/698 712/712/697 745/745/730
f 745/745/730 746/746/731 713/713/698
f 714/714/699 713/713/698 746/746/731
f 746/746/731 747/747/732 714/714/699
f 715/715/700 714/714/699 747/747/732
f 747/747/732 748/748/733 715/715/700
f 716/716/701 715/715/700 748/748/733
f 748/748/733 749/749/734 716/716/701
f 717/717/702 716/716/701 749/749/734
f 749/749/734 750/750/735 717/717/702
f 718/718/703 717/717/702 750/750/735
f 750/750/735 751/751/736 718/718/703
f 719/719/704 718/718/703 751/751/736
f 751/751/736 752/752/737 719/719/704
f 720/720/705 719/719/704 752/752/737
f 752/752/737 753/753/738 720/720/705
f 721/721/706 720/720/705 753/753/738
f 753/753/738 754/754/739 721/721/706
f 722/722/707 721/721/706 754/754/739
f 754/754/739 755/755/740 722/722/707
f 723/723/708 722/722/707 755/755/740
f 755/755/740 756/756/741 723/723/708
f 724/724/709 723/723/708 756/756/741
f 756/756/741 757/757/742 724/724/709
f 725/725/710 724/724/709 757/757/742
f 757/757/742 758/758/743 725/725/710
f 726/726/711 725/725/710 758/758/743
f 758/758/743 759/759/744 726/726/711
f 728/728/713 727/727/712 760/760/745
f 760/760/745 761/761/746 728/728/713
f 729/729/714 728/728/713 761/761/746
f 761/761/746 762/762/747 729/729/714
f 730/730/715 729/729/714 762/762/747
f 762/762/747 763/763/748 730/730/715
f 731/731/716 730/730/715 763/763/748
f 763/763/748 764/764/749 731/731/716
f 732/732/717 731/731/716 764/764/749
f 764/764/749 765/765/750 732/732/717
f 733/733/718 732/732/717 765/765/750
f 765/765/750 766/766/751 733/733/718
f 734/734/719 733/733/718 766/766/751
f 766/766/751 767/767/752 734/734/719
f 735/735/720 734/734/719 767/767/752
f 767/767/752 768/768/753 735/735/720
f 736/736/721 735/735/720 768/768/753
f 768/768/753 769/769/754 736/736/721
f 737/737/722 736/736/721 769/769/754
f 769/769/754 770/770/755 737/737/722
f 738/738/723 737/737/722 770/770/755
f 770/770/755 771/771/756 738/738/723
f 739/739/724 738/738/723 771/771/756
f 771/771/756 772/772/757 739/739/724
f 740/740/725 739/739/724 772/772/757
f 772/772/757 773/773/758 740/740/725
f 741/741/726 740/740/725 773/773/758
f 773/773/758 774/774/759 741/741/726
f 742/742/727 741/741/726 774/774/759
f 774/774/759 775/775/760 742/742/727
f 743/743/728 742/742/727 775/775/760
f 775/775/760 776/776/761 743/743/728
f 744/744/729 743/743/728 776/776/761
f 776/776/761 777/777/762 744/744/729
f 745/745/730 744/744/729 777/777/762
f 777/777/762 778/778/763 745/745/730
f 746/746/731 745/745/730 778/778/763
f 778/778/763 779/779/764 746/746/731
f 747/747/732 746/746/731 779/779/764
f 779/779/764 780/780/765 747/747/732
f 748/748/733 747/747/732 780/780/765
f 780/780/765 781/781/766 748/748/733
f 749/749/734 748/748/733 781/781/766
f 781/781/766 782/782/767 749/749/734
f 750/750/735 749/749/734 782/782/767
f 782/782/767 783/783/768 750/750/735
f 751/751/736 750/750/735 783/783/768
f 783/783/768 784/784/769 751/751/736
f 752/752/737 751/751/736 784/784/769
f 784/784/769 785/785/770 752/752/737
f 753/753/738 752/752/737 785/785/770
f 785/785/770 786/786/771 753/753/738
f 754/754/739 753/753/738 786/786/771
f 786/786/771 787/787/772 754/754/739
f 755/755/740 754/754/739 787/787/772
f 787/787/772 788/788/773 755/755/740
f 756/756/741 755/755/740 788/788/773
f 788/788/773 789/789/774 756/756/741
f 757/757/742 756/756/741 789/789/774
f 789/789/774 790/790/775 757/757/742
f 758/758/743 757/757/742 790/790/775
f 790/790/775 791/791/776 758/758/743
f 759/759/744 758/758/743 791/791/776
f 791/791/776 792/792/777 759/759/744
f 761/761/746 760/760/745 793/793/778
f 793/793/778 794/794/779 761/761/746
f 762/762/747 761/761/746 794/794/779
f 794/794/779 795/795/780 762/762/747
f 763/763/748 762/762/747 795/795/780
f 795/795/780 796/796/781 763/763/748
f 764/764/749 763/763/748 796/796/781
f 796/796/781 797/797/782 764/764/749
f 765/765/750 764/764/749 797/797/782
f 797/797/782 798/798/783 765/765/750
f 766/766/751 765/765/750 798/798/783
f 798/798/783 799/799/784 766/766/751
f 767/767/752 766/766/751 799/799/784
f 799/799/784 800/800/785 767/767/752
f 768/768/753 767/767/752 800/800/785
f 800/800/785 801/801/786 768/768/753
f 769/769/754 768/768/753 801/801/786
f 801/801/786 802/802/787 769/769/754
f 770/770/755 769/769/754 802/802/787
f 802/802/787 803/803/788 770/770/755
f 771/771/756 770/770/755 803/803/788
f 803/803/788 804/804/789 771/771/756
f 772/772/757 771/771/756 804/804/789
f 804/804/789 805/805/790 772/772/757
f 773/773/758 772/772/757 805/805/790
f 805/805/790 806/806/791 773/773/758
f 774/774/759 773/773/758 806/806/791
f 806/806/791 807/807/792 774/774/759
f 775/775/760 774/774/759 807/807/792
f 807/807/792 808/808/793 775/775/760
f 776/776/761 775/775/760 808/808/793
f 808/808/793 809/809/794 776/776/761
f 777/777/762 776/776/761 809/809/794
f 809/809/794 810/810/795 777/777/762
f 778/778/763 777/777/762 810/810/795
f 810/810/795 811/811/796 778/778/763
f 779/779/764 778/778/763 811/811/796
f 811/811/796 812/812/797 779/779/764
f 780/780/765 779/779/764 812/812/797
f 812/812/797 813/813/798 780/780/765
f 781/781/766 780/780/765 813/813/798
f 813/813/798 814/814/799 781/781/766
f 782/782/767 781/781/766 814/814/799
f 814/814/799 815/815/800 782/782/767
f 783/783/768 782/782/767 815/815/800
f 815/815/800 816/816/801 783/783/768
f 784/784/769 783/783/768 816/816/801
f 816/816/801 817/817/802 784/784/769
f 785/785/770 784/784/769 817/817/802
f 817/817/802 818/818/803 785/785/770
f 786/786/771 785/785/770 818/818/803
f 818/818/803 819/819/804 786/786/771
f 787/787/772 786/786/771 819/819/804
f 819/819/804 820/820/805 787/787/772
f 788/788/773 787/787/772 820/820/805
f 820/820/805 821/821/806 788/788/773
f 789/789/774 788/788/773 821/821/806
f 821/821/806 822/822/807 789/789/774
f 790/790/775 789/789/774 822/822/807
f 822/822/807 823/823/808 790/790/775
f 791/791/776 790/790/775 823/823/808
f 823/823/808 824/824/809 791/791/776
f 792/792/777 791/791/776 824/824/809
f 824/824/809 825/825/810 792/792/777
f 794/794/779 793/793/778 826/826/811
f 826/826/811 827/827/812 794/794/779
f 795/795/780 794/794/779 827/827/812
f 827/827/812 828/828/813 795/795/780
f 796/796/781 795/795/780 828/828/813
f 828/828/813 829/829/814 796/796/781
f 797/797/782 796/796/781 829/829/814
f 829/829/814 830/830/815 797/797/782
f 798/798/783 797/797/782 830/830/815
f 830/830/815 831/831/816 798/798/783
f 799/799/784 798/798/783 831/831/816
f 831/831/816 832/832/817 799/799/784
f 800/800/785 799/799/784 832/832/817
f 832/832/817 833/833/818 800/800/785
f 801/801/786 800/800/785 833/833/818
f 833/833/818 834/834/819 801/801/786
f 802/802/787 801/801/786 834/834/819
f 834/834/819 835/835/820 802/802/787
f 803/803/788 802/802/787 835/835/820
f 835/835/820 836/836/821 803/803/788
f 804/804/789 803/803/788 836/836/821
f 836/836/821 837/837/822 804/804/789
f 805/805/790 804/804/789 837/837/822
f 837/837/822 838/838/823 805/805/790
f 806/806/791 805/805/790 838/838/823
f 838/838/823 839/839/824 806/806/791
f 807/807/792 806/806/791 839/839/824
f 839/839/824 840/840/825 807/807/792
f 808/808/793 807/807/792 840/840/825
f 840/840/825 841/841/826 808/808/793
f 809/809/794 808/808/793 841/841/826
f 841/841/826 842/842/827 809/809/794
f 810/810/795 809/809/794 842/842/827
f 842/842/827 843/843/828 810/810/795
f 811/811/796 810/810/795 843/843/828
f 843/843/828 844/844/829 811/811/796
f 812/812/797 811/811/796 844/844/829
f 844/844/829 845/845/830 812/812/797
f 813/813/798 812/812/797 845/845/830
f 845/845/830 846/846/831 813/813/798
f 814/814/799 813/813/798 846/846/831
f 846/846/831 847/847/832 814/814/799
f 815/815/800 814/814/799 847/847/832
f 847/847/832 848/848/833 815/815/800
f 816/816/801 815/815/800 848/848/833
f 848/848/833 849/849/834 816/816/801
f 817/817/802 816/816/801 849/849/834
f 849/849/834 850/850/835 817/817/802
f 818/818/803 817/817/802 850/850/835
f 850/850/835 851/851/836 818/818/803
f 819/819/804 818/818/803 851/851/836
f 851/851/836 852/852/837 819/819/804
f 820/820/805 819/819/804 852/852/837
f 852/852/837 853/853/838 820/820/805
f 821/821/806 820/820/805 853/853/838
f 853/853/838 854/854/839 821/821/806
f 822/822/807 821/821/806 854/854/839
f 854/854/839 855/855/840 822/822/807
f 823/823/808 822/822/807 855/855/840
f 855/855/840 856/856/841 823/823/808
f 824/824/809 823/823/808 856/856/841
f 856/856/841 857/857/842 824/824/809
f 825/825/810 824/824/809 857/857/842
f 857/857/842 858/858/843 825/825/810
f 827/827/812 826/826/811 859/859/844
f 859/859/844 860/860/845 827/827/812
f 828/828/813 827/827/812 860/860/845
f 860/860/845 861/861/846 828/828/813
f 829/829/814 828/828/813 861/861/846
f 861/861/846 862/862/847 829/829/814
f 830/830/815 829/829/814 862/862/847
f 862/862/847 863/863/848 830/830/815
f 831/831/816 830/830/815 863/863/848
f 863/863/848 864/864/849 831/831/816
f 832/832/817 831/831/816 864/864/849
f 864/864/849 865/865/850 832/832/817
f 833/833/818 832/832/817 865/865/850
f 865/865/850 866/866/851 833/833/818
f 834/834/819 833/833/818 866/866/851
f 866/866/851 867/867/852 834/834/819
f 835/835/820 834/834/819 867/867/852
f 867/867/852 868/868/853 835/835/820
f 836/836/821 835/835/820 868/868/853
f 868/868/853 869/869/854 836/836/821
f 837/837/822 836/836/821 869/869/854
f 869/869/854 870/870/855 837/837/822
f 838/838/823 837/837/822 870/870/855
f 870/870/855 871/871/856 838/838/823
f 839/839/824 838/838/823 871/871/856
f 871/871/856 872/872/857 839/839/824
f 840/840/825 839/839/824 872/872/857
f 872/872/857 873/873/858 840/840/825
f 841/841/826 840/840/825 873/873/858
f 873/873/858 874/874/859 841/841/826
f 842/842/827 841/841/826 874/874/859
f 874/874/859 875/875/860 842/842/827
f 843/843/828 842/842/827 875/875/860
f 875/875/860 876/876/861 843/843/828
f 844/844/829 843/843/828 876/876/861
f 876/876/861 877/877/862 844/844/829
f 845/845/830 844/844/829 877/877/862
f 877/877/862 878/878/863 845/845/830
f 846/846/831 845/845/830 878/878/863
f 878/878/863 879/879/864 846/846/831
f 847/847/832 846/846/831 879/879/864
f 879/879/864 880/880/865 847/847/832
f 848/848/833 847/847/832 880/880/865
f 880/880/865 881/881/866 848/848/833
f 849/849/834 848/848/833 881/881/866
f 881/881/866 882/882/867 849/849/834
f 850/850/835 849/849/834 882/882/867
f 882/882/867 883/883/868 850/850/835
f 851/851/836 850/850/835 883/883/868
f 883/883/868 884/884/869 851/851/836
f 852/852/837 851/851/836 884/884/869
f 884/884/869 885/885/870 852/852/837
f 853/853/838 852/852/837 885/885/870
f 885/885/870 886/886/871 853/853/838
f 854/854/839 853/853/838 886/886/871
f 886/886/871 887/887/872 854/854/839
f 855/855/840 854/854/839 887/887/872
f 887/887/872 888/888/873 855/855/840
f 856/856/841 855/855/840 888/888/873
f 888/888/873 889/889/874 856/856/841
f 857/857/842 856/856/841 889/889/874
f 889/889/874 890/890/875 857/857/842
f 858/858/843 857/857/842 890/890/875
f 890/890/875 891/891/876 858/858/843
f 860/860/845 859/859/844 892/892/877
f 892/892/877 893/893/878 860/860/845
f 861/861/846 860/860/845 893/893/878
f 893/893/878 894/894/879 861/861/846
f 862/862/847 861/861/846 894/894/879
f 894/894/879 895/895/880 862/862/847
f 863/863/848 862/862/847 895/895/880
f 895/895/880 896/896/881 863/863/848
f 864/864/849 863/863/848 896/896/881
f 896/896/881 897/897/882 864/864/849
f 865/865/850 864/864/849 897/897/882
f 897/897/882 898/898/883 865/865/850
f 866/866/851 865/865/850 898/898/883
f 898/898/883 899/899/884 866/866/851
f 867/867/852 866/866/851 899/899/884
f 899/899/884 900/900/885 867/867/852
f 868/868/853 867/867/852 900/900/885
f 900/900/885 901/901/886 868/868/853
f 869/869/854 868/868/853 901/901/886
f 901/901/886 902/902/887 869/869/854
f 870/870/855 869/869/854 902/902/887
f 902/902/887 903/903/888 870/870/855
f 871/871/856 870/870/855 903/903/888
f 903/903/888 904/904/889 871/871/856
f 872/872/857 871/871/856 904/904/889
f 904/904/889 905/905/890 872/872/857
f 873/873/858 872/872/857 905/905/890
f 905/905/890 906/906/891 873/873/858
f 874/874/859 873/873/858 906/906/891
f 906/906/891 907/907/892 874/874/859
f 875/875/860 874/874/859 907/907/892
f 907/907/892 908/908/893 875/875/860
f 876/876/861 875/875/860 908/908/893
f 908/908/893 909/909/894 876/876/861
f 877/877/862 876/876/861 909/909/894
f 909/909/894 910/910/895 877/877/862
f 878/878/863 877/877/862 910/910/895
f 910/910/895 911/911/896 878/878/863
f 879/879/864 878/878/863 911/911/896
f 911/911/896 912/912/897 879/879/864
f 880/880/865 879/879/864 912/912/897
f 912/912/897 913/913/898 880/880/865
f 881/881/866 880/880/865 913/913/898
f 913/913/898 914/914/899 881/881/866
f 882/882/867 881/881/866 914/914/899
f 914/914/899 915/915/900 882/882/867
f 883/883/868 882/882/867 915/915/900
f 915/915/900 916/916/901 883/883/868
f 884/884/869 883/883/868 916/916/901
f 916/916/901 917/917/902 884/884/869
f 885/885/870 884/884/869 917/917/902
f 917/917/902 918/918/903 885/885/870
f 886/886/871 885/885/870 918/918/903
f 918/918/903 919/919/904 886/886/871
f 887/887/872 886/886/871 919/919/904
f 919/919/904 920/920/905 887/887/872
f 888/888/873 887/887/872 920/920/905
f 920/920/905 921/921/906 888/888/873
f 889/889/874 888/888/873 921/921/906
f 921/921/906 922/922/907 889/889/874
f 890/890/875 889/889/874 922/922/907
f 922/922/907 923/923/908 890/890/875
f 891/891/876 890/890/875 923/923/908
f 923/923/908 924/924/909 891/891/876
f 893/893/878 892/892/877 925/925/910
f 925/925/910 926/926/911 893/893/878
f 894/894/879 893/893/878 926/926/911
f 926/926/911 927/927/912 894/894/879
f 895/895/880 894/894/879 927/927/912
f 927/927/912 928/928/913 895/895/880
f 896/896/881 895/895/880 928/928/913
f 928/928/913 929/929/914 896/896/881
f 897/897/882 896/896/881 929/929/914
f 929/929/914 930/930/915 897/897/882
f 898/898/883 897/897/882 930/930/915
f 930/930/915 931/931/916 898/898/883
f 899/899/884 898/898/883 931/931/916
f 931/931/916 932/932/917 899/899/884
f 900/900/885 899/899/884 932/932/917
f 932/932/917 933/933/918 900/900/885
f 901/901/886 900/900/885 933/933/918
f 933/933/918 934/934/919 901/901/886
f 902/902/887 901/901/886 934/934/919
f 934/934/919 935/935/920 902/902/887
f 903/903/888 902/902/887 935/935/920
f 935/935/920 936/936/921 903/903/888
f 904/904/889 903/903/888 936/936/921
f 936/936/921 937/937/922 904/904/889
f 905/905/890 904/904/889 937/937/922
f 937/937/922 938/938/923 905/905/890
f 906/906/891 905/905/890 938/938/923
f 938/938/923 939/939/924 906/906/891
f 907/907/892 906/906/891 939/939/924
f 939/939/924 940/940/925 907/907/892
f 908/908/893 907/907/892 940/940/925
f 940/940/925 941/941/926 908/908/893
f 909/909/894 908/908/893 941/941/926
f 941/941/926 942/942/927 909/909/894
f 910/910/895 909/909/894 942/942/927
f 942/942/927 943/943/928 910/910/895
f 911/911/896 910/910/895 943/943/928
f 943/943/928 944/944/929 911/911/896
f 912/912/897 911/911/896 944/944/929
f 944/944/929 945/945/930 912/912/897
f 913/913/898 912/912/897 945/945/930
f 945/945/930 946/946/931 913/913/898
f 914/914/899 913/913/898 946/946/931
f 946/946/931 947/947/932 914/914/899
f 915/915/900 914/914/899 947/947/932
f 947/947/932 948/948/933 915/915/900
f 916/916/901 915/915/900 948/948/933
f 948/948/933 949/949/934 916/916/901
f 917/917/902 916/916/901 949/949/934
f 949/949/934 950/950/935 917/917/902
f 918/918/903 917/917/902 950/950/935
f 950/950/935 951/951/936 918/918/903
f 919/919/904 918/918/903 951/951/936
f 951/951/936 952/952/937 919/919/904
f 920/920/905 919/919/904 952/952/937
f 952/952/937 953/953/938 920/920/905
f 921/921/906 920/920/905 953/953/938
f 953/953/938 954/954/939 921/921/906
f 922/922/907 921/921/906 954/954/939
f 954/954/939 955/955/940 922/922/907
f 923/923/908 922/922/907 955/955/940
f 955/955/940 956/956/941 923/923/908
f 924/924/909 923/923/908 956/956/941
f 956/956/941 957/957/942 924/924/909
f 926/926/911 925/925/910 958/958/943
f 958/958/943 959/959/944 926/926/911
f 927/927/912 926/926/911 959/959/944
f 959/959/944 960/960/945 927/927/912
f 928/928/913 927/927/912 960/960/945
f 960/960/945 961/961/946 928/928/913
f 929/929/914 928/928/913 961/961/946
f 961/961/946 962/962/947 929/929/914
f 930/930/915 929/929/914 962/962/947
f 962/962/947 963/963/948 930/930/915
f 931/931/916 930/930/915 963/963/948
f 963/963/948 964/964/949 931/931/916
f 932/932/917 931/931/916 964/964/949
f 964/964/949 965/965/950 932/932/917
f 933/933/918 932/932/917 965/965/950
f 965/965/950 966/966/951 933/933/918
f 934/934/919 933/933/918 966/966/951
f 966/966/951 967/967/952 934/934/919
f 935/935/920 934/934/919 967/967/952
f 967/967/952 968/968/953 935/935/920
f 936/936/921 935/935/920 968/968/953
f 968/968/953 969/969/954 936/936/921
f 937/937/922 936/936/921 969/969/954
f 969/969/954 970/970/955 937/937/922
f 938/938/923 937/937/922 970/970/955
f 970/970/955 971/971/956 938/938/923
f 939/939/924 938/938/923 971/971/956
f 971/971/956 972/972/957 939/939/924
f 940/940/925 939/939/924 972/972/957
f 972/972/957 973/973/958 940/940/925
f 941/941/926 940/940/925 973/973/958
f 973/973/958 974/974/959 941/941/926
f 942/942/927 941/941/926 974/974/959
f 974/974/959 975/975/960 942/942/927
f 943/943/928 942/942/927 975/975/960
f 975/975/960 976/976/961 943/943/928
f 944/944/929 943/943/928 976/976/961
f 976/976/961 977/977/962 944/944/929
f 945/945/930 944/944/929 977/977/962
f 977/977/962 978/978/963 945/945/930
f 946/946/931 945/945/930 978/978/963
f 978/978/963 979/979/964 946/946/931
f 947/947/932 946/946/931 979/979/964
f 979/979/964 980/980/965 947/947/932
f 948/948/933 947/947/932 980/980/965
f 980/980/965 981/981/966 948/948/933
f 949/949/934 948/948/933 981/981/966
f 981/981/966 982/982/967 949/949/934
f 950/950/935 949/949/934 982/982/967
f 982/982/967 983/983/968 950/950/935
f 951/951/936 950/950/935 983/983/968
f 983/983/968 984/984/969 951/951/936
f 952/952/937 951/951/936 984/984/969
f 984/984/969 985/985/970 952/952/937
f 953/953/938 952/952/937 985/985/970
f 985/985/970 986/986/971 953/953/938
f 954/954/939 953/953/938 986/986/971
f 986/986/971 987/987/972 954/954/939
f 955/955/940 954/954/939 987/987/972
f 987/987/972 988/988/973 955/955/940
f 956/956/941 955/955/940 988/988/973
f 988/988/973 989/989/974 956/956/941
f 957/957/942 956/956/941 989/989/974
f 989/989/974 990/990/975 957/957/942
f 959/959/944 958/958/943 991/991/976
f 991/991/976 992/992/977 959/959/944
f 960/960/945 959/959/944 992/992/977
f 992/992/977 993/993/978 960/960/945
f 961/961/946 960/960/945 993/993/978
f 993/993/978 994/994/979 961/961/946
f 962/962/947 961/961/946 994/994/979
f 994/994/979 995/995/980 962/962/947
f 963/963/948 962/962/947 995/995/980
f 995/995/980 996/996/981 963/963/948
f 964/964/949 963/963/948 996/996/981
f 996/996/981 997/997/982 964/964/949
f 965/965/950 964/964/949 997/997/982
f 997/997/982 998/998/983 965/965/950
f 966/966/951 965/965/950 998/998/983
f 998/998/983 999/999/984 966/966/951
f 967/967/952 966/966/951 999/999/984
f 999/999/984 1000/1000/985 967/967/952
f 968/968/953 967/967/952 1000/1000/985
f 1000/1000/985 1001/1001/986 968/968/953
f 969/969/954 968/968/953 1001/1001/986
f 1001/1001/986 1002/1002/987 969/969/954
f 970/970/955 969/969/954 1002/1002/987
f 1002/1002/987 1003/1003/988 970/970/955
f 971/971/956 970/970/955 1003/1003/988
f 1003/1003/988 1004/1004/989 971/971/956
f 972/972/957 971/971/956 1004/1004/989
f 1004/1004/989 1005/1005/990 972/972/957
f 973/973/958 972/972/957 1005/1005/990
f 1005/1005/990 1006/1006/991 973/973/958
f 974/974/959 973/973/958 1006/1006/991
f 1006/1006/991 1007/1007/992 974/974/959
f 975/975/960 974/974/959 1007/1007/992
f 1007/1007/992 1008/1008/993 975/975/960
f 976/976/961 975/975/960 1008/1008/993
f 1008/1008/993 1009/1009/994 976/976/961
f 977/977/962 976/976/961 1009/1009/994
f 1009/1009/994 1010/1010/995 977/977/962
f 978/978/963 977/977/962 1010/1010/995
f 1010/1010/995 1011/1011/996 978/978/963
f 979/979/964 978/978/963 1011/1011/996
f 1011/1011/996 1012/1012/997 979/979/964
f 980/980/965 979/979/964 1012/1012/997
f 1012/1012/997 1013/1013/998 980/980/965
f 981/981/966 980/980/965 1013/1013/998
f 1013/1013/998 1014/1014/999 981/981/966
f 982/982/967 981/981/966 1014/1014/999
f 1014/1014/999 1015/1015/1000 982/982/967
f 983/983/968 982/982/967 1015/1015/1000
f 1015/1015/1000 1016/1016/1001 983/983/968
f 984/984/969 983/983/968 1016/1016/1001
f 1016/1016/1001 1017/1017/1002 984/984/969
f 985/985/970 984/984/969 1017/1017/1002
f 1017/1017/1002 1018/1018/1003 985/985/970
f 986/986/971 985/985/970 1018/1018/1003
f 1018/1018/1003 1019/1019/1004 986/986/971
f 987/987/972 986/986/971 1019/1019/1004
f 1019/1019/1004 1020/1020/1005 987/987/972
f 988/988/973 987/987/972 1020/1020/1005
f 1020/1020/1005 1021/1021/1006 988/988/973
f 989/989/974 988/988/973 1021/1021/1006
f 1021/1021/1006 1022/1022/1007 989/989/974
f 990/990/975 989/989/974 1022/1022/1007
f 1022/1022/1007 1023/1023/1008 990/990/975
f 992/992/977 991/991/976 1024/1024/1009
f 1024/1024/1009 1025/1025/1010 992/992/977
f 993/993/978 992/992/977 1025/1025/1010
f 1025/1025/1010 1026/1026/1011 993/993/978
f 994/994/979 993/993/978 1026/1026/1011
f 1026/1026/1011 1027/1027/1012 994/994/979
f 995/995/980 994/994/979 1027/1027/1012
f 1027/1027/1012 1028/1028/1013 995/995/980
f 996/996/981 995/995/980 1028/1028/1013
f 1028/1028/1013 1029/1029/1014 996/996/981
f 997/997/982 996/996/981 1029/1029/1014
f 1029/1029/1014 1030/1030/1015 997/997/982
f 998/998/983 997/997/982 1030/1030/1015
f 1030/1030/1015 1031/1031/1016 998/998/983
f 999/999/984 998/998/983 1031/1031/1016
f 1031/1031/1016 1032/1032/1017 999/999/984
f 1000/1000/985 999/999/984 1032/1032/1017
f 1032/1032/1017 1033/1033/1018 1000/1000/985
f 1001/1001/986 1000/1000/985 1033/1033/1018
f 1033/1033/1018 1034/1034/1019 1001/1001/986
f 1002/1002/987 1001/1001/986 1034/1034/1019
f 1034/1034/1019 1035/1035/1020 1002/1002/987
f 1003/1003/988 1002/1002/987 1035/1035/1020
f 1035/1035/1020 1036/1036/1021 1003/1003/988
f 1004/1004/989 1003/1003/988 1036/1036/1021
f 1036/1036/1021 1037/1037/1022 1004/1004/989
f 1005/1005/990 1004/1004/989 1037/1037/1022
f 1037/1037/1022 1038/1038/1023 1005/1005/990
f 1006/1006/991 1005/1005/990 1038/1038/1023
f 1038/1038/1023 1039/1039/1024 1006/1006/991
f 1007/1007/992 1006/1006/991 1039/1039/1024
f 1039/1039/1024 1040/1040/1025 1007/1007/992
f 1008/1008/993 1007/1007/992 1040/1040/1025
f 1040/1040/1025 1041/1041/1026 1008/1008/993
f 1009/1009/994 1008/1008/993 1041/1041/1026
f 1041/1041/1026 1042/1042/1027 1009/1009/994
f 1010/1010/995 1009/1009/994 1042/1042/1027
f 1042/1042/1027 1043/1043/1028 1010/1010/995
f 1011/1011/996 1010/1010/995 1043/1043/1028
f 1043/1043/1028 1044/1044/1029 1011/1011/996
f 1012/1012/997 1011/1011/996 1044/1044/1029
f 1044/1044/1029 1045/1045/1030 1012/1012/997
f 1013/1013/998 1012/1012/997 1045/1045/1030
f 1045/1045/1030 1046/1046/1031 1013/1013/998
f 1014/1014/999 1013/1013/998 1046/1046/1031
f 1046/1046/1031 1047/1047/1032 1014/1014/999
f 1015/1015/1000 1014/1014/999 1047/1047/1032
f 1047/1047/1032 1048/1048/1033 1015/1015/1000
f 1016/1016/1001 1015/1015/1000 1048/1048/1033
f 1048/1048/1033 1049/1049/1034 1016/1016/1001
f 1017/1017/1002 1016/1016/1001 1049/1049/1034
f 1049/1049/1034 1050/1050/1035 1017/1017/1002
f 1018/1018/1003 1017/1017/1002 1050/1050/1035
f 1050/1050/1035 1051/1051/1036 1018/1018/1003
f 1019/1019/1004 1018/1018/1003 1051/1051/1036
f 1051/1051/1036 1052/1052/1037 1019/1019/1004
f 1020/1020/1005 1019/1019/1004 1052/1052/1037
f 1052/1052/1037 1053/1053/1038 1020/1020/1005
f 1021/1021/1006 1020/1020/1005 1053/1053/1038
f 1053/1053/1038 1054/1054/1039 1021/1021/1006
f 1022/1022/1007 1021/1021/1006 1054/1054/1039
f 1054/1054/1039 1055/1055/1040 1022/1022/1007
f 1023/1023/1008 1022/1022/1007 1055/1055/1040
f 1055/1055/1040 1056/1056/1041 1023/1023/1008
f 1025/1025/1010 1024/1024/1009 1057/1057/1042
f 1057/1057/1042 1058/1058/1043 1025/1025/1010
f 1026/1026/1011 1025/1025/1010 1058/1058/1043
f 1058/1058/1043 1059/1059/1044 1026/1026/1011
f 1027/1027/1012 1026/1026/1011 1059/1059/1044
f 1059/1059/1044 1060/1060/1045 1027/1027/1012
f 1028/1028/1013 1027/1027/1012 1060/1060/1045
f 1060/1060/1045 1061/1061/1046 1028/1028/1013
f 1029/1029/1014 1028/1028/1013 1061/1061/1046
f 1061/1061/1046 1062/1062/1047 1029/1029/1014
f 1030/1030/1015 1029/1029/1014 1062/1062/1047
f 1062/1062/1047 1063/1063/1048 1030/1030/1015
f 1031/1031/1016 1030/1030/1015 1063/1063/1048
f 1063/1063/1048 1064/1064/1049 1031/1031/1016
f 1032/1032/1017 1031/1031/1016 1064/1064/1049
f 1064/1064/1049 1065/1065/1050 1032/1032/1017
f 1033/1033/1018 1032/1032/1017 1065/1065/1050
f 1065/1065/1050 1066/1066/1051 1033/1033/1018
f 1034/1034/1019 1033/1033/1018 1066/1066/1051
f 1066/1066/1051 1067/1067/1052 1034/1034/1019
f 1035/1035/1020 1034/1034/1019 1067/1067/1052
f 1067/1067/1052 1068/1068/1053 1035/1035/1020
f 1036/1036/1021 1035/1035/1020 1068/1068/1053
f 1068/1068/1053 1069/1069/1054 1036/1036/1021
f 1037/1037/1022 1036/1036/1021 1069/1069/1054
f 1069/1069/1054 1070/1070/1055 1037/1037/1022
f 1038/1038/1023 1037/1037/1022 1070/1070/1055
f 1070/1070/1055 1071/1071/1056 1038/1038/1023
f 1039/1039/1024 1038/1038/1023 1071/1071/1056
f 1071/1071/1056 1072/1072/1057 1039/1039/1024
f 1040/1040/1025 1039/1039/1024 1072/1072/1057
f 1072/1072/1057 1073/1073/1058 1040/1040/1025
f 1041/1041/1026 1040/1040/1025 1073/1073/1058
f 1073/1073/1058 1074/1074/1059 1041/1041/1026
f 1042/1042/1027 1041/1041/1026 1074/1074/1059
f 1074/1074/1059 1075/1075/1060 1042/1042/1027
f 1043/1043/1028 1042/1042/1027 1075/1075/1060
f 1075/1075/1060 1076/1076/1061 1043/1043/1028
f 1044/1044/1029 1043/1043/1028 1076/1076/1061
f 1076/1076/1061 1077/1077/1062 1044/1044/1029
f 1045/1045/1030 1044/1044/1029 1077/1077/1062
f 1077/1077/1062 1078/1078/1063 1045/1045/1030
f 1046/1046/1031 1045/1045/1030 1078/1078/1063
f 1078/1078/1063 1079/1079/1064 1046/1046/1031
f 1047/1047/1032 1046/1046/1031 1079/1079/1064
f 1079/1079/1064 1080/1080/1065 1047/1047/1032
f 1048/1048/1033 1047/1047/1032 1080/1080/1065
f 1080/1080/1065 1081/1081/1066 1048/1048/1033
f 1049/1049/1034 1048/1048/1033 1081/1081/1066
f 1081/1081/1066 1082/1082/1067 1049/1049/1034
f 1050/1050/1035 1049/1049/1034 1082/1082/1067
f 1082/1082/1067 1083/1083/1068 1050/1050/1035
f 1051/1051/1036 1050/1050/1035 1083/1083/1068
f 1083/1083/1068 1084/1084/1069 1051/1051/1036
f 1052/1052/1037 1051/1051/1036 1084/1084/1069
f 1084/1084/1069 1085/1085/1070 1052/1052/1037
f 1053/1053/1038 1052/1052/1037 1085/1085/1070
f 1085/1085/1070 1086/1086/1071 1053/1053/1038
f 1054/1054/1039 1053/1053/1038 1086/1086/1071
f 1086/1086/1071 1087/1087/1072 1054/1054/1039
f 1055/1055/1040 1054/1054/1039 1087/1087/1072
f 1087/1087/1072 1088/1088/1073 1055/1055/1040
f 1056/1056/1041 1055/1055/1040 1088/1088/1073
f 1088/1088/1073 1089/1089/1074 1056/1056/1041

# Mesh
g GroundFar
usemtl GroundFar
f 1093/4/1078 1090/1/1075 1091/2/1076
f 1091/2/1076 1092/3/1077 1093/4/1078
f 1095/6/1080 1093/4/1078 1092/3/1077
f 1092/3/1077 1094/5/1079 1095/6/1080
f 1097/8/1082 1095/6/1080 1094/5/1079
f 1094/5/1079 1096/7/1081 1097/8/1082
f 1099/10/1084 1097/8/1082 1096/7/1081
f 1096/7/1081 1098/9/1083 1099/10/1084
f 1101/12/1086 1099/10/1084 1098/9/1083
f 1098/9/1083 1100/11/1085 1101/12/1086
f 1103/14/1088 1101/12/1086 1100/11/1085
f 1100/11/1085 1102/13/1087 1103/14/1088
f 1105/16/1090 1103/14/1088 1102/13/1087
f 1102/13/1087 1104/15/1089 1105/16/1090
f 1107/18/1092 1105/16/1090 1104/15/1089
f 1104/15/1089 1106/17/1091 1107/18/1092
f 1109/20/1094 1107/18/1092 1106/17/1091
f 1106/17/1091 1108/19/1093 1109/20/1094
f 1111/22/1096 1109/20/1094 1108/19/1093
f 1108/19/1093 1110/21/1095 1111/22/1096
f 1113/24/1098 1111/22/1096 1110/21/1095
f 1110/21/1095 1112/23/1097 1113/24/1098
f 1115/26/1100 1113/24/1098 1112/23/1097
f 1112/23/1097 1114/25/1099 1115/26/1100
f 1117/28/1102 1115/26/1100 1114/25/1099
f 1114/25/1099 1116/27/1101 1117/28/1102
f 1119/30/1104 1117/28/1102 1116/27/1101
f 1116/27/1101 1118/29/1103 1119/30/1104
f 1121/32/1106 1119/30/1104 1118/29/1103
f 1118/29/1103 1120/31/1105 1121/32/1106
f 1123/34/1108 1121/32/1106 1120/31/1105
f 1120/31/1105 1122/33/1107 1123/34/1108
f 1125/36/1110 1123/34/1108 1122/33/1107
f 1122/33/1107 1124/35/1109 1125/36/1110
f 1127/38/1112 1125/36/1110 1124/35/1109
f 1124/35/1109 1126/37/1111 1127/38/1112
f 1129/40/1114 1127/38/1112 1126/37/1111
f 1126/37/1111 1128/39/1113 1129/40/1114
f 1131/42/1116 1129/40/1114 1128/39/1113
f 1128/39/1113 1130/41/1115 1131/42/1116
f 1133/44/1118 1131/42/1116 1130/41/1115
f 1130/41/1115 1132/43/1117 1133/44/1118
f 1135/46/1120 1133/44/1118 1132/43/1117
f 1132/43/1117 1134/45/1119 1135/46/1120
f 1137/48/1122 1135/46/1120 1134/45/1119
f 1134/45/1119 1136/47/1121 1137/48/1122
f 1139/50/1124 1137/48/1122 1136/47/1121
f 1136/47/1121 1138/49/1123 1139/50/1124
f 1141/52/1126 1139/50/1124 1138/49/1123
f 1138/49/1123 1140/51/1125 1141/52/1126
f 1143/54/1128 1141/52/1126 1140/51/1125
f 1140/51/1125 1142/53/1127 1143/54/1128
f 1145/56/1130 1143/54/1128 1142/53/1127
f 1142/53/1127 1144/55/1129 1145/56/1130
f 1147/58/1132 1145/56/1130 1144/55/1129
f 1144/55/1129 1146/57/1131 1147/58/1132
f 1149/60/1134 1147/58/1132 1146/57/1131
f 1146/57/1131 1148/59/1133 1149/60/1134
f 1151/62/1136 1149/60/1134 1148/59/1133
f 1148/59/1133 1150/61/1135 1151/62/1136
f 1153/64/1138 1151/62/1136 1150/61/1135
f 1150/61/1135 1152/63/1137 1153/64/1138
f 1155/66/1140 1153/64/1138 1152/63/1137
f 1152/63/1137 1154/65/1139 1155/66/1140
f 1092/3/1077 1091/2/1076 1156/67/1141
f 1156/67/1141 1157/68/1142 1092/3/1077
f 1094/5/1079 1092/3/1077 1157/68/1142
f 1157/68/1142 1158/69/1143 1094/5/1079
f 1096/7/1081 1094/5/1079 1158/69/1143
f 1158/69/1143 1159/70/1144 1096/7/1081
f 1098/9/1083 1096/7/1081 1159/70/1144
f 1159/70/1144 1160/71/1145 1098/9/1083
f 1100/11/1085 1098/9/1083 1160/71/1145
f 1160/71/1145 1161/72/1146 1100/11/1085
f 1102/13/1087 1100/11/1085 1161/72/1146
f 1161/72/1146 1162/73/1147 1102/13/1087
f 1104/15/1089 1102/13/1087 1162/73/1147
f 1162/73/1147 1163/74/1148 1104/15/1089
f 1106/17/1091 1104/15/1089 1163/74/1148
f 1163/74/1148 1164/75/1149 1106/17/1091
f 1108/19/1093 1106/17/1091 1164/75/1149
f 1164/75/1149 1165/76/1150 1108/19/1093
f 1110/21/1095 1108/19/1093 1165/76/1150
f 1165/76/1150 1166/77/1151 1110/21/1095
f 1112/23/1097 1110/21/1095 1166/77/1151
f 1166/77/1151 1167/78/1152 1112/23/1097
f 1114/25/1099 1112/23/1097 1167/78/1152
f 1167/78/1152 1168/79/1153 1114/25/1099
f 1116/27/1101 1114/25/1099 1168/79/1153
f 1168/79/1153 1169/80/1154 1116/27/1101
f 1118/29/1103 1116/27/1101 1169/80/1154
f 1169/80/1154 1170/81/1155 1118/29/1103
f 1120/31/1105 1118/29/1103 1170/81/1155
f 1170/81/1155 1171/82/1156 1120/31/1105
f 1122/33/1107 1120/31/1105 1171/82/1156
f 1171/82/1156 1172/83/1157 1122/33/1107
f 1124/35/1109 1122/33/1107 1172/83/1157
f 1172/83/1157 1173/84/1158 1124/35/1109
f 1126/37/1111 1124/35/1109 1173/84/1158
f 1173/84/1158 1174/85/1159 1126/37/1111
f 1128/39/1113 1126/37/1111 1174/85/1159
f 1174/85/1159 1175/86/1160 1128/39/1113
f 1130/41/1115 1128/39/1113 1175/86/1160
f 1175/86/1160 1176/87/1161 1130/41/1115
f 1132/43/1117 1130/41/1115 1176/87/1161
f 1176/87/1161 1177/88/1162 1132/43/1117
f 1134/45/1119 1132/43/1117 1177/88/1162
f 1177/88/1162 1178/89/1163 1134/45/1119
f 1136/47/1121 1134/45/1119 1178/89/1163
f 1178/89/1163 1179/90/1164 1136/47/1121
f 1138/49/1123 1136/47/1121 1179/90/1164
f 1179/90/1164 1180/91/1165 1138/49/1123
f 1140/51/1125 1138/49/1123 1180/91/1165
f 1180/91/1165 1181/92/1166 1140/51/1125
f 1142/53/1127 1140/51/1125 1181/92/1166
f 1181/92/1166 1182/93/1167 1142/53/1127
f 1144/55/1129 1142/53/1127 1182/93/1167
f 1182/93/1167 1183/94/1168 1144/55/1129
f 1146/57/1131 1144/55/1129 1183/94/1168
f 1183/94/1168 1184/95/1169 1146/57/1131
f 1148/59/1133 1146/57/1131 1184/95/1169
f 1184/95/1169 1185/96/1170 1148/59/1133
f 1150/61/1135 1148/59/1133 1185/96/1170
f 1185/96/1170 1186/97/1171 1150/61/1135
f 1152/63/1137 1150/61/1135 1186/97/1171
f 1186/97/1171 1187/98/1172 1152/63/1137
f 1154/65/1139 1152/63/1137 1187/98/1172
f 1187/98/1172 1188/99/1173 1154/65/1139
f 1157/68/1142 1156/67/1141 1189/100/1174
f 1189/100/1174 1190/101/1175 1157/68/1142
f 1158/69/1143 1157/68/1142 1190/101/1175
f 1190/101/1175 1191/102/1176 1158/69/1143
f 1159/70/1144 1158/69/1143 1191/102/1176
f 1191/102/1176 1192/103/1177 1159/70/1144
f 1160/71/1145 1159/70/1144 1192/103/1177
f 1192/103/1177 1193/104/1178 1160/71/1145
f 1161/72/1146 1160/71/1145 1193/104/1178
f 1193/104/1178 1194/105/1179 1161/72/1146
f 1162/73/1147 1161/72/1146 1194/105/1179
f 1194/105/1179 1195/106/1180 1162/73/1147
f 1163/74/1148 1162/73/1147 1195/106/1180
f 1195/106/1180 1196/107/1181 1163/74/1148
f 1164/75/1149 1163/74/1148 1196/107/1181
f 1196/107/1181 1197/108/1182 1164/75/1149
f 1165/76/1150 1164/75/1149 1197/108/1182
f 1197/108/1182 1198/109/1183 1165/76/1150
f 1166/77/1151 1165/76/1150 1198/109/1183
f 1198/109/1183 1199/110/1184 1166/77/1151
f 1167/78/1152 1166/77/1151 1199/110/1184
f 1199/110/1184 1200/111/1185 1167/78/1152
f 1168/79/1153 1167/78/1152 1200/111/1185
f 1200/111/1185 1201/112/1186 1168/79/1153
f 1169/80/1154 1168/79/1153 1201/112/1186
f 1201/112/1186 1202/113/1187 1169/80/1154
f 1170/81/1155 1169/80/1154 1202/113/1187
f 1202/113/1187 1203/114/1188 1170/81/1155
f 1171/82/1156 1170/81/1155 1203/114/1188
f 1203/114/1188 1204/115/1189 1171/82/1156
f 1172/83/1157 1171/82/1156 1204/115/1189
f 1204/115/1189 1205/116/1190 1172/83/1157
f 1173/84/1158 1172/83/1157 1205/116/1190
f 1205/116/1190 1206/117/1191 1173/84/1158
f 1174/85/1159 1173/84/1158 1206/117/1191
f 1206/117/1191 1207/118/1192 1174/85/1159
f 1175/86/1160 1174/85/1159 1207/118/1192
f 1207/118/1192 1208/119/1193 1175/86/1160
f 1176/87/1161 1175/86/1160 1208/119/1193
f 1208/119/1193 1209/120/1194 1176/87/1161
f 1177/88/1162 1176/87/1161 1209/120/1194
f 1209/120/1194 1210/121/1195 1177/88/1162
f 1178/89/1163 1177/88/1162 1210/121/1195
f 1210/121/1195 1211/122/1196 1178/89/1163
f 1179/90/1164 1178/89/1163 1211/122/1196
f 1211/122/1196 1212/123/1197 1179/90/1164
f 1180/91/1165 1179/90/1164 1212/123/1197
f 1212/123/1197 1213/124/1198 1180/91/1165
f 1181/92/1166 1180/91/1165 1213/124/1198
f 1213/124/1198 1214/125/1199 1181/92/1166
f 1182/93/1167 1181/92/1166 1214/125/1199
f 1214/125/1199 1215/126/1200 1182/93/1167
f 1183/94/1168 1182/93/1167 1215/126/1200
f 1215/126/1200 1216/127/1201 1183/94/1168
f 1184/95/1169 1183/94/1168 1216/127/1201
f 1216/127/1201 1217/128/1202 1184/95/1169
f 1185/96/1170 1184/95/1169 1217/128/1202
f 1217/128/1202 1218/129/1203 1185/96/1170
f 1186/97/1171 1185/96/1170 1218/129/1203
f 1218/129/1203 1219/130/1204 1186/97/1171
f 1187/98/1172 1186/97/1171 1219/130/1204
f 1219/130/1204 1220/131/1205 1187/98/1172
f 1188/99/1173 1187/98/1172 1220/131/1205
f 1220/131/1205 1221/132/1206 1188/99/1173
f 1190/101/1175 1189/100/1174 1222/133/1207
f 1222/133/1207 1223/134/1208 1190/101/1175
f 1191/102/1176 1190/101/1175 1223/134/1208
f 1223/134/1208 1224/135/1209 1191/102/1176
f 1192/103/1177 1191/102/1176 1224/135/1209
f 1224/135/1209 1225/136/1210 1192/103/1177
f 1193/104/1178 1192/103/1177 1225/136/1210
f 1225/136/1210 1226/137/1211 1193/104/1178
f 1194/105/1179 1193/104/1178 1226/137/1211
f 1226/137/1211 1227/138/1212 1194/105/1179
f 1195/106/1180 1194/105/1179 1227/138/1212
f 1227/138/1212 1228/139/1213 1195/106/1180
f 1196/107/1181 1195/106/1180 1228/139/1213
f 1228/139/1213 1229/140/1214 1196/107/1181
f 1197/108/1182 1196/107/1181 1229/140/1214
f 1229/140/1214 1230/141/1215 1197/108/1182
f 1198/109/1183 1197/108/1182 1230/141/1215
f 1230/141/1215 1231/142/1216 1198/109/1183
f 1199/110/1184 1198/109/1183 1231/142/1216
f 1231/142/1216 1232/143/1217 1199/110/1184
f 1200/111/1185 1199/110/1184 1232/143/1217
f 1232/143/1217 1233/144/1218 1200/111/1185
f 1201/112/1186 1200/111/1185 1233/144/1218
f 1233/144/1218 1234/145/1219 1201/112/1186
f 1202/113/1187 1201/112/1186 1234/145/1219
f 1234/145/1219 1235/146/1220 1202/113/1187
f 1203/114/1188 1202/113/1187 1235/146/1220
f 1235/146/1220 1236/147/1221 1203/114/1188
f 1204/115/1189 1203/114/1188 1236/147/1221
f 1236/147/1221 1237/148/1222 1204/115/1189
f 1205/116/1190 1204/115/1189 1237/148/1222
f 1237/148/1222 1238/149/1223 1205/116/1190
f 1206/117/1191 1205/116/1190 1238/149/1223
f 1238/149/1223 1239/150/1224 1206/117/1191
f 1207/118/1192 1206/117/1191 1239/150/1224
f 1239/150/1224 1240/151/1225 1207/118/1192
f 1208/119/1193 1207/118/1192 1240/151/1225
f 1240/151/1225 1241/152/1226 1208/119/1193
f 1209/120/1194 1208/119/1193 1241/152/1226
f 1241/152/1226 1242/153/1227 1209/120/1194
f 1210/121/1195 1209/120/1194 1242/153/1227
f 1242/153/1227 1243/154/1228 1210/121/1195
f 1211/122/1196 1210/121/1195 1243/154/1228
f 1243/154/1228 1244/155/1229 1211/122/1196
f 1212/123/1197 1211/122/1196 1244/155/1229
f 1244/155/1229 1245/156/1230 1212/123/1197
f 1213/124/1198 1212/123/1197 1245/156/1230
f 1245/156/1230 1246/157/1231 1213/124/1198
f 1214/125/1199 1213/124/1198 1246/157/1231
f 1246/157/1231 1247/158/1232 1214/125/1199
f 1215/126/1200 1214/125/1199 1247/158/1232
f 1247/158/1232 1248/159/1233 1215/126/1200
f 1216/127/1201 1215/126/1200 1248/159/1233
f 1248/159/1233 1249/160/1234 1216/127/1201
f 1217/128/1202 1216/127/1201 1249/160/1234
f 1249/160/1234 1250/161/1235 1217/128/1202
f 1218/129/1203 1217/128/1202 1250/161/1235
f 1250/161/1235 1251/162/1236 1218/129/1203
f 1219/130/1204 1218/129/1203 1251/162/1236
f 1251/162/1236 1252/163/1237 1219/130/1204
f 1220/131/1205 1219/130/1204 1252/163/1237
f 1252/163/1237 1253/164/1238 1220/131/1205
f 1221/132/1206 1220/131/1205 1253/164/1238
f 1253/164/1238 1254/165/1239 1221/132/1206
f 1223/134/1208 1222/133/1207 1255/166/1240
f 1255/166/1240 1256/167/1241 1223/134/1208
f 1224/135/1209 1223/134/1208 1256/167/1241
f 1256/167/1241 1257/168/1242 1224/135/1209
f 1225/136/1210 1224/135/1209 1257/168/1242
f 1257/168/1242 1258/169/1243 1225/136/1210
f 1226/137/1211 1225/136/1210 1258/169/1243
f 1258/169/1243 1259/170/1244 1226/137/1211
f 1227/138/1212 1226/137/1211 1259/170/1244
f 1259/170/1244 1260/171/1245 1227/138/1212
f 1228/139/1213 1227/138/1212 1260/171/1245
f 1260/171/1245 1261/172/1246 1228/139/1213
f 1229/140/1214 1228/139/1213 1261/172/1246
f 1261/172/1246 1262/173/1247 1229/140/1214
f 1230/141/1215 1229/140/1214 1262/173/1247
f 1262/173/1247 1263/174/1248 1230/141/1215
f 1231/142/1216 1230/141/1215 1263/174/1248
f 1263/174/1248 1264/175/1249 1231/142/1216
f 1232/143/1217 1231/142/1216 1264/175/1249
f 1264/175/1249 1265/176/1250 1232/143/1217
f 1233/144/1218 1232/143/1217 1265/176/1250
f 1265/176/1250 1266/177/1251 1233/144/1218
f 1234/145/1219 1233/144/1218 1266/177/1251
f 1266/177/1251 1267/178/1252 1234/145/1219
f 1235/146/1220 1234/145/1219 1267/178/1252
f 1267/178/1252 1268/179/1253 1235/146/1220
f 1236/147/1221 1235/146/1220 1268/179/1253
f 1268/179/1253 1269/180/1254 1236/147/1221
f 1237/148/1222 1236/147/1221 1269/180/1254
f 1269/180/1254 1270/181/1255 1237/148/1222
f 1238/149/1223 1237/148/1222 1270/181/1255
f 1270/181/1255 1271/182/1256 1238/149/1223
f 1239/150/1224 1238/149/1223 1271/182/1256
f 1271/182/1256 1272/183/1257 1239/150/1224
f 1240/151/1225 1239/150/1224 1272/183/1257
f 1272/183/1257 1273/184/1258 1240/151/1225
f 1241/152/1226 1240/151/1225 1273/184/1258
f 1273/184/1258 1274/185/1259 1241/152/1226
f 1242/153/1227 1241/152/1226 1274/185/1259
f 1274/185/1259 1275/186/1260 1242/153/1227
f 1243/154/1228 1242/153/1227 1275/186/1260
f 1275/186/1260 1276/187/1261 1243/154/1228
f 1244/155/1229 1243/154/1228 1276/187/1261
f 1276/187/1261 1277/188/1262 1244/155/1229
f 1245/156/1230 1244/155/1229 1277/188/1262
f 1277/188/1262 1278/189/1263 1245/156/1230
f 1246/157/1231 1245/156/1230 1278/189/1263
f 1278/189/1263 1279/190/1264 1246/157/1231
f 1247/158/1232 1246/157/1231 1279/190/1264
f 1279/190/1264 1280/191/1265 1247/158/1232
f 1248/159/1233 1247/158/1232 1280/191/1265
f 1280/191/1265 1281/192/1266 1248/159/1233
f 1249/160/1234 1248/159/1233 1281/192/1266
f 1281/192/1266 1282/193/1267 1249/160/1234
f 1250/161/1235 1249/160/1234 1282/193/1267
f 1282/193/1267 1283/194/1268 1250/161/1235
f 1251/162/1236 1250/161/1235 1283/194/1268
f 1283/194/1268 1284/195/1269 1251/162/1236
f 1252/163/1237 1251/162/1236 1284/195/1269
f 1284/195/1269 1285/196/1270 1252/163/1237
f 1253/164/1238 1252/163/1237 1285/196/1270
f 1285/196/1270 1286/197/1271 1253/164/1238
f 1254/165/1239 1253/164/1238 1286/197/1271
f 1286/197/1271 1287/198/1272 1254/165/1239
f 1256/167/1241 1255/166/1240 1288/199/1273
f 1288/199/1273 1289/200/1274 1256/167/1241
f 1257/168/1242 1256/167/1241 1289/200/1274
f 1289/200/1274 1290/201/1275 1257/168/1242
f 1258/169/1243 1257/168/1242 1290/201/1275
f 1290/201/1275 1291/202/1276 1258/169/1243
f 1259/170/1244 1258/169/1243 1291/202/1276
f 1291/202/1276 1292/203/1277 1259/170/1244
f 1260/171/1245 1259/170/1244 1292/203/1277
f 1292/203/1277 1293/204/1278 1260/171/1245
f 1261/172/1246 1260/171/1245 1293/204/1278
f 1293/204/1278 1294/205/1279 1261/172/1246
f 1262/173/1247 1261/172/1246 1294/205/1279
f 1294/205/1279 1295/206/1280 1262/173/1247
f 1263/174/1248 1262/173/1247 1295/206/1280
f 1295/206/1280 1296/207/1281 1263/174/1248
f 1264/175/1249 1263/174/1248 1296/207/1281
f 1296/207/1281 1297/208/1282 1264/175/1249
f 1265/176/1250 1264/175/1249 1297/208/1282
f 1297/208/1282 1298/209/1283 1265/176/1250
f 1266/177/1251 1265/176/1250 1298/209/1283
f 1298/209/1283 1299/210/1284 1266/177/1251
f 1267/178/1252 1266/177/1251 1299/210/1284
f 1299/210/1284 1300/211/1285 1267/178/1252
f 1268/179/1253 1267/178/1252 1300/211/1285
f 1300/211/1285 1301/212/1286 1268/179/1253
f 1269/180/1254 1268/179/1253 1301/212/1286
f 1301/212/1286 1302/213/1287 1269/180/1254
f 1270/181/1255 1269/180/1254 1302/213/1287
f 1302/213/1287 1303/214/1288 1270/181/1255
f 1271/182/1256 1270/181/1255 1303/214/1288
f 1303/214/1288 1304/215/1289 1271/182/1256
f 1272/183/1257 1271/182/1256 1304/215/1289
f 1304/215/1289 1305/216/1290 1272/183/1257
f 1273/184/1258 1272/183/1257 1305/216/1290
f 1305/216/1290 1306/217/1291 1273/184/1258
f 1274/185/1259 1273/184/1258 1306/217/1291
f 1306/217/1291 1307/218/1292 1274/185/1259
f 1275/186/1260 1274/185/1259 1307/218/1292
f 1307/218/1292 1308/219/1293 1275/186/1260
f 1276/187/1261 1275/186/1260 1308/219/1293
f 1308/219/1293 1309/220/1294 1276/187/1261
f 1277/188/1262 1276/187/1261 1309/220/1294
f 1309/220/1294 1310/221/1295 1277/188/1262
f 1278/189/1263 1277/188/1262 1310/221/1295
f 1310/221/1295 1311/222/1296 1278/189/1263
f 1279/190/1264 1278/189/1263 1311/222/1296
f 1311/222/1296 1312/223/1297 1279/190/1264
f 1280/191/1265 1279/190/1264 1312/223/1297
f 1312/223/1297 1313/224/1298 1280/191/1265
f 1281/192/1266 1280/191/1265 1313/224/1298
f 1313/224/1298 1314/225/1299 1281/192/1266
f 1282/193/1267 1281/192/1266 1314/225/1299
f 1314/225/1299 1315/226/1300 1282/193/1267
f 1283/194/1268 1282/193/1267 1315/226/1300
f 1315/226/1300 1316/227/1301 1283/194/1268
f 1284/195/1269 1283/194/1268 1316/227/1301
f 1316/227/1301 1317/228/1302 1284/195/1269
f 1285/196/1270 1284/195/1269 1317/228/1302
f 1317/228/1302 1318/229/1303 1285/196/1270
f 1286/197/1271 1285/196/1270 1318/229/1303
f 1318/229/1303 1319/230/1304 1286/197/1271
f 1287/198/1272 1286/197/1271 1319/230/1304
f 1319/230/1304 1320/231/1305 1287/198/1272
f 1289/200/1274 1288/199/1273 1321/232/1306
f 1321/232/1306 1322/233/1307 1289/200/1274
f 1290/201/1275 1289/200/1274 1322/233/1307
f 1322/233/1307 1323/234/1308 1290/201/1275
f 1291/202/1276 1290/201/1275 1323/234/1308
f 1323/234/1308 1324/235/1309 1291/202/1276
f 1292/203/1277 1291/202/1276 1324/235/1309
f 1324/235/1309 1325/236/1310 1292/203/1277
f 1293/204/1278 1292/203/1277 1325/236/1310
f 1325/236/1310 1326/237/1311 1293/204/1278
f 1294/205/1279 1293/204/1278 1326/237/1311
f 1326/237/1311 1327/238/1312 1294/205/1279
f 1295/206/1280 1294/205/1279 1327/238/1312
f 1327/238/1312 1328/239/1313 1295/206/1280
f 1296/207/1281 1295/206/1280 1328/239/1313
f 1328/239/1313 1329/240/1314 1296/207/1281
f 1297/208/1282 1296/207/1281 1329/240/1314
f 1329/240/1314 1330/241/1315 1297/208/1282
f 1298/209/1283 1297/208/1282 1330/241/1315
f 1330/241/1315 1331/242/1316 1298/209/1283
f 1299/210/1284 1298/209/1283 1331/242/1316
f 1331/242/1316 1332/243/1317 1299/210/1284
f 1300/211/1285 1299/210/1284 1332/243/1317
f 1332/243/1317 1333/244/1318 1300/211/1285
f 1301/212/1286 1300/211/1285 1333/244/1318
f 1333/244/1318 1334/245/1319 1301/212/1286
f 1302/213/1287 1301/212/1286 1334/245/1319
f 1334/245/1319 1335/246/1320 1302/213/1287
f 1303/214/1288 1302/213/1287 1335/246/1320
f 1335/246/1320 1336/247/1321 1303/214/1288
f 1304/215/1289 1303/214/1288 1336/247/1321
f 1336/247/1321 1337/248/1322 1304/215/1289
f 1305/216/1290 1304/215/1289 1337/248/1322
f 1337/248/1322 1338/249/1323 1305/216/1290
f 1306/217/1291 1305/216/1290 1338/249/1323
f 1338/249/1323 1339/250/1324 1306/217/1291
f 1307/218/1292 1306/217/1291 1339/250/1324
f 1339/250/1324 1340/251/1325 1307/218/1292
f 1308/219/1293 1307/218/1292 1340/251/1325
f 1340/251/1325 1341/252/1326 1308/219/1293
f 1309/220/1294 1308/219/1293 1341/252/1326
f 1341/252/1326 1342/253/1327 1309/220/1294
f 1310/221/1295 1309/220/1294 1342/253/1327
f 1342/253/1327 1343/254/1328 1310/221/1295
f 1311/222/1296 1310/221/1295 1343/254/1328
f 1343/254/1328 1344/255/1329 1311/222/1296
f 1312/223/1297 1311/222/1296 1344/255/1329
f 1344/255/1329 1345/256/1330 1312/223/1297
f 1313/224/1298 1312/223/1297 1345/256/1330
f 1345/256/1330 1346/257/1331 1313/224/1298
f 1314/225/1299 1313/224/1298 1346/257/1331
f 1346/257/1331 1347/258/1332 1314/225/1299
f 1315/226/1300 1314/225/1299 1347/258/1332
f 1347/258/1332 1348/259/1333 1315/226/1300
f 1316/227/1301 1315/226/1300 1348/259/1333
f 1348/259/1333 1349/260/1334 1316/227/1301
f 1317/228/1302 1316/227/1301 1349/260/1334
f 1349/260/1334 1350/261/1335 1317/228/1302
f 1318/229/1303 1317/228/1302 1350/261/1335
f 1350/261/1335 1351/262/1336 1318/229/1303
f 1319/230/1304 1318/229/1303 1351/262/1336
f 1351/262/1336 1352/263/1337 1319/230/1304
f 1320/231/1305 1319/230/1304 1352/263/1337
f 1352/263/1337 1353/264/1338 1320/231/1305
f 1322/233/1307 1321/232/1306 1354/265/1339
f 1354/265/1339 1355/266/1340 1322/233/1307
f 1323/234/1308 1322/233/1307 1355/266/1340
f 1355/266/1340 1356/267/1341 1323/234/1308
f 1324/235/1309 1323/234/1308 1356/267/1341
f 1356/267/1341 1357/268/1342 1324/235/1309
f 1325/236/1310 1324/235/1309 1357/268/1342
f 1357/268/1342 1358/269/1343 1325/236/1310
f 1326/237/1311 1325/236/1310 1358/269/1343
f 1358/269/1343 1359/270/1344 1326/237/1311
f 1327/238/1312 1326/237/1311 1359/270/1344
f 1359/270/1344 1360/271/1345 1327/238/1312
f 1328/239/1313 1327/238/1312 1360/271/1345
f 1360/271/1345 1361/272/1346 1328/239/1313
f 1329/240/1314 1328/239/1313 1361/272/1346
f 1361/272/1346 1362/273/1347 1329/240/1314
f 1330/241/1315 1329/240/1314 1362/273/1347
f 1362/273/1347 1363/274/1348 1330/241/1315
f 1331/242/1316 1330/241/1315 1363/274/1348
f 1363/274/1348 1364/275/1349 1331/242/1316
f 1332/243/1317 1331/242/1316 1364/275/1349
f 1364/275/1349 1365/276/1350 1332/243/1317
f 1333/244/1318 1332/243/1317 1365/276/1350
f 1365/276/1350 1366/277/1351 1333/244/1318
f 1334/245/1319 1333/244/1318 1366/277/1351
f 1366/277/1351 1367/278/1352 1334/245/1319
f 1335/246/1320 1334/245/1319 1367/278/1352
f 1367/278/1352 1368/279/1353 1335/246/1320
f 1336/247/1321 1335/246/1320 1368/279/1353
f 1368/279/1353 1369/280/1354 1336/247/1321
f 1337/248/1322 1336/247/1321 1369/280/1354
f 1369/280/1354 1370/281/1355 1337/248/1322
f 1338/249/1323 1337/248/1322 1370/281/1355
f 1370/281/1355 1371/282/1356 1338/249/1323
f 1339/250/1324 1338/249/1323 1371/282/1356
f 1371/282/1356 1372/283/1357 1339/250/1324
f 1340/251/1325 1339/250/1324 1372/283/1357
f 1372/283/1357 1373/284/1358 1340/251/1325
f 1341/252/1326 1340/251/1325 1373/284/1358
f 1373/284/1358 1374/285/1359 1341/252/1326
f 1342/253/1327 1341/252/1326 1374/285/1359
f 1374/285/1359 1375/286/1360 1342/253/1327
f 1343/254/1328 1342/253/1327 1375/286/1360
f 1375/286/1360 1376/287/1361 1343/254/1328
f 1344/255/1329 1343/254/1328 1376/287/1361
f 1376/287/1361 1377/288/1362 1344/255/1329
f 1345/256/1330 1344/255/1329 1377/288/1362
f 1377/288/1362 1378/289/1363 1345/256/1330
f 1346/257/1331 1345/256/1330 1378/289/1363
f 1378/289/1363 1379/290/1364 1346/257/1331
f 1347/258/1332 1346/257/1331 1379/290/1364
f 1379/290/1364 1380/291/1365 1347/258/1332
f 1348/259/1333 1347/258/1332 1380/291/1365
f 1380/291/1365 1381/292/1366 1348/259/1333
f 1349/260/1334 1348/259/1333 1381/292/1366
f 1381/292/1366 1382/293/1367 1349/260/1334
f 1350/261/1335 1349/260/1334 1382/293/1367
f 1382/293/1367 1383/294/1368 1350/261/1335
f 1351/262/1336 1350/261/1335 1383/294/1368
f 1383/294/1368 1384/295/1369 1351/262/1336
f 1352/263/1337 1351/262/1336 1384/295/1369
f 1384/295/1369 1385/296/1370 1352/263/1337
f 1353/264/1338 1352/263/1337 1385/296/1370
f 1385/296/1370 1386/297/1371 1353/264/1338
f 1355/266/1340 1354/265/1339 1387/298/1372
f 1387/298/1372 1388/299/1373 1355/266/1340
f 1356/267/1341 1355/266/1340 1388/299/1373
f 1388/299/1373 1389/300/1374 1356/267/1341
f 1357/268/1342 1356/267/1341 1389/300/1374
f 1389/300/1374 1390/301/1375 1357/268/1342
f 1358/269/1343 1357/268/1342 1390/301/1375
f 1390/301/1375 1391/302/1376 1358/269/1343
f 1359/270/1344 1358/269/1343 1391/302/1376
f 1391/302/1376 1392/303/1377 1359/270/1344
f 1360/271/1345 1359/270/1344 1392/303/1377
f 1392/303/1377 1393/304/1378 1360/271/1345
f 1361/272/1346 1360/271/1345 1393/304/1378
f 1393/304/1378 1394/305/1379 1361/272/1346
f 1362/273/1347 1361/272/1346 1394/305/1379
f 1394/305/1379 1395/306/1380 1362/273/1347
f 1363/274/1348 1362/273/1347 1395/306/1380
f 1395/306/1380 1396/307/1381 1363/274/1348
f 1364/275/1349 1363/274/1348 1396/307/1381
f 1396/307/1381 1397/308/1382 1364/275/1349
f 1365/276/1350 1364/275/1349 1397/308/1382
f 1397/308/1382 1398/309/1383 1365/276/1350
f 1366/277/1351 1365/276/1350 1398/309/1383
f 1398/309/1383 1399/310/1384 1366/277/1351
f 1367/278/1352 1366/277/1351 1399/310/1384
f 1399/310/1384 1400/311/1385 1367/278/1352
f 1368/279/1353 1367/278/1352 1400/311/1385
f 1400/311/1385 1401/312/1386 1368/279/1353
f 1369/280/1354 1368/279/1353 1401/312/1386
f 1401/312/1386 1402/313/1387 1369/280/1354
f 1370/281/1355 1369/280/1354 1402/313/1387
f 1402/313/1387 1403/314/1388 1370/281/1355
f 1371/282/1356 1370/281/1355 1403/314/1388
f 1403/314/1388 1404/315/1389 1371/282/1356
f 1372/283/1357 1371/282/1356 1404/315/1389
f 1404/315/1389 1405/316/1390 1372/283/1357
f 1373/284/1358 1372/283/1357 1405/316/1390
f 1405/316/1390 1406/317/1391 1373/284/1358
f 1374/285/1359 1373/284/1358 1406/317/1391
f 1406/317/1391 1407/318/1392 1374/285/1359
f 1375/286/1360 1374/285/1359 1407/318/1392
f 1407/318/1392 1408/319/1393 1375/286/1360
f 1376/287/1361 1375/286/1360 1408/319/1393
f 1408/319/1393 1409/320/1394 1376/287/1361
f 1377/288/1362 1376/287/1361 1409/320/1394
f 1409/320/1394 1410/321/1395 1377/288/1362
f 1378/289/1363 1377/288/1362 1410/321/1395
f 1410/321/1395 1411/322/1396 1378/289/1363
f 1379/290/1364 1378/289/1363 1411/322/1396
f 1411/322/1396 1412/323/1397 1379/290/1364
f 1380/291/1365 1379/290/1364 1412/323/1397
f 1412/323/1397 1413/324/1398 1380/291/1365
f 1381/292/1366 1380/291/1365 1413/324/1398
f 1413/324/1398 1414/325/1399 1381/292/1366
f 1382/293/1367 1381/292/1366 1414/325/1399
f 1414/325/1399 1415/326/1400 1382/293/1367
f 1383/294/1368 1382/293/1367 1415/326/1400
f 1415/326/1400 1416/327/1401 1383/294/1368
f 1384/295/1369 1383/294/1368 1416/327/1401
f 1416/327/1401 1417/328/1402 1384/295/1369
f 1385/296/1370 1384/295/1369 1417/328/1402
f 1417/328/1402 1418/329/1403 1385/296/1370
f 1386/297/1371 1385/296/1370 1418/329/1403
f 1418/329/1403 1419/330/1404 1386/297/1371
f 1388/299/1373 1387/298/1372 1420/331/1405
f 1420/331/1405 1421/332/1406 1388/299/1373
f 1389/300/1374 1388/299/1373 1421/332/1406
f 1421/332/1406 1422/333/1407 1389/300/1374
f 1390/301/1375 1389/300/1374 1422/333/1407
f 1422/333/1407 1423/334/1408 1390/301/1375
f 1391/302/1376 1390/301/1375 1423/334/1408
f 1423/334/1408 1424/335/1409 1391/302/1376
f 1392/303/1377 1391/302/1376 1424/335/1409
f 1424/335/1409 1425/336/1410 1392/303/1377
f 1393/304/1378 1392/303/1377 1425/336/1410
f 1425/336/1410 1426/337/1411 1393/304/1378
f 1394/305/1379 1393/304/1378 1426/337/1411
f 1426/337/1411 1427/338/1412 1394/305/1379
f 1395/306/1380 1394/305/1379 1427/338/1412
f 1427/338/1412 1428/339/1413 1395/306/1380
f 1396/307/1381 1395/306/1380 1428/339/1413
f 1428/339/1413 1429/340/1414 1396/307/1381
f 1397/308/1382 1396/307/1381 1429/340/1414
f 1429/340/1414 1430/341/1415 1397/308/1382
f 1398/309/1383 1397/308/1382 1430/341/1415
f 1430/341/1415 1431/342/1416 1398/309/1383
f 1399/310/1384 1398/309/1383 1431/342/1416
f 1431/342/1416 1432/343/1417 1399/310/1384
f 1400/311/1385 1399/310/1384 1432/343/1417
f 1432/343/1417 1433/344/1418 1400/311/1385
f 1401/312/1386 1400/311/1385 1433/344/1418
f 1433/344/1418 1434/345/1419 1401/312/1386
f 1402/313/1387 1401/312/1386 1434/345/1419
f 1434/345/1419 1435/346/1420 1402/313/1387
f 1403/314/1388 1402/313/1387 1435/346/1420
f 1435/346/1420 1436/347/1421 1403/314/1388
f 1404/315/1389 1403/314/1388 1436/347/1421
f 1436/347/1421 1437/348/1422 1404/315/1389
f 1405/316/1390 1404/315/1389 1437/348/1422
f 1437/348/1422 1438/349/1423 1405/316/1390
f 1406/317/1391 1405/316/1390 1438/349/1423
f 1438/349/1423 1439/350/1424 1406/317/1391
f 1407/318/1392 1406/317/1391 1439/350/1424
f 1439/350/1424 1440/351/1425 1407/318/1392
f 1408/319/1393 1407/318/1392 1440/351/1425
f 1440/351/1425 1441/352/1426 1408/319/1393
f 1409/320/1394 1408/319/1393 1441/352/1426
f 1441/352/1426 1442/353/1427 1409/320/1394
f 1410/321/1395 1409/320/1394 1442/353/1427
f 1442/353/1427 1443/354/1428 1410/321/1395
f 1411/322/1396 1410/321/1395 1443/354/1428
f 1443/354/1428 1444/355/1429 1411/322/1396
f 1412/323/1397 1411/322/1396 1444/355/1429
f 1444/355/1429 1445/356/1430 1412/323/1397
f 1413/324/1398 1412/323/1397 1445/356/1430
f 1445/356/1430 1446/357/1431 1413/324/1398
f 1414/325/1399 1413/324/1398 1446/357/1431
f 1446/357/1431 1447/358/1432 1414/325/1399
f 1415/326/1400 1414/325/1399 1447/358/1432
f 1447/358/1432 1448/359/1433 1415/326/1400
f 1416/327/1401 1415/326/1400 1448/359/1433
f 1448/359/1433 1449/360/1434 1416/327/1401
f 1417/328/1402 1416/327/1401 1449/360/1434
f 1449/360/1434 1450/361/1435 1417/328/1402
f 1418/329/1403 1417/328/1402 1450/361/1435
f 1450/361/1435 1451/362/1436 1418/329/1403
f 1419/330/1404 1418/329/1403 1451/362/1436
f 1451/362/1436 1452/363/1437 1419/330/1404
f 1421/332/1406 1420/331/1405 1453/364/1438
f 1453/364/1438 1454/365/1439 1421/332/1406
f 1422/333/1407 1421/332/1406 1454/365/1439
f 1454/365/1439 1455/366/1440 1422/333/1407
f 1423/334/1408 1422/333/1407 1455/366/1440
f 1455/366/1440 1456/367/1441 1423/334/1408
f 1424/335/1409 1423/334/1408 1456/367/1441
f 1456/367/1441 1457/368/1442 1424/335/1409
f 1425/336/1410 1424/335/1409 1457/368/1442
f 1457/368/1442 1458/369/1443 1425/336/1410
f 1426/337/1411 1425/336/1410 1458/369/1443
f 1458/369/1443 1459/370/1444 1426/337/1411
f 1427/338/1412 1426/337/1411 1459/370/1444
f 1459/370/1444 1460/371/1445 1427/338/1412
f 1428/339/1413 1427/338/1412 1460/371/1445
f 1460/371/1445 1461/372/1446 1428/339/1413
f 1429/340/1414 1428/339/1413 1461/372/1446
f 1461/372/1446 1462/373/1447 1429/340/1414
f 1430/341/1415 1429/340/1414 1462/373/1447
f 1462/373/1447 1463/374/1448 1430/341/1415
f 1431/342/1416 1430/341/1415 1463/374/1448
f 1463/374/1448 1464/375/1449 1431/342/1416
f 1432/343/1417 1431/342/1416 1464/375/1449
f 1464/375/1449 1465/376/1450 1432/343/1417
f 1433/344/1418 1432/343/1417 1465/376/1450
f 1465/376/1450 1466/377/1451 1433/344/1418
f 1434/345/1419 1433/344/1418 1466/377/1451
f 1466/377/1451 1467/378/1452 1434/345/1419
f 1435/346/1420 1434/345/1419 1467/378/1452
f 1467/378/1452 1468/379/1453 1435/346/1420
f 1436/347/1421 1435/346/1420 1468/379/1453
f 1468/379/1453 1469/380/1454 1436/347/1421
f 1437/348/1422 1436/347/1421 1469/380/1454
f 1469/380/1454 1470/381/1455 1437/348/1422
f 1438/349/1423 1437/348/1422 1470/381/1455
f 1470/381/1455 1471/382/1456 1438/349/1423
f 1439/350/1424 1438/349/1423 1471/382/1456
f 1471/382/1456 1472/383/1457 1439/350/1424
f 1440/351/1425 1439/350/1424 1472/383/1457
f 1472/383/1457 1473/384/1458 1440/351/1425
f 1441/352/1426 1440/351/1425 1473/384/1458
f 1473/384/1458 1474/385/1459 1441/352/1426
f 1442/353/1427 1441/352/1426 1474/385/1459
f 1474/385/1459 1475/386/1460 1442/353/1427
f 1443/354/1428 1442/353/1427 1475/386/1460
f 1475/386/1460 1476/387/1461 1443/354/1428
f 1444/355/1429 1443/354/1428 1476/387/1461
f 1476/387/1461 1477/388/1462 1444/355/1429
f 1445/356/1430 1444/355/1429 1477/388/1462
f 1477/388/1462 1478/389/1463 1445/356/1430
f 1446/357/1431 1445/356/1430 1478/389/1463
f 1478/389/1463 1479/390/1464 1446/357/1431
f 1447/358/1432 1446/357/1431 1479/390/1464
f 1479/390/1464 1480/391/1465 1447/358/1432
f 1448/359/1433 1447/358/1432 1480/391/1465
f 1480/391/1465 1481/392/1466 1448/359/1433
f 1449/360/1434 1448/359/1433 1481/392/1466
f 1481/392/1466 1482/393/1467 1449/360/1434
f 1450/361/1435 1449/360/1434 1482/393/1467
f 1482/393/1467 1483/394/1468 1450/361/1435
f 1451/362/1436 1450/361/1435 1483/394/1468
f 1483/394/1468 1484/395/1469 1451/362/1436
f 1452/363/1437 1451/362/1436 1484/395/1469
f 1484/395/1469 1485/396/1470 1452/363/1437
f 1454/365/1439 1453/364/1438 1486/397/1471
f 1486/397/1471 1487/398/1472 1454/365/1439
f 1455/366/1440 1454/365/1439 1487/398/1472
f 1487/398/1472 1488/399/1473 1455/366/1440
f 1456/367/1441 1455/366/1440 1488/399/1473
f 1488/399/1473 1489/400/1474 1456/367/1441
f 1457/368/1442 1456/367/1441 1489/400/1474
f 1489/400/1474 1490/401/1475 1457/368/1442
f 1458/369/1443 1457/368/1442 1490/401/1475
f 1490/401/1475 1491/402/1476 1458/369/1443
f 1459/370/1444 1458/369/1443 1491/402/1476
f 1491/402/1476 1492/403/1477 1459/370/1444
f 1460/371/1445 1459/370/1444 1492/403/1477
f 1492/403/1477 1493/404/1478 1460/371/1445
f 1461/372/1446 1460/371/1445 1493/404/1478
f 1493/404/1478 1494/405/1479 1461/372/1446
f 1462/373/1447 1461/372/1446 1494/405/1479
f 1494/405/1479 1495/406/1480 1462/373/1447
f 1463/374/1448 1462/373/1447 1495/406/1480
f 1495/406/1480 1496/407/1481 1463/374/1448
f 1464/375/1449 1463/374/1448 1496/407/1481
f 1496/407/1481 1497/408/510 1464/375/1449
f 1465/376/1450 1464/375/1449 1497/408/510
f 1497/408/510 1498/409/510 1465/376/1450
f 1466/377/1451 1465/376/1450 1498/409/510
f 1498/409/510 1499/410/510 1466/377/1451
f 1467/378/1452 1466/377/1451 1499/410/510
f 1499/410/510 1500/411/510 1467/378/1452
f 1468/379/1453 1467/378/1452 1500/411/510
f 1500/411/510 1501/412/1482 1468/379/1453
f 1469/380/1454 1468/379/1453 1501/412/1482
f 1501/412/1482 1502/413/1483 1469/380/1454
f 1470/381/1455 1469/380/1454 1502/413/1483
f 1502/413/1483 1503/414/1484 1470/381/1455
f 1471/382/1456 1470/381/1455 1503/414/1484
f 1503/414/1484 1504/415/1485 1471/382/1456
f 1472/383/1457 1471/382/1456 1504/415/1485
f 1504/415/1485 1505/416/1486 1472/383/1457
f 1473/384/1458 1472/383/1457 1505/416/1486
f 1505/416/1486 1506/417/1487 1473/384/1458
f 1474/385/1459 1473/384/1458 1506/417/1487
f 1506/417/1487 1507/418/1488 1474/385/1459
f 1475/386/1460 1474/385/1459 1507/418/1488
f 1507/418/1488 1508/419/1489 1475/386/1460
f 1476/387/1461 1475/386/1460 1508/419/1489
f 1508/419/1489 1509/420/1490 1476/387/1461
f 1477/388/1462 1476/387/1461 1509/420/1490
f 1509/420/1490 1510/421/1491 1477/388/1462
f 1478/389/1463 1477/388/1462 1510/421/1491
f 1510/421/1491 1511/422/1492 1478/389/1463
f 1479/390/1464 1478/389/1463 1511/422/1492
f 1511/422/1492 1512/423/1493 1479/390/1464
f 1480/391/1465 1479/390/1464 1512/423/1493
f 1512/423/1493 1513/424/1494 1480/391/1465
f 1481/392/1466 1480/391/1465 1513/424/1494
f 1513/424/1494 1514/425/1495 1481/392/1466
f 1482/393/1467 1481/392/1466 1514/425/1495
f 1514/425/1495 1515/426/1496 1482/393/1467
f 1483/394/1468 1482/393/1467 1515/426/1496
f 1515/426/1496 1516/427/1497 1483/394/1468
f 1484/395/1469 1483/394/1468 1516/427/1497
f 1516/427/1497 1517/428/1498 1484/395/1469
f 1485/396/1470 1484/395/1469 1517/428/1498
f 1517/428/1498 1518/429/1499 1485/396/1470
f 1487/398/1472 1486/397/1471 1519/430/1500
f 1519/430/1500 1520/431/1501 1487/398/1472
f 1488/399/1473 1487/398/1472 1520/431/1501
f 1520/431/1501 1521/432/1502 1488/399/1473
f 1489/400/1474 1488/399/1473 1521/432/1502
f 1521/432/1502 1522/433/1503 1489/400/1474
f 1490/401/1475 1489/400/1474 1522/433/1503
f 1522/433/1503 1523/434/1504 1490/401/1475
f 1491/402/1476 1490/401/1475 1523/434/1504
f 1523/434/1504 1524/435/1505 1491/402/1476
f 1492/403/1477 1491/402/1476 1524/435/1505
f 1524/435/1505 1525/436/1506 1492/403/1477
f 1493/404/1478 1492/403/1477 1525/436/1506
f 1525/436/1506 1526/437/1507 1493/404/1478
f 1494/405/1479 1493/404/1478 1526/437/1507
f 1526/437/1507 1527/438/1508 1494/405/1479
f 1495/406/1480 1494/405/1479 1527/438/1508
f 1527/438/1508 1528/439/1509 1495/406/1480
f 1496/407/1481 1495/406/1480 1528/439/1509
f 1528/439/1509 1529/440/1510 1496/407/1481
f 1497/408/510 1496/407/1481 1529/440/1510
f 1529/440/1510 1530/441/510 1497/408/510
f 1498/409/510 1497/408/510 1530/441/510
f 1530/441/510 1531/442/510 1498/409/510
f 1499/410/510 1498/409/510 1531/442/510
f 1531/442/510 1532/443/510 1499/410/510
f 1500/411/510 1499/410/510 1532/443/510
f 1532/443/510 1533/444/510 1500/411/510
f 1501/412/1482 1500/411/510 1533/444/510
f 1533/444/510 1534/445/510 1501/412/1482
f 1502/413/1483 1501/412/1482 1534/445/510
f 1534/445/510 1535/446/510 1502/413/1483
f 1503/414/1484 1502/413/1483 1535/446/510
f 1535/446/510 1536/447/510 1503/414/1484
f 1504/415/1485 1503/414/1484 1536/447/510
f 1536/447/510 1537/448/510 1504/415/1485
f 1505/416/1486 1504/415/1485 1537/448/510
f 1537/448/510 1538/449/510 1505/416/1486
f 1506/417/1487 1505/416/1486 1538/449/510
f 1538/449/510 1539/450/1511 1506/417/1487
f 1507/418/1488 1506/417/1487 1539/450/1511
f 1539/450/1511 1540/451/1512 1507/418/1488
f 1508/419/1489 1507/418/1488 1540/451/1512
f 1540/451/1512 1541/452/1513 1508/419/1489
f 1509/420/1490 1508/419/1489 1541/452/1513
f 1541/452/1513 1542/453/1514 1509/420/1490
f 1510/421/1491 1509/420/1490 1542/453/1514
f 1542/453/1514 1543/454/1515 1510/421/1491
f 1511/422/1492 1510/421/1491 1543/454/1515
f 1543/454/1515 1544/455/1516 1511/422/1492
f 1512/423/1493 1511/422/1492 1544/455/1516
f 1544/455/1516 1545/456/1517 1512/423/1493
f 1513/424/1494 1512/423/1493 1545/456/1517
f 1545/456/1517 1546/457/1518 1513/424/1494
f 1514/425/1495 1513/424/1494 1546/457/1518
f 1546/457/1518 1547/458/1519 1514/425/1495
f 1515/426/1496 1514/425/1495 1547/458/1519
f 1547/458/1519 1548/459/1520 1515/426/1496
f 1516/427/1497 1515/426/1496 1548/459/1520
f 1548/459/1520 1549/460/1521 1516/427/1497
f 1517/428/1498 1516/427/1497 1549/460/1521
f 1549/460/1521 1550/461/1522 1517/428/1498
f 1518/429/1499 1517/428/1498 1550/461/1522
f 1550/461/1522 1551/462/1523 1518/429/1499
f 1520/431/1501 1519/430/1500 1552/463/1524
f 1552/463/1524 1553/464/1525 1520/431/1501
f 1521/432/1502 1520/431/1501 1553/464/1525
f 1553/464/1525 1554/465/1526 1521/432/1502
f 1522/433/1503 1521/432/1502 1554/465/1526
f 1554/465/1526 1555/466/1527 1522/433/1503
f 1523/434/1504 1522/433/1503 1555/466/1527
f 1555/466/1527 1556/467/1528 1523/434/1504
f 1524/435/1505 1523/434/1504 1556/467/1528
f 1556/467/1528 1557/468/1529 1524/435/1505
f 1525/436/1506 1524/435/1505 1557/468/1529
f 1557/468/1529 1558/469/1530 1525/436/1506
f 1526/437/1507 1525/436/1506 1558/469/1530
f 1558/469/1530 1559/470/1531 1526/437/1507
f 1527/438/1508 1526/437/1507 1559/470/1531
f 1559/470/1531 1560/471/1532 1527/438/1508
f 1528/439/1509 1527/438/1508 1560/471/1532
f 1560/471/1532 1561/472/1533 1528/439/1509
f 1529/440/1510 1528/439/1509 1561/472/1533
f 1561/472/1533 1562/473/1534 1529/440/1510
f 1530/441/510 1529/440/1510 1562/473/1534
f 1562/473/1534 1563/474/1535 1530/441/510
f 1531/442/510 1530/441/510 1563/474/1535
f 1563/474/1535 1564/475/510 1531/442/510
f 1532/443/510 1531/442/510 1564/475/510
f 1564/475/510 1565/476/510 1532/443/510
f 1533/444/510 1532/443/510 1565/476/510
f 1565/476/510 1566/477/510 1533/444/510
f 1534/445/510 1533/444/510 1566/477/510
f 1566/477/510 1567/478/510 1534/445/510
f 1535/446/510 1534/445/510 1567/478/510
f 1567/478/510 1568/479/510 1535/446/510
f 1536/447/510 1535/446/510 1568/479/510
f 1568/479/510 1569/480/510 1536/447/510
f 1537/448/510 1536/447/510 1569/480/510
f 1569/480/510 1570/481/510 1537/448/510
f 1538/449/510 1537/448/510 1570/481/510
f 1570/481/510 1571/482/510 1538/449/510
f 1539/450/1511 1538/449/510 1571/482/510
f 1571/482/510 1572/483/510 1539/450/1511
f 1540/451/1512 1539/450/1511 1572/483/510
f 1572/483/510 1573/484/510 1540/451/1512
f 1541/452/1513 1540/451/1512 1573/484/510
f 1573/484/510 1574/485/510 1541/452/1513
f 1542/453/1514 1541/452/1513 1574/485/510
f 1574/485/510 1575/486/1536 1542/453/1514
f 1543/454/1515 1542/453/1514 1575/486/1536
f 1575/486/1536 1576/487/1537 1543/454/1515
f 1544/455/1516 1543/454/1515 1576/487/1537
f 1576/487/1537 1577/488/1538 1544/455/1516
f 1545/456/1517 1544/455/1516 1577/488/1538
f 1577/488/1538 1578/489/1539 1545/456/1517
f 1546/457/1518 1545/456/1517 1578/489/1539
f 1578/489/1539 1579/490/1540 1546/457/1518
f 1547/458/1519 1546/457/1518 1579/490/1540
f 1579/490/1540 1580/491/1541 1547/458/1519
f 1548/459/1520 1547/458/1519 1580/491/1541
f 1580/491/1541 1581/492/1542 1548/459/1520
f 1549/460/1521 1548/459/1520 1581/492/1542
f 1581/492/1542 1582/493/1543 1549/460/1521
f 1550/461/1522 1549/460/1521 1582/493/1543
f 1582/493/1543 1583/494/1544 1550/461/1522
f 1551/462/1523 1550/461/1522 1583/494/1544
f 1583/494/1544 1584/495/510 1551/462/1523
f 1553/464/1525 1552/463/1524 1585/496/1545
f 1585/496/1545 1586/497/1546 1553/464/1525
f 1554/465/1526 1553/464/1525 1586/497/1546
f 1586/497/1546 1587/498/1547 1554/465/1526
f 1555/466/1527 1554/465/1526 1587/498/1547
f 1587/498/1547 1588/499/1548 1555/466/1527
f 1556/467/1528 1555/466/1527 1588/499/1548
f 1588/499/1548 1589/500/1549 1556/467/1528
f 1557/468/1529 1556/467/1528 1589/500/1549
f 1589/500/1549 1590/501/1550 1557/468/1529
f 1558/469/1530 1557/468/1529 1590/501/1550
f 1590/501/1550 1591/502/1551 1558/469/1530
f 1559/470/1531 1558/469/1530 1591/502/1551
f 1591/502/1551 1592/503/1552 1559/470/1531
f 1560/471/1532 1559/470/1531 1592/503/1552
f 1592/503/1552 1593/504/1553 1560/471/1532
f 1561/472/1533 1560/471/1532 1593/504/1553
f 1593/504/1553 1594/505/1554 1561/472/1533
f 1562/473/1534 1561/472/1533 1594/505/1554
f 1594/505/1554 1595/506/1555 1562/473/1534
f 1563/474/1535 1562/473/1534 1595/506/1555
f 1595/506/1555 1596/507/1556 1563/474/1535
f 1564/475/510 1563/474/1535 1596/507/1556
f 1596/507/1556 1597/508/510 1564/475/510
f 1565/476/510 1564/475/510 1597/508/510
f 1597/508/510 1598/509/510 1565/476/510
f 1566/477/510 1565/476/510 1598/509/510
f 1598/509/510 1599/510/510 1566/477/510
f 1567/478/510 1566/477/510 1599/510/510
f 1599/510/510 1600/511/510 1567/478/510
f 1568/479/510 1567/478/510 1600/511/510
f 1600/511/510 1601/512/510 1568/479/510
f 1569/480/510 1568/479/510 1601/512/510
f 1601/512/510 1602/513/510 1569/480/510
f 1570/481/510 1569/480/510 1602/513/510
f 1602/513/510 1603/514/510 1570/481/510
f 1571/482/510 1570/481/510 1603/514/510
f 1603/514/510 1604/515/510 1571/482/510
f 1572/483/510 1571/482/510 1604/515/510
f 1604/515/510 1605/516/510 1572/483/510
f 1573/484/510 1572/483/510 1605/516/510
f 1605/516/510 1606/517/510 1573/484/510
f 1574/485/510 1573/484/510 1606/517/510
f 1606/517/510 1607/518/510 1574/485/510
f 1575/486/1536 1574/485/510 1607/518/510
f 1607/518/510 1608/519/1557 1575/486/1536
f 1576/487/1537 1575/486/1536 1608/519/1557
f 1608/519/1557 1609/520/1558 1576/487/1537
f 1577/488/1538 1576/487/1537 1609/520/1558
f 1609/520/1558 1610/521/1559 1577/488/1538
f 1578/489/1539 1577/488/1538 1610/521/1559
f 1610/521/1559 1611/522/1560 1578/489/1539
f 1579/490/1540 1578/489/1539 1611/522/1560
f 1611/522/1560 1612/523/1561 1579/490/1540
f 1580/491/1541 1579/490/1540 1612/523/1561
f 1612/523/1561 1613/524/1562 1580/491/1541
f 1581/492/1542 1580/491/1541 1613/524/1562
f 1613/524/1562 1614/525/1563 1581/492/1542
f 1582/493/1543 1581/492/1542 1614/525/1563
f 1614/525/1563 1615/526/1564 1582/493/1543
f 1583/494/1544 1582/493/1543 1615/526/1564
f 1615/526/1564 1616/527/510 1583/494/1544
f 1584/495/510 1583/494/1544 1616/527/510
f 1616/527/510 1617/528/510 1584/495/510
f 1586/497/1546 1585/496/1545 1618/529/1565
f 1618/529/1565 1619/530/1566 1586/497/1546
f 1587/498/1547 1586/497/1546 1619/530/1566
f 1619/530/1566 1620/531/1567 1587/498/1547
f 1588/499/1548 1587/498/1547 1620/531/1567
f 1620/531/1567 1621/532/1568 1588/499/1548
f 1589/500/1549 1588/499/1548 1621/532/1568
f 1621/532/1568 1622/533/1569 1589/500/1549
f 1590/501/1550 1589/500/1549 1622/533/1569
f 1622/533/1569 1623/534/1570 1590/501/1550
f 1591/502/1551 1590/501/1550 1623/534/1570
f 1623/534/1570 1624/535/1571 1591/502/1551
f 1592/503/1552 1591/502/1551 1624/535/1571
f 1624/535/1571 1625/536/1572 1592/503/1552
f 1593/504/1553 1592/503/1552 1625/536/1572
f 1625/536/1572 1626/537/1573 1593/504/1553
f 1594/505/1554 1593/504/1553 1626/537/1573
f 1626/537/1573 1627/538/1574 1594/505/1554
f 1595/506/1555 1594/505/1554 1627/538/1574
f 1627/538/1574 1628/539/1575 1595/506/1555
f 1596/507/1556 1595/506/1555 1628/539/1575
f 1628/539/1575 1629/540/1576 1596/507/1556
f 1597/508/510 1596/507/1556 1629/540/1576
f 1629/540/1576 1630/541/510 1597/508/510
f 1598/509/510 1597/508/510 1630/541/510
f 1630/541/510 1631/542/510 1598/509/510
f 1599/510/510 1598/509/510 1631/542/510
f 1631/542/510 1632/543/510 1599/510/510
f 1600/511/510 1599/510/510 1632/543/510
f 1632/543/510 1633/544/510 1600/511/510
f 1601/512/510 1600/511/510 1633/544/510
f 1633/544/510 1634/545/510 1601/512/510
f 1602/513/510 1601/512/510 1634/545/510
f 1634/545/510 1635/546/510 1602/513/510
f 1603/514/510 1602/513/510 1635/546/510
f 1635/546/510 1636/547/510 1603/514/510
f 1604/515/510 1603/514/510 1636/547/510
f 1636/547/510 1637/548/510 1604/515/510
f 1605/516/510 1604/515/510 1637/548/510
f 1637/548/510 1638/549/510 1605/516/510
f 1606/517/510 1605/516/510 1638/549/510
f 1638/549/510 1639/550/510 1606/517/510
f 1607/518/510 1606/517/510 1639/550/510
f 1639/550/510 1640/551/510 1607/518/510
f 1608/519/1557 1607/518/510 1640/551/510
f 1640/551/510 1641/552/510 1608/519/1557
f 1609/520/1558 1608/519/1557 1641/552/510
f 1641/552/510 1642/553/1577 1609/520/1558
f 1610/521/1559 1609/520/1558 1642/553/1577
f 1642/553/1577 1643/554/1578 1610/521/1559
f 1611/522/1560 1610/521/1559 1643/554/1578
f 1643/554/1578 1644/555/1579 1611/522/1560
f 1612/523/1561 1611/522/1560 1644/555/1579
f 1644/555/1579 1645/556/1580 1612/523/1561
f 1613/524/1562 1612/523/1561 1645/556/1580
f 1645/556/1580 1646/557/1581 1613/524/1562
f 1614/525/1563 1613/524/1562 1646/557/1581
f 1646/557/1581 1647/558/510 1614/525/1563
f 1615/526/1564 1614/525/1563 1647/558/510
f 1647/558/510 1648/559/510 1615/526/1564
f 1616/527/510 1615/526/1564 1648/559/510
f 1648/559/510 1649/560/510 1616/527/510
f 1617/528/510 1616/527/510 1649/560/510
f 1649/560/510 1650/561/510 1617/528/510
f 1619/530/1566 1618/529/1565 1651/562/1582
f 1651/562/1582 1652/563/1583 1619/530/1566
f 1620/531/1567 1619/530/1566 1652/563/1583
f 1652/563/1583 1653/564/1584 1620/531/1567
f 1621/532/1568 1620/531/1567 1653/564/1584
f 1653/564/1584 1654/565/1585 1621/532/1568
f 1622/533/1569 1621/532/1568 1654/565/1585
f 1654/565/1585 1655/566/1586 1622/533/1569
f 1623/534/1570 1622/533/1569 1655/566/1586
f 1655/566/1586 1656/567/1587 1623/534/1570
f 1624/535/1571 1623/534/1570 1656/567/1587
f 1656/567/1587 1657/568/1588 1624/535/1571
f 1625/536/1572 1624/535/1571 1657/568/1588
f 1657/568/1588 1658/569/1589 1625/536/1572
f 1626/537/1573 1625/536/1572 1658/569/1589
f 1658/569/1589 1659/570/1590 1626/537/1573
f 1627/538/1574 1626/537/1573 1659/570/1590
f 1659/570/1590 1660/571/1591 1627/538/1574
f 1628/539/1575 1627/538/1574 1660/571/1591
f 1660/571/1591 1661/572/1592 1628/539/1575
f 1629/540/1576 1628/539/1575 1661/572/1592
f 1661/572/1592 1662/573/1593 1629/540/1576
f 1630/541/510 1629/540/1576 1662/573/1593
f 1662/573/1593 1663/574/510 1630/541/510
f 1631/542/510 1630/541/510 1663/574/510
f 1663/574/510 1664/575/510 1631/542/510
f 1632/543/510 1631/542/510 1664/575/510
f 1664/575/510 1665/576/510 1632/543/510
f 1633/544/510 1632/543/510 1665/576/510
f 1665/576/510 1666/577/510 1633/544/510
f 1634/545/510 1633/544/510 1666/577/510
f 1666/577/510 1667/578/510 1634/545/510
f 1635/546/510 1634/545/510 1667/578/510
f 1667/578/510 1668/579/510 1635/546/510
f 1636/547/510 1635/546/510 1668/579/510
f 1668/579/510 1669/580/510 1636/547/510
f 1637/548/510 1636/547/510 1669/580/510
f 1669/580/510 1670/581/510 1637/548/510
f 1638/549/510 1637/548/510 1670/581/510
f 1670/581/510 1671/582/510 1638/549/510
f 1639/550/510 1638/549/510 1671/582/510
f 1671/582/510 1672/583/510 1639/550/510
f 1640/551/510 1639/550/510 1672/583/510
f 1672/583/510 1673/584/510 1640/551/510
f 1641/552/510 1640/551/510 1673/584/510
f 1673/584/510 1674/585/510 1641/552/510
f 1642/553/1577 1641/552/510 1674/585/510
f 1674/585/510 1675/586/510 1642/553/1577
f 1643/554/1578 1642/553/1577 1675/586/510
f 1675/586/510 1676/587/510 1643/554/1578
f 1644/555/1579 1643/554/1578 1676/587/510
f 1676/587/510 1677/588/510 1644/555/1579
f 1645/556/1580 1644/555/1579 1677/588/510
f 1677/588/510 1678/589/510 1645/556/1580
f 1646/557/1581 1645/556/1580 1678/589/510
f 1678/589/510 1679/590/510 1646/557/1581
f 1647/558/510 1646/557/1581 1679/590/510
f 1679/590/510 1680/591/510 1647/558/510
f 1648/559/510 1647/558/510 1680/591/510
f 1680/591/510 1681/592/510 1648/559/510
f 1649/560/510 1648/559/510 1681/592/510
f 1681/592/510 1682/593/510 1649/560/510
f 1650/561/510 1649/560/510 1682/593/510
f 1682/593/510 1683/594/510 1650/561/510
f 1652/563/1583 1651/562/1582 1684/595/1594
f 1684/595/1594 1685/596/1595 1652/563/1583
f 1653/564/1584 1652/563/1583 1685/596/1595
f 1685/596/1595 1686/597/1596 1653/564/1584
f 1654/565/1585 1653/564/1584 1686/597/1596
f 1686/597/1596 1687/598/1597 1654/565/1585
f 1655/566/1586 1654/565/1585 1687/598/1597
f 1687/598/1597 1688/599/1598 1655/566/1586
f 1656/567/1587 1655/566/1586 1688/599/1598
f 1688/599/1598 1689/600/1599 1656/567/1587
f 1657/568/1588 1656/567/1587 1689/600/1599
f 1689/600/1599 1690/601/1600 1657/568/1588
f 1658/569/1589 1657/568/1588 1690/601/1600
f 1690/601/1600 1691/602/1601 1658/569/1589
f 1659/570/1590 1658/569/1589 1691/602/1601
f 1691/602/1601 1692/603/1602 1659/570/1590
f 1660/571/1591 1659/570/1590 1692/603/1602
f 1692/603/1602 1693/604/1603 1660/571/1591
f 1661/572/1592 1660/571/1591 1693/604/1603
f 1693/604/1603 1694/605/1604 1661/572/1592
f 1662/573/1593 1661/572/1592 1694/605/1604
f 1694/605/1604 1695/606/1605 1662/573/1593
f 1663/574/510 1662/573/1593 1695/606/1605
f 1695/606/1605 1696/607/510 1663/574/510
f 1664/575/510 1663/574/510 1696/607/510
f 1696/607/510 1697/608/510 1664/575/510
f 1665/576/510 1664/575/510 1697/608/510
f 1697/608/510 1698/609/510 1665/576/510
f 1666/577/510 1665/576/510 1698/609/510
f 1698/609/510 1699/610/510 1666/577/510
f 1667/578/510 1666/577/510 1699/610/510
f 1699/610/510 1700/611/510 1667/578/510
f 1668/579/510 1667/578/510 1700/611/510
f 1700/611/510 1701/612/510 1668/579/510
f 1669/580/510 1668/579/510 1701/612/510
f 1701/612/510 1702/613/510 1669/580/510
f 1670/581/510 1669/580/510 1702/613/510
f 1702/613/510 1703/614/510 1670/581/510
f 1671/582/510 1670/581/510 1703/614/510
f 1703/614/510 1704/615/510 1671/582/510
f 1672/583/510 1671/582/510 1704/615/510
f 1704/615/510 1705/616/510 1672/583/510
f 1673/584/510 1672/583/510 1705/616/510
f 1705/616/510 1706/617/510 1673/584/510
f 1674/585/510 1673/584/510 1706/617/510
f 1706/617/510 1707/618/510 1674/585/510
f 1675/586/510 1674/585/510 1707/618/510
f 1707/618/510 1708/619/510 1675/586/510
f 1676/587/510 1675/586/510 1708/619/510
f 1708/619/510 1709/620/510 1676/587/510
f 1677/588/510 1676/587/510 1709/620/510
f 1709/620/510 1710/621/510 1677/588/510
f 1678/589/510 1677/588/510 1710/621/510
f 1710/621/510 1711/622/510 1678/589/510
f 1679/590/510 1678/589/510 1711/622/510
f 1711/622/510 1712/623/510 1679/590/510
f 1680/591/510 1679/590/510 1712/623/510
f 1712/623/510 1713/624/510 1680/591/510
f 1681/592/510 1680/591/510 1713/624/510
f 1713/624/510 1714/625/510 1681/592/510
f 1682/593/510 1681/592/510 1714/625/510
f 1714/625/510 1715/626/510 1682/593/510
f 1683/594/510 1682/593/510 1715/626/510
f 1715/626/510 1716/627/510 1683/594/510
f 1685/596/1595 1684/595/1594 1717/628/1606
f 1717/628/1606 1718/629/1607 1685/596/1595
f 1686/597/1596 1685/596/1595 1718/629/1607
f 1718/629/1607 1719/630/1608 1686/597/1596
f 1687/598/1597 1686/597/1596 1719/630/1608
f 1719/630/1608 1720/631/1609 1687/598/1597
f 1688/599/1598 1687/598/1597 1720/631/1609
f 1720/631/1609 1721/632/1610 1688/599/1598
f 1689/600/1599 1688/599/1598 1721/632/1610
f 1721/632/1610 1722/633/1611 1689/600/1599
f 1690/601/1600 1689/600/1599 1722/633/1611
f 1722/633/1611 1723/634/1612 1690/601/1600
f 1691/602/1601 1690/601/1600 1723/634/1612
f 1723/634/1612 1724/635/1613 1691/602/1601
f 1692/603/1602 1691/602/1601 1724/635/1613
f 1724/635/1613 1725/636/1614 1692/603/1602
f 1693/604/1603 1692/603/1602 1725/636/1614
f 1725/636/1614 1726/637/1615 1693/604/1603
f 1694/605/1604 1693/604/1603 1726/637/1615
f 1726/637/1615 1727/638/1616 1694/605/1604
f 1695/606/1605 1694/605/1604 1727/638/1616
f 1727/638/1616 1728/639/1617 1695/606/1605
f 1696/607/510 1695/606/1605 1728/639/1617
f 1728/639/1617 1729/640/510 1696/607/510
f 1697/608/510 1696/607/510 1729/640/510
f 1729/640/510 1730/641/510 1697/608/510
f 1698/609/510 1697/608/510 1730/641/510
f 1730/641/510 1731/642/510 1698/609/510
f 1699/610/510 1698/609/510 1731/642/510
f 1731/642/510 1732/643/510 1699/610/510
f 1700/611/510 1699/610/510 1732/643/510
f 1732/643/510 1733/644/510 1700/611/510
f 1701/612/510 1700/611/510 1733/644/510
f 1733/644/510 1734/645/510 1701/612/510
f 1702/613/510 1701/612/510 1734/645/510
f 1734/645/510 1735/646/510 1702/613/510
f 1703/614/510 1702/613/510 1735/646/510
f 1735/646/510 1736/647/510 1703/614/510
f 1704/615/510 1703/614/510 1736/647/510
f 1736/647/510 1737/648/510 1704/615/510
f 1705/616/510 1704/615/510 1737/648/510
f 1737/648/510 1738/649/510 1705/616/510
f 1706/617/510 1705/616/510 1738/649/510
f 1738/649/510 1739/650/510 1706/617/510
f 1707/618/510 1706/617/510 1739/650/510
f 1739/650/510 1740/651/510 1707/618/510
f 1708/619/510 1707/618/510 1740/651/510
f 1740/651/510 1741/652/510 1708/619/510
f 1709/620/510 1708/619/510 1741/652/510
f 1741/652/510 1742/653/510 1709/620/510
f 1710/621/510 1709/620/510 1742/653/510
f 1742/653/510 1743/654/510 1710/621/510
f 1711/622/510 1710/621/510 1743/654/510
f 1743/654/510 1744/655/510 1711/622/510
f 1712/623/510 1711/622/510 1744/655/510
f 1744/655/510 1745/656/510 1712/623/510
f 1713/624/510 1712/623/510 1745/656/510
f 1745/656/510 1746/657/510 1713/624/510
f 1714/625/510 1713/624/510 1746/657/510
f 1746/657/510 1747/658/510 1714/625/510
f 1715/626/510 1714/625/510 1747/658/510
f 1747/658/510 1748/659/510 1715/626/510
f 1716/627/510 1715/626/510 1748/659/510
f 1748/659/510 1749/660/510 1716/627/510
f 1718/629/1607 1717/628/1606 1750/661/1618
f 1750/661/1618 1751/662/1619 1718/629/1607
f 1719/630/1608 1718/629/1607 1751/662/1619
f 1751/662/1619 1752/663/1620 1719/630/1608
f 1720/631/1609 1719/630/1608 1752/663/1620
f 1752/663/1620 1753/664/1621 1720/631/1609
f 1721/632/1610 1720/631/1609 1753/664/1621
f 1753/664/1621 1754/665/1622 1721/632/1610
f 1722/633/1611 1721/632/1610 1754/665/1622
f 1754/665/1622 1755/666/1623 1722/633/1611
f 1723/634/1612 1722/633/1611 1755/666/1623
f 1755/666/1623 1756/667/1624 1723/634/1612
f 1724/635/1613 1723/634/1612 1756/667/1624
f 1756/667/1624 1757/668/1625 1724/635/1613
f 1725/636/1614 1724/635/1613 1757/668/1625
f 1757/668/1625 1758/669/1626 1725/636/1614
f 1726/637/1615 1725/636/1614 1758/669/1626
f 1758/669/1626 1759/670/1627 1726/637/1615
f 1727/638/1616 1726/637/1615 1759/670/1627
f 1759/670/1627 1760/671/1628 1727/638/1616
f 1728/639/1617 1727/638/1616 1760/671/1628
f 1760/671/1628 1761/672/1629 1728/639/1617
f 1729/640/510 1728/639/1617 1761/672/1629
f 1761/672/1629 1762/673/510 1729/640/510
f 1730/641/510 1729/640/510 1762/673/510
f 1762/673/510 1763/674/510 1730/641/510
f 1731/642/510 1730/641/510 1763/674/510
f 1763/674/510 1764/675/510 1731/642/510
f 1732/643/510 1731/642/510 1764/675/510
f 1764/675/510 1765/676/510 1732/643/510
f 1733/644/510 1732/643/510 1765/676/510
f 1765/676/510 1766/677/510 1733/644/510
f 1734/645/510 1733/644/510 1766/677/510
f 1766/677/510 1767/678/510 1734/645/510
f 1735/646/510 1734/645/510 1767/678/510
f 1767/678/510 1768/679/510 1735/646/510
f 1736/647/510 1735/646/510 1768/679/510
f 1768/679/510 1769/680/510 1736/647/510
f 1737/648/510 1736/647/510 1769/680/510
f 1769/680/510 1770/681/510 1737/648/510
f 1738/649/510 1737/648/510 1770/681/510
f 1770/681/510 1771/682/510 1738/649/510
f 1739/650/510 1738/649/510 1771/682/510
f 1771/682/510 1772/683/510 1739/650/510
f 1740/651/510 1739/650/510 1772/683/510
f 1772/683/510 1773/684/510 1740/651/510
f 1741/652/510 1740/651/510 1773/684/510
f 1773/684/510 1774/685/510 1741/652/510
f 1742/653/510 1741/652/510 1774/685/510
f 1774/685/510 1775/686/510 1742/653/510
f 1743/654/510 1742/653/510 1775/686/510
f 1775/686/510 1776/687/510 1743/654/510
f 1744/655/510 1743/654/510 1776/687/510
f 1776/687/510 1777/688/510 1744/655/510
f 1745/656/510 1744/655/510 1777/688/510
f 1777/688/510 1778/689/510 1745/656/510
f 1746/657/510 1745/656/510 1778/689/510
f 1778/689/510 1779/690/510 1746/657/510
f 1747/658/510 1746/657/510 1779/690/510
f 1779/690/510 1780/691/510 1747/658/510
f 1748/659/510 1747/658/510 1780/691/510
f 1780/691/510 1781/692/510 1748/659/510
f 1749/660/510 1748/659/510 1781/692/510
f 1781/692/510 1782/693/510 1749/660/510
f 1751/662/1619 1750/661/1618 1783/694/1630
f 1783/694/1630 1784/695/1631 1751/662/1619
f 1752/663/1620 1751/662/1619 1784/695/1631
f 1784/695/1631 1785/696/1632 1752/663/1620
f 1753/664/1621 1752/663/1620 1785/696/1632
f 1785/696/1632 1786/697/1633 1753/664/1621
f 1754/665/1622 1753/664/1621 1786/697/1633
f 1786/697/1633 1787/698/1634 1754/665/1622
f 1755/666/1623 1754/665/1622 1787/698/1634
f 1787/698/1634 1788/699/1635 1755/666/1623
f 1756/667/1624 1755/666/1623 1788/699/1635
f 1788/699/1635 1789/700/1636 1756/667/1624
f 1757/668/1625 1756/667/1624 1789/700/1636
f 1789/700/1636 1790/701/1637 1757/668/1625
f 1758/669/1626 1757/668/1625 1790/701/1637
f 1790/701/1637 1791/702/1638 1758/669/1626
f 1759/670/1627 1758/669/1626 1791/702/1638
f 1791/702/1638 1792/703/1639 1759/670/1627
f 1760/671/1628 1759/670/1627 1792/703/1639
f 1792/703/1639 1793/704/1640 1760/671/1628
f 1761/672/1629 1760/671/1628 1793/704/1640
f 1793/704/1640 1794/705/1641 1761/672/1629
f 1762/673/510 1761/672/1629 1794/705/1641
f 1794/705/1641 1795/706/1642 1762/673/510
f 1763/674/510 1762/673/510 1795/706/1642
f 1795/706/1642 1796/707/510 1763/674/510
f 1764/675/510 1763/674/510 1796/707/510
f 1796/707/510 1797/708/510 1764/675/510
f 1765/676/510 1764/675/510 1797/708/510
f 1797/708/510 1798/709/510 1765/676/510
f 1766/677/510 1765/676/510 1798/709/510
f 1798/709/510 1799/710/510 1766/677/510
f 1767/678/510 1766/677/510 1799/710/510
f 1799/710/510 1800/711/510 1767/678/510
f 1768/679/510 1767/678/510 1800/711/510
f 1800/711/510 1801/712/510 1768/679/510
f 1769/680/510 1768/679/510 1801/712/510
f 1801/712/510 1802/713/510 1769/680/510
f 1770/681/510 1769/680/510 1802/713/510
f 1802/713/510 1803/714/510 1770/681/510
f 1771/682/510 1770/681/510 1803/714/510
f 1803/714/510 1804/715/510 1771/682/510
f 1772/683/510 1771/682/510 1804/715/510
f 1804/715/510 1805/716/510 1772/683/510
f 1773/684/510 1772/683/510 1805/716/510
f 1805/716/510 1806/717/510 1773/684/510
f 1774/685/510 1773/684/510 1806/717/510
f 1806/717/510 1807/718/510 1774/685/510
f 1775/686/510 1774/685/510 1807/718/510
f 1807/718/510 1808/719/510 1775/686/510
f 1776/687/510 1775/686/510 1808/719/510
f 1808/719/510 1809/720/510 1776/687/510
f 1777/688/510 1776/687/510 1809/720/510
f 1809/720/510 1810/721/510 1777/688/510
f 1778/689/510 1777/688/510 1810/721/510
f 1810/721/510 1811/722/510 1778/689/510
f 1779/690/510 1778/689/510 1811/722/510
f 1811/722/510 1812/723/510 1779/690/510
f 1780/691/510 1779/690/510 1812/723/510
f 1812/723/510 1813/724/510 1780/691/510
f 1781/692/510 1780/691/510 1813/724/510
f 1813/724/510 1814/725/510 1781/692/510
f 1782/693/510 1781/692/510 1814/725/510
f 1814/725/510 1815/726/510 1782/693/510
f 1784/695/1631 1783/694/1630 1816/727/1643
f 1816/727/1643 1817/728/1644 1784/695/1631
f 1785/696/1632 1784/695/1631 1817/728/1644
f 1817/728/1644 1818/729/1645 1785/696/1632
f 1786/697/1633 1785/696/1632 1818/729/1645
f 1818/729/1645 1819/730/1646 1786/697/1633
f 1787/698/1634 1786/697/1633 1819/730/1646
f 1819/730/1646 1820/731/1647 1787/698/1634
f 1788/699/1635 1787/698/1634 1820/731/1647
f 1820/731/1647 1821/732/1648 1788/699/1635
f 1789/700/1636 1788/699/1635 1821/732/1648
f 1821/732/1648 1822/733/1649 1789/700/1636
f 1790/701/1637 1789/700/1636 1822/733/1649
f 1822/733/1649 1823/734/1650 1790/701/1637
f 1791/702/1638 1790/701/1637 1823/734/1650
f 1823/734/1650 1824/735/1651 1791/702/1638
f 1792/703/1639 1791/702/1638 1824/735/1651
f 1824/735/1651 1825/736/1652 1792/703/1639
f 1793/704/1640 1792/703/1639 1825/736/1652
f 1825/736/1652 1826/737/1653 1793/704/1640
f 1794/705/1641 1793/704/1640 1826/737/1653
f 1826/737/1653 1827/738/1654 1794/705/1641
f 1795/706/1642 1794/705/1641 1827/738/1654
f 1827/738/1654 1828/739/1655 1795/706/1642
f 1796/707/510 1795/706/1642 1828/739/1655
f 1828/739/1655 1829/740/510 1796/707/510
f 1797/708/510 1796/707/510 1829/740/510
f 1829/740/510 1830/741/510 1797/708/510
f 1798/709/510 1797/708/510 1830/741/510
f 1830/741/510 1831/742/510 1798/709/510
f 1799/710/510 1798/709/510 1831/742/510
f 1831/742/510 1832/743/510 1799/710/510
f 1800/711/510 1799/710/510 1832/743/510
f 1832/743/510 1833/744/510 1800/711/510
f 1801/712/510 1800/711/510 1833/744/510
f 1833/744/510 1834/745/510 1801/712/510
f 1802/713/510 1801/712/510 1834/745/510
f 1834/745/510 1835/746/510 1802/713/510
f 1803/714/510 1802/713/510 1835/746/510
f 1835/746/510 1836/747/510 1803/714/510
f 1804/715/510 1803/714/510 1836/747/510
f 1836/747/510 1837/748/510 1804/715/510
f 1805/716/510 1804/715/510 1837/748/510
f 1837/748/510 1838/749/510 1805/716/510
f 1806/717/510 1805/716/510 1838/749/510
f 1838/749/510 1839/750/510 1806/717/510
f 1807/718/510 1806/717/510 1839/750/510
f 1839/750/510 1840/751/510 1807/718/510
f 1808/719/510 1807/718/510 1840/751/510
f 1840/751/510 1841/752/510 1808/719/510
f 1809/720/510 1808/719/510 1841/752/510
f 1841/752/510 1842/753/510 1809/720/510
f 1810/721/510 1809/720/510 1842/753/510
f 1842/753/510 1843/754/510 1810/721/510
f 1811/722/510 1810/721/510 1843/754/510
f 1843/754/510 1844/755/510 1811/722/510
f 1812/723/510 1811/722/510 1844/755/510
f 1844/755/510 1845/756/510 1812/723/510
f 1813/724/510 1812/723/510 1845/756/510
f 1845/756/510 1846/757/510 1813/724/510
f 1814/725/510 1813/724/510 1846/757/510
f 1846/757/510 1847/758/510 1814/725/510
f 1815/726/510 1814/725/510 1847/758/510
f 1847/758/510 1848/759/510 1815/726/510
f 1817/728/1644 1816/727/1643 1849/760/1656
f 1849/760/1656 1850/761/1657 1817/728/1644
f 1818/729/1645 1817/728/1644 1850/761/1657
f 1850/761/1657 1851/762/1658 1818/729/1645
f 1819/730/1646 1818/729/1645 1851/762/1658
f 1851/762/1658 1852/763/1659 1819/730/1646
f 1820/731/1647 1819/730/1646 1852/763/1659
f 1852/763/1659 1853/764/1660 1820/731/1647
f 1821/732/1648 1820/731/1647 1853/764/1660
f 1853/764/1660 1854/765/1661 1821/732/1648
f 1822/733/1649 1821/732/1648 1854/765/1661
f 1854/765/1661 1855/766/1662 1822/733/1649
f 1823/734/1650 1822/733/1649 1855/766/1662
f 1855/766/1662 1856/767/1663 1823/734/1650
f 1824/735/1651 1823/734/1650 1856/767/1663
f 1856/767/1663 1857/768/1664 1824/735/1651
f 1825/736/1652 1824/735/1651 1857/768/1664
f 1857/768/1664 1858/769/1665 1825/736/1652
f 1826/737/1653 1825/736/1652 1858/769/1665
f 1858/769/1665 1859/770/1666 1826/737/1653
f 1827/738/1654 1826/737/1653 1859/770/1666
f 1859/770/1666 1860/771/1667 1827/738/1654
f 1828/739/1655 1827/738/1654 1860/771/1667
f 1860/771/1667 1861/772/1668 1828/739/1655
f 1829/740/510 1828/739/1655 1861/772/1668
f 1861/772/1668 1862/773/510 1829/740/510
f 1830/741/510 1829/740/510 1862/773/510
f 1862/773/510 1863/774/510 1830/741/510
f 1831/742/510 1830/741/510 1863/774/510
f 1863/774/510 1864/775/510 1831/742/510
f 1832/743/510 1831/742/510 1864/775/510
f 1864/775/510 1865/776/510 1832/743/510
f 1833/744/510 1832/743/510 1865/776/510
f 1865/776/510 1866/777/510 1833/744/510
f 1834/745/510 1833/744/510 1866/777/510
f 1866/777/510 1867/778/510 1834/745/510
f 1835/746/510 1834/745/510 1867/778/510
f 1867/778/510 1868/779/510 1835/746/510
f 1836/747/510 1835/746/510 1868/779/510
f 1868/779/510 1869/780/510 1836/747/510
f 1837/748/510 1836/747/510 1869/780/510
f 1869/780/510 1870/781/510 1837/748/510
f 1838/749/510 1837/748/510 1870/781/510
f 1870/781/510 1871/782/510 1838/749/510
f 1839/750/510 1838/749/510 1871/782/510
f 1871/782/510 1872/783/510 1839/750/510
f 1840/751/510 1839/750/510 1872/783/510
f 1872/783/510 1873/784/510 1840/751/510
f 1841/752/510 1840/751/510 1873/784/510
f 1873/784/510 1874/785/510 1841/752/510
f 1842/753/510 1841/752/510 1874/785/510
f 1874/785/510 1875/786/510 1842/753/510
f 1843/754/510 1842/753/510 1875/786/510
f 1875/786/510 1876/787/510 1843/754/510
f 1844/755/510 1843/754/510 1876/787/510
f 1876/787/510 1877/788/510 1844/755/510
f 1845/756/510 1844/755/510 1877/788/510
f 1877/788/510 1878/789/1669 1845/756/510
f 1846/757/510 1845/756/510 1878/789/1669
f 1878/789/1669 1879/790/1670 1846/757/510
f 1847/758/510 1846/757/510 1879/790/1670
f 1879/790/1670 1880/791/1671 1847/758/510
f 1848/759/510 1847/758/510 1880/791/1671
f 1880/791/1671 1881/792/510 1848/759/510
f 1850/761/1657 1849/760/1656 1882/793/1672
f 1882/793/1672 1883/794/1673 1850/761/1657
f 1851/762/1658 1850/761/1657 1883/794/1673
f 1883/794/1673 1884/795/1674 1851/762/1658
f 1852/763/1659 1851/762/1658 1884/795/1674
f 1884/795/1674 1885/796/1675 1852/763/1659
f 1853/764/1660 1852/763/1659 1885/796/1675
f 1885/796/1675 1886/797/1676 1853/764/1660
f 1854/765/1661 1853/764/1660 1886/797/1676
f 1886/797/1676 1887/798/1677 1854/765/1661
f 1855/766/1662 1854/765/1661 1887/798/1677
f 1887/798/1677 1888/799/1678 1855/766/1662
f 1856/767/1663 1855/766/1662 1888/799/1678
f 1888/799/1678 1889/800/1679 1856/767/1663
f 1857/768/1664 1856/767/1663 1889/800/1679
f 1889/800/1679 1890/801/1680 1857/768/1664
f 1858/769/1665 1857/768/1664 1890/801/1680
f 1890/801/1680 1891/802/1681 1858/769/1665
f 1859/770/1666 1858/769/1665 1891/802/1681
f 1891/802/1681 1892/803/1682 1859/770/1666
f 1860/771/1667 1859/770/1666 1892/803/1682
f 1892/803/1682 1893/804/1683 1860/771/1667
f 1861/772/1668 1860/771/1667 1893/804/1683
f 1893/804/1683 1894/805/1684 1861/772/1668
f 1862/773/510 1861/772/1668 1894/805/1684
f 1894/805/1684 1895/806/1685 1862/773/510
f 1863/774/510 1862/773/510 1895/806/1685
f 1895/806/1685 1896/807/1686 1863/774/510
f 1864/775/510 1863/774/510 1896/807/1686
f 1896/807/1686 1897/808/1687 1864/775/510
f 1865/776/510 1864/775/510 1897/808/1687
f 1897/808/1687 1898/809/1688 1865/776/510
f 1866/777/510 1865/776/510 1898/809/1688
f 1898/809/1688 1899/810/1689 1866/777/510
f 1867/778/510 1866/777/510 1899/810/1689
f 1899/810/1689 1900/811/1690 1867/778/510
f 1868/779/510 1867/778/510 1900/811/1690
f 1900/811/1690 1901/812/510 1868/779/510
f 1869/780/510 1868/779/510 1901/812/510
f 1901/812/510 1902/813/1691 1869/780/510
f 1870/781/510 1869/780/510 1902/813/1691
f 1902/813/1691 1903/814/1692 1870/781/510
f 1871/782/510 1870/781/510 1903/814/1692
f 1903/814/1692 1904/815/1693 1871/782/510
f 1872/783/510 1871/782/510 1904/815/1693
f 1904/815/1693 1905/816/1694 1872/783/510
f 1873/784/510 1872/783/510 1905/816/1694
f 1905/816/1694 1906/817/1695 1873/784/510
f 1874/785/510 1873/784/510 1906/817/1695
f 1906/817/1695 1907/818/1696 1874/785/510
f 1875/786/510 1874/785/510 1907/818/1696
f 1907/818/1696 1908/819/1697 1875/786/510
f 1876/787/510 1875/786/510 1908/819/1697
f 1908/819/1697 1909/820/1698 1876/787/510
f 1877/788/510 1876/787/510 1909/820/1698
f 1909/820/1698 1910/821/1699 1877/788/510
f 1878/789/1669 1877/788/510 1910/821/1699
f 1910/821/1699 1911/822/1700 1878/789/1669
f 1879/790/1670 1878/789/1669 1911/822/1700
f 1911/822/1700 1912/823/1701 1879/790/1670
f 1880/791/1671 1879/790/1670 1912/823/1701
f 1912/823/1701 1913/824/1702 1880/791/1671
f 1881/792/510 1880/791/1671 1913/824/1702
f 1913/824/1702 1914/825/1703 1881/792/510
f 1883/794/1673 1882/793/1672 1915/826/1704
f 1915/826/1704 1916/827/1705 1883/794/1673
f 1884/795/1674 1883/794/1673 1916/827/1705
f 1916/827/1705 1917/828/1706 1884/795/1674
f 1885/796/1675 1884/795/1674 1917/828/1706
f 1917/828/1706 1918/829/1707 1885/796/1675
f 1886/797/1676 1885/796/1675 1918/829/1707
f 1918/829/1707 1919/830/1708 1886/797/1676
f 1887/798/1677 1886/797/1676 1919/830/1708
f 1919/830/1708 1920/831/1709 1887/798/1677
f 1888/799/1678 1887/798/1677 1920/831/1709
f 1920/831/1709 1921/832/1710 1888/799/1678
f 1889/800/1679 1888/799/1678 1921/832/1710
f 1921/832/1710 1922/833/1711 1889/800/1679
f 1890/801/1680 1889/800/1679 1922/833/1711
f 1922/833/1711 1923/834/1712 1890/801/1680
f 1891/802/1681 1890/801/1680 1923/834/1712
f 1923/834/1712 1924/835/1713 1891/802/1681
f 1892/803/1682 1891/802/1681 1924/835/1713
f 1924/835/1713 1925/836/1714 1892/803/1682
f 1893/804/1683 1892/803/1682 1925/836/1714
f 1925/836/1714 1926/837/1715 1893/804/1683
f 1894/805/1684 1893/804/1683 1926/837/1715
f 1926/837/1715 1927/838/1716 1894/805/1684
f 1895/806/1685 1894/805/1684 1927/838/1716
f 1927/838/1716 1928/839/1717 1895/806/1685
f 1896/807/1686 1895/806/1685 1928/839/1717
f 1928/839/1717 1929/840/1718 1896/807/1686
f 1897/808/1687 1896/807/1686 1929/840/1718
f 1929/840/1718 1930/841/1719 1897/808/1687
f 1898/809/1688 1897/808/1687 1930/841/1719
f 1930/841/1719 1931/842/1720 1898/809/1688
f 1899/810/1689 1898/809/1688 1931/842/1720
f 1931/842/1720 1932/843/1721 1899/810/1689
f 1900/811/1690 1899/810/1689 1932/843/1721
f 1932/843/1721 1933/844/1722 1900/811/1690
f 1901/812/510 1900/811/1690 1933/844/1722
f 1933/844/1722 1934/845/1723 1901/812/510
f 1902/813/1691 1901/812/510 1934/845/1723
f 1934/845/1723 1935/846/1724 1902/813/1691
f 1903/814/1692 1902/813/1691 1935/846/1724
f 1935/846/1724 1936/847/1725 1903/814/1692
f 1904/815/1693 1903/814/1692 1936/847/1725
f 1936/847/1725 1937/848/1726 1904/815/1693
f 1905/816/1694 1904/815/1693 1937/848/1726
f 1937/848/1726 1938/849/1727 1905/816/1694
f 1906/817/1695 1905/816/1694 1938/849/1727
f 1938/849/1727 1939/850/1728 1906/817/1695
f 1907/818/1696 1906/817/1695 1939/850/1728
f 1939/850/1728 1940/851/1729 1907/818/1696
f 1908/819/1697 1907/818/1696 1940/851/1729
f 1940/851/1729 1941/852/1730 1908/819/1697
f 1909/820/1698 1908/819/1697 1941/852/1730
f 1941/852/1730 1942/853/1731 1909/820/1698
f 1910/821/1699 1909/820/1698 1942/853/1731
f 1942/853/1731 1943/854/1732 1910/821/1699
f 1911/822/1700 1910/821/1699 1943/854/1732
f 1943/854/1732 1944/855/1733 1911/822/1700
f 1912/823/1701 1911/822/1700 1944/855/1733
f 1944/855/1733 1945/856/1734 1912/823/1701
f 1913/824/1702 1912/823/1701 1945/856/1734
f 1945/856/1734 1946/857/1735 1913/824/1702
f 1914/825/1703 1913/824/1702 1946/857/1735
f 1946/857/1735 1947/858/1736 1914/825/1703
f 1916/827/1705 1915/826/1704 1948/859/1737
f 1948/859/1737 1949/860/1738 1916/827/1705
f 1917/828/1706 1916/827/1705 1949/860/1738
f 1949/860/1738 1950/861/1739 1917/828/1706
f 1918/829/1707 1917/828/1706 1950/861/1739
f 1950/861/1739 1951/862/1740 1918/829/1707
f 1919/830/1708 1918/829/1707 1951/862/1740
f 1951/862/1740 1952/863/1741 1919/830/1708
f 1920/831/1709 1919/830/1708 1952/863/1741
f 1952/863/1741 1953/864/1742 1920/831/1709
f 1921/832/1710 1920/831/1709 1953/864/1742
f 1953/864/1742 1954/865/1743 1921/832/1710
f 1922/833/1711 1921/832/1710 1954/865/1743
f 1954/865/1743 1955/866/1744 1922/833/1711
f 1923/834/1712 1922/833/1711 1955/866/1744
f 1955/866/1744 1956/867/1745 1923/834/1712
f 1924/835/1713 1923/834/1712 1956/867/1745
f 1956/867/1745 1957/868/1746 1924/835/1713
f 1925/836/1714 1924/835/1713 1957/868/1746
f 1957/868/1746 1958/869/1747 1925/836/1714
f 1926/837/1715 1925/836/1714 1958/869/1747
f 1958/869/1747 1959/870/1748 1926/837/1715
f 1927/838/1716 1926/837/1715 1959/870/1748
f 1959/870/1748 1960/871/1749 1927/838/1716
f 1928/839/1717 1927/838/1716 1960/871/1749
f 1960/871/1749 1961/872/1750 1928/839/1717
f 1929/840/1718 1928/839/1717 1961/872/1750
f 1961/872/1750 1962/873/1751 1929/840/1718
f 1930/841/1719 1929/840/1718 1962/873/1751
f 1962/873/1751 1963/874/1752 1930/841/1719
f 1931/842/1720 1930/841/1719 1963/874/1752
f 1963/874/1752 1964/875/1753 1931/842/1720
f 1932/843/1721 1931/842/1720 1964/875/1753
f 1964/875/1753 1965/876/1754 1932/843/1721
f 1933/844/1722 1932/843/1721 1965/876/1754
f 1965/876/1754 1966/877/1755 1933/844/1722
f 1934/845/1723 1933/844/1722 1966/877/1755
f 1966/877/1755 1967/878/1756 1934/845/1723
f 1935/846/1724 1934/845/1723 1967/878/1756
f 1967/878/1756 1968/879/1757 1935/846/1724
f 1936/847/1725 1935/846/1724 1968/879/1757
f 1968/879/1757 1969/880/1758 1936/847/1725
f 1937/848/1726 1936/847/1725 1969/880/1758
f 1969/880/1758 1970/881/1759 1937/848/1726
f 1938/849/1727 1937/848/1726 1970/881/1759
f 1970/881/1759 1971/882/1760 1938/849/1727
f 1939/850/1728 1938/849/1727 1971/882/1760
f 1971/882/1760 1972/883/1761 1939/850/1728
f 1940/851/1729 1939/850/1728 1972/883/1761
f 1972/883/1761 1973/884/1762 1940/851/1729
f 1941/852/1730 1940/851/1729 1973/884/1762
f 1973/884/1762 1974/885/1763 1941/852/1730
f 1942/853/1731 1941/852/1730 1974/885/1763
f 1974/885/1763 1975/886/1764 1942/853/1731
f 1943/854/1732 1942/853/1731 1975/886/1764
f 1975/886/1764 1976/887/1765 1943/854/1732
f 1944/855/1733 1943/854/1732 1976/887/1765
f 1976/887/1765 1977/888/1766 1944/855/1733
f 1945/856/1734 1944/855/1733 1977/888/1766
f 1977/888/1766 1978/889/1767 1945/856/1734
f 1946/857/1735 1945/856/1734 1978/889/1767
f 1978/889/1767 1979/890/1768 1946/857/1735
f 1947/858/1736 1946/857/1735 1979/890/1768
f 1979/890/1768 1980/891/1769 1947/858/1736
f 1949/860/1738 1948/859/1737 1981/892/1770
f 1981/892/1770 1982/893/1771 1949/860/1738
f 1950/861/1739 1949/860/1738 1982/893/1771
f 1982/893/1771 1983/894/1772 1950/861/1739
f 1951/862/1740 1950/861/1739 1983/894/1772
f 1983/894/1772 1984/895/1773 1951/862/1740
f 1952/863/1741 1951/862/1740 1984/895/1773
f 1984/895/1773 1985/896/1774 1952/863/1741
f 1953/864/1742 1952/863/1741 1985/896/1774
f 1985/896/1774 1986/897/1775 1953/864/1742
f 1954/865/1743 1953/864/1742 1986/897/1775
f 1986/897/1775 1987/898/1776 1954/865/1743
f 1955/866/1744 1954/865/1743 1987/898/1776
f 1987/898/1776 1988/899/1777 1955/866/1744
f 1956/867/1745 1955/866/1744 1988/899/1777
f 1988/899/1777 1989/900/1778 1956/867/1745
f 1957/868/1746 1956/867/1745 1989/900/1778
f 1989/900/1778 1990/901/1779 1957/868/1746
f 1958/869/1747 1957/868/1746 1990/901/1779
f 1990/901/1779 1991/902/1780 1958/869/1747
f 1959/870/1748 1958/869/1747 1991/902/1780
f 1991/902/1780 1992/903/1781 1959/870/1748
f 1960/871/1749 1959/870/1748 1992/903/1781
f 1992/903/1781 1993/904/1782 1960/871/1749
f 1961/872/1750 1960/871/1749 1993/904/1782
f 1993/904/1782 1994/905/1783 1961/872/1750
f 1962/873/1751 1961/872/1750 1994/905/1783
f 1994/905/1783 1995/906/1784 1962/873/1751
f 1963/874/1752 1962/873/1751 1995/906/1784
f 1995/906/1784 1996/907/1785 1963/874/1752
f 1964/875/1753 1963/874/1752 1996/907/1785
f 1996/907/1785 1997/908/1786 1964/875/1753
f 1965/876/1754 1964/875/1753 1997/908/1786
f 1997/908/1786 1998/909/1787 1965/876/1754
f 1966/877/1755 1965/876/1754 1998/909/1787
f 1998/909/1787 1999/910/1788 1966/877/1755
f 1967/878/1756 1966/877/1755 1999/910/1788
f 1999/910/1788 2000/911/1789 1967/878/1756
f 1968/879/1757 1967/878/1756 2000/911/1789
f 2000/911/1789 2001/912/1790 1968/879/1757
f 1969/880/1758 1968/879/1757 2001/912/1790
f 2001/912/1790 2002/913/1791 1969/880/1758
f 1970/881/1759 1969/880/1758 2002/913/1791
f 2002/913/1791 2003/914/1792 1970/881/1759
f 1971/882/1760 1970/881/1759 2003/914/1792
f 2003/914/1792 2004/915/1793 1971/882/1760
f 1972/883/1761 1971/882/1760 2004/915/1793
f 2004/915/1793 2005/916/1794 1972/883/1761
f 1973/884/1762 1972/883/1761 2005/916/1794
f 2005/916/1794 2006/917/1795 1973/884/1762
f 1974/885/1763 1973/884/1762 2006/917/1795
f 2006/917/1795 2007/918/1796 1974/885/1763
f 1975/886/1764 1974/885/1763 2007/918/1796
f 2007/918/1796 2008/919/1797 1975/886/1764
f 1976/887/1765 1975/886/1764 2008/919/1797
f 2008/919/1797 2009/920/1798 1976/887/1765
f 1977/888/1766 1976/887/1765 2009/920/1798
f 2009/920/1798 2010/921/1799 1977/888/1766
f 1978/889/1767 1977/888/1766 2010/921/1799
f 2010/921/1799 2011/922/1800 1978/889/1767
f 1979/890/1768 1978/889/1767 2011/922/1800
f 2011/922/1800 2012/923/1801 1979/890/1768
f 1980/891/1769 1979/890/1768 2012/923/1801
f 2012/923/1801 2013/924/1802 1980/891/1769
f 1982/893/1771 1981/892/1770 2014/925/1803
f 2014/925/1803 2015/926/1804 1982/893/1771
f 1983/894/1772 1982/893/1771 2015/926/1804
f 2015/926/1804 2016/927/1805 1983/894/1772
f 1984/895/1773 1983/894/1772 2016/927/1805
f 2016/927/1805 2017/928/1806 1984/895/1773
f 1985/896/1774 1984/895/1773 2017/928/1806
f 2017/928/1806 2018/929/1807 1985/896/1774
f 1986/897/1775 1985/896/1774 2018/929/1807
f 2018/929/1807 2019/930/1808 1986/897/1775
f 1987/898/1776 1986/897/1775 2019/930/1808
f 2019/930/1808 2020/931/1809 1987/898/1776
f 1988/899/1777 1987/898/1776 2020/931/1809
f 2020/931/1809 2021/932/1810 1988/899/1777
f 1989/900/1778 1988/899/1777 2021/932/1810
f 2021/932/1810 2022/933/1811 1989/900/1778
f 1990/901/1779 1989/900/1778 2022/933/1811
f 2022/933/1811 2023/934/1812 1990/901/1779
f 1991/902/1780 1990/901/1779 2023/934/1812
f 2023/934/1812 2024/935/1813 1991/902/1780
f 1992/903/1781 1991/902/1780 2024/935/1813
f 2024/935/1813 2025/936/1814 1992/903/1781
f 1993/904/1782 1992/903/1781 2025/936/1814
f 2025/936/1814 2026/937/1815 1993/904/1782
f 1994/905/1783 1993/904/1782 2026/937/1815
f 2026/937/1815 2027/938/1816 1994/905/1783
f 1995/906/1784 1994/905/1783 2027/938/1816
f 2027/938/1816 2028/939/1817 1995/906/1784
f 1996/907/1785 1995/906/1784 2028/939/1817
f 2028/939/1817 2029/940/1818 1996/907/1785
f 1997/908/1786 1996/907/1785 2029/940/1818
f 2029/940/1818 2030/941/1819 1997/908/1786
f 1998/909/1787 1997/908/1786 2030/941/1819
f 2030/941/1819 2031/942/1820 1998/909/1787
f 1999/910/1788 1998/909/1787 2031/942/1820
f 2031/942/1820 2032/943/1821 1999/910/1788
f 2000/911/1789 1999/910/1788 2032/943/1821
f 2032/943/1821 2033/944/1822 2000/911/1789
f 2001/912/1790 2000/911/1789 2033/944/1822
f 2033/944/1822 2034/945/1823 2001/912/1790
f 2002/913/1791 2001/912/1790 2034/945/1823
f 2034/945/1823 2035/946/1824 2002/913/1791
f 2003/914/1792 2002/913/1791 2035/946/1824
f 2035/946/1824 2036/947/1825 2003/914/1792
f 2004/915/1793 2003/914/1792 2036/947/1825
f 2036/947/1825 2037/948/1826 2004/915/1793
f 2005/916/1794 2004/915/1793 2037/948/1826
f 2037/948/1826 2038/949/1827 2005/916/1794
f 2006/917/1795 2005/916/1794 2038/949/1827
f 2038/949/1827 2039/950/1828 2006/917/1795
f 2007/918/1796 2006/917/1795 2039/950/1828
f 2039/950/1828 2040/951/1829 2007/918/1796
f 2008/919/1797 2007/918/1796 2040/951/1829
f 2040/951/1829 2041/952/1830 2008/919/1797
f 2009/920/1798 2008/919/1797 2041/952/1830
f 2041/952/1830 2042/953/1831 2009/920/1798
f 2010/921/1799 2009/920/1798 2042/953/1831
f 2042/953/1831 2043/954/1832 2010/921/1799
f 2011/922/1800 2010/921/1799 2043/954/1832
f 2043/954/1832 2044/955/1833 2011/922/1800
f 2012/923/1801 2011/922/1800 2044/955/1833
f 2044/955/1833 2045/956/1834 2012/923/1801
f 2013/924/1802 2012/923/1801 2045/956/1834
f 2045/956/1834 2046/957/1835 2013/924/1802
f 2015/926/1804 2014/925/1803 2047/958/1836
f 2047/958/1836 2048/959/1837 2015/926/1804
f 2016/927/1805 2015/926/1804 2048/959/1837
f 2048/959/1837 2049/960/1838 2016/927/1805
f 2017/928/1806 2016/927/1805 2049/960/1838
f 2049/960/1838 2050/961/1839 2017/928/1806
f 2018/929/1807 2017/928/1806 2050/961/1839
f 2050/961/1839 2051/962/1840 2018/929/1807
f 2019/930/1808 2018/929/1807 2051/962/1840
f 2051/962/1840 2052/963/1841 2019/930/1808
f 2020/931/1809 2019/930/1808 2052/963/1841
f 2052/963/1841 2053/964/1842 2020/931/1809
f 2021/932/1810 2020/931/1809 2053/964/1842
f 2053/964/1842 2054/965/1843 2021/932/1810
f 2022/933/1811 2021/932/1810 2054/965/1843
f 2054/965/1843 2055/966/1844 2022/933/1811
f 2023/934/1812 2022/933/1811 2055/966/1844
f 2055/966/1844 2056/967/1845 2023/934/1812
f 2024/935/1813 2023/934/1812 2056/967/1845
f 2056/967/1845 2057/968/1846 2024/935/1813
f 2025/936/1814 2024/935/1813 2057/968/1846
f 2057/968/1846 2058/969/1847 2025/936/1814
f 2026/937/1815 2025/936/1814 2058/969/1847
f 2058/969/1847 2059/970/1848 2026/937/1815
f 2027/938/1816 2026/937/1815 2059/970/1848
f 2059/970/1848 2060/971/1849 2027/938/1816
f 2028/939/1817 2027/938/1816 2060/971/1849
f 2060/971/1849 2061/972/1850 2028/939/1817
f 2029/940/1818 2028/939/1817 2061/972/1850
f 2061/972/1850 2062/973/1851 2029/940/1818
f 2030/941/1819 2029/940/1818 2062/973/1851
f 2062/973/1851 2063/974/1852 2030/941/1819
f 2031/942/1820 2030/941/1819 2063/974/1852
f 2063/974/1852 2064/975/1853 2031/942/1820
f 2032/943/1821 2031/942/1820 2064/975/1853
f 2064/975/1853 2065/976/1854 2032/943/1821
f 2033/944/1822 2032/943/1821 2065/976/1854
f 2065/976/1854 2066/977/1855 2033/944/1822
f 2034/945/1823 2033/944/1822 2066/977/1855
f 2066/977/1855 2067/978/1856 2034/945/1823
f 2035/946/1824 2034/945/1823 2067/978/1856
f 2067/978/1856 2068/979/1857 2035/946/1824
f 2036/947/1825 2035/946/1824 2068/979/1857
f 2068/979/1857 2069/980/1858 2036/947/1825
f 2037/948/1826 2036/947/1825 2069/980/1858
f 2069/980/1858 2070/981/1859 2037/948/1826
f 2038/949/1827 2037/948/1826 2070/981/1859
f 2070/981/1859 2071/982/1860 2038/949/1827
f 2039/950/1828 2038/949/1827 2071/982/1860
f 2071/982/1860 2072/983/1861 2039/950/1828
f 2040/951/1829 2039/950/1828 2072/983/1861
f 2072/983/1861 2073/984/1862 2040/951/1829
f 2041/952/1830 2040/951/1829 2073/984/1862
f 2073/984/1862 2074/985/1863 2041/952/1830
f 2042/953/1831 2041/952/1830 2074/985/1863
f 2074/985/1863 2075/986/1864 2042/953/1831
f 2043/954/1832 2042/953/1831 2075/986/1864
f 2075/986/1864 2076/987/1865 2043/954/1832
f 2044/955/1833 2043/954/1832 2076/987/1865
f 2076/987/1865 2077/988/1866 2044/955/1833
f 2045/956/1834 2044/955/1833 2077/988/1866
f 2077/988/1866 2078/989/1867 2045/956/1834
f 2046/957/1835 2045/956/1834 2078/989/1867
f 2078/989/1867 2079/990/1868 2046/957/1835
f 2048/959/1837 2047/958/1836 2080/991/1869
f 2080/991/1869 2081/992/1870 2048/959/1837
f 2049/960/1838 2048/959/1837 2081/992/1870
f 2081/992/1870 2082/993/1871 2049/960/1838
f 2050/961/1839 2049/960/1838 2082/993/1871
f 2082/993/1871 2083/994/1872 2050/961/1839
f 2051/962/1840 2050/961/1839 2083/994/1872
f 2083/994/1872 2084/995/1873 2051/962/1840
f 2052/963/1841 2051/962/1840 2084/995/1873
f 2084/995/1873 2085/996/1874 2052/963/1841
f 2053/964/1842 2052/963/1841 2085/996/1874
f 2085/996/1874 2086/997/1875 2053/964/1842
f 2054/965/1843 2053/964/1842 2086/997/1875
f 2086/997/1875 2087/998/1876 2054/965/1843
f 2055/966/1844 2054/965/1843 2087/998/1876
f 2087/998/1876 2088/999/1877 2055/966/1844
f 2056/967/1845 2055/966/1844 2088/999/1877
f 2088/999/1877 2089/1000/1878 2056/967/1845
f 2057/968/1846 2056/967/1845 2089/1000/1878
f 2089/1000/1878 2090/1001/1879 2057/968/1846
f 2058/969/1847 2057/968/1846 2090/1001/1879
f 2090/1001/1879 2091/1002/1880 2058/969/1847
f 2059/970/1848 2058/969/1847 2091/1002/1880
f 2091/1002/1880 2092/1003/1881 2059/970/1848
f 2060/971/1849 2059/970/1848 2092/1003/1881
f 2092/1003/1881 2093/1004/1882 2060/971/1849
f 2061/972/1850 2060/971/1849 2093/1004/1882
f 2093/1004/1882 2094/1005/1883 2061/972/1850
f 2062/973/1851 2061/972/1850 2094/1005/1883
f 2094/1005/1883 2095/1006/1884 2062/973/1851
f 2063/974/1852 2062/973/1851 2095/1006/1884
f 2095/1006/1884 2096/1007/1885 2063/974/1852
f 2064/975/1853 2063/974/1852 2096/1007/1885
f 2096/1007/1885 2097/1008/1886 2064/975/1853
f 2065/976/1854 2064/975/1853 2097/1008/1886
f 2097/1008/1886 2098/1009/1887 2065/976/1854
f 2066/977/1855 2065/976/1854 2098/1009/1887
f 2098/1009/1887 2099/1010/1888 2066/977/1855
f 2067/978/1856 2066/977/1855 2099/1010/1888
f 2099/1010/1888 2100/1011/1889 2067/978/1856
f 2068/979/1857 2067/978/1856 2100/1011/1889
f 2100/1011/1889 2101/1012/1890 2068/979/1857
f 2069/980/1858 2068/979/1857 2101/1012/1890
f 2101/1012/1890 2102/1013/1891 2069/980/1858
f 2070/981/1859 2069/980/1858 2102/1013/1891
f 2102/1013/1891 2103/1014/1892 2070/981/1859
f 2071/982/1860 2070/981/1859 2103/1014/1892
f 2103/1014/1892 2104/1015/1893 2071/982/1860
f 2072/983/1861 2071/982/1860 2104/1015/1893
f 2104/1015/1893 2105/1016/1894 2072/983/1861
f 2073/984/1862 2072/983/1861 2105/1016/1894
f 2105/1016/1894 2106/1017/1895 2073/984/1862
f 2074/985/1863 2073/984/1862 2106/1017/1895
f 2106/1017/1895 2107/1018/1896 2074/985/1863
f 2075/986/1864 2074/985/1863 2107/1018/1896
f 2107/1018/1896 2108/1019/1897 2075/986/1864
f 2076/987/1865 2075/986/1864 2108/1019/1897
f 2108/1019/1897 2109/1020/1898 2076/987/1865
f 2077/988/1866 2076/987/1865 2109/1020/1898
f 2109/1020/1898 2110/1021/1899 2077/988/1866
f 2078/989/1867 2077/988/1866 2110/1021/1899
f 2110/1021/1899 2111/1022/1900 2078/989/1867
f 2079/990/1868 2078/989/1867 2111/1022/1900
f 2111/1022/1900 2112/1023/1901 2079/990/1868
f 2081/992/1870 2080/991/1869 2113/1024/1902
f 2113/1024/1902 2114/1025/1903 2081/992/1870
f 2082/993/1871 2081/992/1870 2114/1025/1903
f 2114/1025/1903 2115/1026/1904 2082/993/1871
f 2083/994/1872 2082/993/1871 2115/1026/1904
f 2115/1026/1904 2116/1027/1905 2083/994/1872
f 2084/995/1873 2083/994/1872 2116/1027/1905
f 2116/1027/1905 2117/1028/1906 2084/995/1873
f 2085/996/1874 2084/995/1873 2117/1028/1906
f 2117/1028/1906 2118/1029/1907 2085/996/1874
f 2086/997/1875 2085/996/1874 2118/1029/1907
f 2118/1029/1907 2119/1030/1908 2086/997/1875
f 2087/998/1876 2086/997/1875 2119/1030/1908
f 2119/1030/1908 2120/1031/1909 2087/998/1876
f 2088/999/1877 2087/998/1876 2120/1031/1909
f 2120/1031/1909 2121/1032/1910 2088/999/1877
f 2089/1000/1878 2088/999/1877 2121/1032/1910
f 2121/1032/1910 2122/1033/1911 2089/1000/1878
f 2090/1001/1879 2089/1000/1878 2122/1033/1911
f 2122/1033/1911 2123/1034/1912 2090/1001/1879
f 2091/1002/1880 2090/1001/1879 2123/1034/1912
f 2123/1034/1912 2124/1035/1913 2091/1002/1880
f 2092/1003/1881 2091/1002/1880 2124/1035/1913
f 2124/1035/1913 2125/1036/1914 2092/1003/1881
f 2093/1004/1882 2092/1003/1881 2125/1036/1914
f 2125/1036/1914 2126/1037/1915 2093/1004/1882
f 2094/1005/1883 2093/1004/1882 2126/1037/1915
f 2126/1037/1915 2127/1038/1916 2094/1005/1883
f 2095/1006/1884 2094/1005/1883 2127/1038/1916
f 2127/1038/1916 2128/1039/1917 2095/1006/1884
f 2096/1007/1885 2095/1006/1884 2128/1039/1917
f 2128/1039/1917 2129/1040/1918 2096/1007/1885
f 2097/1008/1886 2096/1007/1885 2129/1040/1918
f 2129/1040/1918 2130/1041/1919 2097/1008/1886
f 2098/1009/1887 2097/1008/1886 2130/1041/1919
f 2130/1041/1919 2131/1042/1920 2098/1009/1887
f 2099/1010/1888 2098/1009/1887 2131/1042/1920
f 2131/1042/1920 2132/1043/1921 2099/1010/1888
f 2100/1011/1889 2099/1010/1888 2132/1043/1921
f 2132/1043/1921 2133/1044/1922 2100/1011/1889
f 2101/1012/1890 2100/1011/1889 2133/1044/1922
f 2133/1044/1922 2134/1045/1923 2101/1012/1890
f 2102/1013/1891 2101/1012/1890 2134/1045/1923
f 2134/1045/1923 2135/1046/1924 2102/1013/1891
f 2103/1014/1892 2102/1013/1891 2135/1046/1924
f 2135/1046/1924 2136/1047/1925 2103/1014/1892
f 2104/1015/1893 2103/1014/1892 2136/1047/1925
f 2136/1047/1925 2137/1048/1926 2104/1015/1893
f 2105/1016/1894 2104/1015/1893 2137/1048/1926
f 2137/1048/1926 2138/1049/1927 2105/1016/1894
f 2106/1017/1895 2105/1016/1894 2138/1049/1927
f 2138/1049/1927 2139/1050/1928 2106/1017/1895
f 2107/1018/1896 2106/1017/1895 2139/1050/1928
f 2139/1050/1928 2140/1051/1929 2107/1018/1896
f 2108/1019/1897 2107/1018/1896 2140/1051/1929
f 2140/1051/1929 2141/1052/1930 2108/1019/1897
f 2109/1020/1898 2108/1019/1897 2141/1052/1930
f 2141/1052/1930 2142/1053/1931 2109/1020/1898
f 2110/1021/1899 2109/1020/1898 2142/1053/1931
f 2142/1053/1931 2143/1054/1932 2110/1021/1899
f 2111/1022/1900 2110/1021/1899 2143/1054/1932
f 2143/1054/1932 2144/1055/1933 2111/1022/1900
f 2112/1023/1901 2111/1022/1900 2144/1055/1933
f 2144/1055/1933 2145/1056/1934 2112/1023/1901
f 2114/1025/1903 2113/1024/1902 2146/1057/1935
f 2146/1057/1935 2147/1058/1936 2114/1025/1903
f 2115/1026/1904 2114/1025/1903 2147/1058/1936
f 2147/1058/1936 2148/1059/1937 2115/1026/1904
f 2116/1027/1905 2115/1026/1904 2148/1059/1937
f 2148/1059/1937 2149/1060/1938 2116/1027/1905
f 2117/1028/1906 2116/1027/1905 2149/1060/1938
f 2149/1060/1938 2150/1061/1939 2117/1028/1906
f 2118/1029/1907 2117/1028/1906 2150/1061/1939
f 2150/1061/1939 2151/1062/1940 2118/1029/1907
f 2119/1030/1908 2118/1029/1907 2151/1062/1940
f 2151/1062/1940 2152/1063/1941 2119/1030/1908
f 2120/1031/1909 2119/1030/1908 2152/1063/1941
f 2152/1063/1941 2153/1064/1942 2120/1031/1909
f 2121/1032/1910 2120/1031/1909 2153/1064/1942
f 2153/1064/1942 2154/1065/1943 2121/1032/1910
f 2122/1033/1911 2121/1032/1910 2154/1065/1943
f 2154/1065/1943 2155/1066/1944 2122/1033/1911
f 2123/1034/1912 2122/1033/1911 2155/1066/1944
f 2155/1066/1944 2156/1067/1945 2123/1034/1912
f 2124/1035/1913 2123/1034/1912 2156/1067/1945
f 2156/1067/1945 2157/1068/1946 2124/1035/1913
f 2125/1036/1914 2124/1035/1913 2157/1068/1946
f 2157/1068/1946 2158/1069/1947 2125/1036/1914
f 2126/1037/1915 2125/1036/1914 2158/1069/1947
f 2158/1069/1947 2159/1070/1948 2126/1037/1915
f 2127/1038/1916 2126/1037/1915 2159/1070/1948
f 2159/1070/1948 2160/1071/1949 2127/1038/1916
f 2128/1039/1917 2127/1038/1916 2160/1071/1949
f 2160/1071/1949 2161/1072/1950 2128/1039/1917
f 2129/1040/1918 2128/1039/1917 2161/1072/1950
f 2161/1072/1950 2162/1073/1951 2129/1040/1918
f 2130/1041/1919 2129/1040/1918 2162/1073/1951
f 2162/1073/1951 2163/1074/1952 2130/1041/1919
f 2131/1042/1920 2130/1041/1919 2163/1074/1952
f 2163/1074/1952 2164/1075/1953 2131/1042/1920
f 2132/1043/1921 2131/1042/1920 2164/1075/1953
f 2164/1075/1953 2165/1076/1954 2132/1043/1921
f 2133/1044/1922 2132/1043/1921 2165/1076/1954
f 2165/1076/1954 2166/1077/1955 2133/1044/1922
f 2134/1045/1923 2133/1044/1922 2166/1077/1955
f 2166/1077/1955 2167/1078/1956 2134/1045/1923
f 2135/1046/1924 2134/1045/1923 2167/1078/1956
f 2167/1078/1956 2168/1079/1957 2135/1046/1924
f 2136/1047/1925 2135/1046/1924 2168/1079/1957
f 2168/1079/1957 2169/1080/1958 2136/1047/1925
f 2137/1048/1926 2136/1047/1925 2169/1080/1958
f 2169/1080/1958 2170/1081/1959 2137/1048/1926
f 2138/1049/1927 2137/1048/1926 2170/1081/1959
f 2170/1081/1959 2171/1082/1960 2138/1049/1927
f 2139/1050/1928 2138/1049/1927 2171/1082/1960
f 2171/1082/1960 2172/1083/1961 2139/1050/1928
f 2140/1051/1929 2139/1050/1928 2172/1083/1961
f 2172/1083/1961 2173/1084/1962 2140/1051/1929
f 2141/1052/1930 2140/1051/1929 2173/1084/1962
f 2173/1084/1962 2174/1085/1963 2141/1052/1930
f 2142/1053/1931 2141/1052/1930 2174/1085/1963
f 2174/1085/1963 2175/1086/1964 2142/1053/1931
f 2143/1054/1932 2142/1053/1931 2175/1086/1964
f 2175/1086/1964 2176/1087/1965 2143/1054/1932
f 2144/1055/1933 2143/1054/1932 2176/1087/1965
f 2176/1087/1965 2177/1088/1966 2144/1055/1933
f 2145/1056/1934 2144/1055/1933 2177/1088/1966
f 2177/1088/1966 2178/1089/510 2145/1056/1934
