# 3ds Max Wavefront OBJ Exporter v0.99 - (c)2007 guruware
# File Created: 18.07.2026 21:01:04

#
# object Sphere__17_
#

v  -4.9790 -3.6843 -2.4508
v  -2.5609 -4.4183 -2.5609
v  -2.6138 -4.6689 0.0000
v  -4.5350 -1.9980 -6.8386
v  -7.2652 -2.7014 0.0000
v  0.0000 -4.9740 0.0000
v  -2.5609 -4.4183 2.5609
v  0.0000 -4.6689 -2.6138
v  -8.0105 -0.0184 -6.2288
v  -8.5926 -0.6005 -4.4122
v  -7.4640 0.5281 -7.4640
v  -6.2288 -0.0184 -8.0105
v  -8.9977 -1.0056 -2.2836
v  -4.4122 -0.6005 -8.5926
v  -9.1415 -1.1494 0.0000
v  -2.2836 -1.0056 -8.9977
v  -8.9977 -1.0056 2.2836
v  0.0000 -1.1494 -9.1415
v  2.3394 -2.5255 -7.1442
v  -8.5926 -0.6005 4.4122
v  2.2836 -1.0056 -8.9977
v  -4.5350 -1.9980 6.8386
v  -8.0105 -0.0184 6.2288
v  4.4122 -0.6005 -8.5926
v  2.4508 -3.6843 -4.9790
v  2.6139 -4.6689 0.0000
v  5.0725 -3.8993 0.0000
v  7.2652 -2.7014 0.0000
v  6.8386 -1.9980 -4.5350
v  9.1415 -1.1494 0.0000
v  8.9977 -1.0056 -2.2836
v  8.5926 -0.6005 -4.4122
v  8.0105 -0.0184 -6.2288
v  6.2288 -0.0184 -8.0105
v  7.4640 0.5281 -7.4640
v  0.0000 -4.6689 2.6138
v  2.5609 -4.4183 2.5609
v  4.7701 -3.0363 4.7701
v  -0.0000 -2.7014 7.2652
v  2.2836 -1.0056 8.9977
v  -0.0000 -1.1494 9.1415
v  -2.2836 -1.0056 8.9977
v  -4.4122 -0.6005 8.5926
v  -6.2288 -0.0184 8.0105
v  -7.4640 0.5281 7.4640
v  4.4122 -0.6005 8.5926
v  6.2288 -0.0184 8.0105
v  7.4640 0.5281 7.4640
v  8.0105 -0.0184 6.2288
v  8.5926 -0.6005 4.4122
v  8.9977 -1.0056 2.2836
v  -2.5696 20.4189 -2.5696
v  -0.0000 20.9583 -0.0000
v  0.0000 20.6693 -2.6227
v  -4.7862 19.0336 -4.7862
v  -2.6227 20.6693 -0.0000
v  -6.2472 16.0075 -8.0378
v  -4.4270 16.5905 -8.6218
v  -7.4902 15.4580 -7.4902
v  -8.0378 16.0075 -6.2472
v  0.0000 19.8977 -5.0899
v  -2.2912 16.9965 -9.0278
v  -8.6218 16.5905 -4.4270
v  2.3474 18.5227 -7.1696
v  0.0000 17.1407 -9.1720
v  -9.0277 16.9965 -2.2912
v  2.2912 16.9965 -9.0278
v  -9.1720 17.1407 -0.0000
v  -7.1696 18.5227 2.3474
v  4.5500 17.9926 -6.8628
v  4.4270 16.5905 -8.6218
v  -9.0277 16.9965 2.2912
v  -8.6218 16.5905 4.4270
v  -8.0378 16.0075 6.2472
v  -4.5500 17.9926 6.8628
v  -6.2472 16.0075 8.0377
v  -7.4902 15.4580 7.4902
v  -4.4270 16.5905 8.6218
v  -2.2912 16.9965 9.0277
v  -0.0000 18.6986 7.2909
v  -0.0000 17.1407 9.1720
v  2.2912 16.9965 9.0277
v  4.4270 16.5905 8.6218
v  -4.9955 19.6827 2.4589
v  -0.0000 20.6693 2.6227
v  6.2472 16.0075 8.0377
v  4.7862 19.0336 4.7862
v  7.4902 15.4580 7.4902
v  8.0378 16.0075 6.2472
v  2.5696 20.4189 2.5696
v  8.6218 16.5905 4.4270
v  9.0277 16.9965 2.2912
v  2.6227 20.6693 -0.0000
v  5.0899 19.8977 -0.0000
v  7.2909 18.6986 -0.0000
v  9.1720 17.1407 -0.0000
v  8.0378 16.0075 -6.2472
v  7.4902 15.4580 -7.4902
v  6.2472 16.0075 -8.0378
v  8.6218 16.5905 -4.4270
v  9.0277 16.9965 -2.2912
v  -8.0105 1.7634 8.0105
v  -9.9901 3.4571 6.8386
v  -8.5926 3.5800 8.5926
v  -10.5177 0.8479 2.3394
v  -8.9977 5.7085 8.9977
v  -9.1684 7.9921 9.1684
v  -11.8914 2.9196 -0.0000
v  -9.0277 10.2614 9.0277
v  -10.5536 10.3177 7.1696
v  -8.6218 12.3978 8.6218
v  -11.0284 3.2221 -4.7701
v  -8.0378 14.2204 8.0377
v  -11.0602 12.7570 4.7862
v  -8.0105 1.7634 -8.0105
v  -8.5926 3.5800 -8.5926
v  -8.9977 5.7085 -8.9977
v  -10.0231 12.5213 -6.8628
v  -9.1720 7.9692 -9.1720
v  -9.0277 10.2614 -9.0277
v  -10.5536 15.1378 2.3474
v  -10.5536 15.1378 -2.3474
v  -8.6218 12.3978 -8.6218
v  -8.0378 14.2204 -8.0378
v  8.0105 1.7634 8.0105
v  6.8386 3.4571 9.9901
v  8.5926 3.5800 8.5926
v  2.4508 3.0131 11.6764
v  8.9977 5.7085 8.9977
v  9.1684 7.9921 9.1684
v  -2.3394 0.8479 10.5177
v  9.0277 10.2614 9.0277
v  7.1696 10.3177 10.5536
v  8.6218 12.3978 8.6218
v  -4.7701 3.2221 11.0284
v  8.0378 14.2204 8.0377
v  4.7862 12.7570 11.0602
v  -7.1442 5.6527 10.5177
v  -7.1696 10.3177 10.5536
v  2.3474 15.1378 10.5536
v  -2.3474 15.1378 10.5536
v  10.6935 0.7270 0.0000
v  11.0284 3.2221 4.7701
v  11.8914 2.9196 0.0000
v  12.6610 5.3783 -0.0000
v  12.7170 7.9921 2.5296
v  12.9662 7.9921 -0.0000
v  10.5177 5.6527 7.1442
v  12.6980 10.5931 -0.0000
v  11.9248 13.0608 -0.0000
v  11.7098 12.9670 2.4589
v  10.5536 10.3177 7.1696
v  10.7294 15.2589 -0.0000
v  10.0231 14.8317 4.5500
v  8.0105 1.7634 -8.0105
v  9.9901 3.4571 -6.8386
v  8.5926 3.5800 -8.5926
v  10.5177 0.8479 -2.3394
v  8.9977 5.7085 -8.9977
v  10.7294 7.9692 -7.2909
v  9.1720 7.9692 -9.1720
v  9.0277 10.2614 -9.0277
v  12.6980 7.9692 -2.6227
v  8.6218 12.3978 -8.6218
v  8.0378 14.2204 -8.0378
v  10.0231 14.8317 -4.5500
v  -6.8386 3.4571 -9.9901
v  -2.3394 0.8479 -10.5177
v  -7.2909 7.9692 -10.7294
v  0.0000 2.9196 -11.8914
v  4.7701 3.2221 -11.0285
v  -4.7862 12.7570 -11.0602
v  6.8628 12.5213 -10.0231
v  -2.3474 15.1378 -10.5536
v  2.3474 15.1378 -10.5536
v  -12.3412 -12.1882 7.8248
v  -9.9231 -12.9222 7.7147
v  -9.9760 -13.1728 10.2756
v  -11.8972 -10.5019 3.4370
v  -14.6274 -11.2053 10.2756
v  -7.3622 -13.4780 10.2756
v  -9.9231 -12.9222 12.8365
v  -7.3622 -13.1728 7.6618
v  -15.3727 -8.5223 4.0468
v  -15.9548 -9.1044 5.8634
v  -14.8262 -7.9758 2.8116
v  -13.5910 -8.5223 2.2651
v  -16.3599 -9.5095 7.9920
v  -11.7744 -9.1044 1.6830
v  -16.5037 -9.6533 10.2756
v  -9.6458 -9.5096 1.2779
v  -14.5064 -11.0295 12.6150
v  -16.3599 -9.5095 12.5592
v  -7.3622 -9.6533 1.1341
v  -5.0228 -11.0295 3.1314
v  -15.9548 -9.1044 14.6878
v  -5.0786 -9.5096 1.2779
v  -11.8972 -10.5019 17.1142
v  -15.3727 -8.5223 16.5044
v  -2.9500 -9.1044 1.6830
v  -4.9114 -12.1882 5.2966
v  -4.7484 -13.1728 10.2756
v  -2.2897 -12.4032 10.2756
v  -0.0970 -11.2053 10.2756
v  -0.5236 -10.5019 5.7406
v  1.7793 -9.6533 10.2756
v  1.6355 -9.5095 7.9920
v  1.2304 -9.1044 5.8634
v  0.6483 -8.5223 4.0468
v  -1.1334 -8.5223 2.2651
v  0.1018 -7.9758 2.8116
v  -7.3622 -13.1728 12.8894
v  -4.8013 -12.9222 12.8365
v  -2.5921 -11.5403 15.0457
v  -7.3622 -11.2053 17.5408
v  -5.0786 -9.5095 19.2733
v  -7.3622 -9.6533 19.4171
v  -9.6458 -9.5095 19.2733
v  -11.7744 -9.1044 18.8682
v  -13.5910 -8.5223 18.2861
v  -14.8262 -7.9758 17.7396
v  -2.9500 -9.1044 18.8682
v  -1.1334 -8.5223 18.2861
v  0.1018 -7.9758 17.7396
v  0.6483 -8.5223 16.5044
v  1.2304 -9.1044 14.6878
v  1.6355 -9.5095 12.5592
v  -9.9318 11.9149 7.7060
v  -7.3622 12.4543 10.2756
v  -7.3622 12.1654 7.6529
v  -12.1484 10.5297 5.4894
v  -9.9849 12.1654 10.2756
v  -13.6094 7.5036 2.2378
v  -11.7892 8.0866 1.6538
v  -14.8524 6.9541 2.7854
v  -15.4000 7.5036 4.0283
v  -5.0148 10.0188 3.1060
v  -9.6534 8.4926 1.2478
v  -15.9840 8.0866 5.8486
v  -7.3622 8.6368 1.1036
v  -16.3900 8.4926 7.9844
v  -5.0710 8.4926 1.2478
v  -16.5342 8.6368 10.2756
v  -14.5318 10.0188 12.6230
v  -2.9352 8.0866 1.6538
v  -16.3900 8.4926 12.5668
v  -15.9840 8.0866 14.7026
v  -15.4000 7.5036 16.5228
v  -11.9122 9.4887 17.1384
v  -13.6094 7.5036 18.3133
v  -14.8524 6.9541 17.7658
v  -11.7892 8.0866 18.8974
v  -9.6534 8.4926 19.3033
v  -7.3622 10.1946 17.5665
v  -7.3622 8.6368 19.4476
v  -5.0710 8.4926 19.3033
v  -2.9352 8.0866 18.8974
v  -12.3577 11.1788 12.7345
v  -7.3622 12.1654 12.8983
v  -1.1150 7.5036 18.3133
v  -2.5760 10.5297 15.0618
v  0.1280 6.9541 17.7658
v  0.6755 7.5036 16.5228
v  -4.7926 11.9149 12.8452
v  1.2596 8.0866 14.7026
v  1.6655 8.4926 12.5668
v  -4.7395 12.1654 10.2756
v  -2.2723 11.3938 10.2756
v  -0.0713 10.1946 10.2756
v  1.8098 8.6368 10.2756
v  0.6755 7.5036 4.0283
v  0.1280 6.9541 2.7854
v  -1.1150 7.5036 2.2378
v  -0.4994 9.4887 5.7256
v  1.2596 8.0866 5.8486
v  1.6655 8.4926 7.9844
v  -4.9033 11.1788 5.2801
v  -15.3727 -6.7406 18.2861
v  -17.3523 -5.0468 17.1142
v  -15.9548 -4.9240 18.8682
v  -17.8799 -7.6560 12.6150
v  -16.3599 -2.7954 19.2733
v  -16.5306 -0.5118 19.4440
v  -19.2536 -5.5843 10.2756
v  -16.3900 1.7574 19.3033
v  -17.9158 1.8137 17.4452
v  -15.9840 3.8939 18.8974
v  -18.3907 -5.2819 5.5055
v  -15.4000 5.7164 18.3133
v  -18.4224 4.2531 15.0618
v  -15.3727 -6.7406 2.2651
v  -15.9548 -4.9240 1.6830
v  -16.3599 -2.7954 1.2779
v  -17.3853 4.0173 3.4128
v  -16.5342 -0.5347 1.1036
v  -16.3900 1.7574 1.2478
v  -17.9158 6.6339 12.6230
v  -17.9158 6.6339 7.9282
v  -15.9840 3.8939 1.6538
v  -15.4000 5.7164 2.2378
v  0.6483 -6.7406 18.2861
v  -0.5236 -5.0468 20.2657
v  1.2304 -4.9240 18.8682
v  -4.9114 -5.4908 21.9520
v  1.6355 -2.7954 19.2733
v  1.8062 -0.5118 19.4440
v  -9.7016 -7.6560 20.7932
v  1.6655 1.7574 19.3033
v  -0.1926 1.8137 20.8292
v  1.2596 3.8939 18.8974
v  -12.1323 -5.2819 21.3040
v  0.6755 5.7164 18.3133
v  -2.5760 4.2531 21.3358
v  -14.5064 -2.8512 20.7932
v  -14.5318 1.8137 20.8292
v  -5.0148 6.6339 20.8292
v  -9.7096 6.6339 20.8292
v  3.3313 -7.7770 10.2756
v  3.6662 -5.2819 15.0457
v  4.5292 -5.5843 10.2756
v  5.2988 -3.1256 10.2756
v  5.3548 -0.5118 12.8052
v  5.6040 -0.5118 10.2756
v  3.1554 -2.8512 17.4198
v  5.3358 2.0891 10.2756
v  4.5626 4.5569 10.2756
v  4.3476 4.4631 12.7345
v  3.1914 1.8137 17.4452
v  3.3672 6.7550 10.2756
v  2.6609 6.3278 14.8256
v  0.6483 -6.7406 2.2651
v  2.6279 -5.0468 3.4370
v  1.2304 -4.9240 1.6830
v  1.6355 -2.7954 1.2779
v  3.3672 -0.5347 2.9847
v  1.8098 -0.5347 1.1036
v  4.3142 -2.9626 5.2966
v  1.6655 1.7574 1.2478
v  1.2596 3.8939 1.6538
v  4.3476 1.9254 5.2801
v  0.6755 5.7164 2.2378
v  2.6609 6.3278 5.7256
v  -14.2008 -5.0468 0.2855
v  -9.7016 -7.6560 -0.2421
v  -14.6531 -0.5347 -0.4538
v  -7.3622 -5.5843 -1.6158
v  -2.5921 -5.2819 -0.7529
v  -12.1484 4.2531 -0.7846
v  -0.4994 4.0174 0.2525
v  -9.7096 6.6339 -0.2780
v  -5.0148 6.6339 -0.2780
v  -1.8688 -12.1882 9.5964
v  0.5494 -12.9222 9.4864
v  0.4964 -13.1728 12.0472
v  -1.4248 -10.5019 5.2087
v  -4.1549 -11.2053 12.0472
v  3.1102 -13.4780 12.0472
v  0.5494 -12.9222 14.6081
v  3.1102 -13.1728 9.4334
v  -4.9003 -8.5223 5.8185
v  -5.4824 -9.1044 7.6351
v  -4.3538 -7.9758 4.5832
v  -3.1185 -8.5223 4.0367
v  -5.8875 -9.5095 9.7636
v  -1.3019 -9.1044 3.4546
v  -6.0313 -9.6533 12.0472
v  0.8266 -9.5096 3.0495
v  -5.8875 -9.5095 14.3309
v  3.1102 -9.6533 2.9057
v  5.4497 -11.0295 4.9030
v  -5.4824 -9.1044 16.4594
v  5.3938 -9.5096 3.0495
v  -1.4248 -10.5019 18.8858
v  -4.9003 -8.5223 18.2760
v  7.5224 -9.1044 3.4546
v  5.5610 -12.1882 7.0683
v  5.7241 -13.1728 12.0472
v  8.1827 -12.4032 12.0472
v  10.3754 -11.2053 12.0472
v  9.9488 -10.5019 7.5123
v  12.2518 -9.6533 12.0472
v  12.1080 -9.5095 9.7636
v  11.7028 -9.1044 7.6351
v  11.1208 -8.5223 5.8185
v  9.3390 -8.5223 4.0367
v  10.5743 -7.9758 4.5832
v  3.1102 -13.1728 14.6611
v  5.6711 -12.9222 14.6081
v  7.8803 -11.5403 16.8173
v  3.1102 -11.2053 19.3124
v  5.3938 -9.5095 21.0450
v  3.1102 -9.6533 21.1888
v  0.8266 -9.5095 21.0450
v  -1.3019 -9.1044 20.6399
v  -3.1185 -8.5223 20.0578
v  -4.3538 -7.9758 19.5113
v  7.5224 -9.1044 20.6399
v  9.3390 -8.5223 20.0578
v  10.5743 -7.9758 19.5113
v  11.1208 -8.5223 18.2760
v  11.7028 -9.1044 16.4594
v  12.1080 -9.5095 14.3309
v  0.5407 11.9149 9.4777
v  3.1102 12.4543 12.0472
v  3.1102 12.1654 9.4246
v  -1.6760 10.5297 7.2610
v  0.4875 12.1654 12.0472
v  -3.1370 7.5036 4.0095
v  -1.3167 8.0866 3.4254
v  -4.3799 6.9541 4.5571
v  -4.9275 7.5036 5.8000
v  3.1102 11.3938 6.9574
v  0.8190 8.4926 3.0195
v  -5.5116 8.0866 7.6203
v  5.4576 10.0188 4.8776
v  3.1102 8.6368 2.8752
v  -5.9175 8.4926 9.7560
v  5.4015 8.4926 3.0195
v  -6.0618 8.6368 12.0472
v  -4.0594 10.0188 14.3946
v  7.6602 9.4887 5.1844
v  7.5372 8.0866 3.4254
v  -5.9175 8.4926 14.3385
v  -5.5116 8.0866 16.4742
v  -4.9275 7.5036 18.2945
v  -1.4398 9.4887 18.9101
v  -3.1370 7.5036 20.0850
v  -4.3799 6.9541 19.5374
v  -1.3167 8.0866 20.6690
v  0.8190 8.4926 21.0750
v  3.1102 10.1946 19.3381
v  3.1102 8.6368 21.2193
v  5.4015 8.4926 21.0750
v  7.5372 8.0866 20.6690
v  -1.8852 11.1788 14.5062
v  3.1102 12.1654 14.6699
v  9.3575 7.5036 20.0850
v  7.8965 10.5297 16.8335
v  10.6004 6.9541 19.5374
v  11.1480 7.5036 18.2945
v  5.6798 11.9149 14.6168
v  11.7320 8.0866 16.4742
v  12.1380 8.4926 14.3385
v  5.7329 12.1654 12.0472
v  8.2001 11.3938 12.0472
v  10.4011 10.1946 12.0472
v  12.2823 8.6368 12.0472
v  11.1480 7.5036 5.8000
v  10.6004 6.9541 4.5571
v  9.3575 7.5036 4.0095
v  11.7320 8.0866 7.6203
v  12.1380 8.4926 9.7560
v  -4.9003 -6.7406 20.0578
v  -6.8798 -5.0468 18.8858
v  -5.4824 -4.9240 20.6399
v  -7.4074 -7.6560 14.3867
v  -5.8875 -2.7954 21.0450
v  -6.0582 -0.5118 21.2157
v  -8.7811 -5.5843 12.0472
v  -5.9175 1.7574 21.0750
v  -7.4434 1.8137 19.2169
v  -5.5116 3.8939 20.6690
v  -7.9182 -5.2819 7.2772
v  -4.9275 5.7164 20.0850
v  -7.9500 4.2531 16.8335
v  -4.9003 -6.7406 4.0367
v  -5.4824 -4.9240 3.4546
v  -5.8875 -2.7954 3.0495
v  -6.9128 4.0173 5.1844
v  -6.0618 -0.5347 2.8752
v  -5.9175 1.7574 3.0195
v  -7.4434 6.6339 14.3946
v  -7.4434 6.6339 9.6999
v  -5.5116 3.8939 3.4254
v  -4.9275 5.7164 4.0095
v  11.1208 -6.7406 20.0578
v  7.6452 -7.3504 22.0373
v  11.7028 -4.9240 20.6399
v  12.1080 -2.7954 21.0450
v  3.1102 -7.7770 22.7408
v  12.2787 -0.5118 21.2157
v  12.1380 1.7574 21.0750
v  10.2799 1.8137 22.6009
v  11.7320 3.8939 20.6690
v  -1.6598 -5.2819 23.0757
v  11.1480 5.7164 20.0850
v  7.8965 4.2531 23.1075
v  -4.0340 -2.8512 22.5649
v  -4.0594 1.8137 22.6009
v  5.4576 6.6339 22.6009
v  0.7629 6.6339 22.6009
v  13.8038 -7.7770 12.0472
v  14.1387 -5.2819 16.8173
v  15.0016 -5.5843 12.0472
v  15.7712 -3.1256 12.0472
v  15.8272 -0.5118 14.5768
v  16.0764 -0.5118 12.0472
v  13.6279 -2.8512 19.1915
v  15.8082 2.0891 12.0472
v  15.0350 4.5569 12.0472
v  14.8200 4.4631 14.5062
v  13.6639 1.8137 19.2169
v  13.8397 6.7550 12.0472
v  13.1333 6.3278 16.5972
v  11.1208 -6.7406 4.0367
v  13.1003 -7.3504 7.5123
v  11.7028 -4.9240 3.4546
v  13.6279 -2.8512 4.9030
v  12.1080 -2.7954 3.0495
v  12.2823 -0.5347 2.8752
v  12.1380 1.7574 3.0195
v  13.6639 1.8137 4.8776
v  15.8082 -0.5347 9.4246
v  11.7320 3.8939 3.4254
v  11.1480 5.7164 4.0095
v  13.1333 6.3278 7.4973
v  -3.7283 -5.0468 2.0572
v  0.7708 -7.6560 1.5296
v  -4.1806 -0.5347 1.3178
v  3.1102 -5.5843 0.1559
v  7.8803 -5.2819 1.0188
v  -1.6760 4.2531 0.9870
v  9.9731 4.0174 2.0242
v  0.7629 6.6339 1.4936
v  5.4576 6.6339 1.4936
v  7.1099 -4.2663 7.7561
v  8.8577 -4.7969 7.6766
v  8.8194 -4.9780 9.5276
v  7.4308 -3.0475 4.5847
v  5.4575 -3.5559 9.5276
v  10.7087 -5.1986 9.5276
v  8.8577 -4.7969 11.3785
v  10.7087 -4.9780 7.6383
v  4.9187 -1.6167 5.0255
v  4.4980 -2.0374 6.3385
v  5.3137 -1.2217 4.1326
v  6.2066 -1.6167 3.7376
v  4.2052 -2.3302 7.8770
v  7.5196 -2.0374 3.3169
v  4.1013 -2.4342 9.5276
v  9.0581 -2.3302 3.0241
v  4.2052 -2.3302 11.1781
v  10.7087 -2.4342 2.9202
v  12.4801 -4.2663 5.9288
v  4.4980 -2.0374 12.7166
v  12.3592 -2.3302 3.0241
v  7.4308 -3.0475 14.4704
v  4.9187 -1.6167 14.0296
v  13.8977 -2.0374 3.3169
v  12.5979 -4.9780 9.5276
v  14.3750 -4.4217 9.5276
v  15.9598 -3.5559 9.5276
v  15.6515 -3.0475 6.2497
v  17.3161 -2.4342 9.5276
v  17.2121 -2.3302 7.8770
v  16.9193 -2.0374 6.3385
v  16.4986 -1.6167 5.0255
v  15.2107 -1.6167 3.7376
v  16.1036 -1.2217 4.1326
v  10.7087 -4.9780 11.4168
v  12.5596 -4.7969 11.3785
v  14.1564 -3.7980 12.9753
v  10.7087 -3.5559 14.7787
v  12.3592 -2.3302 16.0310
v  10.7087 -2.4342 16.1350
v  9.0581 -2.3302 16.0310
v  7.5196 -2.0374 15.7382
v  6.2066 -1.6167 15.3175
v  5.3137 -1.2217 14.9225
v  13.8977 -2.0374 15.7382
v  15.2107 -1.6167 15.3175
v  16.1036 -1.2217 14.9225
v  16.4986 -1.6167 14.0296
v  16.9193 -2.0374 12.7166
v  17.2121 -2.3302 11.1781
v  8.8514 13.1552 7.6703
v  10.7087 13.5450 9.5276
v  10.7087 13.3362 7.6319
v  7.2492 12.1539 6.0681
v  8.8130 13.3362 9.5276
v  6.1932 9.9667 3.7180
v  7.5089 10.3880 3.2958
v  5.2948 9.5695 4.1137
v  4.8991 9.9667 5.0121
v  12.4860 12.6230 5.9169
v  9.0526 10.6815 3.0024
v  4.4769 10.3880 6.3278
v  10.7087 10.7858 2.8981
v  4.1835 10.6815 7.8715
v  12.3647 10.6815 3.0024
v  4.0792 10.7858 9.5276
v  5.5265 11.7846 11.2242
v  13.9084 10.3880 3.2958
v  4.1835 10.6815 11.1836
v  4.4769 10.3880 12.7273
v  4.8991 9.9667 14.0430
v  6.1932 9.9667 15.3372
v  5.2948 9.5695 14.9414
v  7.5089 10.3880 15.7593
v  9.0526 10.6815 16.0527
v  10.7087 11.9117 14.7973
v  10.7087 10.7858 16.1570
v  12.3647 10.6815 16.0527
v  13.9084 10.3880 15.7593
v  7.0980 12.6231 11.3048
v  10.7087 13.3362 11.4232
v  15.2241 9.9667 15.3372
v  14.1681 12.1539 12.9870
v  16.1225 9.5695 14.9414
v  16.5183 9.9667 14.0430
v  12.5659 13.1552 11.3848
v  16.9404 10.3880 12.7273
v  17.2338 10.6815 11.1836
v  12.6043 13.3362 9.5276
v  14.3876 12.7785 9.5276
v  15.9784 11.9117 9.5276
v  17.3381 10.7858 9.5276
v  16.5183 9.9667 5.0121
v  16.1225 9.5695 4.1137
v  15.2241 9.9667 3.7180
v  15.6690 11.4015 6.2389
v  16.9404 10.3880 6.3278
v  17.2338 10.6815 7.8715
v  4.9187 -0.3289 15.3175
v  3.4879 0.8954 14.4704
v  4.4980 0.9842 15.7382
v  3.1066 -0.9906 11.2185
v  4.2052 2.5227 16.0310
v  4.0818 4.1732 16.1544
v  4.1835 5.8134 16.0527
v  3.0806 5.8541 14.7097
v  4.4769 7.3576 15.7593
v  2.7374 0.7255 6.0798
v  4.8991 8.6749 15.3372
v  2.7144 7.6172 12.9870
v  4.9187 -0.3289 3.7376
v  4.4980 0.9842 3.3169
v  4.2052 2.5227 3.0241
v  3.4641 7.4468 4.5672
v  4.0792 4.1567 2.8981
v  4.1835 5.8134 3.0024
v  3.0806 9.3381 11.2242
v  4.4769 7.3576 3.2958
v  4.8991 8.6749 3.7180
v  16.4986 -0.3289 15.3175
v  15.6515 0.8954 16.7483
v  16.9193 0.9842 15.7382
v  12.4801 0.5745 17.9671
v  17.2121 2.5227 16.0310
v  17.3355 4.1732 16.1544
v  9.0178 -0.9906 17.1296
v  17.2338 5.8134 16.0527
v  15.8908 5.8541 17.1556
v  16.9404 7.3576 15.7593
v  16.5183 8.6749 15.3372
v  14.1681 7.6172 17.5218
v  5.5449 2.4823 17.1296
v  5.5265 5.8541 17.1556
v  12.4053 9.3381 17.1556
v  9.0120 9.3381 17.1556
v  18.4378 -1.0780 9.5276
v  18.6799 0.7255 12.9753
v  19.3036 0.5069 9.5276
v  19.8599 2.2840 9.5276
v  20.0805 4.1732 9.5276
v  18.3107 2.4823 14.6913
v  19.8866 6.0532 9.5276
v  19.3278 7.8368 9.5276
v  19.1724 7.7690 11.3048
v  18.3367 5.8541 14.7097
v  18.4638 9.4256 9.5276
v  16.4986 -0.3289 3.7376
v  18.3107 -0.9906 7.8367
v  16.9193 0.9842 3.3169
v  17.2121 2.5227 3.0241
v  18.4638 4.1567 4.2578
v  17.3381 4.1567 2.8981
v  17.2338 5.8134 3.0024
v  19.8866 4.1567 7.6319
v  16.9404 7.3576 3.2958
v  16.5183 8.6749 3.7180
v  17.9532 9.1168 6.2389
v  5.7658 0.8954 2.3068
v  5.4389 4.1567 1.7724
v  10.7087 0.5069 0.9326
v  14.1564 0.7255 1.5563
v  7.2492 7.6172 1.5333
v  15.6690 7.4469 2.2830
v  9.0120 9.3381 1.8995
v  13.2494 -12.1882 0.9350
v  15.6675 -12.9222 0.8250
v  15.6145 -13.1728 3.3858
v  13.6934 -10.5019 -3.4527
v  10.9632 -11.2053 3.3858
v  18.2283 -13.4780 3.3858
v  15.6675 -12.9222 5.9467
v  18.2283 -13.1728 0.7720
v  10.2178 -8.5223 -2.8429
v  9.6357 -9.1044 -1.0263
v  10.7643 -7.9758 -4.0782
v  11.9996 -8.5223 -4.6247
v  9.2306 -9.5096 1.1022
v  13.8162 -9.1044 -5.2068
v  9.0868 -9.6533 3.3858
v  15.9447 -9.5096 -5.6119
v  9.2306 -9.5095 5.6694
v  18.2283 -9.6533 -5.7557
v  20.5678 -11.0295 -3.7584
v  9.6357 -9.1044 7.7980
v  20.5120 -9.5096 -5.6119
v  13.6934 -10.5019 10.2244
v  10.2178 -8.5223 9.6146
v  22.6405 -9.1044 -5.2068
v  20.6791 -12.1882 -1.5932
v  20.8422 -13.1728 3.3858
v  23.3008 -12.4032 3.3858
v  25.4935 -11.2053 3.3858
v  25.0669 -10.5019 -1.1492
v  27.3699 -9.6533 3.3858
v  27.2261 -9.5096 1.1022
v  26.8210 -9.1044 -1.0263
v  26.2389 -8.5223 -2.8429
v  24.4571 -8.5223 -4.6247
v  25.6924 -7.9758 -4.0782
v  18.2283 -13.1728 5.9997
v  20.7892 -12.9222 5.9467
v  22.9984 -11.5403 8.1559
v  18.2283 -11.2053 10.6510
v  20.5120 -9.5095 12.3836
v  18.2283 -9.6533 12.5273
v  15.9447 -9.5095 12.3836
v  13.8162 -9.1044 11.9784
v  11.9996 -8.5223 11.3964
v  10.7643 -7.9758 10.8498
v  22.6405 -9.1044 11.9784
v  24.4571 -8.5223 11.3964
v  25.6924 -7.9758 10.8498
v  26.2389 -8.5223 9.6146
v  26.8210 -9.1044 7.7980
v  27.2261 -9.5095 5.6694
v  15.6588 11.9149 0.8163
v  18.2283 12.4543 3.3858
v  18.2283 12.1654 0.7631
v  13.4421 10.5297 -1.4004
v  15.6056 12.1654 3.3858
v  11.9811 7.5036 -4.6519
v  13.8014 8.0866 -5.2360
v  10.7382 6.9541 -4.1043
v  10.1906 7.5036 -2.8614
v  20.5757 10.0188 -3.7838
v  15.9371 8.4926 -5.6419
v  9.6066 8.0866 -1.0412
v  18.2284 8.6368 -5.7862
v  9.2006 8.4926 1.0946
v  20.5196 8.4926 -5.6419
v  9.0563 8.6368 3.3858
v  11.0587 10.0188 5.7332
v  22.6553 8.0866 -5.2360
v  9.2006 8.4926 5.6771
v  9.6066 8.0866 7.8128
v  10.1906 7.5036 9.6331
v  13.6784 9.4887 10.2486
v  11.9811 7.5036 11.4236
v  10.7382 6.9541 10.8760
v  13.8014 8.0866 12.0076
v  15.9371 8.4926 12.4136
v  18.2283 10.1946 10.6767
v  18.2283 8.6368 12.5579
v  20.5196 8.4926 12.4136
v  22.6553 8.0866 12.0076
v  13.2329 11.1788 5.8448
v  18.2283 12.1654 6.0085
v  24.4756 7.5036 11.4236
v  23.0146 10.5297 8.1721
v  25.7185 6.9541 10.8760
v  26.2661 7.5036 9.6331
v  20.7979 11.9149 5.9554
v  26.8501 8.0866 7.8128
v  27.2561 8.4926 5.6771
v  20.8510 12.1654 3.3858
v  23.3182 11.3938 3.3858
v  25.5192 10.1946 3.3858
v  27.4004 8.6368 3.3858
v  26.2661 7.5036 -2.8614
v  25.7185 6.9541 -4.1043
v  24.4756 7.5036 -4.6519
v  25.0912 9.4887 -1.1642
v  26.8501 8.0866 -1.0412
v  27.2561 8.4926 1.0946
v  20.6873 11.1787 -1.6097
v  10.2178 -6.7406 11.3964
v  8.2383 -5.0468 10.2244
v  9.6357 -4.9240 11.9784
v  7.7107 -7.6560 5.7252
v  9.2306 -2.7954 12.3836
v  9.0599 -0.5118 12.5543
v  6.3370 -5.5843 3.3858
v  9.2006 1.7574 12.4136
v  7.6747 1.8137 10.5555
v  9.6066 3.8939 12.0076
v  7.1999 -5.2819 -1.3842
v  10.1906 5.7164 11.4236
v  7.1681 4.2531 8.1721
v  10.2178 -6.7406 -4.6247
v  9.6357 -4.9240 -5.2068
v  9.2306 -2.7954 -5.6119
v  8.2053 4.0173 -3.4770
v  9.0563 -0.5347 -5.7862
v  9.2006 1.7574 -5.6419
v  7.6747 6.6339 5.7332
v  7.6747 6.6339 1.0385
v  9.6066 3.8939 -5.2360
v  10.1906 5.7164 -4.6519
v  26.2389 -6.7406 11.3964
v  25.0669 -5.0468 13.3759
v  26.8210 -4.9240 11.9784
v  20.6791 -5.4908 15.0622
v  27.2261 -2.7954 12.3836
v  27.3968 -0.5118 12.5543
v  15.8889 -7.6560 13.9035
v  27.2561 1.7574 12.4136
v  25.3980 1.8137 13.9394
v  26.8501 3.8939 12.0076
v  13.4583 -5.2819 14.4143
v  26.2661 5.7164 11.4236
v  23.0146 4.2531 14.4461
v  11.0841 -2.8512 13.9035
v  11.0587 1.8137 13.9394
v  20.5757 6.6339 13.9394
v  15.8810 6.6339 13.9394
v  28.9219 -7.7770 3.3858
v  29.2568 -5.2819 8.1559
v  30.1197 -5.5843 3.3858
v  30.8893 -3.1256 3.3858
v  30.9453 -0.5118 5.9154
v  31.1945 -0.5118 3.3858
v  28.7460 -2.8512 10.5301
v  30.9263 2.0891 3.3858
v  30.1532 4.5569 3.3858
v  29.9382 4.4631 5.8448
v  28.7820 1.8137 10.5555
v  28.9578 6.7550 3.3858
v  28.2514 6.3278 7.9358
v  26.2389 -6.7406 -4.6247
v  28.2184 -5.0468 -3.4527
v  26.8210 -4.9240 -5.2068
v  27.2261 -2.7954 -5.6119
v  28.9578 -0.5347 -3.9050
v  27.4004 -0.5347 -5.7862
v  29.9047 -2.9626 -1.5932
v  27.2561 1.7574 -5.6419
v  26.8501 3.8939 -5.2360
v  29.9382 1.9254 -1.6097
v  26.2661 5.7164 -4.6519
v  28.2514 6.3278 -1.1642
v  11.3898 -5.0468 -6.6043
v  15.8889 -7.6560 -7.1318
v  10.9375 -0.5347 -7.3436
v  18.2283 -5.5843 -8.5056
v  22.9984 -5.2819 -7.6426
v  13.4421 4.2531 -7.6744
v  25.0912 4.0174 -6.6372
v  15.8810 6.6339 -7.1678
v  20.5757 6.6339 -7.1678
v  -8.4829 -12.1882 -5.6791
v  -6.0648 -12.9222 -5.7892
v  -6.1178 -13.1728 -3.2283
v  -8.0389 -10.5019 -10.0669
v  -10.7691 -11.2053 -3.2283
v  -3.5039 -13.4780 -3.2283
v  -6.0648 -12.9222 -0.6675
v  -3.5039 -13.1728 -5.8422
v  -11.5145 -8.5223 -9.4571
v  -12.0965 -9.1044 -7.6405
v  -10.9680 -7.9758 -10.6924
v  -9.7327 -8.5223 -11.2389
v  -12.5017 -9.5096 -5.5120
v  -7.9161 -9.1044 -11.8210
v  -12.6455 -9.6533 -3.2283
v  -5.7875 -9.5096 -12.2261
v  -12.5017 -9.5096 -0.9447
v  -3.5039 -9.6533 -12.3699
v  -1.1645 -11.0295 -10.3726
v  -12.0965 -9.1044 1.1838
v  -1.2203 -9.5096 -12.2261
v  -8.0389 -10.5019 3.6102
v  -11.5145 -8.5223 3.0004
v  0.9082 -9.1044 -11.8210
v  -1.0531 -12.1882 -8.2073
v  -0.8901 -13.1728 -3.2283
v  1.5686 -12.4032 -3.2283
v  3.7612 -11.2053 -3.2283
v  3.3346 -10.5019 -7.7633
v  5.6376 -9.6533 -3.2283
v  5.4938 -9.5096 -5.5120
v  5.0887 -9.1044 -7.6405
v  4.5066 -8.5223 -9.4571
v  2.7248 -8.5223 -11.2389
v  3.9601 -7.9758 -10.6924
v  -3.5039 -13.1728 -0.6145
v  -0.9431 -12.9222 -0.6675
v  1.2661 -11.5403 1.5417
v  -3.5039 -11.2053 4.0368
v  -1.2203 -9.5095 5.7694
v  -3.5039 -9.6533 5.9132
v  -5.7875 -9.5095 5.7694
v  -7.9161 -9.1044 5.3643
v  -9.7327 -8.5223 4.7822
v  -10.9680 -7.9758 4.2357
v  0.9082 -9.1044 5.3643
v  2.7248 -8.5223 4.7822
v  3.9601 -7.9758 4.2357
v  4.5066 -8.5223 3.0004
v  5.0887 -9.1044 1.1838
v  5.4938 -9.5096 -0.9447
v  -6.0735 11.9149 -5.7979
v  -3.5039 12.4543 -3.2283
v  -3.5039 12.1654 -5.8510
v  -8.2902 10.5297 -8.0146
v  -6.1266 12.1654 -3.2283
v  -9.7512 7.5036 -11.2661
v  -7.9309 8.0866 -11.8501
v  -10.9941 6.9541 -10.7185
v  -11.5417 7.5036 -9.4756
v  -1.1566 10.0188 -10.3980
v  -5.7952 8.4926 -12.2561
v  -12.1257 8.0866 -7.6553
v  -3.5039 8.6368 -12.4004
v  -12.5317 8.4926 -5.5196
v  -1.2127 8.4926 -12.2561
v  -12.6760 8.6368 -3.2284
v  -10.6736 10.0188 -0.8810
v  0.9230 8.0866 -11.8501
v  -12.5317 8.4926 -0.9371
v  -12.1257 8.0866 1.1986
v  -11.5417 7.5036 3.0189
v  -8.0539 9.4887 3.6345
v  -9.7512 7.5036 4.8094
v  -10.9941 6.9541 4.2618
v  -7.9309 8.0866 5.3934
v  -5.7952 8.4926 5.7994
v  -3.5039 10.1946 4.0625
v  -3.5039 8.6368 5.9437
v  -1.2127 8.4926 5.7994
v  0.9230 8.0866 5.3934
v  -8.4994 11.1787 -0.7694
v  -3.5039 12.1654 -0.6057
v  2.7433 7.5036 4.8094
v  1.2823 10.5297 1.5579
v  3.9862 6.9541 4.2618
v  4.5338 7.5036 3.0189
v  -0.9344 11.9149 -0.6588
v  5.1179 8.0866 1.1986
v  5.5238 8.4926 -0.9371
v  -0.8812 12.1654 -3.2283
v  1.5859 11.3938 -3.2283
v  3.7869 10.1946 -3.2283
v  5.6681 8.6368 -3.2283
v  4.5338 7.5036 -9.4756
v  3.9862 6.9541 -10.7185
v  2.7433 7.5036 -11.2661
v  3.3589 9.4887 -7.7783
v  5.1179 8.0866 -7.6553
v  5.5238 8.4926 -5.5196
v  -1.0450 11.1787 -8.2238
v  -11.5145 -6.7406 4.7822
v  -13.4940 -5.0468 3.6102
v  -12.0965 -4.9240 5.3643
v  -14.0216 -7.6560 -0.8889
v  -12.5017 -2.7954 5.7694
v  -12.6724 -0.5118 5.9401
v  -15.3953 -5.5843 -3.2283
v  -12.5317 1.7574 5.7994
v  -14.0576 1.8137 3.9413
v  -12.1257 3.8939 5.3934
v  -14.5324 -5.2819 -7.9984
v  -11.5417 5.7164 4.8094
v  -14.5642 4.2531 1.5579
v  -11.5145 -6.7406 -11.2389
v  -12.0965 -4.9240 -11.8210
v  -12.5017 -2.7954 -12.2261
v  -13.5270 4.0173 -10.0912
v  -12.6760 -0.5347 -12.4004
v  -12.5317 1.7574 -12.2561
v  -14.0576 6.6339 -0.8810
v  -14.0576 6.6339 -5.5757
v  -12.1257 3.8939 -11.8501
v  -11.5417 5.7164 -11.2661
v  4.5066 -6.7406 4.7822
v  3.3346 -5.0468 6.7617
v  5.0887 -4.9240 5.3643
v  -1.0531 -5.4908 8.4480
v  5.4938 -2.7954 5.7694
v  5.6645 -0.5118 5.9401
v  -5.8433 -7.6560 7.2893
v  5.5238 1.7574 5.7994
v  3.6657 1.8137 7.3253
v  5.1179 3.8939 5.3934
v  -8.2740 -5.2819 7.8001
v  4.5338 5.7164 4.8094
v  1.2823 4.2531 7.8319
v  -10.6482 -2.8512 7.2893
v  -10.6736 1.8137 7.3253
v  -1.1566 6.6339 7.3253
v  -5.8513 6.6339 7.3253
v  7.1896 -7.7770 -3.2283
v  7.5245 -5.2819 1.5417
v  8.3874 -5.5843 -3.2283
v  9.1571 -3.1257 -3.2283
v  9.2130 -0.5118 -0.6988
v  9.4622 -0.5118 -3.2283
v  7.0137 -2.8512 3.9159
v  9.1940 2.0891 -3.2283
v  8.4209 4.5569 -3.2283
v  8.2059 4.4631 -0.7694
v  7.0497 1.8137 3.9413
v  7.2255 6.7550 -3.2283
v  6.5191 6.3278 1.3216
v  4.5066 -6.7406 -11.2389
v  6.4861 -5.0468 -10.0669
v  5.0887 -4.9240 -11.8210
v  5.4938 -2.7954 -12.2261
v  7.2255 -0.5347 -10.5192
v  5.6681 -0.5347 -12.4004
v  8.1724 -2.9626 -8.2073
v  5.5238 1.7574 -12.2561
v  5.1179 3.8939 -11.8501
v  8.2059 1.9254 -8.2238
v  4.5338 5.7164 -11.2661
v  6.5191 6.3278 -7.7783
v  -10.3425 -5.0468 -13.2184
v  -5.8434 -7.6561 -13.7460
v  -10.7948 -0.5347 -13.9578
v  -3.5039 -5.5843 -15.1197
v  1.2661 -5.2819 -14.2568
v  -8.2902 4.2531 -14.2886
v  3.3589 4.0174 -13.2514
v  -5.8513 6.6339 -13.7820
v  -1.1566 6.6339 -13.7820
v  4.8264 -8.9514 -11.9683
v  6.5742 -9.4819 -12.0478
v  6.5359 -9.6631 -10.1968
v  5.1474 -7.7325 -15.1397
v  3.1740 -8.2410 -10.1968
v  8.4252 -9.8836 -10.1968
v  6.5742 -9.4819 -8.3459
v  8.4252 -9.6631 -12.0861
v  2.6353 -6.3017 -14.6989
v  2.2145 -6.7225 -13.3859
v  3.0303 -5.9067 -15.5918
v  3.9231 -6.3017 -15.9868
v  1.9217 -7.0153 -11.8474
v  5.2361 -6.7225 -16.4075
v  1.8178 -7.1192 -10.1968
v  6.7746 -7.0153 -16.7003
v  1.9217 -7.0153 -8.5463
v  8.4252 -7.1192 -16.8042
v  10.1966 -8.9514 -13.7956
v  2.2145 -6.7225 -7.0078
v  10.0758 -7.0153 -16.7003
v  5.1474 -7.7325 -5.2540
v  2.6353 -6.3017 -5.6948
v  11.6143 -6.7225 -16.4075
v  10.3145 -9.6631 -10.1968
v  12.0915 -9.1068 -10.1968
v  13.6764 -8.2410 -10.1968
v  13.3680 -7.7325 -13.4747
v  15.0326 -7.1192 -10.1968
v  14.9287 -7.0153 -11.8474
v  14.6358 -6.7225 -13.3859
v  14.2151 -6.3017 -14.6989
v  12.9273 -6.3017 -15.9868
v  13.8201 -5.9067 -15.5918
v  8.4252 -9.6631 -8.3076
v  10.2762 -9.4819 -8.3459
v  11.8730 -8.4831 -6.7491
v  8.4252 -8.2410 -4.9457
v  10.0758 -7.0153 -3.6934
v  8.4252 -7.1192 -3.5894
v  6.7746 -7.0153 -3.6934
v  5.2361 -6.7225 -3.9862
v  3.9231 -6.3017 -4.4069
v  3.0303 -5.9067 -4.8019
v  11.6143 -6.7225 -3.9862
v  12.9273 -6.3017 -4.4069
v  13.8201 -5.9067 -4.8019
v  14.2151 -6.3017 -5.6948
v  14.6358 -6.7225 -7.0078
v  14.9287 -7.0153 -8.5463
v  6.5679 8.4701 -12.0541
v  8.4252 8.8600 -10.1969
v  8.4252 8.6511 -12.0925
v  4.9658 7.4689 -13.6563
v  6.5295 8.6511 -10.1969
v  3.9098 5.2816 -16.0065
v  5.2254 5.7030 -16.4286
v  3.0114 4.8845 -15.6107
v  2.6156 5.2816 -14.7123
v  8.4252 8.0934 -13.8758
v  6.7691 5.9965 -16.7220
v  2.1934 5.7030 -13.3966
v  11.7139 6.7164 -15.1572
v  8.4252 6.1007 -16.8263
v  1.9000 5.9965 -11.8529
v  10.0813 5.9965 -16.7220
v  1.7957 6.1007 -10.1969
v  3.2431 7.0996 -8.5002
v  11.6250 5.7030 -16.4286
v  1.9000 5.9965 -8.5408
v  2.1934 5.7030 -6.9971
v  2.6156 5.2816 -5.6814
v  3.9098 5.2816 -4.3872
v  3.0114 4.8845 -4.7830
v  5.2254 5.7030 -3.9651
v  6.7691 5.9965 -3.6717
v  8.4252 7.2267 -4.9271
v  8.4252 6.1007 -3.5674
v  10.0813 5.9965 -3.6717
v  11.6250 5.7030 -3.9651
v  4.8145 7.9380 -8.4196
v  8.4252 8.6511 -8.3012
v  12.9406 5.2816 -4.3872
v  11.8846 7.4689 -6.7374
v  13.8390 4.8845 -4.7830
v  14.2348 5.2816 -5.6814
v  10.2825 8.4701 -8.3396
v  14.6569 5.7030 -6.9971
v  14.9504 5.9965 -8.5408
v  10.3208 8.6511 -10.1969
v  12.1041 8.0934 -10.1969
v  13.6950 7.2267 -10.1969
v  15.0547 6.1007 -10.1969
v  14.2348 5.2816 -14.7123
v  13.8390 4.8845 -15.6107
v  12.9406 5.2816 -16.0065
v  14.6569 5.7030 -13.3966
v  14.9504 5.9965 -11.8529
v  2.6353 -5.0139 -4.4069
v  1.2045 -3.7897 -5.2540
v  2.2145 -3.7009 -3.9862
v  0.8231 -5.6756 -8.5059
v  1.9217 -2.1624 -3.6934
v  1.7983 -0.5118 -3.5700
v  1.9000 1.1284 -3.6717
v  0.7971 1.1691 -5.0147
v  2.1934 2.6726 -3.9651
v  0.4539 -3.9596 -13.6446
v  2.6156 3.9899 -4.3872
v  0.4310 2.9322 -6.7374
v  2.6353 -5.0139 -15.9868
v  2.2145 -3.7009 -16.4075
v  1.9217 -2.1624 -16.7003
v  1.1806 2.7618 -15.1572
v  1.7957 -0.5284 -16.8263
v  1.9000 1.1284 -16.7220
v  0.7971 4.6530 -8.5002
v  2.1934 2.6726 -16.4286
v  2.6156 3.9899 -16.0065
v  14.2151 -5.0139 -4.4069
v  13.3680 -3.7897 -2.9761
v  14.6358 -3.7009 -3.9862
v  10.1966 -4.1106 -1.7573
v  14.9287 -2.1624 -3.6934
v  15.0520 -0.5118 -3.5700
v  6.7343 -5.6756 -2.5948
v  14.9504 1.1284 -3.6717
v  13.6073 1.1691 -2.5688
v  14.6569 2.6726 -3.9651
v  14.2348 3.9899 -4.3872
v  11.8846 2.9322 -2.2026
v  3.2614 -2.2027 -2.5948
v  3.2431 1.1691 -2.5688
v  10.1219 4.6530 -2.5688
v  6.7285 4.6530 -2.5688
v  16.1544 -5.7630 -10.1968
v  16.3965 -3.9596 -6.7491
v  17.0202 -4.1782 -10.1968
v  17.5764 -2.4011 -10.1968
v  17.7970 -0.5118 -10.1969
v  16.0273 -2.2027 -5.0331
v  17.6032 1.3681 -10.1969
v  17.0443 3.1518 -10.1969
v  16.8889 3.0840 -8.4196
v  16.0532 1.1691 -5.0147
v  16.1803 4.7406 -10.1969
v  14.2151 -5.0139 -15.9868
v  15.6459 -5.4547 -13.4747
v  14.6358 -3.7009 -16.4075
v  16.0273 -2.2027 -15.3606
v  14.9287 -2.1624 -16.7003
v  15.0547 -0.5284 -16.8263
v  14.9504 1.1284 -16.7220
v  17.6032 -0.5284 -12.0925
v  14.6569 2.6726 -16.4286
v  14.2348 3.9899 -16.0065
v  15.6698 4.4318 -13.4855
v  3.4823 -3.7897 -17.4176
v  3.1554 -0.5284 -17.9520
v  8.4252 -4.1782 -18.7918
v  11.8730 -3.9596 -18.1681
v  4.9658 2.9322 -18.1911
v  13.3856 2.7618 -17.4414
v  6.7285 4.6530 -17.8249
v  15.6057 -0.5347 -9.3121
v  0.4875 -0.5347 -0.6507
v  -6.1266 -0.5347 -15.9263
v  -2.6227 7.9692 -12.6980
v  -9.9849 -0.5347 -2.4224
v  -2.5696 10.5397 12.4464
v  -0.0000 7.9921 12.9662
v  -6.0735 2.0357 9.2180
v  -3.5039 -0.5118 9.7378
v  -9.9318 2.0357 22.7220
v  -7.3622 -0.5118 23.2417
v  15.6588 2.0357 15.8322
v  18.2283 -0.5118 16.3520
v  5.7820 2.0357 5.9554
v  6.3035 -0.5347 -1.7041
v  5.5674 -3.1257 3.3858
v  -15.9503 2.0357 -0.6588
v  -15.4287 -0.5347 -8.3182
v  -16.1649 -3.1257 -3.2283
v  -12.4464 10.5397 2.5696
v  -11.9248 7.9692 -5.0899
v  -12.6610 5.3783 -0.0000
v  -19.8086 2.0357 12.8452
v  -19.2870 -0.5347 5.1857
v  -20.0232 -3.1257 10.2756
v  -9.3361 2.0357 14.6168
v  -8.8146 -0.5347 6.9574
v  -9.5508 -3.1257 12.0472
v  -2.2723 -0.5347 -1.6492
v  8.2001 -0.5347 0.1224
v  1.5859 -0.5347 -15.1532
v  23.3182 -0.5347 -8.5390
v  5.0899 7.9692 -11.9248
v  18.2283 -3.1257 16.0468
v  -3.5039 -3.1257 9.4326
v  -0.0000 5.3783 12.6610
v  -7.3622 -3.1257 22.9366
v  0.5407 2.0357 24.4936
v  3.1102 -0.5118 25.0134
v  8.4252 -0.5118 -0.8250
v  10.7087 4.1732 18.8994
v  -0.5709 1.3295 -8.3396
v  -0.1939 -0.5284 -13.8758
v  -0.7260 -2.4011 -10.1969
v  1.7126 6.0146 11.3848
v  2.0895 4.1567 5.8486
v  1.5574 2.2840 9.5276
v  12.1041 -0.5284 -18.8160
v  14.3876 4.1567 0.9084
v  5.5610 -5.4908 23.7236
v  18.2284 2.0891 -9.3121
v  -3.5039 2.0891 -15.9263
v  -7.3622 2.0891 -2.4224
v  3.1102 2.0891 -0.6507
v  0.0000 10.5931 -12.6980
v  10.7087 6.0532 0.3496
v  8.4252 1.3681 -19.3748
# 1260 vertices

vn -0.3828 -0.1887 0.9043
vn -0.1982 -0.1982 0.9599
vn -0.2033 0.0000 0.9791
vn -0.3670 -0.3670 0.8547
vn -0.3890 0.0000 0.9212
vn 0.0000 0.0000 1.0000
vn -0.1982 0.1982 0.9599
vn -0.1887 -0.3828 0.9043
vn 0.0000 -0.2033 0.9791
vn -0.6201 -0.4805 0.6201
vn -0.3492 -0.5273 0.7746
vn -0.6647 -0.3411 0.6647
vn -0.5774 -0.5774 0.5774
vn -0.4805 -0.6201 0.6201
vn -0.5509 -0.1805 0.8148
vn -0.6960 -0.1769 0.6960
vn -0.3411 -0.6647 0.6647
vn -0.5596 0.0000 0.8288
vn -0.7071 0.0000 0.7071
vn -0.1769 -0.6960 0.6960
vn -0.1805 -0.5509 0.8148
vn -0.5509 0.1805 0.8148
vn -0.6960 0.1769 0.6960
vn 0.0000 -0.7071 0.7071
vn 0.0000 -0.5596 0.8288
vn -0.5273 0.3492 0.7746
vn -0.6647 0.3411 0.6647
vn 0.1769 -0.6960 0.6960
vn 0.1805 -0.5509 0.8148
vn -0.3492 0.5273 0.7746
vn -0.6201 0.4805 0.6201
vn 0.3411 -0.6647 0.6647
vn 0.3492 -0.5273 0.7746
vn 0.1982 -0.1982 0.9599
vn 0.2033 0.0000 0.9791
vn 0.3890 0.0000 0.9212
vn 0.3828 -0.1887 0.9043
vn 0.5596 0.0000 0.8288
vn 0.5509 -0.1805 0.8148
vn 0.7071 0.0000 0.7071
vn 0.6960 -0.1769 0.6960
vn 0.5273 -0.3492 0.7746
vn 0.6647 -0.3411 0.6647
vn 0.6201 -0.4805 0.6201
vn 0.4805 -0.6201 0.6201
vn 0.5774 -0.5774 0.5774
vn 0.0000 0.2033 0.9791
vn 0.1982 0.1982 0.9599
vn 0.1887 0.3828 0.9043
vn 0.0000 0.3890 0.9212
vn 0.1769 0.6960 0.6960
vn 0.0000 0.7071 0.7071
vn 0.0000 0.5596 0.8288
vn -0.1769 0.6960 0.6960
vn -0.1805 0.5509 0.8148
vn -0.3411 0.6647 0.6647
vn -0.4805 0.6201 0.6201
vn -0.5774 0.5774 0.5774
vn 0.3411 0.6647 0.6647
vn 0.1805 0.5509 0.8148
vn 0.4805 0.6201 0.6201
vn 0.4964 0.4964 0.7122
vn 0.5774 0.5774 0.5774
vn 0.6201 0.4805 0.6201
vn 0.6647 0.3411 0.6647
vn 0.5509 0.1805 0.8148
vn 0.6960 0.1769 0.6960
vn 0.3828 0.1887 0.9043
vn -0.1972 -0.1972 -0.9603
vn 0.0000 0.0000 -1.0000
vn 0.0000 -0.2014 -0.9795
vn -0.1885 -0.3823 -0.9046
vn -0.3823 -0.1885 -0.9046
vn -0.2014 0.0000 -0.9795
vn -0.4804 -0.6199 -0.6205
vn -0.5271 -0.3496 -0.7746
vn -0.3414 -0.6646 -0.6647
vn -0.5771 -0.5771 -0.5779
vn -0.6199 -0.4804 -0.6205
vn -0.1805 -0.5507 -0.8150
vn -0.1769 -0.6961 -0.6959
vn -0.6646 -0.3414 -0.6647
vn 0.0000 -0.5594 -0.8289
vn 0.0000 -0.7072 -0.7070
vn -0.6961 -0.1769 -0.6959
vn -0.5507 -0.1805 -0.8150
vn 0.1805 -0.5507 -0.8150
vn 0.1769 -0.6961 -0.6959
vn -0.7072 0.0000 -0.7070
vn -0.5594 0.0000 -0.8289
vn 0.3496 -0.5271 -0.7746
vn 0.3414 -0.6646 -0.6647
vn -0.6961 0.1769 -0.6959
vn -0.5507 0.1805 -0.8150
vn -0.6646 0.3414 -0.6647
vn -0.5271 0.3496 -0.7746
vn -0.6199 0.4804 -0.6205
vn -0.3496 0.5271 -0.7746
vn -0.4804 0.6199 -0.6205
vn -0.5771 0.5771 -0.5779
vn -0.3414 0.6646 -0.6647
vn -0.1769 0.6961 -0.6959
vn -0.1805 0.5507 -0.8150
vn 0.0000 0.7072 -0.7070
vn 0.1769 0.6961 -0.6959
vn 0.0000 0.5594 -0.8289
vn 0.3414 0.6646 -0.6647
vn 0.1805 0.5507 -0.8150
vn -0.1972 0.1972 -0.9603
vn 0.0000 0.2014 -0.9795
vn 0.4804 0.6199 -0.6205
vn 0.4962 0.4962 -0.7124
vn 0.5771 0.5771 -0.5779
vn 0.6199 0.4804 -0.6205
vn 0.1885 0.3823 -0.9046
vn 0.1972 0.1972 -0.9603
vn 0.6646 0.3414 -0.6647
vn 0.6961 0.1769 -0.6959
vn 0.5507 0.1805 -0.8150
vn 0.3823 0.1885 -0.9046
vn 0.2014 0.0000 -0.9795
vn 0.3883 0.0000 -0.9215
vn 0.5594 0.0000 -0.8289
vn 0.7072 0.0000 -0.7070
vn 0.6199 -0.4804 -0.6205
vn 0.5771 -0.5771 -0.5779
vn 0.4804 -0.6199 -0.6205
vn 0.6646 -0.3414 -0.6647
vn 0.6961 -0.1769 -0.6959
vn 0.5271 -0.3496 -0.7746
vn 0.5507 -0.1805 -0.8150
vn 0.3823 -0.1885 -0.9046
vn 0.1972 -0.1972 -0.9603
vn -0.6201 0.6201 0.4805
vn -0.7746 0.5273 0.3492
vn -0.6647 0.6647 0.3411
vn -0.7746 0.3492 0.5273
vn -0.6950 0.6950 0.1840
vn -0.8148 0.1805 0.5509
vn -0.7071 0.7071 0.0090
vn -0.8288 0.0000 0.5596
vn -0.6962 0.6962 -0.1751
vn -0.8306 0.5568 0.0086
vn -0.8148 -0.1805 0.5509
vn -0.6646 0.6646 -0.3414
vn -0.8163 0.5490 -0.1794
vn -0.7122 -0.4964 0.4964
vn -0.6200 0.6200 -0.4809
vn -0.7125 0.4959 -0.4964
vn -0.6201 -0.6201 0.4805
vn -0.6647 -0.6647 0.3411
vn -0.6947 -0.6947 0.1867
vn -0.8290 -0.5591 0.0095
vn -0.7071 -0.7071 0.0100
vn -0.8154 -0.5501 -0.1805
vn -0.6960 -0.6960 -0.1768
vn -0.7749 0.3492 -0.5269
vn -0.8153 0.1805 -0.5502
vn -0.8292 0.0000 -0.5590
vn -0.8153 -0.1805 -0.5502
vn -0.7749 -0.3492 -0.5269
vn -0.7750 -0.5266 -0.3494
vn -0.6646 -0.6646 -0.3414
vn -0.6200 -0.6200 -0.4809
vn 0.6201 0.6201 0.4805
vn 0.5273 0.7746 0.3492
vn 0.6647 0.6647 0.3411
vn 0.3492 0.7746 0.5273
vn 0.6950 0.6950 0.1840
vn 0.1805 0.8148 0.5509
vn 0.7071 0.7071 0.0090
vn 0.0000 0.8288 0.5596
vn 0.6962 0.6962 -0.1751
vn 0.5568 0.8306 0.0086
vn -0.1805 0.8148 0.5509
vn 0.6646 0.6646 -0.3414
vn 0.5490 0.8163 -0.1794
vn -0.4964 0.7122 0.4964
vn 0.6200 0.6200 -0.4809
vn 0.4959 0.7125 -0.4964
vn -0.5488 0.8146 0.1878
vn -0.5568 0.8306 0.0086
vn -0.5490 0.8163 -0.1794
vn 0.3492 0.7749 -0.5269
vn 0.1805 0.8153 -0.5502
vn 0.0000 0.8292 -0.5590
vn -0.1805 0.8153 -0.5502
vn -0.3492 0.7749 -0.5269
vn -0.5266 0.7750 -0.3494
vn 0.8288 0.0000 0.5596
vn 0.8148 0.1805 0.5509
vn 0.9212 0.0000 0.3890
vn 0.7122 0.4964 0.4964
vn 0.9043 0.1887 0.3828
vn 0.9783 -0.0003 0.2073
vn 0.9593 0.1947 0.2044
vn 1.0000 -0.0009 0.0070
vn 0.8146 0.5488 0.1878
vn 0.9797 -0.0006 -0.2005
vn 0.9804 0.1967 0.0069
vn 0.9216 0.0000 -0.3881
vn 0.9607 0.1949 -0.1976
vn 0.8306 0.5568 0.0086
vn 0.8292 0.0000 -0.5590
vn 0.9047 0.1886 -0.3820
vn 0.8163 0.5490 -0.1794
vn 0.8153 0.1805 -0.5502
vn 0.7750 0.5266 -0.3494
vn 0.7749 0.3492 -0.5269
vn 0.6201 -0.6201 0.4805
vn 0.7746 -0.5273 0.3492
vn 0.6647 -0.6647 0.3411
vn 0.7746 -0.3492 0.5273
vn 0.6947 -0.6947 0.1867
vn 0.8148 -0.1805 0.5509
vn 0.8134 -0.5498 0.1898
vn 0.7071 -0.7071 0.0100
vn 0.9043 -0.1887 0.3828
vn 0.6960 -0.6960 -0.1768
vn 0.8290 -0.5591 0.0095
vn 0.9591 -0.1962 0.2040
vn 0.6646 -0.6646 -0.3414
vn 0.8154 -0.5501 -0.1805
vn 0.9798 -0.1998 0.0076
vn 0.6200 -0.6200 -0.4809
vn 0.7749 -0.3492 -0.5269
vn 0.9606 -0.1966 -0.1965
vn 0.9047 -0.1886 -0.3820
vn 0.8153 -0.1805 -0.5502
vn -0.5273 -0.7746 0.3492
vn -0.3492 -0.7746 0.5273
vn -0.1805 -0.8148 0.5509
vn -0.5498 -0.8134 0.1898
vn 0.0000 -0.8288 0.5596
vn -0.5591 -0.8290 0.0095
vn 0.1805 -0.8148 0.5509
vn -0.5501 -0.8154 -0.1805
vn 0.4964 -0.7122 0.4964
vn -0.4959 -0.7125 -0.4964
vn 0.5273 -0.7746 0.3492
vn 0.5591 -0.8290 0.0095
vn 0.5501 -0.8154 -0.1805
vn -0.3492 -0.7749 -0.5269
vn -0.1805 -0.8153 -0.5502
vn 0.0000 -0.8292 -0.5590
vn 0.1805 -0.8153 -0.5502
vn 0.3492 -0.7749 -0.5269
vn 0.5266 -0.7750 -0.3494
vn -0.7746 -0.5273 0.3492
vn 0.5488 0.8146 0.1878
vn -0.1887 0.3828 0.9043
vn -0.3828 0.1887 0.9043
vn 0.0000 -0.3883 -0.9215
vn -0.3883 0.0000 -0.9215
vn 0.0000 0.3883 -0.9215
vn 0.0000 -0.3890 0.9212
vn -0.3818 -0.9048 -0.1886
vn -0.1998 -0.9798 0.0076
vn -0.3883 -0.9215 0.0086
vn -0.1949 0.9607 -0.1976
vn -0.3847 0.9230 0.0076
vn -0.1967 0.9804 0.0069
vn -0.9797 -0.0006 -0.2005
vn -0.9606 -0.1966 -0.1965
vn -0.9798 -0.1998 0.0076
vn 0.0000 -0.9216 -0.3881
vn 0.1886 -0.9047 -0.3820
vn 0.1966 -0.9606 -0.1965
vn -0.9593 0.1947 0.2044
vn -0.9038 0.3803 0.1963
vn -0.9230 0.3847 0.0076
vn -0.1887 0.9043 0.3828
vn 0.0000 0.9782 0.2076
vn -0.1947 0.9593 0.2044
vn 0.0000 0.9216 -0.3881
vn 0.0000 0.9796 -0.2010
vn 0.1962 -0.9591 0.2040
vn 0.0000 -0.9783 0.2070
vn 0.0000 -1.0000 0.0073
vn 0.9230 0.3847 0.0076
vn -0.9216 0.0000 -0.3881
vn 0.9048 -0.3818 -0.1886
vn -0.3670 0.8547 0.3670
vn -0.3803 0.9038 0.1963
vn -0.9215 -0.3883 0.0086
vn -0.9047 -0.1886 -0.3820
vn 0.1887 -0.9043 0.3828
vn 0.3883 -0.9215 0.0086
vn 0.1947 0.9593 0.2044
vn 0.3847 0.9230 0.0076
vn 0.1967 0.9804 0.0069
vn 0.3663 0.8553 -0.3665
vn 0.1949 0.9607 -0.1976
vn 0.3799 0.9055 -0.1889
vn -0.9804 0.1967 0.0069
vn 0.0000 -0.9798 -0.1999
vn -0.1962 -0.9591 0.2040
vn -0.3821 -0.9029 0.1970
vn 0.3803 0.9038 0.1963
vn -0.9043 0.1887 0.3828
vn -0.8547 -0.3670 0.3670
vn -0.9591 -0.1962 0.2040
vn -0.9029 -0.3821 0.1970
vn -0.9043 -0.1887 0.3828
vn -0.9212 0.0000 0.3890
vn -0.9783 -0.0003 0.2073
vn -0.1886 0.9047 -0.3820
vn 0.9029 -0.3821 0.1970
vn 0.8553 -0.3663 -0.3665
vn -0.3669 0.3669 -0.8549
vn 0.9055 0.3799 -0.1889
vn 0.1886 0.9047 -0.3820
vn -0.1886 -0.9047 -0.3820
vn -0.3663 -0.8553 -0.3665
vn -0.1966 -0.9606 -0.1965
vn -0.9047 0.1886 -0.3820
vn -0.8553 0.3663 -0.3665
vn -0.9607 0.1949 -0.1976
vn -0.9055 0.3799 -0.1889
vn 0.3663 -0.8553 -0.3665
vn 0.3818 -0.9048 -0.1886
vn -0.8553 -0.3663 -0.3665
vn -0.9048 -0.3818 -0.1886
vn 0.0000 0.9212 0.3890
vn 0.3670 0.8547 0.3670
vn 0.3669 -0.3669 -0.8549
vn 0.8553 0.3663 -0.3665
vn 0.8547 0.3670 0.3670
vn 0.9038 0.3803 0.1963
vn -0.1887 -0.9043 0.3828
vn -0.3799 0.9055 -0.1889
vn -0.3663 0.8553 -0.3665
vn 0.9215 -0.3883 0.0086
vn 0.8547 -0.3670 0.3670
vn -0.8547 0.3670 0.3670
vn 0.3670 -0.3670 0.8547
vn 0.1887 0.9043 0.3828
vn -0.3670 -0.8547 0.3670
vn -0.3670 0.3670 0.8547
# 339 vertex normals

o Sphere__17_
g Sphere__17_
s off
f 1//1 2//2 3//3 
f 4//4 2//2 1//1 
f 1//1 3//3 5//5 
f 2//2 6//6 3//3 
f 7//7 5//5 3//3 
f 4//8 8//9 2//2 
f 2//2 8//9 6//6 
f 9//10 4//11 10//12 
f 11//13 4//11 9//10 
f 11//13 12//14 4//11 
f 10//12 5//15 13//16 
f 12//14 14//17 4//11 
f 13//16 5//18 15//19 
f 14//17 16//20 4//21 
f 5//22 17//23 15//19 
f 16//20 18//24 19//25 
f 5//26 20//27 17//23 
f 18//24 21//28 19//29 
f 22//30 23//31 20//27 
f 21//28 24//32 19//33 
f 8//9 25//34 26//35 
f 8//9 26//35 6//6 
f 25//34 27//36 26//35 
f 25//37 28//38 27//36 
f 29//39 30//40 28//38 
f 29//39 31//41 30//40 
f 29//42 32//43 31//41 
f 29//42 33//44 32//43 
f 24//32 34//45 29//42 
f 34//45 33//44 29//42 
f 34//45 35//46 33//44 
f 36//47 3//3 6//6 
f 37//48 36//47 6//6 
f 38//49 36//47 37//48 
f 39//50 7//7 36//47 
f 36//47 7//7 3//3 
f 40//51 41//52 39//53 
f 41//52 42//54 39//55 
f 42//54 43//56 22//30 
f 43//56 44//57 22//30 
f 44//57 23//31 22//30 
f 44//57 45//58 23//31 
f 46//59 40//51 39//60 
f 47//61 46//59 38//62 
f 48//63 47//61 38//62 
f 48//63 38//62 49//64 
f 49//64 38//62 50//65 
f 50//65 38//66 51//67 
f 38//68 37//48 26//35 
f 37//48 6//6 26//35 
f 38//68 26//35 27//36 
f 38//66 27//36 28//38 
f 51//67 38//66 28//38 
f 51//67 28//38 30//40 
f 52//69 53//70 54//71 
f 55//72 52//69 54//71 
f 55//73 56//74 52//69 
f 52//69 56//74 53//70 
f 57//75 55//76 58//77 
f 59//78 55//76 57//75 
f 59//78 60//79 55//76 
f 58//77 61//80 62//81 
f 60//79 63//82 55//76 
f 62//81 64//83 65//84 
f 63//82 66//85 55//86 
f 64//87 67//88 65//84 
f 66//85 68//89 69//90 
f 70//91 71//92 67//88 
f 68//89 72//93 69//94 
f 72//93 73//95 69//96 
f 73//95 74//97 75//98 
f 74//97 76//99 75//98 
f 74//97 77//100 76//99 
f 75//98 76//99 78//101 
f 75//98 78//101 79//102 
f 80//103 79//102 81//104 
f 82//105 80//106 81//104 
f 83//107 80//108 82//105 
f 56//74 84//109 85//110 
f 56//74 85//110 53//70 
f 86//111 87//112 83//107 
f 88//113 87//112 86//111 
f 88//113 89//114 87//112 
f 87//115 90//116 85//110 
f 90//116 53//70 85//110 
f 89//114 91//117 87//112 
f 91//117 92//118 87//119 
f 87//120 93//121 90//116 
f 90//116 93//121 53//70 
f 87//120 94//122 93//121 
f 87//119 95//123 94//122 
f 92//118 95//123 87//119 
f 92//118 96//124 95//123 
f 97//125 98//126 99//127 
f 97//125 99//127 70//91 
f 70//91 99//127 71//92 
f 100//128 97//125 70//91 
f 101//129 100//128 70//130 
f 96//124 101//129 70//131 
f 96//124 70//131 95//123 
f 95//123 61//132 94//122 
f 94//122 61//133 93//121 
f 93//121 61//133 54//71 
f 93//121 54//71 53//70 
f 23//31 45//58 102//134 
f 23//31 102//134 103//135 
f 20//27 23//31 103//135 
f 103//135 102//134 104//136 
f 17//23 20//27 105//137 
f 103//135 104//136 106//138 
f 15//19 17//23 105//139 
f 103//135 106//138 107//140 
f 13//16 15//19 108//141 
f 109//142 110//143 107//140 
f 10//12 13//16 108//144 
f 111//145 110//146 109//142 
f 9//10 10//12 112//147 
f 113//148 114//149 111//145 
f 11//13 9//10 112//147 
f 11//13 112//147 115//150 
f 115//150 112//147 116//151 
f 116//151 112//147 117//152 
f 117//152 118//153 119//154 
f 118//155 120//156 119//154 
f 77//100 114//149 113//148 
f 77//100 74//97 114//149 
f 74//97 73//95 121//157 
f 73//95 72//93 121//158 
f 72//93 68//89 121//159 
f 68//89 66//85 122//160 
f 66//85 63//82 122//161 
f 118//162 123//163 120//156 
f 63//82 60//79 118//162 
f 118//162 124//164 123//163 
f 60//79 124//164 118//162 
f 60//79 59//78 124//164 
f 47//61 48//63 125//165 
f 47//61 125//165 126//166 
f 46//59 47//61 126//166 
f 126//166 125//165 127//167 
f 40//51 46//59 128//168 
f 126//166 127//167 129//169 
f 41//52 40//51 128//170 
f 126//166 129//169 130//171 
f 42//54 41//52 131//172 
f 132//173 133//174 130//171 
f 43//56 42//54 131//175 
f 134//176 133//177 132//173 
f 44//57 43//56 135//178 
f 136//179 137//180 134//176 
f 45//58 44//57 135//178 
f 45//58 135//178 102//134 
f 102//134 138//181 104//136 
f 104//136 138//181 106//138 
f 106//138 139//182 107//140 
f 139//183 109//142 107//140 
f 88//113 137//180 136//179 
f 88//113 86//111 137//180 
f 86//111 83//107 140//184 
f 83//107 82//105 140//185 
f 82//105 81//104 140//186 
f 81//104 79//102 141//187 
f 79//102 78//101 141//188 
f 139//189 111//145 109//142 
f 78//101 76//99 139//189 
f 139//189 113//148 111//145 
f 76//99 113//148 139//189 
f 76//99 77//100 113//148 
f 51//67 30//40 142//190 
f 51//67 142//190 143//191 
f 50//65 51//67 143//191 
f 143//191 142//190 144//192 
f 49//64 50//65 143//193 
f 143//194 144//192 145//195 
f 48//63 49//64 143//193 
f 48//63 143//193 125//165 
f 146//196 145//195 147//197 
f 125//165 148//198 127//167 
f 149//199 146//200 147//197 
f 127//167 148//198 129//169 
f 150//201 151//202 149//199 
f 129//169 152//203 130//171 
f 153//204 151//205 150//201 
f 152//206 132//173 130//171 
f 96//124 154//207 153//204 
f 96//124 92//118 154//207 
f 152//208 134//176 132//173 
f 92//118 91//117 154//209 
f 154//209 136//179 134//176 
f 91//117 89//114 154//209 
f 89//114 136//179 154//209 
f 89//114 88//113 136//179 
f 33//44 35//46 155//210 
f 33//44 155//210 156//211 
f 32//43 33//44 156//211 
f 156//211 155//210 157//212 
f 31//41 32//43 158//213 
f 156//211 157//212 159//214 
f 30//40 31//41 158//215 
f 30//40 158//215 142//190 
f 160//216 159//214 161//217 
f 142//190 158//218 144//192 
f 162//219 160//220 161//217 
f 144//192 163//221 145//195 
f 164//222 160//223 162//219 
f 145//195 163//224 147//197 
f 165//225 166//226 164//222 
f 163//227 149//199 147//197 
f 98//126 166//226 165//225 
f 98//126 97//125 166//226 
f 166//228 150//201 149//199 
f 97//125 100//128 166//226 
f 166//229 153//204 150//201 
f 100//128 101//129 166//229 
f 101//129 153//204 166//229 
f 101//129 96//124 153//204 
f 12//14 11//13 115//150 
f 12//14 115//150 167//230 
f 14//17 12//14 167//230 
f 167//230 115//150 116//151 
f 16//20 14//17 168//231 
f 167//230 116//151 117//152 
f 18//24 16//20 168//232 
f 169//233 117//152 119//154 
f 21//28 18//24 170//234 
f 120//156 169//235 119//154 
f 24//32 21//28 170//236 
f 123//163 169//237 120//156 
f 34//45 24//32 171//238 
f 124//164 172//239 123//163 
f 35//46 34//45 171//238 
f 35//46 171//238 155//210 
f 155//210 171//240 157//212 
f 157//212 171//240 159//214 
f 159//214 173//241 161//217 
f 173//242 162//219 161//217 
f 59//78 172//239 124//164 
f 59//78 57//75 172//239 
f 57//75 58//77 174//243 
f 58//77 62//81 174//244 
f 62//81 65//84 174//245 
f 65//84 67//88 175//246 
f 67//88 71//92 175//247 
f 173//248 164//222 162//219 
f 71//92 99//127 173//248 
f 173//248 165//225 164//222 
f 99//127 165//225 173//248 
f 99//127 98//126 165//225 
f 176//1 177//2 178//3 
f 179//4 177//2 176//1 
f 176//1 178//3 180//5 
f 177//2 181//6 178//3 
f 182//7 180//5 178//3 
f 179//8 183//9 177//2 
f 177//2 183//9 181//6 
f 184//10 179//11 185//12 
f 186//13 179//11 184//10 
f 186//13 187//14 179//11 
f 185//12 180//15 188//16 
f 187//14 189//17 179//11 
f 188//16 180//18 190//19 
f 189//17 191//20 179//21 
f 192//22 193//23 190//19 
f 191//20 194//24 195//25 
f 192//26 196//27 193//23 
f 194//24 197//28 195//29 
f 198//30 199//31 196//27 
f 197//28 200//32 195//33 
f 183//9 201//34 202//35 
f 183//9 202//35 181//6 
f 201//34 203//36 202//35 
f 201//37 204//38 203//36 
f 205//39 206//40 204//38 
f 205//39 207//41 206//40 
f 205//42 208//43 207//41 
f 205//42 209//44 208//43 
f 200//32 210//45 205//42 
f 210//45 209//44 205//42 
f 210//45 211//46 209//44 
f 212//47 178//3 181//6 
f 213//48 212//47 181//6 
f 214//49 212//47 213//48 
f 215//50 182//7 212//47 
f 212//47 182//7 178//3 
f 216//51 217//52 215//53 
f 217//52 218//54 215//55 
f 218//54 219//56 198//30 
f 219//56 220//57 198//30 
f 220//57 199//31 198//30 
f 220//57 221//58 199//31 
f 222//59 216//51 215//60 
f 223//61 222//59 214//62 
f 224//63 223//61 214//62 
f 224//63 214//62 225//64 
f 225//64 214//62 226//65 
f 226//65 214//66 227//67 
f 214//68 213//48 202//35 
f 213//48 181//6 202//35 
f 214//68 202//35 203//36 
f 214//66 203//36 204//38 
f 227//67 214//66 204//38 
f 227//67 204//38 206//40 
f 228//69 229//70 230//71 
f 231//72 228//69 230//71 
f 231//73 232//74 228//69 
f 228//69 232//74 229//70 
f 233//75 231//76 234//77 
f 235//78 231//76 233//75 
f 235//78 236//79 231//76 
f 234//77 237//80 238//81 
f 236//79 239//82 231//76 
f 238//81 237//83 240//84 
f 239//82 241//85 231//86 
f 237//87 242//88 240//84 
f 241//85 243//89 244//90 
f 237//91 245//92 242//88 
f 243//89 246//93 244//94 
f 246//93 247//95 244//96 
f 247//95 248//97 249//98 
f 248//97 250//99 249//98 
f 248//97 251//100 250//99 
f 249//98 250//99 252//101 
f 249//98 252//101 253//102 
f 254//103 253//102 255//104 
f 256//105 254//106 255//104 
f 257//107 254//108 256//105 
f 232//74 258//109 259//110 
f 232//74 259//110 229//70 
f 260//111 261//112 257//107 
f 262//113 261//112 260//111 
f 262//113 263//114 261//112 
f 261//115 264//116 259//110 
f 264//116 229//70 259//110 
f 263//114 265//117 261//112 
f 265//117 266//118 261//119 
f 261//120 267//121 264//116 
f 264//116 267//121 229//70 
f 261//120 268//122 267//121 
f 261//119 269//123 268//122 
f 266//118 269//123 261//119 
f 266//118 270//124 269//123 
f 271//125 272//126 273//127 
f 271//125 273//127 274//130 
f 274//130 273//127 245//92 
f 275//128 271//125 274//130 
f 276//129 275//128 274//130 
f 270//124 276//129 274//131 
f 270//124 274//131 269//123 
f 269//123 274//132 268//122 
f 268//122 277//133 267//121 
f 267//121 277//133 230//71 
f 267//121 230//71 229//70 
f 199//31 221//58 278//134 
f 199//31 278//134 279//135 
f 196//27 199//31 279//135 
f 279//135 278//134 280//136 
f 193//23 196//27 281//137 
f 279//135 280//136 282//138 
f 190//19 193//23 281//139 
f 279//135 282//138 283//140 
f 188//16 190//19 284//141 
f 285//142 286//143 283//140 
f 185//12 188//16 284//144 
f 287//145 286//146 285//142 
f 184//10 185//12 288//147 
f 289//148 290//149 287//145 
f 186//13 184//10 288//147 
f 186//13 288//147 291//150 
f 291//150 288//249 292//151 
f 292//151 288//249 293//152 
f 293//152 294//153 295//154 
f 294//155 296//156 295//154 
f 251//100 290//149 289//148 
f 251//100 248//97 290//149 
f 248//97 247//95 297//157 
f 247//95 246//93 297//158 
f 246//93 243//89 297//159 
f 243//89 241//85 298//160 
f 241//85 239//82 298//161 
f 294//162 299//163 296//156 
f 239//82 236//79 294//162 
f 294//162 300//164 299//163 
f 236//79 300//164 294//162 
f 236//79 235//78 300//164 
f 223//61 224//63 301//165 
f 223//61 301//165 302//166 
f 222//59 223//61 302//166 
f 302//166 301//165 303//167 
f 216//51 222//59 304//168 
f 302//166 303//167 305//169 
f 217//52 216//51 304//170 
f 302//166 305//169 306//171 
f 218//54 217//52 307//172 
f 308//173 309//174 306//171 
f 219//56 218//54 307//175 
f 310//176 309//177 308//173 
f 220//57 219//56 311//178 
f 312//179 313//180 310//176 
f 221//58 220//57 311//178 
f 221//58 311//178 278//134 
f 278//134 314//181 280//136 
f 280//136 314//181 282//138 
f 282//138 315//182 283//140 
f 315//183 285//142 283//140 
f 262//113 313//180 312//179 
f 262//113 260//111 313//180 
f 260//111 257//107 316//184 
f 257//107 256//105 316//185 
f 256//105 255//104 316//186 
f 255//104 253//102 317//187 
f 253//102 252//101 317//188 
f 315//189 287//145 285//142 
f 252//101 250//99 315//189 
f 315//189 289//148 287//145 
f 250//99 289//148 315//189 
f 250//99 251//100 289//148 
f 227//67 206//40 318//190 
f 227//67 318//190 319//191 
f 226//65 227//67 319//191 
f 319//191 318//190 320//192 
f 225//64 226//65 319//193 
f 319//194 320//192 321//195 
f 224//63 225//64 319//193 
f 224//63 319//193 301//165 
f 322//196 321//195 323//197 
f 301//165 324//198 303//167 
f 325//199 322//200 323//197 
f 303//167 324//198 305//169 
f 326//201 327//202 325//199 
f 305//169 328//203 306//171 
f 329//204 327//205 326//201 
f 328//206 308//173 306//171 
f 270//124 330//207 329//204 
f 270//124 266//118 330//207 
f 328//208 310//176 308//173 
f 266//118 265//117 330//209 
f 330//209 312//179 310//176 
f 265//117 263//114 330//209 
f 263//114 312//179 330//209 
f 263//114 262//113 312//179 
f 209//44 211//46 331//210 
f 209//44 331//210 332//211 
f 208//43 209//44 332//211 
f 332//211 331//210 333//212 
f 207//41 208//43 332//213 
f 332//211 333//212 334//214 
f 206//40 207//41 332//215 
f 206//40 332//215 318//190 
f 335//216 334//214 336//217 
f 318//190 337//218 320//192 
f 338//219 335//220 336//217 
f 320//192 337//221 321//195 
f 339//222 335//223 338//219 
f 321//195 340//224 323//197 
f 341//225 342//226 339//222 
f 340//227 325//199 323//197 
f 272//126 342//226 341//225 
f 272//126 271//125 342//226 
f 342//228 326//201 325//199 
f 271//125 275//128 342//226 
f 342//229 329//204 326//201 
f 275//128 276//129 342//229 
f 276//129 329//204 342//229 
f 276//129 270//124 329//204 
f 187//14 186//13 291//150 
f 187//14 291//150 343//230 
f 189//17 187//14 343//230 
f 343//230 291//150 292//151 
f 191//20 189//17 344//231 
f 343//230 292//151 293//152 
f 194//24 191//20 344//232 
f 345//233 293//152 295//154 
f 197//28 194//24 346//234 
f 296//156 345//235 295//154 
f 200//32 197//28 346//236 
f 299//163 345//237 296//156 
f 210//45 200//32 347//238 
f 300//164 348//239 299//163 
f 211//46 210//45 347//238 
f 211//46 347//238 331//210 
f 331//210 347//240 333//212 
f 333//212 347//240 334//214 
f 334//214 349//241 336//217 
f 349//242 338//219 336//217 
f 235//78 348//239 300//164 
f 235//78 233//75 348//239 
f 233//75 234//77 350//243 
f 234//77 238//81 350//244 
f 238//81 240//84 350//245 
f 240//84 242//88 351//246 
f 242//88 245//92 351//247 
f 349//248 339//222 338//219 
f 245//92 273//127 349//248 
f 349//248 341//225 339//222 
f 273//127 341//225 349//248 
f 273//127 272//126 341//225 
f 352//1 353//2 354//3 
f 355//4 353//2 352//1 
f 352//1 354//3 356//5 
f 353//2 357//6 354//3 
f 358//7 356//5 354//3 
f 355//8 359//9 353//2 
f 353//2 359//9 357//6 
f 360//10 355//11 361//12 
f 362//13 355//11 360//10 
f 362//13 363//14 355//11 
f 361//12 356//15 364//16 
f 363//14 365//17 355//11 
f 364//16 356//18 366//19 
f 365//17 367//20 355//21 
f 356//22 368//23 366//19 
f 367//20 369//24 370//25 
f 356//26 371//27 368//23 
f 369//24 372//28 370//29 
f 373//30 374//31 371//27 
f 372//28 375//32 370//33 
f 359//9 376//34 377//35 
f 359//9 377//35 357//6 
f 376//34 378//36 377//35 
f 376//37 379//38 378//36 
f 380//39 381//40 379//38 
f 380//39 382//41 381//40 
f 380//42 383//43 382//41 
f 380//42 384//44 383//43 
f 375//32 385//45 380//42 
f 385//45 384//44 380//42 
f 385//45 386//46 384//44 
f 387//47 354//3 357//6 
f 388//48 387//47 357//6 
f 389//49 387//47 388//48 
f 390//50 358//7 387//47 
f 387//47 358//7 354//3 
f 391//51 392//52 390//53 
f 392//52 393//54 390//55 
f 393//54 394//56 373//30 
f 394//56 395//57 373//30 
f 395//57 374//31 373//30 
f 395//57 396//58 374//31 
f 397//59 391//51 390//60 
f 398//61 397//59 389//62 
f 399//63 398//61 389//62 
f 399//63 389//62 400//64 
f 400//64 389//62 401//65 
f 401//65 389//66 402//67 
f 389//68 388//48 377//35 
f 388//48 357//6 377//35 
f 389//68 377//35 378//36 
f 389//66 378//36 379//38 
f 402//67 389//66 379//38 
f 402//67 379//38 381//40 
f 403//69 404//70 405//71 
f 406//72 403//69 405//71 
f 406//73 407//74 403//69 
f 403//69 407//74 404//70 
f 408//75 406//76 409//77 
f 410//78 406//76 408//75 
f 410//78 411//79 406//76 
f 409//77 412//80 413//81 
f 411//79 414//82 406//76 
f 413//81 415//83 416//84 
f 414//82 417//85 406//86 
f 415//87 418//88 416//84 
f 417//85 419//89 420//90 
f 421//91 422//92 418//88 
f 419//89 423//93 420//94 
f 423//93 424//95 420//96 
f 424//95 425//97 426//98 
f 425//97 427//99 426//98 
f 425//97 428//100 427//99 
f 426//98 427//99 429//101 
f 426//98 429//101 430//102 
f 431//103 430//102 432//104 
f 433//105 431//106 432//104 
f 434//107 431//108 433//105 
f 407//74 435//109 436//110 
f 407//74 436//110 404//70 
f 437//111 438//112 434//107 
f 439//113 438//112 437//111 
f 439//113 440//114 438//112 
f 438//115 441//116 436//110 
f 441//116 404//70 436//110 
f 440//114 442//117 438//112 
f 442//117 443//118 438//119 
f 438//120 444//121 441//116 
f 441//116 444//121 404//70 
f 438//120 445//122 444//121 
f 438//119 446//123 445//122 
f 443//118 446//123 438//119 
f 443//118 447//124 446//123 
f 448//125 449//126 450//127 
f 448//125 450//127 421//91 
f 421//91 450//127 422//92 
f 451//128 448//125 421//91 
f 452//129 451//128 421//130 
f 447//124 452//129 421//131 
f 447//124 421//131 446//123 
f 446//123 412//132 445//122 
f 445//122 412//133 444//121 
f 444//121 412//133 405//71 
f 444//121 405//71 404//70 
f 374//31 396//58 453//134 
f 374//31 453//134 454//135 
f 371//27 374//31 454//135 
f 454//135 453//134 455//136 
f 368//23 371//27 456//137 
f 454//135 455//136 457//138 
f 366//19 368//23 456//139 
f 454//135 457//138 458//140 
f 364//16 366//19 459//141 
f 460//142 461//143 458//140 
f 361//12 364//16 459//144 
f 462//145 461//146 460//142 
f 360//10 361//12 463//147 
f 464//148 465//149 462//145 
f 362//13 360//10 463//147 
f 362//13 463//147 466//150 
f 466//150 463//249 467//151 
f 467//151 463//249 468//152 
f 468//152 469//153 470//154 
f 469//155 471//156 470//154 
f 428//100 465//149 464//148 
f 428//100 425//97 465//149 
f 425//97 424//95 472//157 
f 424//95 423//93 472//158 
f 423//93 419//89 472//159 
f 419//89 417//85 473//160 
f 417//85 414//82 473//161 
f 469//162 474//163 471//156 
f 414//82 411//79 469//162 
f 469//162 475//164 474//163 
f 411//79 475//164 469//162 
f 411//79 410//78 475//164 
f 398//61 399//63 476//165 
f 398//61 476//165 477//168 
f 397//59 398//61 477//168 
f 477//168 476//165 478//167 
f 391//51 397//59 477//168 
f 477//250 478//167 479//169 
f 392//52 391//51 480//170 
f 477//250 479//169 481//171 
f 393//54 392//52 480//172 
f 482//173 483//174 481//171 
f 394//56 393//54 480//175 
f 484//176 483//177 482//173 
f 395//57 394//56 485//178 
f 486//179 487//180 484//176 
f 396//58 395//57 485//178 
f 396//58 485//178 453//134 
f 453//134 488//181 455//136 
f 455//136 488//181 457//138 
f 457//138 489//182 458//140 
f 489//183 460//142 458//140 
f 439//113 487//180 486//179 
f 439//113 437//111 487//180 
f 437//111 434//107 490//184 
f 434//107 433//105 490//185 
f 433//105 432//104 490//186 
f 432//104 430//102 491//187 
f 430//102 429//101 491//188 
f 489//189 462//145 460//142 
f 429//101 427//99 489//189 
f 489//189 464//148 462//145 
f 427//99 464//148 489//189 
f 427//99 428//100 464//148 
f 402//67 381//40 492//190 
f 402//67 492//190 493//191 
f 401//65 402//67 493//191 
f 493//191 492//190 494//192 
f 400//64 401//65 493//193 
f 493//194 494//192 495//195 
f 399//63 400//64 493//193 
f 399//63 493//193 476//165 
f 496//196 495//195 497//197 
f 476//165 498//198 478//167 
f 499//199 496//200 497//197 
f 478//167 498//198 479//169 
f 500//201 501//202 499//199 
f 479//169 502//203 481//171 
f 503//204 501//205 500//201 
f 502//206 482//173 481//171 
f 447//124 504//207 503//204 
f 447//124 443//118 504//207 
f 502//208 484//176 482//173 
f 443//118 442//117 504//209 
f 504//209 486//179 484//176 
f 442//117 440//114 504//209 
f 440//114 486//179 504//209 
f 440//114 439//113 486//179 
f 384//44 386//46 505//210 
f 384//44 505//210 506//213 
f 383//43 384//44 506//213 
f 506//213 505//210 507//212 
f 382//41 383//43 506//213 
f 508//216 507//212 509//214 
f 381//40 382//41 506//215 
f 381//40 506//215 492//190 
f 508//216 509//214 510//217 
f 492//190 506//218 494//192 
f 511//219 512//220 510//217 
f 494//192 513//221 495//195 
f 514//222 512//223 511//219 
f 495//195 513//224 497//197 
f 515//225 516//226 514//222 
f 513//227 499//199 497//197 
f 449//126 516//226 515//225 
f 449//126 448//125 516//226 
f 516//228 500//201 499//199 
f 448//125 451//128 516//226 
f 516//229 503//204 500//201 
f 451//128 452//129 516//229 
f 452//129 503//204 516//229 
f 452//129 447//124 503//204 
f 363//14 362//13 466//150 
f 363//14 466//150 517//230 
f 365//17 363//14 517//230 
f 517//230 466//150 467//151 
f 367//20 365//17 518//231 
f 517//230 467//151 468//152 
f 369//24 367//20 518//232 
f 519//233 468//152 470//154 
f 372//28 369//24 520//234 
f 471//156 519//235 470//154 
f 375//32 372//28 520//236 
f 474//163 519//237 471//156 
f 385//45 375//32 521//238 
f 475//164 522//239 474//163 
f 386//46 385//45 521//238 
f 386//46 521//238 505//210 
f 505//210 521//240 507//212 
f 507//212 521//240 509//214 
f 509//214 523//241 510//217 
f 523//242 511//219 510//217 
f 410//78 522//239 475//164 
f 410//78 408//75 522//239 
f 408//75 409//77 524//243 
f 409//77 413//81 524//244 
f 413//81 416//84 524//245 
f 416//84 418//88 525//246 
f 418//88 422//92 525//247 
f 523//248 514//222 511//219 
f 422//92 450//127 523//248 
f 523//248 515//225 514//222 
f 450//127 515//225 523//248 
f 450//127 449//126 515//225 
f 526//1 527//2 528//3 
f 529//4 527//2 526//1 
f 526//1 528//3 530//5 
f 527//2 531//6 528//3 
f 532//7 530//5 528//3 
f 529//8 533//9 527//2 
f 527//2 533//9 531//6 
f 534//10 529//11 535//12 
f 536//13 529//11 534//10 
f 536//13 537//14 529//11 
f 535//12 530//15 538//16 
f 537//14 539//17 529//11 
f 538//16 530//18 540//19 
f 539//17 541//20 529//21 
f 530//22 542//23 540//19 
f 541//20 543//24 544//25 
f 530//26 545//27 542//23 
f 543//24 546//28 544//29 
f 547//30 548//31 545//27 
f 546//28 549//32 544//33 
f 533//9 544//34 550//35 
f 533//9 550//35 531//6 
f 544//34 551//36 550//35 
f 544//37 552//38 551//36 
f 553//39 554//40 552//38 
f 553//39 555//41 554//40 
f 553//42 556//43 555//41 
f 553//42 557//44 556//43 
f 549//32 558//45 553//42 
f 558//45 557//44 553//42 
f 558//45 559//46 557//44 
f 560//47 528//3 531//6 
f 561//48 560//47 531//6 
f 562//49 560//47 561//48 
f 563//50 532//7 560//47 
f 560//47 532//7 528//3 
f 564//51 565//52 563//53 
f 565//52 566//54 563//55 
f 566//54 567//56 547//30 
f 567//56 568//57 547//30 
f 568//57 548//31 547//30 
f 568//57 569//58 548//31 
f 570//59 564//51 563//60 
f 571//61 570//59 562//62 
f 572//63 571//61 562//62 
f 572//63 562//62 573//64 
f 573//64 562//62 574//65 
f 574//65 562//66 575//67 
f 562//68 561//48 550//35 
f 561//48 531//6 550//35 
f 562//68 550//35 551//36 
f 562//66 551//36 552//38 
f 575//67 562//66 552//38 
f 575//67 552//38 554//40 
f 576//69 577//70 578//71 
f 579//72 576//69 578//71 
f 579//73 580//74 576//69 
f 576//69 580//74 577//70 
f 581//75 579//76 582//77 
f 583//78 579//76 581//75 
f 583//78 584//79 579//76 
f 582//77 585//80 586//81 
f 584//79 587//82 579//76 
f 586//81 585//83 588//84 
f 587//82 589//85 579//86 
f 585//87 590//88 588//84 
f 589//85 591//89 592//90 
f 585//91 593//92 590//88 
f 591//89 594//93 592//94 
f 594//93 595//95 592//96 
f 595//95 596//97 592//98 
f 596//97 597//99 592//98 
f 596//97 598//100 597//99 
f 592//98 597//99 599//101 
f 592//98 599//101 600//102 
f 601//103 600//102 602//104 
f 603//105 601//106 602//104 
f 604//107 601//108 603//105 
f 580//74 605//109 606//110 
f 580//74 606//110 577//70 
f 607//111 608//112 604//107 
f 609//113 608//112 607//111 
f 609//113 610//114 608//112 
f 608//115 611//116 606//110 
f 611//116 577//70 606//110 
f 610//114 612//117 608//112 
f 612//117 613//118 608//119 
f 608//120 614//121 611//116 
f 611//116 614//121 577//70 
f 608//120 615//122 614//121 
f 608//119 616//123 615//122 
f 613//118 616//123 608//119 
f 613//118 617//124 616//123 
f 618//125 619//126 620//127 
f 618//125 620//127 621//130 
f 621//130 620//127 593//92 
f 622//128 618//125 621//130 
f 623//129 622//128 621//130 
f 617//124 623//129 621//131 
f 617//124 621//131 616//123 
f 616//123 621//132 615//122 
f 615//122 585//133 614//121 
f 614//121 585//133 578//71 
f 614//121 578//71 577//70 
f 548//31 569//58 624//134 
f 548//31 624//134 625//135 
f 545//27 548//31 625//135 
f 625//135 624//134 626//136 
f 542//23 545//27 627//137 
f 625//135 626//136 628//138 
f 540//19 542//23 627//139 
f 625//135 628//138 629//140 
f 538//16 540//19 627//141 
f 630//142 631//143 629//140 
f 535//12 538//16 627//144 
f 632//145 631//146 630//142 
f 534//10 535//12 633//147 
f 634//148 635//149 632//145 
f 536//13 534//10 633//147 
f 536//13 633//147 636//150 
f 636//150 633//147 637//151 
f 637//151 633//147 638//152 
f 638//152 639//153 640//154 
f 639//155 641//156 640//154 
f 598//100 635//149 634//148 
f 598//100 596//97 635//149 
f 596//97 595//95 642//157 
f 595//95 594//93 642//158 
f 594//93 591//89 642//159 
f 591//89 589//85 639//160 
f 589//85 587//82 639//161 
f 639//162 643//163 641//156 
f 587//82 584//79 639//162 
f 639//162 644//164 643//163 
f 584//79 644//164 639//162 
f 584//79 583//78 644//164 
f 571//61 572//63 645//165 
f 571//61 645//165 646//166 
f 570//59 571//61 646//166 
f 646//166 645//165 647//167 
f 564//51 570//59 648//168 
f 646//166 647//167 649//169 
f 565//52 564//51 648//170 
f 646//166 649//169 650//171 
f 566//54 565//52 651//172 
f 652//173 653//174 650//171 
f 567//56 566//54 651//175 
f 654//176 653//177 652//173 
f 568//57 567//56 651//178 
f 655//179 656//180 654//176 
f 569//58 568//57 651//178 
f 569//58 651//178 624//134 
f 624//134 657//181 626//136 
f 626//136 657//181 628//138 
f 628//138 658//182 629//140 
f 658//183 630//142 629//140 
f 609//113 656//180 655//179 
f 609//113 607//111 656//180 
f 607//111 604//107 659//184 
f 604//107 603//105 659//185 
f 603//105 602//104 659//186 
f 602//104 600//102 660//187 
f 600//102 599//101 660//188 
f 658//189 632//145 630//142 
f 599//101 597//99 658//189 
f 658//189 634//148 632//145 
f 597//99 634//148 658//189 
f 597//99 598//100 634//148 
f 575//67 554//40 661//190 
f 575//67 661//190 662//191 
f 574//65 575//67 662//191 
f 662//191 661//190 663//192 
f 573//64 574//65 662//193 
f 662//194 663//192 664//195 
f 572//63 573//64 662//193 
f 572//63 662//193 645//165 
f 662//196 664//195 665//197 
f 645//165 666//198 647//167 
f 667//199 662//200 665//197 
f 647//167 666//198 649//169 
f 668//201 669//202 667//199 
f 649//169 670//203 650//171 
f 671//204 669//205 668//201 
f 670//206 652//173 650//171 
f 617//124 669//207 671//204 
f 617//124 613//118 669//207 
f 670//208 654//176 652//173 
f 613//118 612//117 669//209 
f 669//209 655//179 654//176 
f 612//117 610//114 669//209 
f 610//114 655//179 669//209 
f 610//114 609//113 655//179 
f 557//44 559//46 672//210 
f 557//44 672//210 673//211 
f 556//43 557//44 673//211 
f 673//211 672//210 674//212 
f 555//41 556//43 673//213 
f 673//211 674//212 675//214 
f 554//40 555//41 673//215 
f 554//40 673//215 661//190 
f 676//216 675//214 677//217 
f 661//190 673//218 663//192 
f 678//219 676//220 677//217 
f 663//192 679//221 664//195 
f 680//222 676//223 678//219 
f 664//195 679//224 665//197 
f 681//225 682//226 680//222 
f 679//227 667//199 665//197 
f 619//126 682//226 681//225 
f 619//126 618//125 682//226 
f 682//228 668//201 667//199 
f 618//125 622//128 682//226 
f 682//229 671//204 668//201 
f 622//128 623//129 682//229 
f 623//129 671//204 682//229 
f 623//129 617//124 671//204 
f 537//14 536//13 636//150 
f 537//14 636//150 683//230 
f 539//17 537//14 683//230 
f 683//230 636//150 637//151 
f 541//20 539//17 683//231 
f 683//230 637//151 638//152 
f 543//24 541//20 683//232 
f 684//233 638//152 640//154 
f 546//28 543//24 685//234 
f 641//156 684//235 640//154 
f 549//32 546//28 685//236 
f 643//163 684//237 641//156 
f 558//45 549//32 686//238 
f 644//164 687//239 643//163 
f 559//46 558//45 686//238 
f 559//46 686//238 672//210 
f 672//210 686//240 674//212 
f 674//212 686//240 675//214 
f 675//214 688//241 677//217 
f 688//242 678//219 677//217 
f 583//78 687//239 644//164 
f 583//78 581//75 687//239 
f 581//75 582//77 689//243 
f 582//77 586//81 689//244 
f 586//81 588//84 689//245 
f 588//84 590//88 688//246 
f 590//88 593//92 688//247 
f 688//248 680//222 678//219 
f 593//92 620//127 688//248 
f 688//248 681//225 680//222 
f 620//127 681//225 688//248 
f 620//127 619//126 681//225 
f 690//1 691//2 692//3 
f 693//4 691//2 690//1 
f 690//1 692//3 694//5 
f 691//2 695//6 692//3 
f 696//7 694//5 692//3 
f 693//8 697//9 691//2 
f 691//2 697//9 695//6 
f 698//10 693//11 699//12 
f 700//13 693//11 698//10 
f 700//13 701//14 693//11 
f 699//12 694//15 702//16 
f 701//14 703//17 693//11 
f 702//16 694//18 704//19 
f 703//17 705//20 693//21 
f 694//22 706//23 704//19 
f 705//20 707//24 708//25 
f 694//26 709//27 706//23 
f 707//24 710//28 708//29 
f 711//30 712//31 709//27 
f 710//28 713//32 708//33 
f 697//9 714//34 715//35 
f 697//9 715//35 695//6 
f 714//34 716//36 715//35 
f 714//37 717//38 716//36 
f 718//39 719//40 717//38 
f 718//39 720//41 719//40 
f 718//42 721//43 720//41 
f 718//42 722//44 721//43 
f 713//32 723//45 718//42 
f 723//45 722//44 718//42 
f 723//45 724//46 722//44 
f 725//47 692//3 695//6 
f 726//48 725//47 695//6 
f 727//49 725//47 726//48 
f 728//50 696//7 725//47 
f 725//47 696//7 692//3 
f 729//51 730//52 728//53 
f 730//52 731//54 728//55 
f 731//54 732//56 711//30 
f 732//56 733//57 711//30 
f 733//57 712//31 711//30 
f 733//57 734//58 712//31 
f 735//59 729//51 728//60 
f 736//61 735//59 727//62 
f 737//63 736//61 727//62 
f 737//63 727//62 738//64 
f 738//64 727//62 739//65 
f 739//65 727//66 740//67 
f 727//68 726//48 715//35 
f 726//48 695//6 715//35 
f 727//68 715//35 716//36 
f 727//66 716//36 717//38 
f 740//67 727//66 717//38 
f 740//67 717//38 719//40 
f 741//69 742//70 743//71 
f 744//72 741//69 743//71 
f 744//73 745//74 741//69 
f 741//69 745//74 742//70 
f 746//75 744//76 747//77 
f 748//78 744//76 746//75 
f 748//78 749//79 744//76 
f 747//77 750//80 751//81 
f 749//79 752//82 744//76 
f 751//81 750//83 753//84 
f 752//82 754//85 744//86 
f 750//87 755//88 753//84 
f 754//85 756//89 757//90 
f 750//91 758//92 755//88 
f 756//89 759//93 757//94 
f 759//93 760//95 757//96 
f 760//95 761//97 762//98 
f 761//97 763//99 762//98 
f 761//97 764//100 763//99 
f 762//98 763//99 765//101 
f 762//98 765//101 766//102 
f 767//103 766//102 768//104 
f 769//105 767//106 768//104 
f 770//107 767//108 769//105 
f 745//74 771//109 772//110 
f 745//74 772//110 742//70 
f 773//111 774//112 770//107 
f 775//113 774//112 773//111 
f 775//113 776//114 774//112 
f 774//115 777//116 772//110 
f 777//116 742//70 772//110 
f 776//114 778//117 774//112 
f 778//117 779//118 774//119 
f 774//120 780//121 777//116 
f 777//116 780//121 742//70 
f 774//120 781//122 780//121 
f 774//119 782//123 781//122 
f 779//118 782//123 774//119 
f 779//118 783//124 782//123 
f 784//125 785//126 786//127 
f 784//125 786//127 787//130 
f 787//130 786//127 758//92 
f 788//128 784//125 787//130 
f 789//129 788//128 787//130 
f 783//124 789//129 787//131 
f 783//124 787//131 782//123 
f 782//123 787//132 781//122 
f 781//122 790//133 780//121 
f 780//121 790//133 743//71 
f 780//121 743//71 742//70 
f 712//31 734//58 791//134 
f 712//31 791//134 792//135 
f 709//27 712//31 792//135 
f 792//135 791//134 793//136 
f 706//23 709//27 794//137 
f 792//135 793//136 795//138 
f 704//19 706//23 794//139 
f 792//135 795//138 796//140 
f 702//16 704//19 797//141 
f 798//142 799//143 796//140 
f 699//12 702//16 797//144 
f 800//145 799//146 798//142 
f 698//10 699//12 801//147 
f 802//148 803//149 800//145 
f 700//13 698//10 801//147 
f 700//13 801//147 804//150 
f 804//150 801//249 805//151 
f 805//151 801//249 806//152 
f 806//152 807//153 808//154 
f 807//155 809//156 808//154 
f 764//100 803//149 802//148 
f 764//100 761//97 803//149 
f 761//97 760//95 810//157 
f 760//95 759//93 810//158 
f 759//93 756//89 810//159 
f 756//89 754//85 811//160 
f 754//85 752//82 811//161 
f 807//162 812//163 809//156 
f 752//82 749//79 807//162 
f 807//162 813//164 812//163 
f 749//79 813//164 807//162 
f 749//79 748//78 813//164 
f 736//61 737//63 814//165 
f 736//61 814//165 815//166 
f 735//59 736//61 815//166 
f 815//166 814//165 816//167 
f 729//51 735//59 817//168 
f 815//166 816//167 818//169 
f 730//52 729//51 817//170 
f 815//166 818//169 819//171 
f 731//54 730//52 820//172 
f 821//173 822//174 819//171 
f 732//56 731//54 820//175 
f 823//176 822//177 821//173 
f 733//57 732//56 824//178 
f 825//179 826//180 823//176 
f 734//58 733//57 824//178 
f 734//58 824//178 791//134 
f 791//134 827//181 793//136 
f 793//136 827//181 795//138 
f 795//138 828//182 796//140 
f 828//183 798//142 796//140 
f 775//113 826//180 825//179 
f 775//113 773//111 826//180 
f 773//111 770//107 829//184 
f 770//107 769//105 829//185 
f 769//105 768//104 829//186 
f 768//104 766//102 830//187 
f 766//102 765//101 830//188 
f 828//189 800//145 798//142 
f 765//101 763//99 828//189 
f 828//189 802//148 800//145 
f 763//99 802//148 828//189 
f 763//99 764//100 802//148 
f 740//67 719//40 831//190 
f 740//67 831//190 832//191 
f 739//65 740//67 832//191 
f 832//191 831//190 833//192 
f 738//64 739//65 832//193 
f 832//194 833//192 834//195 
f 737//63 738//64 832//193 
f 737//63 832//193 814//165 
f 835//196 834//195 836//197 
f 814//165 837//198 816//167 
f 838//199 835//200 836//197 
f 816//167 837//198 818//169 
f 839//201 840//202 838//199 
f 818//169 841//203 819//171 
f 842//204 840//205 839//201 
f 841//206 821//173 819//171 
f 783//124 843//207 842//204 
f 783//124 779//118 843//207 
f 841//208 823//176 821//173 
f 779//118 778//117 843//209 
f 843//209 825//179 823//176 
f 778//117 776//114 843//209 
f 776//114 825//179 843//209 
f 776//114 775//113 825//179 
f 722//44 724//46 844//210 
f 722//44 844//210 845//211 
f 721//43 722//44 845//211 
f 845//211 844//210 846//212 
f 720//41 721//43 845//213 
f 845//211 846//212 847//214 
f 719//40 720//41 845//215 
f 719//40 845//215 831//190 
f 848//216 847//214 849//217 
f 831//190 850//218 833//192 
f 851//219 848//220 849//217 
f 833//192 850//221 834//195 
f 852//222 848//223 851//219 
f 834//195 853//224 836//197 
f 854//225 855//226 852//222 
f 853//227 838//199 836//197 
f 785//126 855//226 854//225 
f 785//126 784//125 855//226 
f 855//228 839//201 838//199 
f 784//125 788//128 855//226 
f 855//229 842//204 839//201 
f 788//128 789//129 855//229 
f 789//129 842//204 855//229 
f 789//129 783//124 842//204 
f 701//14 700//13 804//150 
f 701//14 804//150 856//230 
f 703//17 701//14 856//230 
f 856//230 804//150 805//151 
f 705//20 703//17 857//231 
f 856//230 805//151 806//152 
f 707//24 705//20 857//232 
f 858//233 806//152 808//154 
f 710//28 707//24 859//234 
f 809//156 858//235 808//154 
f 713//32 710//28 859//236 
f 812//163 858//237 809//156 
f 723//45 713//32 860//238 
f 813//164 861//239 812//163 
f 724//46 723//45 860//238 
f 724//46 860//238 844//210 
f 844//210 860//240 846//212 
f 846//212 860//240 847//214 
f 847//214 862//241 849//217 
f 862//242 851//219 849//217 
f 748//78 861//239 813//164 
f 748//78 746//75 861//239 
f 746//75 747//77 863//243 
f 747//77 751//81 863//244 
f 751//81 753//84 863//245 
f 753//84 755//88 864//246 
f 755//88 758//92 864//247 
f 862//248 852//222 851//219 
f 758//92 786//127 862//248 
f 862//248 854//225 852//222 
f 786//127 854//225 862//248 
f 786//127 785//126 854//225 
f 865//1 866//2 867//3 
f 868//4 866//2 865//1 
f 865//1 867//3 869//5 
f 866//2 870//6 867//3 
f 871//7 869//5 867//3 
f 868//8 872//9 866//2 
f 866//2 872//9 870//6 
f 873//10 868//11 874//12 
f 875//13 868//11 873//10 
f 875//13 876//14 868//11 
f 874//12 869//15 877//16 
f 876//14 878//17 868//11 
f 877//16 869//18 879//19 
f 878//17 880//20 868//21 
f 869//22 881//23 879//19 
f 880//20 882//24 883//25 
f 869//26 884//27 881//23 
f 882//24 885//28 883//29 
f 886//30 887//31 884//27 
f 885//28 888//32 883//33 
f 872//9 889//34 890//35 
f 872//9 890//35 870//6 
f 889//34 891//36 890//35 
f 889//37 892//38 891//36 
f 893//39 894//40 892//38 
f 893//39 895//41 894//40 
f 893//42 896//43 895//41 
f 893//42 897//44 896//43 
f 888//32 898//45 893//42 
f 898//45 897//44 893//42 
f 898//45 899//46 897//44 
f 900//47 867//3 870//6 
f 901//48 900//47 870//6 
f 902//49 900//47 901//48 
f 903//50 871//7 900//47 
f 900//47 871//7 867//3 
f 904//51 905//52 903//53 
f 905//52 906//54 903//55 
f 906//54 907//56 886//30 
f 907//56 908//57 886//30 
f 908//57 887//31 886//30 
f 908//57 909//58 887//31 
f 910//59 904//51 903//60 
f 911//61 910//59 902//62 
f 912//63 911//61 902//62 
f 912//63 902//62 913//64 
f 913//64 902//62 914//65 
f 914//65 902//66 915//67 
f 902//68 901//48 890//35 
f 901//48 870//6 890//35 
f 902//68 890//35 891//36 
f 902//66 891//36 892//38 
f 915//67 902//66 892//38 
f 915//67 892//38 894//40 
f 916//69 917//70 918//71 
f 919//72 916//69 918//71 
f 919//73 920//74 916//69 
f 916//69 920//74 917//70 
f 921//75 919//76 922//77 
f 923//78 919//76 921//75 
f 923//78 924//79 919//76 
f 922//77 925//80 926//81 
f 924//79 927//82 919//76 
f 926//81 925//83 928//84 
f 927//82 929//85 919//86 
f 925//87 930//88 928//84 
f 929//85 931//89 932//90 
f 925//91 933//92 930//88 
f 931//89 934//93 932//94 
f 934//93 935//95 932//96 
f 935//95 936//97 937//98 
f 936//97 938//99 937//98 
f 936//97 939//100 938//99 
f 937//98 938//99 940//101 
f 937//98 940//101 941//102 
f 942//103 941//102 943//104 
f 944//105 942//106 943//104 
f 945//107 942//108 944//105 
f 920//74 946//109 947//110 
f 920//74 947//110 917//70 
f 948//111 949//112 945//107 
f 950//113 949//112 948//111 
f 950//113 951//114 949//112 
f 949//115 952//116 947//110 
f 952//116 917//70 947//110 
f 951//114 953//117 949//112 
f 953//117 954//118 949//119 
f 949//120 955//121 952//116 
f 952//116 955//121 917//70 
f 949//120 956//122 955//121 
f 949//119 957//123 956//122 
f 954//118 957//123 949//119 
f 954//118 958//124 957//123 
f 959//125 960//126 961//127 
f 959//125 961//127 962//130 
f 962//130 961//127 933//92 
f 963//128 959//125 962//130 
f 964//129 963//128 962//130 
f 958//124 964//129 962//131 
f 958//124 962//131 957//123 
f 957//123 962//132 956//122 
f 956//122 965//133 955//121 
f 955//121 965//133 918//71 
f 955//121 918//71 917//70 
f 887//31 909//58 966//134 
f 887//31 966//134 967//135 
f 884//27 887//31 967//135 
f 967//135 966//134 968//136 
f 881//23 884//27 969//137 
f 967//135 968//136 970//138 
f 879//19 881//23 969//139 
f 967//135 970//138 971//140 
f 877//16 879//19 972//141 
f 973//142 974//143 971//140 
f 874//12 877//16 972//144 
f 975//145 974//146 973//142 
f 873//10 874//12 976//147 
f 977//148 978//149 975//145 
f 875//13 873//10 976//147 
f 875//13 976//147 979//150 
f 979//150 976//249 980//151 
f 980//151 976//249 981//152 
f 981//152 982//153 983//154 
f 982//155 984//156 983//154 
f 939//100 978//149 977//148 
f 939//100 936//97 978//149 
f 936//97 935//95 985//157 
f 935//95 934//93 985//158 
f 934//93 931//89 985//159 
f 931//89 929//85 986//160 
f 929//85 927//82 986//161 
f 982//162 987//163 984//156 
f 927//82 924//79 982//162 
f 982//162 988//164 987//163 
f 924//79 988//164 982//162 
f 924//79 923//78 988//164 
f 911//61 912//63 989//165 
f 911//61 989//165 990//166 
f 910//59 911//61 990//166 
f 990//166 989//165 991//167 
f 904//51 910//59 992//168 
f 990//166 991//167 993//169 
f 905//52 904//51 992//170 
f 990//166 993//169 994//171 
f 906//54 905//52 995//172 
f 996//173 997//174 994//171 
f 907//56 906//54 995//175 
f 998//176 997//177 996//173 
f 908//57 907//56 999//178 
f 1000//179 1001//180 998//176 
f 909//58 908//57 999//178 
f 909//58 999//178 966//134 
f 966//134 1002//181 968//136 
f 968//136 1002//181 970//138 
f 970//138 1003//182 971//140 
f 1003//183 973//142 971//140 
f 950//113 1001//180 1000//179 
f 950//113 948//111 1001//180 
f 948//111 945//107 1004//184 
f 945//107 944//105 1004//185 
f 944//105 943//104 1004//186 
f 943//104 941//102 1005//187 
f 941//102 940//101 1005//188 
f 1003//189 975//145 973//142 
f 940//101 938//99 1003//189 
f 1003//189 977//148 975//145 
f 938//99 977//148 1003//189 
f 938//99 939//100 977//148 
f 915//67 894//40 1006//190 
f 915//67 1006//190 1007//191 
f 914//65 915//67 1007//191 
f 1007//191 1006//190 1008//192 
f 913//64 914//65 1007//193 
f 1007//194 1008//192 1009//195 
f 912//63 913//64 1007//193 
f 912//63 1007//193 989//165 
f 1010//196 1009//195 1011//197 
f 989//165 1012//198 991//167 
f 1013//199 1010//200 1011//197 
f 991//167 1012//198 993//169 
f 1014//201 1015//202 1013//199 
f 993//169 1016//203 994//171 
f 1017//204 1015//205 1014//201 
f 1016//206 996//173 994//171 
f 958//124 1018//207 1017//204 
f 958//124 954//118 1018//207 
f 1016//208 998//176 996//173 
f 954//118 953//117 1018//209 
f 1018//209 1000//179 998//176 
f 953//117 951//114 1018//209 
f 951//114 1000//179 1018//209 
f 951//114 950//113 1000//179 
f 897//44 899//46 1019//210 
f 897//44 1019//210 1020//211 
f 896//43 897//44 1020//211 
f 1020//211 1019//210 1021//212 
f 895//41 896//43 1020//213 
f 1020//211 1021//212 1022//214 
f 894//40 895//41 1020//215 
f 894//40 1020//215 1006//190 
f 1023//216 1022//214 1024//217 
f 1006//190 1025//218 1008//192 
f 1026//219 1023//220 1024//217 
f 1008//192 1025//221 1009//195 
f 1027//222 1023//223 1026//219 
f 1009//195 1028//224 1011//197 
f 1029//225 1030//226 1027//222 
f 1028//227 1013//199 1011//197 
f 960//126 1030//226 1029//225 
f 960//126 959//125 1030//226 
f 1030//228 1014//201 1013//199 
f 959//125 963//128 1030//226 
f 1030//229 1017//204 1014//201 
f 963//128 964//129 1030//229 
f 964//129 1017//204 1030//229 
f 964//129 958//124 1017//204 
f 876//14 875//13 979//150 
f 876//14 979//150 1031//230 
f 878//17 876//14 1031//230 
f 1031//230 979//150 980//151 
f 880//20 878//17 1032//231 
f 1031//230 980//151 981//152 
f 882//24 880//20 1032//232 
f 1033//233 981//152 983//154 
f 885//28 882//24 1034//234 
f 984//156 1033//235 983//154 
f 888//32 885//28 1034//236 
f 987//163 1033//237 984//156 
f 898//45 888//32 1035//238 
f 988//164 1036//239 987//163 
f 899//46 898//45 1035//238 
f 899//46 1035//238 1019//210 
f 1019//210 1035//240 1021//212 
f 1021//212 1035//240 1022//214 
f 1022//214 1037//241 1024//217 
f 1037//242 1026//219 1024//217 
f 923//78 1036//239 988//164 
f 923//78 921//75 1036//239 
f 921//75 922//77 1038//243 
f 922//77 926//81 1038//244 
f 926//81 928//84 1038//245 
f 928//84 930//88 1039//246 
f 930//88 933//92 1039//247 
f 1037//248 1027//222 1026//219 
f 933//92 961//127 1037//248 
f 1037//248 1029//225 1027//222 
f 961//127 1029//225 1037//248 
f 961//127 960//126 1029//225 
f 1040//1 1041//2 1042//3 
f 1043//4 1041//2 1040//1 
f 1040//1 1042//3 1044//5 
f 1041//2 1045//6 1042//3 
f 1046//7 1044//5 1042//3 
f 1043//8 1047//9 1041//2 
f 1041//2 1047//9 1045//6 
f 1048//10 1043//11 1049//12 
f 1050//13 1043//11 1048//10 
f 1050//13 1051//14 1043//11 
f 1049//12 1044//15 1052//16 
f 1051//14 1053//17 1043//11 
f 1052//16 1044//18 1054//19 
f 1053//17 1055//20 1043//21 
f 1044//22 1056//23 1054//19 
f 1055//20 1057//24 1058//25 
f 1044//26 1059//27 1056//23 
f 1057//24 1060//28 1058//29 
f 1061//30 1062//31 1059//27 
f 1060//28 1063//32 1058//33 
f 1047//9 1058//34 1064//35 
f 1047//9 1064//35 1045//6 
f 1058//34 1065//36 1064//35 
f 1058//37 1066//38 1065//36 
f 1067//39 1068//40 1066//38 
f 1067//39 1069//41 1068//40 
f 1067//42 1070//43 1069//41 
f 1067//42 1071//44 1070//43 
f 1063//32 1072//45 1067//42 
f 1072//45 1071//44 1067//42 
f 1072//45 1073//46 1071//44 
f 1074//47 1042//3 1045//6 
f 1075//48 1074//47 1045//6 
f 1076//49 1074//47 1075//48 
f 1077//50 1046//7 1074//47 
f 1074//47 1046//7 1042//3 
f 1078//51 1079//52 1077//53 
f 1079//52 1080//54 1077//55 
f 1080//54 1081//56 1061//30 
f 1081//56 1082//57 1061//30 
f 1082//57 1062//31 1061//30 
f 1082//57 1083//58 1062//31 
f 1084//59 1078//51 1077//60 
f 1085//61 1084//59 1076//62 
f 1086//63 1085//61 1076//62 
f 1086//63 1076//62 1087//64 
f 1087//64 1076//62 1088//65 
f 1088//65 1076//66 1089//67 
f 1076//68 1075//48 1064//35 
f 1075//48 1045//6 1064//35 
f 1076//68 1064//35 1065//36 
f 1076//66 1065//36 1066//38 
f 1089//67 1076//66 1066//38 
f 1089//67 1066//38 1068//40 
f 1090//69 1091//70 1092//71 
f 1093//72 1090//69 1092//71 
f 1093//73 1094//74 1090//69 
f 1090//69 1094//74 1091//70 
f 1095//75 1093//76 1096//77 
f 1097//78 1093//76 1095//75 
f 1097//78 1098//79 1093//76 
f 1096//77 1099//80 1100//81 
f 1098//79 1101//82 1093//76 
f 1100//81 1102//83 1103//84 
f 1101//82 1104//85 1093//86 
f 1102//87 1105//88 1103//84 
f 1104//85 1106//89 1107//90 
f 1102//91 1108//92 1105//88 
f 1106//89 1109//93 1107//94 
f 1109//93 1110//95 1107//96 
f 1110//95 1111//97 1107//98 
f 1111//97 1112//99 1107//98 
f 1111//97 1113//100 1112//99 
f 1107//98 1112//99 1114//101 
f 1107//98 1114//101 1115//102 
f 1116//103 1115//102 1117//104 
f 1118//105 1116//106 1117//104 
f 1119//107 1116//108 1118//105 
f 1094//74 1120//109 1121//110 
f 1094//74 1121//110 1091//70 
f 1122//111 1123//112 1119//107 
f 1124//113 1123//112 1122//111 
f 1124//113 1125//114 1123//112 
f 1123//115 1126//116 1121//110 
f 1126//116 1091//70 1121//110 
f 1125//114 1127//117 1123//112 
f 1127//117 1128//118 1123//119 
f 1123//120 1129//121 1126//116 
f 1126//116 1129//121 1091//70 
f 1123//120 1130//122 1129//121 
f 1123//119 1131//123 1130//122 
f 1128//118 1131//123 1123//119 
f 1128//118 1132//124 1131//123 
f 1133//125 1134//126 1135//127 
f 1133//125 1135//127 1102//91 
f 1102//91 1135//127 1108//92 
f 1136//128 1133//125 1102//91 
f 1137//129 1136//128 1102//130 
f 1132//124 1137//129 1102//131 
f 1132//124 1102//131 1131//123 
f 1131//123 1099//132 1130//122 
f 1130//122 1099//133 1129//121 
f 1129//121 1099//133 1092//71 
f 1129//121 1092//71 1091//70 
f 1062//31 1083//58 1138//134 
f 1062//31 1138//134 1139//135 
f 1059//27 1062//31 1139//135 
f 1139//135 1138//134 1140//136 
f 1056//23 1059//27 1141//137 
f 1139//135 1140//136 1142//138 
f 1054//19 1056//23 1141//139 
f 1139//135 1142//138 1143//140 
f 1052//16 1054//19 1141//141 
f 1144//142 1145//143 1143//140 
f 1049//12 1052//16 1141//144 
f 1146//145 1145//146 1144//142 
f 1048//10 1049//12 1147//147 
f 1148//148 1149//149 1146//145 
f 1050//13 1048//10 1147//147 
f 1050//13 1147//147 1150//150 
f 1150//150 1147//147 1151//151 
f 1151//151 1147//147 1152//152 
f 1152//152 1153//153 1154//154 
f 1153//155 1155//156 1154//154 
f 1113//100 1149//149 1148//148 
f 1113//100 1111//97 1149//149 
f 1111//97 1110//95 1156//157 
f 1110//95 1109//93 1156//158 
f 1109//93 1106//89 1156//159 
f 1106//89 1104//85 1153//160 
f 1104//85 1101//82 1153//161 
f 1153//162 1157//163 1155//156 
f 1101//82 1098//79 1153//162 
f 1153//162 1158//164 1157//163 
f 1098//79 1158//164 1153//162 
f 1098//79 1097//78 1158//164 
f 1085//61 1086//63 1159//165 
f 1085//61 1159//165 1160//166 
f 1084//59 1085//61 1160//166 
f 1160//166 1159//165 1161//167 
f 1078//51 1084//59 1162//168 
f 1160//166 1161//167 1163//169 
f 1079//52 1078//51 1162//170 
f 1160//166 1163//169 1164//171 
f 1080//54 1079//52 1165//172 
f 1166//173 1167//174 1164//171 
f 1081//56 1080//54 1165//175 
f 1168//176 1167//177 1166//173 
f 1082//57 1081//56 1165//178 
f 1169//179 1170//180 1168//176 
f 1083//58 1082//57 1165//178 
f 1083//58 1165//178 1138//134 
f 1138//134 1171//181 1140//136 
f 1140//136 1171//181 1142//138 
f 1142//138 1172//182 1143//140 
f 1172//183 1144//142 1143//140 
f 1124//113 1170//180 1169//179 
f 1124//113 1122//111 1170//180 
f 1122//111 1119//107 1173//184 
f 1119//107 1118//105 1173//185 
f 1118//105 1117//104 1173//186 
f 1117//104 1115//102 1174//187 
f 1115//102 1114//101 1174//188 
f 1172//189 1146//145 1144//142 
f 1114//101 1112//99 1172//189 
f 1172//189 1148//148 1146//145 
f 1112//99 1148//148 1172//189 
f 1112//99 1113//100 1148//148 
f 1089//67 1068//40 1175//190 
f 1089//67 1175//190 1176//191 
f 1088//65 1089//67 1176//191 
f 1176//191 1175//190 1177//192 
f 1087//64 1088//65 1176//193 
f 1176//194 1177//192 1178//195 
f 1086//63 1087//64 1176//193 
f 1086//63 1176//193 1159//165 
f 1176//196 1178//195 1179//197 
f 1159//165 1180//198 1161//167 
f 1181//199 1176//200 1179//197 
f 1161//167 1180//198 1163//169 
f 1182//201 1183//202 1181//199 
f 1163//169 1184//203 1164//171 
f 1185//204 1183//205 1182//201 
f 1184//206 1166//173 1164//171 
f 1132//124 1183//207 1185//204 
f 1132//124 1128//118 1183//207 
f 1184//208 1168//176 1166//173 
f 1128//118 1127//117 1183//209 
f 1183//209 1169//179 1168//176 
f 1127//117 1125//114 1183//209 
f 1125//114 1169//179 1183//209 
f 1125//114 1124//113 1169//179 
f 1071//44 1073//46 1186//210 
f 1071//44 1186//210 1187//213 
f 1070//43 1071//44 1187//213 
f 1187//213 1186//210 1188//212 
f 1069//41 1070//43 1187//213 
f 1189//216 1188//212 1190//214 
f 1068//40 1069//41 1187//215 
f 1068//40 1187//215 1175//190 
f 1189//216 1190//214 1191//217 
f 1175//190 1187//218 1177//192 
f 1192//219 1189//220 1191//217 
f 1177//192 1193//221 1178//195 
f 1194//222 1189//223 1192//219 
f 1178//195 1193//224 1179//197 
f 1195//225 1196//226 1194//222 
f 1193//227 1181//199 1179//197 
f 1134//126 1196//226 1195//225 
f 1134//126 1133//125 1196//226 
f 1196//228 1182//201 1181//199 
f 1133//125 1136//128 1196//226 
f 1196//229 1185//204 1182//201 
f 1136//128 1137//129 1196//229 
f 1137//129 1185//204 1196//229 
f 1137//129 1132//124 1185//204 
f 1051//14 1050//13 1150//150 
f 1051//14 1150//150 1197//230 
f 1053//17 1051//14 1197//230 
f 1197//230 1150//150 1151//151 
f 1055//20 1053//17 1197//231 
f 1197//230 1151//151 1152//152 
f 1057//24 1055//20 1197//232 
f 1198//233 1152//152 1154//154 
f 1060//28 1057//24 1199//234 
f 1155//156 1198//235 1154//154 
f 1063//32 1060//28 1199//236 
f 1157//163 1198//237 1155//156 
f 1072//45 1063//32 1200//238 
f 1158//164 1201//239 1157//163 
f 1073//46 1072//45 1200//238 
f 1073//46 1200//238 1186//210 
f 1186//210 1200//240 1188//212 
f 1188//212 1200//240 1190//214 
f 1190//214 1202//241 1191//217 
f 1202//242 1192//219 1191//217 
f 1097//78 1201//239 1158//164 
f 1097//78 1095//75 1201//239 
f 1095//75 1096//77 1203//243 
f 1096//77 1100//81 1203//244 
f 1100//81 1103//84 1203//245 
f 1103//84 1105//88 1202//246 
f 1105//88 1108//92 1202//247 
f 1202//248 1194//222 1192//219 
f 1108//92 1135//127 1202//248 
f 1202//248 1195//225 1194//222 
f 1135//127 1195//225 1202//248 
f 1135//127 1134//126 1195//225 
f 711//251 694//252 696//7 
f 711//30 709//27 694//26 
f 886//30 884//27 869//26 
f 886//251 869//252 871//7 
f 22//30 20//27 5//26 
f 22//251 5//252 7//7 
f 198//251 180//252 182//7 
f 198//30 196//27 192//26 
f 373//30 371//27 356//26 
f 373//251 356//252 358//7 
f 58//77 55//76 61//80 
f 55//72 54//71 61//253 
f 417//85 420//90 406//86 
f 406//73 435//254 407//74 
f 747//77 744//76 750//80 
f 744//72 743//71 790//253 
f 231//72 230//71 277//253 
f 234//77 231//76 237//80 
f 922//77 919//76 925//80 
f 919//72 918//71 965//253 
f 1061//30 1059//27 1044//26 
f 1061//251 1044//252 1046//7 
f 547//30 545//27 530//26 
f 547//251 530//252 532//7 
f 1096//77 1093//76 1099//80 
f 1093//72 1092//71 1099//253 
f 582//77 579//76 585//80 
f 579//72 578//71 585//253 
f 84//109 80//255 85//110 
f 75//98 79//102 80//103 
f 249//98 253//102 254//103 
f 258//109 254//255 259//110 
f 946//109 942//255 947//110 
f 937//98 941//102 942//103 
f 762//98 766//102 767//103 
f 771//109 767//255 772//110 
f 705//20 708//25 693//21 
f 693//8 714//256 697//9 
f 880//20 883//25 868//21 
f 868//8 889//256 872//9 
f 16//20 19//25 4//21 
f 4//8 25//256 8//9 
f 191//20 195//25 179//21 
f 179//8 201//256 183//9 
f 367//20 370//25 355//21 
f 355//8 376//256 359//9 
f 435//109 431//255 436//110 
f 426//98 430//102 431//103 
f 1120//109 1116//255 1121//110 
f 1107//98 1115//102 1116//103 
f 605//109 601//255 606//110 
f 592//98 600//102 601//103 
f 1055//20 1058//25 1043//21 
f 1043//8 1058//256 1047//9 
f 541//20 544//25 529//21 
f 529//8 544//256 533//9 
f 929//85 932//90 919//86 
f 919//73 946//254 920//74 
f 754//85 757//90 744//86 
f 744//73 771//254 745//74 
f 66//85 69//90 55//86 
f 55//73 84//254 56//74 
f 241//85 244//90 231//86 
f 231//73 258//254 232//74 
f 38//49 39//50 36//47 
f 46//59 39//60 38//62 
f 727//49 728//50 725//47 
f 735//59 728//60 727//62 
f 389//49 390//50 387//47 
f 397//59 390//60 389//62 
f 902//49 903//50 900//47 
f 910//59 903//60 902//62 
f 214//49 215//50 212//47 
f 222//59 215//60 214//62 
f 4//11 1//1 5//15 
f 10//12 4//11 5//15 
f 699//12 693//11 694//15 
f 693//11 690//1 694//15 
f 868//11 865//1 869//15 
f 874//12 868//11 869//15 
f 355//11 352//1 356//15 
f 361//12 355//11 356//15 
f 185//12 179//11 180//15 
f 179//11 176//1 180//15 
f 1104//85 1107//90 1093//86 
f 1093//73 1120//254 1094//74 
f 589//85 592//90 579//86 
f 579//73 605//254 580//74 
f 1076//49 1077//50 1074//47 
f 1084//59 1077//60 1076//62 
f 562//49 563//50 560//47 
f 570//59 563//60 562//62 
f 529//11 526//1 530//15 
f 535//12 529//11 530//15 
f 1043//11 1040//1 1044//15 
f 1049//12 1043//11 1044//15 
f 409//77 406//76 412//80 
f 406//72 405//71 412//253 
f 494//192 506//218 513//221 
f 514//222 516//226 512//223 
f 1194//222 1196//226 1189//223 
f 1177//192 1187//218 1193//221 
f 457//138 488//181 489//182 
f 484//176 487//180 483//177 
f 334//214 347//240 349//241 
f 299//163 348//239 345//237 
f 1022//214 1035//240 1037//241 
f 987//163 1036//239 1033//237 
f 847//214 860//240 862//241 
f 812//163 861//239 858//237 
f 159//214 171//240 173//241 
f 123//163 172//239 169//237 
f 509//214 521//240 523//241 
f 474//163 522//239 519//237 
f 981//152 976//249 982//153 
f 967//135 971//140 974//143 
f 117//152 112//147 118//153 
f 103//135 107//140 110//143 
f 806//152 801//249 807//153 
f 792//135 796//140 799//143 
f 468//152 463//249 469//153 
f 454//135 458//140 461//143 
f 293//152 288//249 294//153 
f 279//135 283//140 286//143 
f 282//138 314//181 315//182 
f 302//166 306//171 309//174 
f 970//138 1002//181 1003//182 
f 990//166 994//171 997//174 
f 795//138 827//181 828//182 
f 815//166 819//171 822//174 
f 106//138 138//181 139//182 
f 126//166 130//171 133//174 
f 1190//214 1200//240 1202//241 
f 1157//163 1201//239 1198//237 
f 675//214 686//240 688//241 
f 643//163 687//239 684//237 
f 861//257 1204//258 858//259 
f 707//24 857//232 859//234 
f 522//257 1205//258 519//259 
f 369//24 518//232 520//234 
f 1036//257 1206//258 1033//259 
f 882//24 1032//232 1034//234 
f 172//257 1207//258 169//259 
f 18//24 168//232 170//234 
f 348//257 1208//258 345//259 
f 194//24 344//232 346//234 
f 1152//152 1147//147 1153//153 
f 1139//135 1143//140 1145//143 
f 638//152 633//147 639//153 
f 625//135 629//140 631//143 
f 1209//260 138//261 1210//262 
f 81//104 141//187 140//186 
f 1211//260 1002//261 1212//262 
f 943//104 1005//187 1004//186 
f 1213//260 314//261 1214//262 
f 255//104 317//187 316//186 
f 1215//260 827//261 1216//262 
f 768//104 830//187 829//186 
f 394//56 480//175 485//178 
f 477//250 481//171 483//174 
f 1142//138 1171//181 1172//182 
f 1160//166 1164//171 1167//174 
f 628//138 657//181 658//182 
f 646//166 650//171 653//174 
f 1217//263 1218//264 1219//265 
f 756//89 811//160 810//159 
f 931//89 986//160 985//159 
f 1220//263 1221//264 1222//265 
f 1223//263 1224//264 1225//265 
f 68//89 122//160 121//159 
f 1226//263 1227//264 1228//265 
f 243//89 298//160 297//159 
f 419//89 473//160 472//159 
f 1229//263 1230//264 1231//265 
f 350//266 351//267 1232//268 
f 240//84 351//246 350//245 
f 416//84 525//246 524//245 
f 524//266 525//267 1233//268 
f 928//84 1039//246 1038//245 
f 1038//266 1039//267 1234//268 
f 863//266 864//267 1235//268 
f 753//84 864//246 863//245 
f 65//84 175//246 174//245 
f 174//266 175//267 1236//268 
f 10//12 108//144 112//147 
f 1225//269 103//270 110//271 
f 699//12 797//144 801//147 
f 1219//269 792//270 799//271 
f 185//12 284//144 288//147 
f 1228//269 279//270 286//271 
f 874//12 972//144 976//147 
f 1222//269 967//270 974//271 
f 361//12 459//144 463//147 
f 1231//269 454//270 461//271 
f 1201//257 1199//258 1198//259 
f 1057//24 1197//232 1199//234 
f 687//257 685//258 684//259 
f 543//24 683//232 685//234 
f 824//272 1237//273 1216//274 
f 730//52 817//170 820//172 
f 905//52 992//170 995//172 
f 999//272 1238//273 1212//274 
f 135//272 1239//273 1210//274 
f 41//52 128//170 131//172 
f 311//272 1240//273 1214//274 
f 217//52 304//170 307//172 
f 843//209 823//176 841//208 
f 838//199 840//202 835//200 
f 149//199 151//202 146//200 
f 154//209 134//176 152//208 
f 330//209 310//176 328//208 
f 325//199 327//202 322//200 
f 1013//199 1015//202 1010//200 
f 1018//209 998//176 1016//208 
f 499//199 501//202 496//200 
f 504//209 484//176 502//208 
f 432//104 491//187 490//186 
f 490//275 1241//260 1242//276 
f 1172//260 1171//261 1243//262 
f 1117//104 1174//187 1173//186 
f 658//260 657//261 1244//262 
f 602//104 660//187 659//186 
f 164//222 166//226 160//223 
f 166//228 149//199 163//227 
f 339//222 342//226 335//223 
f 321//195 337//221 340//224 
f 852//222 855//226 848//223 
f 834//195 850//221 853//224 
f 1009//195 1025//221 1028//224 
f 1027//222 1030//226 1023//223 
f 1245//263 1246//264 1247//265 
f 1106//89 1153//160 1156//159 
f 1248//263 1249//264 1250//265 
f 591//89 639//160 642//159 
f 134//176 137//180 133//177 
f 140//275 1209//260 1210//276 
f 310//176 313//180 309//177 
f 316//275 1213//260 1214//276 
f 998//176 1001//180 997//177 
f 1004//275 1211//260 1212//276 
f 823//176 826//180 822//177 
f 829//275 1215//260 1216//276 
f 1103//84 1202//246 1203//245 
f 1203//266 1202//267 1251//268 
f 588//84 688//246 689//245 
f 689//266 688//267 1252//268 
f 1241//260 488//261 1242//262 
f 485//272 1253//273 1242//274 
f 1049//12 1141//144 1147//147 
f 1247//269 1139//270 1145//271 
f 535//12 627//144 633//147 
f 1250//269 625//270 631//271 
f 713//32 859//236 860//238 
f 1235//277 859//278 1254//279 
f 888//32 1034//236 1035//238 
f 1234//277 1034//278 1255//279 
f 200//32 346//236 347//238 
f 1232//277 346//278 1256//279 
f 375//32 520//236 521//238 
f 1233//277 520//278 1257//279 
f 1236//277 170//278 1258//279 
f 24//32 170//236 171//238 
f 651//272 648//273 1244//274 
f 565//52 648//170 651//172 
f 1165//272 1162//273 1243//274 
f 1079//52 1162//170 1165//172 
f 1181//199 1183//202 1176//200 
f 1183//209 1168//176 1184//208 
f 667//199 669//202 662//200 
f 669//209 654//176 670//208 
f 680//222 682//226 676//223 
f 682//228 667//199 679//227 
f 144//192 158//218 163//221 
f 156//211 159//214 160//216 
f 1168//176 1170//180 1167//177 
f 1173//275 1172//260 1243//276 
f 654//176 656//180 653//177 
f 659//275 658//260 1244//276 
f 840//202 837//280 835//200 
f 814//165 832//193 837//198 
f 501//202 498//280 496//200 
f 476//165 493//193 498//198 
f 1015//202 1012//280 1010//200 
f 989//165 1007//193 1012//198 
f 125//165 143//193 148//198 
f 151//202 148//280 146//200 
f 327//202 324//280 322//200 
f 301//165 319//193 324//198 
f 248//97 297//157 290//149 
f 297//281 1227//264 1226//263 
f 472//281 1230//264 1229//263 
f 425//97 472//157 465//149 
f 121//281 1224//264 1223//263 
f 74//97 121//157 114//149 
f 761//97 810//157 803//149 
f 810//281 1218//264 1217//263 
f 985//281 1221//264 1220//263 
f 936//97 985//157 978//149 
f 516//226 513//282 512//223 
f 516//228 499//199 513//227 
f 102//134 135//178 138//181 
f 135//283 1210//274 138//284 
f 311//283 1214//274 314//284 
f 278//134 311//178 314//181 
f 824//283 1216//274 827//284 
f 791//134 824//178 827//181 
f 966//134 999//178 1002//181 
f 999//283 1212//274 1002//284 
f 1252//277 685//278 1259//279 
f 549//32 685//236 686//238 
f 1251//277 1199//278 1260//279 
f 1063//32 1199//236 1200//238 
f 112//147 1224//285 118//153 
f 121//281 122//286 1224//264 
f 463//249 1230//285 469//153 
f 472//281 473//286 1230//264 
f 801//249 1218//285 807//153 
f 810//281 811//286 1218//264 
f 976//249 1221//285 982//153 
f 985//281 986//286 1221//264 
f 288//249 1227//285 294//153 
f 297//281 298//286 1227//264 
f 95//123 70//131 61//132 
f 62//81 61//80 64//83 
f 413//81 412//80 415//83 
f 446//123 421//131 412//132 
f 1035//287 1034//278 1234//277 
f 1035//240 1234//288 1037//241 
f 521//287 520//278 1233//277 
f 521//240 1233//288 523//241 
f 347//240 1232//288 349//241 
f 347//287 346//278 1232//277 
f 860//240 1235//288 862//241 
f 860//287 859//278 1235//277 
f 171//287 170//278 1236//277 
f 171//240 1236//288 173//241 
f 1239//289 133//290 1210//291 
f 137//292 1210//293 133//294 
f 313//292 1214//293 309//294 
f 1240//289 309//290 1214//291 
f 1001//292 1212//293 997//294 
f 1238//289 997//290 1212//291 
f 487//292 1242//293 483//294 
f 1253//289 483//290 1242//291 
f 826//292 1216//293 822//294 
f 1237//289 822//290 1216//291 
f 770//107 774//112 767//108 
f 774//115 772//110 767//255 
f 257//107 261//112 254//108 
f 261//115 259//110 254//255 
f 438//115 436//110 431//255 
f 434//107 438//112 431//108 
f 87//115 85//110 80//255 
f 83//107 87//112 80//108 
f 949//115 947//110 942//255 
f 945//107 949//112 942//108 
f 663//192 673//218 679//221 
f 673//211 675//214 676//216 
f 287//145 290//149 286//146 
f 1228//269 286//271 1226//295 
f 462//145 465//149 461//146 
f 1231//269 461//271 1229//295 
f 975//145 978//149 974//146 
f 1222//269 974//271 1220//295 
f 800//145 803//149 799//146 
f 1219//269 799//271 1217//295 
f 111//145 114//149 110//146 
f 1225//269 110//271 1223//295 
f 746//75 863//243 861//239 
f 863//266 1235//268 1254//296 
f 233//75 350//243 348//239 
f 350//266 1232//268 1256//296 
f 524//266 1233//268 1257//296 
f 408//75 524//243 522//239 
f 174//266 1236//268 1258//296 
f 57//75 174//243 172//239 
f 1038//266 1234//268 1255//296 
f 921//75 1038//243 1036//239 
f 856//230 806//152 858//233 
f 1204//297 856//298 858//259 
f 1031//230 981//152 1033//233 
f 1206//297 1031//298 1033//259 
f 517//230 468//152 519//233 
f 1205//297 517//298 519//259 
f 343//230 293//152 345//233 
f 1208//297 343//298 345//259 
f 1207//297 167//298 169//259 
f 167//230 117//152 169//233 
f 391//51 477//168 480//170 
f 1253//299 477//250 483//174 
f 1159//165 1176//193 1180//198 
f 1183//202 1180//280 1176//200 
f 645//165 662//193 666//198 
f 669//202 666//280 662//200 
f 196//27 279//135 281//137 
f 284//300 279//270 1228//269 
f 371//27 454//135 456//137 
f 459//300 454//270 1231//269 
f 108//300 103//270 1225//269 
f 20//27 103//135 105//137 
f 709//27 792//135 794//137 
f 797//300 792//270 1219//269 
f 884//27 967//135 969//137 
f 972//300 967//270 1222//269 
f 787//130 758//92 750//91 
f 781//122 787//132 790//133 
f 274//130 245//92 237//91 
f 268//122 274//132 277//133 
f 956//122 962//132 965//133 
f 962//130 933//92 925//91 
f 642//281 1249//264 1248//263 
f 596//97 642//157 635//149 
f 1156//281 1246//264 1245//263 
f 1111//97 1156//157 1149//149 
f 801//301 1219//302 1218//303 
f 801//304 797//305 1219//306 
f 288//301 1228//302 1227//303 
f 288//304 284//305 1228//306 
f 112//304 108//305 1225//306 
f 112//301 1225//302 1224//303 
f 463//304 459//305 1231//306 
f 463//301 1231//302 1230//303 
f 976//304 972//305 1222//306 
f 976//301 1222//302 1221//303 
f 1020//211 1022//214 1023//216 
f 1006//190 1020//215 1025//218 
f 332//211 334//214 335//216 
f 318//190 332//215 337//218 
f 845//211 847//214 848//216 
f 831//190 845//215 850//218 
f 1004//275 1005//307 1211//260 
f 940//101 1003//189 1005//188 
f 765//101 828//189 830//188 
f 829//275 830//307 1215//260 
f 252//101 315//189 317//188 
f 316//275 317//307 1213//260 
f 490//275 491//307 1241//260 
f 429//101 489//189 491//188 
f 140//275 141//307 1209//260 
f 78//101 139//189 141//188 
f 506//218 508//308 513//221 
f 506//213 507//212 508//216 
f 1196//226 1193//282 1189//223 
f 1196//228 1181//199 1193//227 
f 1138//134 1165//178 1171//181 
f 1165//283 1243//274 1171//284 
f 624//134 651//178 657//181 
f 651//283 1244//274 657//284 
f 222//59 302//166 304//168 
f 1240//289 302//299 309//290 
f 46//59 126//166 128//168 
f 1239//289 126//299 133//290 
f 910//59 990//166 992//168 
f 1238//289 990//299 997//290 
f 735//59 815//166 817//168 
f 1237//289 815//299 822//290 
f 342//228 325//199 340//227 
f 342//226 340//282 335//223 
f 855//228 838//199 853//227 
f 855//226 853//282 848//223 
f 1030//226 1028//282 1023//223 
f 1030//228 1013//199 1028//227 
f 166//309 163//227 160//282 
f 158//218 160//308 163//221 
f 889//37 893//39 892//38 
f 888//32 893//42 883//33 
f 25//37 29//39 28//38 
f 24//32 29//42 19//33 
f 200//32 205//42 195//33 
f 201//37 205//39 204//38 
f 376//37 380//39 379//38 
f 375//32 380//42 370//33 
f 713//32 718//42 708//33 
f 714//37 718//39 717//38 
f 1147//147 1246//285 1153//153 
f 1156//281 1153//286 1246//264 
f 633//147 1249//285 639//153 
f 642//281 639//286 1249//264 
f 1131//123 1102//131 1099//132 
f 1100//81 1099//80 1102//83 
f 1200//287 1199//278 1251//277 
f 1200//240 1251//288 1202//241 
f 686//287 685//278 1252//277 
f 686//240 1252//288 688//241 
f 393//54 373//30 390//55 
f 390//50 373//251 358//7 
f 906//54 886//30 903//55 
f 903//50 886//251 871//7 
f 39//50 22//251 7//7 
f 42//54 22//30 39//55 
f 215//50 198//251 182//7 
f 218//54 198//30 215//55 
f 728//50 711//251 696//7 
f 731//54 711//30 728//55 
f 919//86 932//90 946//254 
f 946//310 937//98 942//103 
f 744//86 757//90 771//254 
f 771//310 762//98 767//103 
f 55//86 69//90 84//254 
f 84//310 75//98 80//103 
f 231//86 244//90 258//254 
f 258//310 249//98 254//103 
f 406//86 420//90 435//254 
f 435//310 426//98 431//103 
f 1162//289 1167//290 1243//291 
f 1170//292 1243//293 1167//294 
f 648//289 653//290 1244//291 
f 656//292 1244//293 653//294 
f 604//107 608//112 601//108 
f 608//115 606//110 601//255 
f 1119//107 1123//112 1116//108 
f 1123//115 1121//110 1116//255 
f 327//311 328//203 324//280 
f 305//169 324//198 328//203 
f 479//169 498//198 502//203 
f 501//311 502//203 498//280 
f 818//169 837//198 841//203 
f 840//311 841//203 837//280 
f 129//169 148//198 152//203 
f 151//311 152//203 148//280 
f 993//169 1012//198 1016//203 
f 1015//311 1016//203 1012//280 
f 948//111 1004//184 1001//180 
f 1001//312 1004//275 1212//276 
f 437//111 490//184 487//180 
f 487//312 490//275 1242//276 
f 86//111 140//184 137//180 
f 137//312 140//275 1210//276 
f 260//111 316//184 313//180 
f 313//312 316//275 1214//276 
f 773//111 829//184 826//180 
f 826//312 829//275 1216//276 
f 632//145 635//149 631//146 
f 1250//269 631//271 1248//295 
f 1146//145 1149//149 1145//146 
f 1247//269 1145//271 1245//295 
f 863//243 1254//313 861//314 
f 861//257 1254//315 1204//258 
f 350//243 1256//313 348//314 
f 348//257 1256//315 1208//258 
f 174//243 1258//313 172//314 
f 172//257 1258//315 1207//258 
f 524//243 1257//313 522//314 
f 522//257 1257//315 1205//258 
f 1038//243 1255//313 1036//314 
f 1036//257 1255//315 1206//258 
f 803//316 810//281 1217//263 
f 803//317 1217//318 799//319 
f 978//316 985//281 1220//263 
f 978//317 1220//318 974//319 
f 114//317 1223//318 110//319 
f 114//316 121//281 1223//263 
f 465//316 472//281 1229//263 
f 465//317 1229//318 461//319 
f 290//316 297//281 1226//263 
f 290//317 1226//318 286//319 
f 1203//266 1251//268 1260//296 
f 1095//75 1203//243 1201//239 
f 689//266 1252//268 1259//296 
f 581//75 689//243 687//239 
f 1199//297 1197//298 1198//259 
f 1197//230 1152//152 1198//233 
f 685//297 683//298 684//259 
f 683//230 638//152 684//233 
f 351//320 349//242 1232//321 
f 245//92 349//248 351//247 
f 422//92 523//248 525//247 
f 525//320 523//242 1233//321 
f 71//92 173//248 175//247 
f 175//320 173//242 1236//321 
f 864//320 862//242 1235//321 
f 758//92 862//248 864//247 
f 933//92 1037//248 1039//247 
f 1039//320 1037//242 1234//321 
f 752//82 807//162 811//161 
f 811//322 807//155 1218//323 
f 63//82 118//162 122//161 
f 122//322 118//155 1224//323 
f 473//322 469//155 1230//323 
f 414//82 469//162 473//161 
f 986//322 982//155 1221//323 
f 927//82 982//162 986//161 
f 239//82 294//162 298//161 
f 298//322 294//155 1227//323 
f 1141//300 1139//270 1247//269 
f 1059//27 1139//135 1141//137 
f 627//300 625//270 1250//269 
f 545//27 625//135 627//137 
f 480//175 1253//324 485//272 
f 480//170 477//168 1253//325 
f 421//91 418//88 415//87 
f 421//131 415//326 412//132 
f 70//91 67//88 64//87 
f 70//131 64//326 61//132 
f 615//122 621//132 585//133 
f 621//130 593//92 585//91 
f 1147//301 1247//302 1246//303 
f 1147//304 1141//305 1247//306 
f 633//304 627//305 1250//306 
f 633//301 1250//302 1249//303 
f 1114//101 1172//189 1174//188 
f 1173//275 1174//307 1172//260 
f 599//101 658//189 660//188 
f 659//275 660//307 658//260 
f 1187//218 1189//308 1193//221 
f 1187//213 1188//212 1189//216 
f 329//204 330//207 327//205 
f 330//209 328//208 327//327 
f 154//209 152//208 151//327 
f 153//204 154//207 151//205 
f 1017//204 1018//207 1015//205 
f 1018//209 1016//208 1015//327 
f 842//204 843//207 840//205 
f 843//209 841//208 840//327 
f 503//204 504//207 501//205 
f 504//209 502//208 501//327 
f 570//59 646//166 648//168 
f 648//289 646//299 653//290 
f 1084//59 1160//166 1162//168 
f 1162//289 1160//299 1167//290 
f 787//130 750//91 790//326 
f 750//80 744//72 790//253 
f 274//130 237//91 277//326 
f 237//80 231//72 277//253 
f 925//80 919//72 965//253 
f 962//130 925//91 965//326 
f 453//134 485//178 488//181 
f 485//283 1242//274 488//284 
f 682//309 679//227 676//282 
f 673//218 676//308 679//221 
f 544//37 553//39 552//38 
f 549//32 553//42 544//33 
f 1058//37 1067//39 1066//38 
f 1063//32 1067//42 1058//33 
f 832//194 834//195 835//196 
f 832//328 835//196 837//329 
f 1007//194 1009//195 1010//196 
f 1007//328 1010//196 1012//329 
f 493//194 495//195 496//196 
f 493//328 496//196 498//329 
f 143//194 145//195 146//196 
f 143//328 146//196 148//329 
f 319//194 321//195 322//196 
f 319//328 322//196 324//329 
f 1034//330 1031//298 1206//297 
f 1034//278 1206//258 1255//279 
f 859//278 1204//258 1254//279 
f 859//330 856//298 1204//297 
f 170//278 1207//258 1258//279 
f 170//330 167//298 1207//297 
f 346//278 1208//258 1256//279 
f 346//330 343//298 1208//297 
f 520//330 517//298 1205//297 
f 520//278 1205//258 1257//279 
f 1211//331 1003//182 1002//261 
f 1005//332 1003//183 1211//331 
f 830//332 828//183 1215//331 
f 1215//331 828//182 827//261 
f 141//332 139//183 1209//331 
f 1209//331 139//182 138//261 
f 1241//331 489//182 488//261 
f 491//332 489//183 1241//331 
f 317//332 315//183 1213//331 
f 1213//331 315//182 314//261 
f 850//308 848//220 853//333 
f 850//334 845//211 848//216 
f 1025//308 1023//220 1028//333 
f 1025//334 1020//211 1023//216 
f 337//308 335//220 340//333 
f 337//334 332//211 335//216 
f 1077//50 1061//251 1046//7 
f 1080//54 1061//30 1077//55 
f 563//50 547//251 532//7 
f 566//54 547//30 563//55 
f 579//86 592//90 605//254 
f 605//310 592//98 601//103 
f 1093//86 1107//90 1120//254 
f 1120//310 1107//98 1116//103 
f 32//43 156//211 158//213 
f 158//334 156//211 160//216 
f 190//19 281//139 284//141 
f 281//139 279//335 284//300 
f 15//19 105//139 108//141 
f 105//139 103//335 108//300 
f 879//19 969//139 972//141 
f 969//139 967//335 972//300 
f 704//19 794//139 797//141 
f 794//139 792//335 797//300 
f 366//19 456//139 459//141 
f 456//139 454//335 459//300 
f 883//33 893//42 889//336 
f 868//21 883//25 889//256 
f 4//21 19//25 25//256 
f 19//33 29//42 25//336 
f 693//21 708//25 714//256 
f 708//33 718//42 714//336 
f 370//33 380//42 376//336 
f 355//21 370//25 376//256 
f 179//21 195//25 201//256 
f 195//33 205//42 201//336 
f 304//337 302//299 1240//289 
f 311//272 304//324 1240//273 
f 135//272 128//324 1239//273 
f 128//337 126//299 1239//289 
f 999//272 992//324 1238//273 
f 992//337 990//299 1238//289 
f 817//337 815//299 1237//289 
f 824//272 817//324 1237//273 
f 703//17 856//230 857//231 
f 857//232 856//338 859//330 
f 168//232 167//338 170//330 
f 14//17 167//230 168//231 
f 878//17 1031//230 1032//231 
f 1032//232 1031//338 1034//330 
f 365//17 517//230 518//231 
f 518//232 517//338 520//330 
f 189//17 343//230 344//231 
f 344//232 343//338 346//330 
f 307//175 304//324 311//272 
f 219//56 307//175 311//178 
f 43//56 131//175 135//178 
f 131//175 128//324 135//272 
f 907//56 995//175 999//178 
f 995//175 992//324 999//272 
f 820//175 817//324 824//272 
f 732//56 820//175 824//178 
f 649//169 666//198 670//203 
f 669//311 670//203 666//280 
f 1163//169 1180//198 1184//203 
f 1183//311 1184//203 1180//280 
f 1122//111 1173//184 1170//180 
f 1170//312 1173//275 1243//276 
f 607//111 659//184 656//180 
f 656//312 659//275 1244//276 
f 932//96 937//98 946//310 
f 935//95 937//98 932//96 
f 757//96 762//98 771//310 
f 760//95 762//98 757//96 
f 69//96 75//98 84//310 
f 73//95 75//98 69//96 
f 420//96 426//98 435//310 
f 424//95 426//98 420//96 
f 244//96 249//98 258//310 
f 247//95 249//98 244//96 
f 1203//243 1260//313 1201//314 
f 1201//257 1260//315 1199//258 
f 689//243 1259//313 687//314 
f 687//257 1259//315 685//258 
f 635//317 1248//318 631//319 
f 635//316 642//281 1248//263 
f 1149//317 1245//318 1145//319 
f 1149//316 1156//281 1245//263 
f 508//216 510//217 512//220 
f 508//308 512//220 513//333 
f 192//22 190//19 180//18 
f 198//339 192//22 180//252 
# 0 polygons - 2492 triangles

