# 3ds Max Wavefront OBJ Exporter v0.99 - (c)2007 guruware
# File Created: 18.07.2026 20:59:26

#
# object Sphere__17_
#

v  -12.6269 -21.7377 -6.2153
v  -6.4945 -23.5993 -6.4945
v  -6.6288 -24.2348 0.0000
v  -12.0971 -20.0946 -12.0971
v  -18.4247 -19.2452 0.0000
v  -0.0000 -25.0087 0.0000
v  -6.4945 -23.5993 6.4945
v  0.0000 -24.2348 -6.6288
v  -20.3150 -12.4410 -15.7964
v  -21.7912 -13.9172 -11.1894
v  -18.9291 -11.0551 -18.9291
v  -15.7964 -12.4410 -20.3150
v  -22.8186 -14.9446 -5.7913
v  -11.1894 -13.9172 -21.7912
v  -11.5009 -17.4612 -17.3429
v  -23.1833 -15.3093 0.0000
v  -5.7913 -14.9446 -22.8186
v  -18.1181 -18.7992 5.9329
v  -22.8186 -14.9446 5.7913
v  0.0000 -15.3093 -23.1833
v  6.2153 -21.7377 -12.6269
v  -21.7912 -13.9172 11.1894
v  5.7913 -14.9446 -22.8186
v  -11.5009 -17.4612 17.3429
v  -20.3150 -12.4410 15.7964
v  11.1894 -13.9172 -21.7912
v  11.5009 -17.4612 -17.3429
v  12.6269 -21.7377 -6.2153
v  6.6288 -24.2348 0.0000
v  12.8641 -22.2830 0.0000
v  18.4247 -19.2452 0.0000
v  23.1833 -15.3093 0.0000
v  22.8186 -14.9446 -5.7913
v  21.7912 -13.9172 -11.1894
v  20.3150 -12.4410 -15.7964
v  15.7964 -12.4410 -20.3150
v  18.9291 -11.0551 -18.9291
v  0.0000 -24.2348 6.6288
v  6.4945 -23.5993 6.4945
v  12.0971 -20.0946 12.0971
v  -0.0000 -19.2452 18.4248
v  5.7913 -14.9446 22.8186
v  -0.0000 -15.3092 23.1833
v  -5.7913 -14.9446 22.8186
v  -11.1894 -13.9172 21.7912
v  -15.7964 -12.4410 20.3150
v  -18.9291 -11.0550 18.9291
v  11.1894 -13.9172 21.7912
v  15.7964 -12.4410 20.3150
v  18.9291 -11.0550 18.9291
v  20.3150 -12.4410 15.7964
v  18.1181 -18.7992 5.9329
v  21.7912 -13.9172 11.1894
v  22.8186 -14.9446 5.7913
v  -6.5165 39.3887 -6.5165
v  -0.0000 40.7567 -0.0000
v  0.0000 40.0239 -6.6512
v  -12.1381 35.8757 -12.1381
v  -6.6513 40.0239 -0.0000
v  -15.8433 28.2014 -20.3841
v  -17.4044 33.2356 -11.5390
v  -11.2270 29.6798 -21.8652
v  -18.9954 26.8079 -18.9954
v  -20.3841 28.2014 -15.8433
v  5.9530 34.5800 -18.1825
v  -5.8107 30.7095 -22.8947
v  -21.8652 29.6798 -11.2270
v  0.0000 31.0753 -23.2607
v  -22.8947 30.7095 -5.8107
v  5.8107 30.7095 -22.8947
v  -23.2607 31.0753 -0.0000
v  -18.1825 34.5800 5.9530
v  11.2270 29.6798 -21.8652
v  -22.8947 30.7095 5.8107
v  -21.8652 29.6798 11.2270
v  -20.3841 28.2014 15.8433
v  -11.5390 33.2356 17.4044
v  -15.8433 28.2014 20.3841
v  -18.9954 26.8079 18.9954
v  -11.2270 29.6798 21.8652
v  -5.8107 30.7095 22.8947
v  -0.0000 35.0260 18.4899
v  -0.0000 31.0753 23.2607
v  5.8107 30.7095 22.8947
v  11.2270 29.6798 21.8652
v  -12.6688 37.5218 6.2359
v  -0.0000 40.0239 6.6512
v  15.8433 28.2014 20.3841
v  12.1381 35.8757 12.1381
v  18.9954 26.8079 18.9954
v  20.3841 28.2014 15.8433
v  6.5165 39.3887 6.5165
v  21.8652 29.6798 11.2270
v  18.1825 34.5800 5.9530
v  22.8947 30.7095 5.8107
v  6.6512 40.0239 -0.0000
v  12.9081 38.0670 -0.0000
v  18.4899 35.0260 -0.0000
v  23.2607 31.0753 -0.0000
v  20.3841 28.2014 -15.8433
v  18.9954 26.8079 -18.9954
v  15.8433 28.2014 -20.3841
v  17.4044 33.2356 -11.5390
v  21.8652 29.6798 -11.2270
v  22.8947 30.7095 -5.8107
v  6.2360 37.5218 -12.6688
v  -20.3150 -7.9224 20.3150
v  -25.3353 -3.6270 17.3429
v  -21.7912 -3.3154 21.7912
v  -26.6732 -10.2441 5.9329
v  -22.8186 2.0827 22.8186
v  -23.2515 7.8740 23.2515
v  -30.1570 -4.9901 -0.0000
v  -22.8947 13.6289 22.8947
v  -26.7644 13.7717 18.1825
v  -21.8652 19.0471 21.8652
v  -27.9686 -4.2231 -12.0971
v  -20.3841 23.6691 20.3841
v  -28.0492 19.9579 12.1381
v  -20.3150 -7.9224 -20.3150
v  -25.3353 -3.6270 -17.3429
v  -21.7912 -3.3154 -21.7912
v  -22.8186 2.0827 -22.8186
v  -25.4189 19.3601 -17.4044
v  -23.2607 7.8159 -23.2607
v  -22.8947 13.6289 -22.8947
v  -26.7644 25.9958 5.9530
v  -26.7644 25.9958 -5.9530
v  -21.8652 19.0471 -21.8652
v  -20.3841 23.6691 -20.3841
v  20.3150 -7.9224 20.3150
v  17.3429 -3.6269 25.3353
v  21.7912 -3.3154 21.7912
v  6.2153 -4.7529 29.6118
v  22.8186 2.0827 22.8186
v  23.2515 7.8740 23.2515
v  -5.9328 -10.2441 26.6732
v  22.8947 13.6289 22.8947
v  18.1825 13.7717 26.7644
v  21.8652 19.0471 21.8652
v  -12.0971 -4.2231 27.9686
v  20.3841 23.6691 20.3841
v  12.1381 19.9579 28.0492
v  -18.1181 1.9412 26.6732
v  -18.1825 13.7717 26.7644
v  5.9530 25.9958 26.7644
v  -5.9530 25.9958 26.7644
v  27.1192 -10.5507 0.0000
v  27.9686 -4.2231 12.0971
v  30.1570 -4.9901 0.0000
v  32.1088 1.2452 0.0000
v  32.2507 7.8740 6.4151
v  32.8827 7.8740 0.0000
v  26.6732 1.9412 18.1181
v  32.2026 14.4701 -0.0000
v  30.2418 20.7285 -0.0000
v  29.6965 20.4906 6.2359
v  26.7644 13.7717 18.1825
v  27.2103 26.3029 -0.0000
v  25.4189 25.2195 11.5390
v  20.3150 -7.9224 -20.3150
v  25.3353 -3.6269 -17.3429
v  21.7912 -3.3154 -21.7912
v  22.8186 2.0827 -22.8186
v  27.2103 7.8159 -18.4899
v  23.2607 7.8159 -23.2607
v  29.6118 1.6587 -12.6269
v  22.8947 13.6289 -22.8947
v  21.8652 19.0471 -21.8652
v  29.6965 14.0548 -12.6688
v  20.3841 23.6691 -20.3841
v  28.0492 19.9579 -12.1381
v  25.4189 25.2195 -11.5390
v  -17.3429 -3.6270 -25.3352
v  -5.9329 -10.2441 -26.6732
v  -18.4899 7.8159 -27.2103
v  0.0000 -4.9901 -30.1570
v  12.0971 -4.2231 -27.9686
v  -12.1381 19.9579 -28.0492
v  17.3429 -3.6269 -25.3352
v  17.4044 19.3602 -25.4189
v  -5.9530 25.9958 -26.7644
v  5.9530 25.9958 -26.7644
v  -7.8764 -27.0666 -34.5291
v  -2.9804 -28.5529 -34.7520
v  -3.0876 -29.0602 -29.5669
v  -6.9774 -23.6524 -43.4131
v  -12.5052 -25.0767 -29.5669
v  2.2047 -29.6781 -29.5669
v  -2.9804 -28.5529 -24.3819
v  2.2047 -29.0602 -34.8592
v  -14.0144 -19.6443 -42.1784
v  -15.1929 -20.8229 -38.5003
v  -12.9079 -18.5378 -44.6795
v  -10.4068 -19.6443 -45.7860
v  -16.0132 -21.6431 -34.1906
v  -6.7287 -20.8229 -46.9646
v  -16.3043 -21.9343 -29.5669
v  -2.4190 -21.6431 -47.7849
v  -16.0132 -21.6431 -24.9433
v  2.2047 -21.9343 -48.0760
v  7.1669 -27.0666 -39.6480
v  -15.1929 -20.8229 -20.6335
v  6.8284 -21.6431 -47.7849
v  -6.9774 -23.6524 -15.7207
v  -14.0144 -19.6443 -16.9554
v  11.1381 -20.8229 -46.9646
v  11.3868 -23.6524 -43.4131
v  12.2858 -27.0666 -34.5291
v  7.4971 -29.0602 -29.5669
v  12.4751 -27.5020 -29.5669
v  16.9147 -25.0767 -29.5669
v  20.7138 -21.9343 -29.5669
v  20.4227 -21.6431 -34.1906
v  19.6024 -20.8229 -38.5003
v  18.4238 -19.6443 -42.1784
v  14.8162 -19.6443 -45.7860
v  17.3173 -18.5378 -44.6795
v  2.2047 -29.0602 -24.2746
v  7.3898 -28.5529 -24.3819
v  11.8628 -25.7548 -19.9089
v  2.2047 -25.0767 -14.8570
v  6.8284 -21.6431 -11.3490
v  2.2047 -21.9343 -11.0579
v  -2.4190 -21.6431 -11.3490
v  -6.7287 -20.8229 -12.1693
v  -10.4068 -19.6443 -13.3478
v  -12.9079 -18.5378 -14.4543
v  11.1381 -20.8229 -12.1693
v  14.8162 -19.6443 -13.3478
v  17.3173 -18.5378 -14.4543
v  18.4238 -19.6443 -16.9554
v  19.6024 -20.8229 -20.6335
v  20.4227 -21.6431 -24.9433
v  -2.9979 21.7355 -34.7696
v  2.2047 22.8277 -29.5669
v  2.2047 22.2426 -34.8772
v  -7.4861 18.9308 -39.2578
v  -3.1055 22.2426 -29.5669
v  -10.4442 12.8038 -45.8412
v  -6.7587 13.9841 -47.0237
v  -12.9608 11.6912 -44.7325
v  -14.0695 12.8038 -42.2159
v  2.2047 20.6803 -39.8725
v  -2.4344 14.8062 -47.8456
v  -15.2520 13.9841 -38.5303
v  6.9575 17.8963 -44.0835
v  2.2047 15.0982 -48.1378
v  -16.0740 14.8062 -34.2061
v  6.8438 14.8062 -47.8456
v  -16.3661 15.0982 -29.5669
v  -12.3118 17.8963 -24.8141
v  11.4172 16.8230 -43.4622
v  11.1681 13.9841 -47.0237
v  -16.0740 14.8062 -24.9278
v  -15.2520 13.9841 -20.6035
v  -14.0695 12.8038 -16.9180
v  -10.4442 12.8038 -13.2927
v  -12.9608 11.6912 -14.4014
v  -6.7587 13.9841 -12.1102
v  -2.4344 14.8062 -11.2882
v  2.2047 18.2524 -14.8049
v  2.2047 15.0982 -10.9961
v  6.8438 14.8062 -11.2882
v  11.1681 13.9841 -12.1102
v  -7.9098 20.2450 -24.5883
v  2.2047 22.2426 -24.2567
v  14.8537 12.8038 -13.2927
v  11.8955 18.9308 -19.8761
v  17.3703 11.6912 -14.4014
v  18.4790 12.8038 -16.9180
v  7.4074 21.7355 -24.3643
v  19.6615 13.9841 -20.6035
v  20.4834 14.8062 -24.9278
v  7.5149 22.2426 -29.5669
v  12.5103 20.6803 -29.5669
v  16.9667 18.2524 -29.5669
v  20.7756 15.0982 -29.5669
v  18.4790 12.8038 -42.2159
v  17.3703 11.6912 -44.7325
v  14.8537 12.8038 -45.8412
v  19.6615 13.9841 -38.5303
v  20.4834 14.8062 -34.2061
v  -14.0144 -16.0367 -13.3478
v  -18.0224 -12.6074 -15.7207
v  -15.1929 -12.3586 -12.1693
v  -19.0906 -17.8903 -24.8303
v  -16.0132 -8.0489 -11.3490
v  -16.3588 -3.4252 -11.0034
v  -16.0740 1.1694 -11.2882
v  -19.1634 1.2834 -15.0504
v  -15.2520 5.4951 -12.1102
v  -20.1248 -13.0833 -39.2250
v  -14.0695 9.1853 -13.2927
v  -20.1892 6.2224 -19.8761
v  -14.0144 -16.0367 -45.7860
v  -15.1929 -12.3586 -46.9646
v  -16.0132 -8.0489 -47.7849
v  -18.0892 5.7450 -43.4622
v  -16.3661 -3.4716 -48.1378
v  -16.0740 1.1694 -47.8456
v  -19.1634 11.0429 -24.8141
v  -19.1634 11.0429 -34.3197
v  -15.2520 5.4951 -47.0237
v  -14.0695 9.1853 -45.8412
v  18.4238 -16.0367 -13.3478
v  16.0509 -12.6073 -9.3398
v  19.6024 -12.3586 -12.1693
v  7.1669 -13.5063 -5.9255
v  20.4227 -8.0489 -11.3490
v  20.7683 -3.4252 -11.0034
v  -2.5319 -17.8903 -8.2716
v  20.4834 1.1694 -11.2882
v  16.7212 1.2834 -8.1988
v  19.6615 5.4951 -12.1102
v  18.4790 9.1853 -13.2927
v  11.8955 6.2224 -7.1730
v  -12.2604 -8.1619 -8.2716
v  -12.3118 1.2834 -8.1988
v  6.9575 11.0429 -8.1988
v  -2.5481 11.0429 -8.1988
v  23.8562 -18.1352 -29.5669
v  24.5343 -13.0833 -19.9089
v  26.2815 -13.6956 -29.5669
v  27.8397 -8.7175 -29.5669
v  27.9531 -3.4252 -24.4452
v  28.4576 -3.4252 -29.5669
v  23.5001 -8.1619 -15.1018
v  27.9146 1.8410 -29.5669
v  26.3492 6.8375 -29.5669
v  25.9139 6.6476 -24.5883
v  23.5729 1.2834 -15.0504
v  23.9289 11.2881 -29.5669
v  22.4987 10.4231 -20.3545
v  18.4238 -16.0367 -45.7860
v  22.4319 -12.6073 -43.4132
v  19.6024 -12.3586 -46.9646
v  20.4227 -8.0489 -47.7849
v  23.9289 -3.4716 -44.3289
v  20.7756 -3.4716 -48.1378
v  25.8462 -8.3874 -39.6480
v  20.4834 1.1694 -47.8456
v  19.6615 5.4951 -47.0237
v  25.9139 1.5094 -39.6814
v  18.4790 9.1853 -45.8412
v  22.4987 10.4231 -38.7794
v  -11.6415 -12.6074 -49.7941
v  -12.5573 -3.4716 -51.2911
v  2.2047 -13.6956 -53.6437
v  11.8628 -13.0833 -51.8965
v  -7.4861 6.2223 -51.9609
v  16.1000 5.7451 -49.8609
v  -2.5480 11.0429 -50.9351
v  6.9575 11.0429 -50.9351
v  -16.3803 -27.0666 34.0142
v  -11.4843 -28.5528 33.7913
v  -11.5915 -29.0602 38.9764
v  -15.4813 -23.6523 25.1302
v  -21.0092 -25.0766 38.9764
v  -6.2992 -29.6781 38.9764
v  -11.4843 -28.5528 44.1615
v  -6.2992 -29.0602 33.6841
v  -22.5183 -19.6443 26.3649
v  -23.6969 -20.8229 30.0430
v  -21.4118 -18.5378 23.8638
v  -18.9107 -19.6443 22.7573
v  -24.5172 -21.6431 34.3527
v  -15.2326 -20.8229 21.5787
v  -24.8083 -21.9342 38.9764
v  -10.9229 -21.6431 20.7584
v  -24.5172 -21.6431 43.6001
v  -6.2992 -21.9343 20.4673
v  -1.3370 -27.0666 28.8953
v  -23.6969 -20.8229 47.9098
v  -1.6755 -21.6431 20.7584
v  -15.4813 -23.6523 52.8226
v  -22.5183 -19.6443 51.5879
v  2.6342 -20.8229 21.5787
v  2.8829 -23.6523 25.1302
v  3.7819 -27.0666 34.0142
v  -1.0069 -29.0602 38.9764
v  3.9712 -27.5020 38.9764
v  8.4107 -25.0766 38.9764
v  12.2098 -21.9342 38.9764
v  11.9187 -21.6431 34.3527
v  11.0985 -20.8229 30.0430
v  9.9199 -19.6443 26.3649
v  6.3123 -19.6443 22.7573
v  8.8134 -18.5378 23.8638
v  -6.2992 -29.0602 44.2687
v  -1.1141 -28.5528 44.1615
v  3.3589 -25.7548 48.6344
v  -6.2992 -25.0766 53.6863
v  -1.6755 -21.6431 57.1943
v  -6.2992 -21.9342 57.4854
v  -10.9229 -21.6431 57.1943
v  -15.2326 -20.8228 56.3740
v  -18.9107 -19.6443 55.1955
v  -21.4118 -18.5378 54.0890
v  2.6342 -20.8228 56.3740
v  6.3123 -19.6443 55.1955
v  8.8134 -18.5378 54.0890
v  9.9199 -19.6443 51.5879
v  11.0985 -20.8229 47.9098
v  11.9187 -21.6431 43.6001
v  -11.5019 21.7355 33.7737
v  -6.2992 22.8277 38.9764
v  -6.2992 22.2426 33.6662
v  -15.9900 18.9308 29.2856
v  -11.6095 22.2426 38.9764
v  -18.9482 12.8038 22.7021
v  -15.2626 13.9841 21.5196
v  -21.4647 11.6912 23.8108
v  -22.5734 12.8038 26.3274
v  -1.5465 17.8963 24.4599
v  -10.9383 14.8062 20.6977
v  -23.7560 13.9841 30.0130
v  -6.2992 15.0982 20.4055
v  -24.5779 14.8062 34.3373
v  -1.6601 14.8062 20.6977
v  -24.8701 15.0982 38.9764
v  -20.8157 17.8963 43.7292
v  2.6642 13.9841 21.5196
v  -24.5779 14.8062 43.6155
v  -23.7560 13.9841 47.9398
v  -22.5734 12.8038 51.6253
v  -18.9482 12.8038 55.2506
v  -21.4647 11.6912 54.1419
v  -15.2626 13.9841 56.4331
v  -10.9383 14.8062 57.2551
v  -6.2992 18.2524 53.7384
v  -6.2992 15.0982 57.5472
v  -1.6601 14.8062 57.2551
v  2.6642 13.9841 56.4331
v  -16.4137 20.2450 43.9550
v  -6.2992 22.2427 44.2866
v  6.3497 12.8038 55.2506
v  3.3916 18.9308 48.6672
v  8.8663 11.6912 54.1419
v  9.9750 12.8038 51.6253
v  -1.0965 21.7355 44.1790
v  11.1575 13.9841 47.9398
v  11.9795 14.8062 43.6155
v  -0.9890 22.2426 38.9764
v  4.0064 20.6803 38.9764
v  8.4628 18.2524 38.9764
v  12.2716 15.0982 38.9764
v  9.9750 12.8038 26.3274
v  8.8663 11.6912 23.8108
v  6.3497 12.8038 22.7021
v  7.5961 16.8230 29.7639
v  11.1575 13.9841 30.0130
v  11.9795 14.8062 34.3373
v  -1.3206 20.2450 28.8619
v  -22.5183 -16.0367 55.1955
v  -26.5264 -12.6073 52.8226
v  -23.6969 -12.3586 56.3740
v  -27.5946 -17.8903 43.7131
v  -24.5172 -8.0489 57.1943
v  -24.8628 -3.4252 57.5399
v  -24.5779 1.1694 57.2551
v  -27.6674 1.2834 53.4929
v  -23.7560 5.4952 56.4331
v  -28.6288 -13.0833 29.3183
v  -22.5734 9.1853 55.2506
v  -28.6931 6.2224 48.6672
v  -22.5183 -16.0367 22.7573
v  -23.6969 -12.3586 21.5787
v  -24.5172 -8.0489 20.7584
v  -26.5932 5.7451 25.0811
v  -24.8701 -3.4716 20.4055
v  -24.5779 1.1694 20.6977
v  -27.6674 11.0429 43.7292
v  -27.6674 11.0429 34.2236
v  -23.7560 5.4952 21.5196
v  -22.5734 9.1853 22.7021
v  9.9199 -16.0367 55.1955
v  7.5470 -12.6073 59.2035
v  11.0985 -12.3586 56.3740
v  -1.3370 -13.5063 62.6178
v  11.9187 -8.0489 57.1943
v  12.2643 -3.4252 57.5399
v  -11.0359 -17.8903 60.2717
v  11.9795 1.1694 57.2551
v  8.2173 1.2834 60.3445
v  11.1575 5.4952 56.4331
v  9.9750 9.1853 55.2506
v  3.3916 6.2224 61.3703
v  -20.7643 -8.1619 60.2717
v  -20.8157 1.2834 60.3445
v  -1.5464 11.0429 60.3445
v  -11.0520 11.0429 60.3445
v  15.3522 -18.1351 38.9764
v  16.0304 -13.0833 48.6344
v  17.7776 -13.6956 38.9764
v  19.3358 -8.7175 38.9764
v  19.4491 -3.4252 44.0981
v  19.9537 -3.4252 38.9764
v  14.9961 -8.1619 53.4415
v  19.4107 1.8410 38.9764
v  17.8452 6.8375 38.9764
v  17.4099 6.6476 43.9550
v  15.0689 1.2834 53.4929
v  15.4249 11.2881 38.9764
v  13.9947 10.4231 48.1889
v  9.9199 -16.0367 22.7573
v  13.9279 -12.6073 25.1302
v  11.0985 -12.3586 21.5787
v  11.9187 -8.0489 20.7584
v  15.4249 -3.4716 24.2144
v  12.2716 -3.4716 20.4055
v  17.3422 -8.3874 28.8953
v  11.9795 1.1694 20.6977
v  11.1575 5.4952 21.5196
v  17.4099 1.5094 28.8619
v  9.9750 9.1853 22.7021
v  13.9947 10.4231 29.7639
v  -20.1454 -12.6074 18.7492
v  -21.0612 -3.4716 17.2522
v  -6.2992 -13.6956 14.8996
v  3.3589 -13.0833 16.6468
v  -15.9900 6.2224 16.5825
v  7.5961 5.7451 18.6824
v  -11.0520 11.0429 17.6082
v  -1.5465 11.0429 17.6082
v  -41.4197 -27.0666 11.9276
v  -36.5237 -28.5528 11.7047
v  -36.6309 -29.0602 16.8898
v  -40.5207 -23.6524 3.0435
v  -46.0485 -25.0766 16.8898
v  -31.3386 -29.6781 16.8898
v  -36.5237 -28.5528 22.0748
v  -31.3386 -29.0602 11.5975
v  -47.5577 -19.6443 4.2782
v  -48.7363 -20.8229 7.9563
v  -46.4512 -18.5378 1.7772
v  -43.9501 -19.6443 0.6707
v  -49.5565 -21.6431 12.2661
v  -40.2720 -20.8229 -0.5079
v  -49.8476 -21.9343 16.8898
v  -35.9623 -21.6431 -1.3282
v  -49.5565 -21.6431 21.5134
v  -31.3386 -21.9343 -1.6193
v  -26.3764 -27.0666 6.8087
v  -48.7363 -20.8229 25.8232
v  -26.7149 -21.6431 -1.3282
v  -40.5207 -23.6523 30.7360
v  -47.5577 -19.6443 29.5013
v  -22.4052 -20.8229 -0.5079
v  -26.0462 -29.0602 16.8898
v  -21.0682 -27.5020 16.8898
v  -16.6286 -25.0766 16.8898
v  -17.4924 -23.6524 7.7077
v  -12.8295 -21.9343 16.8898
v  -13.1206 -21.6431 12.2661
v  -13.9409 -20.8229 7.9563
v  -15.1195 -19.6443 4.2782
v  -18.7271 -19.6443 0.6707
v  -16.2260 -18.5378 1.7772
v  -31.3386 -29.0602 22.1821
v  -26.1535 -28.5528 22.0748
v  -21.6805 -25.7548 26.5478
v  -31.3386 -25.0766 31.5997
v  -26.7149 -21.6431 35.1077
v  -31.3386 -21.9342 35.3988
v  -35.9623 -21.6431 35.1077
v  -40.2720 -20.8229 34.2874
v  -43.9501 -19.6443 33.1089
v  -46.4512 -18.5378 32.0023
v  -22.4052 -20.8229 34.2874
v  -18.7271 -19.6443 33.1089
v  -16.2260 -18.5378 32.0023
v  -15.1195 -19.6443 29.5013
v  -13.9409 -20.8229 25.8232
v  -13.1206 -21.6431 21.5134
v  -36.5413 21.7355 11.6871
v  -31.3386 22.8277 16.8898
v  -31.3386 22.2426 11.5795
v  -41.0294 18.9308 7.1989
v  -36.6488 22.2426 16.8898
v  -43.9875 12.8038 0.6155
v  -40.3020 13.9841 -0.5670
v  -46.5041 11.6912 1.7242
v  -47.6128 12.8038 4.2408
v  -31.3386 20.6803 6.5842
v  -35.9777 14.8062 -1.3889
v  -48.7953 13.9841 7.9263
v  -26.5858 17.8963 2.3732
v  -31.3386 15.0982 -1.6811
v  -49.6173 14.8062 12.2506
v  -26.6995 14.8062 -1.3889
v  -49.9094 15.0982 16.8898
v  -45.8551 17.8963 21.6425
v  -22.1261 16.8230 2.9944
v  -22.3752 13.9841 -0.5670
v  -49.6173 14.8062 21.5289
v  -48.7953 13.9841 25.8532
v  -47.6128 12.8038 29.5387
v  -43.9875 12.8038 33.1640
v  -46.5041 11.6912 32.0553
v  -40.3020 13.9841 34.3465
v  -35.9777 14.8062 35.1685
v  -31.3386 18.2524 31.6518
v  -31.3386 15.0982 35.4606
v  -26.6995 14.8062 35.1685
v  -22.3752 13.9841 34.3465
v  -41.4531 20.2450 21.8684
v  -31.3386 22.2426 22.2000
v  -18.6896 12.8038 33.1640
v  -21.6478 18.9308 26.5806
v  -16.1731 11.6912 32.0553
v  -15.0644 12.8038 29.5387
v  -26.1359 21.7355 22.0924
v  -13.8818 13.9841 25.8532
v  -13.0599 14.8062 21.5289
v  -26.0284 22.2426 16.8898
v  -21.0330 20.6803 16.8898
v  -16.5766 18.2524 16.8898
v  -12.7677 15.0982 16.8898
v  -15.0644 12.8038 4.2408
v  -16.1731 11.6912 1.7242
v  -18.6896 12.8038 0.6155
v  -13.8818 13.9841 7.9263
v  -13.0599 14.8062 12.2506
v  -47.5577 -16.0367 33.1089
v  -51.5657 -12.6074 30.7360
v  -48.7363 -12.3586 34.2874
v  -52.6339 -17.8903 21.6264
v  -49.5565 -8.0489 35.1077
v  -49.9021 -3.4252 35.4533
v  -49.6173 1.1694 35.1685
v  -52.7067 1.2834 31.4063
v  -48.7953 5.4952 34.3465
v  -53.6682 -13.0833 7.2317
v  -47.6128 9.1853 33.1640
v  -53.7325 6.2224 26.5806
v  -47.5577 -16.0367 0.6707
v  -48.7363 -12.3586 -0.5079
v  -49.5565 -8.0489 -1.3282
v  -51.6325 5.7451 2.9944
v  -49.9094 -3.4716 -1.6811
v  -49.6173 1.1694 -1.3889
v  -52.7067 11.0429 21.6426
v  -52.7067 11.0429 12.1370
v  -48.7953 5.4951 -0.5670
v  -47.6128 9.1853 0.6155
v  -15.1195 -16.0367 33.1089
v  -17.4924 -12.6073 37.1169
v  -13.9409 -12.3586 34.2874
v  -26.3764 -13.5063 40.5312
v  -13.1206 -8.0489 35.1077
v  -12.7750 -3.4252 35.4533
v  -36.0752 -17.8903 38.1851
v  -13.0599 1.1694 35.1685
v  -16.8221 1.2834 38.2579
v  -13.8818 5.4952 34.3465
v  -15.0644 9.1853 33.1640
v  -21.6478 6.2224 39.2837
v  -45.8037 -8.1619 38.1851
v  -45.8551 1.2834 38.2579
v  -26.5858 11.0429 38.2579
v  -36.0914 11.0429 38.2579
v  -9.6871 -18.1351 16.8898
v  -9.0090 -13.0833 26.5478
v  -7.2618 -13.6956 16.8898
v  -5.7036 -8.7175 16.8898
v  -5.5902 -3.4252 22.0114
v  -5.0857 -3.4252 16.8898
v  -10.0432 -8.1619 31.3549
v  -5.6287 1.8410 16.8898
v  -7.1941 6.8375 16.8898
v  -7.6295 6.6476 21.8684
v  -9.9704 1.2834 31.4063
v  -9.6145 11.2881 16.8898
v  -11.0446 10.4231 26.1022
v  -15.1195 -16.0367 0.6707
v  -11.1114 -12.6073 3.0435
v  -13.9409 -12.3586 -0.5079
v  -13.1206 -8.0489 -1.3282
v  -9.6145 -3.4716 2.1278
v  -12.7677 -3.4716 -1.6811
v  -7.6971 -8.3874 6.8087
v  -13.0599 1.1694 -1.3889
v  -13.8818 5.4951 -0.5670
v  -7.6295 1.5094 6.7753
v  -15.0644 9.1853 0.6155
v  -11.0446 10.4231 7.6773
v  -45.1848 -12.6074 -3.3374
v  -46.1006 -3.4716 -4.8344
v  -31.3386 -13.6956 -7.1870
v  -21.6805 -13.0833 -5.4398
v  -41.0294 6.2224 -5.5042
v  -17.4433 5.7451 -3.4042
v  -36.0913 11.0429 -4.4784
v  -26.5858 11.0429 -4.4784
v  31.0606 -27.0666 0.4315
v  35.9567 -28.5528 0.2086
v  35.8494 -29.0602 5.3937
v  31.9596 -23.6524 -8.4525
v  26.4318 -25.0767 5.3937
v  41.1417 -29.6781 5.3937
v  35.9567 -28.5528 10.5788
v  41.1417 -29.0602 0.1014
v  24.9226 -19.6443 -7.2178
v  23.7441 -20.8229 -3.5397
v  26.0291 -18.5378 -9.7189
v  28.5302 -19.6443 -10.8254
v  22.9238 -21.6431 0.7700
v  32.2083 -20.8229 -12.0040
v  22.6327 -21.9343 5.3937
v  36.5181 -21.6431 -12.8242
v  22.9238 -21.6431 10.0174
v  41.1417 -21.9343 -13.1154
v  46.1039 -27.0666 -4.6874
v  23.7441 -20.8229 14.3271
v  45.7654 -21.6431 -12.8242
v  31.9596 -23.6524 19.2399
v  24.9226 -19.6443 18.0052
v  50.0751 -20.8229 -12.0040
v  46.4341 -29.0602 5.3937
v  51.4122 -27.5020 5.3937
v  55.8517 -25.0767 5.3937
v  54.9880 -23.6524 -3.7884
v  59.6508 -21.9343 5.3937
v  59.3597 -21.6431 0.7700
v  58.5394 -20.8229 -3.5397
v  57.3608 -19.6443 -7.2178
v  53.7532 -19.6443 -10.8254
v  56.2543 -18.5378 -9.7189
v  41.1417 -29.0602 10.6860
v  46.3268 -28.5528 10.5788
v  50.7998 -25.7548 15.0518
v  41.1417 -25.0766 20.1037
v  45.7654 -21.6431 23.6116
v  41.1417 -21.9343 23.9028
v  36.5181 -21.6431 23.6116
v  32.2083 -20.8229 22.7914
v  28.5302 -19.6443 21.6128
v  26.0291 -18.5378 20.5063
v  50.0751 -20.8229 22.7914
v  53.7532 -19.6443 21.6128
v  56.2543 -18.5378 20.5063
v  57.3608 -19.6443 18.0052
v  58.5394 -20.8229 14.3271
v  59.3597 -21.6431 10.0174
v  35.9391 21.7355 0.1910
v  41.1417 22.8277 5.3937
v  41.1417 22.2426 0.0835
v  31.4509 18.9308 -4.2971
v  35.8315 22.2426 5.3937
v  28.4928 12.8038 -10.8805
v  32.1783 13.9841 -12.0631
v  25.9762 11.6912 -9.7718
v  24.8675 12.8038 -7.2553
v  45.8945 17.8963 -9.1228
v  36.5026 14.8062 -12.8850
v  23.6850 13.9841 -3.5697
v  41.1417 15.0982 -13.1772
v  22.8630 14.8062 0.7546
v  45.7809 14.8062 -12.8850
v  22.5709 15.0982 5.3937
v  26.6252 17.8963 10.1465
v  50.1051 13.9841 -12.0631
v  22.8630 14.8062 10.0328
v  23.6850 13.9841 14.3571
v  24.8675 12.8038 18.0426
v  28.4928 12.8038 21.6679
v  25.9762 11.6912 20.5592
v  32.1783 13.9841 22.8505
v  36.5026 14.8062 23.6724
v  41.1417 18.2524 20.1557
v  41.1417 15.0982 23.9645
v  45.7809 14.8062 23.6724
v  50.1051 13.9841 22.8505
v  31.0273 20.2450 10.3724
v  41.1417 22.2426 10.7039
v  53.7907 12.8038 21.6679
v  50.8325 18.9308 15.0845
v  56.3073 11.6912 20.5592
v  57.4160 12.8038 18.0426
v  46.3444 21.7355 10.5964
v  58.5985 13.9841 14.3571
v  59.4204 14.8062 10.0328
v  46.4520 22.2426 5.3937
v  51.4473 20.6803 5.3937
v  55.9037 18.2524 5.3937
v  59.7126 15.0982 5.3937
v  57.4160 12.8038 -7.2553
v  56.3073 11.6912 -9.7718
v  53.7907 12.8038 -10.8805
v  55.0370 16.8230 -3.8188
v  58.5985 13.9841 -3.5697
v  59.4204 14.8062 0.7546
v  46.1204 20.2450 -4.7208
v  24.9226 -16.0367 21.6128
v  20.9146 -12.6074 19.2399
v  23.7441 -12.3586 22.7914
v  19.8464 -17.8903 10.1304
v  22.9238 -8.0489 23.6116
v  22.5782 -3.4252 23.9572
v  22.8630 1.1694 23.6724
v  19.7736 1.2834 19.9102
v  23.6850 5.4952 22.8505
v  18.8122 -13.0833 -4.2644
v  24.8675 9.1853 21.6679
v  18.7478 6.2224 15.0845
v  24.9226 -16.0367 -10.8254
v  23.7441 -12.3586 -12.0040
v  22.9238 -8.0489 -12.8242
v  20.8478 5.7450 -8.5016
v  22.5709 -3.4716 -13.1771
v  22.8630 1.1694 -12.8850
v  19.7736 11.0429 10.1465
v  19.7736 11.0429 0.6409
v  23.6850 5.4951 -12.0631
v  24.8675 9.1853 -10.8805
v  57.3608 -16.0367 21.6128
v  54.9880 -12.6073 25.6209
v  58.5394 -12.3586 22.7914
v  46.1039 -13.5063 29.0351
v  59.3597 -8.0489 23.6116
v  59.7053 -3.4252 23.9572
v  36.4051 -17.8903 26.6891
v  59.4204 1.1694 23.6724
v  55.6582 1.2834 26.7619
v  58.5985 5.4952 22.8505
v  57.4160 9.1853 21.6679
v  50.8325 6.2224 27.7876
v  26.6766 -8.1619 26.6891
v  26.6252 1.2834 26.7619
v  45.8945 11.0429 26.7619
v  36.3889 11.0429 26.7619
v  62.7932 -18.1351 5.3937
v  63.4713 -13.0833 15.0518
v  65.2185 -13.6956 5.3937
v  66.7767 -8.7175 5.3937
v  66.8901 -3.4252 10.5154
v  67.3946 -3.4252 5.3937
v  62.4371 -8.1619 19.8588
v  66.8516 1.8410 5.3937
v  65.2862 6.8375 5.3937
v  64.8509 6.6476 10.3724
v  62.5099 1.2834 19.9102
v  62.8659 11.2881 5.3937
v  61.4357 10.4231 14.6062
v  57.3608 -16.0367 -10.8254
v  61.3689 -12.6073 -8.4525
v  58.5394 -12.3586 -12.0040
v  59.3597 -8.0489 -12.8242
v  62.8659 -3.4716 -9.3683
v  59.7126 -3.4716 -13.1771
v  64.7832 -8.3874 -4.6874
v  59.4204 1.1694 -12.8850
v  58.5985 5.4951 -12.0631
v  64.8509 1.5094 -4.7208
v  57.4160 9.1853 -10.8805
v  61.4357 10.4231 -3.8188
v  27.2955 -12.6074 -14.8335
v  26.3797 -3.4716 -16.3304
v  41.1417 -13.6956 -18.6831
v  50.7998 -13.0833 -16.9359
v  31.4509 6.2224 -17.0002
v  55.0370 5.7451 -14.9003
v  36.3890 11.0429 -15.9745
v  45.8945 11.0429 -15.9745
v  26.4478 -22.0041 -30.8287
v  30.2953 -23.1720 -31.0039
v  30.2111 -23.5707 -26.9291
v  27.1542 -19.3209 -37.8103
v  22.8101 -20.4402 -26.9291
v  34.3701 -24.0563 -26.9291
v  30.2953 -23.1720 -22.8544
v  34.3701 -23.5707 -31.0881
v  21.6241 -16.1712 -36.8400
v  20.6979 -17.0973 -33.9495
v  22.4937 -15.3016 -38.8055
v  24.4592 -16.1712 -39.6751
v  20.0533 -17.7420 -30.5627
v  27.3497 -17.0973 -40.6013
v  19.8245 -17.9707 -26.9291
v  30.7365 -17.7420 -41.2459
v  20.0533 -17.7420 -23.2956
v  34.3701 -17.9707 -41.4747
v  38.2697 -22.0041 -34.8514
v  20.6979 -17.0973 -19.9087
v  38.0036 -17.7420 -41.2459
v  27.1542 -19.3209 -16.0479
v  21.6241 -16.1712 -17.0182
v  41.3905 -17.0973 -40.6013
v  38.5291 -23.5707 -26.9291
v  42.4412 -22.3462 -26.9291
v  45.9300 -20.4402 -26.9291
v  45.2513 -19.3209 -34.1450
v  48.9156 -17.9707 -26.9291
v  48.6868 -17.7420 -30.5627
v  48.0422 -17.0973 -33.9495
v  47.1160 -16.1712 -36.8400
v  44.2810 -16.1712 -39.6751
v  46.2465 -15.3016 -38.8055
v  34.3701 -23.5707 -22.7701
v  38.4448 -23.1720 -22.8544
v  41.9600 -20.9731 -19.3392
v  34.3701 -20.4402 -15.3692
v  38.0036 -17.7420 -12.6124
v  34.3701 -17.9707 -12.3836
v  30.7365 -17.7420 -12.6124
v  27.3497 -17.0973 -13.2570
v  24.4592 -16.1712 -14.1832
v  22.4937 -15.3016 -15.0527
v  41.3905 -17.0973 -13.2570
v  44.2810 -16.1712 -14.1832
v  46.2465 -15.3016 -15.0527
v  47.1160 -16.1712 -17.0182
v  48.0422 -17.0973 -19.9087
v  48.6868 -17.7420 -23.2956
v  30.2815 16.3476 -31.0177
v  34.3701 17.2059 -26.9291
v  34.3701 16.7461 -31.1022
v  26.7544 14.1435 -34.5448
v  30.1970 16.7461 -26.9291
v  24.4298 9.3285 -39.7184
v  27.3261 10.2561 -40.6477
v  22.4521 8.4542 -38.8471
v  21.5808 9.3285 -36.8694
v  34.3701 15.5183 -35.0279
v  30.7244 10.9021 -41.2936
v  20.6515 10.2561 -33.9731
v  41.6098 12.4870 -37.8489
v  34.3701 11.1316 -41.5232
v  20.0056 10.9021 -30.5748
v  38.0158 10.9021 -41.2936
v  19.7760 11.1316 -26.9291
v  22.9621 13.3305 -23.1941
v  41.4141 10.2561 -40.6477
v  20.0056 10.9021 -23.2834
v  20.6515 10.2561 -19.8851
v  21.5808 9.3285 -16.9888
v  24.4298 9.3285 -14.1399
v  22.4521 8.4542 -15.0111
v  27.3261 10.2561 -13.2106
v  30.7244 10.9021 -12.5646
v  34.3701 13.6104 -15.3283
v  34.3701 11.1316 -12.3350
v  38.0158 10.9021 -12.5646
v  41.4141 10.2561 -13.2106
v  26.4215 15.1762 -23.0166
v  34.3701 16.7461 -22.7560
v  44.3104 9.3285 -14.1399
v  41.9857 14.1435 -19.3135
v  46.2881 8.4542 -15.0111
v  47.1593 9.3285 -16.9888
v  38.4586 16.3476 -22.8406
v  48.0886 10.2561 -19.8851
v  48.7346 10.9021 -23.2834
v  38.5432 16.7461 -26.9291
v  42.4688 15.5183 -26.9291
v  45.9709 13.6104 -26.9291
v  48.9642 11.1316 -26.9291
v  47.1593 9.3285 -36.8694
v  46.2881 8.4542 -38.8471
v  44.3104 9.3285 -39.7184
v  48.0886 10.2561 -33.9731
v  48.7346 10.9021 -30.5748
v  21.6241 -13.3361 -14.1832
v  18.4744 -10.6411 -16.0479
v  20.6979 -10.4456 -13.2570
v  15.7912 -11.3475 -23.0295
v  20.0533 -7.0588 -12.6124
v  19.7817 -3.4252 -12.3408
v  20.0056 0.1855 -12.5646
v  17.5777 0.2751 -15.5212
v  20.6515 3.5849 -13.2106
v  16.8222 -11.0151 -34.5190
v  21.5808 6.4849 -14.1399
v  16.7716 4.1564 -19.3135
v  21.6241 -13.3361 -39.6751
v  20.6979 -10.4456 -40.6013
v  20.0533 -7.0588 -41.2459
v  18.4219 3.7813 -37.8489
v  19.7760 -3.4617 -41.5232
v  20.0056 0.1855 -41.2936
v  17.5777 7.9447 -23.1941
v  20.6515 3.5849 -40.6477
v  21.5808 6.4849 -39.7184
v  47.1160 -13.3361 -14.1832
v  41.5859 -14.3064 -11.0334
v  48.0422 -10.4456 -13.2570
v  48.6868 -7.0588 -12.6124
v  38.2697 -11.3475 -8.3503
v  48.9584 -3.4252 -12.3408
v  48.7346 0.1855 -12.5646
v  45.7780 0.2751 -10.1367
v  48.0886 3.5849 -13.2106
v  26.7802 -11.0151 -9.3812
v  47.1593 6.4849 -14.1399
v  41.9857 4.1564 -9.3306
v  22.9621 0.2751 -10.1367
v  38.1051 7.9447 -10.1367
v  30.6350 7.9447 -10.1367
v  51.3851 -14.9852 -26.9291
v  51.9180 -11.0151 -19.3392
v  53.2910 -11.4963 -26.9291
v  54.5156 -7.5842 -26.9291
v  55.0012 -3.4252 -26.9291
v  51.1052 -7.1476 -15.5616
v  54.5745 0.7133 -26.9291
v  53.3442 4.6399 -26.9291
v  53.0021 4.4906 -23.0166
v  51.1625 0.2751 -15.5212
v  51.4422 8.1374 -26.9291
v  47.1160 -13.3361 -39.6751
v  50.2658 -14.3064 -34.1450
v  48.0422 -10.4456 -40.6013
v  48.6868 -7.0588 -41.2459
v  48.9642 -3.4617 -41.5232
v  48.7346 0.1855 -41.2936
v  53.3442 -3.4617 -35.0279
v  48.0886 3.5849 -40.6477
v  47.1593 6.4849 -39.7184
v  50.3183 7.4576 -34.1689
v  30.6477 -14.7928 -43.6643
v  26.2713 -3.4617 -45.9033
v  41.9600 -11.0151 -44.4771
v  26.7544 4.1564 -44.5276
v  45.2898 3.7814 -42.8773
v  30.6351 7.9447 -43.7215
v  -34.5759 -22.0041 -16.3012
v  -30.7283 -23.1720 -16.4763
v  -30.8126 -23.5707 -12.4016
v  -33.8694 -19.3209 -23.2828
v  -38.2135 -20.4402 -12.4016
v  -26.6535 -24.0563 -12.4016
v  -30.7283 -23.1720 -8.3268
v  -26.6535 -23.5707 -16.5606
v  -39.3995 -16.1712 -22.3125
v  -40.3257 -17.0973 -19.4220
v  -38.5299 -15.3016 -24.2780
v  -36.5644 -16.1712 -25.1475
v  -40.9703 -17.7420 -16.0351
v  -33.6740 -17.0973 -26.0737
v  -41.1991 -17.9707 -12.4016
v  -30.2871 -17.7420 -26.7183
v  -40.9703 -17.7420 -8.7680
v  -26.6535 -17.9707 -26.9471
v  -22.7540 -22.0041 -20.3239
v  -40.3257 -17.0973 -5.3812
v  -23.0200 -17.7420 -26.7183
v  -33.8694 -19.3209 -1.5204
v  -39.3995 -16.1711 -2.4907
v  -19.6331 -17.0973 -26.0737
v  -18.7312 -22.0041 -16.3012
v  -22.4945 -23.5707 -12.4016
v  -18.5824 -22.3462 -12.4016
v  -15.0936 -20.4402 -12.4016
v  -12.1080 -17.9707 -12.4016
v  -12.3368 -17.7420 -16.0351
v  -12.9814 -17.0973 -19.4220
v  -13.9076 -16.1712 -22.3125
v  -16.7427 -16.1712 -25.1475
v  -14.7772 -15.3016 -24.2780
v  -26.6535 -23.5707 -8.2426
v  -22.5788 -23.1720 -8.3268
v  -19.0637 -20.9731 -4.8117
v  -26.6535 -20.4402 -0.8416
v  -23.0200 -17.7420 1.9152
v  -26.6535 -17.9707 2.1440
v  -30.2871 -17.7420 1.9152
v  -33.6740 -17.0973 1.2706
v  -36.5644 -16.1711 0.3444
v  -38.5299 -15.3016 -0.5252
v  -19.6331 -17.0973 1.2706
v  -16.7427 -16.1711 0.3444
v  -14.7772 -15.3016 -0.5252
v  -13.9076 -16.1711 -2.4907
v  -12.9814 -17.0973 -5.3812
v  -12.3368 -17.7420 -8.7680
v  -30.7421 16.3476 -16.4901
v  -26.6535 17.2059 -12.4016
v  -26.6535 16.7461 -16.5747
v  -34.2692 14.1435 -20.0172
v  -30.8267 16.7461 -12.4016
v  -36.5938 9.3285 -25.1908
v  -33.6975 10.2561 -26.1201
v  -38.5715 8.4542 -24.3196
v  -39.4428 9.3285 -22.3419
v  -26.6535 15.5183 -20.5003
v  -30.2992 10.9021 -26.7661
v  -40.3721 10.2561 -19.4456
v  -19.4138 12.4870 -23.3214
v  -26.6535 11.1316 -26.9957
v  -41.0180 10.9021 -16.0473
v  -23.0078 10.9021 -26.7661
v  -41.2476 11.1316 -12.4016
v  -38.0615 13.3305 -8.6665
v  -19.6096 10.2561 -26.1201
v  -41.0180 10.9021 -8.7559
v  -40.3721 10.2561 -5.3576
v  -39.4428 9.3285 -2.4613
v  -36.5938 9.3285 0.3877
v  -38.5715 8.4542 -0.4836
v  -33.6975 10.2561 1.3170
v  -30.2992 10.9021 1.9629
v  -26.6535 13.6104 -0.8007
v  -26.6535 11.1316 2.1925
v  -23.0078 10.9021 1.9629
v  -19.6096 10.2561 1.3170
v  -34.6021 15.1762 -8.4890
v  -26.6535 16.7461 -8.2285
v  -16.7132 9.3285 0.3877
v  -19.0379 14.1435 -4.7860
v  -14.7356 8.4542 -0.4836
v  -13.8643 9.3285 -2.4613
v  -22.5650 16.3476 -8.3130
v  -12.9350 10.2561 -5.3576
v  -12.2890 10.9021 -8.7559
v  -22.4804 16.7461 -12.4016
v  -18.5548 15.5183 -12.4016
v  -15.0527 13.6104 -12.4016
v  -12.0595 11.1316 -12.4016
v  -13.8643 9.3285 -22.3419
v  -14.7356 8.4542 -24.3196
v  -16.7132 9.3285 -25.1908
v  -12.9350 10.2561 -19.4456
v  -12.2890 10.9021 -16.0473
v  -39.3995 -13.3361 0.3444
v  -42.5493 -10.6411 -1.5204
v  -40.3257 -10.4456 1.2706
v  -45.2324 -11.3475 -8.5020
v  -40.9703 -7.0588 1.9152
v  -41.2419 -3.4252 2.1868
v  -41.0180 0.1855 1.9629
v  -43.4459 0.2751 -0.9936
v  -40.3721 3.5849 1.3170
v  -44.2015 -11.0151 -19.9915
v  -39.4428 6.4849 0.3877
v  -44.2520 4.1564 -4.7860
v  -39.3995 -13.3361 -25.1475
v  -40.3257 -10.4456 -26.0737
v  -40.9703 -7.0588 -26.7183
v  -42.6017 3.7813 -23.3214
v  -41.2476 -3.4617 -26.9957
v  -41.0180 0.1855 -26.7661
v  -43.4459 7.9447 -8.6665
v  -40.3721 3.5849 -26.1201
v  -39.4428 6.4849 -25.1908
v  -13.9076 -13.3361 0.3444
v  -19.4377 -14.3064 3.4941
v  -12.9814 -10.4456 1.2706
v  -12.3368 -7.0588 1.9152
v  -22.7540 -11.3475 6.1773
v  -12.0652 -3.4252 2.1868
v  -12.2890 0.1855 1.9629
v  -15.2456 0.2751 4.3908
v  -12.9350 3.5849 1.3170
v  -34.2434 -11.0151 5.1463
v  -13.8643 6.4849 0.3877
v  -19.0379 4.1564 5.1969
v  -38.0615 0.2751 4.3908
v  -22.9185 7.9447 4.3908
v  -30.3886 7.9447 4.3908
v  -9.6385 -14.9852 -12.4016
v  -9.1056 -11.0151 -4.8117
v  -7.7326 -11.4963 -12.4016
v  -6.5080 -7.5842 -12.4016
v  -6.0224 -3.4252 -12.4016
v  -9.9184 -7.1476 -1.0340
v  -6.4492 0.7133 -12.4016
v  -7.6794 4.6399 -12.4016
v  -8.0215 4.4906 -8.4890
v  -9.8612 0.2751 -0.9936
v  -9.5814 8.1374 -12.4016
v  -13.9076 -13.3361 -25.1475
v  -10.7578 -10.6410 -23.2828
v  -12.9814 -10.4456 -26.0737
v  -12.3368 -7.0588 -26.7183
v  -8.0747 -7.3248 -20.3239
v  -12.0595 -3.4617 -26.9957
v  -12.2890 0.1855 -26.7661
v  -12.9350 3.5849 -26.1201
v  -8.0215 0.4527 -20.3501
v  -13.8643 6.4849 -25.1908
v  -10.7053 7.4576 -19.6413
v  -30.3759 -14.7928 -29.1367
v  -34.7523 -3.4617 -31.3757
v  -19.0637 -11.0151 -29.9495
v  -34.2692 4.1564 -30.0001
v  -15.7338 3.7814 -28.3498
v  -30.3885 7.9447 -29.1940
v  -12.6269 -12.9976 14.8083
v  -6.4945 -14.8591 14.5291
v  -6.6288 -15.4946 21.0236
v  -12.0971 -11.3544 8.9265
v  -18.4247 -10.5051 21.0236
v  -0.0000 -16.2685 21.0236
v  -6.4945 -14.8591 27.5181
v  0.0000 -15.4946 14.3948
v  -20.3150 -3.7008 5.2272
v  -21.7912 -5.1770 9.8342
v  -18.9291 -2.3149 2.0946
v  -15.7964 -3.7008 0.7086
v  -22.8186 -6.2045 15.2323
v  -11.1894 -5.1770 -0.7676
v  -11.5009 -8.7211 3.6807
v  -23.1833 -6.5691 21.0236
v  -5.7913 -6.2045 -1.7950
v  -18.1181 -10.0590 26.9565
v  -22.8186 -6.2044 26.8149
v  0.0000 -6.5691 -2.1596
v  5.9329 -10.0590 2.9055
v  -21.7912 -5.1770 32.2131
v  5.7913 -6.2045 -1.7950
v  -11.5009 -8.7211 38.3665
v  -20.3150 -3.7008 36.8200
v  11.1894 -5.1770 -0.7676
v  6.2153 -12.9976 8.3967
v  6.6288 -15.4946 21.0236
v  12.8641 -13.5428 21.0236
v  18.4247 -10.5051 21.0236
v  17.3429 -8.7211 9.5227
v  23.1833 -6.5691 21.0236
v  22.8186 -6.2045 15.2323
v  21.7912 -5.1770 9.8342
v  20.3150 -3.7008 5.2272
v  15.7964 -3.7008 0.7086
v  18.9291 -2.3149 2.0946
v  0.0000 -15.4946 27.6524
v  6.4945 -14.8591 27.5181
v  12.0971 -11.3544 33.1207
v  -0.0000 -10.5050 39.4484
v  5.7913 -6.2044 43.8423
v  -0.0000 -6.5691 44.2069
v  -5.7913 -6.2044 43.8423
v  -11.1894 -5.1770 42.8148
v  -15.7964 -3.7008 41.3386
v  -18.9291 -2.3149 39.9527
v  11.1894 -5.1770 42.8148
v  15.7964 -3.7008 41.3386
v  18.9291 -2.3149 39.9527
v  20.3150 -3.7008 36.8200
v  18.1181 -10.0590 26.9565
v  21.7912 -5.1770 32.2131
v  22.8186 -6.2044 26.8149
v  -6.5165 48.1289 14.5071
v  -0.0000 49.4969 21.0236
v  0.0000 48.7641 14.3724
v  -12.1381 44.6159 8.8855
v  -6.6513 48.7641 21.0236
v  -15.8433 36.9416 0.6396
v  -17.4044 41.9758 9.4846
v  -11.2270 38.4200 -0.8416
v  -18.9954 35.5481 2.0282
v  -20.3841 36.9416 5.1803
v  0.0000 46.8072 8.1155
v  -5.8107 39.4497 -1.8711
v  -21.8652 38.4200 9.7966
v  5.9530 43.3201 2.8412
v  0.0000 39.8154 -2.2370
v  -22.8947 39.4497 15.2129
v  5.8107 39.4497 -1.8711
v  -23.2607 39.8154 21.0236
v  -18.1825 43.3201 26.9767
v  11.5390 41.9758 3.6192
v  11.2270 38.4200 -0.8416
v  -22.8947 39.4497 26.8343
v  -21.8652 38.4200 32.2506
v  -20.3841 36.9416 36.8669
v  -11.5390 41.9758 38.4280
v  -15.8433 36.9416 41.4077
v  -18.9954 35.5481 40.0190
v  -11.2270 38.4200 42.8888
v  -5.8107 39.4497 43.9183
v  -0.0000 43.7662 39.5135
v  -0.0000 39.8154 44.2843
v  5.8107 39.4497 43.9183
v  11.2270 38.4200 42.8888
v  -12.6687 46.2619 27.2596
v  -0.0000 48.7641 27.6749
v  15.8433 36.9416 41.4077
v  12.1381 44.6159 33.1617
v  18.9954 35.5481 40.0190
v  20.3841 36.9416 36.8669
v  6.5165 48.1289 27.5401
v  21.8652 38.4200 32.2506
v  18.1825 43.3201 26.9767
v  22.8947 39.4497 26.8343
v  6.6512 48.7641 21.0236
v  12.9081 46.8072 21.0236
v  18.4899 43.7662 21.0236
v  23.2607 39.8154 21.0236
v  20.3841 36.9416 5.1803
v  18.9954 35.5481 2.0282
v  15.8433 36.9416 0.6396
v  21.8652 38.4200 9.7966
v  22.8947 39.4497 15.2129
v  6.5165 48.1289 14.5071
v  -20.3150 0.8178 41.3386
v  -25.3352 5.1132 38.3665
v  -21.7912 5.4248 42.8148
v  -29.6118 3.9873 27.2389
v  -22.8186 10.8229 43.8422
v  -23.2515 16.6142 44.2751
v  -26.6732 -1.5039 15.0908
v  -22.8947 22.3691 43.9183
v  -26.7644 22.5118 39.2061
v  -21.8652 27.7872 42.8888
v  -27.9686 4.5171 8.9265
v  -20.3841 32.4093 41.4077
v  -28.0492 28.6981 33.1617
v  -20.3150 0.8178 0.7086
v  -25.3352 5.1132 3.6807
v  -21.7912 5.4247 -0.7676
v  -22.8186 10.8229 -1.7950
v  -25.4189 28.1002 3.6192
v  -23.2607 16.5561 -2.2370
v  -22.8947 22.3691 -1.8711
v  -26.7644 34.7360 26.9767
v  -26.7644 34.7360 15.0706
v  -21.8652 27.7872 -0.8416
v  -20.3841 32.4093 0.6396
v  20.3150 0.8178 41.3386
v  11.5009 -0.7287 46.3589
v  21.7912 5.4248 42.8148
v  22.8186 10.8229 43.8422
v  -0.0000 -1.8106 48.1428
v  23.2515 16.6142 44.2751
v  22.8947 22.3691 43.9183
v  18.1825 22.5118 47.7880
v  21.8652 27.7872 42.8888
v  -12.0971 4.5171 48.9922
v  20.3841 32.4093 41.4077
v  12.1381 28.6981 49.0728
v  -18.1181 10.6813 47.6968
v  -18.1825 22.5118 47.7880
v  5.9530 34.7360 47.7880
v  -5.9530 34.7360 47.7880
v  27.1192 -1.8106 21.0236
v  27.9686 4.5171 33.1207
v  30.1570 3.7501 21.0236
v  32.1088 9.9854 21.0236
v  32.2507 16.6142 27.4387
v  32.8827 16.6142 21.0236
v  26.6732 10.6813 39.1417
v  32.2026 23.2103 21.0236
v  30.2418 29.4686 21.0236
v  29.6965 29.2307 27.2596
v  26.7644 22.5118 39.2061
v  27.2103 35.0431 21.0236
v  25.4189 33.9596 32.5626
v  20.3150 0.8178 0.7086
v  25.3352 5.1133 3.6807
v  21.7912 5.4247 -0.7676
v  22.8186 10.8229 -1.7950
v  27.2103 16.5561 2.5337
v  23.2607 16.5561 -2.2370
v  29.6118 10.3989 8.3967
v  22.8947 22.3691 -1.8711
v  21.8652 27.7872 -0.8416
v  29.6965 22.7950 8.3549
v  20.3841 32.4093 0.6396
v  25.4189 33.9596 9.4846
v  -17.3429 5.1132 -4.3116
v  -5.9329 -1.5039 -5.6496
v  -18.4899 16.5561 -6.1866
v  0.0000 3.7501 -9.1334
v  12.0971 4.5171 -6.9450
v  -12.1381 28.6981 -7.0256
v  17.3429 5.1133 -4.3116
v  17.4044 28.1003 -4.3953
v  -5.9530 34.7359 -5.7408
v  5.9530 34.7359 -5.7408
v  3.3967 -10.9503 -14.2468
v  9.5291 -12.8119 -14.5260
v  9.3948 -13.4474 -8.0315
v  3.9265 -9.3072 -20.1286
v  -2.4011 -8.4578 -8.0315
v  16.0236 -14.2213 -8.0315
v  9.5291 -12.8119 -1.5370
v  16.0236 -13.4474 -14.6603
v  -4.2914 -1.6536 -23.8279
v  -5.7676 -3.1298 -19.2209
v  -2.9054 -0.2677 -26.9606
v  0.2272 -1.6536 -28.3465
v  -6.7950 -4.1572 -13.8228
v  4.8342 -3.1298 -29.8227
v  4.5227 -6.6738 -25.3744
v  -7.1596 -4.5219 -8.0315
v  10.2323 -4.1572 -30.8501
v  -2.0945 -8.0118 -2.0986
v  -6.7950 -4.1572 -2.2402
v  16.0236 -4.5219 -31.2148
v  21.9565 -8.0118 -26.1496
v  -5.7676 -3.1298 3.1579
v  21.8149 -4.1572 -30.8501
v  4.5227 -6.6738 9.3114
v  -4.2914 -1.6536 7.7649
v  27.2131 -3.1298 -29.8227
v  22.2389 -10.9503 -20.6584
v  22.6525 -13.4474 -8.0315
v  28.8877 -11.4956 -8.0315
v  34.4484 -8.4578 -8.0315
v  33.3665 -6.6738 -19.5324
v  39.2069 -4.5219 -8.0315
v  38.8423 -4.1572 -13.8228
v  37.8148 -3.1298 -19.2209
v  36.3386 -1.6536 -23.8279
v  31.8200 -1.6536 -28.3465
v  34.9527 -0.2677 -26.9606
v  16.0236 -13.4474 -1.4027
v  22.5181 -12.8119 -1.5370
v  28.1207 -9.3072 4.0656
v  16.0236 -8.4578 10.3933
v  21.8149 -4.1572 14.7871
v  16.0236 -4.5218 15.1518
v  10.2323 -4.1572 14.7871
v  4.8342 -3.1298 13.7597
v  0.2272 -1.6536 12.2835
v  -2.9054 -0.2676 10.8976
v  27.2131 -3.1298 13.7597
v  31.8200 -1.6536 12.2835
v  34.9527 -0.2676 10.8976
v  36.3386 -1.6536 7.7649
v  34.1417 -8.0118 -2.0986
v  37.8148 -3.1298 3.1579
v  38.8423 -4.1572 -2.2402
v  9.5071 50.1761 -14.5480
v  16.0236 51.5441 -8.0315
v  16.0236 50.8113 -14.6827
v  3.8855 46.6631 -20.1696
v  9.3723 50.8113 -8.0315
v  0.1804 38.9888 -28.4156
v  -1.3808 44.0230 -19.5705
v  4.7966 40.4672 -29.8967
v  -2.9718 37.5953 -27.0269
v  -4.3604 38.9888 -23.8748
v  21.9766 45.3674 -26.2140
v  10.2130 41.4969 -30.9262
v  -5.8416 40.4672 -19.2585
v  16.0236 41.8627 -31.2922
v  -6.8711 41.4969 -13.8422
v  21.8343 41.4969 -30.9262
v  -7.2370 41.8627 -8.0315
v  -2.1588 45.3674 -2.0785
v  27.2506 40.4672 -29.8967
v  -6.8711 41.4969 -2.2208
v  -5.8416 40.4672 3.1955
v  -4.3604 38.9888 7.8118
v  4.4847 44.0230 9.3729
v  0.1804 38.9888 12.3526
v  -2.9718 37.5953 10.9639
v  4.7966 40.4672 13.8337
v  10.2130 41.4969 14.8632
v  16.0236 45.8134 10.4584
v  16.0236 41.8627 15.2292
v  21.8343 41.4969 14.8632
v  27.2506 40.4672 13.8337
v  3.3549 48.3092 -1.7956
v  16.0236 50.8113 -1.3803
v  31.8669 38.9888 12.3526
v  28.1617 46.6631 4.1066
v  35.0190 37.5953 10.9639
v  36.4077 38.9888 7.8118
v  22.5402 50.1761 -1.5150
v  37.8888 40.4672 3.1955
v  34.2061 45.3674 -2.0785
v  38.9184 41.4969 -2.2208
v  22.6749 50.8113 -8.0315
v  28.9318 48.8544 -8.0315
v  34.5136 45.8134 -8.0315
v  39.2843 41.8627 -8.0315
v  36.4077 38.9888 -23.8748
v  35.0190 37.5953 -27.0269
v  31.8669 38.9888 -28.4156
v  33.4280 44.0230 -19.5705
v  37.8888 40.4672 -19.2585
v  38.9184 41.4969 -13.8422
v  22.2596 48.3091 -20.7003
v  -4.2914 2.8650 12.2835
v  -9.3116 7.1604 9.3114
v  -5.7676 7.4720 13.7597
v  -10.6496 0.5433 -2.0986
v  -6.7950 12.8701 14.7871
v  -7.2279 18.6614 15.2200
v  -14.1334 5.7973 -8.0315
v  -6.8711 24.4163 14.8632
v  -10.7408 24.5591 10.1510
v  -5.8416 29.8345 13.8337
v  -11.9450 6.5643 -20.1286
v  -4.3604 34.4565 12.3526
v  -12.0256 30.7453 4.1066
v  -4.2914 2.8650 -28.3465
v  -9.3116 7.1604 -25.3744
v  -5.7676 7.4720 -29.8227
v  -6.7950 12.8701 -30.8501
v  -9.3953 30.1475 -25.4359
v  -7.2370 18.6033 -31.2921
v  -6.8711 24.4163 -30.9262
v  -10.7408 36.7832 -2.0785
v  -10.7408 36.7832 -13.9845
v  -5.8416 29.8345 -29.8967
v  -4.3604 34.4565 -28.4156
v  36.3386 2.8650 12.2835
v  27.5245 1.3185 17.3038
v  37.8148 7.4720 13.7597
v  38.8423 12.8701 14.7871
v  16.0236 0.2367 19.0877
v  39.2751 18.6614 15.2200
v  38.9184 24.4163 14.8632
v  34.2061 24.5591 18.7329
v  37.8888 29.8345 13.8337
v  3.9265 6.5643 19.9371
v  36.4077 34.4565 12.3526
v  28.1617 30.7453 20.0177
v  -2.0945 12.7286 18.6417
v  -2.1588 24.5591 18.7329
v  21.9767 36.7832 18.7329
v  10.0706 36.7832 18.7329
v  43.1429 0.2367 -8.0315
v  43.9922 6.5643 4.0656
v  46.1806 5.7973 -8.0315
v  48.1324 12.0326 -8.0315
v  48.2743 18.6614 -1.6164
v  48.9063 18.6614 -8.0315
v  42.6968 12.7286 10.0866
v  48.2262 25.2575 -8.0315
v  46.2654 31.5159 -8.0315
v  45.7202 31.2780 -1.7955
v  42.7880 24.5591 10.1510
v  43.2339 37.0903 -8.0315
v  41.4425 36.0069 3.5075
v  36.3386 2.8650 -28.3465
v  41.3589 7.1605 -25.3744
v  37.8148 7.4720 -29.8227
v  38.8423 12.8701 -30.8501
v  43.2339 18.6033 -26.5214
v  39.2843 18.6033 -31.2921
v  45.6354 12.4461 -20.6584
v  38.9184 24.4163 -30.9262
v  37.8888 29.8345 -29.8967
v  45.7202 24.8422 -20.7002
v  36.4077 34.4565 -28.4156
v  41.4425 36.0069 -19.5705
v  -1.3193 7.1604 -33.3667
v  10.0908 0.5433 -34.7047
v  -2.4663 18.6033 -35.2418
v  21.9565 0.5433 -34.7047
v  28.1207 6.5643 -36.0001
v  3.8855 30.7453 -36.0807
v  33.3665 7.1605 -33.3667
v  33.4280 30.1476 -33.4504
v  10.0706 36.7832 -34.7959
v  21.9766 36.7832 -34.7959
v  10.8966 -22.0041 30.8642
v  14.7442 -23.1720 30.6890
v  14.6599 -23.5707 34.7638
v  11.6030 -19.3209 23.8826
v  7.2589 -20.4402 34.7638
v  18.8189 -24.0563 34.7638
v  14.7442 -23.1720 38.8385
v  18.8189 -23.5707 30.6048
v  6.0729 -16.1711 24.8529
v  5.1468 -17.0973 27.7434
v  6.9425 -15.3016 22.8874
v  8.9080 -16.1711 22.0178
v  4.5021 -17.7419 31.1302
v  11.7985 -17.0973 21.0916
v  4.2734 -17.9707 34.7638
v  15.1853 -17.7419 20.4470
v  4.5021 -17.7419 38.3973
v  18.8189 -17.9707 20.2182
v  22.7185 -22.0041 26.8415
v  5.1468 -17.0973 41.7842
v  22.4525 -17.7419 20.4470
v  11.6030 -19.3209 45.6450
v  6.0729 -16.1711 44.6747
v  25.8393 -17.0973 21.0916
v  22.9779 -23.5707 34.7638
v  26.8900 -22.3462 34.7638
v  30.3789 -20.4402 34.7638
v  29.7001 -19.3209 27.5479
v  33.3644 -17.9707 34.7638
v  33.1357 -17.7419 31.1302
v  32.4910 -17.0973 27.7434
v  31.5648 -16.1711 24.8529
v  28.7298 -16.1711 22.0178
v  30.6953 -15.3016 22.8874
v  18.8189 -23.5707 38.9228
v  22.8936 -23.1720 38.8385
v  26.4088 -20.9731 42.3537
v  18.8189 -20.4402 46.3237
v  22.4525 -17.7419 49.0805
v  18.8189 -17.9707 49.3093
v  15.1853 -17.7419 49.0805
v  11.7985 -17.0973 48.4359
v  8.9080 -16.1711 47.5097
v  6.9425 -15.3016 46.6402
v  25.8393 -17.0973 48.4359
v  28.7298 -16.1711 47.5097
v  30.6953 -15.3016 46.6402
v  31.5648 -16.1711 44.6747
v  32.4910 -17.0973 41.7842
v  33.1357 -17.7419 38.3973
v  14.7303 16.3476 30.6752
v  18.8189 17.2059 34.7638
v  18.8189 16.7461 30.5907
v  11.2033 14.1435 27.1481
v  14.6458 16.7461 34.7638
v  8.8786 9.3285 21.9745
v  11.7749 10.2561 21.0452
v  6.9009 8.4542 22.8458
v  6.0296 9.3285 24.8235
v  18.8189 15.5184 26.6650
v  15.1732 10.9021 20.3993
v  5.1003 10.2561 27.7198
v  26.0586 12.4870 23.8440
v  18.8189 11.1316 20.1697
v  4.4544 10.9021 31.1181
v  22.4646 10.9021 20.3993
v  4.2248 11.1316 34.7638
v  7.4109 13.3305 38.4988
v  25.8629 10.2561 21.0452
v  4.4544 10.9021 38.4095
v  5.1003 10.2561 41.8078
v  6.0296 9.3285 44.7041
v  8.8786 9.3285 47.5530
v  6.9009 8.4542 46.6818
v  11.7749 10.2561 48.4823
v  15.1732 10.9021 49.1283
v  18.8189 13.6104 46.3646
v  18.8189 11.1316 49.3579
v  22.4646 10.9021 49.1283
v  25.8629 10.2561 48.4823
v  10.8703 15.1763 38.6763
v  18.8189 16.7461 38.9369
v  28.7592 9.3285 47.5530
v  26.4345 14.1435 42.3794
v  30.7369 8.4542 46.6818
v  31.6082 9.3285 44.7041
v  22.9075 16.3476 38.8523
v  32.5375 10.2561 41.8078
v  33.1834 10.9021 38.4095
v  22.9920 16.7461 34.7638
v  26.9177 15.5184 34.7638
v  30.4198 13.6104 34.7638
v  33.4130 11.1316 34.7638
v  31.6082 9.3285 24.8235
v  30.7369 8.4542 22.8458
v  28.7592 9.3285 21.9745
v  32.5375 10.2561 27.7198
v  33.1834 10.9021 31.1181
v  6.0729 -13.3361 47.5097
v  2.9232 -10.6411 45.6450
v  5.1468 -10.4456 48.4359
v  0.2400 -11.3475 38.6634
v  4.5021 -7.0587 49.0805
v  4.2305 -3.4252 49.3521
v  4.4544 0.1855 49.1283
v  2.0265 0.2751 46.1717
v  5.1003 3.5850 48.4823
v  1.2710 -11.0151 27.1739
v  6.0296 6.4849 47.5530
v  1.2204 4.1564 42.3794
v  6.0729 -13.3361 22.0178
v  5.1468 -10.4456 21.0916
v  4.5021 -7.0588 20.4470
v  2.8707 3.7813 23.8440
v  4.2248 -3.4617 20.1697
v  4.4544 0.1855 20.3993
v  2.0265 7.9447 38.4988
v  5.1003 3.5850 21.0452
v  6.0296 6.4849 21.9745
v  31.5648 -13.3361 47.5097
v  26.0347 -14.3064 50.6595
v  32.4910 -10.4456 48.4359
v  33.1357 -7.0587 49.0805
v  22.7185 -11.3475 53.3426
v  33.4072 -3.4252 49.3521
v  33.1834 0.1855 49.1283
v  30.2268 0.2751 51.5562
v  32.5375 3.5850 48.4823
v  11.2290 -11.0151 52.3117
v  31.6082 6.4849 47.5530
v  26.4345 4.1564 52.3623
v  7.4109 0.2751 51.5562
v  22.5539 7.9447 51.5562
v  15.0839 7.9447 51.5562
v  35.8339 -14.9852 34.7638
v  36.3668 -11.0151 42.3537
v  37.7399 -11.4963 34.7638
v  38.9644 -7.5842 34.7638
v  39.4500 -3.4252 34.7638
v  35.5541 -7.1475 46.1313
v  39.0233 0.7133 34.7638
v  37.7931 4.6399 34.7638
v  37.4510 4.4906 38.6763
v  35.6113 0.2751 46.1717
v  35.8910 8.1374 34.7638
v  31.5648 -13.3361 22.0178
v  34.7146 -14.3064 27.5479
v  32.4910 -10.4456 21.0916
v  33.1357 -7.0588 20.4470
v  33.4130 -3.4617 20.1697
v  33.1834 0.1855 20.3993
v  37.7931 -3.4616 26.6650
v  32.5375 3.5850 21.0452
v  31.6082 6.4849 21.9745
v  34.7671 7.4576 27.5240
v  15.0965 -14.7927 18.0286
v  10.7201 -3.4617 15.7896
v  26.4088 -11.0151 17.2159
v  11.2033 4.1564 17.1653
v  29.7387 3.7814 18.8156
v  15.0839 7.9447 17.9714
v  16.0236 25.2575 -40.2341
v  28.9318 18.6033 -38.2733
v  16.0236 12.0326 -40.1403
v  -6.6512 7.8159 -32.2026
v  -6.6512 16.5561 -11.1789
v  -6.5165 14.3347 31.5645
v  -0.0000 7.8740 32.8827
v  -31.5645 14.3347 6.5165
v  -30.2418 7.8159 -12.9081
v  -32.1088 1.2452 -0.0000
v  -15.5409 25.1221 -1.5150
v  -14.2182 18.6033 -20.9396
v  -16.0852 12.0326 -8.0315
v  -31.5645 23.0748 27.5401
v  -30.2418 16.5561 8.1155
v  -32.1088 9.9853 21.0236
v  12.9081 7.8159 -30.2418
v  12.9081 16.5561 -9.2182
v  35.8315 -3.4716 -20.3162
v  -11.6094 -3.4716 13.2665
v  -36.6488 -3.4716 -8.8201
v  -3.1055 -3.4716 -55.2768
v  -11.5019 1.7329 64.1768
v  -6.2992 -3.4252 65.2293
v  -2.9979 1.7329 -4.3665
v  2.2047 -3.4252 -3.3140
v  -36.5413 1.7329 42.0902
v  -31.3386 -3.4252 43.1427
v  35.9391 1.7329 30.5942
v  41.1417 -3.4252 31.6466
v  -56.5391 1.7329 22.0924
v  -55.4830 -3.4716 6.5842
v  -56.9736 -8.7175 16.8898
v  15.9413 1.7329 10.5964
v  16.9973 -3.4716 -4.9119
v  15.5067 -8.7175 5.3937
v  -22.9957 1.7329 -24.3643
v  -21.9397 -3.4716 -39.8725
v  -23.4303 -8.7175 -29.5669
v  -31.4997 1.7329 44.1790
v  -30.4437 -3.4716 28.6708
v  -31.9342 -8.7175 38.9764
v  3.1155 18.6033 -38.2733
v  -0.0000 1.2452 32.1088
v  4.0064 -3.4716 14.8319
v  12.5103 -3.4716 -53.7114
v  -21.0330 -3.4716 -7.2547
v  51.4473 -3.4716 -18.7508
v  -6.5165 23.0748 52.5881
v  6.5165 23.0748 52.5881
v  9.5071 25.1221 23.5330
v  22.5402 25.1221 23.5330
v  -26.6535 0.7133 -32.6060
v  -18.5548 -3.4617 -31.3757
v  -26.6535 -7.5842 -32.5471
v  34.3701 0.7133 -47.1335
v  42.4688 -3.4617 -45.9033
v  34.3701 -7.5842 -47.0747
v  18.8189 0.7133 14.5594
v  26.9177 -3.4617 15.7896
v  18.8189 -7.5842 14.6182
v  6.5165 14.3347 31.5645
v  -0.0000 16.6142 53.9063
v  -0.0000 9.9853 53.1324
v  16.0236 18.6614 24.8512
v  16.0236 12.0326 24.0773
v  14.5660 0.6283 -22.8406
v  15.3959 -3.4617 -35.0279
v  14.2245 -7.5842 -26.9291
v  -0.9851 0.6283 38.8523
v  -0.1553 -3.4617 26.6650
v  -1.3266 -7.5842 34.7638
v  -46.4576 0.6283 -8.3130
v  -45.6277 -3.4617 -20.5003
v  -46.7991 -7.5842 -12.4016
v  6.6512 7.8159 -32.2026
v  0.0000 14.4701 -32.2026
v  6.6512 16.5561 -11.1789
v  0.0000 23.2103 -11.1789
v  -31.3386 1.8410 -8.8201
v  41.1417 1.8410 -20.3162
v  -6.2992 1.8410 13.2665
v  2.2047 1.8410 -55.2768
v  34.3701 -3.4252 -6.2980
v  -26.6535 -3.4252 8.2295
v  18.8189 -3.4252 55.3949
v  6.2153 3.9873 50.6354
v  22.2389 6.0345 21.5803
# 1800 vertices

vn -0.3828 -0.1887 0.9043
vn -0.1982 -0.1982 0.9599
vn -0.2033 0.0000 0.9791
vn -0.3670 -0.3670 0.8547
vn -0.3890 0.0000 0.9212
vn 0.0000 0.0000 1.0000
vn -0.1982 0.1982 0.9599
vn -0.1887 -0.3828 0.9043
vn 0.0000 -0.2033 0.9791
vn -0.6201 -0.4805 0.6201
vn -0.4964 -0.4964 0.7122
vn -0.6647 -0.3411 0.6647
vn -0.5774 -0.5774 0.5774
vn -0.4805 -0.6201 0.6201
vn -0.5509 -0.1805 0.8148
vn -0.6960 -0.1769 0.6960
vn -0.3411 -0.6647 0.6647
vn -0.3492 -0.5273 0.7746
vn -0.5596 0.0000 0.8288
vn -0.7071 0.0000 0.7071
vn -0.1769 -0.6960 0.6960
vn -0.1805 -0.5509 0.8148
vn -0.5509 0.1805 0.8148
vn -0.6960 0.1769 0.6960
vn 0.0000 -0.7071 0.7071
vn 0.0000 -0.5596 0.8288
vn -0.5273 0.3492 0.7746
vn -0.6647 0.3411 0.6647
vn 0.1769 -0.6960 0.6960
vn 0.1805 -0.5509 0.8148
vn -0.3492 0.5273 0.7746
vn -0.6201 0.4805 0.6201
vn 0.3411 -0.6647 0.6647
vn 0.3492 -0.5273 0.7746
vn 0.1982 -0.1982 0.9599
vn 0.2033 0.0000 0.9791
vn 0.3890 0.0000 0.9212
vn 0.3828 -0.1887 0.9043
vn 0.5596 0.0000 0.8288
vn 0.5509 -0.1805 0.8148
vn 0.7071 0.0000 0.7071
vn 0.6960 -0.1769 0.6960
vn 0.5273 -0.3492 0.7746
vn 0.6647 -0.3411 0.6647
vn 0.6201 -0.4805 0.6201
vn 0.4805 -0.6201 0.6201
vn 0.5774 -0.5774 0.5774
vn 0.0000 0.2033 0.9791
vn 0.1982 0.1982 0.9599
vn 0.1887 0.3828 0.9043
vn 0.0000 0.3890 0.9212
vn 0.1769 0.6960 0.6960
vn 0.0000 0.7071 0.7071
vn 0.0000 0.5596 0.8288
vn -0.1769 0.6960 0.6960
vn -0.1805 0.5509 0.8148
vn -0.3411 0.6647 0.6647
vn -0.4805 0.6201 0.6201
vn -0.5774 0.5774 0.5774
vn 0.3411 0.6647 0.6647
vn 0.1805 0.5509 0.8148
vn 0.4805 0.6201 0.6201
vn 0.4964 0.4964 0.7122
vn 0.5774 0.5774 0.5774
vn 0.6201 0.4805 0.6201
vn 0.5273 0.3492 0.7746
vn 0.6647 0.3411 0.6647
vn 0.5509 0.1805 0.8148
vn 0.6960 0.1769 0.6960
vn 0.3828 0.1887 0.9043
vn -0.1972 -0.1972 -0.9603
vn 0.0000 0.0000 -1.0000
vn 0.0000 -0.2014 -0.9795
vn -0.1885 -0.3823 -0.9046
vn -0.3823 -0.1885 -0.9046
vn -0.2014 0.0000 -0.9795
vn -0.4804 -0.6199 -0.6205
vn -0.5271 -0.3496 -0.7746
vn -0.3414 -0.6646 -0.6647
vn -0.5771 -0.5771 -0.5779
vn -0.6199 -0.4804 -0.6205
vn -0.1805 -0.5507 -0.8150
vn -0.1769 -0.6961 -0.6959
vn -0.6646 -0.3414 -0.6647
vn 0.0000 -0.5594 -0.8289
vn 0.0000 -0.7072 -0.7070
vn -0.6961 -0.1769 -0.6959
vn -0.5507 -0.1805 -0.8150
vn 0.1805 -0.5507 -0.8150
vn 0.1769 -0.6961 -0.6959
vn -0.7072 0.0000 -0.7070
vn -0.5594 0.0000 -0.8289
vn 0.3496 -0.5271 -0.7746
vn 0.3414 -0.6646 -0.6647
vn -0.6961 0.1769 -0.6959
vn -0.5507 0.1805 -0.8150
vn -0.6646 0.3414 -0.6647
vn -0.5271 0.3496 -0.7746
vn -0.6199 0.4804 -0.6205
vn -0.3496 0.5271 -0.7746
vn -0.4804 0.6199 -0.6205
vn -0.5771 0.5771 -0.5779
vn -0.3414 0.6646 -0.6647
vn -0.1769 0.6961 -0.6959
vn -0.1805 0.5507 -0.8150
vn 0.0000 0.7072 -0.7070
vn 0.1769 0.6961 -0.6959
vn 0.0000 0.5594 -0.8289
vn 0.3414 0.6646 -0.6647
vn 0.1805 0.5507 -0.8150
vn -0.1972 0.1972 -0.9603
vn 0.0000 0.2014 -0.9795
vn 0.4804 0.6199 -0.6205
vn 0.4962 0.4962 -0.7124
vn 0.5771 0.5771 -0.5779
vn 0.6199 0.4804 -0.6205
vn 0.1885 0.3823 -0.9046
vn 0.1972 0.1972 -0.9603
vn 0.6646 0.3414 -0.6647
vn 0.5271 0.3496 -0.7746
vn 0.6961 0.1769 -0.6959
vn 0.5507 0.1805 -0.8150
vn 0.3823 0.1885 -0.9046
vn 0.2014 0.0000 -0.9795
vn 0.3883 0.0000 -0.9215
vn 0.5594 0.0000 -0.8289
vn 0.7072 0.0000 -0.7070
vn 0.6199 -0.4804 -0.6205
vn 0.5771 -0.5771 -0.5779
vn 0.4804 -0.6199 -0.6205
vn 0.5271 -0.3496 -0.7746
vn 0.6646 -0.3414 -0.6647
vn 0.6961 -0.1769 -0.6959
vn 0.5507 -0.1805 -0.8150
vn 0.3823 -0.1885 -0.9046
vn 0.1972 -0.1972 -0.9603
vn -0.6201 0.6201 0.4805
vn -0.7746 0.5273 0.3492
vn -0.6647 0.6647 0.3411
vn -0.7746 0.3492 0.5273
vn -0.6950 0.6950 0.1840
vn -0.8148 0.1805 0.5509
vn -0.7071 0.7071 0.0090
vn -0.8288 0.0000 0.5596
vn -0.6962 0.6962 -0.1751
vn -0.8306 0.5568 0.0086
vn -0.8148 -0.1805 0.5509
vn -0.6646 0.6646 -0.3414
vn -0.8163 0.5490 -0.1794
vn -0.7122 -0.4964 0.4964
vn -0.6200 0.6200 -0.4809
vn -0.7125 0.4959 -0.4964
vn -0.6201 -0.6201 0.4805
vn -0.7746 -0.5273 0.3492
vn -0.6647 -0.6647 0.3411
vn -0.6947 -0.6947 0.1867
vn -0.8290 -0.5591 0.0095
vn -0.7071 -0.7071 0.0100
vn -0.8154 -0.5501 -0.1805
vn -0.6960 -0.6960 -0.1768
vn -0.7749 0.3492 -0.5269
vn -0.8153 0.1805 -0.5502
vn -0.8292 0.0000 -0.5590
vn -0.8153 -0.1805 -0.5502
vn -0.7749 -0.3492 -0.5269
vn -0.7750 -0.5266 -0.3494
vn -0.6646 -0.6646 -0.3414
vn -0.6200 -0.6200 -0.4809
vn 0.6201 0.6201 0.4805
vn 0.5273 0.7746 0.3492
vn 0.6647 0.6647 0.3411
vn 0.3492 0.7746 0.5273
vn 0.6950 0.6950 0.1840
vn 0.1805 0.8148 0.5509
vn 0.7071 0.7071 0.0090
vn 0.0000 0.8288 0.5596
vn 0.6962 0.6962 -0.1751
vn 0.5568 0.8306 0.0086
vn -0.1805 0.8148 0.5509
vn 0.6646 0.6646 -0.3414
vn 0.5490 0.8163 -0.1794
vn -0.4964 0.7122 0.4964
vn 0.6200 0.6200 -0.4809
vn 0.4959 0.7125 -0.4964
vn -0.5488 0.8146 0.1878
vn -0.5568 0.8306 0.0086
vn -0.5490 0.8163 -0.1794
vn 0.3492 0.7749 -0.5269
vn 0.1805 0.8153 -0.5502
vn 0.0000 0.8292 -0.5590
vn -0.1805 0.8153 -0.5502
vn -0.3492 0.7749 -0.5269
vn -0.5266 0.7750 -0.3494
vn 0.8288 0.0000 0.5596
vn 0.8148 0.1805 0.5509
vn 0.9212 0.0000 0.3890
vn 0.7122 0.4964 0.4964
vn 0.9043 0.1887 0.3828
vn 0.9783 -0.0003 0.2073
vn 0.9593 0.1947 0.2044
vn 1.0000 -0.0009 0.0070
vn 0.8146 0.5488 0.1878
vn 0.9797 -0.0006 -0.2005
vn 0.9804 0.1967 0.0069
vn 0.9216 0.0000 -0.3881
vn 0.9607 0.1949 -0.1976
vn 0.8306 0.5568 0.0086
vn 0.8292 0.0000 -0.5590
vn 0.9047 0.1886 -0.3820
vn 0.8163 0.5490 -0.1794
vn 0.8153 0.1805 -0.5502
vn 0.7750 0.5266 -0.3494
vn 0.7749 0.3492 -0.5269
vn 0.6201 -0.6201 0.4805
vn 0.7746 -0.5273 0.3492
vn 0.6647 -0.6647 0.3411
vn 0.7746 -0.3492 0.5273
vn 0.6947 -0.6947 0.1867
vn 0.8148 -0.1805 0.5509
vn 0.8134 -0.5498 0.1898
vn 0.7071 -0.7071 0.0100
vn 0.9043 -0.1887 0.3828
vn 0.6960 -0.6960 -0.1768
vn 0.8290 -0.5591 0.0095
vn 0.9591 -0.1962 0.2040
vn 0.6646 -0.6646 -0.3414
vn 0.8154 -0.5501 -0.1805
vn 0.9798 -0.1998 0.0076
vn 0.6200 -0.6200 -0.4809
vn 0.7125 -0.4959 -0.4964
vn 0.9606 -0.1966 -0.1965
vn 0.9047 -0.1886 -0.3820
vn 0.7749 -0.3492 -0.5269
vn 0.8153 -0.1805 -0.5502
vn -0.5273 -0.7746 0.3492
vn -0.3492 -0.7746 0.5273
vn -0.1805 -0.8148 0.5509
vn -0.5498 -0.8134 0.1898
vn 0.0000 -0.8288 0.5596
vn -0.5591 -0.8290 0.0095
vn 0.1805 -0.8148 0.5509
vn -0.5501 -0.8154 -0.1805
vn 0.4964 -0.7122 0.4964
vn -0.4959 -0.7125 -0.4964
vn 0.5273 -0.7746 0.3492
vn 0.5591 -0.8290 0.0095
vn 0.5501 -0.8154 -0.1805
vn -0.3492 -0.7749 -0.5269
vn -0.1805 -0.8153 -0.5502
vn 0.0000 -0.8292 -0.5590
vn 0.1805 -0.8153 -0.5502
vn 0.3492 -0.7749 -0.5269
vn 0.5266 -0.7750 -0.3494
vn 0.5488 0.8146 0.1878
vn -0.1887 0.3828 0.9043
vn -0.3828 0.1887 0.9043
vn 0.0000 -0.3883 -0.9215
vn -0.3883 0.0000 -0.9215
vn 0.0000 0.3883 -0.9215
vn 0.0000 -0.3890 0.9212
vn 0.0000 -0.9798 -0.1999
vn 0.1966 -0.9606 -0.1965
vn 0.1998 -0.9798 0.0076
vn -0.3818 -0.9048 -0.1886
vn -0.1998 -0.9798 0.0076
vn -0.3883 -0.9215 0.0086
vn -0.1949 0.9607 -0.1976
vn -0.3847 0.9230 0.0076
vn -0.1967 0.9804 0.0069
vn -0.9797 -0.0006 -0.2005
vn -0.9606 -0.1966 -0.1965
vn -0.9798 -0.1998 0.0076
vn 0.0000 -0.9216 -0.3881
vn 0.1886 -0.9047 -0.3820
vn -0.9593 0.1947 0.2044
vn -0.9038 0.3803 0.1963
vn -0.9230 0.3847 0.0076
vn 0.0000 -0.9212 0.3890
vn -0.1887 -0.9043 0.3828
vn -0.1962 -0.9591 0.2040
vn -0.1887 0.9043 0.3828
vn 0.0000 0.9782 0.2076
vn -0.1947 0.9593 0.2044
vn 0.0000 0.9216 -0.3881
vn 0.0000 0.9796 -0.2010
vn 0.1962 -0.9591 0.2040
vn 0.0000 -0.9783 0.2070
vn 0.0000 -1.0000 0.0073
vn 0.9230 0.3847 0.0076
vn -0.9216 0.0000 -0.3881
vn -0.3670 0.8547 0.3670
vn -0.3803 0.9038 0.1963
vn 0.3883 -0.9215 0.0086
vn -0.9215 -0.3883 0.0086
vn -0.9047 -0.1886 -0.3820
vn 0.1887 -0.9043 0.3828
vn 0.1947 0.9593 0.2044
vn 0.3847 0.9230 0.0076
vn 0.1967 0.9804 0.0069
vn 0.3663 0.8553 -0.3665
vn 0.1949 0.9607 -0.1976
vn 0.3799 0.9055 -0.1889
vn -0.9804 0.1967 0.0069
vn -0.3821 -0.9029 0.1970
vn 0.3803 0.9038 0.1963
vn -0.9043 0.1887 0.3828
vn -0.9043 -0.1887 0.3828
vn -0.9212 0.0000 0.3890
vn -0.9783 -0.0003 0.2073
vn -0.8547 -0.3670 0.3670
vn -0.9591 -0.1962 0.2040
vn -0.9029 -0.3821 0.1970
vn -0.1886 0.9047 -0.3820
vn 0.9048 -0.3818 -0.1886
vn 0.3670 -0.8547 0.3670
vn 0.3821 -0.9029 0.1970
vn -0.3669 0.3669 -0.8549
vn 0.9055 0.3799 -0.1889
vn 0.1886 0.9047 -0.3820
vn -0.1886 -0.9047 -0.3820
vn -0.3663 -0.8553 -0.3665
vn -0.1966 -0.9606 -0.1965
vn -0.8553 0.3663 -0.3665
vn -0.9607 0.1949 -0.1976
vn -0.9055 0.3799 -0.1889
vn -0.9047 0.1886 -0.3820
vn 0.3663 -0.8553 -0.3665
vn 0.3818 -0.9048 -0.1886
vn -0.8553 -0.3663 -0.3665
vn -0.9048 -0.3818 -0.1886
vn -0.3670 -0.8547 0.3670
vn 0.0000 0.9212 0.3890
vn 0.3670 0.8547 0.3670
vn 0.3669 -0.3669 -0.8549
vn 0.8553 0.3663 -0.3665
vn 0.3670 -0.3670 0.8547
vn 0.8547 0.3670 0.3670
vn 0.9038 0.3803 0.1963
vn -0.3663 0.8553 -0.3665
vn -0.3799 0.9055 -0.1889
vn 0.8547 -0.3670 0.3670
vn 0.9029 -0.3821 0.1970
vn 0.9215 -0.3883 0.0086
vn -0.8547 0.3670 0.3670
vn 0.1887 0.9043 0.3828
vn -0.3670 0.3670 0.8547
vn 0.3669 0.3669 -0.8549
vn 0.3670 0.3670 0.8547
vn 0.1885 -0.3823 -0.9046
# 349 vertex normals

o Sphere__17_
g Sphere__17_
s off
f 1//1 2//2 3//3 
f 4//4 2//2 1//1 
f 1//1 3//3 5//5 
f 2//2 6//6 3//3 
f 7//7 5//5 3//3 
f 4//8 8//9 2//2 
f 2//2 8//9 6//6 
f 9//10 4//11 10//12 
f 11//13 4//11 9//10 
f 11//13 12//14 4//11 
f 10//12 5//15 13//16 
f 12//14 14//17 15//18 
f 13//16 5//19 16//20 
f 14//17 17//21 15//22 
f 18//23 19//24 16//20 
f 17//21 20//25 21//26 
f 18//27 22//28 19//24 
f 20//25 23//29 21//30 
f 24//31 25//32 22//28 
f 23//29 26//33 27//34 
f 8//9 28//35 29//36 
f 8//9 29//36 6//6 
f 28//35 30//37 29//36 
f 28//38 31//39 30//37 
f 28//40 32//41 31//39 
f 28//40 33//42 32//41 
f 28//43 34//44 33//42 
f 27//34 35//45 34//44 
f 26//33 36//46 27//34 
f 36//46 35//45 27//34 
f 36//46 37//47 35//45 
f 38//48 3//3 6//6 
f 39//49 38//48 6//6 
f 40//50 38//48 39//49 
f 41//51 7//7 38//48 
f 38//48 7//7 3//3 
f 42//52 43//53 41//54 
f 43//53 44//55 41//56 
f 44//55 45//57 24//31 
f 45//57 46//58 24//31 
f 46//58 25//32 24//31 
f 46//58 47//59 25//32 
f 48//60 42//52 41//61 
f 49//62 48//60 40//63 
f 50//64 49//62 40//63 
f 50//64 40//63 51//65 
f 51//65 52//66 53//67 
f 53//67 52//68 54//69 
f 52//70 39//49 29//36 
f 39//49 6//6 29//36 
f 52//70 29//36 30//37 
f 52//68 30//37 31//39 
f 54//69 52//68 31//39 
f 54//69 31//39 32//41 
f 55//71 56//72 57//73 
f 58//74 55//71 57//73 
f 58//75 59//76 55//71 
f 55//71 59//76 56//72 
f 60//77 61//78 62//79 
f 63//80 61//78 60//77 
f 63//80 64//81 61//78 
f 62//79 65//82 66//83 
f 64//81 67//84 61//78 
f 66//83 65//85 68//86 
f 67//84 69//87 61//88 
f 65//89 70//90 68//86 
f 69//87 71//91 72//92 
f 65//93 73//94 70//90 
f 71//91 74//95 72//96 
f 74//95 75//97 72//98 
f 75//97 76//99 77//100 
f 76//99 78//101 77//100 
f 76//99 79//102 78//101 
f 77//100 78//101 80//103 
f 77//100 80//103 81//104 
f 82//105 81//104 83//106 
f 84//107 82//108 83//106 
f 85//109 82//110 84//107 
f 59//76 86//111 87//112 
f 59//76 87//112 56//72 
f 88//113 89//114 85//109 
f 90//115 89//114 88//113 
f 90//115 91//116 89//114 
f 89//117 92//118 87//112 
f 92//118 56//72 87//112 
f 91//116 93//119 94//120 
f 93//119 95//121 94//122 
f 94//123 96//124 92//118 
f 92//118 96//124 56//72 
f 94//123 97//125 96//124 
f 94//122 98//126 97//125 
f 95//121 98//126 94//122 
f 95//121 99//127 98//126 
f 100//128 101//129 102//130 
f 100//128 102//130 103//131 
f 103//131 102//130 73//94 
f 104//132 100//128 103//131 
f 105//133 104//132 103//131 
f 99//127 105//133 103//134 
f 99//127 103//134 98//126 
f 98//126 103//135 97//125 
f 97//125 106//136 96//124 
f 96//124 106//136 57//73 
f 96//124 57//73 56//72 
f 25//32 47//59 107//137 
f 25//32 107//137 108//138 
f 22//28 25//32 108//138 
f 108//138 107//137 109//139 
f 19//24 22//28 110//140 
f 108//138 109//139 111//141 
f 16//20 19//24 110//142 
f 108//138 111//141 112//143 
f 13//16 16//20 113//144 
f 114//145 115//146 112//143 
f 10//12 13//16 113//147 
f 116//148 115//149 114//145 
f 9//10 10//12 117//150 
f 118//151 119//152 116//148 
f 11//13 9//10 117//150 
f 11//13 117//150 120//153 
f 120//153 121//154 122//155 
f 122//155 121//154 123//156 
f 123//156 124//157 125//158 
f 124//159 126//160 125//158 
f 79//102 119//152 118//151 
f 79//102 76//99 119//152 
f 76//99 75//97 127//161 
f 75//97 74//95 127//162 
f 74//95 71//91 127//163 
f 71//91 69//87 128//164 
f 69//87 67//84 128//165 
f 124//166 129//167 126//160 
f 67//84 64//81 124//166 
f 124//166 130//168 129//167 
f 64//81 130//168 124//166 
f 64//81 63//80 130//168 
f 49//62 50//64 131//169 
f 49//62 131//169 132//170 
f 48//60 49//62 132//170 
f 132//170 131//169 133//171 
f 42//52 48//60 134//172 
f 132//170 133//171 135//173 
f 43//53 42//52 134//174 
f 132//170 135//173 136//175 
f 44//55 43//53 137//176 
f 138//177 139//178 136//175 
f 45//57 44//55 137//179 
f 140//180 139//181 138//177 
f 46//58 45//57 141//182 
f 142//183 143//184 140//180 
f 47//59 46//58 141//182 
f 47//59 141//182 107//137 
f 107//137 144//185 109//139 
f 109//139 144//185 111//141 
f 111//141 145//186 112//143 
f 145//187 114//145 112//143 
f 90//115 143//184 142//183 
f 90//115 88//113 143//184 
f 88//113 85//109 146//188 
f 85//109 84//107 146//189 
f 84//107 83//106 146//190 
f 83//106 81//104 147//191 
f 81//104 80//103 147//192 
f 145//193 116//148 114//145 
f 80//103 78//101 145//193 
f 145//193 118//151 116//148 
f 78//101 118//151 145//193 
f 78//101 79//102 118//151 
f 54//69 32//41 148//194 
f 54//69 148//194 149//195 
f 53//67 54//69 149//195 
f 149//195 148//194 150//196 
f 51//65 53//67 149//197 
f 149//198 150//196 151//199 
f 50//64 51//65 149//197 
f 50//64 149//197 131//169 
f 152//200 151//199 153//201 
f 131//169 154//202 133//171 
f 155//203 152//204 153//201 
f 133//171 154//202 135//173 
f 156//205 157//206 155//203 
f 135//173 158//207 136//175 
f 159//208 157//209 156//205 
f 158//210 138//177 136//175 
f 99//127 160//211 159//208 
f 99//127 95//121 160//211 
f 158//212 140//180 138//177 
f 95//121 93//119 160//213 
f 160//213 142//183 140//180 
f 93//119 91//116 160//213 
f 91//116 142//183 160//213 
f 91//116 90//115 142//183 
f 35//45 37//47 161//214 
f 35//45 161//214 162//215 
f 34//44 35//45 162//215 
f 162//215 161//214 163//216 
f 33//42 34//44 162//217 
f 162//215 163//216 164//218 
f 32//41 33//42 162//219 
f 32//41 162//219 148//194 
f 165//220 164//218 166//221 
f 148//194 167//222 150//196 
f 168//223 165//224 166//221 
f 150//196 167//225 151//199 
f 169//226 165//227 168//223 
f 151//199 170//228 153//201 
f 171//229 172//230 169//226 
f 170//231 155//203 153//201 
f 101//129 172//230 171//229 
f 101//129 100//128 172//230 
f 172//232 156//205 155//203 
f 100//128 104//132 173//233 
f 173//234 159//208 156//205 
f 104//132 105//133 173//234 
f 105//133 159//208 173//234 
f 105//133 99//127 159//208 
f 12//14 11//13 120//153 
f 12//14 120//153 174//235 
f 14//17 12//14 174//235 
f 174//235 120//153 122//155 
f 17//21 14//17 175//236 
f 174//235 122//155 123//156 
f 20//25 17//21 175//237 
f 176//238 123//156 125//158 
f 23//29 20//25 177//239 
f 126//160 176//240 125//158 
f 26//33 23//29 177//241 
f 129//167 176//242 126//160 
f 36//46 26//33 178//243 
f 130//168 179//244 129//167 
f 37//47 36//46 178//243 
f 37//47 178//243 161//214 
f 161//214 180//245 163//216 
f 163//216 180//245 164//218 
f 164//218 181//246 166//221 
f 181//247 168//223 166//221 
f 63//80 179//244 130//168 
f 63//80 60//77 179//244 
f 60//77 62//79 182//248 
f 62//79 66//83 182//249 
f 66//83 68//86 182//250 
f 68//86 70//90 183//251 
f 70//90 73//94 183//252 
f 181//253 169//226 168//223 
f 73//94 102//130 181//253 
f 181//253 171//229 169//226 
f 102//130 171//229 181//253 
f 102//130 101//129 171//229 
f 184//1 185//2 186//3 
f 187//4 185//2 184//1 
f 184//1 186//3 188//5 
f 185//2 189//6 186//3 
f 190//7 188//5 186//3 
f 187//8 191//9 185//2 
f 185//2 191//9 189//6 
f 192//10 187//18 193//12 
f 194//13 187//18 192//10 
f 194//13 195//14 187//18 
f 193//12 188//15 196//16 
f 195//14 197//17 187//18 
f 196//16 188//19 198//20 
f 197//17 199//21 187//22 
f 188//23 200//24 198//20 
f 199//21 201//25 202//26 
f 188//27 203//28 200//24 
f 201//25 204//29 202//30 
f 205//31 206//32 203//28 
f 204//29 207//33 208//34 
f 191//9 209//35 210//36 
f 191//9 210//36 189//6 
f 209//35 211//37 210//36 
f 209//38 212//39 211//37 
f 209//40 213//41 212//39 
f 209//40 214//42 213//41 
f 209//43 215//44 214//42 
f 208//34 216//45 215//44 
f 207//33 217//46 208//34 
f 217//46 216//45 208//34 
f 217//46 218//47 216//45 
f 219//48 186//3 189//6 
f 220//49 219//48 189//6 
f 221//50 219//48 220//49 
f 222//51 190//7 219//48 
f 219//48 190//7 186//3 
f 223//52 224//53 222//54 
f 224//53 225//55 222//56 
f 225//55 226//57 205//31 
f 226//57 227//58 205//31 
f 227//58 206//32 205//31 
f 227//58 228//59 206//32 
f 229//60 223//52 222//61 
f 230//62 229//60 221//63 
f 231//64 230//62 221//63 
f 231//64 221//63 232//65 
f 232//65 221//63 233//67 
f 233//67 221//68 234//69 
f 221//70 220//49 210//36 
f 220//49 189//6 210//36 
f 221//70 210//36 211//37 
f 221//68 211//37 212//39 
f 234//69 221//68 212//39 
f 234//69 212//39 213//41 
f 235//71 236//72 237//73 
f 238//74 235//71 237//73 
f 238//75 239//76 235//71 
f 235//71 239//76 236//72 
f 240//77 238//78 241//79 
f 242//80 238//78 240//77 
f 242//80 243//81 238//78 
f 241//79 244//82 245//83 
f 243//81 246//84 238//78 
f 245//83 247//85 248//86 
f 246//84 249//87 238//88 
f 247//89 250//90 248//86 
f 249//87 251//91 252//92 
f 253//93 254//94 250//90 
f 251//91 255//95 252//96 
f 255//95 256//97 252//98 
f 256//97 257//99 252//100 
f 257//99 258//101 252//100 
f 257//99 259//102 258//101 
f 252//100 258//101 260//103 
f 252//100 260//103 261//104 
f 262//105 261//104 263//106 
f 264//107 262//108 263//106 
f 265//109 262//110 264//107 
f 239//76 266//111 267//112 
f 239//76 267//112 236//72 
f 268//113 269//114 265//109 
f 270//115 269//114 268//113 
f 270//115 271//116 269//114 
f 269//117 272//118 267//112 
f 272//118 236//72 267//112 
f 271//116 273//119 269//114 
f 273//119 274//121 269//122 
f 269//123 275//124 272//118 
f 272//118 275//124 236//72 
f 269//123 276//125 275//124 
f 269//122 277//126 276//125 
f 274//121 277//126 269//122 
f 274//121 278//127 277//126 
f 279//128 280//129 281//130 
f 279//128 281//130 253//93 
f 253//93 281//130 254//94 
f 282//132 279//128 253//93 
f 283//133 282//132 253//131 
f 278//127 283//133 253//134 
f 278//127 253//134 277//126 
f 277//126 244//135 276//125 
f 276//125 244//136 275//124 
f 275//124 244//136 237//73 
f 275//124 237//73 236//72 
f 206//32 228//59 284//137 
f 206//32 284//137 285//138 
f 203//28 206//32 285//138 
f 285//138 284//137 286//139 
f 200//24 203//28 287//140 
f 285//138 286//139 288//141 
f 198//20 200//24 287//142 
f 285//138 288//141 289//143 
f 196//16 198//20 287//144 
f 290//145 291//146 289//143 
f 193//12 196//16 287//147 
f 292//148 291//149 290//145 
f 192//10 193//12 293//150 
f 294//151 295//152 292//148 
f 194//13 192//10 293//150 
f 194//13 293//150 296//153 
f 296//153 293//154 297//155 
f 297//155 293//154 298//156 
f 298//156 299//157 300//158 
f 299//159 301//160 300//158 
f 259//102 295//152 294//151 
f 259//102 257//99 295//152 
f 257//99 256//97 302//161 
f 256//97 255//95 302//162 
f 255//95 251//91 302//163 
f 251//91 249//87 303//164 
f 249//87 246//84 303//165 
f 299//166 304//167 301//160 
f 246//84 243//81 299//166 
f 299//166 305//168 304//167 
f 243//81 305//168 299//166 
f 243//81 242//80 305//168 
f 230//62 231//64 306//169 
f 230//62 306//169 307//170 
f 229//60 230//62 307//170 
f 307//170 306//169 308//171 
f 223//52 229//60 309//172 
f 307//170 308//171 310//173 
f 224//53 223//52 309//174 
f 307//170 310//173 311//175 
f 225//55 224//53 312//176 
f 313//177 314//178 311//175 
f 226//57 225//55 312//179 
f 315//180 314//181 313//177 
f 227//58 226//57 312//182 
f 316//183 317//184 315//180 
f 228//59 227//58 312//182 
f 228//59 312//182 284//137 
f 284//137 318//185 286//139 
f 286//139 318//185 288//141 
f 288//141 319//186 289//143 
f 319//187 290//145 289//143 
f 270//115 317//184 316//183 
f 270//115 268//113 317//184 
f 268//113 265//109 320//188 
f 265//109 264//107 320//189 
f 264//107 263//106 320//190 
f 263//106 261//104 321//191 
f 261//104 260//103 321//192 
f 319//193 292//148 290//145 
f 260//103 258//101 319//193 
f 319//193 294//151 292//148 
f 258//101 294//151 319//193 
f 258//101 259//102 294//151 
f 234//69 213//41 322//194 
f 234//69 322//194 323//195 
f 233//67 234//69 323//195 
f 323//195 322//194 324//196 
f 232//65 233//67 323//197 
f 323//198 324//196 325//199 
f 231//64 232//65 323//197 
f 231//64 323//197 306//169 
f 326//200 325//199 327//201 
f 306//169 328//202 308//171 
f 329//203 326//204 327//201 
f 308//171 328//202 310//173 
f 330//205 331//206 329//203 
f 310//173 332//207 311//175 
f 333//208 331//209 330//205 
f 332//210 313//177 311//175 
f 278//127 334//211 333//208 
f 278//127 274//121 334//211 
f 332//212 315//180 313//177 
f 274//121 273//119 334//213 
f 334//213 316//183 315//180 
f 273//119 271//116 334//213 
f 271//116 316//183 334//213 
f 271//116 270//115 316//183 
f 216//45 218//47 335//214 
f 216//45 335//214 336//215 
f 215//44 216//45 336//215 
f 336//215 335//214 337//216 
f 214//42 215//44 336//217 
f 336//215 337//216 338//218 
f 213//41 214//42 336//219 
f 213//41 336//219 322//194 
f 339//220 338//218 340//221 
f 322//194 341//222 324//196 
f 342//223 339//224 340//221 
f 324//196 341//225 325//199 
f 343//226 339//227 342//223 
f 325//199 344//228 327//201 
f 345//229 346//233 343//226 
f 344//231 329//203 327//201 
f 280//129 346//233 345//229 
f 280//129 279//128 346//233 
f 346//232 330//205 329//203 
f 279//128 282//132 346//233 
f 346//234 333//208 330//205 
f 282//132 283//133 346//234 
f 283//133 333//208 346//234 
f 283//133 278//127 333//208 
f 195//14 194//13 296//153 
f 195//14 296//153 347//235 
f 197//17 195//14 347//235 
f 347//235 296//153 297//155 
f 199//21 197//17 347//236 
f 347//235 297//155 298//156 
f 201//25 199//21 347//237 
f 348//238 298//156 300//158 
f 204//29 201//25 349//239 
f 301//160 348//240 300//158 
f 207//33 204//29 349//241 
f 304//167 348//242 301//160 
f 217//46 207//33 350//243 
f 305//168 351//244 304//167 
f 218//47 217//46 350//243 
f 218//47 350//243 335//214 
f 335//214 350//245 337//216 
f 337//216 350//245 338//218 
f 338//218 352//246 340//221 
f 352//247 342//223 340//221 
f 242//80 351//244 305//168 
f 242//80 240//77 351//244 
f 240//77 241//79 353//248 
f 241//79 245//83 353//249 
f 245//83 248//86 353//250 
f 248//86 250//90 354//251 
f 250//90 254//94 354//252 
f 352//253 343//226 342//223 
f 254//94 281//130 352//253 
f 352//253 345//229 343//226 
f 281//130 345//229 352//253 
f 281//130 280//129 345//229 
f 355//1 356//2 357//3 
f 358//4 356//2 355//1 
f 355//1 357//3 359//5 
f 356//2 360//6 357//3 
f 361//7 359//5 357//3 
f 358//8 362//9 356//2 
f 356//2 362//9 360//6 
f 363//10 358//18 364//12 
f 365//13 358//18 363//10 
f 365//13 366//14 358//18 
f 364//12 359//15 367//16 
f 366//14 368//17 358//18 
f 367//16 359//19 369//20 
f 368//17 370//21 358//22 
f 359//23 371//24 369//20 
f 370//21 372//25 373//26 
f 359//27 374//28 371//24 
f 372//25 375//29 373//30 
f 376//31 377//32 374//28 
f 375//29 378//33 379//34 
f 362//9 380//35 381//36 
f 362//9 381//36 360//6 
f 380//35 382//37 381//36 
f 380//38 383//39 382//37 
f 380//40 384//41 383//39 
f 380//40 385//42 384//41 
f 380//43 386//44 385//42 
f 379//34 387//45 386//44 
f 378//33 388//46 379//34 
f 388//46 387//45 379//34 
f 388//46 389//47 387//45 
f 390//48 357//3 360//6 
f 391//49 390//48 360//6 
f 392//50 390//48 391//49 
f 393//51 361//7 390//48 
f 390//48 361//7 357//3 
f 394//52 395//53 393//54 
f 395//53 396//55 393//56 
f 396//55 397//57 376//31 
f 397//57 398//58 376//31 
f 398//58 377//32 376//31 
f 398//58 399//59 377//32 
f 400//60 394//52 393//61 
f 401//62 400//60 392//63 
f 402//64 401//62 392//63 
f 402//64 392//63 403//65 
f 403//65 392//63 404//67 
f 404//67 392//68 405//69 
f 392//70 391//49 381//36 
f 391//49 360//6 381//36 
f 392//70 381//36 382//37 
f 392//68 382//37 383//39 
f 405//69 392//68 383//39 
f 405//69 383//39 384//41 
f 406//71 407//72 408//73 
f 409//74 406//71 408//73 
f 409//75 410//76 406//71 
f 406//71 410//76 407//72 
f 411//77 409//78 412//79 
f 413//80 409//78 411//77 
f 413//80 414//81 409//78 
f 412//79 415//82 416//83 
f 414//81 417//84 409//78 
f 416//83 415//85 418//86 
f 417//84 419//87 409//88 
f 415//89 420//90 418//86 
f 419//87 421//91 422//92 
f 415//93 423//94 420//90 
f 421//91 424//95 422//96 
f 424//95 425//97 422//98 
f 425//97 426//99 422//100 
f 426//99 427//101 422//100 
f 426//99 428//102 427//101 
f 422//100 427//101 429//103 
f 422//100 429//103 430//104 
f 431//105 430//104 432//106 
f 433//107 431//108 432//106 
f 434//109 431//110 433//107 
f 410//76 435//111 436//112 
f 410//76 436//112 407//72 
f 437//113 438//114 434//109 
f 439//115 438//114 437//113 
f 439//115 440//116 438//114 
f 438//117 441//118 436//112 
f 441//118 407//72 436//112 
f 440//116 442//119 438//114 
f 442//119 443//121 438//122 
f 438//123 444//124 441//118 
f 441//118 444//124 407//72 
f 438//123 445//125 444//124 
f 438//122 446//126 445//125 
f 443//121 446//126 438//122 
f 443//121 447//127 446//126 
f 448//128 449//129 450//130 
f 448//128 450//130 451//131 
f 451//131 450//130 423//94 
f 452//132 448//128 451//131 
f 453//133 452//132 451//131 
f 447//127 453//133 451//134 
f 447//127 451//134 446//126 
f 446//126 451//135 445//125 
f 445//125 454//136 444//124 
f 444//124 454//136 408//73 
f 444//124 408//73 407//72 
f 377//32 399//59 455//137 
f 377//32 455//137 456//138 
f 374//28 377//32 456//138 
f 456//138 455//137 457//139 
f 371//24 374//28 458//140 
f 456//138 457//139 459//141 
f 369//20 371//24 458//142 
f 456//138 459//141 460//143 
f 367//16 369//20 458//144 
f 461//145 462//146 460//143 
f 364//12 367//16 458//147 
f 463//148 462//149 461//145 
f 363//10 364//12 464//150 
f 465//151 466//152 463//148 
f 365//13 363//10 464//150 
f 365//13 464//150 467//153 
f 467//153 464//154 468//155 
f 468//155 464//154 469//156 
f 469//156 470//157 471//158 
f 470//159 472//160 471//158 
f 428//102 466//152 465//151 
f 428//102 426//99 466//152 
f 426//99 425//97 473//161 
f 425//97 424//95 473//162 
f 424//95 421//91 473//163 
f 421//91 419//87 474//164 
f 419//87 417//84 474//165 
f 470//166 475//167 472//160 
f 417//84 414//81 470//166 
f 470//166 476//168 475//167 
f 414//81 476//168 470//166 
f 414//81 413//80 476//168 
f 401//62 402//64 477//169 
f 401//62 477//169 478//170 
f 400//60 401//62 478//170 
f 478//170 477//169 479//171 
f 394//52 400//60 480//172 
f 478//170 479//171 481//173 
f 395//53 394//52 480//174 
f 478//170 481//173 482//175 
f 396//55 395//53 483//176 
f 484//177 485//178 482//175 
f 397//57 396//55 483//179 
f 486//180 485//181 484//177 
f 398//58 397//57 483//182 
f 487//183 488//184 486//180 
f 399//59 398//58 483//182 
f 399//59 483//182 455//137 
f 455//137 489//185 457//139 
f 457//139 489//185 459//141 
f 459//141 490//186 460//143 
f 490//187 461//145 460//143 
f 439//115 488//184 487//183 
f 439//115 437//113 488//184 
f 437//113 434//109 491//188 
f 434//109 433//107 491//189 
f 433//107 432//106 491//190 
f 432//106 430//104 492//191 
f 430//104 429//103 492//192 
f 490//193 463//148 461//145 
f 429//103 427//101 490//193 
f 490//193 465//151 463//148 
f 427//101 465//151 490//193 
f 427//101 428//102 465//151 
f 405//69 384//41 493//194 
f 405//69 493//194 494//195 
f 404//67 405//69 494//195 
f 494//195 493//194 495//196 
f 403//65 404//67 494//197 
f 494//198 495//196 496//199 
f 402//64 403//65 494//197 
f 402//64 494//197 477//169 
f 497//200 496//199 498//201 
f 477//169 499//202 479//171 
f 500//203 497//204 498//201 
f 479//171 499//202 481//173 
f 501//205 502//206 500//203 
f 481//173 503//207 482//175 
f 504//208 502//209 501//205 
f 503//210 484//177 482//175 
f 447//127 505//211 504//208 
f 447//127 443//121 505//211 
f 503//212 486//180 484//177 
f 443//121 442//119 505//213 
f 505//213 487//183 486//180 
f 442//119 440//116 505//213 
f 440//116 487//183 505//213 
f 440//116 439//115 487//183 
f 387//45 389//47 506//214 
f 387//45 506//214 507//215 
f 386//44 387//45 507//215 
f 507//215 506//214 508//216 
f 385//42 386//44 507//217 
f 507//215 508//216 509//218 
f 384//41 385//42 507//219 
f 384//41 507//219 493//194 
f 510//220 509//218 511//221 
f 493//194 512//222 495//196 
f 513//223 510//224 511//221 
f 495//196 512//225 496//199 
f 514//226 510//227 513//223 
f 496//199 515//228 498//201 
f 516//229 517//233 514//226 
f 515//231 500//203 498//201 
f 449//129 517//233 516//229 
f 449//129 448//128 517//233 
f 517//232 501//205 500//203 
f 448//128 452//132 517//233 
f 517//234 504//208 501//205 
f 452//132 453//133 517//234 
f 453//133 504//208 517//234 
f 453//133 447//127 504//208 
f 366//14 365//13 467//153 
f 366//14 467//153 518//235 
f 368//17 366//14 518//235 
f 518//235 467//153 468//155 
f 370//21 368//17 518//236 
f 518//235 468//155 469//156 
f 372//25 370//21 518//237 
f 519//238 469//156 471//158 
f 375//29 372//25 520//239 
f 472//160 519//240 471//158 
f 378//33 375//29 520//241 
f 475//167 519//242 472//160 
f 388//46 378//33 521//243 
f 476//168 522//244 475//167 
f 389//47 388//46 521//243 
f 389//47 521//243 506//214 
f 506//214 521//245 508//216 
f 508//216 521//245 509//218 
f 509//218 523//246 511//221 
f 523//247 513//223 511//221 
f 413//80 522//244 476//168 
f 413//80 411//77 522//244 
f 411//77 412//79 524//248 
f 412//79 416//83 524//249 
f 416//83 418//86 524//250 
f 418//86 420//90 525//251 
f 420//90 423//94 525//252 
f 523//253 514//226 513//223 
f 423//94 450//130 523//253 
f 523//253 516//229 514//226 
f 450//130 516//229 523//253 
f 450//130 449//129 516//229 
f 526//1 527//2 528//3 
f 529//4 527//2 526//1 
f 526//1 528//3 530//5 
f 527//2 531//6 528//3 
f 532//7 530//5 528//3 
f 529//8 533//9 527//2 
f 527//2 533//9 531//6 
f 534//10 529//18 535//12 
f 536//13 529//18 534//10 
f 536//13 537//14 529//18 
f 535//12 530//15 538//16 
f 537//14 539//17 529//18 
f 538//16 530//19 540//20 
f 539//17 541//21 529//22 
f 530//23 542//24 540//20 
f 541//21 543//25 544//26 
f 530//27 545//28 542//24 
f 543//25 546//29 544//30 
f 547//31 548//32 545//28 
f 546//29 549//33 544//34 
f 533//9 544//35 550//36 
f 533//9 550//36 531//6 
f 544//35 551//37 550//36 
f 544//38 552//39 551//37 
f 553//40 554//41 552//39 
f 553//40 555//42 554//41 
f 553//43 556//44 555//42 
f 553//43 557//45 556//44 
f 549//33 558//46 553//43 
f 558//46 557//45 553//43 
f 558//46 559//47 557//45 
f 560//48 528//3 531//6 
f 561//49 560//48 531//6 
f 562//50 560//48 561//49 
f 563//51 532//7 560//48 
f 560//48 532//7 528//3 
f 564//52 565//53 563//54 
f 565//53 566//55 563//56 
f 566//55 567//57 547//31 
f 567//57 568//58 547//31 
f 568//58 548//32 547//31 
f 568//58 569//59 548//32 
f 570//60 564//52 563//61 
f 571//62 570//60 562//63 
f 572//64 571//62 562//63 
f 572//64 562//63 573//65 
f 573//65 562//63 574//67 
f 574//67 562//68 575//69 
f 562//70 561//49 550//36 
f 561//49 531//6 550//36 
f 562//70 550//36 551//37 
f 562//68 551//37 552//39 
f 575//69 562//68 552//39 
f 575//69 552//39 554//41 
f 576//71 577//72 578//73 
f 579//74 576//71 578//73 
f 579//75 580//76 576//71 
f 576//71 580//76 577//72 
f 581//77 579//78 582//79 
f 583//80 579//78 581//77 
f 583//80 584//81 579//78 
f 582//79 585//82 586//83 
f 584//81 587//84 579//78 
f 586//83 588//85 589//86 
f 587//84 590//87 579//88 
f 588//89 591//90 589//86 
f 590//87 592//91 593//92 
f 594//93 595//94 591//90 
f 592//91 596//95 593//96 
f 596//95 597//97 593//98 
f 597//97 598//99 593//100 
f 598//99 599//101 593//100 
f 598//99 600//102 599//101 
f 593//100 599//101 601//103 
f 593//100 601//103 602//104 
f 603//105 602//104 604//106 
f 605//107 603//108 604//106 
f 606//109 603//110 605//107 
f 580//76 607//111 608//112 
f 580//76 608//112 577//72 
f 609//113 610//114 606//109 
f 611//115 610//114 609//113 
f 611//115 612//116 610//114 
f 610//117 613//118 608//112 
f 613//118 577//72 608//112 
f 612//116 614//119 610//114 
f 614//119 615//121 610//122 
f 610//123 616//124 613//118 
f 613//118 616//124 577//72 
f 610//123 617//125 616//124 
f 610//122 618//126 617//125 
f 615//121 618//126 610//122 
f 615//121 619//127 618//126 
f 620//128 621//129 622//130 
f 620//128 622//130 594//93 
f 594//93 622//130 595//94 
f 623//132 620//128 594//93 
f 624//133 623//132 594//131 
f 619//127 624//133 594//134 
f 619//127 594//134 618//126 
f 618//126 585//135 617//125 
f 617//125 585//136 616//124 
f 616//124 585//136 578//73 
f 616//124 578//73 577//72 
f 548//32 569//59 625//137 
f 548//32 625//137 626//138 
f 545//28 548//32 626//138 
f 626//138 625//137 627//139 
f 542//24 545//28 628//140 
f 626//138 627//139 629//141 
f 540//20 542//24 628//142 
f 626//138 629//141 630//143 
f 538//16 540//20 628//144 
f 631//145 632//146 630//143 
f 535//12 538//16 628//147 
f 633//148 632//149 631//145 
f 534//10 535//12 634//150 
f 635//151 636//152 633//148 
f 536//13 534//10 634//150 
f 536//13 634//150 637//153 
f 637//153 634//150 638//155 
f 638//155 634//150 639//156 
f 639//156 640//157 641//158 
f 640//159 642//160 641//158 
f 600//102 636//152 635//151 
f 600//102 598//99 636//152 
f 598//99 597//97 643//161 
f 597//97 596//95 643//162 
f 596//95 592//91 643//163 
f 592//91 590//87 644//164 
f 590//87 587//84 644//165 
f 640//166 645//167 642//160 
f 587//84 584//81 640//166 
f 640//166 646//168 645//167 
f 584//81 646//168 640//166 
f 584//81 583//80 646//168 
f 571//62 572//64 647//169 
f 571//62 647//169 648//170 
f 570//60 571//62 648//170 
f 648//170 647//169 649//171 
f 564//52 570//60 650//172 
f 648//170 649//171 651//173 
f 565//53 564//52 650//174 
f 648//170 651//173 652//175 
f 566//55 565//53 653//176 
f 654//177 655//178 652//175 
f 567//57 566//55 653//179 
f 656//180 655//181 654//177 
f 568//58 567//57 653//182 
f 657//183 658//184 656//180 
f 569//59 568//58 653//182 
f 569//59 653//182 625//137 
f 625//137 659//185 627//139 
f 627//139 659//185 629//141 
f 629//141 660//186 630//143 
f 660//187 631//145 630//143 
f 611//115 658//184 657//183 
f 611//115 609//113 658//184 
f 609//113 606//109 661//188 
f 606//109 605//107 661//189 
f 605//107 604//106 661//190 
f 604//106 602//104 662//191 
f 602//104 601//103 662//192 
f 660//193 633//148 631//145 
f 601//103 599//101 660//193 
f 660//193 635//151 633//148 
f 599//101 635//151 660//193 
f 599//101 600//102 635//151 
f 575//69 554//41 663//194 
f 575//69 663//194 664//195 
f 574//67 575//69 664//195 
f 664//195 663//194 665//196 
f 573//65 574//67 664//197 
f 664//198 665//196 666//199 
f 572//64 573//65 664//197 
f 572//64 664//197 647//169 
f 667//200 666//199 668//201 
f 647//169 669//202 649//171 
f 670//203 667//204 668//201 
f 649//171 669//202 651//173 
f 671//205 672//206 670//203 
f 651//173 673//207 652//175 
f 674//208 672//209 671//205 
f 673//210 654//177 652//175 
f 619//127 675//211 674//208 
f 619//127 615//121 675//211 
f 673//212 656//180 654//177 
f 615//121 614//119 675//213 
f 675//213 657//183 656//180 
f 614//119 612//116 675//213 
f 612//116 657//183 675//213 
f 612//116 611//115 657//183 
f 557//45 559//47 676//214 
f 557//45 676//214 677//215 
f 556//44 557//45 677//215 
f 677//215 676//214 678//216 
f 555//42 556//44 677//217 
f 677//215 678//216 679//218 
f 554//41 555//42 677//219 
f 554//41 677//219 663//194 
f 680//220 679//218 681//221 
f 663//194 682//222 665//196 
f 683//223 680//224 681//221 
f 665//196 682//225 666//199 
f 684//226 680//227 683//223 
f 666//199 685//228 668//201 
f 686//229 687//233 684//226 
f 685//231 670//203 668//201 
f 621//129 687//233 686//229 
f 621//129 620//128 687//233 
f 687//232 671//205 670//203 
f 620//128 623//132 687//233 
f 687//234 674//208 671//205 
f 623//132 624//133 687//234 
f 624//133 674//208 687//234 
f 624//133 619//127 674//208 
f 537//14 536//13 637//153 
f 537//14 637//153 688//235 
f 539//17 537//14 688//235 
f 688//235 637//153 638//155 
f 541//21 539//17 688//236 
f 688//235 638//155 639//156 
f 543//25 541//21 688//237 
f 689//238 639//156 641//158 
f 546//29 543//25 690//239 
f 642//160 689//240 641//158 
f 549//33 546//29 690//241 
f 645//167 689//242 642//160 
f 558//46 549//33 691//243 
f 646//168 692//244 645//167 
f 559//47 558//46 691//243 
f 559//47 691//243 676//214 
f 676//214 691//245 678//216 
f 678//216 691//245 679//218 
f 679//218 693//246 681//221 
f 693//247 683//223 681//221 
f 583//80 692//244 646//168 
f 583//80 581//77 692//244 
f 581//77 582//79 694//248 
f 582//79 586//83 694//249 
f 586//83 589//86 694//250 
f 589//86 591//90 695//251 
f 591//90 595//94 695//252 
f 693//253 684//226 683//223 
f 595//94 622//130 693//253 
f 693//253 686//229 684//226 
f 622//130 686//229 693//253 
f 622//130 621//129 686//229 
f 696//1 697//2 698//3 
f 699//4 697//2 696//1 
f 696//1 698//3 700//5 
f 697//2 701//6 698//3 
f 702//7 700//5 698//3 
f 699//8 703//9 697//2 
f 697//2 703//9 701//6 
f 704//10 699//18 705//12 
f 706//13 699//18 704//10 
f 706//13 707//14 699//18 
f 705//12 700//15 708//16 
f 707//14 709//17 699//18 
f 708//16 700//19 710//20 
f 709//17 711//21 699//22 
f 700//23 712//24 710//20 
f 711//21 713//25 714//26 
f 700//27 715//28 712//24 
f 713//25 716//29 714//30 
f 717//31 718//32 715//28 
f 716//29 719//33 714//34 
f 703//9 714//35 720//36 
f 703//9 720//36 701//6 
f 714//35 721//37 720//36 
f 714//38 722//39 721//37 
f 723//40 724//41 722//39 
f 723//40 725//42 724//41 
f 723//43 726//44 725//42 
f 723//43 727//45 726//44 
f 719//33 728//46 723//43 
f 728//46 727//45 723//43 
f 728//46 729//47 727//45 
f 730//48 698//3 701//6 
f 731//49 730//48 701//6 
f 732//50 730//48 731//49 
f 733//51 702//7 730//48 
f 730//48 702//7 698//3 
f 734//52 735//53 733//54 
f 735//53 736//55 733//56 
f 736//55 737//57 717//31 
f 737//57 738//58 717//31 
f 738//58 718//32 717//31 
f 738//58 739//59 718//32 
f 740//60 734//52 733//61 
f 741//62 740//60 732//63 
f 742//64 741//62 732//63 
f 742//64 732//63 743//65 
f 743//65 732//63 744//67 
f 744//67 732//68 745//69 
f 732//70 731//49 720//36 
f 731//49 701//6 720//36 
f 732//70 720//36 721//37 
f 732//68 721//37 722//39 
f 745//69 732//68 722//39 
f 745//69 722//39 724//41 
f 746//71 747//72 748//73 
f 749//74 746//71 748//73 
f 749//75 750//76 746//71 
f 746//71 750//76 747//72 
f 751//77 749//78 752//79 
f 753//80 749//78 751//77 
f 753//80 754//81 749//78 
f 752//79 755//82 756//83 
f 754//81 757//84 749//78 
f 756//83 755//85 758//86 
f 757//84 759//87 749//88 
f 755//89 760//90 758//86 
f 759//87 761//91 762//92 
f 755//93 763//94 760//90 
f 761//91 764//95 762//96 
f 764//95 765//97 762//98 
f 765//97 766//99 762//100 
f 766//99 767//101 762//100 
f 766//99 768//102 767//101 
f 762//100 767//101 769//103 
f 762//100 769//103 770//104 
f 771//105 770//104 772//106 
f 773//107 771//108 772//106 
f 774//109 771//110 773//107 
f 750//76 775//111 776//112 
f 750//76 776//112 747//72 
f 777//113 778//114 774//109 
f 779//115 778//114 777//113 
f 779//115 780//116 778//114 
f 778//117 781//118 776//112 
f 781//118 747//72 776//112 
f 780//116 782//119 778//114 
f 782//119 783//121 778//122 
f 778//123 784//124 781//118 
f 781//118 784//124 747//72 
f 778//123 785//125 784//124 
f 778//122 786//126 785//125 
f 783//121 786//126 778//122 
f 783//121 787//127 786//126 
f 788//128 789//129 790//130 
f 788//128 790//130 791//131 
f 791//131 790//130 763//94 
f 792//132 788//128 791//131 
f 793//133 792//132 791//131 
f 787//127 793//133 791//134 
f 787//127 791//134 786//126 
f 786//126 791//135 785//125 
f 785//125 794//136 784//124 
f 784//124 794//136 748//73 
f 784//124 748//73 747//72 
f 718//32 739//59 795//137 
f 718//32 795//137 796//138 
f 715//28 718//32 796//138 
f 796//138 795//137 797//139 
f 712//24 715//28 798//140 
f 796//138 797//139 799//141 
f 710//20 712//24 798//142 
f 796//138 799//141 800//143 
f 708//16 710//20 798//144 
f 801//145 802//146 800//143 
f 705//12 708//16 798//147 
f 803//148 802//149 801//145 
f 704//10 705//12 804//150 
f 805//151 806//152 803//148 
f 706//13 704//10 804//150 
f 706//13 804//150 807//153 
f 807//153 804//154 808//155 
f 808//155 804//154 809//156 
f 809//156 810//157 811//158 
f 810//159 812//160 811//158 
f 768//102 806//152 805//151 
f 768//102 766//99 806//152 
f 766//99 765//97 813//161 
f 765//97 764//95 813//162 
f 764//95 761//91 813//163 
f 761//91 759//87 814//164 
f 759//87 757//84 814//165 
f 810//166 815//167 812//160 
f 757//84 754//81 810//166 
f 810//166 816//168 815//167 
f 754//81 816//168 810//166 
f 754//81 753//80 816//168 
f 741//62 742//64 817//169 
f 741//62 817//169 818//170 
f 740//60 741//62 818//170 
f 818//170 817//169 819//171 
f 734//52 740//60 820//172 
f 818//170 819//171 821//173 
f 735//53 734//52 820//174 
f 818//170 821//173 822//175 
f 736//55 735//53 823//176 
f 824//177 825//178 822//175 
f 737//57 736//55 823//179 
f 826//180 825//181 824//177 
f 738//58 737//57 823//182 
f 827//183 828//184 826//180 
f 739//59 738//58 823//182 
f 739//59 823//182 795//137 
f 795//137 829//185 797//139 
f 797//139 829//185 799//141 
f 799//141 830//186 800//143 
f 830//187 801//145 800//143 
f 779//115 828//184 827//183 
f 779//115 777//113 828//184 
f 777//113 774//109 831//188 
f 774//109 773//107 831//189 
f 773//107 772//106 831//190 
f 772//106 770//104 832//191 
f 770//104 769//103 832//192 
f 830//193 803//148 801//145 
f 769//103 767//101 830//193 
f 830//193 805//151 803//148 
f 767//101 805//151 830//193 
f 767//101 768//102 805//151 
f 745//69 724//41 833//194 
f 745//69 833//194 834//195 
f 744//67 745//69 834//195 
f 834//195 833//194 835//196 
f 743//65 744//67 834//197 
f 834//198 835//196 836//199 
f 742//64 743//65 834//197 
f 742//64 834//197 817//169 
f 837//200 836//199 838//201 
f 817//169 839//202 819//171 
f 840//203 837//204 838//201 
f 819//171 839//202 821//173 
f 841//205 842//206 840//203 
f 821//173 843//207 822//175 
f 844//208 842//209 841//205 
f 843//210 824//177 822//175 
f 787//127 845//211 844//208 
f 787//127 783//121 845//211 
f 843//212 826//180 824//177 
f 783//121 782//119 845//213 
f 845//213 827//183 826//180 
f 782//119 780//116 845//213 
f 780//116 827//183 845//213 
f 780//116 779//115 827//183 
f 727//45 729//47 846//214 
f 727//45 846//214 847//215 
f 726//44 727//45 847//215 
f 847//215 846//214 848//216 
f 725//42 726//44 847//217 
f 847//215 848//216 849//218 
f 724//41 725//42 847//219 
f 724//41 847//219 833//194 
f 850//220 849//218 851//221 
f 833//194 852//222 835//196 
f 853//223 850//224 851//221 
f 835//196 852//225 836//199 
f 854//226 850//227 853//223 
f 836//199 855//228 838//201 
f 856//229 857//233 854//226 
f 855//231 840//203 838//201 
f 789//129 857//233 856//229 
f 789//129 788//128 857//233 
f 857//232 841//205 840//203 
f 788//128 792//132 857//233 
f 857//234 844//208 841//205 
f 792//132 793//133 857//234 
f 793//133 844//208 857//234 
f 793//133 787//127 844//208 
f 707//14 706//13 807//153 
f 707//14 807//153 858//235 
f 709//17 707//14 858//235 
f 858//235 807//153 808//155 
f 711//21 709//17 858//236 
f 858//235 808//155 809//156 
f 713//25 711//21 858//237 
f 859//238 809//156 811//158 
f 716//29 713//25 860//239 
f 812//160 859//240 811//158 
f 719//33 716//29 860//241 
f 815//167 859//242 812//160 
f 728//46 719//33 861//243 
f 816//168 862//244 815//167 
f 729//47 728//46 861//243 
f 729//47 861//243 846//214 
f 846//214 861//245 848//216 
f 848//216 861//245 849//218 
f 849//218 863//246 851//221 
f 863//247 853//223 851//221 
f 753//80 862//244 816//168 
f 753//80 751//77 862//244 
f 751//77 752//79 864//248 
f 752//79 756//83 864//249 
f 756//83 758//86 864//250 
f 758//86 760//90 865//251 
f 760//90 763//94 865//252 
f 863//253 854//226 853//223 
f 763//94 790//130 863//253 
f 863//253 856//229 854//226 
f 790//130 856//229 863//253 
f 790//130 789//129 856//229 
f 866//1 867//2 868//3 
f 869//4 867//2 866//1 
f 866//1 868//3 870//5 
f 867//2 871//6 868//3 
f 872//7 870//5 868//3 
f 869//8 873//9 867//2 
f 867//2 873//9 871//6 
f 874//10 869//18 875//12 
f 876//13 869//18 874//10 
f 876//13 877//14 869//18 
f 875//12 870//15 878//16 
f 877//14 879//17 869//18 
f 878//16 870//19 880//20 
f 879//17 881//21 869//22 
f 870//23 882//24 880//20 
f 881//21 883//25 884//26 
f 870//27 885//28 882//24 
f 883//25 886//29 884//30 
f 887//31 888//32 885//28 
f 886//29 889//33 884//34 
f 873//9 884//35 890//36 
f 873//9 890//36 871//6 
f 884//35 891//37 890//36 
f 884//38 892//39 891//37 
f 893//40 894//41 892//39 
f 893//40 895//42 894//41 
f 893//43 896//44 895//42 
f 893//43 897//45 896//44 
f 889//33 898//46 893//43 
f 898//46 897//45 893//43 
f 898//46 899//47 897//45 
f 900//48 868//3 871//6 
f 901//49 900//48 871//6 
f 902//50 900//48 901//49 
f 903//51 872//7 900//48 
f 900//48 872//7 868//3 
f 904//52 905//53 903//54 
f 905//53 906//55 903//56 
f 906//55 907//57 887//31 
f 907//57 908//58 887//31 
f 908//58 888//32 887//31 
f 908//58 909//59 888//32 
f 910//60 904//52 903//61 
f 911//62 910//60 902//63 
f 912//64 911//62 902//63 
f 912//64 902//63 913//65 
f 913//65 902//63 914//67 
f 914//67 902//68 915//69 
f 902//70 901//49 890//36 
f 901//49 871//6 890//36 
f 902//70 890//36 891//37 
f 902//68 891//37 892//39 
f 915//69 902//68 892//39 
f 915//69 892//39 894//41 
f 916//71 917//72 918//73 
f 919//74 916//71 918//73 
f 919//75 920//76 916//71 
f 916//71 920//76 917//72 
f 921//77 919//78 922//79 
f 923//80 919//78 921//77 
f 923//80 924//81 919//78 
f 922//79 925//82 926//83 
f 924//81 927//84 919//78 
f 926//83 928//85 929//86 
f 927//84 930//87 919//88 
f 928//89 931//90 929//86 
f 930//87 932//91 933//92 
f 928//93 934//94 931//90 
f 932//91 935//95 933//96 
f 935//95 936//97 933//98 
f 936//97 937//99 933//100 
f 937//99 938//101 933//100 
f 937//99 939//102 938//101 
f 933//100 938//101 940//103 
f 933//100 940//103 941//104 
f 942//105 941//104 943//106 
f 944//107 942//108 943//106 
f 945//109 942//110 944//107 
f 920//76 946//111 947//112 
f 920//76 947//112 917//72 
f 948//113 949//114 945//109 
f 950//115 949//114 948//113 
f 950//115 951//116 949//114 
f 949//117 952//118 947//112 
f 952//118 917//72 947//112 
f 951//116 953//119 949//114 
f 953//119 954//121 949//122 
f 949//123 955//124 952//118 
f 952//118 955//124 917//72 
f 949//123 956//125 955//124 
f 949//122 957//126 956//125 
f 954//121 957//126 949//122 
f 954//121 958//127 957//126 
f 959//128 960//129 961//130 
f 959//128 961//130 928//93 
f 928//93 961//130 934//94 
f 962//132 959//128 928//93 
f 963//133 962//132 928//131 
f 958//127 963//133 928//134 
f 958//127 928//134 957//126 
f 957//126 925//135 956//125 
f 956//125 925//136 955//124 
f 955//124 925//136 918//73 
f 955//124 918//73 917//72 
f 888//32 909//59 964//137 
f 888//32 964//137 965//138 
f 885//28 888//32 965//138 
f 965//138 964//137 966//139 
f 882//24 885//28 967//140 
f 965//138 966//139 968//141 
f 880//20 882//24 967//142 
f 965//138 968//141 969//143 
f 878//16 880//20 967//144 
f 970//145 971//146 969//143 
f 875//12 878//16 967//147 
f 972//148 971//149 970//145 
f 874//10 875//12 973//150 
f 974//151 975//152 972//148 
f 876//13 874//10 973//150 
f 876//13 973//150 976//153 
f 976//153 973//154 977//155 
f 977//155 973//154 978//156 
f 978//156 979//157 980//158 
f 979//159 981//160 980//158 
f 939//102 975//152 974//151 
f 939//102 937//99 975//152 
f 937//99 936//97 982//161 
f 936//97 935//95 982//162 
f 935//95 932//91 982//163 
f 932//91 930//87 979//164 
f 930//87 927//84 979//165 
f 979//166 983//167 981//160 
f 927//84 924//81 979//166 
f 979//166 984//168 983//167 
f 924//81 984//168 979//166 
f 924//81 923//80 984//168 
f 911//62 912//64 985//169 
f 911//62 985//169 986//172 
f 910//60 911//62 986//172 
f 986//172 985//169 987//171 
f 904//52 910//60 986//172 
f 986//254 987//171 988//173 
f 905//53 904//52 989//174 
f 986//254 988//173 990//175 
f 906//55 905//53 989//176 
f 991//177 992//178 990//175 
f 907//57 906//55 989//179 
f 993//180 992//181 991//177 
f 908//58 907//57 994//182 
f 995//183 996//184 993//180 
f 909//59 908//58 994//182 
f 909//59 994//182 964//137 
f 964//137 994//185 966//139 
f 966//139 994//185 968//141 
f 968//141 997//186 969//143 
f 997//187 970//145 969//143 
f 950//115 996//184 995//183 
f 950//115 948//113 996//184 
f 948//113 945//109 998//188 
f 945//109 944//107 998//189 
f 944//107 943//106 998//190 
f 943//106 941//104 999//191 
f 941//104 940//103 999//192 
f 997//193 972//148 970//145 
f 940//103 938//101 997//193 
f 997//193 974//151 972//148 
f 938//101 974//151 997//193 
f 938//101 939//102 974//151 
f 915//69 894//41 1000//194 
f 915//69 1000//194 1001//195 
f 914//67 915//69 1001//195 
f 1001//195 1000//194 1002//196 
f 913//65 914//67 1001//197 
f 1001//198 1002//196 1003//199 
f 912//64 913//65 1001//197 
f 912//64 1001//197 985//169 
f 1001//200 1003//199 1004//201 
f 985//169 1005//202 987//171 
f 1006//203 1001//204 1004//201 
f 987//171 1005//202 988//173 
f 1007//205 1008//206 1006//203 
f 988//173 1009//207 990//175 
f 1010//208 1008//209 1007//205 
f 1009//210 991//177 990//175 
f 958//127 1008//211 1010//208 
f 958//127 954//121 1008//211 
f 1009//212 993//180 991//177 
f 954//121 953//119 1008//213 
f 1008//213 995//183 993//180 
f 953//119 951//116 1008//213 
f 951//116 995//183 1008//213 
f 951//116 950//115 995//183 
f 897//45 899//47 1011//214 
f 897//45 1011//214 1012//217 
f 896//44 897//45 1012//217 
f 1012//217 1011//214 1013//216 
f 895//42 896//44 1012//217 
f 1012//220 1013//216 1014//218 
f 894//41 895//42 1012//219 
f 894//41 1012//219 1000//194 
f 1012//220 1014//218 1015//221 
f 1000//194 1012//222 1002//196 
f 1016//223 1017//224 1015//221 
f 1002//196 1017//225 1003//199 
f 1018//226 1017//227 1016//223 
f 1003//199 1017//228 1004//201 
f 1019//229 1020//233 1018//226 
f 1017//231 1006//203 1004//201 
f 960//129 1020//233 1019//229 
f 960//129 959//128 1020//233 
f 1020//232 1007//205 1006//203 
f 959//128 962//132 1020//233 
f 1020//234 1010//208 1007//205 
f 962//132 963//133 1020//234 
f 963//133 1010//208 1020//234 
f 963//133 958//127 1010//208 
f 877//14 876//13 976//153 
f 877//14 976//153 1021//235 
f 879//17 877//14 1021//235 
f 1021//235 976//153 977//155 
f 881//21 879//17 1021//236 
f 1021//235 977//155 978//156 
f 883//25 881//21 1021//237 
f 1022//238 978//156 980//158 
f 886//29 883//25 1021//239 
f 981//160 1022//240 980//158 
f 889//33 886//29 1021//241 
f 983//167 1022//242 981//160 
f 898//46 889//33 1023//243 
f 984//168 1024//244 983//167 
f 899//47 898//46 1023//243 
f 899//47 1023//243 1011//214 
f 1011//214 1023//245 1013//216 
f 1013//216 1023//245 1014//218 
f 1014//218 1025//246 1015//221 
f 1025//247 1016//223 1015//221 
f 923//80 1024//244 984//168 
f 923//80 921//77 1024//244 
f 921//77 922//79 1026//248 
f 922//79 926//83 1026//249 
f 926//83 929//86 1026//250 
f 929//86 931//90 1025//251 
f 931//90 934//94 1025//252 
f 1025//253 1018//226 1016//223 
f 934//94 961//130 1025//253 
f 1025//253 1019//229 1018//226 
f 961//130 1019//229 1025//253 
f 961//130 960//129 1019//229 
f 1027//1 1028//2 1029//3 
f 1030//4 1028//2 1027//1 
f 1027//1 1029//3 1031//5 
f 1028//2 1032//6 1029//3 
f 1033//7 1031//5 1029//3 
f 1030//8 1034//9 1028//2 
f 1028//2 1034//9 1032//6 
f 1035//10 1030//18 1036//12 
f 1037//13 1030//18 1035//10 
f 1037//13 1038//14 1030//18 
f 1036//12 1031//15 1039//16 
f 1038//14 1040//17 1030//18 
f 1039//16 1031//19 1041//20 
f 1040//17 1042//21 1030//22 
f 1031//23 1043//24 1041//20 
f 1042//21 1044//25 1045//26 
f 1031//27 1046//28 1043//24 
f 1044//25 1047//29 1045//30 
f 1048//31 1049//32 1046//28 
f 1047//29 1050//33 1045//34 
f 1034//9 1051//35 1052//36 
f 1034//9 1052//36 1032//6 
f 1051//35 1053//37 1052//36 
f 1051//38 1054//39 1053//37 
f 1051//40 1055//41 1054//39 
f 1051//40 1056//42 1055//41 
f 1051//43 1057//44 1056//42 
f 1045//34 1058//45 1057//44 
f 1050//33 1059//46 1045//34 
f 1059//46 1058//45 1045//34 
f 1059//46 1060//47 1058//45 
f 1061//48 1029//3 1032//6 
f 1062//49 1061//48 1032//6 
f 1063//50 1061//48 1062//49 
f 1064//51 1033//7 1061//48 
f 1061//48 1033//7 1029//3 
f 1065//52 1066//53 1064//54 
f 1066//53 1067//55 1064//56 
f 1067//55 1068//57 1048//31 
f 1068//57 1069//58 1048//31 
f 1069//58 1049//32 1048//31 
f 1069//58 1070//59 1049//32 
f 1071//60 1065//52 1064//61 
f 1072//62 1071//60 1063//63 
f 1073//64 1072//62 1063//63 
f 1073//64 1063//63 1074//65 
f 1074//65 1063//63 1075//67 
f 1075//67 1063//68 1076//69 
f 1063//70 1062//49 1052//36 
f 1062//49 1032//6 1052//36 
f 1063//70 1052//36 1053//37 
f 1063//68 1053//37 1054//39 
f 1076//69 1063//68 1054//39 
f 1076//69 1054//39 1055//41 
f 1077//71 1078//72 1079//73 
f 1080//74 1077//71 1079//73 
f 1080//75 1081//76 1077//71 
f 1077//71 1081//76 1078//72 
f 1082//77 1080//78 1083//79 
f 1084//80 1080//78 1082//77 
f 1084//80 1085//81 1080//78 
f 1083//79 1086//82 1087//83 
f 1085//81 1088//84 1080//78 
f 1087//83 1089//85 1090//86 
f 1088//84 1091//87 1080//88 
f 1089//89 1092//90 1090//86 
f 1091//87 1093//91 1094//92 
f 1089//93 1095//94 1092//90 
f 1093//91 1096//95 1094//96 
f 1096//95 1097//97 1094//98 
f 1097//97 1098//99 1094//100 
f 1098//99 1099//101 1094//100 
f 1098//99 1100//102 1099//101 
f 1094//100 1099//101 1101//103 
f 1094//100 1101//103 1102//104 
f 1103//105 1102//104 1104//106 
f 1105//107 1103//108 1104//106 
f 1106//109 1103//110 1105//107 
f 1081//76 1107//111 1108//112 
f 1081//76 1108//112 1078//72 
f 1109//113 1110//114 1106//109 
f 1111//115 1110//114 1109//113 
f 1111//115 1112//116 1110//114 
f 1110//117 1113//118 1108//112 
f 1113//118 1078//72 1108//112 
f 1112//116 1114//119 1110//114 
f 1114//119 1115//121 1110//122 
f 1110//123 1116//124 1113//118 
f 1113//118 1116//124 1078//72 
f 1110//123 1117//125 1116//124 
f 1110//122 1118//126 1117//125 
f 1115//121 1118//126 1110//122 
f 1115//121 1119//127 1118//126 
f 1120//128 1121//129 1122//130 
f 1120//128 1122//130 1089//93 
f 1089//93 1122//130 1095//94 
f 1123//132 1120//128 1089//93 
f 1124//133 1123//132 1089//131 
f 1119//127 1124//133 1089//134 
f 1119//127 1089//134 1118//126 
f 1118//126 1086//135 1117//125 
f 1117//125 1086//136 1116//124 
f 1116//124 1086//136 1079//73 
f 1116//124 1079//73 1078//72 
f 1049//32 1070//59 1125//137 
f 1049//32 1125//137 1126//138 
f 1046//28 1049//32 1126//138 
f 1126//138 1125//137 1127//139 
f 1043//24 1046//28 1128//140 
f 1126//138 1127//139 1129//141 
f 1041//20 1043//24 1128//142 
f 1126//138 1129//141 1130//143 
f 1039//16 1041//20 1128//144 
f 1131//145 1132//146 1130//143 
f 1036//12 1039//16 1128//147 
f 1133//148 1132//149 1131//145 
f 1035//10 1036//12 1134//150 
f 1135//151 1136//152 1133//148 
f 1037//13 1035//10 1134//150 
f 1037//13 1134//150 1137//153 
f 1137//153 1134//150 1138//155 
f 1138//155 1134//150 1139//156 
f 1139//156 1140//157 1141//158 
f 1140//159 1142//160 1141//158 
f 1100//102 1136//152 1135//151 
f 1100//102 1098//99 1136//152 
f 1098//99 1097//97 1143//161 
f 1097//97 1096//95 1143//162 
f 1096//95 1093//91 1143//163 
f 1093//91 1091//87 1140//164 
f 1091//87 1088//84 1140//165 
f 1140//166 1144//167 1142//160 
f 1088//84 1085//81 1140//166 
f 1140//166 1145//168 1144//167 
f 1085//81 1145//168 1140//166 
f 1085//81 1084//80 1145//168 
f 1072//62 1073//64 1146//169 
f 1072//62 1146//169 1147//172 
f 1071//60 1072//62 1147//172 
f 1147//172 1146//169 1148//171 
f 1065//52 1071//60 1147//172 
f 1147//254 1148//171 1149//173 
f 1066//53 1065//52 1150//174 
f 1147//254 1149//173 1151//175 
f 1067//55 1066//53 1150//176 
f 1152//177 1153//178 1151//175 
f 1068//57 1067//55 1150//179 
f 1154//180 1153//181 1152//177 
f 1069//58 1068//57 1155//182 
f 1156//183 1157//184 1154//180 
f 1070//59 1069//58 1155//182 
f 1070//59 1155//182 1125//137 
f 1125//137 1155//185 1127//139 
f 1127//139 1155//185 1129//141 
f 1129//141 1158//186 1130//143 
f 1158//187 1131//145 1130//143 
f 1111//115 1157//184 1156//183 
f 1111//115 1109//113 1157//184 
f 1109//113 1106//109 1159//188 
f 1106//109 1105//107 1159//189 
f 1105//107 1104//106 1159//190 
f 1104//106 1102//104 1160//191 
f 1102//104 1101//103 1160//192 
f 1158//193 1133//148 1131//145 
f 1101//103 1099//101 1158//193 
f 1158//193 1135//151 1133//148 
f 1099//101 1135//151 1158//193 
f 1099//101 1100//102 1135//151 
f 1076//69 1055//41 1161//194 
f 1076//69 1161//194 1162//195 
f 1075//67 1076//69 1162//195 
f 1162//195 1161//194 1163//196 
f 1074//65 1075//67 1162//197 
f 1162//198 1163//196 1164//199 
f 1073//64 1074//65 1162//197 
f 1073//64 1162//197 1146//169 
f 1162//200 1164//199 1165//201 
f 1146//169 1166//202 1148//171 
f 1167//203 1162//204 1165//201 
f 1148//171 1166//202 1149//173 
f 1168//205 1169//206 1167//203 
f 1149//173 1170//207 1151//175 
f 1171//208 1169//209 1168//205 
f 1170//210 1152//177 1151//175 
f 1119//127 1169//211 1171//208 
f 1119//127 1115//121 1169//211 
f 1170//212 1154//180 1152//177 
f 1115//121 1114//119 1169//213 
f 1169//213 1156//183 1154//180 
f 1114//119 1112//116 1169//213 
f 1112//116 1156//183 1169//213 
f 1112//116 1111//115 1156//183 
f 1058//45 1060//47 1172//214 
f 1058//45 1172//214 1173//215 
f 1057//44 1058//45 1173//215 
f 1173//215 1172//214 1174//216 
f 1056//42 1057//44 1173//217 
f 1173//215 1174//216 1175//218 
f 1055//41 1056//42 1173//219 
f 1055//41 1173//219 1161//194 
f 1176//220 1175//218 1177//221 
f 1161//194 1176//222 1163//196 
f 1178//223 1176//224 1177//221 
f 1163//196 1176//225 1164//199 
f 1179//226 1176//227 1178//223 
f 1164//199 1180//228 1165//201 
f 1181//229 1182//233 1179//226 
f 1180//231 1167//203 1165//201 
f 1121//129 1182//233 1181//229 
f 1121//129 1120//128 1182//233 
f 1182//232 1168//205 1167//203 
f 1120//128 1123//132 1182//233 
f 1182//234 1171//208 1168//205 
f 1123//132 1124//133 1182//234 
f 1124//133 1171//208 1182//234 
f 1124//133 1119//127 1171//208 
f 1038//14 1037//13 1137//153 
f 1038//14 1137//153 1183//235 
f 1040//17 1038//14 1183//235 
f 1183//235 1137//153 1138//155 
f 1042//21 1040//17 1183//236 
f 1183//235 1138//155 1139//156 
f 1044//25 1042//21 1183//237 
f 1184//238 1139//156 1141//158 
f 1047//29 1044//25 1183//239 
f 1142//160 1184//240 1141//158 
f 1050//33 1047//29 1183//241 
f 1144//167 1184//242 1142//160 
f 1059//46 1050//33 1185//243 
f 1145//168 1186//244 1144//167 
f 1060//47 1059//46 1185//243 
f 1060//47 1185//243 1172//214 
f 1172//214 1185//245 1174//216 
f 1174//216 1185//245 1175//218 
f 1175//218 1187//246 1177//221 
f 1187//247 1178//223 1177//221 
f 1084//80 1186//244 1145//168 
f 1084//80 1082//77 1186//244 
f 1082//77 1083//79 1188//248 
f 1083//79 1087//83 1188//249 
f 1087//83 1090//86 1188//250 
f 1090//86 1092//90 1187//251 
f 1092//90 1095//94 1187//252 
f 1187//253 1179//226 1178//223 
f 1095//94 1122//130 1187//253 
f 1187//253 1181//229 1179//226 
f 1122//130 1181//229 1187//253 
f 1122//130 1121//129 1181//229 
f 1189//1 1190//2 1191//3 
f 1192//4 1190//2 1189//1 
f 1189//1 1191//3 1193//5 
f 1190//2 1194//6 1191//3 
f 1195//7 1193//5 1191//3 
f 1192//8 1196//9 1190//2 
f 1190//2 1196//9 1194//6 
f 1197//10 1192//11 1198//12 
f 1199//13 1192//11 1197//10 
f 1199//13 1200//14 1192//11 
f 1198//12 1193//15 1201//16 
f 1200//14 1202//17 1203//18 
f 1201//16 1193//19 1204//20 
f 1202//17 1205//21 1203//22 
f 1206//23 1207//24 1204//20 
f 1205//21 1208//25 1209//26 
f 1206//27 1210//28 1207//24 
f 1208//25 1211//29 1209//30 
f 1212//31 1213//32 1210//28 
f 1211//29 1214//33 1209//34 
f 1196//9 1215//35 1216//36 
f 1196//9 1216//36 1194//6 
f 1215//35 1217//37 1216//36 
f 1215//38 1218//39 1217//37 
f 1219//40 1220//41 1218//39 
f 1219//40 1221//42 1220//41 
f 1219//43 1222//44 1221//42 
f 1219//43 1223//45 1222//44 
f 1214//33 1224//46 1219//43 
f 1224//46 1223//45 1219//43 
f 1224//46 1225//47 1223//45 
f 1226//48 1191//3 1194//6 
f 1227//49 1226//48 1194//6 
f 1228//50 1226//48 1227//49 
f 1229//51 1195//7 1226//48 
f 1226//48 1195//7 1191//3 
f 1230//52 1231//53 1229//54 
f 1231//53 1232//55 1229//56 
f 1232//55 1233//57 1212//31 
f 1233//57 1234//58 1212//31 
f 1234//58 1213//32 1212//31 
f 1234//58 1235//59 1213//32 
f 1236//60 1230//52 1229//61 
f 1237//62 1236//60 1228//63 
f 1238//64 1237//62 1228//63 
f 1238//64 1228//63 1239//65 
f 1239//65 1240//66 1241//67 
f 1241//67 1240//68 1242//69 
f 1240//70 1227//49 1216//36 
f 1227//49 1194//6 1216//36 
f 1240//70 1216//36 1217//37 
f 1240//68 1217//37 1218//39 
f 1242//69 1240//68 1218//39 
f 1242//69 1218//39 1220//41 
f 1243//71 1244//72 1245//73 
f 1246//74 1243//71 1245//73 
f 1246//75 1247//76 1243//71 
f 1243//71 1247//76 1244//72 
f 1248//77 1249//78 1250//79 
f 1251//80 1249//78 1248//77 
f 1251//80 1252//81 1249//78 
f 1250//79 1253//82 1254//83 
f 1252//81 1255//84 1249//78 
f 1254//83 1256//85 1257//86 
f 1255//84 1258//87 1249//88 
f 1256//89 1259//90 1257//86 
f 1258//87 1260//91 1261//92 
f 1262//93 1263//94 1259//90 
f 1260//91 1264//95 1261//96 
f 1264//95 1265//97 1261//98 
f 1265//97 1266//99 1267//100 
f 1266//99 1268//101 1267//100 
f 1266//99 1269//102 1268//101 
f 1267//100 1268//101 1270//103 
f 1267//100 1270//103 1271//104 
f 1272//105 1271//104 1273//106 
f 1274//107 1272//108 1273//106 
f 1275//109 1272//110 1274//107 
f 1247//76 1276//111 1277//112 
f 1247//76 1277//112 1244//72 
f 1278//113 1279//114 1275//109 
f 1280//115 1279//114 1278//113 
f 1280//115 1281//116 1279//114 
f 1279//117 1282//118 1277//112 
f 1282//118 1244//72 1277//112 
f 1281//116 1283//119 1284//120 
f 1283//119 1285//121 1284//122 
f 1284//123 1286//124 1282//118 
f 1282//118 1286//124 1244//72 
f 1284//123 1287//125 1286//124 
f 1284//122 1288//126 1287//125 
f 1285//121 1288//126 1284//122 
f 1285//121 1289//127 1288//126 
f 1290//128 1291//129 1292//130 
f 1290//128 1292//130 1262//93 
f 1262//93 1292//130 1263//94 
f 1293//132 1290//128 1262//93 
f 1294//133 1293//132 1262//131 
f 1289//127 1294//133 1262//134 
f 1289//127 1262//134 1288//126 
f 1288//126 1295//135 1287//125 
f 1287//125 1295//136 1286//124 
f 1286//124 1295//136 1245//73 
f 1286//124 1245//73 1244//72 
f 1213//32 1235//59 1296//137 
f 1213//32 1296//137 1297//138 
f 1210//28 1213//32 1297//138 
f 1297//138 1296//137 1298//139 
f 1207//24 1210//28 1299//140 
f 1297//138 1298//139 1300//141 
f 1204//20 1207//24 1299//142 
f 1297//138 1300//141 1301//143 
f 1201//16 1204//20 1302//144 
f 1303//145 1304//146 1301//143 
f 1198//12 1201//16 1302//147 
f 1305//148 1304//149 1303//145 
f 1197//10 1198//12 1306//150 
f 1307//151 1308//152 1305//148 
f 1199//13 1197//10 1306//150 
f 1199//13 1306//150 1309//153 
f 1309//153 1310//154 1311//155 
f 1311//155 1310//154 1312//156 
f 1312//156 1313//157 1314//158 
f 1313//159 1315//160 1314//158 
f 1269//102 1308//152 1307//151 
f 1269//102 1266//99 1308//152 
f 1266//99 1265//97 1316//161 
f 1265//97 1264//95 1316//162 
f 1264//95 1260//91 1316//163 
f 1260//91 1258//87 1317//164 
f 1258//87 1255//84 1317//165 
f 1313//166 1318//167 1315//160 
f 1255//84 1252//81 1313//166 
f 1313//166 1319//168 1318//167 
f 1252//81 1319//168 1313//166 
f 1252//81 1251//80 1319//168 
f 1237//62 1238//64 1320//169 
f 1237//62 1320//169 1321//172 
f 1236//60 1237//62 1321//172 
f 1321//172 1320//169 1322//171 
f 1230//52 1236//60 1321//172 
f 1321//254 1322//171 1323//173 
f 1231//53 1230//52 1324//174 
f 1321//254 1323//173 1325//175 
f 1232//55 1231//53 1324//176 
f 1326//177 1327//178 1325//175 
f 1233//57 1232//55 1324//179 
f 1328//180 1327//181 1326//177 
f 1234//58 1233//57 1329//182 
f 1330//183 1331//184 1328//180 
f 1235//59 1234//58 1329//182 
f 1235//59 1329//182 1296//137 
f 1296//137 1332//185 1298//139 
f 1298//139 1332//185 1300//141 
f 1300//141 1333//186 1301//143 
f 1333//187 1303//145 1301//143 
f 1280//115 1331//184 1330//183 
f 1280//115 1278//113 1331//184 
f 1278//113 1275//109 1334//188 
f 1275//109 1274//107 1334//189 
f 1274//107 1273//106 1334//190 
f 1273//106 1271//104 1335//191 
f 1271//104 1270//103 1335//192 
f 1333//193 1305//148 1303//145 
f 1270//103 1268//101 1333//193 
f 1333//193 1307//151 1305//148 
f 1268//101 1307//151 1333//193 
f 1268//101 1269//102 1307//151 
f 1242//69 1220//41 1336//194 
f 1242//69 1336//194 1337//195 
f 1241//67 1242//69 1337//195 
f 1337//195 1336//194 1338//196 
f 1239//65 1241//67 1337//197 
f 1337//198 1338//196 1339//199 
f 1238//64 1239//65 1337//197 
f 1238//64 1337//197 1320//169 
f 1340//200 1339//199 1341//201 
f 1320//169 1342//202 1322//171 
f 1343//203 1340//204 1341//201 
f 1322//171 1342//202 1323//173 
f 1344//205 1345//206 1343//203 
f 1323//173 1346//207 1325//175 
f 1347//208 1345//209 1344//205 
f 1346//210 1326//177 1325//175 
f 1289//127 1348//211 1347//208 
f 1289//127 1285//121 1348//211 
f 1346//212 1328//180 1326//177 
f 1285//121 1283//119 1348//213 
f 1348//213 1330//183 1328//180 
f 1283//119 1281//116 1348//213 
f 1281//116 1330//183 1348//213 
f 1281//116 1280//115 1330//183 
f 1223//45 1225//47 1349//214 
f 1223//45 1349//214 1350//215 
f 1222//44 1223//45 1350//215 
f 1350//215 1349//214 1351//216 
f 1221//42 1222//44 1350//217 
f 1350//215 1351//216 1352//218 
f 1220//41 1221//42 1350//219 
f 1220//41 1350//219 1336//194 
f 1353//220 1352//218 1354//221 
f 1336//194 1355//222 1338//196 
f 1356//223 1353//224 1354//221 
f 1338//196 1355//225 1339//199 
f 1357//226 1353//227 1356//223 
f 1339//199 1358//228 1341//201 
f 1359//229 1360//233 1357//226 
f 1358//231 1343//203 1341//201 
f 1291//129 1360//233 1359//229 
f 1291//129 1290//128 1360//233 
f 1360//232 1344//205 1343//203 
f 1290//128 1293//132 1360//233 
f 1360//234 1347//208 1344//205 
f 1293//132 1294//133 1360//234 
f 1294//133 1347//208 1360//234 
f 1294//133 1289//127 1347//208 
f 1200//14 1199//13 1309//153 
f 1200//14 1309//153 1361//235 
f 1202//17 1200//14 1361//235 
f 1361//235 1309//153 1311//155 
f 1205//21 1202//17 1362//236 
f 1361//235 1311//155 1312//156 
f 1208//25 1205//21 1362//237 
f 1363//238 1312//156 1314//158 
f 1211//29 1208//25 1364//239 
f 1315//160 1363//240 1314//158 
f 1214//33 1211//29 1364//241 
f 1318//167 1363//242 1315//160 
f 1224//46 1214//33 1365//243 
f 1319//168 1366//244 1318//167 
f 1225//47 1224//46 1365//243 
f 1225//47 1365//243 1349//214 
f 1349//214 1367//245 1351//216 
f 1351//216 1367//245 1352//218 
f 1352//218 1368//246 1354//221 
f 1368//247 1356//223 1354//221 
f 1251//80 1366//244 1319//168 
f 1251//80 1248//77 1366//244 
f 1248//77 1250//79 1369//248 
f 1250//79 1254//83 1369//249 
f 1254//83 1257//86 1369//250 
f 1257//86 1259//90 1370//251 
f 1259//90 1263//94 1370//252 
f 1368//253 1357//226 1356//223 
f 1263//94 1292//130 1368//253 
f 1368//253 1359//229 1357//226 
f 1292//130 1359//229 1368//253 
f 1292//130 1291//129 1359//229 
f 1371//1 1372//2 1373//3 
f 1374//4 1372//2 1371//1 
f 1371//1 1373//3 1375//5 
f 1372//2 1376//6 1373//3 
f 1377//7 1375//5 1373//3 
f 1374//8 1378//9 1372//2 
f 1372//2 1378//9 1376//6 
f 1379//10 1374//11 1380//12 
f 1381//13 1374//11 1379//10 
f 1381//13 1382//14 1374//11 
f 1380//12 1375//15 1383//16 
f 1382//14 1384//17 1385//18 
f 1383//16 1375//19 1386//20 
f 1384//17 1387//21 1385//22 
f 1388//23 1389//24 1386//20 
f 1387//21 1390//25 1391//26 
f 1388//27 1392//28 1389//24 
f 1390//25 1393//29 1391//30 
f 1394//31 1395//32 1392//28 
f 1393//29 1396//33 1391//34 
f 1378//9 1397//35 1398//36 
f 1378//9 1398//36 1376//6 
f 1397//35 1399//37 1398//36 
f 1397//38 1400//39 1399//37 
f 1401//40 1402//41 1400//39 
f 1401//40 1403//42 1402//41 
f 1401//43 1404//44 1403//42 
f 1401//43 1405//45 1404//44 
f 1396//33 1406//46 1401//43 
f 1406//46 1405//45 1401//43 
f 1406//46 1407//47 1405//45 
f 1408//48 1373//3 1376//6 
f 1409//49 1408//48 1376//6 
f 1410//50 1408//48 1409//49 
f 1411//51 1377//7 1408//48 
f 1408//48 1377//7 1373//3 
f 1412//52 1413//53 1411//54 
f 1413//53 1414//55 1411//56 
f 1414//55 1415//57 1394//31 
f 1415//57 1416//58 1394//31 
f 1416//58 1395//32 1394//31 
f 1416//58 1417//59 1395//32 
f 1418//60 1412//52 1411//61 
f 1419//62 1418//60 1410//63 
f 1420//64 1419//62 1410//63 
f 1420//64 1410//63 1421//65 
f 1421//65 1422//66 1423//67 
f 1423//67 1422//68 1424//69 
f 1422//70 1409//49 1398//36 
f 1409//49 1376//6 1398//36 
f 1422//70 1398//36 1399//37 
f 1422//68 1399//37 1400//39 
f 1424//69 1422//68 1400//39 
f 1424//69 1400//39 1402//41 
f 1425//71 1426//72 1427//73 
f 1428//74 1425//71 1427//73 
f 1428//75 1429//76 1425//71 
f 1425//71 1429//76 1426//72 
f 1430//77 1431//78 1432//79 
f 1433//80 1431//78 1430//77 
f 1433//80 1434//81 1431//78 
f 1432//79 1435//82 1436//83 
f 1434//81 1437//84 1431//78 
f 1436//83 1435//85 1438//86 
f 1437//84 1439//87 1431//88 
f 1435//89 1440//90 1438//86 
f 1439//87 1441//91 1442//92 
f 1435//93 1443//94 1440//90 
f 1441//91 1444//95 1442//96 
f 1444//95 1445//97 1442//98 
f 1445//97 1446//99 1447//100 
f 1446//99 1448//101 1447//100 
f 1446//99 1449//102 1448//101 
f 1447//100 1448//101 1450//103 
f 1447//100 1450//103 1451//104 
f 1452//105 1451//104 1453//106 
f 1454//107 1452//108 1453//106 
f 1455//109 1452//110 1454//107 
f 1429//76 1456//111 1457//112 
f 1429//76 1457//112 1426//72 
f 1458//113 1459//114 1455//109 
f 1460//115 1459//114 1458//113 
f 1460//115 1461//116 1459//114 
f 1459//117 1462//118 1457//112 
f 1462//118 1426//72 1457//112 
f 1461//116 1463//119 1464//120 
f 1463//119 1465//121 1464//122 
f 1464//123 1466//124 1462//118 
f 1462//118 1466//124 1426//72 
f 1464//123 1467//125 1466//124 
f 1464//122 1468//126 1467//125 
f 1465//121 1468//126 1464//122 
f 1465//121 1469//127 1468//126 
f 1470//128 1471//129 1472//130 
f 1470//128 1472//130 1473//131 
f 1473//131 1472//130 1443//94 
f 1474//132 1470//128 1473//131 
f 1475//133 1474//132 1473//131 
f 1469//127 1475//133 1473//134 
f 1469//127 1473//134 1468//126 
f 1468//126 1473//135 1467//125 
f 1467//125 1476//136 1466//124 
f 1466//124 1476//136 1427//73 
f 1466//124 1427//73 1426//72 
f 1395//32 1417//59 1477//137 
f 1395//32 1477//137 1478//138 
f 1392//28 1395//32 1478//138 
f 1478//138 1477//137 1479//139 
f 1389//24 1392//28 1480//140 
f 1478//138 1479//139 1481//141 
f 1386//20 1389//24 1480//142 
f 1478//138 1481//141 1482//143 
f 1383//16 1386//20 1483//144 
f 1484//145 1485//146 1482//143 
f 1380//12 1383//16 1483//147 
f 1486//148 1485//149 1484//145 
f 1379//10 1380//12 1487//150 
f 1488//151 1489//152 1486//148 
f 1381//13 1379//10 1487//150 
f 1381//13 1487//150 1490//153 
f 1490//153 1491//154 1492//155 
f 1492//155 1491//154 1493//156 
f 1493//156 1494//157 1495//158 
f 1494//159 1496//160 1495//158 
f 1449//102 1489//152 1488//151 
f 1449//102 1446//99 1489//152 
f 1446//99 1445//97 1497//161 
f 1445//97 1444//95 1497//162 
f 1444//95 1441//91 1497//163 
f 1441//91 1439//87 1498//164 
f 1439//87 1437//84 1498//165 
f 1494//166 1499//167 1496//160 
f 1437//84 1434//81 1494//166 
f 1494//166 1500//168 1499//167 
f 1434//81 1500//168 1494//166 
f 1434//81 1433//80 1500//168 
f 1419//62 1420//64 1501//169 
f 1419//62 1501//169 1502//172 
f 1418//60 1419//62 1502//172 
f 1502//172 1501//169 1503//171 
f 1412//52 1418//60 1502//172 
f 1502//254 1503//171 1504//173 
f 1413//53 1412//52 1505//174 
f 1502//254 1504//173 1506//175 
f 1414//55 1413//53 1505//176 
f 1507//177 1508//178 1506//175 
f 1415//57 1414//55 1505//179 
f 1509//180 1508//181 1507//177 
f 1416//58 1415//57 1510//182 
f 1511//183 1512//184 1509//180 
f 1417//59 1416//58 1510//182 
f 1417//59 1510//182 1477//137 
f 1477//137 1513//185 1479//139 
f 1479//139 1513//185 1481//141 
f 1481//141 1514//186 1482//143 
f 1514//187 1484//145 1482//143 
f 1460//115 1512//184 1511//183 
f 1460//115 1458//113 1512//184 
f 1458//113 1455//109 1515//188 
f 1455//109 1454//107 1515//189 
f 1454//107 1453//106 1515//190 
f 1453//106 1451//104 1516//191 
f 1451//104 1450//103 1516//192 
f 1514//193 1486//148 1484//145 
f 1450//103 1448//101 1514//193 
f 1514//193 1488//151 1486//148 
f 1448//101 1488//151 1514//193 
f 1448//101 1449//102 1488//151 
f 1424//69 1402//41 1517//194 
f 1424//69 1517//194 1518//195 
f 1423//67 1424//69 1518//195 
f 1518//195 1517//194 1519//196 
f 1421//65 1423//67 1518//197 
f 1518//198 1519//196 1520//199 
f 1420//64 1421//65 1518//197 
f 1420//64 1518//197 1501//169 
f 1521//200 1520//199 1522//201 
f 1501//169 1523//202 1503//171 
f 1524//203 1521//204 1522//201 
f 1503//171 1523//202 1504//173 
f 1525//205 1526//206 1524//203 
f 1504//173 1527//207 1506//175 
f 1528//208 1526//209 1525//205 
f 1527//210 1507//177 1506//175 
f 1469//127 1529//211 1528//208 
f 1469//127 1465//121 1529//211 
f 1527//212 1509//180 1507//177 
f 1465//121 1463//119 1529//213 
f 1529//213 1511//183 1509//180 
f 1463//119 1461//116 1529//213 
f 1461//116 1511//183 1529//213 
f 1461//116 1460//115 1511//183 
f 1405//45 1407//47 1530//214 
f 1405//45 1530//214 1531//215 
f 1404//44 1405//45 1531//215 
f 1531//215 1530//214 1532//216 
f 1403//42 1404//44 1531//217 
f 1531//215 1532//216 1533//218 
f 1402//41 1403//42 1531//219 
f 1402//41 1531//219 1517//194 
f 1534//220 1533//218 1535//221 
f 1517//194 1536//222 1519//196 
f 1537//223 1534//224 1535//221 
f 1519//196 1536//225 1520//199 
f 1538//226 1534//227 1537//223 
f 1520//199 1539//228 1522//201 
f 1540//229 1541//233 1538//226 
f 1539//231 1524//203 1522//201 
f 1471//129 1541//233 1540//229 
f 1471//129 1470//128 1541//233 
f 1541//232 1525//205 1524//203 
f 1470//128 1474//132 1541//233 
f 1541//234 1528//208 1525//205 
f 1474//132 1475//133 1541//234 
f 1475//133 1528//208 1541//234 
f 1475//133 1469//127 1528//208 
f 1382//14 1381//13 1490//153 
f 1382//14 1490//153 1542//235 
f 1384//17 1382//14 1542//235 
f 1542//235 1490//153 1492//155 
f 1387//21 1384//17 1543//236 
f 1542//235 1492//155 1493//156 
f 1390//25 1387//21 1543//237 
f 1544//238 1493//156 1495//158 
f 1393//29 1390//25 1545//239 
f 1496//160 1544//240 1495//158 
f 1396//33 1393//29 1545//241 
f 1499//167 1544//242 1496//160 
f 1406//46 1396//33 1546//243 
f 1500//168 1547//244 1499//167 
f 1407//47 1406//46 1546//243 
f 1407//47 1546//243 1530//214 
f 1530//214 1548//245 1532//216 
f 1532//216 1548//245 1533//218 
f 1533//218 1549//246 1535//221 
f 1549//247 1537//223 1535//221 
f 1433//80 1547//244 1500//168 
f 1433//80 1430//77 1547//244 
f 1430//77 1432//79 1550//248 
f 1432//79 1436//83 1550//249 
f 1436//83 1438//86 1550//250 
f 1438//86 1440//90 1551//251 
f 1440//90 1443//94 1551//252 
f 1549//253 1538//226 1537//223 
f 1443//94 1472//130 1549//253 
f 1549//253 1540//229 1538//226 
f 1472//130 1540//229 1549//253 
f 1472//130 1471//129 1540//229 
f 1552//1 1553//2 1554//3 
f 1555//4 1553//2 1552//1 
f 1552//1 1554//3 1556//5 
f 1553//2 1557//6 1554//3 
f 1558//7 1556//5 1554//3 
f 1555//8 1559//9 1553//2 
f 1553//2 1559//9 1557//6 
f 1560//10 1555//18 1561//12 
f 1562//13 1555//18 1560//10 
f 1562//13 1563//14 1555//18 
f 1561//12 1556//15 1564//16 
f 1563//14 1565//17 1555//18 
f 1564//16 1556//19 1566//20 
f 1565//17 1567//21 1555//22 
f 1556//23 1568//24 1566//20 
f 1567//21 1569//25 1570//26 
f 1556//27 1571//28 1568//24 
f 1569//25 1572//29 1570//30 
f 1573//31 1574//32 1571//28 
f 1572//29 1575//33 1570//34 
f 1559//9 1570//35 1576//36 
f 1559//9 1576//36 1557//6 
f 1570//35 1577//37 1576//36 
f 1570//38 1578//39 1577//37 
f 1579//40 1580//41 1578//39 
f 1579//40 1581//42 1580//41 
f 1579//43 1582//44 1581//42 
f 1579//43 1583//45 1582//44 
f 1575//33 1584//46 1579//43 
f 1584//46 1583//45 1579//43 
f 1584//46 1585//47 1583//45 
f 1586//48 1554//3 1557//6 
f 1587//49 1586//48 1557//6 
f 1588//50 1586//48 1587//49 
f 1589//51 1558//7 1586//48 
f 1586//48 1558//7 1554//3 
f 1590//52 1591//53 1589//54 
f 1591//53 1592//55 1589//56 
f 1592//55 1593//57 1573//31 
f 1593//57 1594//58 1573//31 
f 1594//58 1574//32 1573//31 
f 1594//58 1595//59 1574//32 
f 1596//60 1590//52 1589//61 
f 1597//62 1596//60 1588//63 
f 1598//64 1597//62 1588//63 
f 1598//64 1588//63 1599//65 
f 1599//65 1588//63 1600//67 
f 1600//67 1588//68 1601//69 
f 1588//70 1587//49 1576//36 
f 1587//49 1557//6 1576//36 
f 1588//70 1576//36 1577//37 
f 1588//68 1577//37 1578//39 
f 1601//69 1588//68 1578//39 
f 1601//69 1578//39 1580//41 
f 1602//71 1603//72 1604//73 
f 1605//74 1602//71 1604//73 
f 1605//75 1606//76 1602//71 
f 1602//71 1606//76 1603//72 
f 1607//77 1605//78 1608//79 
f 1609//80 1605//78 1607//77 
f 1609//80 1610//81 1605//78 
f 1608//79 1611//82 1612//83 
f 1610//81 1613//84 1605//78 
f 1612//83 1614//85 1615//86 
f 1613//84 1616//87 1605//88 
f 1614//89 1617//90 1615//86 
f 1616//87 1618//91 1619//92 
f 1614//93 1620//94 1617//90 
f 1618//91 1621//95 1619//96 
f 1621//95 1622//97 1619//98 
f 1622//97 1623//99 1619//100 
f 1623//99 1624//101 1619//100 
f 1623//99 1625//102 1624//101 
f 1619//100 1624//101 1626//103 
f 1619//100 1626//103 1627//104 
f 1628//105 1627//104 1629//106 
f 1630//107 1628//108 1629//106 
f 1631//109 1628//110 1630//107 
f 1606//76 1632//111 1633//112 
f 1606//76 1633//112 1603//72 
f 1634//113 1635//114 1631//109 
f 1636//115 1635//114 1634//113 
f 1636//115 1637//116 1635//114 
f 1635//117 1638//118 1633//112 
f 1638//118 1603//72 1633//112 
f 1637//116 1639//119 1635//114 
f 1639//119 1640//121 1635//122 
f 1635//123 1641//124 1638//118 
f 1638//118 1641//124 1603//72 
f 1635//123 1642//125 1641//124 
f 1635//122 1643//126 1642//125 
f 1640//121 1643//126 1635//122 
f 1640//121 1644//127 1643//126 
f 1645//128 1646//129 1647//130 
f 1645//128 1647//130 1614//93 
f 1614//93 1647//130 1620//94 
f 1648//132 1645//128 1614//93 
f 1649//133 1648//132 1614//131 
f 1644//127 1649//133 1614//134 
f 1644//127 1614//134 1643//126 
f 1643//126 1611//135 1642//125 
f 1642//125 1611//136 1641//124 
f 1641//124 1611//136 1604//73 
f 1641//124 1604//73 1603//72 
f 1574//32 1595//59 1650//137 
f 1574//32 1650//137 1651//138 
f 1571//28 1574//32 1651//138 
f 1651//138 1650//137 1652//139 
f 1568//24 1571//28 1653//140 
f 1651//138 1652//139 1654//141 
f 1566//20 1568//24 1653//142 
f 1651//138 1654//141 1655//143 
f 1564//16 1566//20 1653//144 
f 1656//145 1657//146 1655//143 
f 1561//12 1564//16 1653//147 
f 1658//148 1657//149 1656//145 
f 1560//10 1561//12 1659//150 
f 1660//151 1661//152 1658//148 
f 1562//13 1560//10 1659//150 
f 1562//13 1659//150 1662//153 
f 1662//153 1659//150 1663//155 
f 1663//155 1659//150 1664//156 
f 1664//156 1665//157 1666//158 
f 1665//159 1667//160 1666//158 
f 1625//102 1661//152 1660//151 
f 1625//102 1623//99 1661//152 
f 1623//99 1622//97 1668//161 
f 1622//97 1621//95 1668//162 
f 1621//95 1618//91 1668//163 
f 1618//91 1616//87 1665//164 
f 1616//87 1613//84 1665//165 
f 1665//166 1669//167 1667//160 
f 1613//84 1610//81 1665//166 
f 1665//166 1670//168 1669//167 
f 1610//81 1670//168 1665//166 
f 1610//81 1609//80 1670//168 
f 1597//62 1598//64 1671//169 
f 1597//62 1671//169 1672//172 
f 1596//60 1597//62 1672//172 
f 1672//172 1671//169 1673//171 
f 1590//52 1596//60 1672//172 
f 1672//254 1673//171 1674//173 
f 1591//53 1590//52 1675//174 
f 1672//254 1674//173 1676//175 
f 1592//55 1591//53 1675//176 
f 1677//177 1678//178 1676//175 
f 1593//57 1592//55 1675//179 
f 1679//180 1678//181 1677//177 
f 1594//58 1593//57 1680//182 
f 1681//183 1682//184 1679//180 
f 1595//59 1594//58 1680//182 
f 1595//59 1680//182 1650//137 
f 1650//137 1680//185 1652//139 
f 1652//139 1680//185 1654//141 
f 1654//141 1683//186 1655//143 
f 1683//187 1656//145 1655//143 
f 1636//115 1682//184 1681//183 
f 1636//115 1634//113 1682//184 
f 1634//113 1631//109 1684//188 
f 1631//109 1630//107 1684//189 
f 1630//107 1629//106 1684//190 
f 1629//106 1627//104 1685//191 
f 1627//104 1626//103 1685//192 
f 1683//193 1658//148 1656//145 
f 1626//103 1624//101 1683//193 
f 1683//193 1660//151 1658//148 
f 1624//101 1660//151 1683//193 
f 1624//101 1625//102 1660//151 
f 1601//69 1580//41 1686//194 
f 1601//69 1686//194 1687//195 
f 1600//67 1601//69 1687//195 
f 1687//195 1686//194 1688//196 
f 1599//65 1600//67 1687//197 
f 1687//198 1688//196 1689//199 
f 1598//64 1599//65 1687//197 
f 1598//64 1687//197 1671//169 
f 1687//200 1689//199 1690//201 
f 1671//169 1691//202 1673//171 
f 1692//203 1687//204 1690//201 
f 1673//171 1691//202 1674//173 
f 1693//205 1694//206 1692//203 
f 1674//173 1695//207 1676//175 
f 1696//208 1694//209 1693//205 
f 1695//210 1677//177 1676//175 
f 1644//127 1694//211 1696//208 
f 1644//127 1640//121 1694//211 
f 1695//212 1679//180 1677//177 
f 1640//121 1639//119 1694//213 
f 1694//213 1681//183 1679//180 
f 1639//119 1637//116 1694//213 
f 1637//116 1681//183 1694//213 
f 1637//116 1636//115 1681//183 
f 1583//45 1585//47 1697//214 
f 1583//45 1697//214 1698//217 
f 1582//44 1583//45 1698//217 
f 1698//217 1697//214 1699//216 
f 1581//42 1582//44 1698//217 
f 1698//220 1699//216 1700//218 
f 1580//41 1581//42 1698//219 
f 1580//41 1698//219 1686//194 
f 1698//220 1700//218 1701//221 
f 1686//194 1698//222 1688//196 
f 1702//223 1703//224 1701//221 
f 1688//196 1703//225 1689//199 
f 1704//226 1703//227 1702//223 
f 1689//199 1703//228 1690//201 
f 1705//229 1706//233 1704//226 
f 1703//231 1692//203 1690//201 
f 1646//129 1706//233 1705//229 
f 1646//129 1645//128 1706//233 
f 1706//232 1693//205 1692//203 
f 1645//128 1648//132 1706//233 
f 1706//234 1696//208 1693//205 
f 1648//132 1649//133 1706//234 
f 1649//133 1696//208 1706//234 
f 1649//133 1644//127 1696//208 
f 1563//14 1562//13 1662//153 
f 1563//14 1662//153 1707//235 
f 1565//17 1563//14 1707//235 
f 1707//235 1662//153 1663//155 
f 1567//21 1565//17 1707//236 
f 1707//235 1663//155 1664//156 
f 1569//25 1567//21 1707//237 
f 1708//238 1664//156 1666//158 
f 1572//29 1569//25 1707//239 
f 1667//160 1708//240 1666//158 
f 1575//33 1572//29 1707//241 
f 1669//167 1708//242 1667//160 
f 1584//46 1575//33 1709//243 
f 1670//168 1710//244 1669//167 
f 1585//47 1584//46 1709//243 
f 1585//47 1709//243 1697//214 
f 1697//214 1709//245 1699//216 
f 1699//216 1709//245 1700//218 
f 1700//218 1711//246 1701//221 
f 1711//247 1702//223 1701//221 
f 1609//80 1710//244 1670//168 
f 1609//80 1607//77 1710//244 
f 1607//77 1608//79 1712//248 
f 1608//79 1612//83 1712//249 
f 1612//83 1615//86 1712//250 
f 1615//86 1617//90 1711//251 
f 1617//90 1620//94 1711//252 
f 1711//253 1704//226 1702//223 
f 1620//94 1647//130 1711//253 
f 1711//253 1705//229 1704//226 
f 1647//130 1705//229 1711//253 
f 1647//130 1646//129 1705//229 
f 24//31 22//28 18//27 
f 24//255 5//256 7//7 
f 1394//31 1392//28 1388//27 
f 1394//255 1375//256 1377//7 
f 1212//255 1193//256 1195//7 
f 1212//31 1210//28 1206//27 
f 62//79 61//78 65//82 
f 58//74 57//73 106//257 
f 1432//79 1431//78 1435//82 
f 1428//74 1427//73 1476//257 
f 1246//75 1276//258 1247//76 
f 1258//87 1261//92 1249//88 
f 717//255 700//256 702//7 
f 717//31 715//28 700//27 
f 376//31 374//28 359//27 
f 376//255 359//256 361//7 
f 547//31 545//28 530//27 
f 547//255 530//256 532//7 
f 205//255 188//256 190//7 
f 205//31 203//28 188//27 
f 752//79 749//78 755//82 
f 749//74 748//73 794//257 
f 249//87 252//92 238//88 
f 238//75 266//258 239//76 
f 412//79 409//78 415//82 
f 409//74 408//73 454//257 
f 582//79 579//78 585//82 
f 579//74 578//73 585//257 
f 1048//31 1046//28 1031//27 
f 1048//255 1031//256 1033//7 
f 887//31 885//28 870//27 
f 887//255 870//256 872//7 
f 1573//31 1571//28 1556//27 
f 1573//255 1556//256 1558//7 
f 86//111 82//259 87//112 
f 77//100 81//104 82//105 
f 1456//111 1452//259 1457//112 
f 1447//100 1451//104 1452//105 
f 1083//79 1080//78 1086//82 
f 1080//74 1079//73 1086//257 
f 930//87 933//92 919//88 
f 919//75 946//258 920//76 
f 1608//79 1605//78 1611//82 
f 1605//74 1604//73 1611//257 
f 17//21 21//26 15//22 
f 4//8 21//260 8//9 
f 1387//21 1391//26 1385//22 
f 1374//8 1397//260 1378//9 
f 1205//21 1209//26 1203//22 
f 1192//8 1215//260 1196//9 
f 1267//100 1271//104 1272//105 
f 1276//111 1272//259 1277//112 
f 435//111 431//259 436//112 
f 422//100 430//104 431//105 
f 762//100 770//104 771//105 
f 775//111 771//259 776//112 
f 607//111 603//259 608//112 
f 593//100 602//104 603//105 
f 711//21 714//26 699//22 
f 699//8 714//260 703//9 
f 541//21 544//26 529//22 
f 529//8 544//260 533//9 
f 370//21 373//26 358//22 
f 358//8 373//260 362//9 
f 199//21 202//26 187//22 
f 187//8 202//260 191//9 
f 252//100 261//104 262//105 
f 266//111 262//259 267//112 
f 1107//111 1103//259 1108//112 
f 1094//100 1102//104 1103//105 
f 1632//111 1628//259 1633//112 
f 1619//100 1627//104 1628//105 
f 1042//21 1045//26 1030//22 
f 1030//8 1045//260 1034//9 
f 881//21 884//26 869//22 
f 869//8 884//260 873//9 
f 1567//21 1570//26 1555//22 
f 1555//8 1570//260 1559//9 
f 69//87 72//92 61//88 
f 58//75 86//258 59//76 
f 1439//87 1442//92 1431//88 
f 1428//75 1456//258 1429//76 
f 40//50 41//51 38//48 
f 48//60 41//61 40//63 
f 1228//50 1229//51 1226//48 
f 1236//60 1229//61 1228//63 
f 1410//50 1411//51 1408//48 
f 1418//60 1411//61 1410//63 
f 946//111 942//259 947//112 
f 933//100 941//104 942//105 
f 4//11 1//1 5//15 
f 10//12 4//11 5//15 
f 1374//11 1371//1 1375//15 
f 1380//12 1374//11 1375//15 
f 1198//12 1192//11 1193//15 
f 1192//11 1189//1 1193//15 
f 759//87 762//92 749//88 
f 749//75 775//258 750//76 
f 590//87 593//92 579//88 
f 579//75 607//258 580//76 
f 419//87 422//92 409//88 
f 409//75 435//258 410//76 
f 732//50 733//51 730//48 
f 740//60 733//61 732//63 
f 562//50 563//51 560//48 
f 570//60 563//61 562//63 
f 221//50 222//51 219//48 
f 229//60 222//61 221//63 
f 392//50 393//51 390//48 
f 400//60 393//61 392//63 
f 358//18 355//1 359//15 
f 364//12 358//18 359//15 
f 193//12 187//18 188//15 
f 187//18 184//1 188//15 
f 529//18 526//1 530//15 
f 535//12 529//18 530//15 
f 705//12 699//18 700//15 
f 699//18 696//1 700//15 
f 1091//87 1094//92 1080//88 
f 1080//75 1107//258 1081//76 
f 1616//87 1619//92 1605//88 
f 1605//75 1632//258 1606//76 
f 902//50 903//51 900//48 
f 910//60 903//61 902//63 
f 1063//50 1064//51 1061//48 
f 1071//60 1064//61 1063//63 
f 1588//50 1589//51 1586//48 
f 1596//60 1589//61 1588//63 
f 1030//18 1027//1 1031//15 
f 1036//12 1030//18 1031//15 
f 869//18 866//1 870//15 
f 875//12 869//18 870//15 
f 1555//18 1552//1 1556//15 
f 1561//12 1555//18 1556//15 
f 1250//79 1249//78 1253//82 
f 1246//74 1245//73 1253//257 
f 238//74 237//73 244//257 
f 241//79 238//78 244//82 
f 922//79 919//78 925//82 
f 919//74 918//73 925//257 
f 1481//141 1513//185 1514//186 
f 1509//180 1512//184 1508//181 
f 1300//141 1332//185 1333//186 
f 1328//180 1331//184 1327//181 
f 164//218 180//245 181//246 
f 129//167 179//244 176//242 
f 1533//218 1548//245 1549//246 
f 1542//235 1493//156 1544//238 
f 1352//218 1367//245 1368//246 
f 1318//167 1366//244 1363//242 
f 123//156 121//154 124//157 
f 108//138 112//143 115//146 
f 1493//156 1491//154 1494//157 
f 1478//138 1482//143 1485//146 
f 1312//156 1310//154 1313//157 
f 1297//138 1301//143 1304//146 
f 338//218 350//245 352//246 
f 304//167 351//244 348//242 
f 679//218 691//245 693//246 
f 645//167 692//244 689//242 
f 509//218 521//245 523//246 
f 475//167 522//244 519//242 
f 849//218 861//245 863//246 
f 815//167 862//244 859//242 
f 111//141 144//185 145//186 
f 132//170 136//175 139//178 
f 809//156 804//154 810//157 
f 796//138 800//143 802//146 
f 639//156 634//150 640//157 
f 626//138 630//143 632//146 
f 469//156 464//154 470//157 
f 456//138 460//143 462//146 
f 298//156 293//154 299//157 
f 285//138 289//143 291//146 
f 968//141 994//185 997//186 
f 993//180 996//184 992//181 
f 1129//141 1155//185 1158//186 
f 1154//180 1157//184 1153//181 
f 1654//141 1680//185 1683//186 
f 1679//180 1682//184 1678//181 
f 1438//86 1551//251 1550//250 
f 1713//261 1714//262 1715//263 
f 1175//218 1185//245 1187//246 
f 1183//235 1139//156 1184//238 
f 1014//218 1023//245 1025//246 
f 1021//235 978//156 1022//238 
f 1700//218 1709//245 1711//246 
f 1707//235 1664//156 1708//238 
f 179//264 1716//265 176//266 
f 20//25 175//237 177//239 
f 1366//264 1717//265 1363//266 
f 1208//25 1362//237 1364//239 
f 459//141 489//185 490//186 
f 478//170 482//175 485//178 
f 288//141 318//185 319//186 
f 307//170 311//175 314//178 
f 799//141 829//185 830//186 
f 818//170 822//175 825//178 
f 629//141 659//185 660//186 
f 648//170 652//175 655//178 
f 1718//267 144//268 1719//269 
f 83//106 147//191 146//190 
f 1502//254 1506//175 1508//178 
f 1415//57 1505//179 1510//182 
f 1321//254 1325//175 1327//178 
f 1233//57 1324//179 1329//182 
f 1720//270 1721//271 1722//272 
f 71//91 128//164 127//163 
f 1441//91 1498//164 1497//163 
f 1723//270 1724//271 1725//272 
f 1726//270 1727//271 1728//272 
f 1260//91 1317//164 1316//163 
f 1139//156 1134//150 1140//157 
f 1126//138 1130//143 1132//146 
f 978//156 973//154 979//157 
f 965//138 969//143 971//146 
f 1664//156 1659//150 1665//157 
f 1651//138 1655//143 1657//146 
f 68//86 183//251 182//250 
f 182//273 183//274 1729//262 
f 1369//273 1370//274 1730//262 
f 1257//86 1370//251 1369//250 
f 862//264 1731//265 859//266 
f 713//25 858//237 860//239 
f 522//264 1732//265 519//266 
f 372//25 518//237 520//239 
f 692//264 1733//265 689//266 
f 543//25 688//237 690//239 
f 351//264 1734//265 348//266 
f 201//25 347//237 349//239 
f 10//12 113//147 117//150 
f 1722//275 108//276 115//277 
f 1380//12 1483//147 1487//150 
f 1725//275 1478//276 1485//277 
f 1735//267 489//268 1736//269 
f 432//106 492//191 491//190 
f 1737//267 318//268 1738//269 
f 263//106 321//191 320//190 
f 1739//267 659//268 1740//269 
f 604//106 662//191 661//190 
f 1741//267 829//268 1742//269 
f 772//106 832//191 831//190 
f 1743//270 1744//271 1745//272 
f 592//91 644//164 643//163 
f 1746//270 1747//271 1748//272 
f 761//91 814//164 813//163 
f 1749//270 1750//271 1751//272 
f 251//91 303//164 302//163 
f 421//91 474//164 473//163 
f 1752//270 1753//271 1754//272 
f 1396//33 1545//241 1546//243 
f 1715//278 1543//279 1755//280 
f 141//281 1756//282 1719//283 
f 43//53 134//174 137//176 
f 155//203 157//206 152//204 
f 160//213 140//180 158//212 
f 1348//213 1328//180 1346//212 
f 1343//203 1345//206 1340//204 
f 1524//203 1526//206 1521//204 
f 1529//213 1509//180 1527//212 
f 418//86 525//251 524//250 
f 524//273 525//274 1757//262 
f 353//273 354//274 1758//262 
f 248//86 354//251 353//250 
f 589//86 695//251 694//250 
f 694//273 695//274 1759//262 
f 864//273 865//274 1760//262 
f 758//86 865//251 864//250 
f 1198//12 1302//147 1306//150 
f 1728//275 1297//276 1304//277 
f 1273//106 1335//191 1334//190 
f 1334//284 1761//267 1762//285 
f 1453//106 1516//191 1515//190 
f 1515//284 1763//267 1764//285 
f 1765//261 1766//262 1767//263 
f 1090//86 1187//251 1188//250 
f 929//86 1025//251 1026//250 
f 1768//261 1769//262 1770//263 
f 1771//261 1772//262 1773//263 
f 1615//86 1711//251 1712//250 
f 169//226 172//230 165//227 
f 151//199 167//225 170//228 
f 1357//226 1360//233 1353//227 
f 1339//199 1355//225 1358//228 
f 1520//199 1536//225 1539//228 
f 1538//226 1541//233 1534//227 
f 140//180 143//184 139//181 
f 146//284 1718//267 1774//285 
f 193//12 287//147 293//150 
f 1751//275 285//276 291//277 
f 535//12 628//147 634//150 
f 1745//275 626//276 632//277 
f 705//12 798//147 804//150 
f 1748//275 796//276 802//277 
f 364//12 458//147 464//150 
f 1754//275 456//276 462//277 
f 1761//267 1332//268 1775//269 
f 1329//281 1776//282 1775//283 
f 1763//267 1513//268 1777//269 
f 1510//281 1778//282 1777//283 
f 907//57 989//179 994//182 
f 986//254 990//175 992//178 
f 1672//254 1676//175 1678//178 
f 1593//57 1675//179 1680//182 
f 1147//254 1151//175 1153//178 
f 1068//57 1150//179 1155//182 
f 823//281 820//282 1742//283 
f 735//53 820//174 823//176 
f 312//281 309//282 1738//283 
f 224//53 309//174 312//176 
f 395//53 480//174 483//176 
f 483//281 480//282 1736//283 
f 653//281 650//282 1740//283 
f 565//53 650//174 653//176 
f 932//91 979//164 982//163 
f 1779//270 1780//271 1781//272 
f 1782//270 1783//271 1784//272 
f 1618//91 1665//164 1668//163 
f 1785//270 1786//271 1787//272 
f 1093//91 1140//164 1143//163 
f 1788//286 177//287 1789//288 
f 26//33 177//241 178//243 
f 1214//33 1364//241 1365//243 
f 1790//286 1364//287 1791//288 
f 500//203 502//206 497//204 
f 505//213 486//180 503//212 
f 334//213 315//180 332//212 
f 329//203 331//206 326//204 
f 670//203 672//206 667//204 
f 675//213 656//180 673//212 
f 845//213 826//180 843//212 
f 840//203 842//206 837//204 
f 1499//167 1547//244 1544//242 
f 1715//287 1755//265 1713//288 
f 854//226 857//233 850//227 
f 836//199 852//225 855//228 
f 496//199 512//225 515//228 
f 514//226 517//233 510//227 
f 343//226 346//233 339//227 
f 325//199 341//225 344//228 
f 684//226 687//233 680//227 
f 666//199 682//225 685//228 
f 486//180 488//184 485//181 
f 491//284 1735//267 1736//285 
f 315//180 317//184 314//181 
f 320//284 1737//267 1738//285 
f 826//180 828//184 825//181 
f 831//284 1741//267 1742//285 
f 656//180 658//184 655//181 
f 661//284 1739//267 1740//285 
f 131//169 149//197 154//202 
f 157//206 154//289 152//204 
f 1345//206 1342//289 1340//204 
f 1320//169 1337//197 1342//202 
f 1526//206 1523//289 1521//204 
f 1501//169 1518//197 1523//202 
f 1773//278 1707//279 1708//280 
f 1575//33 1707//241 1709//243 
f 1767//278 1183//279 1184//280 
f 1050//33 1183//241 1185//243 
f 889//33 1021//241 1023//243 
f 1770//278 1021//279 1022//280 
f 1759//286 690//287 1792//288 
f 549//33 690//241 691//243 
f 719//33 860//241 861//243 
f 1760//286 860//287 1793//288 
f 378//33 520//241 521//243 
f 1757//286 520//287 1794//288 
f 207//33 349//241 350//243 
f 1758//286 349//287 1795//288 
f 1006//203 1008//206 1001//204 
f 1008//213 993//180 1009//212 
f 1167//203 1169//206 1162//204 
f 1169//213 1154//180 1170//212 
f 1692//203 1694//206 1687//204 
f 1694//213 1679//180 1695//212 
f 1036//12 1128//147 1134//150 
f 1787//275 1126//276 1132//277 
f 1561//12 1653//147 1659//150 
f 1784//275 1651//276 1657//277 
f 875//12 967//147 973//150 
f 1781//275 965//276 971//277 
f 943//106 999//191 998//190 
f 998//284 997//267 1796//285 
f 1104//106 1160//191 1159//190 
f 1159//284 1158//267 1797//285 
f 1629//106 1685//191 1684//190 
f 1684//284 1683//267 1798//285 
f 127//290 1721//271 1720//270 
f 76//99 127//161 119//152 
f 1497//290 1724//271 1723//270 
f 1446//99 1497//161 1489//152 
f 1266//99 1316//161 1308//152 
f 1316//290 1727//271 1726//270 
f 1179//226 1182//233 1176//227 
f 1164//199 1176//225 1180//228 
f 107//137 141//182 144//185 
f 141//291 1719//283 144//292 
f 1548//245 1714//293 1549//246 
f 1550//273 1551//274 1714//262 
f 121//154 1721//294 124//157 
f 127//290 128//295 1721//271 
f 1491//154 1724//294 1494//157 
f 1497//290 1498//295 1724//271 
f 1310//154 1727//294 1313//157 
f 1316//290 1317//295 1727//271 
f 1020//232 1006//203 1017//231 
f 1018//226 1020//233 1017//227 
f 1704//226 1706//233 1703//227 
f 1706//232 1692//203 1703//231 
f 997//267 994//268 1796//269 
f 994//281 989//282 1796//283 
f 1683//267 1680//268 1798//269 
f 1680//281 1675//282 1798//283 
f 1158//267 1155//268 1797//269 
f 1155//281 1150//282 1797//283 
f 1288//126 1262//134 1295//135 
f 1254//83 1253//82 1256//85 
f 178//296 177//287 1788//286 
f 180//245 1729//293 181//246 
f 1367//245 1730//293 1368//246 
f 1365//296 1364//287 1790//286 
f 1756//297 139//298 1719//299 
f 143//300 1774//301 139//302 
f 1331//300 1762//301 1327//302 
f 1799//297 1327//298 1775//299 
f 1512//300 1764//301 1508//302 
f 1800//297 1508//298 1777//299 
f 842//206 839//289 837//204 
f 817//169 834//197 839//202 
f 502//206 499//289 497//204 
f 477//169 494//197 499//202 
f 647//169 664//197 669//202 
f 672//206 669//289 667//204 
f 331//206 328//289 326//204 
f 306//169 323//197 328//202 
f 89//117 87//112 82//259 
f 85//109 89//114 82//110 
f 1275//109 1279//114 1272//110 
f 1279//117 1277//112 1272//259 
f 1459//117 1457//112 1452//259 
f 1455//109 1459//114 1452//110 
f 257//99 302//161 295//152 
f 302//290 1750//271 1749//270 
f 643//290 1744//271 1743//270 
f 598//99 643//161 636//152 
f 766//99 813//161 806//152 
f 813//290 1747//271 1746//270 
f 473//290 1753//271 1752//270 
f 426//99 473//161 466//152 
f 116//148 119//152 115//149 
f 1722//275 115//277 1720//303 
f 1486//148 1489//152 1485//149 
f 1725//275 1485//277 1723//303 
f 1305//148 1308//152 1304//149 
f 1728//275 1304//277 1726//303 
f 1767//287 1184//265 1765//288 
f 1144//167 1186//244 1184//242 
f 983//167 1024//244 1022//242 
f 1770//287 1022//265 1768//288 
f 1773//287 1708//265 1771//288 
f 1669//167 1710//244 1708//242 
f 182//273 1729//262 1789//261 
f 60//77 182//248 179//244 
f 1248//77 1369//248 1366//244 
f 1369//273 1730//262 1791//261 
f 1550//273 1714//262 1713//261 
f 1430//77 1550//248 1547//244 
f 1716//280 174//304 176//266 
f 174//235 123//156 176//238 
f 1361//235 1312//156 1363//238 
f 1717//280 1361//304 1363//266 
f 1412//52 1502//172 1505//174 
f 1800//305 1502//254 1508//178 
f 1230//52 1321//172 1324//174 
f 1799//305 1321//254 1327//178 
f 625//137 653//182 659//185 
f 653//291 1740//283 659//292 
f 823//291 1742//283 829//292 
f 795//137 823//182 829//185 
f 312//291 1738//283 318//292 
f 284//137 312//182 318//185 
f 455//137 483//182 489//185 
f 483//291 1736//283 489//292 
f 113//306 108//276 1722//275 
f 22//28 108//138 110//140 
f 1392//28 1478//138 1480//140 
f 1483//306 1478//276 1725//275 
f 634//150 1744//294 640//157 
f 643//290 644//295 1744//271 
f 804//154 1747//294 810//157 
f 813//290 814//295 1747//271 
f 464//154 1753//294 470//157 
f 473//290 474//295 1753//271 
f 293//154 1750//294 299//157 
f 302//290 303//295 1750//271 
f 97//125 103//135 106//136 
f 103//131 73//94 65//93 
f 1467//125 1473//135 1476//136 
f 1473//131 1443//94 1435//93 
f 117//307 113//308 1722//309 
f 117//310 1722//311 1721//312 
f 1306//310 1728//311 1727//312 
f 1306//307 1299//308 1728//309 
f 1487//307 1483//308 1725//309 
f 1487//310 1725//311 1724//312 
f 1210//28 1297//138 1299//140 
f 1299//306 1297//276 1728//275 
f 618//126 594//134 585//135 
f 586//83 585//82 588//85 
f 277//126 253//134 244//135 
f 245//83 244//82 247//85 
f 148//194 162//219 167//222 
f 162//215 164//218 165//220 
f 1531//215 1533//218 1534//220 
f 1517//194 1531//219 1536//222 
f 1350//215 1352//218 1353//220 
f 1336//194 1350//219 1355//222 
f 146//284 147//313 1718//267 
f 80//103 145//193 147//192 
f 1270//103 1333//193 1335//192 
f 1334//284 1335//313 1761//267 
f 1515//284 1516//313 1763//267 
f 1450//103 1514//193 1516//192 
f 48//60 132//170 134//172 
f 1756//297 132//305 139//298 
f 861//245 1760//293 863//246 
f 861//296 860//287 1760//286 
f 350//245 1758//293 352//246 
f 350//296 349//287 1758//286 
f 521//296 520//287 1757//286 
f 521//245 1757//293 523//246 
f 691//296 690//287 1759//286 
f 691//245 1759//293 693//246 
f 172//230 170//314 165//227 
f 172//232 155//203 170//231 
f 1541//233 1539//314 1534//227 
f 1541//232 1524//203 1539//231 
f 1360//232 1343//203 1358//231 
f 1360//233 1358//314 1353//227 
f 21//260 28//35 8//9 
f 27//34 34//44 28//43 
f 1397//38 1401//40 1400//39 
f 1396//33 1401//43 1391//34 
f 1214//33 1219//43 1209//34 
f 1215//38 1219//40 1218//39 
f 488//300 1736//301 485//302 
f 480//297 485//298 1736//299 
f 317//300 1738//301 314//302 
f 309//297 314//298 1738//299 
f 650//297 655//298 1740//299 
f 658//300 1740//301 655//302 
f 828//300 1742//301 825//302 
f 820//297 825//298 1742//299 
f 1146//169 1162//197 1166//202 
f 1169//206 1166//289 1162//204 
f 1008//206 1005//289 1001//204 
f 985//169 1001//197 1005//202 
f 1671//169 1687//197 1691//202 
f 1694//206 1691//289 1687//204 
f 1012//220 1015//221 1017//224 
f 1002//196 1012//222 1017//225 
f 1698//220 1701//221 1703//224 
f 1688//196 1698//222 1703//225 
f 774//109 778//114 771//110 
f 778//117 776//112 771//259 
f 438//117 436//112 431//259 
f 434//109 438//114 431//110 
f 606//109 610//114 603//110 
f 610//117 608//112 603//259 
f 265//109 269//114 262//110 
f 269//117 267//112 262//259 
f 1546//315 1715//286 1714//316 
f 1545//241 1715//278 1546//296 
f 292//148 295//152 291//149 
f 1751//275 291//277 1749//303 
f 803//148 806//152 802//149 
f 1748//275 802//277 1746//303 
f 633//148 636//152 632//149 
f 1745//275 632//277 1743//303 
f 463//148 466//152 462//149 
f 1754//275 462//277 1752//303 
f 1143//290 1786//271 1785//270 
f 1098//99 1143//161 1136//152 
f 982//290 1780//271 1779//270 
f 937//99 982//161 975//152 
f 1668//290 1783//271 1782//270 
f 1623//99 1668//161 1661//152 
f 694//273 1759//262 1792//261 
f 581//77 694//248 692//244 
f 524//273 1757//262 1794//261 
f 411//77 524//248 522//244 
f 240//77 353//248 351//244 
f 353//273 1758//262 1795//261 
f 751//77 864//248 862//244 
f 864//273 1760//262 1793//261 
f 1229//51 1212//255 1195//7 
f 1232//55 1212//31 1229//56 
f 1414//55 1394//31 1411//56 
f 1411//51 1394//255 1377//7 
f 41//51 24//255 7//7 
f 44//55 24//31 41//56 
f 347//235 298//156 348//238 
f 1734//280 347//304 348//266 
f 518//235 469//156 519//238 
f 1732//280 518//304 519//266 
f 858//235 809//156 859//238 
f 1731//280 858//304 859//266 
f 1733//280 688//304 689//266 
f 688//235 639//156 689//238 
f 61//88 72//92 86//258 
f 86//317 77//100 82//105 
f 1249//88 1261//92 1276//258 
f 1276//317 1267//100 1272//105 
f 1431//88 1442//92 1456//258 
f 1456//317 1447//100 1452//105 
f 203//28 285//138 287//140 
f 287//306 285//276 1751//275 
f 715//28 796//138 798//140 
f 798//306 796//276 1748//275 
f 374//28 456//138 458//140 
f 458//306 456//276 1754//275 
f 628//306 626//276 1745//275 
f 545//28 626//138 628//140 
f 135//173 154//202 158//207 
f 157//318 158//207 154//289 
f 1504//173 1523//202 1527//207 
f 1526//318 1527//207 1523//289 
f 1323//173 1342//202 1346//207 
f 1345//318 1346//207 1342//289 
f 791//131 763//94 755//93 
f 785//125 791//135 794//136 
f 445//125 451//135 454//136 
f 451//131 423//94 415//93 
f 88//113 146//188 143//184 
f 143//319 146//284 1774//285 
f 1278//113 1334//188 1331//184 
f 1331//319 1334//284 1762//285 
f 1458//113 1515//188 1512//184 
f 1512//319 1515//284 1764//285 
f 1185//245 1766//293 1187//246 
f 1188//273 1187//274 1766//262 
f 1712//273 1711//274 1772//262 
f 1709//245 1772//293 1711//246 
f 1023//245 1769//293 1025//246 
f 1026//273 1025//274 1769//262 
f 1134//150 1786//294 1140//157 
f 1143//290 1140//295 1786//271 
f 1659//150 1783//294 1665//157 
f 1668//290 1665//295 1783//271 
f 973//154 1780//294 979//157 
f 982//290 979//295 1780//271 
f 634//307 628//308 1745//309 
f 634//310 1745//311 1744//312 
f 293//310 1751//311 1750//312 
f 293//307 287//308 1751//309 
f 464//307 458//308 1754//309 
f 464//310 1754//311 1753//312 
f 804//310 1748//311 1747//312 
f 804//307 798//308 1748//309 
f 336//215 338//218 339//220 
f 322//194 336//219 341//222 
f 847//215 849//218 850//220 
f 833//194 847//219 852//222 
f 507//215 509//218 510//220 
f 493//194 507//219 512//222 
f 663//194 677//219 682//222 
f 677//215 679//218 680//220 
f 182//248 1789//320 179//321 
f 179//264 1789//322 1716//265 
f 1550//248 1713//320 1547//321 
f 1547//264 1713//322 1755//265 
f 1369//248 1791//320 1366//321 
f 1366//264 1791//322 1717//265 
f 119//323 1720//324 115//325 
f 119//326 127//290 1720//270 
f 1308//326 1316//290 1726//270 
f 1308//323 1726//324 1304//325 
f 1489//326 1497//290 1723//270 
f 1489//323 1723//324 1485//325 
f 491//284 492//313 1735//267 
f 429//103 490//193 492//192 
f 601//103 660//193 662//192 
f 661//284 662//313 1739//267 
f 260//103 319//193 321//192 
f 320//284 321//313 1737//267 
f 769//103 830//193 832//192 
f 831//284 832//313 1741//267 
f 1118//126 1089//134 1086//135 
f 1087//83 1086//82 1089//85 
f 926//83 925//82 928//85 
f 957//126 928//134 925//135 
f 1643//126 1614//134 1611//135 
f 1612//83 1611//82 1614//85 
f 73//94 181//253 183//252 
f 183//327 181//247 1729//328 
f 1370//327 1368//247 1730//328 
f 1263//94 1368//253 1370//252 
f 1443//94 1549//253 1551//252 
f 1551//327 1549//247 1714//328 
f 67//84 124//166 128//165 
f 128//329 124//159 1721//330 
f 1255//84 1313//166 1317//165 
f 1317//329 1313//159 1727//330 
f 1498//329 1494//159 1724//330 
f 1437//84 1494//166 1498//165 
f 740//60 818//170 820//172 
f 820//297 818//305 825//298 
f 400//60 478//170 480//172 
f 480//297 478//305 485//298 
f 570//60 648//170 650//172 
f 650//297 648//305 655//298 
f 229//60 307//170 309//172 
f 309//297 307//305 314//298 
f 346//232 329//203 344//231 
f 346//233 344//314 339//227 
f 517//233 515//314 510//227 
f 517//232 500//203 515//231 
f 687//233 685//314 680//227 
f 687//232 670//203 685//231 
f 857//232 840//203 855//231 
f 857//233 855//314 850//227 
f 1384//17 1542//235 1543//236 
f 1543//331 1542//235 1544//238 
f 719//33 723//43 714//34 
f 714//38 723//40 722//39 
f 202//260 209//35 191//9 
f 208//34 215//44 209//43 
f 373//260 380//35 362//9 
f 379//34 386//44 380//43 
f 544//38 553//40 552//39 
f 549//33 553//43 544//34 
f 1324//179 1776//332 1329//281 
f 1324//174 1321//172 1799//333 
f 1505//179 1778//332 1510//281 
f 1505//174 1502//172 1800//333 
f 1262//93 1259//90 1256//89 
f 1262//134 1256//334 1295//135 
f 996//300 1796//301 992//302 
f 989//297 992//298 1796//299 
f 1675//297 1678//298 1798//299 
f 1682//300 1798//301 1678//302 
f 1150//297 1153//298 1797//299 
f 1157//300 1797//301 1153//302 
f 949//117 947//112 942//259 
f 945//109 949//114 942//110 
f 1631//109 1635//114 1628//110 
f 1635//117 1633//112 1628//259 
f 1106//109 1110//114 1103//110 
f 1110//117 1108//112 1103//259 
f 160//213 158//212 157//335 
f 159//208 160//211 157//209 
f 1347//208 1348//211 1345//209 
f 1348//213 1346//212 1345//335 
f 1528//208 1529//211 1526//209 
f 1529//213 1527//212 1526//335 
f 733//51 717//255 702//7 
f 736//55 717//31 733//56 
f 222//51 205//255 190//7 
f 225//55 205//31 222//56 
f 563//51 547//255 532//7 
f 566//55 547//31 563//56 
f 396//55 376//31 393//56 
f 393//51 376//255 361//7 
f 1133//148 1136//152 1132//149 
f 1787//275 1132//277 1785//303 
f 972//148 975//152 971//149 
f 1781//275 971//277 1779//303 
f 1658//148 1661//152 1657//149 
f 1784//275 1657//277 1782//303 
f 103//131 65//93 106//334 
f 65//82 58//74 106//257 
f 1435//82 1428//74 1476//257 
f 1473//131 1435//93 1476//334 
f 1188//273 1766//262 1765//261 
f 1082//77 1188//248 1186//244 
f 1712//273 1772//262 1771//261 
f 1607//77 1712//248 1710//244 
f 1026//273 1769//262 1768//261 
f 921//77 1026//248 1024//244 
f 1477//137 1510//182 1513//185 
f 1510//291 1777//283 1513//292 
f 1329//291 1775//283 1332//292 
f 1296//137 1329//182 1332//185 
f 579//88 593//92 607//258 
f 607//317 593//100 603//105 
f 238//88 252//92 266//258 
f 266//317 252//100 262//105 
f 409//88 422//92 435//258 
f 435//317 422//100 431//105 
f 749//88 762//92 775//258 
f 775//317 762//100 771//105 
f 1065//52 1147//172 1150//174 
f 1150//305 1147//254 1153//178 
f 1590//52 1672//172 1675//174 
f 1675//305 1672//254 1678//178 
f 904//52 986//172 989//174 
f 989//305 986//254 992//178 
f 23//29 27//34 21//30 
f 21//30 27//34 28//336 
f 149//198 151//199 152//200 
f 149//337 152//200 154//338 
f 1518//198 1520//199 1521//200 
f 1518//337 1521//200 1523//338 
f 1337//198 1339//199 1340//200 
f 1337//337 1340//200 1342//338 
f 1204//20 1299//142 1302//144 
f 1302//147 1299//308 1306//307 
f 177//287 1716//265 1789//288 
f 177//279 174//304 1716//280 
f 1364//287 1717//265 1791//288 
f 1364//279 1361//304 1717//280 
f 821//173 839//202 843//207 
f 842//318 843//207 839//289 
f 651//173 669//202 673//207 
f 672//318 673//207 669//289 
f 331//318 332//207 328//289 
f 310//173 328//202 332//207 
f 481//173 499//202 503//207 
f 502//318 503//207 499//289 
f 437//113 491//188 488//184 
f 488//319 491//284 1736//285 
f 777//113 831//188 828//184 
f 828//319 831//284 1742//285 
f 268//113 320//188 317//184 
f 317//319 320//284 1738//285 
f 609//113 661//188 658//184 
f 658//319 661//284 1740//285 
f 1335//339 1333//187 1761//340 
f 1761//340 1333//186 1332//268 
f 147//339 145//187 1718//340 
f 1718//340 145//186 144//268 
f 1763//340 1514//186 1513//268 
f 1516//339 1514//187 1763//340 
f 524//248 1794//320 522//321 
f 522//264 1794//322 1732//265 
f 694//248 1792//320 692//321 
f 692//264 1792//322 1733//265 
f 353//248 1795//320 351//321 
f 351//264 1795//322 1734//265 
f 864//248 1793//320 862//321 
f 862//264 1793//322 1731//265 
f 636//323 1743//324 632//325 
f 636//326 643//290 1743//270 
f 806//326 813//290 1746//270 
f 806//323 1746//324 802//325 
f 295//326 302//290 1749//270 
f 295//323 1749//324 291//325 
f 466//326 473//290 1752//270 
f 466//323 1752//324 462//325 
f 167//341 162//215 165//220 
f 167//342 165//224 170//343 
f 1536//342 1534//224 1539//343 
f 1536//341 1531//215 1534//220 
f 1355//342 1353//224 1358//343 
f 1355//341 1350//215 1353//220 
f 1134//310 1787//311 1786//312 
f 1134//307 1128//308 1787//309 
f 973//307 967//308 1781//309 
f 973//310 1781//311 1780//312 
f 1659//310 1784//311 1783//312 
f 1659//307 1653//308 1784//309 
f 885//28 965//138 967//140 
f 967//306 965//276 1781//275 
f 1128//306 1126//276 1787//275 
f 1046//28 1126//138 1128//140 
f 1653//306 1651//276 1784//275 
f 1571//28 1651//138 1653//140 
f 1161//194 1173//219 1176//222 
f 1173//215 1175//218 1176//220 
f 998//284 999//313 997//267 
f 940//103 997//193 999//192 
f 1101//103 1158//193 1160//192 
f 1159//284 1160//313 1158//267 
f 1626//103 1683//193 1685//192 
f 1684//284 1685//313 1683//267 
f 423//94 523//253 525//252 
f 525//327 523//247 1757//328 
f 595//94 693//253 695//252 
f 695//327 693//247 1759//328 
f 354//327 352//247 1758//328 
f 254//94 352//253 354//252 
f 865//327 863//247 1760//328 
f 763//94 863//253 865//252 
f 587//84 640//166 644//165 
f 644//329 640//159 1744//330 
f 757//84 810//166 814//165 
f 814//329 810//159 1747//330 
f 474//329 470//159 1753//330 
f 417//84 470//166 474//165 
f 246//84 299//166 303//165 
f 303//329 299//159 1750//330 
f 16//20 110//142 113//144 
f 110//142 108//344 113//306 
f 1386//20 1480//142 1483//144 
f 1480//142 1478//344 1483//306 
f 1203//22 1209//26 1215//260 
f 1209//34 1219//43 1215//336 
f 1391//34 1401//43 1397//336 
f 1385//22 1391//26 1397//260 
f 141//281 134//332 1756//282 
f 134//345 132//305 1756//297 
f 175//237 174//331 177//279 
f 14//17 174//235 175//236 
f 1202//17 1361//235 1362//236 
f 1362//237 1361//331 1364//279 
f 1182//233 1180//314 1176//227 
f 1182//232 1167//203 1180//231 
f 45//57 137//179 141//182 
f 137//179 134//332 141//281 
f 1045//260 1051//35 1034//9 
f 1045//34 1057//44 1051//43 
f 1570//38 1579//40 1578//39 
f 1575//33 1579//43 1570//34 
f 884//38 893//40 892//39 
f 889//33 893//43 884//34 
f 594//93 591//90 588//89 
f 594//134 588//334 585//135 
f 253//93 250//90 247//89 
f 253//134 247//334 244//135 
f 1544//242 1547//264 1755//266 
f 1543//331 1544//238 1755//304 
f 1261//98 1267//100 1276//317 
f 1265//97 1267//100 1261//98 
f 72//98 77//100 86//317 
f 75//97 77//100 72//98 
f 1442//98 1447//100 1456//317 
f 1445//97 1447//100 1442//98 
f 1545//239 1543//279 1715//278 
f 1390//25 1543//237 1545//239 
f 18//23 16//20 5//19 
f 24//346 18//23 5//256 
f 1212//346 1206//23 1193//256 
f 1206//23 1204//20 1193//19 
f 1388//23 1386//20 1375//19 
f 1394//346 1388//23 1375//256 
f 1185//315 1767//286 1766//316 
f 1183//241 1767//278 1185//296 
f 1709//315 1773//286 1772//316 
f 1707//241 1773//278 1709//296 
f 1023//315 1770//286 1769//316 
f 1021//241 1770//278 1023//296 
f 333//208 334//211 331//209 
f 334//213 332//212 331//335 
f 675//213 673//212 672//335 
f 674//208 675//211 672//209 
f 504//208 505//211 502//209 
f 505//213 503//212 502//335 
f 844//208 845//211 842//209 
f 845//213 843//212 842//335 
f 61//78 58//74 65//82 
f 61//88 86//258 58//75 
f 1249//88 1276//258 1246//75 
f 1249//78 1246//74 1253//82 
f 1431//88 1456//258 1428//75 
f 1431//78 1428//74 1435//82 
f 89//347 94//123 92//118 
f 91//116 94//120 89//114 
f 1281//116 1284//120 1279//114 
f 1279//347 1284//123 1282//118 
f 1459//347 1464//123 1462//118 
f 1461//116 1464//120 1459//114 
f 51//65 40//63 52//66 
f 40//348 39//49 52//70 
f 1410//348 1409//49 1422//70 
f 1421//65 1410//63 1422//66 
f 1239//65 1228//63 1240//66 
f 1228//348 1227//49 1240//70 
f 178//315 1788//286 1729//316 
f 1789//261 1729//262 1788//263 
f 1365//315 1790//286 1730//316 
f 1791//261 1730//262 1790//263 
f 791//131 755//93 794//334 
f 755//82 749//74 794//257 
f 415//82 409//74 454//257 
f 451//131 415//93 454//334 
f 1776//282 1799//297 1775//299 
f 1324//176 1799//345 1776//332 
f 1505//176 1800//345 1778//332 
f 1778//282 1800//297 1777//299 
f 1064//51 1048//255 1033//7 
f 1067//55 1048//31 1064//56 
f 1589//51 1573//255 1558//7 
f 1592//55 1573//31 1589//56 
f 906//55 887//31 903//56 
f 903//51 887//255 872//7 
f 1080//88 1094//92 1107//258 
f 1107//317 1094//100 1103//105 
f 919//88 933//92 946//258 
f 946//317 933//100 942//105 
f 1605//88 1619//92 1632//258 
f 1632//317 1619//100 1628//105 
f 204//29 208//34 202//30 
f 202//30 208//34 209//336 
f 373//30 379//34 380//336 
f 375//29 379//34 373//30 
f 494//198 496//199 497//200 
f 494//337 497//200 499//338 
f 323//198 325//199 326//200 
f 323//337 326//200 328//338 
f 834//198 836//199 837//200 
f 834//337 837//200 839//338 
f 664//198 666//199 667//200 
f 664//337 667//200 669//338 
f 1295//136 1253//257 1245//73 
f 1295//136 1256//349 1253//257 
f 860//287 1731//265 1793//288 
f 860//279 858//304 1731//280 
f 520//279 518//304 1732//280 
f 520//287 1732//265 1794//288 
f 690//287 1733//265 1792//288 
f 690//279 688//304 1733//280 
f 349//287 1734//265 1795//288 
f 349//279 347//304 1734//280 
f 1735//340 490//186 489//268 
f 492//339 490//187 1735//340 
f 321//339 319//187 1737//340 
f 1737//340 319//186 318//268 
f 662//339 660//187 1739//340 
f 1739//340 660//186 659//268 
f 832//339 830//187 1741//340 
f 1741//340 830//186 829//268 
f 139//302 1774//301 1719//299 
f 1774//285 1718//267 1719//269 
f 1762//285 1761//267 1775//269 
f 1327//302 1762//301 1775//299 
f 1508//302 1764//301 1777//299 
f 1764//285 1763//267 1777//269 
f 121//154 117//310 1721//312 
f 120//153 117//150 121//154 
f 1309//153 1306//150 1310//154 
f 1310//154 1306//310 1727//312 
f 1490//153 1487//150 1491//154 
f 1491//154 1487//310 1724//312 
f 161//214 178//243 180//245 
f 180//245 178//315 1729//316 
f 1548//245 1546//315 1714//316 
f 1530//214 1546//243 1548//245 
f 1349//214 1365//243 1367//245 
f 1367//245 1365//315 1730//316 
f 1674//173 1691//202 1695//207 
f 1694//318 1695//207 1691//289 
f 988//173 1005//202 1009//207 
f 1008//318 1009//207 1005//289 
f 1149//173 1166//202 1170//207 
f 1169//318 1170//207 1166//289 
f 948//113 998//188 996//184 
f 996//319 998//284 1796//285 
f 1109//113 1159//188 1157//184 
f 1157//319 1159//284 1797//285 
f 1634//113 1684//188 1682//184 
f 1682//319 1684//284 1798//285 
f 341//342 339//224 344//343 
f 341//341 336//215 339//220 
f 682//342 680//224 685//343 
f 682//341 677//215 680//220 
f 852//342 850//224 855//343 
f 852//341 847//215 850//220 
f 512//342 510//224 515//343 
f 512//341 507//215 510//220 
f 15//22 21//260 4//8 
f 12//14 15//18 4//11 
f 1203//22 1215//260 1192//8 
f 1200//14 1203//18 1192//11 
f 1385//22 1397//260 1374//8 
f 1382//14 1385//18 1374//11 
f 1188//248 1765//320 1186//321 
f 1186//264 1765//322 1184//265 
f 1712//248 1771//320 1710//321 
f 1710//264 1771//322 1708//265 
f 1026//248 1768//320 1024//321 
f 1024//264 1768//322 1022//265 
f 1136//323 1785//324 1132//325 
f 1136//326 1143//290 1785//270 
f 975//326 982//290 1779//270 
f 975//323 1779//324 971//325 
f 1661//323 1782//324 1657//325 
f 1661//326 1668//290 1782//270 
f 100//128 173//233 172//230 
f 173//234 156//205 172//232 
# 0 polygons - 3560 triangles

