# File exported by ZBrush version 2024
# www.zbrush.com
#Vertex Count 7134
#Face Count 14264
#Auto scale x=1.000000 y=1.000000 z=1.000000
#Auto offset x=0.000000 y=0.000000 z=0.000000
v 0.58696526 1.88667047 0.05637267
v 0.64385992 1.81990397 0.0478588
v 0.58911466 1.03436517 0.05065904
v -0.76045 1.78543961 0.00416189
v 0.56749659 1.9818176 -0.08417523
v 0.61382198 1.14601051 0.05744768
v 0.61013799 1.53832638 -0.05867484
v 0.59401619 1.34640109 0.04390384
v 0.60707175 1.64571023 -0.04748617
v 0.59422534 1.4981358 -0.04338342
v 0.60113471 1.34308481 0.04655641
v 0.61599415 1.73338115 0.02153571
v 0.59338253 1.12373065 0.03961451
v -0.76858019 0.94232547 0.0411029
v 0.59532564 1.29543626 0.0361955
v 0.59670299 1.75532841 0.02416681
v 0.61582112 1.73397064 0.02172418
v -0.76131773 0.94484162 -0.01556447
v -0.77589738 0.94615626 -0.02224586
v -0.75894224 0.94267493 0.03730884
v 0.59639883 1.75601518 0.02673928
v 0.61589795 1.73367655 0.02171613
v 0.61561304 1.73405301 0.02171385
v 0.60463589 1.67313015 -0.03634766
v -0.7613089 0.94603562 -0.01569997
v 0.59343773 1.25640082 -0.04586121
v -0.7612791 0.94557917 -0.01612854
v -0.76124054 0.94631683 -0.01669259
v 0.61568206 1.73384273 0.02168968
v -0.77681267 0.93771123 0.04266917
v 0.61450904 1.73289895 0.0228916
v 0.59557646 1.46707475 -0.03401363
v 0.59979486 1.66915941 -0.0302362
v -0.77662259 0.93765169 0.04153628
v 0.59364354 1.12117731 0.03736984
v -0.76053625 0.94899404 0.02631666
v 0.59258568 1.14463889 0.04786301
v -0.76139724 0.94600254 -0.01442107
v -0.75914496 0.94328606 0.03555906
v 0.59476417 1.29669594 -0.03844372
v 0.59492117 1.2957828 -0.03672356
v 0.60321039 1.76226174 0.02729889
v 0.61580836 1.73326253 0.02156842
v 0.5933848 1.12281775 0.03935569
v 0.60833549 1.29400408 0.0360925
v 0.61538195 1.73293542 0.02187207
v -0.77672308 0.93778824 0.04216906
v 0.60828763 1.293545 0.03625513
v 0.60693186 1.66702139 -0.03601394
v 0.60256254 1.12284755 0.04486172
v -0.75910872 0.94317036 0.03565664
v -0.77687984 0.93756723 0.04391842
v -0.76153266 0.95998561 0.01049586
v 0.60820955 1.29390704 0.03538382
v 0.59349632 1.12011253 0.04432586
v 0.59254217 1.12064051 0.04474614
v 0.61593556 1.73422288 0.02144056
v 0.60799193 1.29772651 0.03562778
v 0.59701442 1.75592362 0.02563645
v -0.76026147 0.94989162 0.02664228
v 0.60716182 1.66519653 -0.03695984
v -0.75543355 0.92258882 0.05584003
v 0.59261632 1.14567744 0.0478212
v 0.59469306 1.12105798 0.04466219
v 0.59822827 1.66701531 -0.03141199
v 0.60620701 1.69338107 -0.03482882
v 0.5957511 1.46784806 -0.03261375
v -0.76150316 0.95981341 0.01053719
v 0.59574955 1.46775257 -0.03262423
v 0.60188716 1.66896009 -0.03469751
v -0.77126193 0.94463247 0.03848823
v 0.59490817 1.29569172 -0.03682711
v 0.59506577 1.28844273 -0.03544021
v 0.61082214 1.12389183 0.04551348
v 0.59277916 1.12097501 0.0436045
v -0.77679652 0.93810147 0.04245914
v -0.77690416 0.93840473 0.04301005
v 0.59256881 1.14552271 0.0481086
v 0.5964182 1.75551283 0.02599371
v 0.5973013 1.75614368 0.02691926
v -0.76188361 0.9594419 0.01090117
v 0.59528267 1.29581892 -0.03803839
v 0.59491062 1.16714322 0.03535326
v 0.59632045 1.75568258 0.02623529
v -0.7638337 0.96260523 0.00975998
v 0.60745596 1.66488778 -0.03710746
v 0.59475195 1.29669868 -0.03801588
v 0.59255158 1.12047135 0.0447466
v 0.59266734 1.12017452 0.04414121
v 0.59755295 1.75596141 0.02541142
v 0.59652036 1.75533318 0.02415835
v 0.59954553 1.66801738 -0.03208157
v 0.61396086 1.72740209 -0.02040813
v 0.59726649 1.75751018 0.02679894
v -0.76148319 0.95918494 0.01029386
v 0.61354094 1.73629796 0.02635758
v -0.76126879 0.94570928 -0.0162791
v 0.60991305 1.12473583 0.0408556
v 0.60962647 1.12551927 0.0396468
v -0.76135343 0.94806379 -0.01506973
v 0.60666108 1.64379358 -0.04695842
v 0.59557855 1.46705985 -0.03399613
v 0.61220532 1.72814667 0.01697644
v 0.59516978 1.34299314 0.04531609
v -0.75903266 0.94261884 0.03569073
v 0.60834896 1.29418158 0.03617446
v 0.60830313 1.29401743 0.0359025
v 0.59670704 1.75538635 0.0243627
v 0.59896665 1.75567734 0.02796895
v 0.59482443 1.29495477 -0.03749551
v 0.59489929 1.16694319 0.03556707
v 0.59699279 1.75793695 0.02721519
v 0.59655368 1.75661599 0.02675567
v 0.59701716 1.75545251 0.02460308
v 0.60561025 1.20577061 0.01339225
v 0.59933447 1.7576996 0.02714165
v 0.59571045 1.46777617 -0.03293855
v 0.59259331 1.14562714 0.04832827
v -0.76037854 0.94820809 0.02583227
v 0.59479165 1.16602861 0.03622046
v 0.60113042 1.67109036 -0.0320881
v -0.76138776 0.94556129 -0.01455299
v 0.60682117 1.64113271 -0.04763931
v 0.6150127 1.72788798 -0.01957333
v -0.77659261 0.94441294 0.03759174
v 0.59532481 1.47692585 -0.03620307
v -0.76128006 0.94553399 -0.01611437
v -0.76061445 0.94464016 0.03463507
v 0.5935052 1.12322247 0.03948804
v 0.59891903 1.66748249 -0.03220113
v 0.60008156 1.66888093 -0.03135096
v -0.76087462 0.95004177 0.02653471
v 0.5938273 1.34393155 0.04506598
v 0.60637277 1.64228415 -0.04687019
v 0.60687452 1.64654183 -0.04681561
v 0.59484106 1.2956649 -0.03737139
v 0.59491229 1.29569649 -0.03679455
v 0.59731918 1.16728353 0.03640382
v 0.59264904 1.12182533 0.04404033
v 0.59797811 1.75783097 0.02749825
v 0.60671699 1.63295102 -0.04862644
v -0.7607854 0.95820909 0.02102641
v -0.75960546 0.9451006 0.03222757
v 0.61405837 1.73611259 0.02515665
v 0.61334204 1.73614585 0.02635645
v 0.60653919 1.64384937 -0.04639442
v 0.59274017 1.12011861 0.0432992
v 0.61190569 1.72730505 0.01762845
v 0.60995507 1.12470912 0.04109133
v -0.76154476 0.95904493 0.01036671
v 0.5933417 1.12271869 0.03971837
v 0.60645598 1.67095851 -0.03569955
v 0.598378 1.66740596 -0.03123545
v 0.61986696 1.74489414 0.02782098
v 0.59399968 1.34335339 0.0440449
v -0.75965595 0.94321394 0.03587651
v 0.59246307 1.12014281 0.04506025
v 0.61270952 1.72844839 0.01732603
v 0.60971659 1.12474155 0.04018704
v 0.60913467 1.12520086 0.04077525
v -0.75902801 0.94300574 0.03628965
v 0.59472066 1.16591012 0.03684172
v 0.61020171 1.72510814 0.02054024
v 0.60882848 1.12471687 0.04109206
v 0.60076749 1.66970849 -0.02994372
v 0.61652845 1.72817659 -0.01790018
v 0.61048042 1.72536695 0.01953579
v 0.5947895 1.29553878 -0.03775483
v -0.76019984 0.94946301 0.02712189
v 0.61076343 1.72969698 0.02425424
v 0.6074357 1.66675758 -0.03656038
v 0.59886235 1.75900363 0.02725698
v 0.60206461 1.74698591 0.03231367
v -0.76154321 0.94792997 0.03252288
v 0.59258151 1.11992991 0.04470099
v 0.59973138 1.75684618 0.02854159
v 0.59600961 1.16562962 0.02671059
v -0.75869929 0.94412648 0.03855966
v 0.5974065 1.75845587 0.02714106
v 0.61039161 1.12517762 0.04310669
v 0.59247827 1.14584481 0.04873319
v 0.59384858 1.34316206 0.04502704
v 0.5931245 1.14717137 0.04544943
v 0.61030149 1.73392891 0.02858706
v 0.60710603 1.6394999 -0.04824357
v 0.60614424 1.6733042 -0.03530808
v 0.60673689 1.64495921 -0.0465602
v 0.60703527 1.64754807 -0.04686905
v 0.59558492 1.4699676 -0.03398884
v -0.76025915 0.94993329 0.02665697
v 0.59416538 1.14220726 0.04616891
v -0.76172429 0.9481225 -0.01255029
v 0.59444779 1.34313225 0.0453806
v 0.59526956 1.34329724 0.0449291
v -0.76239883 0.96287888 0.00417087
v 0.60486894 1.62805855 -0.04659631
v 0.61258333 1.7285645 0.01689215
v 0.59709686 1.75567376 0.02530886
v 0.59495836 1.16617751 0.03473421
v 0.60762769 1.66403687 -0.03722486
v 0.60782057 1.66447627 -0.03705776
v 0.6152147 1.7363646 0.02388486
v 0.61271703 1.7366867 0.02827696
v -0.75915867 0.94345986 0.03522719
v 0.60560166 1.79557776 0.01703361
v -0.7620027 0.94536984 -0.0136119
v -0.76031142 0.94981086 0.02624736
v -0.76034194 0.94949972 0.02667354
v 0.61187577 1.72594559 -0.02128967
v 0.61077761 1.12603616 0.04507166
v 0.59271639 1.1193223 0.04374723
v -0.77617418 0.95787811 0.01898784
v -0.75903505 0.94376283 0.0362539
v 0.61230593 1.73590922 0.02807045
v 0.61498439 1.7364422 0.02435557
v 0.6125248 1.72838103 0.01664822
v 0.59479308 1.1660633 0.03621414
v 0.6067785 1.72161698 -0.02287872
v 0.61688393 1.72834515 -0.01750955
v 0.61583179 1.72779476 -0.01834028
v 0.601475 1.67143046 -0.02883529
v -0.76097238 0.94457948 -0.02117439
v 0.59382724 1.34223759 0.04733549
v 0.59353125 1.1220045 0.03828823
v -0.7764061 0.93068605 0.04490313
v 0.59258556 1.12098121 0.0444126
v 0.614856 1.73298788 0.02269112
v -0.75907087 0.94268804 0.03595076
v 0.59276533 1.11674559 0.04531574
v 0.60214728 1.67716634 -0.02725688
v -0.76072323 0.94336986 0.03606816
v -0.76465416 0.94850552 0.02537977
v 0.59349077 1.15579307 0.04567217
v -0.76981043 0.93795841 0.04463033
v 0.60641455 1.71675705 -0.02737146
v -0.76145535 0.95963305 0.0114001
v 0.59479248 1.16603446 0.03621416
v 0.61478847 1.73634445 0.02460164
v 0.61222213 1.72961211 0.02312301
v -0.76045501 0.95020419 0.02634819
v 0.59439873 1.36825847 -0.04292892
v 0.60207241 1.66860294 -0.03711542
v 0.60844385 1.29607307 0.03676405
v 0.61252701 1.73412621 0.02773922
v 0.60264229 1.76668584 0.02619076
v 0.61028194 1.72577381 -0.02279656
v 0.59297204 1.13957989 0.04491736
v 0.6099112 1.72783505 -0.02731895
v 0.5960794 1.17360305 0.02629928
v 0.61257809 1.72821426 0.01711304
v 0.59428143 1.33687472 0.04433386
v -0.75912028 0.94358694 0.0361667
v -0.77640348 0.92531114 0.04749147
v -0.75926685 0.94347059 0.0345303
v -0.76131874 0.94965839 0.02057224
v 0.61280202 1.72855997 0.01702904
v 0.59406369 1.37950038 0.04470796
v 0.59486174 1.16630947 0.03563623
v 0.59488928 1.166404 0.03540404
v -0.76106083 0.95271986 0.02077702
v -0.75887018 0.94284784 0.03780947
v 0.61166399 1.72696125 0.01785147
v 0.59394949 1.11581957 0.03841965
v 0.6094473 1.11451184 0.04012563
v 0.60526216 1.65162885 -0.04459764
v 0.60830056 1.05429875 -0.03073125
v 0.59563851 1.20153701 0.03344535
v 0.59848189 1.53347539 -0.04611519
v -0.77654492 0.93918335 0.04302324
v 0.59903508 1.15998756 0.0468067
v 0.5981791 1.58465266 -0.04476817
v 0.60349744 1.6738801 -0.03133297
v 0.61163574 1.72740495 0.01890826
v -0.53656089 -0.85133326 -0.00679653
v -1.07600784 -0.3192504 0.15618841
v -0.86369103 -0.17639701 -0.31252589
v 0.4222739 -0.81391733 -0.16972602
v -0.25263339 -0.75168883 0.10119164
v 0.99807208 0.43822601 -0.09372872
v -0.77732014 0.96737241 0.00748171
v -0.77636808 0.96036875 0.00405078
v -0.84072178 -0.49924334 0.13016016
v -0.77575808 0.96187186 0.01185308
v -0.10952993 -0.92162859 -0.00317322
v -0.77624136 0.95925259 0.01186439
v -0.77652925 0.96098673 0.01152013
v -0.77634507 0.95986688 0.01187134
v -0.77626806 0.95940423 0.01221163
v -0.77617174 0.95883876 0.01195802
v 0.14691197 2.09602975 -0.0653344
v -0.77639216 0.96012681 0.01287357
v -0.77623182 0.95925349 0.01223487
v -0.77623754 0.95921629 0.01260883
v -0.77603566 0.95922774 0.01249199
v 0.21942238 1.23090684 -0.22622957
v -0.77627497 0.9594438 0.01230359
v -0.77350431 0.95902532 0.00554909
v 0.22167569 2.12424778 0.14366878
v -1.18977975 1.10440647 0.12930515
v -0.66007018 2.00288319 -0.06733301
v -0.47639128 0.82282751 0.23629225
v -0.73923605 0.60968071 -0.19100172
v 0.00147709 2.33236002 -0.14537194
v -0.21186764 2.09348034 0.23335689
v -1.16661191 0.98632651 -0.20727287
v -0.76439273 0.63396626 0.14402106
v -0.04548964 2.29500937 -0.1958
v -0.9859932 1.20639312 -0.10591972
v 1.00512254 0.42249998 0.09344449
v 0.29202753 0.53685349 -0.33764892
v 0.08305768 0.82095539 0.18233774
v -0.77642238 0.92180711 0.0498515
v -0.2882266 1.09511983 -0.17658434
v -0.77651053 0.92249256 0.04982911
v -0.77676433 0.92195838 0.04979126
v -0.93913865 0.38197156 -0.24621699
v 0.68925535 -0.49405065 0.03641249
v -0.7757284 0.93016839 0.04096283
v -0.77239853 0.9325205 0.04795079
v 0.46985471 0.92072451 -0.22023071
v 0.48360067 0.81164324 0.20548425
v -0.76745164 0.92498439 0.04867415
v -0.77585327 0.93066513 0.04152188
v -0.77685368 0.92226749 0.05007047
v -0.77513045 0.93046397 0.04065424
v -0.77588325 0.93096506 0.04146453
v -0.77671146 0.9216054 0.04968863
v -0.77570331 0.93061745 0.040415
v -0.77582597 0.93107789 0.04095045
v 0.82881403 0.73763328 -0.19681167
v -0.77663958 0.92153519 0.04946015
v -0.77581107 0.93056124 0.04140356
v -0.63042628 1.9549607 -0.15975347
v -1.10917258 0.91235142 0.24474358
v -0.14177823 -0.1519057 -0.37689897
v 0.45291513 2.07793712 0.18310168
v 0.34406361 -0.70508968 0.08889523
v -1.13185739 0.6878376 0.23418907
v 0.1485627 2.10214567 -0.05833775
v 0.05755994 2.31139826 0.10995708
v -1.07988691 0.12458267 -0.23813471
v -0.86872118 1.16074359 0.04097168
v 0.86680251 1.85017907 -0.15614487
v -0.34830164 0.28665307 0.25532189
v -0.34041911 1.97387552 -0.09884047
v 0.33969536 1.9035716 -0.25781801
v 0.98034572 1.78875052 -0.01871509
v -0.3873212 -0.81705492 -0.27804401
v -0.57332801 -0.76990342 0.06300624
v -0.56919729 2.03594875 0.11994044
v -1.27502596 0.89340031 0.07630936
v 0.38281229 1.93969309 0.25168904
v 0.43865066 0.73017668 -0.28857582
v 0.01558645 0.86227601 0.1847831
v 0.41551762 -0.79739755 0.00207409
v -0.10902967 0.99776178 0.23315118
v -0.61043852 0.74620026 -0.24023601
v 0.40348309 0.46720549 0.2429984
v -0.76864701 -0.72354298 -0.12950618
v -0.31333214 2.28071546 -0.01609824
v 0.70792645 -0.44424343 -0.19587153
v -1.25033867 0.29867029 -0.04167283
v 0.42499831 -0.6798799 -0.27545911
v -0.30778691 1.82580363 0.15545791
v -0.87009078 1.12970864 -0.10439264
v 0.41901022 2.06180071 -0.20791895
v -0.70993608 1.78412735 0.152681
v -0.34816154 1.88441431 0.17615084
v -0.30904424 2.19267559 -0.13065017
v 0.99580502 0.62331926 0.06580818
v 0.82781434 0.78202629 0.18574473
v -0.59909457 1.79057061 -0.23752464
v 0.13735427 2.11211919 0.0938251
v -0.37939068 1.79659032 -0.2223147
v -0.19496092 1.24394047 -0.24017159
v -0.66346544 -0.65222692 -0.30002096
v 0.9890486 0.99742889 -0.01985863
v -0.81220907 0.55127382 0.18207211
v -0.84995824 -0.65818846 -0.08191137
v 0.5887503 0.98477077 -0.0435707
v 0.92234563 0.73977196 -0.15142527
v -0.00266704 -0.06423442 -0.37263992
v -0.95584088 0.92337328 -0.24590051
v 0.84751057 1.95080471 -0.0665386
v -1.23566007 0.0726482 0.04941984
v -0.60722059 0.58287525 -0.29046642
v 0.25821366 1.15942359 0.24337303
v -0.10619265 -0.95191127 -0.14178666
v -0.91585564 0.55185526 -0.23135852
v -0.42849087 0.66725921 0.22726766
v 0.43591588 2.18730759 -0.08262401
v -0.99653947 -0.40135037 0.15230573
v 0.52916646 -0.417557 0.14254032
v -0.30389177 1.08303904 0.16490823
v 0.74770534 0.12905862 -0.25278329
v 0.32166501 -0.11217604 -0.34523364
v -0.11162512 2.40647888 -0.09174854
v 0.05304285 2.09181261 0.20575726
v 0.10861557 1.02647376 -0.14747208
v -0.53734535 -0.59853494 -0.35321095
v 1.00363802 0.33681049 0.07230237
v -0.12008219 0.91547364 -0.24185609
v -0.98770743 1.16306746 -0.15853193
v 0.027945 -0.8072682 -0.31272277
v -0.26148864 2.35448098 0.01670407
v -0.69034606 0.67144548 0.17068129
v -1.0769391 0.98870629 -0.24350591
v 0.45223233 1.80332517 -0.23114675
v -1.20829594 1.137519 -0.04479776
v -0.02482343 1.25317072 -0.24561229
v -0.3600921 2.02966833 0.00298354
v -0.75634998 0.93132108 -0.05342287
v -0.7574374 0.92348283 0.04599105
v 0.71738147 1.44633591 -0.18914723
v 0.25767827 1.8960154 -0.2441481
v 0.09737586 1.23232078 0.16258485
v 0.0939904 -0.35131534 0.22349004
v 0.10432368 0.92588686 0.14536872
v -0.09784609 2.24305796 -0.228937
v 0.68149936 1.61650741 0.15814045
v -1.10651624 1.10941314 0.18769954
v -0.90505552 -0.58615011 -0.09218823
v -0.80491054 -0.13815328 0.20885345
v -0.28742262 0.87455505 0.15165391
v 0.29357403 2.21965813 0.04837787
v -0.72202932 1.92707335 -0.0154492
v -0.37828761 0.8781867 -0.23541469
v -0.90757161 0.42687231 0.23250961
v 0.4463011 1.16970121 0.23440423
v -0.75952589 0.93411856 -0.03455504
v 0.92698597 1.73262381 0.13575188
v -0.30641472 1.81400597 -0.15700186
v -1.07182431 -0.17068444 0.20800429
v 0.13782249 2.15403056 0.07861787
v 0.93099635 -0.03758902 -0.02894422
v -0.58673507 1.94723403 -0.19118815
v 0.73212671 -0.10687217 -0.24412484
v 0.76171708 -0.42087262 -0.14800125
v 0.71341913 0.78031826 -0.20605452
v 0.14929229 1.89430725 0.1725783
v 0.1817359 0.16724093 0.26217505
v -0.83021813 -0.61650657 0.06975434
v 0.1655374 2.12445831 -0.06387092
v -0.90652233 0.33682698 -0.25131955
v -0.16377599 -0.64122796 -0.3710547
v -0.7598108 0.93371582 -0.0343537
v 0.87094509 1.11631691 -0.18114812
v -0.10840337 2.23777556 0.23070922
v -0.75970548 0.94363474 -0.04093774
v -1.13603186 1.1045773 -0.1762617
v 0.07702714 2.30806303 -0.07876301
v -0.15080148 1.22692883 0.25290381
v 0.15116131 2.10567116 -0.05899353
v 0.34161278 2.22483277 -0.05107828
v -0.75958693 0.93613553 -0.03404967
v -0.59910345 1.75333261 0.23995353
v 0.48798009 1.96978545 0.20266088
v 0.88893294 0.03824708 -0.1686099
v -0.75949335 0.93346774 -0.0348255
v -0.74152505 -0.3001829 -0.33500695
v -0.75986105 0.93106895 -0.03173009
v 0.15055239 2.11074638 -0.04638527
v -0.75958544 0.93547254 -0.03406018
v 0.99343574 1.57250082 0.0414903
v -0.75650596 0.92379802 0.0564637
v 0.02781789 -0.08744911 0.25758987
v -1.24775493 1.0507549 -0.07386214
v -0.74840807 1.84091067 -0.0415748
v 0.1529427 2.10781025 -0.06015539
v 0.70531529 0.82087439 0.17460683
v -0.41231098 2.03313446 0.10519183
v -0.7594785 0.93386149 -0.0349516
v 0.14888472 2.1041727 -0.05535109
v 0.71650391 -0.54406726 -0.08106716
v 0.14885097 2.10361433 -0.05592684
v -1.05459165 -0.33504051 -0.18238106
v -0.56378346 -0.19721491 0.2269593
v -0.759534 0.93389582 -0.03448553
v 0.81912493 0.59872913 0.19218619
v 0.16011647 0.78078371 -0.30489891
v -1.11875832 -0.37328442 0.04414166
v -0.75595766 0.92249405 0.05307321
v 0.15117968 2.10579967 -0.05888637
v -0.75956559 0.93376636 -0.03422072
v -0.7596023 0.93376892 -0.03391235
v 0.84020173 -0.12047282 0.08161131
v -0.75944256 0.93659114 -0.03526334
v -0.75959724 0.93480312 -0.03395839
v 0.15222266 2.10831046 -0.05993535
v -0.75959092 0.93361479 -0.03404614
v -0.7558695 0.92197299 0.05345601
v -0.27938416 -0.9356957 -0.12025947
v -0.75595194 0.92247039 0.053098
v 0.74214053 1.94668841 0.04225489
v -0.75594717 0.92243528 0.05311881
v 0.15267248 2.10771727 -0.05937886
v -0.75603443 0.92296791 0.05273994
v 0.78035891 1.02381873 0.19277851
v -0.08742547 1.25852179 -0.25709876
v -0.7596004 0.93392467 -0.03392874
v 0.45711657 0.81118112 -0.25642192
v -1.00323724 -0.07287489 0.23928178
v -0.56444525 -0.7061221 -0.307758
v -0.47023499 1.74545383 -0.25566819
v -0.75943416 0.93511652 -0.03532845
v -0.68027138 1.0543847 0.18712262
v -0.12416133 2.34733295 0.16513015
v -0.42654946 0.75678211 -0.27374109
v 0.26995083 -0.82634449 -0.25083643
v 0.96877425 0.93704557 -0.08617802
v -0.3371278 0.29652443 -0.35376593
v -0.75980377 0.93425142 -0.03586719
v 0.14834033 2.1054089 -0.05720352
v 0.94633305 0.77172833 0.12232949
v 0.4912852 2.16607689 0.01387064
v -0.92535364 1.0170288 0.21789704
v -0.03523106 2.16755676 -0.24120752
v -0.96409618 0.28442829 0.2518461
v -0.02262568 -0.90506148 -0.23284958
v -1.1704328 -0.27845889 -0.01356933
v -1.27713227 0.98863196 -0.01248823
v -0.46845483 1.07387018 0.25249397
v 0.59254324 -0.68533754 -0.12902474
v -0.70491325 0.70375257 -0.17648193
v -0.45998576 0.59465414 0.22821983
v 0.2757278 1.89324224 0.24944901
v 0.03498226 -0.95094233 -0.13964086
v -0.98620486 1.23684763 0.01536353
v -0.87624692 -0.61825609 0.00828979
v -0.86237031 0.90226012 -0.19610728
v 1.00348269 0.33049309 -0.0668558
v -1.16673469 0.27017283 -0.1933396
v 0.71354162 1.83966374 -0.14511853
v 0.64519375 0.26690405 0.21843636
v -0.49313354 1.9401009 0.21135298
v -0.46669817 2.04815006 -0.11441101
v -0.34506046 2.12326622 -0.08228904
v 0.93360388 1.81201231 -0.12125238
v -0.86980718 0.27893999 0.21697355
v -1.24262785 0.95521283 0.13753612
v -0.91605067 -0.38346293 -0.25893795
v -1.16825032 1.01859831 0.19687824
v 0.24362058 0.74753934 0.22805775
v -0.53039771 -0.59488445 0.15411411
v -1.04697203 -0.43555861 -0.11131998
v -0.21171149 2.09902119 -0.23341682
v 0.40096232 0.56130552 -0.3235901
v 0.8196302 1.42905557 -0.20662605
v -0.00903029 2.10221648 0.2402846
v 0.1900248 -0.92697894 -0.04123755
v -0.17257361 0.79883563 0.19105704
v 0.24316421 2.05830502 -0.20107294
v -0.13240692 2.42142105 0.04583969
v 0.49260956 2.10035038 0.13354237
v 0.33985069 -0.86217755 -0.01884731
v 0.48669636 0.0112887 -0.3200857
v -0.76562821 0.75443291 -0.05875363
v -0.15404036 0.92414444 -0.23425926
v 0.05741326 0.57792639 0.23841218
v 0.34832093 1.15721035 0.25686022
v -0.50983226 1.11089181 0.25644201
v -0.69894784 0.51879632 -0.2796022
v 0.27607399 2.05819439 0.21391782
v 0.90128564 1.87992572 0.08683501
v 0.51978486 -0.69551891 -0.21221581
v -0.79576349 0.59272635 -0.16925007
v -0.21860665 2.3770194 -0.07074198
v -0.75302672 0.20809246 0.20542582
v 0.48988226 -0.31133422 -0.30634629
v 0.12046618 -0.67226618 -0.34233552
v -0.18587866 -0.94882661 -0.06461264
v -0.69059324 1.74865233 -0.17855262
v -0.63363552 -0.73253601 -0.2485392
v -0.07929819 2.41238546 0.07562363
v 0.66377037 0.86101996 -0.16603474
v -0.87118583 0.98815363 -0.1911816
v 0.02758945 2.37370014 -0.05225817
v -0.3325496 2.09198474 0.11569194
v -0.3494035 0.91087943 0.18952545
v -0.84866619 0.60584008 0.19176811
v -1.19645261 0.05787161 0.13741198
v -0.63876861 0.05800854 -0.34228596
v -0.19501186 2.09317612 -0.24044306
v 0.29109263 -0.29754439 0.21642829
v -0.34704417 1.9411906 -0.14070764
v 0.61426401 -0.21250243 0.16720399
v -0.13140216 0.33615872 0.25778707
v 0.68900167 1.90664231 -0.04620818
v -1.10743022 1.22546017 -0.01400199
v 0.80849385 1.83110904 0.15570935
v 0.11927269 1.89476954 0.13194507
v 0.5674622 0.88841044 -0.15979956
v 0.14050835 1.15177965 0.15996478
v 0.5730074 1.68696892 0.1107989
v -1.13811004 0.89145731 -0.23390488
v 0.14183782 2.11903381 -0.07942029
v 0.55182552 0.99160558 0.13322259
v -0.7559086 0.91756248 0.05572373
v 0.05965385 -0.68766409 0.13490113
v 0.81363552 -0.25586676 0.05385921
v 0.72717279 0.4684754 -0.26333189
v -0.26400113 1.06936287 0.19069075
v 0.62969774 1.593598 0.09975037
v 0.70845651 -0.54760801 -0.11382788
v -0.34703889 1.1406691 0.20223338
v 0.47199201 2.11448073 -0.14219147
v 0.06988426 2.09233522 -0.19183456
v 0.0267898 1.1331017 0.21852096
v -0.56254589 -0.85145086 -0.02233431
v -0.02328958 -0.92242765 0.00107948
v -0.70532697 0.71028477 0.15142312
v -0.29191225 2.2301712 0.13649748
v -0.28406781 0.91096949 -0.18488882
v -1.13758873 1.19296026 0.07650177
v -0.55816489 2.0777347 0.03461984
v -0.89474576 -0.20233799 -0.30227455
v 0.92503333 -0.01507944 -0.09648775
v 0.08466646 1.25362551 -0.1772768
v 0.6214717 -0.64634853 -0.01853494
v 0.98191416 1.66439807 -0.08262088
v 0.95262992 1.03063666 0.11539618
v -0.46262419 2.03309083 -0.13357022
v 0.7757914 1.94679606 -0.08427149
v 0.52211892 1.06758451 0.17533263
v 0.78795599 1.72292912 -0.20243629
v 0.49795138 1.64097404 -0.20323216
v -0.04652117 0.78704661 -0.30654296
v 0.40369969 -0.76199978 -0.23810277
v -0.89707225 1.10474062 0.157545
v 0.16604352 1.96697878 -0.1796173
v -0.70334392 -0.43669158 0.17333862
v 0.69365096 -0.52835011 -0.16273848
v -0.20634506 -0.85460013 -0.28038078
v -0.75297808 0.93520236 0.0655946
v -1.03695642 -0.46174499 0.06607654
v 0.55494719 2.0234816 0.09593815
v -0.73287957 1.86682725 0.07565335
v 0.02668876 0.81890958 -0.2911562
v -1.15452468 -0.27425101 -0.10032841
v 0.34509503 1.94390809 -0.25423756
v 0.66171878 -0.22630029 0.1484662
v -1.21694862 0.26349955 -0.13170622
v 0.31246355 0.47395163 -0.33881723
v 0.19013033 2.16500997 -0.02116348
v 0.22264418 -0.86378336 0.02716218
v -0.70093059 0.29480159 0.20840993
v -0.70177251 1.925866 0.0942292
v -1.24857282 0.85687583 -0.13443279
v -0.36609152 -0.52310335 0.19219262
v -0.4140214 1.88027846 0.21882945
v -1.0310812 0.02503983 -0.25138628
v -0.98376315 1.0211023 -0.23582734
v 0.19792728 -0.89994078 -0.19101734
v -0.53357374 1.99383354 0.17499634
v 0.96207094 0.3618533 -0.14048329
v 1.01359963 0.39226234 0.07036516
v -0.85254466 0.20100052 -0.29882654
v -0.8240295 0.75322544 0.15120431
v -1.19304239 0.75984245 0.19601132
v 0.62295752 1.15770185 -0.08182101
v -1.01598787 -0.20057156 0.22088053
v -0.21822832 -0.7635777 -0.33923029
v -0.07073935 1.25695002 0.25553664
v -0.67354273 2.00235438 0.02083363
v 0.9369322 0.5157032 -0.15746367
v 0.82577562 -0.30634108 -0.12709794
v -0.98773217 1.16689038 0.15510368
v -0.41230857 1.78666043 -0.2386396
v -0.15030658 1.2483381 -0.25298118
v 0.4206697 1.13422811 -0.24114237
v -0.20293445 -0.48452156 -0.37948757
v 0.58125811 0.97569513 0.06949086
v -0.30207359 1.81063056 0.16275051
v -0.36948975 1.21002399 -0.21828042
v -0.98691946 0.91249811 0.25424972
v -0.17131915 2.39533591 -0.08683227
v -0.01973496 -0.95745891 -0.06232954
v -0.34135654 1.97684407 0.09662709
v 0.76220297 0.19633778 0.18544456
v 0.10078326 2.28804779 -0.04387055
v -0.74041384 -0.2868143 0.19449432
v -1.07812869 0.77165979 -0.25250873
v -0.45516341 1.90402531 -0.22298727
v -0.05450875 2.28104567 0.20600312
v -0.85730493 1.02019572 -0.1677303
v -0.03426837 -0.4971461 -0.37457472
v 0.37536001 2.14082765 -0.17074357
v -0.9532817 -0.46282163 -0.17787845
v 0.96748393 0.68236595 0.10826134
v -1.14862608 0.06231693 0.19189617
v 0.94312161 0.44771033 0.14150472
v -1.22526741 0.9266451 -0.16537693
v -0.72937935 -0.73703289 -0.16096402
v -1.19253361 -0.20840582 -0.01288122
v -0.2201682 0.73175108 0.20098917
v 0.44776862 1.90067887 0.23466746
v -0.53578698 1.75134778 -0.25597325
v -1.04663598 1.19295287 -0.13200587
v -0.77268433 0.9252929 0.03676949
v -0.32400652 0.22564734 0.25935256
v -0.74260133 0.69849222 -0.12635643
v 0.06383888 0.93673497 -0.19902226
v -0.07951672 0.05162566 0.26451802
v 0.59399908 1.10166621 -0.03119083
v -0.668401 1.06252217 0.19743284
v 0.88404125 1.69821238 0.16871193
v 0.33939763 2.18792724 0.12533253
v -0.29944366 2.29817366 0.04530774
v -1.28176319 0.76647996 0.01866759
v 0.82112067 1.79098391 0.16999565
v -0.69631189 -0.78344756 -0.10824143
v -0.50063836 0.84990114 -0.25398877
v -0.80237561 0.16854006 -0.31551
v -0.65133673 0.64427477 -0.24684278
v 0.06080007 -0.5741738 0.17377342
v -0.6811909 -0.7206307 0.07745498
v -0.03225467 2.35696077 -0.14175458
v -1.25592398 1.05060732 0.04355568
v 0.60029542 0.93235486 -0.02022572
v -0.82298064 0.50184649 -0.22128592
v 0.25297397 -0.61642646 -0.32900756
v -0.82262247 -0.52132046 -0.27226224
v -0.77772879 -0.45631694 -0.31912627
v 0.130502 2.02025008 -0.11070232
v 0.80028224 1.42635273 -0.20810176
v 0.09400056 1.01557683 0.15461726
v 0.62259453 0.89064961 0.09399356
v 0.19027526 1.9733051 -0.19910208
v 0.95825618 1.04710507 -0.10788266
v 0.6850084 -0.56205278 -0.00945838
v 0.83845353 1.65798747 0.19082152
v 0.58774691 1.95479345 -0.01617454
v 0.70103627 1.90074706 0.06619006
v -0.78597271 -0.72659307 -0.018986
v 0.62662971 -0.48006579 0.08354648
v 0.64490664 1.7696799 -0.10289073
v 0.97488236 0.57027292 0.12183859
v -1.09341108 0.10875824 0.23154461
v 0.22849546 1.24759435 0.23133251
v 0.94236326 1.86085367 -0.07026474
v -0.45902216 2.04333782 0.11883003
v -0.10227982 2.09140896 0.25791207
v -0.29915615 2.16049218 -0.15704685
v 0.66813635 0.71917665 -0.23732632
v -1.17563295 -0.16299545 0.10354688
v -0.78046661 -0.62444919 0.09477648
v -0.11611177 2.12410879 -0.25573438
v 0.18513488 0.97720748 -0.22225166
v 0.9227342 1.8882575 -0.07280536
v -0.85251462 0.54780632 -0.20249357
v 0.39141809 2.22338795 0.02297231
v -0.77866542 0.95088934 0.04534079
v -0.61520612 1.86753058 0.21339605
v 0.51987832 2.00577235 -0.15553869
v 0.67223322 1.1316812 0.14864064
v -0.68378603 1.85629904 0.1650484
v 0.19569575 2.06148648 0.16844169
v 0.27781945 -0.90692424 -0.0663446
v -0.84073066 1.1104021 -0.07329041
v 0.29554289 -0.74511015 -0.29105737
v -0.35164591 2.14189457 0.04935285
v -0.33896502 -0.34160664 0.23009944
v -0.00122617 2.25435686 -0.20006761
v 0.85127317 -0.29970452 -0.01883688
v -0.92278039 1.21069586 -0.01400654
v -1.15622651 -0.27750048 0.07172247
v -1.21268296 1.09399008 -0.10586997
v -0.59812694 0.89683145 0.22747644
v 0.15139882 2.11395478 0.04037469
v 0.06974581 0.89514213 0.16000601
v -0.12583439 0.51631099 -0.35220852
v -0.54810041 2.07475566 0.05655064
v 0.1886277 0.87579411 0.2015904
v -0.14124165 -0.22588291 0.24627833
v 0.55590963 1.71126878 -0.14021213
v -0.20961685 0.78900748 0.18587428
v 0.20028881 1.21064555 0.21519665
v -0.19739761 2.27119469 0.19465102
v -0.79352694 1.02041459 -0.04673041
v -0.95978248 1.19479906 0.10965775
v -1.25358271 0.98909753 -0.10635625
v -1.06908893 -0.0889382 -0.23260231
v -0.79799038 0.95053941 0.10651389
v 0.75980174 -0.25614085 -0.21235552
v 0.41845211 1.99161052 0.23291364
v 0.73764598 0.51841306 0.20818232
v 0.970815 0.12096743 -0.02748894
v -0.90039414 1.16023552 0.1054755
v 0.94211006 0.25943198 -0.15257649
v -0.04867136 -0.67820662 -0.35890394
v -0.33721864 -0.66502004 -0.36427417
v -0.88400125 0.22607913 -0.28145569
v 0.42628029 -0.59711408 0.11131649
v -0.62066477 1.7599231 0.23020051
v 0.28259623 2.19753122 -0.09513526
v -0.39149695 0.62727695 -0.31764167
v 0.27242702 -0.51585233 0.16924639
v -0.20302417 2.33260464 0.14720322
v -1.23467469 1.05008947 0.10551365
v 0.12452168 0.50735151 0.24576291
v -0.10183499 2.40698862 0.0905447
v 0.99325639 0.7067182 0.01490722
v -0.26382449 2.33239245 -0.07654197
v 0.64773911 1.80792892 -0.08599952
v 0.33029589 1.38507676 -0.25695255
v -0.0493973 2.39965391 -0.08992157
v 0.58392107 0.77637666 0.18668969
v -0.70844495 1.88881242 -0.11413024
v -0.02376277 2.34545993 0.14905928
v 0.51482754 2.13784408 0.02900183
v 0.78697693 1.00317466 -0.19340813
v -0.5383591 2.04927468 -0.1145944
v 0.02408289 -0.9575321 -0.11292591
v -0.97710645 -0.33040937 0.19126766
v 0.53575962 -0.64516097 0.04577459
v -1.22106432 0.02497303 0.07826829
v 0.66084283 0.62552517 -0.26437586
v -0.33377647 0.91907411 -0.20091268
v -0.86570996 0.99033415 0.18627443
v -0.39999064 -0.78571289 -0.30244824
v -1.10342586 -0.36528584 0.09257211
v 0.93852806 0.26862776 0.11708991
v 0.97804176 0.34555682 -0.11745667
v -1.01687991 1.10754239 -0.20373162
v -0.68364125 1.91549181 -0.133451
v -0.39892739 -0.90749353 -0.05580314
v -1.01712191 1.10638558 0.20443595
v -0.27175211 1.17837488 0.1938025
v 0.11725857 -0.85282576 0.04998188
v 0.60607212 0.96227389 0.02183619
v 0.58724647 -0.31347265 -0.27971977
v -1.27440965 0.85336369 -0.07575363
v -1.09805846 -0.33193206 -0.14688354
v -0.30480369 0.66687101 -0.32025107
v -0.82037156 0.65732318 0.16474098
v 0.95527404 0.54964864 -0.13805837
v -1.01306104 0.01309161 0.24504657
v -0.39754498 0.93756133 0.2207071
v -0.21792696 -0.85375237 0.04651624
v -0.59029322 1.00122427 0.23883549
v -1.10308766 1.19339764 0.10916142
v 0.4485169 2.02524781 -0.21002335
v -1.10427367 0.05274585 -0.22488579
v 0.88804811 1.92488622 0.04313141
v 0.84426933 1.95795929 0.0265217
v 0.43770009 1.15718066 -0.2356127
v 0.54866749 -0.72744369 -0.13381475
v -0.76159477 0.55003434 0.17438902
v 0.27207979 2.1090362 -0.18455353
v 0.31008845 2.16860461 0.14556586
v -0.64119088 1.75453889 -0.21865075
v -0.52873021 -0.82769632 -0.19685708
v 0.89521408 1.06432247 0.16867663
v -0.62112891 1.11954188 -0.22972865
v 0.64944678 0.90450191 -0.13596542
v 0.52509385 2.11566901 -0.04818837
v 0.9063133 1.10271334 -0.16166171
v 0.82220983 -0.36869853 -0.0498484
v 0.73864048 1.84296178 -0.15916973
v 0.51987487 -0.76048255 -0.04852764
v 0.37867438 1.16130423 0.25412622
v 0.09788556 2.29607176 0.03746685
v -0.33404636 0.71983516 0.20886172
v 0.02237343 2.21558594 0.20312666
v -0.86306446 -0.40317744 0.16690769
v -0.53496754 2.07306075 -0.06888296
v 0.90457904 0.3266049 -0.18575149
v 0.15630744 -0.91360199 -0.18576249
v 0.46663695 0.70146435 0.22150749
v 0.28188541 -0.27454111 -0.34656372
v -0.45359179 1.82069003 0.24614396
v 0.48508444 -0.047775 0.22347721
v 0.53035831 1.19918203 -0.17309987
v 0.82410186 0.23558621 0.16699039
v -1.13346099 1.15756309 -0.13297215
v 0.48048979 1.92656326 0.21473605
v -0.62926578 -0.60631084 -0.3329848
v 0.91699957 1.83984756 0.10142569
v 0.13942325 2.06444907 0.09074456
v 0.17710699 -0.36770212 -0.35781326
v 0.82744133 1.95118928 -0.07677076
v 0.27051582 2.19539666 0.09078078
v -0.95518696 1.21132469 -0.07643786
v -1.04715335 1.02242028 0.23936449
v -0.32558822 1.85336411 0.16646662
v 0.77594339 1.80980813 0.16285219
v -0.15119278 0.91081011 0.208589
v -0.20037519 2.4006834 0.03051829
v -0.2469068 2.23437571 -0.18127434
v 0.53901732 -0.64018702 -0.23588205
v 0.07773086 2.19718122 -0.16370117
v -0.21022333 2.30473804 -0.16649125
v -0.73395144 1.74994361 0.11764088
v 0.61842131 0.46717819 -0.29238188
v -0.36325147 -0.20399542 -0.3704659
v 0.44516313 -0.76305085 -0.21033617
v 0.8618192 1.10191655 0.18489857
v -0.16674497 -0.8209545 -0.30983138
v 0.84816175 0.56267494 0.18534557
v -0.67540669 -0.07691289 -0.34164571
v -0.40807029 2.05817627 -0.04251036
v -0.46667015 1.85992765 -0.23979772
v -0.00416214 -0.67530697 0.14249461
v 0.34254041 2.01451349 -0.23944415
v -0.32383656 2.08995175 -0.13191558
v -0.16603021 0.76746225 0.19772455
v -0.76740306 0.71470594 0.08927334
v -0.74881476 -0.5935902 0.11957377
v -0.32694748 1.8829379 -0.1551256
v 0.78311574 1.94408941 0.07122103
v -1.23526978 1.07816183 0.07531313
v 0.52311176 -0.03092964 -0.31139749
v 0.15290954 -0.28740322 0.23082865
v 0.14239777 2.02412605 0.1283147
v -0.83018034 0.0105514 0.21553351
v -0.52421122 1.17603647 -0.25646948
v 0.48695707 0.86049658 0.19877748
v -0.56068825 1.81690943 -0.24551995
v 0.14135138 1.2301377 -0.1617406
v -0.09127052 1.04827356 0.24223664
v 0.11057706 1.23798537 -0.14507278
v 0.10563717 0.44471404 -0.3544394
v -0.80868321 1.07404327 0.01519071
v -0.57673162 1.99459576 0.16084525
v 0.55715781 1.05777359 -0.13177482
v -0.35662531 0.73585021 0.20967423
v -0.73244303 0.99352836 0.11843095
v 0.47274392 -0.80162435 -0.06523037
v -0.46502941 2.08310771 0.02060856
v 0.06916056 2.12843823 0.18973699
v 0.09981637 0.24782508 0.26222249
v 0.56339508 1.16804957 0.1283085
v -0.20063942 -0.9491021 -0.08971501
v 0.57559913 1.21799135 -0.10371115
v 0.61498129 0.7631644 -0.23473864
v -0.26262965 1.15695226 -0.19700537
v -0.74236244 1.75169026 -0.09940047
v 0.19279219 -0.93412905 -0.06589037
v -0.26499459 1.05508446 -0.1900316
v -0.03304523 -0.748205 0.11057756
v -0.57557416 -0.04211684 0.23418225
v -0.98805773 -0.51910704 0.00998353
v 0.70655238 1.13241815 0.17265413
v -0.27263674 0.73839098 -0.30541241
v -1.13288116 -0.17073608 -0.17805893
v -0.80889409 0.75163304 -0.13233907
v -0.03707376 -0.21900297 0.24611908
v 0.20999744 1.93494617 -0.21970145
v -1.21611964 0.02686602 -0.10278001
v 0.65282321 0.9563874 0.1231144
v -0.55535 -0.7741062 -0.2518177
v -0.7788816 0.85847145 0.06055863
v -1.22286319 0.14888198 0.10753399
v -1.10910582 0.98957234 0.23495516
v -0.02078014 0.95542204 0.2120544
v 0.45655649 2.15351915 0.11516001
v 0.00385195 0.9971286 -0.21997804
v 0.21260432 0.16886514 -0.35593617
v -0.13979259 0.22875244 0.26328823
v -1.27153325 0.95210832 -0.07650046
v -0.66455948 0.62924671 0.18916988
v 0.46450924 -0.13194005 -0.32014885
v -0.12989078 1.15664005 -0.25082629
v 1.01585018 0.53489613 0.04146135
v -0.33191812 1.14981639 0.18941915
v -0.89291101 0.8983004 0.21893471
v -0.92612212 -0.57119888 -0.06058849
v -0.84116756 -0.61250233 -0.17730347
v -0.16503928 2.10008144 0.2501412
v -0.52843314 0.43697109 0.22634483
v -0.22383026 2.35497736 0.10325039
v 0.28399235 0.89142268 -0.25563228
v -0.7677356 0.70557451 -0.06488993
v 0.93603795 0.08790643 0.07039273
v 0.26077565 1.23314476 -0.24409075
v 0.47023132 0.6598953 -0.30118566
v 0.91940844 -0.0167427 0.04720357
v -0.77221119 0.77846962 -0.06328865
v 0.82734823 1.76680326 -0.19582617
v -0.77034539 0.3288927 0.19879922
v -0.55857437 -0.6823858 -0.32544711
v 0.24621212 2.15292096 -0.1339616
v 0.22626836 -0.42605963 0.19894303
v -0.49012586 -0.37750423 -0.36309108
v -0.63300192 -0.15460245 0.22029015
v 0.55396193 1.79114759 0.14430953
v 0.65216928 1.85985064 -0.01609554
v 0.3442738 2.01563787 0.23910713
v 0.78973192 -0.39539697 -0.12386476
v -1.01736104 0.91100907 -0.25723928
v -0.2547079 2.09866261 -0.20781633
v 0.74619913 1.65975141 0.18836018
v 0.05348557 1.25233459 -0.20506551
v 0.53260189 2.1118319 0.03063365
v -0.4577012 0.8128004 -0.25730845
v -0.96844756 0.32135641 -0.25131353
v 0.81110119 1.96321737 -0.05591126
v -1.19548106 0.9261415 0.19528271
v 0.67877781 -0.59279638 -0.09565741
v -0.83764129 -0.29936111 0.19345645
v -0.5777561 -0.82558143 0.01217612
v -0.03106613 2.20950388 0.22922691
v -0.30780074 2.24956822 0.09402171
v 0.33131656 2.22930908 -0.02689308
v -1.25978529 0.42582267 0.02079941
v 0.69576841 1.73355305 0.15386821
v 0.9192053 -0.0748975 -0.00018426
v -0.37280178 1.98901081 0.12408158
v -0.94412165 -0.00055103 0.23789739
v -1.23865938 0.07824316 -0.04152867
v 0.56607937 2.04206347 0.01184387
v 0.07558269 0.98502081 0.16397008
v -0.50919175 1.83300912 0.24888216
v -0.39715355 -0.85479009 -0.23052352
v 0.0394229 2.36541748 0.0456271
v 0.71904045 1.68784892 -0.18377235
v -0.10737451 1.16102361 -0.25262412
v -0.83601796 0.95527952 -0.16423904
v 0.40833875 -0.83832687 -0.04821693
v 0.19636341 1.06508386 -0.21327146
v -0.15553697 2.22248315 -0.23006676
v 0.23130975 2.19007682 0.05465801
v -0.62971895 1.87519943 -0.20296779
v 0.14492517 -0.85208356 -0.26670354
v 0.94371354 1.53578233 0.13483913
v -0.18710912 2.26749157 -0.2012204
v -0.23634298 1.18618702 0.2198231
v 0.13806784 -0.79412388 -0.30451485
v -0.5119512 1.04470026 0.25423449
v -1.00997293 -0.25828862 0.20870493
v -0.49869269 -0.88011056 -0.07624132
v -0.03959962 1.25453364 -0.2499309
v -1.07602393 1.23136448 0.04481468
v 0.56063205 0.01289232 0.21625377
v 0.74844414 1.12289691 0.18964462
v -1.07995665 0.37250337 0.24668039
v 0.88778829 -0.13864673 -0.10957542
v -1.16892457 -0.27832591 0.01581046
v -0.29346641 0.48753574 0.24106179
v -1.10654652 1.21019506 -0.0758303
v 0.95956218 1.60700237 0.11237503
v -0.99104726 0.02095984 -0.26531645
v -0.89307951 0.69074505 -0.21928557
v -0.35698112 0.78992116 0.20277077
v -0.66529607 1.86440253 -0.18052116
v -0.92523217 1.20671236 0.04586143
v -0.36293682 -0.51637482 -0.37324702
v 0.80682849 -0.39129149 -0.03077966
v 0.25708273 -0.63245737 0.13459746
v -0.72347909 1.02709114 -0.13562922
v -1.10794365 0.76146554 -0.24450512
v 0.51645064 1.87159812 -0.17923358
v -0.28613436 1.22706842 -0.18008983
v -0.46630069 1.10925495 -0.25290349
v -0.35595101 2.01861143 -0.04651905
v 0.00038302 2.13513207 -0.23383961
v -0.28790855 2.27563548 -0.10721577
v -0.27677539 0.52734106 -0.34045949
v -0.83156698 0.66220361 -0.16535304
v -0.26207771 0.3261452 -0.3567385
v -0.52867889 -0.50328987 -0.36014619
v 0.22407096 0.80081337 0.2218358
v -0.96796757 -0.45006954 0.12937097
v -0.19325587 0.83844739 -0.25868427
v 0.73416882 1.83306193 0.14236216
v -0.95350271 1.01942932 -0.22897231
v -0.07060648 2.09106826 -0.25576493
v 0.61716997 1.74280345 0.03958523
v -0.20213568 -0.9022569 -0.21969944
v -0.8390094 0.98842644 0.15919518
v -1.13577437 1.10593664 0.17564845
v 0.49604651 1.20086169 -0.20446975
v 0.12596763 1.99536132 -0.11954245
v 0.78369665 0.77193915 0.19034797
v 0.61123412 0.78651553 0.17811854
v -0.24952063 2.17081141 0.20170296
v -0.79498356 0.78030484 0.10041959
v 0.21710766 2.15879368 0.09860597
v -0.69605916 0.06047366 0.21646826
v 0.64044857 1.67018747 0.10885434
v 0.59405124 0.67456054 0.21291819
v 0.74176049 -0.34746065 -0.20258055
v 0.54784119 -0.58864975 0.0711691
v 0.46015918 2.19102644 0.02045537
v -0.61918485 2.05023574 0.02995911
v -0.3601244 1.76043498 0.21367439
v -0.22449243 0.02947718 -0.37152171
v 0.0488036 0.71084487 0.21798688
v -1.26522588 0.66697633 0.07615204
v 0.13387 2.14277958 -0.09382154
v 0.05382926 0.70778316 -0.33203285
v -0.73717564 -0.10548583 0.2101347
v 0.81654357 0.29936566 0.17798644
v 0.9955157 1.69242012 0.00189699
v -0.74032557 -0.7656601 -0.04575084
v 0.41109046 2.13784623 0.16164037
v 0.99702471 1.45095479 -0.04587119
v 0.63379806 -0.3523131 0.12791632
v -0.72161716 1.75215029 -0.13885158
v -0.48072207 0.94816833 -0.25187873
v 0.42374825 2.13583731 -0.1575894
v 0.40718025 0.26201972 0.24881111
v 0.73263609 1.62793719 -0.1948333
v -0.56170612 1.92746961 0.2102079
v -0.76107132 0.73712259 0.05313743
v -0.87249404 0.4599789 -0.23166525
v 0.61358147 -0.58181756 -0.21034131
v 0.45297634 0.11949492 0.241479
v -0.05387474 1.26412689 0.25295645
v 0.28433287 2.21489858 -0.05466451
v 0.39487159 1.94061756 -0.24898704
v -0.92224168 0.772264 0.23421976
v 0.70756709 1.93320262 -0.00609631
v -0.32191813 2.19102215 -0.10853293
v 0.76778805 -0.38461011 0.03372686
v -0.71160179 1.9475516 0.01651907
v -0.90152531 -0.52362382 0.0946327
v -0.87116473 0.12480733 -0.30223459
v -0.94743961 -0.53787034 0.04100247
v 0.02129135 1.07254374 -0.21504341
v 0.36757227 0.86625069 0.23612701
v -0.5216481 -0.86602991 -0.11240612
v -0.15619733 1.09899413 0.2428613
v -0.77116066 0.77496111 0.05276319
v -0.72666418 0.50771719 0.18574634
v 0.31044039 -0.63412207 -0.31432065
v -0.95651429 1.22253859 0.04524478
v -0.80495423 -0.45786136 -0.30787998
v 0.04303491 -0.88065183 -0.25671151
v -0.3667441 2.01585364 -0.07738824
v -1.20298266 -0.12482191 -0.07311818
v -0.84279441 -0.53388673 0.11238594
v -0.74096059 0.41588947 -0.29321897
v 0.65989178 1.55815672 -0.1472318
v 0.09744701 2.2767508 0.07725919
v -0.75798773 0.78987693 0.05354628
v -1.02463269 0.39592409 0.25706031
v -1.21545732 0.65726077 0.16807682
v -0.59462904 -0.51864647 0.17120672
v -0.77302104 0.85923981 0.03260235
v -0.2191818 2.23481011 0.20021283
v -1.24567365 0.35575985 -0.07339952
v 0.72361844 0.9337036 0.17544959
v 0.92425662 0.01633927 -0.11549855
v 0.53747183 1.07094466 0.15937024
v -0.05693914 -0.94959497 -0.15345315
v 0.3529866 -0.56522858 -0.31430968
v 0.31681886 -0.88518637 -0.04309032
v -1.08447039 -0.43143495 -0.03976699
v 0.96752369 1.53142571 -0.11817067
v -0.18359172 -0.73201757 -0.35203465
v 0.17850738 -0.77217572 0.08853733
v 0.63186609 0.83621484 0.14836768
v 0.82902807 -0.26646369 -0.14250919
v 0.93964499 1.08840072 -0.13222238
v -0.38026669 -0.15503916 0.24909843
v 0.02529188 -0.41180583 -0.37248382
v -0.64667308 2.02930808 -0.02121669
v -0.74439662 -0.5458731 -0.31255406
v -0.30834537 -0.0259171 0.25935125
v -0.57969838 2.02307343 -0.13028186
v -1.12008941 0.28734329 0.22797274
v -0.84548872 0.43582338 -0.24437575
v -0.03838665 2.31057977 0.18348646
v -0.4955616 0.16128329 0.24604567
v -0.70114725 -0.71407192 -0.21782797
v 0.87414735 1.80296111 0.14992998
v -0.03656837 2.4079535 -0.05955363
v -0.76478487 0.71375495 -0.03592746
v 0.0698671 1.26406276 0.19152995
v 0.44834828 2.05609369 -0.19695089
v -1.19569242 -0.12502056 0.07623744
v -1.19173979 1.16441822 -0.0105628
v 0.66911315 0.28840187 -0.28294959
v 0.83203619 1.12766444 -0.19281806
v -0.44968521 1.87869024 0.23095305
v 0.83614617 0.47947591 -0.22160284
v -0.04625406 2.42062091 -0.00464117
v 0.92274075 1.05305326 0.14862856
v 0.0091405 2.36418533 0.10077863
v -0.47251698 2.08154821 -0.03995615
v 0.80228132 0.45874995 -0.23668396
v 0.01392687 2.38988018 0.02656986
v 0.59896266 0.91174262 0.02633094
v -1.24011266 0.21766771 -0.07266587
v -0.5612427 0.61208093 0.21950103
v -1.23783206 1.09893024 -0.01240219
v 0.8880096 0.83437639 0.16716499
v -0.57396811 1.74875247 0.24838993
v 0.21118433 2.09847736 -0.15682904
v -0.83221626 0.88873159 0.16611628
v -1.04768049 1.16360318 0.16248504
v 1.00650906 0.60439938 0.00538541
v 0.28368747 1.22574889 -0.25038933
v -1.04540658 1.24119937 -0.01306514
v -1.21644425 0.66116744 -0.16643327
v -0.55109536 1.02515542 -0.25054031
v -1.12177455 -0.37607437 -0.0427284
v 0.58184611 1.19291043 -0.08777868
v 0.68518483 1.87072157 -0.09714116
v -0.50106626 0.77226489 -0.26102745
v -0.7950946 0.73001956 -0.10649022
v -0.50734317 1.96872031 -0.19497875
v -1.0160712 1.22612464 -0.07635978
v 0.52753251 -0.30924108 0.17146688
v -0.90081954 1.10368299 -0.16140863
v -1.10751879 -0.37081751 -0.09558596
v 0.16492323 -0.81439459 -0.28986018
v 0.52824062 2.01894426 0.14689753
v 0.10472468 2.20570755 0.1243046
v -0.56550252 1.98279821 -0.17533001
v -0.08508644 0.73388522 -0.32494026
v -0.25205203 0.90454244 -0.19231005
v -0.35159173 0.95877969 -0.20783644
v -0.00029305 -0.77989089 -0.32790935
v 0.25494861 0.82173275 -0.28095659
v 0.30869349 0.90803903 0.23878027
v -0.64346003 0.71904468 -0.22842961
v 0.98050665 1.43930327 -0.09438032
v -0.26270642 2.29933905 0.12174259
v 0.21628265 0.88426911 0.21430286
v 0.93533188 0.32567635 -0.16339807
v -0.74677503 0.55330514 -0.23257944
v -1.14079082 1.0754739 -0.19026231
v -0.35925066 -0.60141551 0.16334508
v -0.13925093 2.42333412 -0.02870507
v -0.41355884 1.97424781 -0.16872268
v 0.67486083 1.74114751 0.13524572
v -1.04720759 1.02236294 -0.23933689
v 0.9313392 1.69229233 -0.15451574
v -0.09982808 2.38076663 -0.13114191
v 0.68737369 1.81115186 0.12069775
v 0.74497711 0.00216942 -0.24732363
v -0.77398359 -0.51340299 0.14039559
v 0.19057531 -0.89484244 0.00674941
v -1.07544362 1.05178165 -0.22548496
v -1.01673686 1.23644876 0.04542987
v -0.65494316 1.95337784 0.13812901
v -0.3984099 -0.75392985 -0.32537037
v 1.01887416 0.45054489 -0.04137955
v 0.20172023 1.99377274 0.20178471
v -1.10041427 -0.24014049 -0.18774816
v -0.24125999 0.9523288 0.18136541
v -0.78196758 0.92029589 -0.06970303
v -0.74244803 1.7508322 0.09921069
v 0.12646886 1.98719811 -0.12146383
v -1.17661047 -0.00921788 -0.16098006
v -1.14260923 -0.01874656 0.18526767
v 0.64385068 1.50330257 -0.12723782
v 0.14559838 0.91046595 0.16883543
v -1.19473207 0.28270474 -0.16478674
v -0.73092705 -0.76394593 -0.10109828
v -1.18054246 -0.24278375 -0.04294309
v 0.15014709 2.15142512 -0.015871
v -0.70061439 0.15025796 0.21412523
v -0.75920063 0.93427825 -0.03757538
v -1.17703175 0.08032526 0.16661897
v 0.1563135 -0.92030561 -0.01587725
v 0.13778145 1.00035059 0.15847434
v 0.98504287 1.75659704 -0.04297545
v -1.1251043 -0.13014005 0.17904277
v -0.585177 0.37500855 -0.32333043
v 0.38990941 2.08499503 -0.20486104
v 0.06257575 2.17319512 -0.18688955
v 0.13005818 0.68076866 -0.33450835
v 0.03354219 2.37499308 -0.02657864
v -1.12778806 -0.23662129 0.14589317
v 0.1216899 -0.90746593 0.00656914
v 0.86542487 -0.03319425 0.08970098
v 0.79223102 -0.37534499 0.01371362
v 1.0181663 0.34314397 0.00787103
v 0.10933024 0.84684884 0.17394353
v -0.39019936 0.95441472 -0.22980651
v 0.59550017 1.59048664 -0.05062743
v -1.28607225 0.88151043 0.01905003
v -0.75946247 0.93179523 -0.03850103
v -0.23777997 2.28339767 0.16029013
v -0.59285128 -0.30264222 0.21213705
v 0.51275914 2.08822464 -0.11378651
v 0.06499967 2.23083519 -0.16219641
v -0.61720109 0.80615556 0.21345448
v 0.28190964 1.14541649 0.25010186
v -0.20008969 1.1518867 -0.23291236
v 0.61058074 1.1497631 -0.04489024
v -0.50984066 1.75913023 -0.25783479
v 0.84349131 1.91454207 -0.11842327
v 0.81175941 1.10710108 0.19549015
v 0.93078476 1.89679312 0.00453816
v 0.38954982 2.22502279 -0.01216844
v 0.11422303 -0.1573106 -0.36725387
v 0.54198366 2.08825254 -0.04057615
v -0.94074273 0.46682426 -0.24305221
v -0.50418877 -0.36046022 0.21500325
v -0.99229967 -0.27774834 -0.24286544
v -1.16385018 0.89930528 0.21984957
v 0.44844025 0.99587941 0.22249041
v 0.61907327 0.94461214 0.06449923
v -0.75927954 0.93502533 -0.03913866
v 0.65177369 0.01323169 0.19419501
v 0.76898986 0.69411248 -0.21802349
v -0.89387834 -0.41553977 -0.26472157
v 0.83656156 1.88515925 0.12414134
v 0.3588393 -0.87438583 -0.0870819
v 0.4283531 2.20085692 0.06012857
v -0.38740873 1.92598593 0.18474423
v 0.47703039 0.3390221 -0.32251286
v 0.55946451 -0.69107633 -0.0006734
v -0.65493112 1.97278916 0.120281
v -1.04977679 -0.35228338 0.15560294
v -0.71132099 1.02406919 0.15212254
v 0.37960836 0.18468461 -0.33863771
v 0.19178395 0.82481688 0.21048007
v 0.39945364 1.8905636 0.25115811
v -0.34299746 2.09024977 0.09272297
v -0.33167025 1.21538913 -0.18969862
v -0.2494696 2.36367344 -0.03423444
v 0.71308863 0.80632311 0.18170581
v 0.63441473 -0.64916169 -0.0853876
v -0.9551599 1.10942518 0.1890245
v 0.29471695 -0.84198582 -0.22290758
v -0.95374167 -0.29842039 0.20368291
v 0.80738866 1.84638309 -0.17348969
v 0.96943587 0.62442958 0.11916664
v -0.38273394 -0.91224885 -0.10650358
v 1.00269842 0.51165789 0.0965041
v 0.64540648 1.02634382 0.11708028
v 0.98849219 0.2936961 -0.0896563
v 0.18585662 1.89632225 0.20603743
v -1.24560761 0.77564251 0.13459448
v -0.75914621 0.92907291 -0.03866859
v 0.54156887 0.32991874 -0.31188091
v -0.23837776 0.76284945 0.19003188
v 0.92052984 0.73182702 0.14967255
v -0.33972132 1.81575179 -0.19102758
v 0.44873702 -0.79953599 -0.02664584
v -0.33027061 1.75009107 -0.19019162
v -0.9263097 -0.12773886 -0.29400977
v -0.98435199 -0.47420576 -0.13455179
v -0.31142544 0.8159697 0.1747962
v 0.26104268 2.01224279 -0.22666975
v 0.86013406 0.78297221 -0.18408583
v 0.38899734 -0.75717389 0.04785108
v 0.34017077 2.20395278 0.10132037
v 0.31978833 -0.88326901 -0.1341128
v 0.39877536 1.8958888 -0.25132477
v -1.26419639 0.64817082 -0.07500893
v 0.38482245 -0.84814554 -0.14563924
v 0.28241443 1.89519679 -0.25124988
v -1.21652746 -0.08712036 0.01828701
v -0.09175518 -0.95799237 -0.06940375
v 0.29388892 -0.77659589 -0.27636805
v 0.09684129 1.146142 -0.15851715
v 0.73518586 -0.51500916 -0.10106375
v -0.17913174 1.21721124 0.24577631
v -0.42138615 1.79422915 0.24150754
v -0.75919318 0.93580144 -0.03733386
v -0.55084717 1.09491181 0.25234085
v -1.24534654 0.76362502 -0.13419804
v -0.75882399 0.93444228 -0.03960454
v 0.9792605 1.01308596 0.06496834
v 0.72678113 1.94678914 -0.01986763
v -0.9244163 1.17929804 -0.10583335
v -0.27323755 2.34151315 -0.0132671
v 0.93348062 0.57592254 0.15233582
v -0.75922089 0.11990547 -0.32548284
v -0.75898879 0.93487936 -0.03866325
v 0.95587021 0.82704329 0.10707386
v -0.39939358 1.12201929 0.23399891
v -1.2350403 1.04940378 -0.10556356
v -0.63956856 1.08264267 0.21828413
v -0.75912839 0.93821758 -0.03786865
v -0.75912684 0.93532353 -0.03786956
v 0.24516321 1.10048961 -0.23618146
v -0.41853219 1.19514703 -0.24197514
v 0.98740458 0.73354202 -0.04459496
v 0.65904653 -0.58214944 -0.16142295
v -0.75068318 0.79198944 0.06943705
v 0.70043981 0.05593082 0.18568904
v -1.16303575 0.84024995 -0.22002275
v -1.10667169 -0.3330217 0.11748441
v 0.98768019 1.68220543 0.04948285
v 0.67722737 -0.14127707 0.15906517
v -0.05369445 2.09265518 0.25316929
v -0.7771359 -0.68417125 0.06032736
v 0.17182533 1.22514212 0.19397236
v -0.77512186 -0.39404413 0.17283254
v 0.69252675 1.70830524 -0.16471897
v 0.90520691 1.74824023 0.14827561
v -1.23710584 0.98789537 0.13598273
v -0.57830274 1.85828459 -0.23167365
v -1.25825643 1.05552554 -0.01049411
v 0.43037077 0.87049913 0.22349423
v 0.99290823 0.61638593 -0.06134549
v -0.75914007 0.93366086 -0.03778599
v 0.55114072 0.79921048 0.18282461
v 0.33703333 -0.50596165 0.16171784
v -0.17381341 2.22345566 0.22467523
v -0.66906046 1.75077056 0.19841609
v -0.60811257 2.03845548 -0.08446554
v -0.23151271 2.35379552 -0.09575431
v 0.30437499 2.16302371 -0.14953115
v -0.79324495 0.66398787 -0.124104
v 0.60480403 0.9290806 -0.02834927
v 0.0040127 0.13226769 0.26491111
v -0.36510431 2.01651096 0.07339073
v -0.98311799 1.02124083 0.23572729
v 0.59874326 0.9547255 -0.00762279
v 0.60212796 0.91123044 -0.04357822
v -0.69884955 1.8184967 0.15961574
v 0.83153885 0.13461992 -0.21679648
v -0.44063803 2.07393002 0.03876319
v -0.75915819 0.93444573 -0.03763946
v -1.27270245 0.66408103 0.04500514
v 0.36048889 2.08485341 0.21001297
v 0.04313293 0.3200621 -0.36086207
v -0.30817836 0.79948306 -0.26797515
v -0.55458456 2.0622313 -0.08453398
v 0.54844367 1.88752961 -0.1405764
v -0.75641733 1.75564622 0.05474888
v -0.14170616 2.27074837 0.21305899
v -0.75904989 0.93349021 -0.04159235
v -1.1866666 -0.07697512 -0.13197122
v -0.84954571 0.34823235 0.20634873
v -1.13722193 1.20998609 -0.01344307
v 0.88365554 -0.12962171 0.04176371
v -0.06384737 2.38312459 0.12269148
v -0.88427901 0.55102604 -0.21573318
v 0.29436454 1.98001122 0.24404136
v 0.84626215 -0.2905375 0.00149962
v -1.13644325 1.17869496 0.10424256
v 0.92707771 0.92491442 0.14103671
v -0.39274856 1.8661834 -0.21343733
v -0.84622603 -0.63263255 0.03914615
v -0.1336694 -0.95179522 -0.0538256
v -0.02495571 0.86050778 0.19628141
v -1.04496908 0.7225914 0.25719112
v 0.62860077 0.91062259 -0.10818663
v -0.45023053 0.19356623 -0.35232123
v 0.44053641 -0.6873731 0.067721
v 0.73218327 0.86315739 0.17891736
v 0.09720641 0.96807545 -0.1601616
v -0.77183377 0.64123195 -0.133863
v 0.32795584 2.0864551 0.20964878
v -1.20364558 -0.15356107 -0.04143385
v 0.45893967 2.16292023 -0.09921971
v 0.11275794 0.98519021 -0.15348306
v -0.75666892 0.90424037 -0.05182984
v 0.87983185 1.75662148 -0.18229754
v -0.27092433 -0.91002482 -0.01441366
v 0.16619478 1.00459528 -0.19227837
v 0.34908562 1.05291605 -0.25194641
v 0.15432043 1.08309137 -0.17362159
v 0.37931367 1.22182893 -0.25387015
v -1.05424571 -0.20349839 -0.2260296
v -0.46592742 0.70632034 0.22989511
v -0.35592177 2.14388346 -0.0061374
v -0.51978784 2.01321268 -0.15963788
v -0.53823763 -0.74468195 0.08295995
v 0.96616721 0.23266427 -0.11985395
v 0.80738395 -0.38405016 -0.09950117
v 0.23518259 -0.8490104 -0.24190603
v -0.86707902 1.16459631 -0.01158576
v 0.61013209 1.20973444 0.04395508
v 0.9654892 0.11409766 0.02906676
v -0.12694248 -0.95737528 -0.09613622
v -1.15801286 0.70282447 0.22031861
v 0.12608496 1.9931308 -0.11932248
v -0.7544474 0.88661384 -0.06185974
v -0.07969825 -0.90182578 -0.23865769
v 0.23754078 2.20106267 0.02408416
v 0.50993228 0.9862141 -0.18904894
v 0.12922789 2.09299135 0.11312834
v 0.75303703 1.93745434 0.06799643
v -0.58401429 -0.80096733 -0.19700561
v 0.56280261 0.91986334 -0.13549126
v -1.16737258 -0.0043324 0.16233767
v -0.47110894 0.72154086 -0.27831658
v -0.303292 1.74864196 0.16165527
v -0.28895196 -0.88643485 -0.22242847
v -0.46571606 0.65720266 -0.30021008
v 0.13233135 2.10094642 -0.10697931
v -0.74777704 1.84803462 0.0332179
v 0.02470289 2.09152531 -0.22431613
v -0.85422259 1.10749435 0.10559693
v 0.12284172 1.96287846 -0.12543508
v 0.12635083 1.99239432 -0.11883654
v -0.66476494 2.00857782 -0.03805157
v -0.54447317 0.82063406 -0.25202485
v -0.77827835 0.89839977 -0.05870511
v -0.19461818 1.02622258 0.21988715
v 0.88382184 -0.20843038 -0.05356645
v -0.72553277 -0.46710497 -0.33288359
v 0.2758862 0.67945128 0.23259934
v 0.70475846 0.61900448 0.20896777
v -0.10847345 2.31032943 -0.19451642
v 0.12604692 1.9919728 -0.11939258
v 0.25661703 2.20975065 -0.03189843
v -1.03975403 0.05235138 0.24437312
v -0.13729557 2.16438031 -0.24839177
v -0.01429652 2.28605461 -0.18971589
v -0.81246346 0.91353529 -0.13824045
v 0.80487024 1.60399639 0.19786854
v -0.10862495 -0.84385514 -0.29526728
v 0.12616863 1.99321103 -0.11916664
v 0.31432113 -0.00896319 -0.34852218
v 0.3177376 2.140769 -0.17283338
v 0.12602599 1.99287676 -0.11943224
v 0.03969523 1.17704212 0.21356961
v 0.12008094 2.00940227 -0.13048358
v 0.59440881 1.02454221 0.0069526
v 0.11936551 2.10021829 -0.13152442
v 0.31552517 0.97444611 -0.25125116
v 0.7537713 1.93886816 -0.08502364
v 0.98886632 0.42149657 0.11186938
v 0.07572633 1.03716337 0.17188245
v -0.34994837 1.95567357 0.13191112
v 0.61922955 1.63442146 -0.07892689
v 0.11284896 2.26200985 0.04915027
v -1.04702937 1.21005201 0.10707514
v 0.00149892 2.15420603 0.23049624
v 0.13257612 1.24929213 0.15080139
v -0.00358989 0.91010612 -0.23491317
v 0.59373641 1.05653202 0.02783238
v 0.99524718 0.2207541 -0.00961649
v -0.92636781 1.15901708 -0.13253697
v 0.11927717 1.90634763 -0.13192215
v 0.74419438 1.91332995 0.09179154
v -0.48433843 2.07056689 0.0789803
v -0.78925323 0.60796731 0.1610852
v 0.05631554 2.33766865 -0.07284626
v 0.08692361 2.12879943 -0.17238
v -0.13316693 0.98197954 -0.23962906
v -0.23134538 -0.44668436 0.21250774
v 0.64412844 0.87315189 0.13177718
v -0.20763863 -0.56212675 0.18177619
v 0.55524051 0.8357225 0.16155906
v -0.98979818 1.07727456 0.21592395
v 0.73419052 1.15686774 -0.18512752
v 0.32991626 2.20092892 -0.10563857
v -0.60611915 -0.83864617 -0.05483838
v -1.07731878 1.10983598 -0.19700762
v -0.05975721 -0.53466492 0.18856866
v -0.89562082 -0.47173208 -0.23327906
v -0.45235407 0.27837881 0.24612227
v 0.52304011 -0.24688866 -0.30303156
v -0.81093031 1.04939699 0.07459958
v 0.68923026 1.16071474 -0.16186431
v -0.78446215 -0.00883068 0.21151007
v 0.88690787 1.57881474 0.17547778
v 0.70547902 0.92004573 -0.17149061
v -0.82261347 0.09762527 0.21308013
v -1.01768434 0.18668657 -0.2526997
v 0.95061183 1.86375629 0.00678271
v 0.74621981 0.9571622 -0.1866721
v 0.00488531 -0.89762949 0.02363602
v 0.52243346 0.73435765 -0.27032831
v -0.90192467 0.71231383 0.22388993
v -0.05038987 1.01601064 0.23244372
v 0.02129626 -0.82567775 0.07205531
v -0.67027533 0.84231764 0.1842979
v -0.53004002 1.90793776 -0.2251314
v -0.07713338 2.36449122 0.14761537
v 0.53082007 0.42180851 -0.31191408
v 0.654881 0.19396139 0.21223425
v -0.77574962 -0.71373444 0.03038917
v 0.37458762 0.03675303 0.24549973
v 0.06774017 -0.0418849 -0.36884722
v 0.60815691 1.09388041 0.02374981
v 0.51865094 -0.11715878 0.20838603
v -0.78443586 0.57308256 0.17040467
v -0.30422261 1.14641308 0.15993547
v 0.62411385 -0.59851312 0.02069594
v 0.02932892 0.87934941 -0.24867031
v -0.78566229 -0.37023317 0.177556
v -1.2083249 1.13745975 0.04536202
v 0.66407829 1.7905898 0.10481157
v 0.66711574 -0.36770919 0.10715092
v -0.70250332 1.05636715 -0.16473516
v -1.03900456 0.59817862 -0.25383243
v -0.31667259 2.26516675 -0.04616591
v -0.77428996 0.74392777 -0.05834936
v -0.77958035 0.73038464 0.08772315
v -0.46469911 -0.47837621 0.19675403
v 0.11960055 1.11478889 0.13095954
v -0.30347445 -0.91648536 -0.16188021
v -0.70154082 0.93577975 0.16071319
v -1.12448132 -0.33977749 -0.09858527
v 0.60327315 1.8089379 -0.01649197
v -0.17355115 2.38203573 0.10824041
v 0.14250208 -0.70951992 -0.33169361
v 0.97439718 0.84103995 0.07105168
v -0.75528103 1.75330281 -0.05948094
v -1.18781852 0.64901071 -0.1950493
v -0.39438259 2.05519914 0.0112031
v 0.19070538 -0.91597491 -0.16548433
v -0.6971063 0.59382116 0.178452
v 0.23604641 -0.91868585 -0.11806896
v -0.82503646 1.10540163 0.01942125
v -1.28322076 0.89195674 -0.04315267
v -0.46984571 -0.6411848 0.13938292
v 0.98762106 0.98926758 0.03131009
v -0.49802985 2.087996 -0.00727006
v -0.27431571 2.26170396 -0.13888032
v 0.86018818 1.93808579 0.05388528
v 0.06484266 2.25558924 0.14831358
v 0.99040985 0.70551759 0.03810047
v 0.24826909 0.79156303 -0.29442912
v 0.41336318 -0.32538148 -0.32202854
v -1.10819578 0.95578777 -0.24104192
v 0.91487008 1.57660996 -0.17339192
v -0.37543404 0.72666454 0.21708552
v -0.8403368 0.6790238 0.17765924
v 0.81446003 1.81101417 -0.18680152
v 0.92986923 1.42833507 -0.15720523
v 0.57866638 0.9524753 -0.08234439
v -0.04005393 1.06242609 0.23692402
v -1.10765421 1.01940381 0.22794817
v -0.85679709 0.7381953 0.18919624
v -0.03467479 1.07240104 -0.23866488
v -0.80336767 1.06246113 -0.01349923
v 0.61283361 -0.4565109 -0.25162673
v 0.87600624 1.52585983 -0.19448284
v -0.72184395 -0.54922449 -0.32041099
v 0.607423 1.60531604 0.04506038
v 0.32205605 2.10739445 -0.19695331
v -0.18030212 2.33420682 -0.15881094
v 0.93690872 1.81685602 0.09462692
v 0.10300058 -0.72924011 0.11519593
v -1.18956875 1.12909901 -0.1035695
v 0.26614385 0.15103836 0.25832369
v 0.64956826 -0.36876884 -0.2494452
v -0.44269254 1.96768987 0.18582752
v -1.1332978 0.08659204 -0.21047411
v -0.39240908 1.98141717 0.14898183
v -0.59780156 0.95166665 -0.23815159
v 0.89363938 1.84403049 -0.14402379
v -0.1476228 2.38166308 0.12180016
v 0.7168166 1.74258685 0.16492103
v 0.96491211 1.69151878 0.09703978
v -0.04615252 2.26806139 -0.21070598
v -0.64685767 0.89942932 -0.21313947
v 0.56340229 0.97075909 0.11242346
v 0.28935626 1.89460873 0.25262725
v 0.58411532 1.54003667 -0.08644285
v 0.18224577 1.15692687 -0.20026125
v -0.47064492 2.01245784 -0.15737855
v 0.24543787 2.08490037 0.18785068
v -0.72445994 -0.76160895 0.01049659
v -0.11443593 -0.22548653 -0.37820118
v -0.00230902 2.37582302 -0.09445998
v 0.61311817 0.97228127 0.04457872
v -1.24161851 0.13230149 0.04873513
v -0.46684792 -0.56976586 -0.36361044
v -0.72319519 0.70291119 -0.1538416
v -0.84089702 1.11060738 0.0732831
v -0.35252469 2.1625607 0.02277101
v 0.82785081 0.51821655 0.19070735
v 0.60388702 1.68457877 0.02635686
v 0.00227949 1.25212264 0.23552061
v -0.77610921 0.82400053 0.04844919
v -0.24153563 -0.92830163 -0.16354762
v 0.59635359 0.9298926 0.02237705
v -1.22330689 0.95515579 -0.16382847
v 0.98241591 1.01867628 -0.05485112
v 0.3418765 0.81100076 0.23428171
v 0.3862631 2.20333242 -0.09167014
v 0.28350427 -0.40431627 0.19758668
v 0.60124689 0.95490497 0.00788664
v -1.19557142 0.92618566 -0.19519633
v 0.50810539 1.97289931 -0.1772008
v -0.87495958 1.07969462 -0.15529918
v -0.84530752 0.37729638 -0.2620714
v -0.59860861 1.95341408 0.18135488
v -0.11171565 0.67317366 0.21994054
v -0.32163116 1.75766682 0.18187139
v 0.74605953 1.8971492 -0.12672168
v -0.2310595 -0.29965749 0.23715485
v -1.06950771 -0.42989799 -0.08533079
v -0.00086174 0.77768021 0.20028547
v 0.76637679 0.77123343 -0.20310859
v -0.81340724 0.06522542 -0.32080525
v 0.58298742 1.79372966 0.08071941
v 0.28639712 -0.88369715 -0.16561156
v -0.98892998 1.1918199 0.12775522
v 0.80763155 0.84334409 0.18898561
v 0.0245685 1.25870716 -0.22411894
v -0.14010314 0.6029855 0.23117034
v -0.92602521 1.13423347 0.1558896
v 0.53803956 0.65607208 -0.28862586
v 0.52602887 -0.75702601 -0.10879993
v 0.47739416 2.17280387 -0.04484238
v -0.50565356 1.14945542 -0.25703352
v 0.67873978 0.35135352 0.21563884
v -0.54456961 2.04241919 0.12192665
v 0.51349496 2.1115973 0.09145897
v 0.65101689 0.07954976 -0.28219524
v 0.69317597 -0.56679433 -0.03170762
v 0.73897725 0.20802512 0.19357204
v -1.24637877 0.35684588 0.07284937
v 0.26182273 1.97588634 0.23621702
v -0.23658892 1.23459577 -0.21967551
v -0.60594445 2.060292 -0.00648103
v -0.41508114 -0.07653719 -0.36486023
v -0.61264121 -0.71403497 -0.27994644
v 0.83949512 -0.3045265 -0.10298207
v -0.4363875 -0.35002666 -0.36722809
v 0.12082333 2.20582151 -0.09169496
v 0.08480116 2.17172288 0.16459626
v -0.90687847 -0.48728713 -0.2098941
v 0.76904791 1.9548757 0.0457187
v -0.93241304 -0.55821204 0.01658899
v 0.62754213 1.80182087 -0.03401885
v -0.52940815 0.80370575 0.23488533
v -0.94647598 -0.55215948 -0.05899911
v -0.50502592 -0.84277606 0.01298394
v 0.13299737 2.22440743 -0.00524829
v 0.88224667 1.94064772 -0.03697383
v -0.59053123 1.90115475 0.21262048
v 0.61653661 0.81372517 0.16115176
v 0.39209348 2.08269286 0.20555542
v 0.27743801 1.98075223 -0.23978442
v -1.0793997 -0.15584716 -0.22014515
v -0.36245831 -0.89187157 -0.01189346
v -0.93530565 -0.14864656 0.22886805
v 0.96326154 1.0379095 0.10026069
v -0.98574543 1.10805797 -0.19879989
v 0.47669097 2.08397078 -0.16189014
v -1.13701522 1.19320654 -0.07678303
v -0.2568387 -0.84808862 -0.27811479
v 0.08267052 -0.71318721 -0.33861997
v -0.93120151 -0.22658962 0.2187855
v 0.33501401 0.6263147 -0.32495048
v 0.96292716 0.70667946 -0.10725624
v -0.42872127 0.85847312 0.22971841
v 0.41110974 0.91257894 -0.24444335
v -0.81098395 0.67257541 -0.14142213
v -0.81170529 -0.21170565 0.20376852
v -0.11149042 2.42648649 -0.03118722
v 0.81142997 1.90272474 0.1165112
v -0.27872696 0.90120059 0.15332736
v -1.18118488 -0.19613632 0.07250227
v -0.30252099 0.88764137 0.1561945
v -0.85905456 0.54383635 0.20279625
v 0.47628882 -0.69403386 0.04760316
v -0.24033288 2.17139577 -0.2076426
v -1.25343477 0.98908704 0.10652612
v -0.2672542 0.83897173 0.15599705
v 0.52161014 1.89585292 0.18382169
v -0.21763567 2.21033072 -0.21034497
v 0.47172719 1.15340566 -0.21843449
v -0.23608958 0.89500743 0.17090331
v -0.64903289 2.02323746 0.04261361
v -0.71338027 -0.58278894 0.13236908
v 0.81035894 0.52944982 -0.22808143
v 0.56422215 1.98840773 0.09482341
v 0.94921666 0.45027604 -0.15134719
v 0.65888291 -0.44373512 -0.23092714
v -0.48515263 1.88344955 0.23469547
v 0.10049431 -0.4550032 0.20201788
v 0.67655599 1.89659333 0.01322834
v -0.4072234 -0.78151416 0.07423118
v -1.14944434 -0.0344682 -0.18528035
v 0.99684494 0.23836845 0.02027334
v -1.20286607 1.02047526 -0.16619038
v 0.02635095 -0.54838174 -0.36714217
v 0.2952032 -0.78012365 0.06342858
v -0.756244 1.79117262 -0.04354633
v -0.31419038 2.18390369 0.12678973
v 0.59912788 0.5040698 0.22655798
v -0.9518069 0.24919392 -0.25588896
v 0.53375762 2.10991835 -0.02066429
v 0.52941584 0.56413871 -0.3046472
v 0.90272748 -0.02447801 -0.13560707
v -0.70976263 1.91608309 -0.08734452
v -1.08805561 -0.03784699 0.22043329
v 0.58240115 0.88362461 0.09769752
v -0.96528905 0.05881033 -0.27224004
v -0.73376494 1.89043951 -0.04377282
v -0.92502903 1.20667684 -0.04566866
v 0.40144327 0.81191861 0.2291205
v 0.59383148 1.05664885 -0.02548832
v -0.12899355 2.33622598 -0.17353202
v -0.59301018 1.13100373 -0.24188055
v -1.01674139 0.91057872 0.25717362
v -0.09936796 0.64586263 -0.33983925
v 0.52840781 0.85027545 -0.21434722
v -1.04814016 1.1640166 -0.16187866
v -1.28094613 0.81746095 -0.04367053
v -0.05069617 -0.93594133 -0.18318247
v 0.90178513 0.02360805 -0.15198953
v -0.94548529 -0.48035347 0.11336036
v -0.2820411 2.19793725 0.16397896
v 0.60667675 1.05924451 -0.01599218
v -0.9288631 0.54300707 0.23898939
v 0.90716499 1.89156234 -0.09260869
v 0.60677582 1.01857495 0.00832658
v -0.66086638 1.79846835 -0.2008018
v 0.18616919 -0.64643967 0.13935589
v -0.10272309 -0.81510824 -0.31464818
v -0.11549309 1.15521347 0.25440472
v 0.35504317 0.42405352 -0.33589911
v -0.73449474 0.64041465 0.14670616
v 0.11488868 -0.14560806 0.25065922
v 0.70728021 1.61824989 0.1749818
v -1.13682889 1.20509922 0.04404214
v 0.69728553 1.87677717 0.08940573
v -0.91476219 0.07575234 0.2333274
v -0.18757173 2.12423372 0.24147996
v -0.22778201 0.8973695 -0.21068169
v 0.89698648 1.56090545 0.17180316
v -0.21692143 2.14109659 0.22719205
v -0.41950401 1.99897587 0.15084803
v 0.72553521 1.12752449 0.18185609
v -0.50539946 1.80179679 -0.25428628
v 0.61597836 1.75090742 0.03043381
v -0.60614675 1.83495426 0.22682838
v 0.09066154 2.31256461 0.00511702
v -1.24556803 0.13037151 0.01954348
v -0.95172673 -0.21222472 -0.27783548
v 0.62563884 -0.26617977 0.15326319
v -0.92252588 0.79910677 -0.23406736
v 0.55398041 1.90924572 0.13807983
v 0.85032206 0.61407542 -0.20187905
v -0.99640315 -0.34181281 -0.21729756
v -0.3877488 -0.21878381 0.24230542
v 0.59560507 -0.65130347 -0.17452296
v -1.27041995 0.95842981 0.07699544
v -1.19705331 1.02004492 0.17212384
v -0.05896803 -0.47572073 0.20326358
v 0.7554472 -0.48062083 -0.03775518
v 0.16356402 2.07963585 -0.11911362
v -0.28774666 1.17500233 0.17856499
v 0.71439755 1.15815568 -0.17669935
v -1.16551065 0.97997427 0.20975352
v 0.66522693 1.15625286 -0.14224067
v -0.41286483 2.03834319 -0.09758332
v 0.65640193 0.95669782 -0.13013418
v -0.00007827 0.64549636 -0.34268504
v 0.8493151 1.02099227 -0.18665772
v 0.43300786 1.96286189 -0.23382261
v 0.67449474 0.88341617 0.1494656
v -1.05297756 0.53864663 0.2549847
v -0.46644023 2.07112956 -0.07068093
v 0.798222 -0.10409768 0.11175987
v -0.80707955 0.30151999 0.20060427
v -1.13918924 -0.34456461 -0.04262517
v -0.82443589 1.05111038 -0.10537164
v -0.01313646 0.4152114 -0.35864433
v -0.15043246 2.18961501 0.2409593
v -0.86133867 0.88709366 0.19561351
v -0.04782374 -0.06424412 0.25990766
v -0.15375347 0.22138285 -0.36604479
v 0.59853565 1.75916254 0.02745927
v 0.31068277 -0.83678197 0.0216875
v -1.07038307 -0.43845552 0.04415777
v -0.11967155 0.1835764 -0.36809667
v -0.11662675 2.0907371 0.25738546
v 0.85023993 1.77444469 0.16854044
v -1.05018293 1.07802188 0.21823293
v 0.42877861 0.96870368 0.22909508
v -0.98640209 0.95463365 -0.25024732
v -0.06678046 -0.88673758 -0.25690496
v -0.65406835 1.83389806 0.19883792
v 0.14133474 0.94259023 -0.20336911
v -0.1431 2.12518239 -0.25272464
v 0.93543076 1.84063327 0.08229236
v -0.46356901 -0.87120568 -0.16406396
v 0.98456996 0.81665283 0.03713788
v 0.00269617 1.14882195 -0.22952641
v -0.42333245 -0.69834536 0.11660241
v 0.77983897 1.7242341 0.18575844
v -0.30746847 0.94840526 -0.18409174
v -0.32590693 2.19128346 0.09966555
v -1.05301892 -0.31922683 0.17094908
v -0.92649781 -0.00841212 -0.29189205
v 0.47964072 2.17248106 0.03958121
v 0.46224421 2.16615891 0.08942738
v 0.42520752 -0.72917556 -0.2506583
v -0.38476172 0.96325105 0.21527883
v 0.24858434 0.73184227 -0.31591346
v 0.6068257 1.61639833 -0.04926119
v -0.13634668 0.77909493 -0.30578336
v -0.25343158 0.34698706 0.25528413
v -0.82292974 -0.27749252 -0.32056677
v -0.80221462 0.63306993 -0.14684338
v 0.00338053 -0.86195421 -0.27756601
v 0.28277111 1.07785058 -0.24697892
v -0.35320121 0.72309494 -0.29911318
v -0.83358615 0.91582912 -0.16688825
v -0.63831037 -0.76049906 0.05995423
v -0.39772445 1.82782423 -0.22634741
v 0.15615567 1.99031972 0.16241121
v 0.98090517 0.61413931 -0.09102215
v -0.90988552 0.4617711 -0.23582278
v 0.1897431 2.15891647 0.0473133
v -0.48079225 2.02547884 0.14651042
v -0.72530704 -0.7336573 0.05040825
v 0.09787518 2.24331474 -0.11113137
v 0.80427461 0.90365022 -0.19280417
v 0.77129966 -0.31866043 -0.18564516
v -1.23164022 0.40593496 0.11867852
v 0.59547501 1.54041922 -0.03883009
v 0.67682653 0.78074258 0.18399897
v 0.06796532 0.84136551 0.17226757
v 0.61626368 1.74576306 0.03158731
v 0.8063035 -0.2471567 -0.17519086
v -0.73186177 1.81291031 -0.1099963
v 0.01502472 2.32479834 0.14223641
v 0.17322266 2.0282526 0.1646237
v -0.61194032 -0.81782937 -0.13715922
v 0.21949061 2.06042981 0.18651114
v -0.00280639 2.18532323 -0.2258647
v -0.49574285 -0.78247189 -0.27225434
v -0.43220537 0.12309003 0.25392743
v 0.14610476 2.1734631 0.02249242
v 0.38697889 2.15822219 0.15191674
v -0.43917447 1.97317361 -0.18074668
v 0.59715038 -0.19524318 -0.28528669
v -0.28039279 0.83787858 0.15544012
v 0.60833638 1.52511858 -0.04560231
v 0.48764351 2.05006885 0.17324304
v 0.63187384 1.70894837 0.08652361
v 0.09794819 2.0998106 0.16232331
v 1.0196768 0.47823017 0.05413925
v 0.67707997 1.8785547 -0.07158278
v 0.34489241 1.89336812 0.25788798
v 0.98994332 1.49446666 0.05894944
v -1.10767364 1.01949775 -0.22792747
v 0.37738171 2.20253348 0.09642835
v -1.1089605 1.0801444 -0.20334567
v -1.21513164 -0.05078997 -0.07252956
v 0.62447673 -0.6064887 -0.18227526
v 0.62133622 1.74495124 0.02649726
v -0.45197561 0.91764199 -0.24917241
v 0.07499225 2.27948904 -0.1164785
v 0.85830801 0.62729901 0.18044778
v -0.72684729 0.5396642 0.17972664
v -0.42731967 1.01272988 -0.24226912
v -1.19592344 0.27725046 0.16421748
v 0.71458298 0.6368193 -0.24615837
v 0.86320209 0.93831622 0.18005801
v 0.6465494 -0.62883812 -0.03748671
v -0.56074607 0.71363276 0.22427542
v 0.39858874 2.01787233 0.23134496
v -1.28555798 0.92471343 0.01680876
v 0.61796397 1.74575698 0.02918765
v -1.12836563 -0.34105446 0.07031531
v 0.50802105 -0.67404431 -0.2365913
v -0.65178585 -0.57615882 -0.3353689
v -0.37444773 1.02801311 -0.21858671
v -0.06282083 2.41305708 -0.06664787
v -1.15772271 0.28273108 0.20279628
v -0.18813955 2.4052 -0.03904978
v -0.04569756 2.15574884 0.24579542
v -0.5004366 1.00015163 -0.25353622
v -0.46137875 -0.66869878 -0.35169494
v -0.02144182 -0.61904352 -0.3656004
v 0.23102188 1.99437892 -0.21878227
v 0.61912351 1.74504411 0.02858515
v -0.18434557 0.53813773 -0.34747394
v -0.46797949 -0.82819336 0.03396263
v 0.62085461 1.74499106 0.02703821
v 0.44501283 -0.15561093 0.21699872
v 0.03731977 -0.95700216 -0.06876955
v 0.77336931 0.04683429 -0.2389957
v 0.62074178 1.74503004 0.02715106
v 0.65802633 0.84628349 0.15154878
v 0.02816912 0.0523076 0.26390314
v 0.60352331 1.69344031 -0.02913245
v 0.68672567 0.91957539 -0.16040593
v -0.74840128 1.81966126 0.06111166
v 0.57489413 1.16407513 0.10608319
v 0.26930895 2.15420532 0.14628095
v 0.7375229 1.75935363 -0.1829968
v -0.27156794 2.09029865 0.19433736
v -0.6644929 1.09879708 -0.20191392
v 0.77366834 -0.45708403 -0.07780227
v 0.62142545 1.7449398 0.02642119
v 0.62121456 1.74496364 0.02667466
v 0.11616938 -0.94995433 -0.08683619
v 0.73242408 1.72551691 0.17447787
v -0.30355215 1.18142676 -0.15961472
v -0.64631235 0.96465158 0.21017675
v -0.67333447 1.76395607 -0.19484591
v 0.98753142 0.33188352 0.09445764
v 0.62954235 1.15874409 -0.09508045
v -0.76640713 -0.61754733 -0.25495114
v 0.04472313 -0.76609307 0.10182407
v 0.61600536 1.74382829 0.02970088
v -0.23324726 0.97447919 -0.20166969
v -0.30782124 0.8617469 -0.22138677
v -0.28265678 0.87445265 -0.20520441
v 0.3688853 2.1397984 0.17251721
v 0.97237354 1.79971671 -0.05442338
v -0.1099717 1.06169712 -0.24631556
v -0.53577858 1.7539761 0.25597077
v 0.6029219 1.67799401 0.02039238
v 0.61460739 1.76836025 0.02613178
v 0.49304565 1.01209545 0.19696515
v -0.19422666 2.39543104 0.06147809
v -0.29453986 -0.76693302 -0.33239647
v 0.15894267 1.89280796 -0.18273562
v 0.59472709 1.04118239 -0.01547304
v -0.36852696 1.85542893 0.20255357
v 0.37905862 1.89399087 -0.2549929
v 0.50415378 0.94718802 0.18552285
v 0.60426366 1.71280872 -0.03204678
v -0.74012786 0.62641459 -0.17353299
v 0.85270762 1.70174813 0.18249109
v 0.34558722 -0.85772758 -0.16526977
v -0.39329725 1.76163482 0.23282748
v -0.51274848 2.08593344 0.02881379
v -1.20293951 -0.01019341 0.1075479
v 0.5988819 1.06605911 0.0034782
v 0.63761144 0.97154331 -0.10363432
v -0.66256856 1.90524601 -0.16368387
v -0.77408856 -0.64922702 -0.21987456
v -1.11288869 -0.39510211 -0.01408204
v 0.38676762 -0.3791961 0.1856344
v -0.35450753 2.01472353 0.0532726
v 0.61395514 1.74010312 0.03117259
v -0.95446717 1.19469571 -0.10668963
v 0.06979689 1.24826037 -0.19156993
v 0.61410337 1.00849676 -0.04896412
v 0.36793163 -0.71140593 -0.28188011
v -0.47068107 1.75068032 0.25571504
v 0.88785749 0.11823376 0.11390703
v -0.8714509 1.07667493 0.15360021
v 0.59193283 0.87250083 0.09970518
v -0.79409217 0.99013054 -0.07889054
v 0.60801887 1.77204322 -0.01571651
v 0.34445753 2.23146104 -0.00288567
v 0.16571146 0.80858904 -0.29240867
v -0.73092764 -0.75214213 -0.13108484
v 0.83564376 0.41677305 -0.22455719
v -0.2628842 0.74338305 0.19583122
v 0.95636898 0.82578104 -0.10829574
v -0.99274408 -0.50793552 0.03899661
v 0.61748379 1.68941664 0.06038046
v -1.00212597 -0.35956829 0.17292413
v 0.9577586 0.09135218 -0.06463035
v 0.97860211 0.17060673 -0.05261225
v 0.97968161 0.68091309 -0.07866353
v 0.6172409 1.75040411 0.03043729
v 0.33827826 1.09145665 0.2530297
v -0.21822895 2.39228367 0.00243134
v 0.53940886 -0.51658731 0.10643746
v -1.25515782 0.33643168 -0.01030424
v -0.12155737 0.81568992 0.19835759
v -0.64544212 1.99376153 -0.10730852
v 0.98919647 0.78820604 0.00303238
v 0.52151143 -0.73960346 -0.15991216
v -1.18645095 1.12972509 0.10736475
v -0.35737869 2.09333896 -0.03747118
v 0.6157372 1.75335574 0.02998859
v 0.46322837 1.17327606 0.2258384
v 0.95277273 1.74989497 0.10158659
v 0.61675977 1.75111079 0.03045703
v -0.93657106 -0.35179123 -0.25464621
v -0.27644589 2.15613508 -0.18203079
v 0.20859789 2.16174244 -0.08184018
v 0.0256305 2.30166745 -0.15389834
v 0.49417951 0.60390633 0.22828838
v -0.31390693 -0.70880848 0.11863228
v 0.16861477 1.04689371 -0.18704493
v 0.12592724 1.99040806 0.11978545
v -0.15646068 1.13222634 -0.24508197
v 0.99014538 0.98221874 -0.00124228
v 0.20315431 2.11577534 -0.13442981
v 0.14423611 0.56715291 -0.34740877
v 0.21469473 2.1830306 -0.03690881
v 0.13511021 1.0115627 -0.16150058
v 0.44640499 0.90607637 -0.23333865
v 0.41438916 0.09938393 -0.33399051
v 0.91614025 0.03166751 0.06942189
v 0.17042185 2.09452891 0.11481604
v -0.51652598 -0.8487904 -0.16805076
v 0.05980974 2.17077565 0.18975079
v 0.59713888 1.34706401 0.0215219
v 0.98768675 0.86123186 -0.01943693
v 0.61697536 1.7508279 0.03016686
v 0.97901868 0.80313092 -0.06349144
v -0.15857684 2.41060686 -0.06140939
v 0.61701828 1.75042951 0.03035832
v 0.12112506 2.25469899 -0.01414108
v -0.16474664 1.25461041 -0.24995483
v -0.70347493 1.86556768 0.1360208
v -0.35356396 0.96524888 0.19469249
v -0.2637254 0.86540526 0.15159149
v 0.89793056 -0.14690737 0.00045613
v 0.61721962 1.75055003 0.03036914
v -0.29140207 0.93304562 0.1578755
v -0.5576601 0.71762847 -0.26134815
v -0.46353912 -0.03280812 0.24839612
v 0.93265193 0.98973864 -0.13728939
v 0.57037872 1.55864226 -0.11727871
v -0.91079771 -0.58960855 -0.02477172
v 0.56031084 1.1924324 -0.13286189
v 0.91312843 1.80520117 -0.14522029
v 0.60483652 1.30254364 0.00498945
v 0.95198112 0.6385402 0.13599987
v 0.60573327 1.34758579 0.02110733
v -0.71166169 -0.6587001 0.10232178
v 0.60539829 0.83622407 -0.19354929
v -0.89447563 -0.33650171 0.1899625
v -0.03036826 2.12497639 -0.24578979
v -0.82936888 -0.33468952 0.18553222
v 0.55305755 2.0473783 0.07635612
v 0.07806082 0.91802465 -0.2100602
v -0.3417873 1.97901845 -0.09516054
v -1.06159985 -0.2362962 0.19743628
v 0.87366104 1.94488847 0.01775997
v -0.92366987 0.95571237 -0.23075211
v 0.61743795 1.75038647 0.03012803
v 0.43777883 -0.23881334 0.20498739
v 0.26503479 -0.15368878 0.23990048
v -1.0828787 0.62083196 0.25004491
v 0.99161237 0.57982492 0.09592412
v 0.59748727 0.72795605 -0.25354337
v -0.75543159 0.77301245 -0.06271031
v -0.01924738 2.41026926 0.0141655
v -0.89128106 1.01701057 -0.19771783
v 0.24618047 0.08521199 -0.35499173
v 0.05625315 1.04557657 0.18825869
v 0.61616283 1.75115251 0.0311513
v -0.55712431 2.07938098 -0.02585469
v -0.83263796 -0.68347114 -0.05037832
v -0.74699568 0.49415496 -0.26695209
v 0.61292791 1.75049328 0.03005541
v 0.86366349 1.87480425 0.1209014
v 0.5573467 -0.34937825 0.15376783
v -1.24271976 1.08058345 -0.0436551
v -0.209178 0.97775936 -0.21512351
v 0.60618376 1.10782277 -0.01363716
v -0.82834947 0.48093894 0.19517509
v 0.60048598 0.13952735 -0.29763689
v 0.91481739 0.92348438 -0.15302495
v 0.17387092 1.00469529 0.18689248
v 0.60807853 1.10137808 -0.03005584
v -1.24033677 0.466136 -0.10684314
v -0.99014049 0.20320197 -0.25529575
v -0.19416834 -0.37086984 0.22659413
v -1.25375056 0.66879373 -0.1074232
v 0.34439641 2.18341803 -0.13160479
v -0.52243059 0.29010546 0.23642815
v -0.6266967 2.03440022 0.06439537
v 0.8991239 0.76328033 -0.16656629
v 0.62752646 1.7887907 0.03454702
v 0.62422621 -0.62329191 0.00172379
v -0.68730378 1.91652643 0.12773802
v 0.06700389 0.85516178 0.16783197
v 0.43325302 2.17516231 -0.10639523
v -0.05216534 0.96682894 -0.23731686
v 0.76986903 1.58117342 -0.20567017
v -0.73626369 1.83550584 -0.08939931
v 0.84090501 0.41502606 0.18182349
v 0.78408515 -0.41354343 -0.00841298
v 0.0280816 0.95172876 0.18914179
v -0.11702415 -0.7500922 -0.34624329
v -1.05165398 0.23954378 -0.24763625
v -0.12938585 0.53132557 0.24073913
v -1.13941872 -0.23901715 -0.15094485
v 0.90507543 0.37917953 0.15228854
v -0.55474275 1.16408205 -0.25249847
v -0.97757422 -0.51690518 -0.08208158
v -1.11350095 -0.26721787 -0.16735354
v -0.4465675 0.94677627 0.23948805
v 0.44685202 -0.80846113 -0.14918847
v -0.92320728 0.95447117 0.23072913
v -1.2471323 0.20863729 -0.04112912
v -0.92605143 -0.53999495 -0.13076457
v 0.84294772 0.89730256 -0.18660286
v 0.68989002 1.45871865 -0.17315404
v -0.3438282 2.15681433 -0.07169401
v -1.18638467 1.1082592 -0.12975594
v 0.42420819 1.93490386 -0.24160619
v -0.35726267 1.21784973 -0.21036264
v -1.03585028 -0.43156787 0.10643927
v 0.56512057 2.01077795 0.07757971
v 0.33288231 0.40757152 0.24932952
v 0.77750492 1.96969258 -0.01194029
v -0.5301873 0.08429316 0.24239583
v -1.04841017 0.98722332 0.24814343
v -0.85529655 1.10718441 -0.10761795
v 0.52466249 1.6306374 -0.17840665
v -0.72658187 -0.0208915 0.21314184
v -0.32699796 2.23979139 0.04860271
v 0.92111134 0.37887629 -0.17564037
v 0.30231541 2.05469298 -0.22159738
v -0.81306695 1.01739859 0.10674037
v 0.16351881 0.38592222 0.25459167
v -0.83900666 0.1612506 0.21357148
v 0.63315254 1.76693975 -0.07898879
v -0.78782635 -0.27469262 0.19482441
v 0.30092179 2.02338075 -0.23365005
v 0.68058496 -0.45863786 0.06193092
v 0.74615669 0.0255811 0.16338972
v 0.60374087 0.89835238 -0.06935376
v 0.47085291 0.8508746 0.20693846
v -0.76494526 0.65789556 0.13085106
v 1.02022361 0.38794392 0.0453539
v 0.89170676 0.93367826 0.1668073
v -0.06356125 2.31315851 0.18883504
v -0.43960931 -0.58328408 0.16622489
v 0.60872215 1.57157945 0.04959469
v -0.73399055 0.87078404 0.10742654
v -0.27938488 -0.79908603 -0.31545892
v -0.25453808 -0.39640137 -0.37802875
v -0.48468115 -0.5529493 0.1738988
v -0.28757444 0.9614644 -0.17984458
v 0.89894098 0.28156596 0.14105486
v -0.09187473 2.19805884 -0.24307391
v 0.46098536 -0.789415 -0.16498501
v -0.49289476 1.94295275 -0.20978142
v -0.4195618 -0.43102246 -0.36936861
v 0.85164284 1.93219482 -0.09249199
v -0.80748134 -0.63507348 -0.19738426
v 0.6815595 1.85614264 0.08956766
v -0.80292689 -0.5661717 0.11211005
v -0.69427532 1.03799951 0.17282278
v 0.38787072 1.97873902 0.24402241
v 0.60398513 0.91871076 0.02587126
v -0.32559546 -0.92754769 -0.08723636
v 0.60259747 1.84412825 0.00056302
v -0.83191198 0.59142762 0.18410947
v 0.45063418 2.03482341 0.20565497
v -1.22488212 0.88151282 0.16768479
v -0.37976202 1.91674506 -0.18468862
v 0.62533861 1.03139984 0.08338706
v 0.67046076 1.80805492 -0.12191353
v -0.87068486 -0.49868506 0.12291267
v 0.89728492 -0.03869583 0.06349506
v -0.26119723 2.20170283 0.18291243
v -0.2196674 0.64763319 -0.33109617
v -0.22320787 -0.65661484 -0.36909276
v -0.897484 -0.40155595 0.16744521
v 0.48023754 1.83842241 -0.21235229
v -1.19653403 1.05092835 0.15810285
v -0.62771868 0.62310242 -0.26797318
v 0.39858025 0.66332572 0.23012411
v -0.54829937 1.86999797 0.23566642
v -0.53298908 0.67650473 0.22613433
v -1.21953368 1.07877743 0.10804917
v 1.0002954 1.46497726 -0.00797315
v 0.06938789 1.02384448 -0.18060499
v -0.92740684 -0.29981929 0.20298752
v 0.01535637 2.11672711 0.22812421
v 0.19919231 -0.81261813 -0.2833409
v -0.83396929 0.27134448 -0.29347443
v -1.16362345 0.16051904 -0.19237667
v -0.21258583 -0.92265522 -0.18466143
v 0.11217271 2.17902779 -0.12479399
v -0.49243095 2.03754591 -0.13435353
v -0.61896812 1.75952875 -0.23107221
v -0.77657741 0.61186081 -0.15820108
v -1.03082656 -0.48538109 -0.04363056
v -0.80233746 -0.0487141 -0.32537803
v -0.8133912 0.95516294 -0.1338437
v 0.21953339 -0.90631294 -0.01526338
v 0.65539258 1.60710597 0.13477461
v -0.00061052 2.28258228 0.18463902
v -0.12114646 0.13322937 0.26502525
v 0.59761244 0.87726831 -0.14206875
v -0.78045475 0.6752429 0.12705299
v -1.12490236 0.5266574 -0.23179958
v 0.5057466 0.8915826 -0.20727688
v -0.14165341 2.26960539 -0.21360239
v -0.83332049 1.01493752 0.14154273
v -0.26142656 2.31775021 -0.10358641
v -1.26094985 0.81451416 0.10821842
v 0.2612034 -0.72301262 -0.30628266
v 0.58685171 -0.68334823 -0.01873109
v 0.47582724 -0.75745064 -0.00057527
v -0.12123474 -0.47327843 -0.37883555
v 0.50956648 2.10897564 -0.09832099
v -1.15281593 -0.09397306 0.15888927
v 0.7959246 1.91539776 -0.12430066
v -0.71020782 -0.70693332 0.0777851
v -1.20816481 0.09524614 -0.13348887
v 0.94896036 0.13369673 -0.11599423
v -0.28831046 0.14809726 0.26266884
v -0.68496936 0.70755833 -0.19923231
v -0.67763578 -0.37480914 0.1888923
v -0.12007292 0.83970391 -0.26849272
v -1.19096326 0.16255995 -0.16425517
v 0.63874906 0.94929546 0.1040427
v -0.66167664 0.76088941 -0.20906332
v -0.62488418 1.94114995 0.17341591
v -0.09767494 2.42900323 0.00085394
v 0.94266474 0.16364246 -0.13588149
v -1.16375362 0.93372821 0.21810828
v -1.10696017 1.1940602 -0.10586322
v -0.11663919 2.09073948 -0.2573843
v -0.53331965 -0.47308316 0.19021068
v 0.38979998 2.00909566 -0.23592719
v 0.55527871 0.86325222 -0.19251322
v 0.33300989 2.23039269 0.01769558
v -0.42874568 2.07140278 -0.0248185
v 0.28801202 2.22412657 0.00280672
v -0.09495233 2.15916872 0.25157505
v 0.51664805 2.0826683 0.11820746
v -0.67026543 0.95832157 -0.1957589
v -0.43998986 0.09024567 -0.35950979
v -0.98714256 -0.38508778 -0.20181681
v 0.408899 1.06035482 -0.24284476
v -0.41666555 1.94269657 0.19106951
v 0.05230893 -0.60822701 -0.35958048
v 0.4206241 2.17681312 0.11419829
v -0.782449 0.71171361 -0.08450714
v -0.27540123 2.33194661 0.04634865
v -0.71337026 0.88110214 -0.14938928
v 0.14676149 0.95023977 0.16468073
v -0.57103014 1.75372707 -0.24913318
v -1.17252433 1.07896912 -0.16513146
v 0.57447052 1.90586876 -0.08829905
v 0.31063681 -0.56924665 0.14647352
v -0.85895645 0.60636347 -0.19431932
v -0.51240503 1.87366795 -0.23840808
v 0.58092606 1.92988157 -0.06591406
v 0.30400279 0.76750546 0.2319068
v 0.38023257 -0.82672363 -0.18758757
v 0.08487563 -0.89560788 -0.23168303
v 0.31293299 -0.86136877 -0.0006964
v 0.03167058 2.18118 -0.2081837
v -0.44616463 2.06559252 0.07083902
v 0.71420919 0.67113411 0.20305055
v 0.83920657 1.9363532 0.07436113
v 0.49129188 0.96457248 -0.20445194
v -0.79881918 -0.37105643 -0.32166424
v -0.55291652 -0.85984569 -0.04746007
v 0.47955089 -0.5424391 -0.28622514
v 0.97398161 1.50998735 0.09400434
v 0.12005262 2.13109064 0.12616524
v -0.8641017 1.14203107 0.07394294
v 0.91778409 0.82196033 0.14802759
v 0.17033875 2.14508962 0.00125203
v -0.62843757 0.98584711 0.22167398
v -0.88894915 0.58523935 -0.21614229
v -0.18909542 -0.94122916 -0.0443023
v -0.23990878 2.35868382 0.07339173
v -0.68424552 1.88307988 -0.15233998
v -1.06320142 -0.43312564 0.07060089
v 0.93913841 1.83829712 -0.09879273
v -0.7344433 1.89808046 -0.01253044
v -0.67527121 0.75518971 0.17749087
v 0.91093301 1.6654284 -0.17283499
v -0.27596509 0.79694306 0.17368802
v -0.03248407 2.40334487 0.0673895
v 0.2329117 -0.50469249 -0.34345006
v -0.39631655 2.01259684 -0.11964295
v -0.07091091 1.26061463 -0.25555697
v -0.63559925 0.47624597 0.20752334
v 0.98938047 1.44261467 -0.07606486
v -0.81039536 -0.66199725 -0.16184973
v -0.9600774 0.91233837 0.24797208
v 0.490592 2.14195942 -0.08744461
v -0.75789892 1.78650975 0.03664828
v -0.18717847 2.35785651 -0.13184262
v 0.27090722 -0.91088783 -0.09382695
v 0.77954739 1.85774684 0.14205229
v -0.73246079 0.44335177 0.19333075
v 0.90452283 -0.11217419 -0.08285807
v 0.96675211 1.74112534 -0.09901141
v 0.69664031 -0.52504408 0.00846098
v -0.57679086 2.06347703 0.06279791
v 0.87169313 -0.23835982 -0.07319504
v -0.09665856 0.91250127 0.21570898
v -0.66747862 1.96783125 -0.10831788
v -0.98550778 1.10935366 0.19810588
v 0.22308322 1.03022348 0.22107526
v -0.09962088 2.33613586 -0.17547909
v -0.75297176 0.85728079 0.0614972
v 0.23901143 0.89690178 0.22279156
v -0.54866004 2.02583074 -0.14138965
v 0.67510986 -0.47344502 -0.21195419
v -1.04650867 0.95463955 -0.25357389
v 0.57481974 0.92332792 -0.1048055
v 0.22594012 2.0270257 -0.20567433
v 0.83849936 -0.32657408 -0.08178337
v 0.6956641 -0.37136298 -0.22621753
v 0.82935887 1.07484328 0.19316281
v 1.01676046 0.42479646 -0.05123338
v 0.65606015 0.8125875 -0.1996302
v -0.06678435 -0.14641448 0.25380045
v -0.16427411 2.40314483 0.07665904
v 0.48222607 0.16555613 -0.32321175
v -1.1091572 0.80184394 0.2446845
v -0.62157738 2.04767751 -0.03323426
v 0.3801254 1.07678818 -0.24964487
v 0.24679443 2.11855912 -0.16624049
v -1.01988673 -0.07783415 -0.25545314
v 0.76585477 0.91973793 -0.19078716
v -1.21809184 0.26408749 0.13102723
v 0.20126821 0.41618597 -0.34949338
v -0.76021629 0.9154371 0.06459152
v 0.14608135 1.90636813 -0.16895163
v -0.8945809 0.98682141 0.20903384
v -0.17012706 2.33665084 0.16162429
v -0.8955053 1.05022645 0.18784946
v -0.93772357 -0.56237852 -0.02955013
v -0.17792372 -0.95087862 -0.11717731
v 0.87876147 1.07099831 0.17747975
v -0.52653574 -0.29758238 0.22129446
v 0.80903083 1.66573333 -0.20685724
v -0.75419724 0.90643602 0.06071522
v 1.01420712 0.52111417 0.06562266
v -0.84278637 1.05030965 -0.13568407
v -0.75852131 0.80936926 0.05119013
v 0.4564661 -0.48458546 -0.29967171
v 0.73957926 0.25201186 -0.26070299
v -0.96802574 0.40499317 -0.24935558
v 0.84423667 0.70808261 0.18243506
v -0.74374491 0.85804605 0.08640546
v -0.75663977 0.84076803 -0.06324479
v -0.79918813 0.71424949 0.12498906
v -0.29835796 -0.17733319 -0.37389648
v 0.83219599 1.91793441 0.09872617
v -0.10394658 0.87033051 0.20630496
v 0.28238046 0.92301899 0.23588277
v -0.06217134 2.21115732 -0.23659344
v -0.30070394 -0.62674778 -0.37080606
v 0.50679355 2.06386923 0.14614303
v -0.16981296 0.87291592 0.19498883
v 0.30274397 1.89427566 -0.25502455
v -0.32441711 2.12662625 -0.12741926
v -0.25466895 2.0969758 0.20786249
v -1.00496923 0.49331232 -0.25407025
v -0.30208718 2.09311962 -0.16281053
v -0.98256206 0.10217786 0.2480057
v -1.04715192 0.91246593 -0.25707021
v 0.0521826 0.87175959 0.1693243
v -1.02679264 -0.48066318 -0.07062484
v 0.58420133 1.9666289 0.03385902
v -0.27717515 2.31535029 0.07736193
v 0.27258089 0.92674386 -0.24839197
v 0.60627228 1.0606575 0.00233923
v 0.47200772 0.44956132 0.24006615
v -0.57754772 2.00514531 -0.15087033
v -0.07716756 -0.69240748 0.13480751
v -0.33051261 2.23214459 -0.04644842
v 0.02653164 2.32991671 -0.12685874
v -0.54369437 -0.64012759 -0.3450306
v -1.04717433 0.77675783 -0.25665655
v -0.17851321 0.91514772 0.20157231
v 0.21590937 1.90197575 0.22566784
v -0.49411287 0.74823159 0.23257318
v 0.79450237 -0.33812767 -0.15050306
v 0.43627625 0.78154003 0.22158324
v -0.98632055 0.95467454 0.25022605
v 0.93737447 0.67551404 0.14293322
v -0.79793971 -0.69313567 0.03199955
v -1.11744034 0.12678939 0.22026364
v 0.11080204 1.22660815 0.14475399
v 0.24031914 1.90359032 0.23742127
v -1.07838797 1.13772928 -0.17769332
v 0.61087036 -0.67677819 -0.06267542
v -1.13799703 0.32714292 -0.21728198
v -0.76832056 0.52584344 -0.23600696
v -1.10547709 1.16914451 0.13843743
v -0.89808458 0.14671893 -0.28920239
v 0.88861042 -0.15085625 0.02394658
v 0.90374642 -0.10466853 0.02321308
v 0.98729014 0.66001063 0.07490662
v -1.07699489 1.13708579 0.17887495
v -0.77354776 -0.0695393 0.21018336
v 0.52340561 -0.71726775 -0.18657335
v -0.80951207 0.88914281 0.13477383
v -0.98785358 0.89315724 -0.25475233
v -1.14069795 -0.34665641 -0.01331816
v 0.6035611 1.6960144 0.03127097
v 0.05136809 -0.93157231 -0.18312551
v 0.22996312 -0.72543156 0.10222818
v -0.56208914 1.9188106 -0.21449692
v -0.24205082 -0.80450338 0.07437624
v 0.1885833 -0.55070257 -0.34695866
v -1.02888405 0.41082531 -0.25355437
v 0.13647875 -0.93971347 -0.13113111
v 0.16459386 0.77033644 0.21498265
v 0.09618662 -0.84099066 -0.28439351
v -0.5864675 -0.83630263 -0.00698349
v -0.86280798 1.02316343 0.17194944
v 0.61124593 1.77587044 -0.0181565
v 0.63255351 -0.25170221 -0.27018496
v -0.37113434 1.80868661 0.21547801
v -0.7778449 0.97269409 -0.0095663
v -0.06180851 0.73886477 0.20832522
v 0.18397028 2.08478641 0.14092166
v 0.15239189 2.04119491 -0.13273724
v -0.92484217 -0.52914083 0.07592101
v -0.16416883 2.31066536 0.18395756
v -1.25877618 0.45795801 0.04629974
v 0.13064794 -0.19180674 0.24525904
v -0.41743013 1.11598348 0.241204
v -0.98288065 0.52150905 0.25443434
v 0.70629131 1.90796923 -0.08312736
v -1.05017375 -0.27450433 -0.21021458
v -0.94125711 0.44004136 0.24621716
v 0.3920519 0.93669575 0.23719482
v -0.75925457 0.94174349 -0.03702649
v -0.38919764 0.4155589 0.24220331
v -1.21653354 0.42629516 0.14656183
v -0.43938797 -0.82313233 -0.25223356
v 0.48544374 -0.78636199 -0.0467371
v 0.03334157 -0.42072281 0.21235264
v 0.16904561 2.02280712 -0.16314631
v 0.26071068 0.4190348 0.25100496
v 0.96782118 1.78501641 -0.08214415
v 0.12426324 0.88517463 0.16382086
v 0.84631907 1.96470356 -0.0148857
v -0.3354448 1.7592864 0.19468608
v 0.71558111 1.92794072 -0.057177
v -0.66435635 -0.8062458 -0.01950022
v -0.46151086 1.91191113 0.22087125
v 0.00438978 2.39595413 -0.02763772
v -0.31333619 0.91046172 -0.19338628
v 0.59733378 1.20524752 0.01300915
v -1.20325529 -0.15661969 0.01766103
v -0.58851987 0.55945318 -0.30007156
v -1.20159363 0.02941252 -0.13264367
v 0.8228631 0.88472509 -0.19092907
v -0.95462274 1.22669422 -0.01410735
v 0.96649402 1.80870783 0.04498618
v -0.78211921 0.63853269 0.14671866
v -0.21170017 -0.87586998 0.02944216
v -1.09481918 -0.36700499 -0.12138921
v -1.2234894 0.10079514 -0.10414367
v 0.43228864 1.08513248 0.23501512
v 0.45021748 2.14498877 -0.13143117
v -0.76080012 0.94809985 -0.0304183
v -0.57135617 1.97508633 0.17907628
v -1.06108951 -0.39170131 -0.13858826
v -1.05882954 -0.06005736 0.23032471
v -0.53263479 2.02522516 0.14573012
v -0.15839241 2.31569266 -0.18241924
v -0.02981388 0.88548272 -0.24878118
v -0.06396984 2.21782755 0.23473385
v 0.74754381 0.43302235 0.20515438
v 0.01270675 -0.19500994 -0.37360581
v -0.24194437 1.12525272 -0.2090184
v 0.12228529 0.84509289 -0.27415987
v -1.04372358 -0.18596079 0.21634984
v 0.99694818 0.46951961 0.10682568
v 0.54806178 0.89440667 0.14571385
v -0.26757735 -0.87001466 -0.25063166
v -0.4985772 0.02174423 -0.35657078
v -0.07196193 2.2817738 -0.20893441
v 0.09262538 1.121508 0.16503147
v 0.82942622 1.866382 -0.15956808
v -0.0083919 0.27029055 0.26164266
v -0.79832661 -0.71938663 -0.04875659
v -0.76131457 0.95447528 -0.01815372
v -1.01699256 1.05164837 -0.23007524
v 0.5857082 0.91969555 0.06236168
v -0.44526028 1.18083167 -0.24990622
v -0.70915466 0.63234126 -0.20649428
v -0.34173306 0.75145798 0.20353335
v -0.35024085 1.9733119 -0.11473751
v 0.24528761 1.02342319 0.23090189
v 0.64242607 -0.31819716 0.13514113
v 0.982122 0.49717602 -0.11319311
v 0.95994162 0.52880924 0.13612283
v 0.96496361 0.13717572 0.04964107
v -0.75983673 0.94298148 -0.032275
v -1.11816835 -0.01636361 0.20514783
v 0.6344257 -0.07832485 0.18463641
v 0.42885389 1.90205514 0.24237014
v 0.70976722 1.70472836 0.16811029
v 0.92912828 0.5166977 0.15349917
v 0.11059655 0.82057869 0.18540422
v -0.83894038 -0.66249203 -0.10735762
v -0.37313443 2.03574919 0.03849713
v -0.84120255 1.13254213 -0.01244207
v -0.07098058 -0.9521591 -0.04494637
v -0.50877636 -0.79843735 0.05179343
v 0.0468971 -0.94853019 -0.04314759
v -0.76305705 0.94299489 -0.03354545
v -0.76045984 0.94230163 -0.03195779
v -0.55221527 0.96010118 0.24449344
v 0.11926639 2.20827746 0.09352648
v 0.92008894 0.14935404 -0.15714009
v 0.30409804 2.19346833 0.1121006
v -0.59740752 0.10754473 0.23216679
v 0.89222991 0.10169319 -0.17484054
v 0.27253556 0.19147282 -0.35046041
v -0.72698646 0.76414835 0.11685293
v 0.81408029 0.28624683 -0.23299439
v -0.42930507 -0.90214437 -0.08043903
v -0.76136469 0.94242757 -0.0338622
v 0.96110892 0.0812181 0.00167425
v 0.79693281 -0.32814553 0.03660037
v -0.82059896 0.46859321 -0.23865662
v 0.57359218 2.01950883 -0.01521859
v -0.80237537 0.4281919 -0.26624801
v 0.73783701 0.16222505 0.18910166
v -0.21098685 -0.87359708 -0.25855246
v -0.47673362 -0.75205522 -0.30521768
v -0.76026254 0.9449445 -0.02856007
v 0.05456574 0.74312579 -0.32296696
v -0.57728058 0.88902515 -0.24438592
v -0.09616221 2.42527484 0.03966161
v -0.12817211 2.38491511 -0.12359391
v -0.87941807 0.70934164 0.20843567
v -0.48724809 -0.82789683 -0.22342421
v 0.7012797 0.52511811 -0.26698559
v 0.92650139 1.34754347 -0.14721126
v 0.13148717 2.22349739 -0.03077152
v 0.94830197 1.43244767 -0.1392683
v 0.5084629 -0.75629556 -0.02624566
v 0.44555616 2.11227417 -0.16447484
v 0.16334711 1.22730028 -0.18572457
v 0.53705579 -0.35607278 -0.29122147
v 0.65668636 -0.60580235 -0.13792331
v 0.07700314 -0.79009473 -0.31482332
v -0.05370152 2.09219121 -0.25317171
v -0.47606048 -0.69702971 -0.33967298
v -1.01615893 1.22619676 0.07620084
v -0.76150095 0.97326904 -0.01312505
v -0.03998236 0.92415761 0.21122245
v 0.69709026 0.19682899 -0.27268922
v 0.60416644 1.69454884 -0.02794202
v -1.10660362 1.21042215 0.07542512
v -0.00930264 0.82239985 0.19348545
v -0.20899146 2.26735925 -0.19017823
v -1.24297976 0.24611501 0.06719034
v -0.96353423 0.51252895 0.25091317
v -0.68063336 1.97160351 -0.07942879
v 0.58651042 -0.63347053 -0.2007223
v -0.05566909 -0.40177142 -0.37739944
v 0.26730829 -0.37134754 0.20626066
v 0.15391938 1.12306475 0.1746907
v -0.90748941 0.39925634 -0.24239924
v -0.35410943 1.85203242 -0.19309626
v -0.26983127 2.33905339 -0.04439687
v 0.55145239 1.19359266 -0.14643453
v 0.34724682 -0.67755967 -0.29749247
v -0.34206 2.15186333 0.08054884
v 0.53746241 0.80621612 -0.23766543
v 0.6553812 1.6480025 -0.13755224
v -1.26326513 0.89127349 0.1077535
v 0.91883641 -0.07786718 -0.05690649
v 1.0041958 0.29648041 0.04741288
v -0.87654399 0.39869469 -0.2456208
v 0.89620322 0.97546207 -0.16552667
v 0.3818157 -0.57754629 0.12924407
v 0.89286273 1.42276656 -0.18516765
v 0.98852318 1.75360012 0.00130646
v -0.45744088 -0.89412248 -0.05982109
v 0.8949331 1.10368156 -0.16902011
v 0.17130564 1.89479184 0.19432921
v -1.18064272 -0.19087408 -0.10004848
v 0.16804051 -0.94097298 -0.08554527
v -0.30324903 1.75747966 -0.16135112
v -1.01716172 1.23645854 -0.04493424
v -0.87886178 -0.44974821 -0.26216167
v -1.13691556 1.01783096 0.21585327
v 0.7784152 -0.44058844 -0.03259576
v -0.83659625 -0.38853743 -0.30729943
v 0.89693892 1.82044696 0.12885442
v 0.60269659 1.68312072 -0.01991621
v 0.14132162 0.44450414 0.25130832
v 1.00297939 0.4074442 -0.08336348
v 0.49645409 1.17430579 0.20450422
v -0.63593477 1.11997318 -0.22157082
v -0.94712829 -0.42845663 0.1493646
v -0.6769337 1.81311273 -0.1844089
v 0.97730106 0.37046301 0.1132003
v -0.18998768 2.15937829 -0.23580189
v 0.8107143 0.65796619 -0.21191692
v 0.61799132 1.50540959 -0.08508402
v -0.73614406 1.82881736 0.09410063
v -0.77035749 0.12746225 0.2084902
v 0.86558502 -0.26721766 -0.05104637
v 0.568304 1.04641914 0.11015603
v 0.60260838 1.66698765 0.02726989
v -0.0358359 2.3718822 0.12541668
v 0.60179626 1.67052924 0.0269903
v 0.60321688 -0.66183865 -0.15133683
v -0.02178571 2.38679289 0.09436585
v 0.33341372 2.05414652 -0.22511787
v 0.51237607 1.16973257 0.19122068
v -0.99497932 -0.43910017 -0.15754838
v -0.76458007 0.72609055 -0.04374786
v 0.30969071 -0.49018105 -0.33046248
v 0.15551745 0.91237491 -0.23830555
v -0.6167972 0.18636529 -0.33630845
v 0.21332617 2.1860156 -0.00934788
v -0.76136702 0.73574173 -0.0485991
v -0.14481636 -0.68908476 -0.36199954
v 0.77207565 0.59501498 -0.23454354
v -0.18962253 0.75072819 -0.31113919
v 0.46004912 0.85365849 -0.24098095
v 0.23886452 1.23134863 -0.23573176
v 1.02380001 0.45850312 0.00100289
v -1.27628469 0.66770815 -0.01166239
v -0.3372859 2.09155964 -0.10610828
v 0.18996603 -0.16491554 -0.36113783
v -0.5135948 -0.15757393 0.23643533
v -0.68037873 1.96364164 0.09199487
v 0.69169795 1.68773579 0.15958932
v 0.79338133 -0.07335081 -0.22017866
v -0.40131604 -0.89776617 -0.03155349
v 1.01424789 0.52990019 -0.0258269
v 0.18672442 1.89473593 -0.20669224
v 0.62778681 0.85807651 -0.16272735
v -0.89498466 1.17340135 0.07491172
v 0.77434343 -0.03863916 -0.23245136
v 0.60632878 1.7178477 0.03030709
v -0.39657136 1.75835108 -0.23428653
v 0.3192726 -0.0631406 0.24384853
v 0.67946118 0.45224344 -0.2777284
v 0.71355849 0.31217902 -0.27043035
v -0.27543738 0.59422165 -0.33378747
v 0.88295322 -0.10247585 -0.13675595
v 0.58778011 0.19874505 0.22524145
v -1.22535753 0.92365795 0.16564275
v -0.62119889 1.99775707 0.12923078
v -0.22563229 0.82215082 0.17499399
v -0.21290095 -0.0527994 0.26000237
v 0.23074509 -0.78727054 0.07227101
v -0.38994982 -0.62591683 -0.36581921
v -0.23705428 0.85095083 0.1668549
v 0.51506871 2.13813829 -0.02653674
v -0.02555333 1.22685718 0.24583026
v 0.765078 0.94108724 0.18861354
v -0.6602683 0.55898433 0.19613002
v -0.62977671 -0.82557791 -0.07832238
v 0.75530469 1.68639946 -0.19812333
v -1.19999623 1.0806272 -0.13511128
v 0.95199292 1.84708774 0.0419922
v -0.38764542 0.09163698 0.25810918
v -0.3031997 0.62364912 0.22412635
v 0.74101787 0.93151527 0.18218517
v -0.70517981 -0.7874394 -0.04356594
v 0.81401628 -0.36356753 -0.0085073
v -0.79131346 0.5622003 -0.19399115
v -0.0276893 1.01000297 0.22490823
v 0.25350636 0.87053507 0.22698365
v -0.74377125 0.71565938 0.1041058
v 0.76623296 1.92349839 -0.10905053
v -0.81810927 0.56900602 -0.1856274
v -0.60223281 0.49923512 -0.30769068
v 0.57300019 -0.08856371 0.20037545
v -0.73864889 0.66640424 0.13101479
v 0.18264253 -0.00475689 0.25776037
v 0.77435535 1.89561545 -0.13830152
v 0.50339275 0.28822076 0.23940879
v 0.22826188 1.89458155 -0.23196055
v 0.12087842 -0.93925696 -0.04000676
v 0.06122185 -0.86081361 -0.27350899
v -0.00914628 1.06088125 -0.22896546
v -0.67839568 0.83673483 -0.19097834
v 0.60894817 1.72356641 0.02703559
v -1.26559138 0.9885866 -0.07737419
v 0.28822898 0.39724052 -0.34334877
v 0.24978125 2.17033553 0.11534387
v -0.1736564 -0.28671652 -0.37847021
v -1.24618351 0.13143736 -0.01034953
v 0.31408783 2.21839547 0.06460607
v -0.05735709 0.34431049 -0.36164629
v -0.33256813 -0.81603485 0.05962927
v -0.68191927 1.7586869 0.18712285
v 0.6798715 1.88466775 0.05444802
v 0.25713238 0.70274883 -0.32224506
v 0.19603692 2.04175639 -0.17907755
v -0.82667475 -0.56445664 -0.24077056
v 0.53174567 1.90159559 0.17330631
v 0.19005653 0.71078318 -0.32511511
v 0.84409838 1.82384824 0.15312705
v 0.76871877 1.76827514 -0.19152243
v 0.55569499 0.55636239 0.22776667
v -1.23993873 0.06293719 -0.01016229
v -1.16055333 -0.12422648 -0.15889027
v -1.01796567 1.16374504 0.16294609
v -0.19983449 2.3790214 -0.09129361
v -0.92581731 1.10793256 -0.175849
v -0.23734597 1.08341443 0.20970945
v -1.22639548 1.02060651 -0.13818334
v 0.32124584 1.90749549 0.25714638
v 0.0685008 2.34180879 -0.01229892
v 0.02819766 2.17813134 0.21105088
v -0.18857236 1.10297501 0.23414832
v -1.13611912 -0.34246042 0.04362094
v -0.03061443 -0.96020132 -0.11156876
v 0.07090997 2.19634771 0.17156878
v -0.27133867 2.09818244 -0.19453412
v 0.4398089 2.11688685 0.16474929
v -0.37362548 0.84750551 0.20656769
v -0.45572963 -0.88934493 -0.03937029
v -0.77228373 -0.20748159 0.20232708
v 0.54978066 2.01953649 -0.10105378
v -0.80947679 0.76681518 0.12802323
v 0.56696921 -0.45187196 0.11983715
v 0.54459708 1.56652188 -0.15889747
v 0.6072191 1.72141623 0.02332039
v -0.68565005 0.81022787 0.16930894
v -1.19679224 0.88916856 0.19588667
v 0.34166616 -0.28021144 -0.33755648
v 0.13008163 1.22323715 -0.14689438
v 0.19095858 2.13346242 0.09941124
v -0.12270565 -0.94148063 -0.03053816
v -0.44726404 1.75466454 -0.25144907
v 0.11964435 1.21948409 -0.13074855
v -0.7888531 1.017439 0.01777232
v -0.99027735 -0.1869281 0.22657908
v -0.85221874 0.51527613 -0.21321374
v 0.82465899 1.70410025 0.18862797
v 0.59272283 1.11221194 -0.04046753
v 0.71109777 -0.53111028 -0.01502154
v -0.91393339 0.52218496 -0.23178914
v 0.58736777 0.71228563 0.20694109
v -0.98520624 1.22187876 0.07500655
v -0.52042162 0.69612193 -0.27612412
v 0.02107568 0.74237483 0.20920425
v 0.45027339 0.80867141 0.2169457
v -0.15348687 2.42173004 0.01550029
v 0.76610636 -0.4470101 -0.12374463
v 0.96982044 0.27390921 -0.12107674
v -0.16292661 -0.92939651 -0.18354858
v -0.75611239 -0.07672923 -0.33232167
v 0.79779541 -0.41491192 -0.05719373
v -0.67132693 -0.7872492 -0.13523209
v 0.2535347 2.17714214 -0.10779495
v 0.5253182 -0.59107506 -0.26135283
v -0.35604435 1.04839682 -0.20627172
v -0.9820168 -0.49876838 -0.10703925
v -0.63776248 1.92766559 -0.17210619
v 0.54321146 2.05767965 -0.0841927
v 0.19643841 -0.54872226 0.1698513
v -0.09261541 0.75884729 -0.31650713
v -0.89504987 -0.53827232 -0.18079114
v 0.45567968 -0.60473495 -0.28285902
v -0.68090122 -0.44252631 -0.34241923
v -1.07036614 -0.3632093 0.1337545
v -1.07605898 1.22114431 -0.0752655
v -1.13589358 1.04988062 0.20487269
v 0.25992626 -0.87725949 0.00482557
v -0.06534738 2.38227582 -0.1242818
v -1.1620512 1.19298672 -0.0110325
v 0.73506325 1.61795234 0.18723921
v -0.75616431 1.8176788 0.00304914
v -0.25125557 1.03169226 0.19303777
v 0.84079313 1.80478727 -0.18512216
v 0.0870586 -0.93091118 -0.01685622
v 0.01990679 -0.49430578 0.19636645
v 0.78812462 1.14570283 -0.1957518
v 0.60536384 1.5553354 -0.04163735
v -0.7681421 0.71791064 -0.0437322
v 0.77082359 1.92470419 0.09210094
v 0.16292831 0.86448013 0.18868134
v -0.58894783 1.75121438 -0.24357385
v 0.59024661 1.04907476 -0.04327167
v -0.32084649 -0.45361974 0.21101032
v -0.74717444 0.58360052 0.16591212
v -0.72054761 1.8682388 0.10534514
v -0.78649663 -0.43464723 0.1616455
v 0.5986489 -0.58604842 0.04477139
v 0.68069964 0.80551672 0.17450191
v -1.16423034 0.91110134 -0.21950413
v 0.74673026 -0.39179965 -0.18017044
v -1.16200733 1.18847465 0.03888898
v 0.59436184 1.55153822 0.04337814
v -1.06922912 0.56935441 -0.2496667
v 0.78334039 0.65100604 0.19596442
v -0.30073654 2.15460896 0.15607918
v -1.04876244 1.10724246 -0.2034866
v -0.32771796 2.16318965 0.11028597
v -1.05915999 0.42785069 -0.25037702
v 0.36528241 1.98090446 -0.2470103
v -1.08973228 0.4276238 -0.24303923
v -0.34258252 2.20744681 -0.0143647
v -1.27992522 0.95201426 -0.04154743
v -0.01584407 2.25936174 0.20444415
v -0.76525664 0.73767185 0.04893035
v 0.09466889 0.41943341 0.25342491
v -0.24296751 2.23443388 0.1841685
v 0.41136628 -0.80793553 -0.18917122
v -1.18270516 -0.03205588 0.13574004
v -0.13126459 -0.95517176 -0.12183246
v -0.64582043 0.42576885 -0.31129488
v 0.08481552 2.31239152 -0.04879775
v 0.58866852 1.15572226 0.06778908
v -0.61547714 0.66375219 -0.25682634
v -0.77105122 -0.73418289 -0.09908157
v -0.95506674 1.13923442 0.16782553
v -0.88418394 0.0479632 -0.30416595
v -1.21617019 0.07843162 0.10815068
v -0.25466978 1.46773243 -0.20766808
v -0.45472785 -0.89091962 -0.10831219
v 0.09086834 0.21726922 -0.36218184
v 0.53313058 1.06670999 -0.16586594
v -0.44072818 2.0050466 -0.15568766
v 0.94885844 0.05116686 0.02785586
v -0.12139704 2.15476894 0.25158789
v -0.25230845 0.869246 -0.22115762
v 0.92668551 1.54911768 0.15121105
v 0.75401616 -0.35742983 0.05798322
v -0.86783391 0.61121821 0.20364056
v -0.40619549 0.9068461 -0.23888352
v -1.16335618 -0.20552761 -0.12885765
v -0.44836598 1.94949746 -0.19883059
v 0.96333575 1.83774435 -0.02785944
v -0.26770702 0.7219069 0.20248749
v -0.69085139 1.97405207 0.04505353
v -0.92662197 -0.17899711 -0.29153028
v 0.37623882 2.18739295 -0.12130121
v -0.20627011 0.68678271 0.2127147
v -0.58347225 1.82545316 0.2378003
v 0.56950247 1.69694519 0.11959599
v 0.56510543 -0.39022979 -0.27970206
v 0.2560397 -0.86461722 -0.21492335
v -0.61835843 1.08926689 0.22997236
v 0.98498213 0.45246887 -0.11280751
v 0.57721442 1.03763151 0.0896795
v 0.18605947 1.06475555 0.2001089
v 0.00690069 -0.60904282 0.16535933
v -0.65061646 -0.33016738 -0.34640982
v 0.98171865 0.70385205 0.07289242
v -1.26302874 0.89265948 -0.1084028
v 1.02272689 0.39891681 -0.00488316
v -0.35020804 1.80765843 0.20130024
v 0.98810315 0.75894546 0.02706393
v 0.93106848 1.88889336 0.02720765
v -0.31599575 1.87937629 0.14409983
v 0.60485088 0.89895451 0.05537897
v 0.17056322 0.68552327 0.22856509
v 0.65113818 -0.62418812 -0.11437056
v -0.64195102 1.75958573 0.21821846
v 0.37170773 2.22231555 0.05139242
v -0.81423336 0.95673668 0.13443484
v -0.50175392 -0.6821143 0.11902765
v 0.22481674 0.89981639 -0.2509709
v -0.4168629 1.86650586 -0.22425141
v -0.00369713 0.94745242 -0.22455176
v 0.41513338 0.6145367 -0.31676247
v -0.42532318 1.82601428 -0.23767712
v 0.90116334 1.91546332 -0.06228534
v -0.64276874 -0.76882582 -0.19743219
v -0.41919821 2.05548548 0.06975925
v -0.03953286 2.09250783 0.25016894
v -0.22747476 0.02558972 0.26311355
v -0.48624733 1.80500888 0.25313237
v 0.8289594 0.93774443 0.18896542
v 0.70765489 0.28497281 0.20673583
v -0.55820334 -0.74478703 -0.2792783
v 0.82513707 1.96790504 -0.02849316
v -1.19378066 -0.12166272 -0.10247164
v 0.87505787 0.79567313 0.1727525
v -0.73705464 0.99536788 -0.11061836
v 0.29879099 2.14190363 0.16815443
v -0.75782454 0.85511732 0.04043532
v 0.48923751 1.93604576 -0.19900797
v -0.75900501 0.82812982 0.03071954
v 0.69149649 1.78738129 -0.14755988
v 0.90030485 0.71552115 0.16280956
v -0.48810398 2.07861566 -0.05846748
v -1.12884366 0.0049214 -0.20641575
v 0.60145485 1.35876596 -0.04620741
v -1.11657071 -0.11641348 -0.20134641
v -0.97574693 -0.36314788 0.1778427
v 0.51120919 1.19611918 -0.19195097
v -0.98552912 1.22211253 -0.07492012
v 0.46713554 2.11016678 0.15015479
v -1.13415813 1.133924 0.15522606
v -0.05218415 -0.94003671 -0.0213768
v 0.36873057 2.19318342 0.11462243
v 0.60630679 1.70125246 0.03575155
v -0.78510075 -0.65553027 0.07484909
v -0.82659298 0.63689655 -0.16428461
v 0.0398101 2.37079691 0.01657897
v 0.26682841 -0.90231025 -0.14068475
v 0.8032974 -0.11720025 -0.20815607
v 0.41783481 2.21598196 0.00677532
v -0.44175013 0.70631825 -0.28927156
v -0.95638471 1.22246384 -0.04539945
v 0.38102766 0.86035156 -0.25700157
v -0.16661964 -0.54827296 -0.37814831
v -0.31404572 -0.26619687 0.24060478
v -1.15968525 -0.23000365 0.10113905
v -0.30125063 2.27908587 -0.07515773
v 0.6024025 -0.68391203 -0.10281878
v -1.15274238 -0.19665971 0.12842623
v 0.53110259 2.10384202 0.06219304
v 0.03440886 2.32077932 0.12752293
v 0.61287951 1.78205764 0.01132588
v 0.32680019 2.14116048 0.17330782
v 0.05988469 2.13258552 -0.1974758
v 0.97914648 1.7380141 0.05846766
v -0.74742341 1.81469702 -0.06758385
v -0.08022563 0.88420325 0.20912829
v 0.93643289 0.18679291 0.09813597
v -0.65111845 0.52922678 -0.29291138
v -0.92543351 1.01875042 -0.21751609
v 0.74396181 1.95907127 0.00014432
v 0.27802786 2.14032006 -0.16314257
v -1.20559144 0.44002708 0.16285875
v 0.96878141 0.21195067 0.07528319
v 0.511258 1.98693227 0.17836883
v 0.60657644 1.79489421 -0.00520659
v 0.2758148 2.16163659 -0.14121462
v -0.29636865 2.31005859 -0.01426785
v -0.43838015 0.20062328 0.25145173
v 0.17866903 2.06332063 -0.15084703
v 0.18204058 1.92766761 0.20082645
v -0.75130403 -0.47836262 0.1553826
v -0.92560774 1.10794413 0.17597571
v 0.28396865 2.2209711 -0.02770918
v 0.34828206 -0.82106834 -0.21662803
v -0.62333166 -0.66760903 -0.30822393
v 0.71026057 1.80757331 0.14049911
v -0.81840491 0.60985291 0.17363296
v 0.2636196 2.20696473 -0.05627452
v -0.3018341 -0.87919962 0.01378928
v 0.13388198 2.19900703 0.05910727
v 0.30995971 2.05489635 0.22291919
v -0.21979746 0.41814267 0.25017508
v -0.27234178 0.88926994 -0.19263389
v 0.93985456 0.81559628 -0.13091144
v 0.70467633 1.8868798 -0.10539414
v 0.14688012 1.93741262 0.16616778
v 0.39910426 2.1250441 -0.17667077
v -0.78912931 1.01917731 -0.01290255
v -0.95440429 0.98798346 -0.23690855
v 0.61860418 1.78852117 -0.01348879
v -0.35517159 -0.34334459 -0.37278613
v -0.69436138 0.5083543 0.19216997
v -0.7100628 -0.60537087 -0.30416083
v 0.37900447 2.11417031 0.18984587
v 0.43539151 -0.82784009 -0.0725582
v 0.58457607 0.39947032 0.23000419
v -1.02265501 -0.38584178 0.15036295
v 0.59021943 0.91310048 -0.06300783
v -1.03505694 -0.04742324 0.23804113
v -1.0672872 0.06650702 0.23871609
v -0.75043249 1.75274252 0.0775848
v -0.18816889 2.20132851 -0.22689838
v -0.86336535 0.92653477 0.19553795
v 0.60186684 1.78328776 -0.01882194
v 0.4130021 0.2856535 -0.33267083
v -0.36934861 -0.84607231 -0.25207227
v -0.89665561 -0.43346679 0.15316654
v 0.89353549 -0.1768842 -0.02861255
v -0.18172161 0.9861052 -0.22751498
v -0.95608955 0.16845183 -0.26406222
v 0.60420709 1.77346527 -0.0269739
v -0.86503636 1.14192652 -0.07568214
v -0.74422568 -0.75909847 -0.02001956
v -1.16210782 1.18823635 -0.03894339
v 0.75309824 1.96268141 -0.01859537
v -0.98615235 1.23226881 0.0450033
v -0.04520567 0.82505679 -0.28450453
v -0.89576762 1.17368054 -0.07560747
v -0.8241536 1.05038404 0.10503909
v -0.1696266 2.40976548 0.05129801
v 0.94078499 0.95000964 0.12768514
v -0.55306363 0.82816189 0.23339793
v 0.55824786 -0.2466333 0.17671734
v -1.00067341 0.23261371 0.25400257
v 0.05935521 0.79701513 -0.30190506
v -0.86561721 -0.07943896 0.21969923
v -0.98645019 1.23240327 -0.04469532
v 0.76450234 0.16243954 0.18005813
v -0.97615671 -0.0621593 0.23993177
v 0.54807019 1.05614411 0.14409363
v 0.6062529 1.7803595 -0.01783371
v -1.01788151 1.16403055 -0.16248875
v 0.31512349 0.03919081 -0.349164
v -0.8974877 1.19347584 0.01566135
v -0.80147236 0.28421136 -0.30195859
v -0.64251077 0.78798419 0.20008271
v 0.37503823 -0.79683244 0.02534184
v -0.43902981 -0.12952458 0.2455476
v 0.60028928 1.77701461 -0.01904009
v 0.92593377 1.78324973 0.11988735
v -1.10082709 0.31414088 0.23810418
v 0.60754001 0.88703382 -0.11865348
v -1.14937925 -0.30981507 -0.07174054
v 0.72503417 -0.47166624 0.01895803
v 0.5993725 1.77375769 -0.0171279
v 0.0354969 -0.72942698 0.11874472
v 0.59947925 1.77529788 -0.01757396
v -1.13590681 1.17870044 -0.10490525
v -0.68834608 -0.09066254 0.21567018
v 0.12345369 1.06100535 -0.14762479
v 0.84711635 1.58740007 0.19196097
v -1.21797275 -0.08692818 -0.01164417
v -1.17655098 0.46218636 0.19521558
v 0.29146546 -0.88395541 -0.01731167
v -0.77400404 0.82901614 0.04133135
v 0.2615734 2.20677328 0.05488065
v -0.08605496 2.4268279 -0.02225013
v -0.16228161 -0.79120957 -0.3280076
v -0.74853092 0.98358511 -0.0822473
v -1.21680426 1.13305091 -0.01235587
v -0.22376036 1.20039045 0.22721311
v -1.13469779 0.28910234 0.2195093
v -0.51836836 1.91574204 0.22276097
v -0.40616613 0.79056137 0.22183011
v 0.59924894 1.7742753 -0.01762248
v -1.21683669 -0.05452515 0.0489533
v 0.76231074 -0.2835766 0.08021877
v -1.28290724 0.88628196 0.04473161
v -0.41245925 1.04682958 -0.23694092
v -1.23910176 0.06266224 0.01948523
v 0.96042472 0.7478649 0.10647589
v 0.07241764 0.93306016 0.1595785
v -1.08013701 0.89334178 0.25267335
v -0.31249201 0.1823596 -0.36227068
v 0.59921497 1.77358007 -0.01715211
v 0.57719475 0.54214662 -0.29653814
v 0.04423342 2.29095721 0.14522166
v -0.53405749 1.95712971 0.20012249
v 0.65514588 -0.55531191 -0.18709199
v -0.14148822 2.23578381 0.22848461
v 0.72363805 -0.46764573 -0.16747963
v -1.28633856 0.88842654 -0.01253341
v 0.63282311 1.70303738 -0.09744576
v -1.01974296 0.955132 0.25379505
v 0.63848543 1.82512569 0.02180034
v 0.59261691 1.68606817 0.05677536
v 0.60071027 1.77623009 -0.01836297
v 0.22246126 0.54802638 -0.34270677
v -0.21755443 2.28451514 0.17495633
v -1.06577742 -0.45488667 -0.01316218
v 0.20849156 1.95255172 0.21610139
v 0.68423038 0.8437736 -0.18196785
v 0.43343281 -0.30320704 0.19363936
v -0.92380267 1.19422411 0.07760226
v 0.55414283 2.06830644 -0.0171021
v -1.23983597 0.67141312 0.13530002
v -0.92419379 1.1793797 0.10518854
v -0.6662783 -0.62628859 -0.3136259
v -0.73417347 -0.65998202 -0.24490842
v -1.01904463 -0.49794176 -0.01602584
v -0.68926221 -0.57584732 -0.32448059
v -0.95509886 1.16871321 0.13966378
v -0.3350251 2.23117137 0.01634101
v -0.77121889 0.7318294 -0.04702117
v -0.66845983 -0.61869633 0.12780238
v 0.26046872 0.36494138 0.25382545
v 0.60342556 1.77855181 -0.02423732
v -1.18852686 -0.19454634 -0.0727384
v -0.100841 2.32565498 0.1836213
v -1.16022467 1.04887247 -0.19050565
v 0.438129 1.04646301 -0.23226365
v 0.15569271 -0.87715864 0.02858273
v -0.64927953 1.90601003 0.17545892
v -0.10676993 -0.94030392 -0.17082922
v 0.59996461 1.76955461 -0.02657776
v -1.18932533 -0.19492639 0.04608747
v -0.22970299 -0.82711392 -0.30056977
v 0.60200524 1.77032589 -0.02714438
v -0.83400625 0.92183655 0.16673497
v 0.57993954 -0.64546591 0.01906926
v -1.19403255 0.9529134 -0.19312141
v -0.95344233 1.01950168 0.22892323
v 0.76176011 1.89180445 0.11711925
v 0.6014806 1.77161645 -0.02651621
v -0.95406556 0.98863393 0.23668715
v 0.67577403 0.9433828 0.14621475
v -0.80547386 -0.66703707 0.05221224
v -0.8022322 0.69388485 0.13733609
v 0.74464261 0.87589782 -0.18867984
v -0.27481207 2.25710177 0.14115902
v 0.43307685 0.77554035 -0.27400666
v 0.67050582 0.08388611 0.19865001
v 0.92196309 0.1012927 0.08677712
v -0.45460024 0.51493936 -0.32468175
v -0.51026254 2.03797817 0.13435566
v 0.45278826 -0.73374515 -0.23143219
v 0.46438625 1.95574069 0.22029656
v 0.48733758 0.93460065 0.19779653
v -0.6655029 -0.77990722 0.03450219
v -0.55411428 2.06532359 0.0782976
v -1.07610368 1.2313416 -0.04479171
v -1.08456337 -0.25338363 0.17831936
v -1.16288209 1.10512542 0.15632149
v 0.36578577 1.89454853 0.25663548
v -0.94198828 -0.0818935 0.23476462
v -0.15477821 0.86839658 -0.24796211
v 0.9512546 0.10127168 -0.09593291
v 0.68679803 -0.56312328 -0.13933907
v 0.39948061 1.21255075 -0.25003561
v -0.94060921 0.27426841 0.24536797
v 0.33310553 0.31939071 0.25239044
v -0.28789079 2.09096717 -0.17879121
v -0.32534518 1.9214158 0.12915575
v -0.11590059 1.25214994 -0.25717046
v -0.36221408 -0.74126601 0.09995301
v 0.72740697 1.79961717 0.15370206
v 0.68649315 -0.00820752 0.17998406
v -0.64400982 2.02475523 -0.05247836
v -0.79457968 0.91645294 0.10537885
v 0.85306406 -0.22066515 0.03342131
v -0.70023995 0.78022354 0.15324063
v 0.64373493 1.75878608 0.08873647
v 0.87745004 1.67345702 -0.18990331
v 0.60181886 1.77262175 -0.02633091
v 0.23259483 1.98708438 0.22183659
v 0.59998953 1.76903963 -0.02665658
v -0.17532773 0.93308043 -0.2279606
v 0.59973931 1.7690041 -0.02659706
v -0.31757229 2.24449563 -0.07584413
v -0.00255135 2.39104175 -0.06252644
v 0.58504086 0.86629033 0.11580653
v 0.01175303 1.1450752 0.22753356
v 0.9076628 1.91870713 0.01476921
v -0.29782745 2.28230428 0.07931141
v -1.05180037 -0.36419487 -0.16759002
v 0.05245554 1.26352596 0.20593796
v 0.06713217 2.26336789 -0.1407677
v 0.60015136 1.76975345 -0.02653799
v -0.76297164 0.17856085 -0.32082381
v 0.8769623 -0.23362465 -0.02991708
v -1.07698476 1.23578083 -0.01371307
v 0.08693423 2.22528386 -0.14012144
v -0.86358648 -0.09476131 -0.31321546
v 0.74559891 -0.5019043 -0.06010729
v 0.60514026 1.76970958 -0.02828321
v -0.26276165 -0.60364276 0.1661801
v -0.73002082 1.75068402 -0.12490826
v -0.19948558 0.88272029 0.18589039
v 0.550188 2.07914519 0.01900223
v 0.56312197 0.81413096 0.16969811
v -0.36507529 -0.55877172 0.1801383
v 0.60578537 1.75942421 -0.03004048
v -0.34046548 0.76792645 -0.28093296
v -0.09655313 -0.55279737 -0.37618729
v 0.32085931 -0.89153748 -0.08836242
v -0.3260118 1.84703028 -0.16941097
v -0.80092573 1.01811683 0.07711674
v 0.73408794 1.89082801 0.10717084
v -0.98626548 1.0502851 -0.22683678
v 0.44510689 -0.63541615 0.08992475
v -0.36754491 1.88198959 -0.19233797
v -0.77223557 0.25386753 -0.31204909
v -1.07483923 0.95437383 -0.24972818
v 0.32373112 0.70399838 -0.31378597
v 0.08551332 0.8523373 0.167387
v -0.25738415 2.25616812 -0.1604084
v -0.62919241 0.51898813 -0.30048054
v -0.45161378 -0.50704389 -0.36711105
v -0.11349489 -0.86844509 -0.27476635
v 0.46779832 2.02498602 -0.197893
v -0.60668593 1.8325771 -0.2270952
v -1.2265526 1.10982286 0.04673561
v -0.60275006 0.25822082 0.22617459
v -0.00912013 -0.79629916 0.08773008
v -0.72682845 0.14431658 0.21076662
v 0.43269795 2.15094685 0.13782274
v 0.36144962 -0.8701052 -0.0651337
v -0.24598825 0.2229904 0.26234865
v -0.35772568 -0.73490226 -0.34143406
v 0.94718927 0.08337513 0.05242593
v -1.16623783 1.17198669 0.0728918
v 0.60858923 -0.45103243 0.10477163
v -0.84813064 -0.58539545 0.07901345
v 0.63707757 1.15981364 -0.10785562
v -0.8687039 -0.59157276 0.0574266
v -0.55204111 2.08271074 -0.0011469
v 0.03132414 0.20440901 0.2641116
v -0.6925767 -0.27901896 0.20060901
v 0.60833507 1.76164162 -0.03076735
v 0.34747582 1.24539971 -0.25677323
v -0.55616229 0.91223347 -0.24865417
v -1.10457778 1.17386734 -0.1337194
v -0.23158432 2.31506252 -0.14106752
v 0.86045169 0.45117592 0.17781913
v -0.45108932 -0.41959166 0.20990361
v -0.55830425 1.95721054 -0.19498075
v 0.96842438 1.07296991 -0.09068723
v -0.49188211 0.59515929 -0.3090493
v 0.79896527 1.95696818 0.04900932
v 1.01670718 0.34345558 0.0337198
v 1.00418388 0.59635931 -0.02748434
v 0.75273114 1.14473319 -0.19051751
v 0.44335404 2.20193481 -0.01844423
v -1.27697396 0.98834115 0.0182064
v 0.84832441 -0.12868864 -0.17185048
v -0.2735548 1.03123951 0.17934259
v 0.35616937 2.21457219 -0.07860135
v 0.68984609 1.90496552 0.03846246
v 0.30314299 1.14962172 0.2541145
v 0.98417472 0.86049842 -0.04402287
v 0.67931151 1.15928173 -0.15452751
v -0.26642429 0.93294829 0.16390457
v 0.59549528 1.10376501 -0.0194877
v 0.60315209 0.94394159 -0.01350565
v -0.72196918 0.60790634 0.16511838
v -0.78691226 0.46290725 -0.25956293
v 0.60456097 0.97474867 -0.00982203
v 0.03653799 -0.01767664 0.26146975
v -0.32785877 -0.89425134 -0.19585898
v 0.4249567 2.09809541 0.18514874
v -1.21908712 1.10597574 -0.07787889
v -0.76153045 1.75204479 -0.01950545
v -0.34483379 2.17505145 0.05354714
v 0.59765398 0.90393799 0.0349914
v -0.99158924 0.33119493 0.2560237
v -0.36791274 -0.8977164 -0.16896475
v -0.44002455 2.07112336 -0.04882315
v -0.31975358 -0.92764812 -0.11371576
v 0.39843395 1.16344094 0.25044247
v -0.8985998 1.18929922 -0.04198746
v 1.01306819 0.49489527 -0.04804878
v 0.17281527 -0.70249486 0.11993691
v 0.30392748 1.97690486 -0.24597707
v -0.89442646 0.98689985 -0.20882542
v -1.10609495 1.22107839 -0.04448016
v 0.05973736 2.3464353 -0.04325562
v -0.87525606 -0.53182286 -0.21239537
v 0.78470253 -0.03185479 0.13600048
v -1.16565358 1.17215395 -0.07349993
v -0.11021317 2.26877498 0.21761107
v 0.36545792 0.98879981 0.244442
v -0.74363905 -0.57167029 -0.3026914
v 0.96647566 0.89822095 0.0890817
v 0.77787149 0.32774415 0.19246761
v -0.48136621 -0.07221531 -0.35985973
v 0.79845643 -0.41167381 -0.08238587
v -0.06398148 2.41988778 0.04527206
v 0.99843752 1.59669327 0.01123999
v -0.95879131 -0.40056961 -0.21512179
v 0.76200282 1.8444637 -0.16760681
v -1.12701475 -0.28193363 0.12553612
v -0.89867812 1.18935251 0.04233014
v -1.10904026 0.92314332 -0.24400323
v -1.02331447 -0.13084712 0.23075743
v 0.64599067 0.79072403 0.17661927
v 0.8308587 1.56058251 -0.20620608
v -0.57244193 1.08574664 0.24731138
v 0.75771033 1.75996613 0.17427136
v -0.69459331 1.78528869 -0.17144255
v -0.01480035 0.9017077 0.19948409
v -0.39140912 1.9542936 0.16973948
v -1.24268746 0.95627772 -0.13727296
v -0.40724393 1.93655037 -0.19021226
v 0.39337986 -0.69252657 0.08112055
v 0.01615208 0.9061281 0.1878851
v -1.0762341 1.22109818 0.07507374
v -0.44163426 1.05406427 0.24625344
v -1.25868344 0.95600128 -0.10827074
v -0.8969751 1.1334356 -0.13223849
v -0.52307725 1.01482129 -0.25347793
v 0.57942134 0.90285289 0.08499578
v -0.88290405 -0.60227102 -0.11781749
v 1.01106393 0.32753756 -0.03964864
v 0.6097778 -0.67179167 -0.03967655
v -0.39871969 0.43778964 -0.33707723
v 0.40394401 2.2157247 -0.04479419
v -0.01129965 0.51339685 0.24444492
v -0.46072161 -0.63032698 -0.35903731
v -0.92675662 1.13014411 -0.16005636
v 0.69512546 1.59316837 -0.17444461
v -0.13928094 -0.52078819 0.19355623
v -0.08127543 1.13714242 -0.25015369
v 0.26109454 1.93825054 -0.24232813
v -1.02391433 0.31257647 -0.25227731
v -1.10578429 0.12870824 -0.22818706
v -0.30496615 -0.4941194 0.20167979
v -0.11898012 -0.92311656 -0.20106308
v -1.10599803 1.2212516 0.04422857
v -0.47221496 -0.17312361 -0.36170014
v -1.14251732 -0.27211409 -0.12707567
v -0.00368232 2.35555291 0.12477735
v 0.5373981 0.83221632 0.17498298
v -0.65927428 1.99150836 0.08983393
v 0.0981237 2.09197855 -0.16209743
v 0.81843805 -0.03873475 -0.20905332
v -0.83306378 -0.48515111 -0.28195217
v -0.6977899 0.91548675 -0.16904082
v -0.99348849 0.34956196 -0.2524929
v -0.18718498 2.39925408 -0.0611175
v 0.34484332 1.94760763 0.25371459
v -0.8109036 1.04973924 -0.07536528
v 0.89127767 1.89097631 -0.11137614
v 0.58090251 0.62146848 0.22031715
v -0.09738466 -0.78312188 -0.33226543
v 0.53135865 1.16650307 0.1723708
v 0.38989043 0.66126561 -0.3131777
v 0.65795809 0.48300063 0.22030687
v -0.47676277 0.37027424 0.23675943
v -0.61056578 2.02534484 0.10359478
v 0.95785832 0.26957458 -0.13805797
v 0.00220362 -0.28452536 0.237002
v 0.6751427 -0.59803617 -0.05933257
v -0.33028364 0.81900811 0.18485243
v 0.62314575 1.03142845 -0.07565718
v 0.81562572 1.13705062 -0.19512243
v 0.6698811 1.61488473 0.14900952
v -1.05140328 -0.2396748 -0.21959501
v 0.55193013 2.06105256 -0.0538512
v -0.35135135 0.85567265 0.19238315
v -1.01640212 1.21038007 0.1071413
v 0.9457091 0.38968211 -0.15625599
v -1.22191393 1.04741394 0.1292175
v 0.71344333 -0.5469098 -0.05304982
v 0.513852 -0.70320689 0.01986397
v -0.95151072 -0.33358088 0.19249391
v 0.65934759 1.14084899 0.13630476
v -0.90169578 0.19907483 0.23058253
v -0.70921003 0.78330981 -0.15946856
v -0.10723808 2.41925501 -0.0605996
v -0.95506507 1.21153879 0.07604026
v 0.2089672 0.93874084 0.2101691
v -1.03988945 -0.45765587 -0.09196673
v -0.25507333 0.85764545 0.15732836
v 1.01853668 0.3745864 -0.03074973
v 0.12768049 -0.68177121 0.13250853
v 0.99136799 1.68701994 -0.0477397
v -0.47040119 2.07806372 0.05303623
v 0.56457638 -0.69540441 -0.1612803
v 0.35960283 2.0789473 -0.21316282
v 0.60860824 1.75184297 -0.03125781
v 0.78395837 -0.4294067 -0.10222168
v -0.9662404 0.38079735 0.25301384
v 0.65474599 1.86254155 0.01048803
v 0.66250717 0.71213811 0.20153507
v -1.01845133 1.19302284 -0.13252681
v -1.04637372 1.21059918 -0.10644225
v -0.35972473 2.09187793 0.01192921
v 0.77367359 0.81451928 0.18930228
v -0.04527017 -0.83905881 -0.2975566
v -0.58078664 2.06104612 -0.06520331
v -1.25613224 1.05032789 -0.04279214
v -0.77833569 0.35888469 -0.29443615
v 0.80197197 1.88770842 -0.14846946
v -0.36709606 1.94067454 0.1606559
v 0.59734529 0.98152256 -0.00733181
v -0.87905526 0.32905423 -0.26049906
v -0.85819363 0.10652346 0.21944516
v 0.10620427 2.13391089 -0.14723806
v 0.60623484 1.02564168 -0.0086001
v -1.05069935 -0.00477388 -0.24442257
v -0.84907054 0.47905483 -0.22507642
v -0.19716388 1.18973195 0.23927602
v -1.07607913 1.20589089 0.10499581
v -0.7178685 0.35497805 0.20233888
v 0.08786603 0.99051797 -0.16446641
v 0.39074909 0.74459976 0.22941763
v 0.5396474 0.86753737 0.16232359
v -0.65590363 1.8677175 0.18674652
v -0.04856269 2.33121871 -0.17160895
v -0.22905243 2.33027029 0.12815757
v -0.55830746 -0.80681842 0.03656665
v 0.52074319 0.5112375 -0.30980429
v -0.45607149 0.89310824 0.23812243
v -0.67745727 1.09030938 -0.19091665
v 0.22297999 2.09316372 0.16947962
v -0.78406846 0.52143156 0.18131256
v -0.07461527 0.99305003 0.23134705
v 0.44915279 -0.67696005 -0.26680454
v -0.96283602 -0.19227607 0.22631976
v 0.78085333 0.397069 0.19672045
v -0.80579161 -0.06758072 0.21169298
v 0.23637922 -0.83057338 -0.25986337
v -0.37961846 0.49006304 -0.33452317
v 0.56444031 1.05538225 -0.11823017
v 0.26851239 2.21683692 0.02006404
v 0.35126245 -0.76958292 -0.25900808
v 0.77309507 1.61247813 0.19627291
v 0.18787436 1.21490263 0.20663625
v 0.35811668 -0.79428201 -0.23742145
v -0.82223796 -0.58632659 0.09362201
v 0.77068489 1.12599933 0.19423632
v 0.54436641 1.16883373 0.15688377
v -0.5310707 0.52766007 0.22284168
v -1.27342724 0.98773789 -0.04558215
v -0.96059149 0.7097994 -0.2477535
v -0.34021005 -0.78529954 -0.31590837
v -0.99583917 -0.48040312 0.08563939
v -0.27561038 2.22967839 -0.15661361
v 0.85924863 0.5325579 -0.20557478
v -1.25725078 1.01996099 0.07716349
v 0.99580848 0.23667448 -0.03765483
v 0.28983911 -0.80525404 -0.26045301
v 0.67352187 0.93979835 -0.14892935
v 0.29522609 -0.86404639 -0.19345232
v 0.64103823 0.84123051 -0.17973908
v -0.62040495 1.90595018 0.19568257
v 0.9951657 0.48068302 -0.09451445
v -0.69706833 1.96063864 -0.05489472
v 0.87973749 1.76089024 0.160301
v -0.14048901 1.03498816 0.23636478
v 0.13665658 -0.92831373 -0.16348271
v -0.23748901 2.10400652 0.21938464
v 0.12797683 -0.39338386 0.21375094
v 0.08761154 -0.87643706 -0.25508946
v 0.06958679 2.09138274 0.19209343
v 0.1480353 -0.89814496 -0.21200019
v -1.13794338 0.9863826 -0.22379162
v -0.31662118 1.22256362 -0.17492927
v -0.18452228 2.4108119 0.00470795
v -1.13708317 0.95571833 -0.22990958
v -0.14489336 -0.8582316 0.04770715
v 0.36888012 2.11207175 -0.19302418
v 0.60299086 1.6857934 -0.02205033
v -0.8855372 -0.61876267 -0.05644113
v 0.56253522 -0.56194365 -0.25218609
v 0.6222366 0.92992663 -0.07820348
v 0.09777275 1.25098896 -0.16214102
v 0.47099763 2.18394494 -0.01008259
v -0.83125972 0.30813267 0.20235829
v -1.18930685 1.16192781 -0.03945542
v -0.35729026 1.06085085 0.2048823
v -0.76103806 1.75142848 0.02526758
v 0.61984407 0.87063252 0.11272521
v -0.87196475 1.12901055 0.10800941
v 0.60268783 1.67864131 -0.02328348
v -0.89693826 1.13290572 0.1322167
v -0.91666191 0.15033863 0.23494657
v 0.03539735 0.91238886 0.17862656
v -0.76955252 0.54904812 -0.2180687
v 0.65057206 0.67989462 -0.25426295
v 0.60254377 1.68306314 -0.01779192
v 0.31831228 -0.71648591 -0.29475548
v -1.04593968 1.22586906 0.07645741
v -0.16506816 -0.16915354 0.25231054
v -1.16369342 1.15768957 -0.10235849
v -0.66740024 0.94507229 0.19424456
v -0.12239341 2.21467423 -0.23787057
v -0.51859277 2.06638741 -0.08959305
v -0.95851093 -0.42326638 -0.20160266
v -0.84325045 -0.4198212 -0.29890149
v -0.86869216 1.16064512 -0.04062268
v -0.58240693 0.67157644 -0.26688766
v 0.96290797 0.95194351 -0.09735803
v -0.86182802 -0.43632823 -0.28243693
v 0.8640939 0.45012754 -0.20948962
v -0.79303139 0.98517417 0.07818162
v -1.19739043 1.1401757 0.07087682
v -1.18042218 0.2829557 0.18214245
v 0.60796576 1.19936132 0.03249093
v 0.88876068 1.85998702 0.11366039
v -0.77601784 0.94844156 -0.03385609
v 0.60998719 1.19092714 -0.0429217
v -1.21743273 -0.07612414 -0.04218826
v 0.65458762 1.81244671 0.07699818
v -0.21615639 0.97437685 0.19970029
v 0.18405894 -0.85893291 -0.24937184
v 0.46149492 0.03808781 0.23515124
v -0.79891926 0.95510661 -0.10689891
v 0.59369218 1.2142589 0.04485289
v 0.88018995 -0.20993885 -0.00677576
v 0.85324925 -0.30184868 -0.03705446
v 0.60971003 1.11587917 -0.04089839
v -1.2045958 -0.15846738 -0.01155614
v -0.91405141 0.05539451 -0.29286095
v 0.43246606 1.89371764 -0.24105234
v -0.52728331 1.94048023 -0.21033074
v -0.99688369 -0.03623079 -0.26510056
v 0.24743881 2.12018609 0.1653161
v -0.67594492 -0.01616444 0.21916416
v -0.59822136 1.90926921 -0.20569336
v -0.59167128 0.53071636 0.2136404
v -0.45208284 -0.29414415 0.22934398
v -0.26532861 0.9276095 -0.18368193
v -0.28666749 2.12184429 0.17799468
v 0.00800749 2.09068369 -0.23304259
v -0.45122444 2.01776123 0.14693099
v -0.28287291 2.32934904 0.01418258
v 0.38936546 2.04946303 -0.22204515
v 0.11568894 -0.81641632 -0.29739686
v -0.24593383 0.93817347 -0.19198113
v -0.1139455 -0.29375538 0.23748819
v -1.01755893 1.05246758 0.22977194
v -0.95649796 1.17401921 -0.13468268
v 0.86658936 0.70144856 -0.18632397
v 0.33216911 0.82771992 -0.27123799
v 0.6066882 1.11465418 -0.02096636
v 0.8703385 1.93804383 -0.06574191
v -0.38577365 0.80246913 -0.26077309
v 0.91529196 0.26133474 -0.17457133
v -0.47540515 0.87187987 -0.25270456
v -0.13764266 0.96247559 0.22289598
v -0.80861401 -0.6973086 0.00528839
v 0.97300308 1.43161225 -0.11021081
v -0.36832627 1.95745194 -0.14939215
v 0.01594409 2.27232861 -0.18063683
v -0.89586371 0.94570827 0.21762901
v -1.01650941 1.2105242 -0.10709336
v 0.10274134 -0.91755282 -0.19534094
v -0.71306437 1.75099706 0.15155042
v -0.98935824 1.18947875 -0.13119837
v -0.8419649 -0.66910904 -0.02144385
v -0.81351071 -0.49429485 0.13809749
v -0.55124688 -0.42141845 0.19871012
v 0.34545669 0.07319174 -0.34459066
v 0.30323228 1.23766803 -0.25406891
v -0.39891669 1.20530355 -0.23414167
v -0.58728241 2.06962895 0.0137945
v 0.06102471 1.14969337 0.19700908
v -0.30795267 2.2914319 0.0139983
v 0.90796405 1.65541541 0.16001525
v -0.49853354 -0.7165234 -0.32419017
v -1.11326682 -0.33453077 -0.12463215
v -0.72420048 0.90002811 0.12809112
v 0.42740204 1.16479802 0.24192507
v -1.07810306 1.10902118 0.19735738
v -0.79204261 0.88679778 -0.09844129
v -0.21100375 2.1457839 -0.22917661
v -0.14708943 0.72569143 0.2073453
v 0.6288411 1.5889703 -0.1033523
v 0.03730177 1.01959478 0.19577162
v -0.03434319 -0.0014502 0.26302957
v 0.75542992 1.4497708 -0.20175857
v -0.73753839 1.88910198 0.01875461
v 0.59246009 1.91105854 0.03336763
v 0.15401804 2.12456584 0.00659716
v 0.10568366 0.78412598 0.20032955
v -0.92442148 1.19451773 -0.07779697
v 0.54047334 0.93093836 0.14855359
v 0.48048189 0.69057029 -0.29266101
v -0.70245128 -0.15218041 0.21102444
v 0.46056807 1.06338369 -0.22203525
v -1.10737609 -0.1844403 -0.19655294
v -1.13655722 0.95457238 0.23035751
v -0.51253223 -0.86958795 -0.02909763
v -0.4571312 -0.87399864 -0.0130196
v 0.24996933 2.19474768 0.07121527
v 0.41813361 1.95059084 0.24141223
v 1.02339589 0.43200698 0.02912545
v -0.58462846 2.04632353 0.09400244
v -0.75896799 -0.00192776 0.2115052
v -0.23381759 2.20495033 0.20250746
v 0.48802432 2.00916791 0.19091881
v 0.052193 2.14098787 0.20191299
v 0.3983879 2.20772361 0.07433432
v -0.44733747 1.75282216 0.25148895
v 0.48489382 2.13856768 0.10103163
v -0.91029763 -0.28076568 -0.28991332
v 0.60249763 1.52972304 0.04472533
v 0.65792429 1.70809423 0.12535971
v -0.42963984 1.7507255 0.24676834
v 0.80467939 1.97079742 -0.00420721
v 0.46111163 1.99465942 0.21316681
v -0.397697 0.69115966 -0.30263584
v 0.23902429 -0.67093652 -0.32258966
v 0.97262227 1.02291131 0.08172635
v -0.70577955 1.82366514 -0.14960588
v 0.22611711 2.15919065 -0.10836637
v -0.44025796 -0.79292166 -0.28409063
v -1.13642013 1.20538365 -0.04390193
v -0.33970427 1.91884601 0.14890146
v -0.71860814 1.84369981 -0.12272977
v 0.23333521 0.6669467 -0.3301585
v -0.92287552 0.91525363 0.23429189
v -0.48233026 1.84696435 0.24504014
v 0.59932589 0.85441982 0.12626884
v -1.10035717 -0.13799066 0.19706428
v 0.68814879 1.01552844 0.15767036
v 0.9508236 1.82082223 0.07110738
v -1.24830961 0.91252094 0.13546508
v 0.11296302 1.11436355 -0.14310909
v -0.30343717 0.86295676 0.15920592
v 0.75100523 0.80489391 -0.19754611
v -0.79415768 0.69537103 -0.11307131
v -1.10624563 1.13863885 0.16689275
v -0.12299493 0.90980112 0.21336408
v -1.01998031 -0.49504554 0.01131425
v -1.07909834 0.89327609 -0.25286719
v -0.09247681 0.08859409 -0.37086179
v -1.1146779 -0.20040658 0.17108555
v -0.68620234 0.23507474 0.21356518
v -1.13739454 0.91047704 0.23408936
v -0.09533984 2.38109183 0.13042967
v -0.96698427 -0.13987901 0.23305912
v -0.11892484 -0.88831841 -0.25370603
v 0.56279921 -0.457405 -0.27164304
v -0.18466095 0.42064467 -0.35523653
v 0.59374046 1.10310757 0.03507816
v -0.13847339 -0.74450314 0.1097326
v -0.85262423 -0.2725076 -0.31281498
v -0.76894873 -0.73111182 0.00851253
v 0.86864393 1.8045777 -0.17545969
v 0.08588172 -0.95057731 -0.11656247
v 0.13118252 0.92884624 0.15741796
v -0.83024841 -0.17197452 -0.32035079
v -0.34970861 2.15840005 -0.04590671
v -0.10181696 1.23974227 0.25765037
v 0.50578045 -0.77657735 -0.0664625
v 0.65531951 1.8437078 -0.06537506
v 0.91643297 1.74538517 -0.1602237
v -0.74464571 -0.4204249 -0.33165571
v 0.29921251 1.94314849 0.25088688
v 0.6657325 1.87675821 -0.03705735
v -0.96205371 0.79527998 0.24862179
v -1.01830077 1.02002286 0.24011161
v -0.47439971 1.96844792 0.19312764
v -0.41162693 -0.54906648 -0.36984249
v -0.60126918 1.97489607 -0.16480632
v -0.67349135 1.80026435 0.18999975
v 0.53625649 0.77435672 0.19777052
v 0.08946866 2.24143123 0.12586578
v -0.59791672 -0.77414745 -0.2250171
v -0.7498691 1.75918912 -0.07924412
v 0.14161278 0.87074697 0.17629995
v 0.93814259 0.57498037 -0.1517762
v -0.86702406 1.16433024 0.01545718
v -0.1149664 1.05336022 0.24285818
v 0.08464647 1.26724052 0.17728342
v -1.01856982 1.19225585 0.1333332
v 0.90285289 0.52505278 -0.18131694
v -0.66654312 -0.50859338 -0.34156495
v -0.2185633 0.20562239 -0.36476016
v 0.11113012 2.09981346 0.14467378
v -0.66682159 0.56981295 -0.27388274
v -0.49112933 1.15963363 -0.25669974
v -0.61129468 0.71323901 0.21110867
v 0.62473028 1.65104734 0.08435984
v -0.93331098 0.20290203 -0.26523172
v -0.32366341 2.09338402 0.13218541
v -0.30397999 1.4679178 -0.16121883
v 0.60722774 1.7234745 0.02563186
v -0.91700983 -0.55438518 0.04989766
v -0.18749374 0.77880573 0.19157736
v -0.35639074 1.75306105 -0.21116013
v 0.99618077 0.67825573 -0.01334197
v -0.80601918 0.73492044 0.12769478
v 0.60260313 1.68016767 -0.02035657
v -0.51748657 1.73831987 0.25747746
v 0.51801502 2.13698363 0.00289819
v -0.47308653 1.96538806 -0.19494466
v 0.07555884 2.31116819 0.07734873
v -0.37487256 1.74999439 -0.22300697
v -0.82487857 -0.37038564 0.17676609
v 0.08614113 2.27324152 0.10448019
v -0.79473161 0.74627053 0.10644906
v -0.42737269 0.04147005 0.25411105
v -0.49167943 1.75085437 0.25754618
v -0.81311553 1.01832699 -0.10668887
v -0.57137417 -0.38026559 0.20397669
v -0.67947846 -0.78558152 0.01374403
v 0.49970108 2.04553055 -0.15996174
v 0.19423061 2.16987872 0.01205784
v -0.52887284 1.10991859 0.25528147
v 0.43989187 2.19493508 -0.05876674
v -1.04556536 1.23605668 0.04564323
v -0.92332786 1.21082198 0.01637719
v -1.03785908 -0.2420119 0.20547814
v 0.50055694 2.07788658 -0.13850066
v -0.41615998 -0.89419764 -0.14193718
v -0.95535361 1.22695148 0.01570873
v 0.12728431 1.89384555 -0.14450143
v -0.53999054 -0.66928082 -0.33683651
v 0.11829268 2.25082826 -0.04918811
v 0.90954768 1.31458222 0.16034252
v -0.70665389 0.58960431 -0.23823846
v -0.39057692 -0.87569409 -0.20091773
v -0.3568221 2.10127544 0.04122258
v -0.34924837 -0.87139868 -0.22553585
v 0.15578401 1.23722469 0.17864862
v 0.1435514 2.17213225 -0.04189681
v 0.27610212 -0.45071932 0.18703423
v -1.04843175 0.9123736 0.25695785
v 0.46639084 1.9911313 -0.20859397
v 0.17098374 -0.59920597 0.15716184
v -0.1855252 2.3019464 -0.18177393
v 0.58277112 1.15751361 0.086368
v -0.56811624 -0.65784406 -0.33343121
v 0.23309212 -0.58637881 0.15342798
v -1.10596406 1.10920918 -0.18807251
v 0.11737544 0.94378513 -0.17867806
v 0.56269264 1.80635106 -0.12310302
v -0.95588237 1.0828793 -0.20371273
v 0.08573941 0.95785588 -0.17811681
v 0.95405179 0.67365533 0.12745967
v -0.1651946 2.10003876 -0.25009712
v 0.59760981 1.83770012 0.03194874
v -0.87568312 0.6354773 -0.20613077
v 0.58478236 1.78954982 -0.07302328
v -1.07647168 1.23580443 0.01522922
v -0.07500156 2.31042957 -0.19265465
v 0.86710023 0.98984754 -0.17991921
v -0.89510321 0.94374954 -0.21735796
v 0.0401467 2.33901596 -0.09872584
v 0.71486437 0.58156043 -0.25591856
v -0.69094997 -0.79350674 -0.07832211
v -1.10656797 1.22574508 0.01528899
v 0.84515464 0.2495708 -0.21660855
v -0.80296087 -0.49033162 -0.2998299
v 0.59717774 1.19049298 0.00654188
v -1.04623413 1.22585499 -0.07645674
v -0.2778418 -0.72719556 -0.35044965
v -0.32253381 0.55844777 0.23225902
v 0.32607621 0.99784833 0.24630475
v 0.48385378 0.8714714 -0.22479035
v 0.8608964 -0.24330824 0.0101318
v 0.23376712 1.01029098 -0.23333495
v -0.51281291 1.87694728 0.23772056
v 0.85847669 1.91867148 0.08520462
v 0.51711809 1.94078886 0.18401302
v -0.23564264 0.56135726 0.23406635
v 0.12081758 0.92486727 -0.21640846
v 0.82855117 -0.01455711 0.11749351
v 0.22910203 -0.92244154 -0.0580988
v -0.56831699 -0.85316371 -0.07886899
v 0.49552688 2.15124869 -0.05895182
v -0.79581952 -0.72003746 -0.07266925
v 0.19205945 -0.78939521 -0.29624962
v -0.58711999 1.02439558 -0.24221648
v 0.90735942 1.9256308 -0.00902219
v 0.2557075 -0.90644043 -0.03583494
v 0.24420402 -0.08886434 0.24827544
v 0.0224826 0.09977114 -0.36787405
v -0.0613484 0.79279345 0.20035213
v -1.1960746 0.84000963 -0.1957284
v -1.14442408 -0.27668258 0.09952022
v 0.09369653 -0.10071635 0.25530529
v 0.34921574 2.11763501 0.19131338
v 0.23713795 1.94294452 0.23231418
v -1.12443316 -0.32708832 0.09462352
v 0.65338969 -0.14995227 -0.27043506
v -1.04874515 1.10743939 0.20334218
v -1.04028487 -0.46999621 0.0413041
v -0.05757734 -0.96075111 -0.08986254
v -1.10024178 -0.29500618 0.14821948
v 0.65529531 -0.29272937 -0.25782278
v -0.17173329 2.25458025 0.21288541
v -0.27073711 -0.93839645 -0.09831894
v -0.76404297 0.50883036 0.18241007
v -0.5955162 1.78050196 0.2396277
v 0.73031985 1.49779045 -0.19447532
v 0.27951216 0.82717037 0.23094414
v 0.03341029 -0.15154352 0.25225243
v 0.6987186 0.09842707 -0.26860061
v -0.03410296 -0.80718565 -0.3171176
v 0.72328257 1.80383253 -0.16550405
v 0.76895695 -0.20229516 -0.2164755
v 0.06072461 0.77559518 0.20044897
v -0.92825299 -0.25886526 0.21264433
v -0.47419127 2.08596491 -0.00597238
v 0.44435423 0.9109956 0.21979634
v -0.06175663 0.63194775 0.22931191
v -0.82111012 -0.2631888 0.19820924
v 0.85045337 -0.17112739 0.05668266
v 0.08144934 -0.88807112 0.02782992
v -0.32741397 1.79875838 0.18299274
v -1.04549312 1.23616516 -0.04530858
v 0.32597401 1.08898401 -0.25276026
v -0.16547563 -0.84860342 -0.28953447
v -1.21654367 1.13307642 0.01659763
v 0.54434454 1.97681248 0.14228482
v -1.16477048 1.05090868 0.18647177
v -1.15546441 -0.31026974 -0.04248694
v 0.85417634 0.83789253 0.18064747
v 0.49415925 -0.49478972 0.12812943
v -0.47401064 0.44380977 -0.32906025
v 0.16659905 -0.10099519 -0.36360588
v -0.07774528 2.42678833 0.01621901
v 0.33993464 2.22208213 0.05969548
v -0.50310862 -0.80314958 -0.24709475
v 0.61265939 -0.32039636 0.14462475
v -0.36611703 0.89771664 -0.22456583
v -0.75895232 -0.71633058 -0.15617023
v 0.53637665 1.94245266 0.16297341
v -1.0983628 0.55617857 -0.24237428
v -0.55454462 1.75131762 0.25294241
v 0.9651823 1.82908201 0.02224531
v -0.66057962 0.71728098 0.18783064
v -1.13786828 1.20953488 0.01574761
v 0.605919 1.16415727 0.01410127
v -1.04659199 1.19247913 0.1325424
v 0.6053068 1.17956423 0.00253628
v 0.59919059 0.88400828 0.08070351
v 0.09847008 -0.36876425 -0.3669959
v 0.00599624 2.30659294 -0.16449254
v 0.51034957 -0.76259702 -0.13704967
v -1.01764082 1.24151301 0.01464392
v -0.87091267 -0.46173453 0.14212609
v 0.59600317 0.89897775 0.05259263
v 0.45062935 -0.8134101 -0.12391641
v -0.19867478 2.35840034 0.12333168
v -1.07425975 1.16729545 0.15384972
v -0.32794338 2.20758891 -0.08311616
v -1.09274518 -0.20118679 0.18842646
v -0.82702845 1.10228967 -0.04408604
v 0.40084001 -0.84615528 -0.12052579
v -0.39285373 1.98550927 -0.14582887
v -0.19408959 0.84535396 0.18364934
v -1.07557869 1.20577371 -0.10570022
v -0.80490499 1.05668568 -0.04342311
v 0.86304098 1.64019453 0.18429516
v -0.03155396 1.12731742 0.24160601
v 0.96503114 0.59984731 -0.11950216
v 0.03990948 2.23844051 0.1811724
v -0.98604404 1.23685634 -0.01314712
v 0.16129142 2.12984919 -0.03829834
v 0.58789598 1.19854569 -0.06904783
v -1.04511582 1.24106586 0.01468235
v -1.28335309 0.95269507 -0.01062342
v 0.13146254 1.94229972 0.14446155
v 0.22431431 -0.91493243 -0.14598003
v -0.30997735 0.41267162 0.24770829
v -1.0180875 1.24155402 -0.01239547
v -0.98546701 1.13816547 0.17903436
v -0.00879372 2.22209954 -0.21678422
v -0.72603219 1.79212927 0.12740412
v -1.22609555 0.45092916 -0.13285712
v 0.08673152 0.63306075 -0.34369838
v 0.79467701 1.66948211 0.19390758
v 0.05063732 2.20605135 -0.18673038
v 0.94237703 1.7477355 -0.13185793
v 0.89135575 1.93769443 -0.00920879
v -0.388226 1.88285458 0.20501312
v -0.89699465 1.15875148 -0.10355366
v -0.24692939 2.35808849 -0.0597619
v 0.70371562 1.92747867 -0.02840651
v -0.96871954 -0.47405153 0.1093278
v -0.77742928 0.42058783 -0.27983877
v -0.00942362 2.09147357 -0.24044771
v 0.19579018 2.16374564 -0.04975725
v -0.58418846 -0.19378887 -0.3516581
v 0.42146882 -0.5551685 -0.29969659
v -1.01312208 -0.44691199 0.11009462
v 0.49655941 1.89517533 0.20553259
v -0.31545913 1.04803669 0.17090991
v 0.16540363 2.05849194 0.13878358
v -1.20439255 0.12635052 0.1376179
v -0.39487734 1.84297716 0.22137248
v 0.74552476 -0.21004946 0.11262697
v -0.30860507 0.9211592 0.16115957
v 0.97802996 1.58804798 -0.09941405
v 0.71130979 1.84203159 0.12456617
v -0.31645906 1.02797675 -0.18155823
v 0.02468404 2.09020328 0.22433304
v -1.16276717 1.13202643 0.13213789
v -1.0171529 -0.16788631 -0.25073128
v -0.39316609 1.0516293 -0.228541
v -1.27560365 0.70555895 -0.04303112
v 0.98627501 1.00281107 -0.03806946
v 0.88348674 1.91118264 0.07142075
v -1.16119015 1.15741193 0.10546303
v 0.98493701 1.62644374 0.06551996
v -0.07868789 2.28134775 0.2101081
v 0.84572649 1.1306343 -0.1897656
v 0.969585 1.73468542 0.08110515
v 0.62286901 1.76938033 -0.05312307
v -1.04697239 1.05393958 -0.22887128
v 0.13986086 0.97001463 -0.17576396
v -0.55338317 -0.84486573 -0.13945026
v -1.07942438 0.0145296 0.22967457
v 0.11267796 2.24355506 -0.07827846
v -0.26452598 2.19442415 -0.18287478
v 0.999991 1.45879995 -0.02709801
v -1.2731719 0.98842489 0.04650105
v 0.78017038 1.43763065 -0.20609277
v -0.8623895 0.01460873 0.22097235
v 0.78388041 1.8642795 -0.16202724
v 0.9872443 0.82342565 0.01750662
v -1.10634708 -0.40146967 0.01541512
v 0.66308045 1.85409665 0.05767615
v 0.9563747 0.23261405 -0.13401556
v -0.23804375 2.09155821 -0.21903319
v -1.08603978 -0.42875236 0.01481823
v -0.80734258 -0.43041098 -0.31231126
v -0.07081242 2.09978532 0.25578606
v -0.72202104 0.64947938 -0.17828442
v 0.01891301 0.59488785 -0.34856557
v 0.91592264 0.673913 0.15714281
v -0.74048918 -0.76375925 -0.07265863
v -0.31510949 1.74119293 -0.17497487
v -0.69753134 -0.75045484 0.0501827
v -0.09398215 0.44225046 0.25008329
v -0.76599299 0.73166346 0.0661602
v -0.76455569 0.7453503 0.03825625
v -0.94745272 -0.31758537 -0.25903612
v 0.17622268 0.83197343 -0.28038245
v 0.8434109 -0.27025124 -0.12022613
v -1.17435741 -0.15564699 -0.12988324
v 0.01473431 2.39150404 0.00314519
v -0.76675921 0.75031864 0.04470562
v 0.86160332 -0.24364613 -0.09962285
v -0.99824732 -0.31702691 -0.22631174
v -0.72453582 1.75111365 0.13432121
v -0.78744941 0.62278002 -0.14788663
v 0.61807698 0.25856149 -0.29559114
v -0.76261931 0.74056929 0.0425745
v -0.29048267 2.27063655 0.10732542
v -0.67262893 1.89439833 0.15939854
v 0.1778049 0.94118994 0.18953152
v 0.03817559 1.15827465 -0.21069392
v 0.19548532 0.99689805 0.20310722
v 0.60815936 1.06450629 0.03185086
v -1.19362521 0.98798966 0.18612237
v 0.3976171 0.54863196 0.23762142
v 0.6737861 1.63464736 -0.15656913
v -0.1938395 0.59515875 -0.34018999
v -1.22098851 0.98682284 0.15813615
v 0.57254052 0.98440086 0.09321715
v -0.76044416 0.75226175 0.04768219
v 0.75441557 0.34101796 -0.25703948
v -0.93029815 -0.51604861 -0.15409171
v -0.0613785 2.13381385 -0.25220507
v 0.11179453 -0.63570261 0.15041941
v 0.60819101 1.0768584 0.02881549
v -0.77229082 0.74833339 0.05820267
v -0.26090025 0.97801888 -0.18709236
v -0.76503372 0.76571899 0.04794309
v -0.49137893 -0.22314147 0.23293568
v 0.40839773 0.69922184 -0.3026348
v -0.77093052 0.60756647 0.15684142
v 0.3690927 2.22299623 -0.04915522
v -0.07884042 2.40351796 -0.09457961
v -0.823435 0.69786453 -0.15401323
v 0.21592716 -0.75478673 -0.30555349
v 0.04806219 0.84545689 0.17561301
v 0.67067533 1.72276616 -0.14519758
v -0.50738173 0.11883126 -0.35234549
v 0.8498156 1.85798609 0.13697814
v 0.10368356 2.24116444 0.10109801
v 0.45628342 1.94536054 -0.22324103
v -0.7188487 1.83864784 0.12397093
v 0.60948139 1.52519547 0.04489191
v -0.74028402 -0.51901376 -0.32120671
v -0.63028937 -0.24611084 0.21298317
v 0.03138285 2.36224246 0.07357115
v -0.71639037 1.93068027 0.04477005
v 0.60841274 1.54286408 0.04089251
v -0.7412281 -0.17450062 0.20597918
v -0.80917221 -0.69904393 -0.09938317
v 0.60740399 1.63433849 0.04474632
v 0.46494931 0.36669322 0.24253943
v -1.13416612 -0.34167623 -0.07087943
v -0.18770568 2.19186496 0.22943954
v 0.61543428 -0.54643464 -0.22739584
v 0.6107977 1.77153289 -0.02949142
v -0.28792864 2.08984422 0.17875742
v -0.68845212 1.98238134 -0.02627148
v -0.38328281 -0.2973667 0.23426677
v -1.01830363 1.02001345 -0.2401067
v 0.40607211 2.21479225 0.04543726
v -0.71124225 -0.33239588 0.19082877
v -1.01955604 0.95396 -0.25391078
v -0.65834814 1.74010503 -0.20681518
v -0.20085653 1.04779183 -0.22505544
v 0.62801784 -0.50232851 -0.23425011
v -0.73455172 -0.38843143 0.17830649
v -0.68388754 0.13002897 -0.33367541
v -0.59074896 -0.83764135 -0.10833484
v 0.41958287 2.0262475 -0.22226972
v 0.13007132 2.20804238 -0.06226469
v -0.56151419 2.04393029 -0.11288068
v -0.29368707 0.0628722 0.2625902
v -0.04974228 2.34313964 0.16175653
v 0.32430425 2.21434974 -0.07830522
v -0.49073472 2.05744648 -0.10571023
v 0.18381111 1.93160879 -0.20189578
v 0.04046743 -0.91346937 -0.21462239
v -1.17497015 -0.24225226 -0.07251271
v -1.18062079 -0.24373734 0.01663584
v -1.07297289 1.18899631 -0.13079364
v -0.43065798 0.7636398 0.2278465
v 0.69827765 0.15461322 0.19917228
v 0.59555858 -0.65952724 -0.00283799
v 0.21164165 1.89544642 -0.22317849
v -0.89689874 1.1931616 -0.01174639
v -0.50410878 2.07992959 0.05654273
v -0.21193495 -0.94176966 -0.13991269
v -0.61598682 0.90678495 0.2213401
v 0.65318352 1.1569792 -0.12941531
v -0.69217604 1.9792124 0.01139499
v -0.69393485 -0.68972116 -0.24904865
v 0.7580797 0.5155912 -0.24899412
v -0.30417388 -0.92717081 -0.13443636
v -0.98893094 0.13423673 -0.25884819
v 0.35530278 -0.87357592 -0.10876163
v -0.36036038 0.0372904 0.25904297
v -0.71081399 0.84758681 0.14257136
v 0.17565405 0.62865358 -0.34018698
v 0.36250028 -0.86338889 -0.13470253
v -1.17531585 -0.24446272 0.04549063
v -0.78478163 0.76496952 -0.08071763
v -0.8767904 -0.60072034 0.0378902
v -0.68537879 0.92536324 0.1772882
v 0.1442255 -0.83273798 -0.28249019
v 0.65845269 0.77850014 -0.21634197
v 0.7095527 -0.29854697 0.10711538
v -0.04709481 0.88636964 0.2050168
v -0.73243725 0.88588964 -0.1185905
v -0.65560638 0.97551542 -0.20705671
v -0.32326272 0.78267473 0.191539
v -0.13369309 1.24675273 0.25554576
v 0.98407423 1.00883352 0.04860132
v 0.36423629 -0.86018937 -0.03841467
v -0.95914465 1.14286196 -0.16625574
v 0.05316139 2.09291672 -0.20567473
v -0.13725853 1.16206383 0.25326758
v 0.14743632 -0.94270992 -0.06326326
v 0.18844173 0.74300628 0.22274817
v 0.55822777 2.05404591 0.04292877
v -0.332073 0.89822727 0.17654357
v -1.19736409 1.14039504 -0.07031121
v -0.41565117 -0.7038809 -0.34672644
v 1.01063394 0.30151221 0.02008947
v 0.29813271 2.08482766 0.20640404
v 0.56959921 2.01456928 0.0546715
v 0.74106854 -0.47767311 -0.13929325
v -0.06444353 -0.41501149 0.21665604
v 0.7685554 1.96432757 -0.03865782
v 0.27052593 1.93403232 0.24592219
v -1.160259 0.06299725 -0.18774065
v -0.06351628 -0.64005249 0.15592508
v 0.43375572 2.20562958 0.03088589
v 0.68840944 0.74871432 -0.22175766
v 0.88407331 0.25768941 -0.19526596
v 0.10142464 -0.24848705 0.23919478
v -0.10235529 2.09142351 -0.25791066
v -0.62654614 -0.79652905 -0.1664318
v 0.8724941 0.32933068 -0.20545609
v -0.16027163 2.15601873 0.24574959
v -0.42153009 1.83665847 0.23421406
v 0.24372407 1.13926506 0.23773984
v -1.2245897 0.84919828 -0.16715872
v -1.25527358 0.69882184 0.10876762
v 0.00212829 0.94065403 0.2001485
v -0.6253103 -0.46953588 0.17850501
v -1.23980009 0.3989112 0.099024
v -0.3499659 -0.91414988 -0.13781851
v -0.92643141 1.16327834 0.12767252
v -0.79396474 1.02137434 0.04700467
v 0.07784428 1.12625312 -0.17678529
v -0.76559472 0.80123686 0.05084111
v -0.53283244 1.83988034 -0.2461106
v -0.76379007 0.78500759 0.05044631
v -0.41727858 1.89840471 -0.21319043
v 0.42174816 1.23538625 -0.24380278
v -0.80369263 1.05270767 0.0428611
v -0.5724647 1.1474173 -0.24855068
v -0.08372658 -0.35626819 0.22775663
v -1.04371929 0.11911615 -0.24812498
v -1.10110294 1.14313173 -0.16534455
v -1.27234947 0.79349929 0.075434
v 0.14620252 2.06313347 -0.10563503
v -0.78108823 0.77699297 0.0702974
v 0.36043435 0.1748369 0.25259712
v -0.89399015 -0.46607667 0.13652032
v -0.15364897 0.89468538 -0.23785676
v 0.99305301 1.58192241 -0.05925076
v -1.16222143 1.1335299 -0.13148863
v -0.27189931 1.36224508 -0.19429445
v 0.69962537 0.88165825 0.16405613
v 0.36662137 0.95408481 -0.25071933
v -0.28851392 1.37308263 -0.17911897
v -0.12932415 -0.89296525 0.02268764
v 0.31522569 1.93763947 -0.25408461
v -0.46328777 0.47549244 0.23176495
v -0.28780758 1.51018154 -0.17865052
v 0.70758414 0.94591844 0.1678045
v 0.78173542 0.82913869 -0.19517774
v -0.36601665 0.77930396 -0.27149361
v 0.71499657 -0.35576593 0.08458023
v -0.95436996 1.05057752 -0.21825841
v -1.09481251 -0.39496403 0.06951541
v -0.60752761 -0.59494841 0.14581747
v 0.93633997 1.04943323 0.13587853
v 0.02320734 1.23200976 0.22479245
v 0.5968877 1.16857636 0.01187765
v 0.37636444 -0.22646279 0.21720571
v -0.93755942 0.32341912 -0.25028628
v -1.25877177 1.05369162 0.01586924
v -0.01390273 1.06763744 0.22871467
v -0.83091753 1.10808265 0.04661968
v -1.16635227 -0.12746644 0.13220571
v 0.04475207 0.80565446 0.19018285
v 0.46526783 -0.33809834 0.17949162
v -0.64794403 -0.66809135 0.11004458
v 0.34551072 2.15786862 -0.15897244
v -1.18764424 0.10228236 -0.16325669
v 0.56915903 -0.71711492 -0.10707818
v -0.78041601 -0.55517578 -0.28872925
v -0.26060777 -0.9360851 -0.06492886
v -0.40298861 0.3046422 -0.34730476
v -0.00577091 2.20023226 0.22296577
v 0.27471634 2.0255649 0.22675983
v 0.59510719 0.91131097 -0.04140564
v -0.8093574 0.52485811 -0.21255613
v -0.79511982 -0.5221551 -0.29341593
v -0.80501186 -0.55639505 -0.2675535
v 0.60639172 1.1689558 0.02053203
v 0.37387195 -0.19524295 -0.33477428
v 0.59549009 0.96159493 -0.01569376
v 0.42405578 2.03387618 0.21783246
v -0.89649152 1.07918393 0.17421913
v 0.80144524 1.95115077 -0.08149744
v 0.94730955 0.60373985 -0.13994514
v -0.84551674 -0.14400932 0.21334767
v 0.59484851 0.92779678 -0.03548803
v -0.31745532 1.16032278 0.17513284
v -0.73922967 -0.60099506 -0.28855273
v -0.45209598 1.82347858 -0.24553208
v 0.92105078 0.44780272 -0.17374095
v -0.84673446 -0.18946901 0.21001912
v -0.14304523 2.12515473 0.25273594
v 0.72445845 1.66729617 0.17953619
v -1.13549017 0.7576785 -0.23361209
v -0.44010511 2.06111693 -0.07717583
v -1.10525584 -0.2521516 0.16250254
v -0.50218057 1.976879 0.18992753
v -0.67118513 0.47774234 -0.2989031
v 1.00895023 0.4491156 -0.06870871
v -0.05211033 2.40647196 0.07707525
v 0.60217332 0.90527612 0.03659967
v 0.15771415 0.74737805 -0.31708201
v -0.87647116 0.34514188 0.21843455
v -1.19226002 0.44078472 0.17835104
v -0.90002596 0.26781237 0.23005361
v -0.65189594 0.38743329 0.21044085
v 0.02932171 -0.85987067 0.05004105
v 0.00310995 1.00167679 0.210656
v -0.25600907 1.1215955 0.20319132
v -0.71688044 1.92739081 -0.04937792
v -0.25471058 1.18196427 0.2075404
v -0.68261468 -0.76628363 -0.16348546
v -0.86373925 0.46252328 0.20993013
v 0.09709738 0.31384941 0.25923243
v 0.2740373 0.56268781 0.24003703
v 0.7904247 1.88974511 0.12539398
v -1.1908034 1.0529443 -0.16290541
v -0.72635024 -0.72211229 -0.18503806
v 0.91322547 1.42349493 -0.17211414
v -0.82997012 0.39012846 0.20054413
v 0.46082523 0.51931089 -0.31875535
v -1.11552178 -0.37524896 -0.07006276
v -1.05844903 0.17593826 0.24605488
v -0.60039359 0.59134632 0.21125325
v 0.09122332 -0.46619343 -0.36441701
v -0.6162278 1.96775639 0.16060809
v -0.14541848 2.40055942 -0.09293261
v -0.1653586 0.9964261 0.22406841
v -0.39669084 0.68211484 0.22404599
v 0.45820975 -0.24418823 -0.31729689
v 0.49395439 2.11408329 -0.11780714
v 0.49987644 1.06585502 -0.19739159
v 0.73098027 1.91660714 -0.09526961
v 0.34465295 2.05302882 0.22569765
v -0.06444007 2.17577171 -0.24556145
v 0.37215957 2.05040669 0.2247769
v -0.39488968 2.05483746 -0.01740525
v -0.75660038 0.83401513 0.0436577
v -0.92498588 1.05014288 0.20594546
v -0.35202702 2.12573599 -0.0555408
v -0.75728982 0.82568198 0.04506385
v 0.60959607 1.77680456 -0.007476
v 0.30215507 1.10025739 -0.25077661
v 0.62735801 -0.64481276 -0.13389103
v -0.84671932 0.79588699 -0.18018445
v -0.95483875 1.05028128 0.218493
v -0.75297564 0.62188839 0.15000566
v -0.44944635 1.11195445 0.25061619
v 0.93002086 1.89256417 -0.04187093
v 0.48357686 2.15677285 0.07259485
v 0.86889475 0.40051341 0.17035093
v -0.12559776 2.37478208 0.13671432
v 0.69425791 -0.01904492 -0.26400083
v 0.85863447 0.18630498 0.14340676
v 0.78406924 0.92812782 0.19063468
v 0.06047419 -0.95647883 -0.08908788
v -0.52205163 2.085572 -0.02788301
v -0.12298548 2.39550089 0.10902982
v -0.21862852 1.13701582 0.22701877
v -1.1501826 -0.19116915 -0.15438543
v -0.12513314 -0.90499132 -0.23011545
v 0.59814119 1.8685826 -0.01638739
v -1.15864086 1.10876572 -0.15713357
v 0.61175209 1.77462637 -0.01212985
v -0.21776264 2.38311362 0.05572238
v -0.02175032 0.72277659 -0.32896879
v -0.71711581 -0.57533788 -0.31386038
v 0.60679447 0.79900187 -0.21951538
v -0.76949352 0.69402676 0.10695648
v 0.85274946 1.88808906 -0.13752989
v 0.36238682 0.00254198 -0.34143587
v 0.95724493 0.92323374 0.10558534
v -1.03831565 0.20384658 0.25088259
v -0.39982485 2.00778484 0.12824749
v 0.26201024 1.07306027 0.23985104
v -1.02422094 0.52339243 0.25690075
v -1.08237183 0.25265574 -0.24025693
v 1.02043247 0.50718164 -0.00107307
v 0.74754113 -0.49969783 -0.08497455
v -0.63471978 1.83390224 -0.21208716
v 0.78306734 1.96641409 0.01867782
v 0.3900296 -0.83414304 -0.02054733
v -0.75396984 0.01087528 -0.33121085
v 0.10841085 0.90275049 0.15307445
v -0.6370185 1.79452323 -0.21834687
v 0.33644247 -0.74444818 -0.27858203
v -0.75879788 -0.55814796 0.12928198
v 0.80427885 0.55090457 0.19642581
v 0.59433895 1.29218292 0.04386938
v 0.78253078 1.77160966 0.17651239
v -0.89764231 -0.36874187 0.18000255
v 0.64453715 0.53231096 -0.28164482
v 0.24841079 0.23064655 0.25881961
v -0.58679467 -0.52402395 -0.35255622
v 0.98571944 0.54063612 -0.09941762
v -0.80144077 -0.53023606 0.12731975
v -0.24688637 -0.92830431 -0.03608074
v -0.42899826 2.02402329 -0.12937267
v 0.10070528 0.18096768 0.26391112
v -0.01880431 1.14761352 -0.23826561
v 0.63669323 -0.6462301 -0.05653056
v 0.00854752 1.26074385 -0.23252716
v 0.58421891 1.06427264 -0.06821069
v 0.60969704 1.33999657 0.04367431
v -0.43650883 2.04162454 -0.11034276
v 0.29966837 2.11470723 -0.18889616
v -0.90336394 -0.58860802 0.01041332
v -0.90903139 0.43197786 -0.23845294
v -0.72380238 1.89810562 -0.070018
v -0.7874397 0.95624238 -0.0757729
v -0.49214896 1.75967335 -0.25755867
v -0.17076134 0.72603213 -0.32094985
v -0.87700015 0.36421355 -0.25334775
v 0.60034757 0.856781 -0.17462803
v 0.22166144 2.058465 -0.18878077
v -0.08770336 1.26066982 0.25712931
v -0.81930309 0.98622536 -0.13385586
v -1.1643449 -0.27873006 0.04155805
v -0.05864785 -0.76296329 -0.33926922
v -0.02809701 2.13208341 0.24439981
v -1.14040899 -0.34422421 0.01481409
v 0.62771683 1.73824656 0.06746633
v -0.22304163 1.24075436 -0.22761094
v -0.23491154 -0.69595331 -0.36153611
v 0.3109574 2.22269749 -0.04979071
v 0.69831425 0.99666106 -0.16459704
v 0.46316227 2.17336273 -0.07461084
v -1.02489459 -0.35531163 0.1668671
v 0.02433625 0.92269253 -0.22140421
v 0.46398577 1.90370059 0.22654511
v -0.85603952 0.6614381 0.19206032
v -0.33265081 0.97410124 -0.19388532
v -1.22999215 0.2602649 -0.10547217
v 0.6606751 0.91386485 0.13361908
v 0.04296752 1.09500527 0.20362393
v -0.18740963 2.23597478 -0.21514904
v -1.03122782 -0.28838622 0.19314107
v 0.66453242 0.96188587 0.13596606
v 0.11126026 2.09034299 -0.14449247
v 0.5929293 1.32983648 0.05020499
v 0.6531099 1.04004001 -0.12558956
v 0.72406613 0.77334517 0.19041428
v -0.41278201 -0.86176979 0.01198391
v 0.66762715 1.03397214 -0.14109946
v 0.1201418 2.14184117 -0.12352075
v 0.8653236 0.18924789 -0.20205447
v 0.14788192 2.06690502 0.10561887
v 0.96617543 0.26525867 0.09566775
v 0.99807089 1.4801929 0.02743148
v 0.73473024 1.93657004 0.05682897
v 0.60856729 1.72408831 0.02207201
v -0.78603398 0.81775683 0.07909297
v 0.59973961 0.8329938 0.14781108
v -1.12391567 -0.22246372 -0.173579
v -0.2607645 2.2991178 -0.12432869
v 0.40266981 -0.04426509 0.23628704
v -0.58869773 -0.63334178 0.13251993
v 0.51168769 0.87898242 0.18229809
v -0.0646777 0.8485201 0.20146767
v -0.92463743 1.05095803 -0.20547539
v -0.89647299 1.07644414 -0.17569533
v 0.06256935 2.34897017 0.01520816
v 0.39923423 -0.79627174 -0.21006792
v -0.25706738 0.87684899 0.15556937
v -0.27151045 1.10415363 -0.18773317
v 0.95649462 0.59473931 0.13682973
v -0.15622247 2.35284066 -0.15288338
v -0.27615606 0.84668195 -0.23687125
v 0.93573069 0.62981092 0.14905795
v 0.59376835 1.16466212 0.04425231
v -0.51628273 0.81819146 -0.25484943
v 0.8690325 1.42042613 -0.19643293
v 0.61306911 1.13658964 -0.05449572
v -0.26553458 2.23247671 0.16543085
v -0.41790044 -0.54672437 0.1816544
v -0.3357886 0.83732187 -0.24421562
v 0.33175557 -0.79229909 0.04576676
v 0.15350447 -0.81195622 0.07074794
v -0.76301837 0.6699416 -0.11455394
v -1.2136439 0.17071746 -0.13225825
v 0.14888984 2.14187741 0.04110559
v 0.75820493 -0.47628626 -0.10478621
v -0.35872504 2.02516102 0.0282513
v 0.04239971 0.83773654 -0.2787435
v 0.24380329 1.96811056 -0.23115818
v 0.08242318 -0.82452511 0.07025331
v 0.54829943 -0.73278921 -0.04071091
v 0.59972113 1.2094084 0.04676972
v 0.42507833 2.15991807 -0.13246004
v 0.94030243 0.20223583 -0.14712087
v 0.77656543 -0.27185919 -0.19662976
v 0.05406887 2.33999967 0.0732709
v -0.77453142 0.84481078 0.04428239
v 0.80957984 -0.17322419 -0.19337101
v -0.28132787 2.16590619 0.17494368
v 0.06025752 2.34446454 0.04697505
v 0.93248927 1.57725215 -0.15747696
v 0.24212038 -0.77855414 -0.29037085
v 0.83669608 -0.10083156 -0.18691964
v 0.35054656 -0.74378806 0.06837934
v 0.85908758 -0.14051346 -0.15624861
v -0.98426002 1.1381607 -0.17848216
v 0.77123183 1.14593529 -0.19413329
v -1.28007209 0.95009088 0.04288623
v 0.51790684 2.12438654 0.0588531
v 0.71181732 1.75687062 -0.17075932
v -0.72307407 1.79124069 -0.1324446
v -0.83662098 0.57849556 -0.1860179
v 0.04598003 2.20617985 0.19019758
v 0.6359815 1.82583034 -0.00834484
v -1.09126174 -0.29938462 -0.17178854
v -0.60298681 2.05461359 -0.05179365
v -1.21953713 1.10613429 0.0767632
v -0.24736622 2.33373832 0.10264962
v -0.77907383 0.87385529 -0.06285343
v 0.86767053 -0.16829089 -0.13253513
v -0.6223827 2.00704288 -0.11759104
v -0.29673808 -0.69245243 -0.36095619
v -0.84220051 1.0490725 0.13541911
v -1.26017284 0.78982311 -0.1080511
v -0.77240628 0.85491043 0.05705686
v 0.24556624 2.05534553 0.20366457
v 0.32938465 1.98915278 0.24600772
v 0.72284948 0.39986643 -0.26720926
v -0.85284453 0.06330695 -0.31252744
v 0.97953903 1.74594795 -0.06911679
v -0.82867968 -0.65742325 -0.13907666
v -0.98585319 1.20653164 0.10532837
v -1.07618522 1.0207833 0.23570567
v 0.47952377 1.17592036 0.21631352
v -1.23805165 1.0985949 0.01487493
v -0.75808465 0.64475184 -0.1406624
v 0.23386387 2.17935466 -0.08422791
v 0.26509013 -0.82442599 0.04417591
v -0.50880879 2.00741672 0.16577731
v -0.87807053 0.56187355 0.21253299
v -1.25712859 0.42761343 -0.0421727
v 0.90684765 0.62395298 0.16381833
v 0.0399376 1.25389576 -0.21486817
v -0.9023934 0.5809797 0.22587806
v -0.97933173 0.56372791 -0.25195053
v -0.47886738 2.00334119 0.16745445
v 0.98764473 0.6329559 0.08615023
v 0.55144751 -0.71750021 -0.02024177
v 0.13699625 -0.75402933 -0.3191002
v -0.39899393 0.32497951 0.24845591
v 0.23669278 -0.90171021 -0.16700726
v 0.63734632 1.80723679 -0.05987308
v 0.21134273 2.13814425 0.11985424
v -0.0343668 2.4115777 0.04494519
v -0.84230035 -0.43544313 0.15607129
v 0.92468082 1.86559176 0.0741355
v 0.79254204 0.1086881 -0.23422849
v 0.54606586 2.01499223 0.12098662
v -0.8763743 0.43230655 -0.23787803
v -0.33833372 -0.92271202 -0.0646504
v 0.60583621 1.5420531 -0.03859783
v -0.29778108 -0.81875294 -0.29785975
v -0.91476988 0.49621391 -0.23365074
v -0.4172368 1.75074505 -0.24266144
v -0.4009245 0.84640187 0.21954718
v -1.01513648 0.8033145 -0.25692114
v 0.30295273 0.9995014 0.24429026
v -0.95538628 -0.0600903 -0.28272491
v -0.88133674 0.49399858 -0.22422702
v 0.83894521 1.68959868 -0.2011879
v -0.69419467 0.77723622 -0.17856556
v -1.15030884 0.55978423 -0.21897192
v 0.22357849 -0.92623484 -0.0848659
v 0.59708261 0.66228908 -0.273299
v -0.86906164 -0.32534167 -0.30244964
v -0.70323592 1.75065898 0.16418564
v 0.63718271 1.13004887 0.10806577
v -1.0100944 0.63553297 -0.25451761
v -0.62446415 0.81526988 -0.22916045
v -0.59566485 1.09774982 0.23990424
v -0.99236911 0.27523592 -0.25293624
v -0.38974651 1.05978894 0.22600697
v 0.62574946 -0.32557353 -0.2655029
v 0.22696669 0.85024672 0.21920089
v -0.98955881 -0.49774563 0.06526788
v 0.46509841 -0.44412764 0.15191252
v 0.15872234 2.09886956 -0.08989643
v -0.71259599 1.0438981 -0.1518394
v 0.49865892 -0.37708026 0.16224344
v 0.38279318 -0.16261373 0.22627547
v 0.82689619 1.59667694 0.19601832
v -0.94571167 -0.52678054 0.06129135
v 0.98093611 0.72774201 -0.06634967
v -0.11980751 -0.37820899 -0.37939786
v 0.2259978 2.12462043 -0.14673195
v -0.76226973 0.71383929 -0.03856402
v 0.39701283 2.19266057 0.10450111
v -0.78356492 -0.33164048 0.18543632
v -0.95466822 -0.36924317 -0.23419259
v 0.53739148 2.05871152 0.10579422
v 0.96751385 0.79444646 0.08931373
v -0.76458406 0.71061313 -0.04254725
v -0.89076226 -0.34963232 -0.28723618
v -0.19680616 2.37985062 0.09276772
v 0.48384794 0.75287979 0.21376858
v 0.60276591 1.68148493 0.02145028
v 0.00608756 0.76922875 -0.31480285
v -1.18905365 0.98717516 -0.19035305
v -0.72562056 0.79483592 -0.13487725
v 0.60276466 1.67945873 0.01842007
v -0.34659045 1.88860094 -0.17267732
v 0.14656189 1.95178937 -0.16234207
v -0.27550813 -0.41102215 0.220082
v -0.18892613 2.30883503 0.17531897
v 0.60315161 1.68207728 0.01942376
v -0.63188624 -0.07265415 0.22453811
v -0.73456555 1.88545513 0.04755183
v 0.56472051 -0.16772398 0.18909883
v 0.36001536 1.8929975 -0.2571671
v -1.0144056 0.12567386 -0.25414845
v 0.58023238 1.99899578 0.00890181
v 0.53081554 0.7694748 -0.25518074
v -1.04885792 1.13333559 0.18670001
v 0.60230177 1.67418146 0.02118706
v -1.01627767 1.13332414 0.18725007
v 0.71291685 0.84802246 0.17255401
v -0.93897032 0.43148207 -0.24365708
v 0.78354555 1.82013714 -0.18103383
v -1.19166564 1.16428828 0.01463377
v -0.38223835 1.1307851 0.22533373
v 0.21794048 2.02785015 0.20058515
v -0.76165753 0.97378242 0.00598785
v 0.77957993 0.24751578 0.18481777
v -0.0481559 0.6054632 -0.34648627
v -0.94556105 -0.45303863 0.13401222
v 0.69189918 1.77503633 0.1395979
v -0.6642034 2.00254344 0.05811525
v 0.89440977 0.55616426 0.16917327
v -0.62159431 -0.7214415 0.08594719
v 0.19207006 -0.83895814 0.04938932
v -0.748124 0.79331702 -0.08682784
v -0.6974858 -0.48882639 0.16253289
v -1.05048239 -0.12958295 0.22411659
v -0.73981714 0.7802596 -0.10931807
v -0.12344169 2.42714309 0.01615269
v 0.09114625 -0.5216825 0.18618695
v -0.30266651 -0.20405449 0.24781166
v 0.35315078 0.51184678 -0.33267968
v 0.94799739 1.87125778 -0.02469464
v -0.09753411 0.97427642 -0.24208717
v 0.9450435 0.92816072 -0.12316967
v 0.55790317 1.9400146 -0.11432143
v -0.78450292 0.75384038 0.08372922
v -0.87481904 0.78162753 0.20460975
v -0.20576125 0.92541331 0.19276525
v -0.52416461 -0.69202351 -0.33064562
v 0.433353 -0.82927006 -0.09905969
v 0.08436805 2.09192895 0.17792944
v 0.6089825 0.97254455 -0.0277134
v -1.16285538 1.1920731 0.01453757
v 0.17841549 1.3705151 -0.19945618
v 0.94489783 0.35433763 0.12950731
v -0.13628755 2.30353117 -0.19608524
v -1.26304245 0.47124093 -0.0108966
v -0.15719424 2.18508052 -0.24060373
v -0.52799528 0.90735596 0.24295598
v -0.82462894 1.10529017 -0.013517
v 0.35264125 2.2020123 -0.10325428
v -1.28306984 0.78728848 -0.01173792
v -0.81559628 0.14571422 0.21023358
v 0.4824129 -0.7582274 -0.18260015
v 0.4916605 -0.76913613 -0.15741619
v 0.66400474 1.47037446 -0.15259847
v 0.14921535 0.17527745 -0.36011341
v 0.55003047 0.21095159 -0.3102203
v -0.53726786 1.78927969 -0.25358912
v -1.09521961 -0.09050812 -0.21837149
v 0.13812077 1.97897338 -0.14342616
v 0.16020017 -0.34144142 0.22172164
v -1.06306731 -0.40110927 0.10877417
v -0.74360638 -0.68576687 0.07718428
v 0.31676816 -0.63333642 0.12339703
v 0.54373014 0.96389526 -0.15685305
v 0.82544487 0.98399424 -0.19114284
v 0.6425426 -0.52011984 0.05467447
v 0.51709908 1.06804049 -0.18236205
v 0.44079169 0.19544896 0.24551326
v -0.69626373 0.85430753 0.16040939
v 0.33411809 -0.84375494 -0.19752091
v -0.01116923 -0.64771789 0.1533135
v -0.13005404 -0.72557085 -0.35409152
v 0.30507805 -0.68964755 0.10400746
v 0.31433817 2.02947998 0.23301509
v -0.17451477 0.79388833 -0.29268142
v 1.02199423 0.49026611 0.02432071
v 0.60114449 -0.38813838 -0.26693919
v -0.20664216 0.8130424 -0.27419367
v -0.11240336 2.19662928 0.24369183
v 0.71912825 1.89832985 0.0896831
v 0.90399408 0.66646051 -0.16879645
v 0.18469846 0.85006535 -0.27040892
v -0.06304401 0.92549216 -0.24120985
v -1.13347601 1.16235256 0.12741187
v 0.60954362 1.42454397 0.04446112
v -0.614214 0.94628262 -0.2318266
v 0.11666151 2.23685646 0.07402012
v 0.68502181 -0.50047278 -0.1902018
v 0.24150395 2.20477175 -0.0053254
v 0.79907077 1.55584001 -0.20860312
v 0.50297647 1.08136534 0.19377359
v -1.24165391 1.08253324 0.04467361
v -0.58645063 0.78684467 0.22282935
v 0.4875293 0.66318076 0.22333467
v -0.73807573 0.78050774 0.09885365
v -1.22914433 0.25790429 0.1089168
v -0.40324172 -0.66670739 -0.35851883
v -0.80967325 0.92201393 0.13391166
v -0.3810682 2.01196384 0.1046516
v 0.35835051 2.22889781 0.02704793
v 0.76658386 1.66875624 0.19169271
v 0.68572706 1.90947091 -0.01367603
v -0.48418569 1.82321846 -0.24997937
v 0.59924888 1.57071983 -0.04067729
v -0.60360783 1.86916244 -0.21873867
v -0.84297585 1.12817907 -0.04233112
v 0.72845965 -0.42944181 0.04216066
v -0.77660149 -0.48986098 -0.31322097
v -0.26785689 0.66996544 0.21530515
v -0.98721534 -0.41495668 -0.18283711
v -0.41599082 1.04918098 0.2374271
v 0.37564525 2.16241788 -0.1507557
v 0.59484165 1.5417211 -0.04532887
v 0.72072213 0.82890963 -0.19239652
v -0.76295179 0.74473476 0.03682994
v -0.57504785 0.63547885 -0.28210872
v 0.62696486 0.92109853 0.08686962
v 0.59455728 1.02462816 -0.00678175
v -0.76441294 0.74274587 0.03531762
v 0.98678308 0.22898209 0.05227584
v 0.0161836 2.25423455 0.19039087
v -0.98276233 -0.26184198 0.21180434
v 0.6052618 1.57358312 -0.04580636
v 0.67364573 1.82892608 0.09701708
v -0.92159891 0.65079581 -0.23424565
v 0.02601575 -0.83485674 -0.29606428
v 0.60159641 1.58272695 -0.04453407
v -0.76584082 0.74248272 0.0408344
v -0.88230395 0.52415496 -0.21885141
v 0.55768847 -0.67647332 -0.19252678
v 0.39276951 -0.49025952 -0.31378445
v 0.80969357 1.87235772 0.13604226
v 0.11198692 -0.78067845 0.09120842
v -0.38797903 2.03487086 0.07447401
v 0.48642846 -0.7306959 -0.2090044
v 0.86055511 0.31728971 0.1636839
v 0.89514422 1.78256833 -0.16853787
v 0.1541484 0.98100996 0.16926917
v 0.61190056 0.90817838 -0.0606165
v -0.72818487 0.05629184 0.21278081
v -0.46318417 1.01733768 -0.2504512
v 0.51216357 0.83791697 -0.22867812
v 0.48079153 -0.79586404 -0.09214744
v 0.45846992 2.18457436 0.05532924
v 0.52318537 -0.76335424 -0.08391437
v -0.42469176 0.93882072 0.23234903
v 0.17978794 2.10879588 -0.11358017
v 0.61779028 0.87550038 -0.13749578
v 0.89602851 0.18415786 -0.18133536
v -0.79674559 -0.6154803 -0.22856453
v 0.29068628 -0.9011476 -0.11399453
v 0.81934583 1.93170189 -0.10547402
v 0.98970007 0.97556841 0.01326253
v 0.63928979 0.87362754 -0.14769516
v 0.32281309 -0.88918572 -0.11094524
v -0.75918537 1.75057327 -0.04007145
v -0.77690488 -0.67830193 -0.18585692
v 0.40871477 1.04719507 0.24024562
v -0.13102316 -0.57071661 0.17928037
v 0.40323197 1.9762367 -0.24104076
v 0.98818588 0.88372695 -0.00007196
v 0.25064829 -0.18100397 -0.35383361
v 0.55881679 0.98070013 -0.12859681
v 0.32585594 0.22733399 0.25505206
v -1.04868042 1.13336801 -0.18659582
v 0.02434233 2.24090051 -0.19139915
v 0.5255742 0.9405328 0.16674129
v -1.10612702 1.04944121 -0.21779441
v -1.16475331 0.95375359 -0.21476969
v -0.22621406 2.38294935 0.03203129
v 0.37026566 0.78893309 0.23196439
v 0.50051933 -0.60067635 0.08614078
v 0.98813247 0.27796253 0.0736766
v 0.98933786 0.77060216 -0.02341195
v 0.52967971 -0.56192243 0.09209464
v -0.24943016 2.36146307 0.04282355
v -1.22733604 0.17696516 -0.10518262
v -0.59512114 2.01944136 0.12519109
v -0.85660404 1.0782957 -0.13528235
v -1.0793693 -0.42983889 -0.06497235
v -0.49646553 2.05987882 0.10218601
v -0.39958062 0.15513208 -0.35887467
v 0.8760395 1.89293336 0.09889871
v -1.07451379 0.95454937 0.24979193
v -0.51512855 2.06956553 0.08358338
v -0.35783472 1.79075574 -0.20926874
v 0.44022572 -0.7493025 0.02833946
v 0.93217504 0.77090686 0.13720859
v 0.36363685 1.14583921 0.25590094
v 0.57179451 -0.61792695 -0.22436894
v -0.11706437 2.28190469 -0.21048998
v 0.74317926 1.95211911 -0.04466694
v 0.44310289 -0.55030435 0.12389149
v 0.96948993 0.41267609 -0.13180351
v -0.88166338 -0.27043467 -0.30312511
v -0.38239279 0.51361542 0.23487173
v -0.20659327 2.33544373 -0.14203365
v -1.20049011 0.40591079 -0.16525173
v 0.81551295 1.9651376 0.02472237
v -0.31876364 0.70295631 -0.31061217
v 0.53454113 -0.42202007 -0.28578323
v 0.73923152 -0.13557343 0.13474652
v -1.01607632 1.13312768 -0.18726252
v -0.15222096 2.38050675 -0.1218288
v -0.9582172 -0.26120731 0.21327373
v 0.45245504 1.09045767 0.22664286
v -0.8434385 -0.32629597 -0.31195426
v -0.62739825 0.62537354 0.20392324
v -1.10647034 1.05022752 0.21743558
v -0.49186921 1.11332225 0.25616145
v 0.83168506 1.96773505 0.00188746
v -0.48574528 1.88442468 -0.23443792
v 0.52558267 0.92362469 -0.18408417
v 0.3970156 0.98335784 -0.24520984
v 1.01542627 0.4473102 0.07540028
v -0.60075563 -0.63919115 -0.33022123
v 0.08916685 0.90807986 0.15167704
v -1.24825215 0.91402852 -0.1355912
v -0.32948619 2.24504876 -0.01908073
v -0.01499406 -0.95548504 -0.13443915
v -1.17297411 0.40494287 -0.19406002
v -0.84232193 0.98881626 -0.1632667
v 0.04797642 -0.75156635 -0.3324151
v -0.05821965 -0.9569568 -0.13108728
v 0.80813121 1.92401516 0.09915275
v 0.14738421 2.12381124 -0.0558964
v -0.0176744 2.40640258 -0.03559044
v -0.00738356 -0.94722348 -0.15875023
v 0.45251938 1.12097573 -0.22782224
v -0.83260065 -0.45535129 -0.29394689
v 0.247602 2.0164628 0.21998499
v 0.41915988 2.07538414 0.2009325
v 0.59720444 1.59481096 0.04645894
v -0.43284437 2.02575683 0.12969824
v -1.0763328 1.05234217 0.22515465
v 0.15931305 2.10649275 0.08060815
v -0.41700825 2.06495022 0.03261001
v 0.55993658 1.95694232 0.11626829
v 0.65865886 1.75022304 0.11506513
v 0.17932297 -0.62133729 -0.34066608
v -0.39686161 -0.46191242 0.20585645
v 0.09541092 2.28361845 -0.07166738
v -0.82033085 -0.69464862 -0.07484098
v 0.16467958 2.12781858 0.0536189
v 0.62083393 1.58615899 0.08341391
v 0.08475851 2.09216404 -0.17752155
v -1.12343502 -0.27697625 -0.15267363
v -0.58015543 2.0498085 -0.09050834
v 0.88241964 1.91489458 -0.09114861
v -0.47082072 1.78298187 0.2540214
v -0.81744194 0.34101596 -0.28403347
v -0.39040774 1.95250093 -0.17026095
v -0.84081977 1.13171136 0.01694176
v -0.39400365 -0.03753881 0.25420925
v -0.19497442 2.09258413 0.24045787
v -1.14028978 -0.1676729 0.15409843
v 0.96415406 1.42835152 -0.1237222
v -0.33354336 2.12656474 0.10952378
v 0.94869917 1.06350207 -0.12137176
v 0.5435183 1.90027689 0.15944649
v -0.32410961 0.6813575 0.2157841
v 0.91104549 1.70940363 0.15272837
v -0.16213406 0.06371274 0.26477223
v -0.58585 2.0698781 -0.01890024
v 0.88523924 0.82597214 -0.17216312
v 0.15176811 2.12572073 -0.05675102
v 0.60356515 1.68588674 -0.02569302
v 0.0499199 -0.91671103 0.00470667
v -0.01402934 2.30964469 0.1738808
v -1.2040534 -0.12648664 0.04770913
v -0.77783238 0.92431616 0.05352998
v -0.68939113 -0.60807079 -0.31335997
v 0.94159638 1.64181268 0.13300634
v -0.30184984 2.24820923 -0.10761541
v -0.27327939 0.85565996 0.15142741
v -0.08792988 2.09255099 0.25738427
v 0.01739059 -0.93730688 -0.01803493
v -0.6366204 -0.6363458 -0.31962841
v 0.63108044 1.49077808 -0.1112091
v -0.23319131 2.38027143 -0.01714614
v -0.70660406 1.93722236 0.06813079
v 0.60481745 0.60377436 -0.28254458
v 0.49584844 2.16132521 -0.01788517
v 0.4796561 1.06093788 -0.2112237
v -0.74748641 -0.36813408 -0.33304989
v -0.88474178 -0.61849135 -0.0233624
v 0.2782298 2.18169736 -0.1179131
v 0.03430932 0.51670563 -0.35410723
v -0.53900551 0.74570721 0.22978536
v -0.27724719 -0.49800908 -0.37767019
v 1.02306389 0.44055062 -0.02059046
v 0.69097739 1.84573853 -0.1215326
v 0.59565717 1.11805272 -0.0123955
v 0.594554 1.11852598 -0.02683534
v -0.7792741 0.91733694 0.06418256
v -0.94768077 0.09310378 0.24134193
v -0.05644806 1.11476683 0.24655897
v 0.61015534 1.26176333 -0.04396423
v -1.13411021 1.12891876 -0.15968333
v -1.23208022 0.07858618 -0.07275381
v 0.14823836 2.12447881 -0.0558121
v -1.02174842 0.24608331 -0.25189545
v -0.42730939 0.93493282 -0.24373552
v 0.87708741 0.94013309 0.17453961
v 0.25145492 -0.41693407 -0.34517279
v -0.97002065 -0.53591638 -0.0224416
v -0.00876451 1.25595033 -0.23993578
v -0.00299034 2.35475421 -0.12524557
v 0.14608363 2.13242316 -0.05862865
v -0.98024034 0.23994232 0.25278794
v -0.23001074 2.33883833 -0.11760325
v 0.83741504 1.42301237 -0.20469041
v 0.2055086 1.2327876 -0.21826171
v 0.37057972 2.22908449 0.00406904
v 0.14749424 2.12373113 -0.05548103
v 0.50818866 2.02640175 0.16571565
v -0.21629804 2.17461776 0.22109359
v 0.14742392 2.12358522 -0.05579781
v -0.16939915 1.04996538 0.23272937
v 0.71697706 1.92853045 0.0439476
v 0.14737416 2.12413644 -0.0558175
v 0.60136151 1.28529322 -0.0463126
v 0.86226052 0.3897722 -0.21222379
v -0.31813609 0.42357099 -0.3455435
v 0.14738133 2.12279319 -0.05627802
v 0.14740324 2.12395811 -0.05581152
v -0.79910433 -0.69700712 -0.12697485
v 0.15011413 2.10952162 -0.04930603
v 0.9236797 0.21138642 -0.16345022
v 0.10319218 0.93036902 -0.19609081
v 0.53945261 0.65235626 0.22031223
v -0.38900733 2.03956532 -0.06467744
v 0.14935843 2.13653397 -0.04051384
v 0.60572207 1.71940743 -0.02654157
v 0.8430047 -0.32351243 -0.05736304
v 0.98546499 0.22992721 -0.07173563
v 0.95746094 1.5207839 0.11923241
v 0.60785657 1.7220273 -0.02335165
v -0.1173571 0.69932419 -0.33071938
v 0.04122125 2.10314774 0.21424846
v 0.59329593 1.28889989 -0.04800128
v -0.02505641 2.38046002 -0.10652213
v -0.27818545 -0.26246422 -0.37571239
v 0.93616229 -0.00166221 -0.06445921
v -0.06825247 0.92299455 0.21611948
v 0.31640768 0.0902666 0.25359144
v 0.96506708 1.77688932 0.07118783
v 0.59386128 1.2145673 -0.04307054
v 0.64179813 1.60135197 0.11821393
v 0.91584897 -0.02328825 -0.11445338
v 0.60107642 1.63337707 -0.0452115
v 0.73979628 0.36136621 0.20401772
v 0.65991497 1.65520775 0.13554601
v 0.91850447 0.04510653 -0.13568553
v -0.21711263 1.11128485 -0.22240649
v 0.90942585 0.076996 -0.15493276
v -0.08412702 1.02727901 -0.24410885
v 0.59410542 1.28086519 -0.04258512
v -0.66469764 0.70221918 -0.21530357
v -0.64598059 1.96506702 -0.13788142
v 0.7377814 1.00454294 -0.18383365
v 0.59976822 1.24540209 -0.04688035
v -0.09213775 0.95326721 0.2247288
v 0.18322683 2.00121831 -0.18524096
v -0.75801646 0.9321435 0.0428703
v 0.7207697 0.99927294 -0.17685256
v 0.02394109 0.37242418 0.25613319
v 0.86265331 0.25564929 0.15425418
v 0.59457618 1.05755603 0.00057945
v 0.63419377 0.89856267 0.10761018
v 0.0451106 2.26569032 0.16221007
v -1.07697486 -0.27518627 -0.19287286
v 0.94492787 0.67819178 -0.13414922
v 0.04038954 1.01532173 -0.20085643
v -0.164807 2.1409316 -0.24644495
v -0.32611689 -0.09504965 -0.37090477
v -1.23390638 0.13329507 0.07791116
v -1.24752414 0.23624491 0.04721832
v -1.00644457 -0.29343625 0.19884045
v -0.8971337 -0.13288968 -0.30392047
v 0.608011 1.72194802 0.02233233
v -0.65787291 1.83418357 -0.19578373
v -0.62290203 1.98159873 -0.14368577
v 0.80340308 -0.19204631 0.08339343
v 0.93976908 0.00192636 0.00423833
v -0.89420604 -0.05549698 -0.30453929
v 0.26940473 2.09326148 0.1937865
v 0.58229214 0.79551619 0.17569936
v 0.26272064 -0.75711673 -0.29484927
v 0.78853648 1.60992157 0.19766429
v -0.49713909 -0.88060736 -0.04981289
v -0.86548829 0.95664101 -0.19328524
v -0.61201369 1.93762135 -0.18384181
v 0.09902358 2.14176607 0.15505568
v 0.1196202 2.25884723 0.01681555
v 0.08212661 2.22291898 0.14699421
v -0.63563001 -0.75452703 -0.22340253
v 0.82896918 1.95222592 0.05184976
v -0.92776858 -0.48861956 -0.18422646
v 0.12884426 1.93550109 -0.1423954
v 0.10845809 2.28278756 0.00182046
v 0.60691303 1.66015923 0.0427366
v -0.24784921 2.13680863 0.20922611
v -0.94765442 0.51573264 -0.24402038
v -0.07461063 2.42201066 -0.04476215
v 1.00171804 0.51202732 -0.07400345
v -1.18919134 1.1620053 0.04005906
v 0.58828109 0.89360743 0.07480553
v 0.65832233 -0.60224878 -0.01744087
v -0.04132338 -0.56793433 -0.37223297
v 0.08126904 0.83601778 0.17452184
v -0.7076897 0.54457181 0.18315476
v -0.10305367 2.16831851 -0.25048115
v -0.80321651 0.89106988 -0.12277249
v -0.68710517 1.85068273 -0.16325897
v -0.86285179 -0.36804616 -0.2987419
v -0.3114494 0.88119143 -0.20377661
v -1.27504861 0.91008025 -0.07613544
v -0.60088688 0.83899974 -0.23812858
v -1.15469598 0.41251522 0.21057045
v 0.84966903 1.06491589 0.18769498
v 0.26482352 -0.00627517 0.2524704
v 1.00812971 0.28716945 -0.01118626
v 0.60666823 1.09094333 0.03186243
v 0.52946484 1.93752527 -0.15992125
v -0.04302599 2.41656136 -0.03448934
v 0.24692228 -0.88343238 -0.19255013
v -0.34016394 0.89461505 -0.21270513
v 0.61920499 1.1350851 0.07310233
v -0.6710897 2.00582647 -0.01385412
v 0.90617466 0.20787647 0.1232837
v -0.49050527 2.08693504 0.01677696
v 0.53755623 1.79829096 -0.16032432
v -0.02787117 0.99406993 -0.23173986
v 0.87059724 1.841609 0.13559787
v 0.09394703 0.93417811 0.14690886
v -0.28176721 -0.85242867 0.04011432
v 0.00703347 2.37929725 0.0760168
v -0.03230867 0.94243085 -0.23339371
v -0.70506769 1.95589077 -0.03012801
v -0.55085164 2.00341439 -0.1629759
v -0.43258911 -0.80826026 0.05418802
v -0.7381519 1.7887727 0.10390649
v 0.11413415 1.08239162 0.15055628
v -1.20797574 -0.05359271 0.07878281
v -0.15923571 0.96341252 -0.23297333
v 0.82451635 0.06517423 0.13622769
v 0.0625376 2.30873942 -0.10577723
v -0.15719576 1.0250777 -0.23760595
v 0.58220619 0.70116871 -0.2668387
v 0.05284431 2.29878354 -0.12863789
v -0.32299718 1.91135859 -0.13313557
v -1.07951629 1.08291304 -0.21101662
v -1.19583535 1.0785433 0.14167942
v 0.61738389 1.03029358 0.06392806
v -1.16627633 -0.24060575 -0.10089132
v -0.6520695 2.02613115 0.00802414
v -0.54439741 1.88099336 -0.23299048
v -0.31899699 2.26644635 0.028903
v -0.61538362 -0.56649267 -0.34465274
v -0.80122453 0.48615118 0.18846379
v -0.72476065 0.81470084 0.12066911
v -0.69712853 -0.53611141 -0.33130142
v -0.46047022 2.06120133 0.09036375
v 0.36179482 2.2287209 -0.02460291
v 0.17537099 -0.4824402 -0.35319331
v 0.95150512 0.13987657 0.07060273
v -0.22523517 2.09246325 -0.22672949
v -0.29119873 2.3120439 -0.04042507
v -0.16376999 0.8338806 0.19160006
v -0.34813445 1.73534584 0.20509021
v 0.36051207 2.05270886 -0.22487199
v -0.63741642 2.00597167 0.10134344
v -0.68966823 1.07252347 -0.17906455
v -0.28937742 1.02641284 -0.17859177
v -0.71694046 0.75630247 0.1334448
v -0.63045656 1.79999387 0.22088362
v 0.41262504 0.47767141 -0.32715249
v -0.96034842 -0.17103762 -0.2778356
v 0.57218027 -0.53067147 0.08779776
v -0.65954291 0.86028266 -0.20488193
v 0.4151912 1.89279544 -0.24686394
v -0.76292395 0.74576264 -0.05489567
v 0.79248505 1.12129747 0.19614432
v -0.95061212 -0.24862478 -0.2733367
v -1.23831987 0.63816523 -0.13354055
v 0.41848725 2.2139852 -0.0221879
v -0.74930155 1.78583705 0.07476354
v 0.48347982 -0.56653535 0.10601769
v 0.81267803 0.81249427 -0.19445832
v 0.54773688 -0.27095028 -0.29476708
v -1.07332205 1.19185495 0.12659205
v 0.05910265 -0.20726084 0.2458135
v 0.58896273 0.81161451 0.16402967
v 0.51728463 2.11395049 -0.07458318
v 0.35993099 1.9792577 0.24745304
v 0.93661546 0.84010756 0.13057075
v -0.1359175 2.41634655 -0.06121701
v -0.81286329 0.67976319 0.15252155
v 0.07325995 -0.30606165 0.23198984
v -1.22174608 0.76726251 0.1670947
v -1.05959153 0.31620994 0.25093403
v 0.62332397 -0.15055203 0.1758679
v 0.18711166 1.08222079 -0.20245793
v 0.88468253 0.60174483 -0.18577861
v -0.57550221 0.36067289 0.22402893
v 0.32436034 1.15728414 0.25645494
v 0.28553023 2.18196725 0.12124396
v 0.44016885 2.17839789 0.09484003
v -1.27918291 0.77585393 0.04451464
v -1.08132135 0.25426438 0.24285334
v -0.56618142 1.89654278 0.22247576
v 0.71558773 1.59341597 -0.18771462
v -0.25553825 0.8104946 0.16960844
v 0.70609277 0.10875821 0.1919509
v 0.69211244 -0.42745932 -0.21500265
v 0.82393115 1.90299081 -0.13390357
v 0.73905611 0.1131432 0.18147912
v -0.82460141 1.08019208 -0.07527021
v -0.23330025 -0.22007301 0.24697245
v -0.58351683 1.86687946 0.22746381
v -0.12889663 2.41183471 0.07589283
v -0.01825015 2.31550025 -0.17169807
v 0.29810601 2.11178588 0.19038602
v -0.75597482 0.72511619 -0.07185351
v -0.94817864 0.20982573 0.24552628
v -0.5763452 0.77248561 -0.24904988
v -0.14725859 -0.95514386 -0.07398773
v -0.17867924 1.07601141 -0.235476
v 0.46130663 -0.70076668 -0.24884541
v 0.78942561 1.91333556 0.10794238
v 0.42295047 0.96783834 -0.23807449
v 0.25837853 1.89570701 0.24435539
v -0.14550909 -0.94283109 -0.1599875
v -0.4244928 2.07139754 0.00105743
v -0.54211348 0.75597882 -0.2574312
v -1.21780836 1.04894566 -0.13433006
v -0.1607293 -0.94815582 -0.14045047
v -1.1703366 0.12459808 0.17879371
v -0.11277389 -0.02692319 0.26204833
v -0.35048714 -0.8098824 -0.29502847
v 0.01708281 0.62893897 0.23157817
v -0.94463104 -0.50427734 0.09140837
v -1.14179384 -0.24538472 0.12353242
v 0.62095701 1.71915984 -0.06872373
v -0.89403069 0.90137106 -0.21957115
v -1.07276618 1.16286456 -0.15806993
v 0.33223989 -0.45440837 0.17699983
v 0.74160724 0.5887205 0.20632138
v -0.04914024 0.5813409 0.23653052
v 0.73272168 1.76921927 0.16516631
v 0.60509616 -0.50433677 -0.24690479
v -0.74128973 0.97438329 0.09954198
v 0.10675759 0.95595663 0.14323039
v 0.59697359 -0.53643626 -0.24254487
v -0.06502129 1.05426788 0.2408607
v 0.16041532 -0.47358307 0.19373598
v -0.07293615 -0.72571027 -0.35089585
v -0.83296209 0.15235535 -0.31042471
v 0.61162036 1.66982424 -0.05544854
v 0.89779764 0.46712851 0.16410672
v -0.47050383 1.78363537 -0.25391435
v 0.60667616 1.03868877 -0.0139702
v 0.18254186 -0.93494737 -0.11032035
v -0.16366842 2.28123116 -0.20226505
v -1.12971746 0.09565743 0.21034418
v 0.59471744 1.04605138 -0.01140002
v -0.5657261 1.78375959 0.2489119
v -0.90747004 0.27307376 -0.26166379
v 0.64711791 1.13334918 0.12201611
v -0.34944975 -0.69916188 -0.35519075
v 0.86454379 -0.05135183 -0.17408874
v -0.76352411 0.71651691 -0.03703345
v 0.87861764 -0.06715317 -0.15576678
v -0.55409836 1.95936143 0.19467668
v 0.26558762 -0.85329562 0.02516624
v 0.94590437 1.70016181 0.1215905
v -0.75471311 0.73732799 0.07648468
v -0.15942175 -0.0249491 -0.37392056
v -1.15197682 0.1392945 0.19682332
v -0.85698235 1.07996642 0.13439662
v 0.62960606 0.77049833 0.18622303
v -0.37884798 0.80108368 0.21074546
v -1.25248456 0.47189149 -0.07406805
v -0.55581092 2.01372933 0.15197487
v 0.38993215 2.21250081 -0.06856658
v -0.74383276 0.53766888 -0.24552419
v 0.79794478 -0.03073775 -0.2223217
v -0.10158558 -0.05486596 -0.37487784
v -0.56478601 1.78384721 -0.24907305
v -0.43713915 -0.8678931 -0.19055561
v -0.62854832 -0.79649734 0.02852616
v -0.49779027 2.08584666 -0.02958641
v 0.48039451 2.08364725 0.15885919
v -0.55469149 1.75095355 -0.25288671
v 0.36494562 1.22251629 -0.25565618
v 0.34367379 2.13492584 -0.17864705
v 0.58747279 -0.38366052 0.13490061
v 0.15803867 1.99487447 -0.16283428
v -0.21251034 1.07466208 0.2211347
v -0.13328583 1.25128686 -0.25558477
v 0.20705242 2.17021417 0.05945053
v 0.06920708 -0.60839265 0.16293394
v -0.00649034 -0.92509412 -0.2017527
v -0.16903872 1.16349601 0.24745276
v 0.00495936 -0.93820327 -0.17823202
v 0.21648913 2.18725705 0.0237977
v -0.23529556 2.26384663 -0.17494162
v -0.53509551 1.81857216 0.24982681
v 0.64193058 1.04539287 -0.11125014
v 0.37552803 -0.30140051 0.20408736
v -1.21722054 0.98635757 -0.1628509
v 0.03421947 -0.94342142 -0.16270205
v -0.77613079 0.91524761 -0.04737203
v -0.7402265 0.65024071 -0.15569761
v 0.13159367 2.02613854 0.10818952
v -0.87079483 1.10482215 -0.13109485
v 0.08296672 -0.94108927 -0.15297448
v -0.73123896 1.02097642 -0.12217214
v 0.8973611 0.77656126 0.16209058
v -0.47318095 -0.87897992 -0.13403824
v -0.8889541 -0.55729413 0.0722274
v 0.09442631 -0.93125253 -0.17395454
v 0.90112286 0.8470391 0.15972526
v 0.8427881 -0.20388339 -0.15177929
v -0.7620179 1.75108826 0.01103687
v -0.8629027 -0.55853945 0.0883948
v -1.22664117 1.10950148 -0.04635066
v 0.72670304 1.94530797 0.01426869
v -0.28109669 1.15845358 -0.18164812
v 0.69123578 -0.25525254 0.12916901
v 0.35819223 -0.83386743 0.00225262
v -0.39657759 2.05077743 0.04545298
v -0.2783651 1.10557651 0.1839036
v -0.76620876 0.84577685 0.04629932
v -0.38706138 2.02429676 -0.09279948
v -0.70285379 -0.78454881 -0.01385491
v 0.49788296 -0.25637188 0.1892637
v -0.69115442 -0.19768543 -0.34080076
v 1.01359415 0.35116478 0.05471933
v 0.659446 1.03028965 0.13372328
v 0.55322963 0.93093818 0.13127526
v 0.08945115 -0.95124459 -0.06445222
v 0.032252 2.12611103 -0.21801593
v -0.74680435 0.95818275 0.0853393
v -0.86695933 0.80078369 -0.19924567
v 0.26341331 0.60306793 -0.33512216
v 0.82403999 1.75083613 0.1808599
v 0.22334305 1.07638573 -0.22765252
v 0.0396253 2.09123444 -0.21533535
v 0.96421432 1.66172432 -0.11676964
v -0.03971643 1.26838052 0.24996845
v -0.80945545 0.60060036 -0.16626425
v -0.76947623 0.75783968 0.04870017
v -0.25682866 0.88341563 -0.20339486
v 0.69304889 1.84944963 0.10575826
v -1.10906982 1.08146405 0.20247985
v 0.52419352 0.0456155 0.22620508
v -0.49203401 1.98861813 -0.18051138
v -0.36441436 1.13546264 0.21472667
v -1.08675777 -0.43102195 -0.01155478
v 0.89708852 1.73316514 -0.17682722
v -0.32920089 -0.15706175 0.2513585
v 0.71677684 0.68247681 -0.23505789
v -0.53081154 1.97351241 -0.19027291
v -0.35067221 -0.40773552 0.21895939
v -1.06304502 -0.4549717 0.01449145
v -0.99430662 -0.13851276 0.23319144
v -0.05673727 -0.86517131 -0.27773571
v -0.32121706 -0.65558403 0.14204625
v -0.01137758 -0.8840698 -0.25779306
v 0.79963308 0.36568927 -0.23989832
v 0.14258274 2.19085598 -0.00843617
v 0.75316804 1.85934269 0.13636277
v 0.02769188 -0.89714813 -0.23949448
v 0.99837046 1.57765352 -0.03172888
v 0.20227947 1.10557246 0.21471405
v 0.04908779 0.92223012 -0.21294997
v 0.30563488 2.18124604 -0.12923319
v 0.86019665 1.58400118 0.18812301
v -0.06681357 -0.9174152 -0.2153007
v 0.58593601 0.94273239 -0.05803744
v -0.21015034 1.24236273 -0.2338248
v 0.44510445 1.94060087 0.23231519
v 0.80703663 1.01161515 -0.19370774
v 0.09767367 0.75491541 0.20985513
v 0.65330201 1.47647333 -0.141373
v -0.00280338 -0.70791816 0.12883304
v -1.25885891 0.95587986 0.10789313
v 0.13746336 1.89649617 0.15853694
v -0.11063495 2.29618239 0.20325723
v 0.90637379 1.92335498 -0.02900374
v 0.9068045 1.0387268 0.1596699
v -0.84547948 1.13135147 0.04285246
v -1.04948902 0.98850274 -0.24775037
v -1.06518542 -0.45362916 -0.0390407
v -0.7836256 0.70567852 0.11063844
v -0.85472577 0.57870036 0.19783374
v 0.12705172 1.90010142 0.14414955
v 0.64901006 0.19623513 -0.28674334
v 0.85685455 0.76656276 0.17908011
v 0.1762896 1.99863016 0.17997206
v -0.51225483 2.03281545 -0.13997772
v 0.17228277 2.14495444 0.02674587
v 0.19479098 2.02507019 0.18542958
v 0.66974198 -0.60025286 -0.03607877
v -0.33155956 -0.44315996 -0.37519696
v -1.23056173 -0.0065588 -0.01085193
v 0.89244467 0.0497096 0.09471464
v 0.43768081 -0.40991622 -0.31103992
v -1.13459456 0.16529129 -0.21369049
v -0.32169601 2.16113281 -0.12259556
v -1.07659471 1.02149891 -0.23544457
v -0.87952947 -0.58554184 -0.14969983
v 0.14327186 2.1235814 0.07293915
v 0.67915558 1.01108264 -0.15081389
v 0.95304995 1.79508698 -0.103453
v -0.31029281 1.11640441 -0.17464022
v 0.70017463 1.65957915 0.16843193
v -0.6326701 2.04255056 -0.00156554
v -0.708265 1.89555609 0.1095696
v -1.07438468 -0.39927876 -0.11687072
v -1.13624966 1.01813125 -0.21613904
v -0.42409166 0.57953989 -0.32076731
v -0.24391332 1.02588164 -0.20034176
v -0.08053898 1.10404157 0.24881832
v 0.5916332 1.85370039 -0.0431199
v 0.64756262 -0.52320474 -0.2126536
v -0.35823214 0.66179257 0.22154809
v -0.57162398 0.45071184 -0.31779506
v -0.95474213 0.95554602 0.24246795
v -1.20561194 1.10560882 0.10558517
v -0.98644495 0.98770171 0.24439504
v 0.26733925 -0.67338764 0.1180586
v -1.22894883 -0.00960679 0.01950704
v -0.07519287 -0.28692525 -0.37785399
v -0.08041884 2.40070724 0.09963803
v 0.39906203 2.05241441 0.21823573
v -1.0221225 -0.45927259 0.09010359
v 0.57053911 1.83731377 0.10843061
v -1.1090064 0.98912578 -0.23509447
v -0.37270236 0.16192704 0.25812059
v 0.33929881 0.76743608 -0.29239377
v -0.00660037 -0.32488495 -0.37542006
v -0.43151056 2.04697513 0.09848474
v 0.9168778 1.10335838 -0.15379844
v 0.85429394 1.90012872 0.10688883
v -1.0523746 -0.4306249 0.0898432
v 0.09619749 0.8820095 -0.24823704
v -0.43250206 1.91534209 0.21156156
v -0.05779597 -0.87732607 0.03811003
v -0.92664861 -0.3668591 0.18105742
v -0.08494559 2.35748052 -0.15666127
v -0.93347454 -0.18696059 0.22444757
v 0.0668004 0.9041444 -0.22870497
v -0.33374226 1.95253837 0.11322615
v -0.19265748 2.15903258 0.23496864
v -0.40526557 1.91206181 0.20164516
v -0.20102483 -0.83631426 0.0592229
v -0.85229247 -0.52433782 -0.24299672
v -0.65941959 0.78718268 0.18953174
v -0.4998478 1.90954065 -0.2259832
v -0.6405093 2.01286816 -0.08570022
v -1.10162293 0.04370934 0.22226165
v -0.26161661 0.89558327 0.15700657
v -0.68389052 0.44617879 0.20062121
v -0.58125364 -0.61233633 -0.34340471
v -0.30184647 0.73952841 0.19949024
v -0.8958168 1.0487287 -0.18874956
v 0.19041574 1.23125791 -0.20810033
v -0.24798491 0.790021 0.1794404
v -0.92818665 0.15105842 -0.27608722
v -0.94919127 -0.28875681 -0.26595652
v -0.82447928 1.07972621 0.07473627
v 0.67271882 1.01376152 0.14549975
v 0.57566392 1.97283828 0.06761673
v -0.20443643 0.76458638 0.19308018
v -0.90694212 0.23625227 -0.26921397
v -0.56192445 -0.34120127 0.21135026
v -0.73194062 -0.71589189 0.0618174
v 0.72703146 0.94318753 -0.1800946
v -0.93269723 0.25240716 -0.25843811
v -0.24462963 2.28658556 -0.15226486
v 0.71938985 0.88157057 -0.18187075
v -0.92441731 1.08090627 0.19085729
v -0.65102309 -0.80880951 -0.10679006
v 0.71861761 -0.39232334 -0.20647208
v 0.99402993 1.66778564 0.02673891
v 0.03278695 2.3441739 0.1022082
v -0.78552138 0.98765271 -0.04709198
v -0.2930926 0.88819581 -0.19442147
v -0.2008837 -0.90369784 0.00505678
v 0.57382911 1.78340089 -0.10078632
v 0.43008232 2.08532047 -0.19058223
v -0.18896795 -0.92691302 -0.02001923
v -0.83194202 1.01812052 -0.13824753
v 0.75227403 0.85341584 0.18591249
v 0.13910529 1.98414111 0.1433244
v 0.33920201 0.91119378 0.24041351
v -0.80389219 0.98749351 -0.10490819
v -0.80147063 1.02025365 -0.07772208
v -0.37292167 0.90961355 0.20523907
v -0.7421962 0.60903698 0.15731237
v 0.41374477 0.37961638 -0.33027184
v 0.27842387 2.12527656 0.17509543
v -1.25723552 1.01955306 -0.07765063
v -0.6437844 2.01736378 0.07093513
v -0.71450328 0.65948218 0.15358425
v 0.58391583 -0.48709282 0.10108351
v -1.26912057 1.02136182 -0.01263054
v -0.34419769 1.21711099 -0.20039497
v 0.33915761 2.16962885 0.14717394
v 0.58936488 0.95659446 0.03870905
v -0.53123164 0.89546513 -0.25201857
v 0.54170739 1.19948363 -0.15973895
v 0.08939869 2.31287145 -0.01973444
v 0.86154967 0.03608001 0.11095866
v 0.30671992 0.6756441 -0.32144141
v -1.22567975 1.01578927 0.14136731
v 0.12657128 0.80834132 0.19416786
v -1.26520264 1.02079284 -0.04591596
v 0.81265711 1.73191618 -0.20266419
v -0.20771773 -0.63797807 0.15429253
v 0.15670818 0.87100958 -0.25899726
v 0.99427926 0.56411659 -0.07635404
v -0.32599589 2.22247362 0.07573811
v 0.58093673 -0.00279311 -0.2984201
v 0.80723375 0.93373262 0.19108131
v 0.2329799 0.94965308 0.22186879
v 0.57849824 -0.11390553 -0.29504442
v 0.36295434 2.17688632 0.13708433
v -0.51154726 0.91563397 0.24464638
v -0.31028121 0.97997427 0.16640844
v 0.3907203 2.17620301 0.13078282
v 0.62690711 -0.06662485 -0.28316408
v -0.17869977 1.25121951 -0.24591934
v 0.23846189 -0.24334189 0.2306687
v 0.1866676 2.14269113 0.07790575
v -0.78276795 0.05978164 0.21066214
v 0.08242403 0.87666904 0.15991765
v 0.06398047 1.08138179 0.18727393
v -0.76538497 0.3105379 -0.30604702
v -0.12520642 2.25014233 -0.22462604
v 0.24144662 2.14628052 0.13716447
v 0.4467467 0.22490534 -0.32880863
v -1.01760649 0.11573606 0.24955327
v 0.29366487 -0.57708525 -0.3258835
v -0.96068531 0.20623496 -0.25883391
v -0.41335398 0.8587479 -0.24766983
v 0.39515844 -0.46064794 0.16309903
v 0.75832927 1.02629029 0.18939265
v -0.79230201 0.12636426 0.20915515
v 0.73948133 1.03770923 0.18469286
v -0.21782018 2.30854105 0.15808174
v 0.76666706 1.00810289 -0.19123706
v -1.16942048 1.01903605 -0.19557572
v 0.72148031 1.01558089 0.1767805
v -0.01416612 -0.94957459 -0.03715457
v -0.05456857 1.25812184 -0.25307405
v -0.6549288 -0.68490946 -0.28021997
v -0.36297234 1.92584598 -0.16685922
v 0.32744407 1.9877212 -0.24624176
v 0.02289695 2.28130579 0.17015339
v -0.6347267 -0.00368205 -0.34457969
v -0.10432595 1.09855294 0.24920974
v -1.22270011 0.95576834 0.16427533
v 1.01755952 0.34640237 -0.0156267
v 0.18452666 1.96100246 0.19730855
v 0.91106349 0.92181199 0.15403787
v -0.2155271 -0.60206538 -0.375077
v -0.72219449 1.89808499 0.075562
v 0.19543735 2.11176157 0.13036041
v 0.75525039 1.87160408 -0.15046404
v 0.87106889 -0.10371857 -0.15480114
v 0.06319061 -0.2950218 -0.37098047
v -0.11675679 1.24002742 0.25711619
v -0.32130739 2.12978982 0.13202695
v -0.09089206 2.21635747 0.23782306
v 0.97401893 0.23121103 -0.10234151
v 0.64976054 0.81598985 0.16408243
v -0.83627373 0.95508867 0.16438867
v -0.68409431 1.97336554 0.06803073
v 0.59679448 1.17827749 -0.04631675
v -0.13380245 2.09229016 0.25577735
v -0.33494654 1.04377424 0.18502901
v -0.72250187 1.87465035 -0.09656634
v 0.52288395 0.11886419 0.2316246
v 0.5962091 1.15465211 -0.0447272
v -0.29351064 1.02040815 0.16843207
v 0.59700715 1.54814863 -0.03404277
v -0.12291611 2.35580945 -0.15751856
v -0.80679512 -0.39685979 -0.3170582
v -0.75569051 0.59982711 0.15920327
v -0.26593065 0.98938679 0.17636556
v 0.79514128 1.96920788 -0.0330627
v -0.16485257 1.24012839 0.24994601
v 0.91207796 1.85583174 -0.1186885
v 0.95097982 0.042135 -0.02974151
v -0.95471161 0.95537155 -0.24249132
v -0.92433524 -0.42891487 -0.22950139
v -0.77559649 0.95078349 -0.02587945
v 0.39947339 2.17256975 -0.13125912
v 0.37243223 2.00923085 0.23879198
v 0.21825547 2.1785748 -0.0609191
v 0.59747076 1.31911957 0.0125286
v -0.38960656 0.24676148 0.25405731
v -1.13793754 0.98653411 0.22380036
v -0.98656368 0.98794001 -0.24436631
v -1.1011368 -0.40024074 0.04322731
v -0.37438905 0.74126976 -0.28821545
v 0.59784287 0.93997979 0.01311887
v 0.60487049 1.29751253 0.01223098
v -1.11254882 -0.36865091 0.07017322
v -0.30648112 2.12066984 0.15489946
v 0.20732106 2.13698267 -0.11712593
v -0.34488633 2.18966221 -0.03684768
v -0.0462177 2.25283956 0.21765895
v 0.59539973 0.97915566 0.00755961
v 0.0528482 1.11664331 -0.19713898
v 0.59777057 1.30343663 0.00696239
v 0.91180825 -0.11084312 -0.02802191
v 0.60546726 1.32023239 0.01401644
v 0.60353368 1.31874728 0.00639274
v 0.59543544 1.90870213 0.01115488
v 0.59980589 1.56466484 -0.04466134
v 0.41368186 1.90556681 0.24728901
v 0.52278345 -0.72696328 -0.00491695
v 0.60119724 0.92379021 0.0209655
v -0.33211898 -0.77728152 0.08297143
v 0.17776416 0.89653402 0.19183629
v 0.65829396 -0.5785526 0.00603538
v 0.83375775 -0.27911171 0.02486561
v 0.43218269 -0.65377968 -0.27987566
v -1.23221242 0.02302963 -0.0414167
v -0.26345294 -0.90969544 -0.19188164
v 0.4572862 2.13523578 0.13520711
v -0.33615356 2.13131833 -0.10255152
v 0.65299296 -0.55176329 0.02905537
v 0.19566838 -0.71740418 -0.32063195
v 0.07578399 0.67504823 0.22610645
v -0.71860647 -0.61826849 0.11843927
v 0.60200464 1.40388321 0.04630728
v -0.22488139 2.09248685 0.2269175
v -0.14507624 2.33108544 0.17446132
v 0.61932539 0.05170387 0.20761381
v 0.09848348 0.63452971 0.23256607
v 0.8649227 -0.25960737 -0.01181025
v -0.21121685 1.20506525 0.23335765
v 0.56995225 1.18610274 -0.11521529
v 0.60644048 1.04662442 -0.01091532
v -0.84065336 0.55146414 0.19320388
v 0.75881141 0.65235918 -0.22956959
v 0.47139149 -0.64430016 -0.26866599
v -0.0255203 2.39337372 -0.08385194
v 0.79309934 0.14086036 0.16459737
v -0.41547745 -0.88282102 -0.17368191
v 0.7378512 -0.2145908 -0.23029926
v -0.28761735 -0.01613837 -0.37095475
v 0.01488053 1.08263135 0.21794447
v 0.86123079 0.50472891 0.18009147
v 0.97088635 0.7751286 -0.08521417
v -0.64558196 0.05816281 0.22433744
v -1.13532829 1.05029094 -0.20493668
v -0.62681835 0.59357893 -0.28109115
v -0.19242079 0.81616193 0.18460549
v 0.63415032 1.0440967 -0.09865455
v -1.10760641 0.95603698 0.24117668
v 0.37933489 1.89446091 0.25495263
v -0.73983383 0.58205676 -0.2154407
v 0.63446056 1.77831554 0.05963905
v 0.97855055 0.89751815 -0.06255981
v -0.77435231 -0.14376369 0.2071015
v -0.33363139 0.95193994 0.17928619
v 0.41301229 -0.03622271 -0.33217942
v -0.98892271 0.77103155 0.2551136
v 0.67436051 1.77480864 0.12436401
v 0.29046216 2.20749115 0.0797481
v -0.02686122 0.74793356 -0.32247781
v -1.22175717 0.76545226 -0.16688755
v -0.75820702 0.9212144 -0.04421889
v -1.11193049 0.29964295 -0.23048836
v -0.13380494 2.09229707 -0.25577667
v 0.9661377 1.51805961 0.10684301
v -1.00011849 0.41893529 0.25736367
v 0.91120469 1.89705586 0.05336036
v -0.3179478 0.89248454 0.16636736
v -0.72453475 0.68878608 0.13571792
v 0.31707951 0.47740435 0.24550959
v 0.10648058 -0.86253947 -0.26558613
v -0.8124156 0.71875053 0.14093035
v 0.29296469 2.08405304 -0.20589655
v 0.73683911 -0.50326639 -0.1201657
v 0.12339372 -0.57369452 0.16951344
v 0.71603113 -0.52097195 -0.13827578
v -0.79237723 0.72490525 0.11083252
v -0.03954617 2.09229159 -0.25017324
v 0.10596115 0.95472413 -0.16437067
v 0.45482811 2.08076739 -0.17989213
v -0.77644741 0.93210548 -0.04331211
v 0.72007411 -0.49981582 -0.15237373
v -0.25786182 0.82906675 -0.25447058
v 1.0087769 0.46915313 0.09170397
v 0.523916 2.05536699 0.13022543
v 1.01328527 0.49372065 0.07896065
v 0.12275499 2.16295409 0.11170177
v -0.60987341 -0.27840015 -0.35008692
v -0.01926653 2.41032052 -0.01032768
v 0.61671239 0.86777633 -0.14978198
v -0.25965812 1.10179853 -0.19631241
v -0.22160288 0.85413312 -0.24205344
v 0.82237553 0.58556723 -0.21700394
v 0.60155272 0.8684144 0.10461138
v -1.24313628 1.02093148 -0.1096454
v 0.33569484 -0.35838666 -0.33451438
v -0.33366999 1.83333492 0.1809536
v -0.82381027 0.53151559 -0.2067933
v -0.77635258 0.93566101 -0.03735231
v 0.99407035 0.65624642 -0.04137096
v -0.05421489 2.35736036 -0.14963488
v -0.76156985 0.94141387 0.03076034
v 0.65126973 1.72873032 -0.1231575
v -0.73115849 1.86999785 -0.07784686
v -0.0310887 0.22356277 -0.36573147
v -0.77593427 0.80777126 0.05508216
v -1.04747903 0.95400053 0.25356617
v -1.07593917 0.98884826 0.2436687
v -0.34959062 -0.76050013 -0.33051684
v 0.1472381 2.09736728 0.06441763
v -0.48997154 -0.77519553 0.0697984
v -1.03753733 -0.40324708 0.12944765
v 0.60662835 1.175246 0.02258957
v -0.20311737 2.40000891 -0.02228532
v 0.59369379 0.91540265 0.03726994
v -0.22293438 0.76720601 -0.29981181
v -0.56637507 -0.67664408 0.11541912
v -0.26781818 0.89814806 -0.1857865
v 0.99244684 1.45550775 -0.0639149
v 0.53843087 2.10434532 0.0033305
v -0.7480511 -0.23111799 0.20065876
v 0.31216934 0.13069477 -0.34784591
v -0.52323788 -0.00374811 0.24244272
v 0.25413733 2.19351148 -0.0795612
v 0.12620659 0.72185272 0.220192
v 0.53614527 2.08663582 -0.06547574
v 0.98002064 0.63691961 0.10066106
v 0.27651703 2.05845451 -0.21394845
v -1.08019828 1.08284425 0.21087661
v 0.51569432 0.82143813 0.19044314
v -0.16122189 2.41716909 -0.03023912
v -1.23354458 1.08119952 -0.075394
v -1.0218476 0.98550808 -0.24870732
v -0.57361561 1.89054322 -0.22252936
v 0.29593139 0.85305577 -0.26556226
v 0.28362679 1.93621027 -0.24890293
v 0.52601963 2.08523821 -0.09235346
v 0.37397715 -0.64887642 0.10454802
v 0.20815505 2.00339031 -0.20305672
v 0.14066293 -0.2740834 -0.36451968
v 0.85492575 -0.28481102 -0.07775141
v -0.6759817 1.83390831 0.18028903
v -0.44686773 2.07963872 -0.00086127
v 0.97536021 1.61781501 0.08668552
v 0.98440522 0.74363464 0.05166711
v -0.38610744 2.04451489 -0.04263991
v -0.6533997 1.80363762 0.20568151
v -0.69051164 0.73925852 0.16417458
v 0.41308319 0.93304592 0.23208276
v -0.48149085 2.04808831 0.11877876
v -0.57216477 0.17299832 0.23490516
v -0.62882196 1.83255875 0.21578574
v -0.35872268 2.02606582 -0.02630591
v -0.83864033 -0.46199628 0.14606568
v 0.58346784 1.03205037 0.07188862
v -0.3672271 1.99950134 -0.10446986
v -0.48892739 0.23252858 0.24450737
v 0.93518739 1.87221634 0.04956014
v 0.98957228 0.67954945 0.05738035
v -0.02279073 0.70608896 0.21646399
v 0.13606464 2.2138369 0.01851836
v -0.29155179 -0.56629091 -0.37544477
v -0.7879104 -0.69280153 -0.15170198
v 0.4947527 -0.4132232 -0.29729494
v -0.03163411 2.21391224 -0.22820735
v -0.37169176 1.98433268 -0.12798737
v 0.09942791 0.99380582 -0.15381118
v -0.41280791 1.96870303 0.17234848
v -0.20508942 0.16607932 0.26465752
v -1.0935986 -0.33515444 0.13123948
v 0.67515426 0.4285441 0.21791455
v -0.44730398 1.98996365 0.17101655
v -0.92436951 0.98702985 -0.22542747
v 0.6751917 -0.41639095 0.08458083
v -0.74442058 1.86791563 -0.01368395
v -0.64625674 0.31249213 0.21601939
v 0.68680495 0.36948308 -0.27834039
v -1.02323377 0.06689601 -0.2531701
v -0.13110087 -0.61603331 0.16424229
v -0.77358526 0.4577564 0.18924106
v -0.05353461 0.52132833 -0.35318553
v 0.6375463 0.37035515 -0.29072183
v -0.98976773 0.06940341 -0.26267895
v -0.47815391 -0.85065305 -0.19409617
v -0.15655821 -0.7648341 -0.34097886
v 0.45895904 0.627622 -0.30875217
v 0.41760674 2.20107865 -0.07280933
v 0.12896148 2.17509555 -0.09172137
v -0.63383263 1.96886777 0.14581191
v -0.54148578 -0.80296587 -0.22515572
v 0.95906019 1.83863914 -0.05598956
v 0.56918722 0.91099941 0.10588
v -0.30683139 2.12254428 -0.15417812
v -0.66038382 1.92840623 -0.15170952
v -0.6755253 1.99021506 -0.05516434
v -0.23819324 0.452941 -0.35042026
v 0.57431513 1.99557697 -0.05813576
v -1.24371659 1.02033913 0.1088325
v -0.18706472 2.12515687 -0.24155774
v -0.2856372 2.12583327 -0.17857016
v -0.86227679 -0.228821 0.2078464
v -0.22561588 0.93162477 -0.20399779
v -0.56984931 0.9885618 -0.24648349
v -0.74080467 0.88778805 -0.10106156
v -0.43934056 1.78185272 -0.2480022
v -0.19934916 0.93004202 -0.21857623
v 0.53278619 0.44400006 0.23529169
v 0.56970137 0.47401526 -0.30291447
v -0.8052603 0.98807966 0.107359
v -0.37608131 -0.91636472 -0.07845999
v 0.02902193 2.36438107 -0.07357673
v -0.31728971 0.80067819 0.18219901
v 0.81245696 1.94060015 0.07724504
v -0.19075197 0.89110481 -0.22980038
v 0.00136203 2.22841239 0.20990739
v 0.4639686 1.71613442 -0.22617411
v -0.91624558 -0.31867623 -0.27881082
v 0.51272189 1.61008417 -0.19192861
v 0.1732773 -0.07617724 0.25368866
v 0.60710662 1.72423052 -0.02545893
v -0.91168952 -0.35493916 -0.27211082
v 0.50415301 1.79094719 -0.19487591
v 0.80111724 0.72462904 0.19036777
v -0.8558647 0.19631588 0.21591708
v -0.21760605 2.38508629 -0.04994974
v 0.6083734 1.72344303 -0.02241084
v -0.06101055 -0.58815336 0.17317129
v 0.53006172 0.69785016 0.21525757
v -0.27303895 2.30510258 0.100213
v -0.64839834 1.10743355 -0.21367682
v 0.84436452 0.81201827 -0.18768671
v 0.16563619 -0.42324653 0.20510004
v 0.75164663 1.81031215 -0.17653317
v -0.38082197 0.61157465 0.22733376
v -0.25114619 0.70433414 -0.31852078
v -0.98403161 0.7031039 -0.25293424
v -0.72263413 1.00926399 0.13551785
v 0.53640204 2.0127263 -0.12923273
v -0.67382574 0.59163564 -0.25937014
v -1.18959832 -0.08829624 0.10630188
v -0.46551978 1.93970418 0.20836223
v 1.02062022 0.48033708 -0.02276181
v 0.75221216 -0.47691285 -0.12229301
v -0.58429545 1.81834495 -0.23863276
v 0.41084596 2.18607354 -0.10730037
v -0.6652109 -0.60001492 -0.32493004
v 0.51764839 2.04153394 -0.14115263
v 0.16453842 1.93471932 -0.1849212
v 0.95559352 0.92554527 -0.10865893
v -0.99051874 1.07705044 -0.21625736
v -0.08784277 2.09256911 -0.25738298
v -0.76527768 0.81655925 0.05037064
v 0.41036379 0.86641258 0.22917971
v -0.10162838 1.25325405 -0.25764915
v -1.01873004 1.07811009 -0.21904243
v -0.07645656 2.2543261 -0.22262404
v -0.07695354 2.34441065 0.16731081
v 0.06965346 2.27522349 0.12794876
v 0.19827912 1.90266943 0.2148596
v -0.09992457 2.35612344 0.15835256
v -0.50282609 1.84425926 -0.24670191
v -1.26506698 1.02098643 0.04676567
v -0.82957035 -0.59843945 -0.20738506
v 0.54621529 -0.7417078 -0.06552836
v 0.31858092 1.22033429 -0.25575447
v -1.2691977 1.02036488 0.01788151
v 0.77193135 -0.45993983 -0.05291826
v -0.92452192 0.98644214 0.22566179
v 0.31277447 2.20853614 0.08790502
v -0.6143136 -0.43759778 -0.35115695
v -0.75492107 0.71179533 -0.09355554
v -0.95345002 -0.51908147 -0.11784717
v 0.11786532 0.99159205 0.14559315
v 0.47148847 1.04329776 0.21307231
v 0.60781872 1.77627337 -0.01264152
v -0.95539581 -0.49186369 -0.14806321
v -0.69873219 -0.64609152 -0.28400081
v 0.11869493 0.94682115 0.14753064
v -0.31453219 2.26158094 0.06183002
v -0.20657853 -0.69339698 0.13048657
v -0.95607799 1.08204388 0.20419415
v -0.025621 2.09203553 0.24614286
v -0.84817439 -0.65176266 0.00654637
v -0.05559456 2.39532566 0.10032345
v 0.59430903 1.09164011 0.02890102
v 0.57942551 -0.5112856 -0.25655213
v -0.82421934 -0.66513741 0.03134574
v 0.55029857 -0.60616779 -0.24422329
v -0.94598758 0.52282786 0.24575455
v -0.39059311 -0.761994 0.08723676
v -0.63321846 0.88064926 0.21088537
v -1.27421748 0.92499315 0.07578828
v 0.5956403 1.09599375 0.02204173
v 0.51084619 -0.6359511 -0.25368815
v 0.33067777 0.89760673 -0.25592365
v -0.68443012 0.56371659 0.18763791
v -0.75058656 0.64805477 0.13648085
v -0.67515844 0.65954905 -0.22345149
v -0.84027004 1.0826714 0.10610351
v -0.75013625 0.67777997 0.11886791
v -0.29054796 -0.56236076 0.18071605
v 0.37319898 1.93531286 -0.25349101
v 0.83171343 0.36111167 0.17961996
v 0.04696093 2.25936675 -0.16436731
v 0.497877 -0.57987463 -0.27465397
v 0.60850805 1.10010802 0.03207602
v -0.00878553 2.40111613 0.03850434
v -0.07704991 2.25591445 0.22210304
v 0.91707742 0.58415585 -0.16700205
v 0.49313247 -0.61352509 -0.26893451
v -0.94703286 -0.39680653 0.16641822
v 0.78345435 -0.30748239 0.05774954
v 0.01493115 2.38333964 0.05116522
v -0.72519832 1.91986239 0.01609769
v 0.16883944 0.60658532 0.23669067
v -0.70115184 -0.2184595 0.20613627
v -0.9708932 -0.39230606 0.16450275
v 0.47574889 2.13420414 -0.11801569
v 0.10868223 2.20749545 -0.11579697
v -0.9782862 -0.29306924 0.20365101
v 0.59723359 1.11556088 -0.04341631
v -0.2447824 2.20350909 -0.19516357
v 0.66797751 0.57688826 -0.27083963
v 0.644499 1.83816254 -0.03715791
v -1.09159171 -0.36078178 0.11349516
v -0.57524526 0.91907197 0.23568326
v 0.58823072 0.10602381 0.21920765
v 0.17722642 1.13751626 0.19714804
v -1.08543896 -0.38941189 0.09288998
v 0.9796164 0.1755248 0.03594278
v 0.17053666 1.0791645 0.188462
v 0.88597375 0.6792081 0.17036505
v -1.01968693 0.98723787 0.24814607
v 0.50369614 -0.20752997 -0.30928784
v 0.2315824 2.08673787 -0.17896339
v -0.46409764 1.92570889 -0.21523216
v 0.09047188 2.27553892 -0.09388385
v 0.04161223 -0.6648153 -0.35293948
v 0.53416794 -0.11300131 -0.30614531
v 0.25622978 2.08339881 -0.19397264
v 0.00579918 -0.71541142 -0.34683424
v -0.52766162 1.02460598 0.25269141
v 0.13700732 0.83725351 0.18562606
v 0.49346727 -0.18756334 0.20275749
v -0.86637711 1.04922986 -0.16384768
v -0.22658583 -0.79534733 -0.32246977
v -0.21888081 2.23660063 -0.1998858
v 0.71395814 1.87266528 0.10773355
v 0.23785994 1.92539477 -0.23459681
v -1.25339353 0.30185133 0.02053676
v -0.82990849 0.60461789 -0.17419612
v -0.39238059 1.89663696 -0.20186016
v -0.79852402 0.82254231 0.1083849
v 0.0590154 0.82780832 0.17947004
v -1.13807797 1.08209085 0.18822017
v -0.0256205 2.09143114 -0.24614244
v -0.86079287 0.57536768 -0.19948126
v 0.98609715 0.52190542 0.11491473
v 0.26180487 1.06590974 -0.24203963
v 0.09171441 2.1761806 -0.15557324
v -0.1786669 1.17324054 -0.24195337
v 0.60583931 1.11927056 -0.01413946
v -0.75983607 0.81290072 0.04854051
v -0.0404641 1.16754758 -0.24597121
v 0.00334844 -0.96028471 -0.08848044
v 0.60769224 1.11939001 -0.02871831
v -0.19623255 2.23754453 0.2106108
v -0.82112467 0.98833739 0.13524273
v -0.15825745 0.33036622 -0.36086207
v 0.6024096 1.67403328 -0.02728133
v 0.01481265 2.22068929 -0.20570981
v -0.65312349 -0.56254589 0.14983151
v 0.1428366 2.01076531 -0.13654802
v -1.18759501 0.65626341 0.19641196
v -0.10734844 0.32723641 -0.36195638
v -0.78988981 0.27230659 0.20065639
v 0.4862459 2.00162148 -0.19037692
v -1.24830699 0.85852748 0.13484863
v 0.76029861 1.95345234 -0.06396441
v 0.58611184 -0.577277 -0.23411776
v -0.96544534 0.16883918 0.24809326
v 0.10282562 0.87025433 0.16210708
v 1.00463652 0.55051302 -0.05269378
v -1.27610063 0.66874843 0.01905267
v 0.90177094 -0.07307357 0.0446877
v 0.16040848 -0.74404746 0.10388973
v -0.21602457 0.63460201 0.22302846
v 0.55618912 1.1702218 0.13994929
v 0.58628433 -0.70325136 -0.08045447
v -0.30446738 1.78767275 0.15964692
v 0.11576377 -0.56206262 -0.35574635
v 0.92139953 -0.04523559 0.02548599
v -0.2297468 -0.54515761 -0.3782559
v 0.51816022 0.20370356 0.23619154
v -1.2372843 0.98844111 -0.13576875
v 0.49190542 -0.64355289 0.06863029
v -0.80228406 0.59398269 0.16978675
v 0.98143386 0.90286636 0.04983565
v -1.24830126 1.04912793 0.07351803
v -0.29950499 2.18744492 0.14657326
v -0.95525062 0.60065507 -0.2464389
v 0.8624258 1.7382847 0.17361863
v -0.75233084 -0.35097745 0.18338586
v -0.07398768 1.17696046 0.25450623
v -0.58114886 0.0329501 0.23473173
v 0.89212071 0.40050375 -0.19458141
v -0.29632523 2.22390413 -0.13336007
v 0.98097086 0.16127222 0.00395364
v 0.61865067 -0.40613612 0.11639978
v -0.07437255 2.33433985 -0.17495057
v 0.64500999 1.72111856 0.10570153
v -0.30448725 0.75380754 -0.2939789
v -1.03011953 -0.39139127 -0.16567905
v -0.18676431 0.96322166 0.2099425
v 0.43826973 -0.78945058 -0.1881088
v -0.81502026 -0.40227714 0.16835603
v -0.29399123 0.90154314 0.15354968
v 0.31267654 2.22942352 -0.00615752
v 0.86891049 0.04659727 -0.18615144
v -0.54384744 1.89753246 0.22713473
v -0.78619247 0.95062279 0.07489847
v 0.30478102 2.22709775 0.01929998
v 0.16776883 0.97959393 -0.20420277
v 0.99629211 0.6573798 0.03865013
v 0.90934181 1.57565677 0.16274654
v 0.96515834 0.31787988 0.11083231
v -1.25028681 0.21537065 -0.00997651
v -0.54155707 0.61728942 -0.29601684
v 0.00984811 -0.35628533 0.22561633
v 1.00013518 0.64644712 0.01669255
v -1.24336457 0.13436029 -0.0411936
v -0.15081097 2.09132242 0.25316992
v 0.06045244 2.23068761 0.16708989
v 0.97825318 1.79089725 0.01744978
v 0.0105202 2.30771255 0.16054961
v -0.53758919 2.07986736 -0.04552793
v 0.9874736 1.73512935 0.02860181
v -0.84049809 1.08274221 -0.10659918
v -0.37271174 -0.84273821 0.03556313
v -0.40620181 -0.73015797 -0.33794325
v 0.68848842 1.12714695 0.16143983
v -0.44662812 -0.72642207 -0.33157855
v -0.1723614 2.35790586 0.14033862
v 0.36284011 1.13576483 -0.25315517
v 0.83306002 1.9610213 -0.05395703
v -0.68327987 0.96208185 -0.1840697
v -0.86943376 1.09894502 0.13434205
v -0.84417069 0.78164219 0.17575
v 0.85344284 1.95695936 -0.04021314
v -0.15315105 2.3552463 0.15101105
v -0.6206665 -0.69301509 -0.29315424
v 0.13891251 -0.94520002 -0.10564668
v -1.27067303 0.75647956 -0.07518409
v -0.75443154 1.81832277 0.02924382
v 0.32027545 -0.89054685 -0.06505617
v 0.59716928 1.5587778 -0.04434267
v -0.74438935 -0.73171567 0.03688021
v -0.20241108 0.48784309 0.24395604
v 1.00591254 0.5979985 0.03686164
v -1.05665719 -0.28694689 0.18279862
v -0.31995451 -0.86385262 -0.24580189
v 0.38440057 1.07483768 0.2476561
v 0.63443982 0.37136048 0.22370566
v 0.581739 0.98512637 -0.06991779
v 1.00650775 0.56480479 0.06562827
v 0.8153541 -0.34688684 -0.11693439
v 0.34680599 1.02228462 0.24821844
v -0.43788608 -0.85144579 -0.21642094
v -0.29225808 -0.09912931 0.25642266
v 0.75137585 1.702605 0.18404556
v -0.27476632 0.82071441 0.16284047
v 0.59880191 -0.54241746 0.06896227
v 0.9722523 0.72366547 0.09004346
v -1.10602247 0.67773789 0.24439367
v -0.72284644 0.92641609 -0.135099
v -0.51768469 0.61184245 0.22480581
v 0.60426735 1.55222725 -0.03807645
v 0.03082594 2.14366555 0.21632027
v -0.5236929 0.7309556 -0.26549589
v -0.12556083 2.31917738 0.18682703
v -0.50754046 -0.668545 -0.34424284
v 0.18300671 2.08738398 -0.13753151
v 0.53027373 2.08334446 0.09421653
v 0.6033585 1.54813885 -0.04018629
v 0.22052875 1.1243 0.22572735
v 0.69311875 0.87093669 -0.1730075
v -0.37188082 1.73924207 0.2211211
v 0.99465739 1.4871391 0.04342956
v -1.02854025 -0.32238516 0.18090501
v -0.95488876 1.10917294 -0.18905569
v 0.44088754 1.99390995 -0.22353147
v -0.2858707 2.29752206 -0.08471009
v -0.99978947 0.51652962 0.25623512
v -0.02007269 0.68676465 -0.33610048
v 0.67674493 1.47772741 -0.16207405
v 0.05154578 0.67461359 -0.33844512
v -1.03002381 0.59039598 0.257499
v 0.44014087 1.23063814 -0.23680572
v 0.62721657 1.12395227 0.09091089
v 0.48800659 1.09387326 0.20625256
v 0.08757219 0.76945501 -0.3131223
v 0.41970175 2.19284081 0.08819052
v 0.45454287 1.22576463 -0.23030868
v -0.09916055 -0.64128381 -0.36855155
v 0.76271015 0.42867124 -0.2528392
v -0.89340829 1.01889228 0.19838853
v 0.29346185 -0.74073422 0.08372879
v 0.97274661 0.87015098 -0.07735375
v 0.55714291 1.55223333 -0.14376355
v -0.52069145 -0.08872739 0.23961256
v 0.40342372 2.11171269 0.18496184
v -0.34340545 1.75195169 -0.20132613
v -0.17425878 -0.78368723 0.08945083
v 0.02638813 -0.48630318 -0.37067094
v -0.56067264 -0.14136397 0.23183184
v -1.25227081 0.34502708 0.04630833
v 0.57510519 1.04369783 -0.09327774
v -0.31851548 1.77933871 -0.17677342
v 0.95351898 1.59222757 -0.13594244
v 0.72784018 1.9218887 0.07022284
v -0.99237024 0.23703409 -0.25379979
v 0.33339124 0.79961741 -0.28119394
v 0.31614637 0.83533936 0.23498165
v -0.58747816 -0.67076063 -0.32104396
v 0.42118927 2.11251449 -0.17715312
v 0.60412848 1.69696998 0.02925468
v 0.71170771 1.86906492 -0.12772515
v -0.27857202 -0.36801165 0.2273475
v 0.60925471 1.77208185 -0.01604385
v -0.61062955 -0.83314782 -0.026971
v 0.72538214 0.71774935 -0.22298502
v 0.60287648 1.68850553 0.02735792
v -0.77882266 -0.42497059 -0.32285049
v -0.29706063 0.83372497 0.1629544
v -0.28490734 1.05821454 0.17503723
v 0.45876425 2.18875026 -0.03983179
v 0.13788533 -0.87582844 -0.24383992
v -0.32637304 2.25413417 0.00358152
v -0.78072655 0.65370875 -0.12341669
v 0.2668339 2.21637105 -0.01087926
v -0.34064573 2.20342373 0.04202458
v -0.65461367 -0.81517565 -0.04896954
v -0.38278609 1.20749568 -0.22603103
v 0.45111331 -0.81263744 -0.05121173
v 0.47057339 2.04109859 0.19028507
v -0.42000153 -0.35188773 0.22431945
v 0.24090264 -0.80794602 -0.27421343
v -0.69989115 0.39754483 -0.30605796
v 0.4006662 -0.84968632 -0.06789702
v 0.78814035 -0.17210006 -0.20963946
v 0.99013984 0.40284752 -0.10521354
v 0.92755454 1.68474412 0.14317254
v -0.98690736 1.05110943 0.22662663
v -1.01908528 1.07537806 0.22044524
v -0.58381378 2.06791567 0.0360542
v 0.70358008 1.03866565 0.16868501
v 0.85295873 1.96104335 0.0041737
v -0.70116049 0.33738961 -0.31408244
v -0.13680194 -0.656726 0.14860241
v -0.59837812 2.00176143 -0.1424734
v -0.23789998 2.12563848 -0.21728713
v 0.60763639 1.73844933 -0.02970425
v -0.59779703 2.05399179 0.06265857
v 0.74769312 1.80361843 0.15943358
v 0.20201462 -0.87719082 -0.22135029
v -1.06199097 -0.45001694 -0.06417648
v 0.60931831 1.74284339 -0.03056409
v -0.49451363 2.01051569 -0.16258883
v 0.31775769 1.89584374 -0.25679352
v -0.05025509 2.18710589 0.24059598
v -0.83019298 -0.06700382 0.21432589
v 0.57868081 1.99778592 -0.0357525
v -0.75974476 1.78494918 -0.01952137
v 0.61271554 1.73178458 -0.04344972
v 0.98396831 1.4998151 0.07313171
v 0.58412706 1.95725119 -0.04445112
v -0.41961506 2.05524206 -0.06977898
v -0.02590264 2.17403912 0.23670478
v -0.69476282 1.79080581 0.17056745
v -0.34593632 2.11897397 0.08073904
v 0.52971112 0.69721525 -0.28047248
v -0.17870755 2.09256124 -0.2461823
v 0.09312174 1.04852294 -0.15871845
v 0.76599919 -0.08668102 0.13370955
v 0.430289 -0.72426497 0.05168601
v -0.75255358 -0.6552416 0.09120734
v -0.3025712 1.33743894 -0.16366203
v -0.22327557 1.03604733 -0.21304382
v -0.15166875 2.39918208 0.09254612
v -0.22492176 1.03009295 0.20736859
v 0.02243287 1.17516958 -0.22127355
v -0.17222823 2.38351607 -0.10697398
v 0.78171515 0.88855475 -0.19272384
v 0.87715065 -0.19228598 0.01655928
v 1.00295639 0.3732762 0.08750835
v 0.46487247 0.91166311 0.21028463
v 0.02921601 0.9575876 -0.20968633
v 0.96572816 0.48621138 -0.13321833
v -0.81201112 -0.70294523 -0.02265031
v -0.35070321 2.09055233 0.06853994
v 0.4792698 1.67484986 -0.2167381
v -0.99230593 -0.44392636 0.12440153
v 1.01172614 0.38610872 -0.05827448
v 0.1004856 0.45333454 0.25096097
v 0.66582912 1.8837434 -0.00843178
v 0.50206947 1.93684554 0.19787424
v -0.76447755 0.58205008 0.16554337
v 0.03941202 0.44935432 0.25086781
v -1.23612499 0.12788298 -0.07273038
v 0.60069584 0.74622464 0.19716778
v 0.83956116 0.34192952 -0.22281266
v -0.49124485 1.911008 0.2247947
v 0.18424807 0.10610487 0.26164415
v -0.62520855 -0.00955546 0.22723482
v 0.64631098 0.11841318 0.20827589
v -1.26220321 0.92170023 0.10853459
v -0.1451921 -0.46461808 0.20761352
v -1.2828648 0.95401179 0.01718152
v -0.01997581 0.85566777 -0.26465293
v -0.06566593 0.8819859 0.20752577
v -0.86475896 0.14373742 0.22024305
v -0.35298326 2.09378767 -0.05977521
v -0.65989488 0.16060961 0.22063216
v 0.83395868 -0.34024277 -0.02984929
v 0.85593885 1.59497046 -0.2005956
v 0.07954824 1.17342066 0.18064476
v 0.8177579 0.45469498 0.19044792
v -0.36742436 1.83992838 -0.20624794
v 0.29795032 1.08004403 0.24901042
v -0.50086277 0.91950553 -0.25290185
v -0.43902665 1.8684287 -0.23119971
v -0.51565545 0.90745306 -0.25286412
v -0.30086168 0.79399937 0.17928953
v 0.07159474 0.8599289 -0.26328286
v -1.01650703 0.28671938 0.25568044
v -0.83040446 -0.04002102 -0.32017141
v -0.79628568 0.92546385 -0.1065234
v -0.05613888 -0.83471059 0.06546406
v 0.14362728 0.95365548 -0.19039732
v -0.69535398 1.91940784 -0.11208868
v -0.23530808 -0.12997219 -0.37495616
v -0.75967001 0.93135672 0.03728893
v -0.51061713 1.80051171 0.2541455
v -0.27167126 1.48491036 -0.19400306
v -0.70098102 1.94143974 -0.07626232
v 0.70672345 1.46275234 -0.18286161
v -0.4766021 1.1967343 -0.2554956
v -0.50986212 -0.29155385 -0.35995376
v -0.70251703 0.48276034 -0.28957152
v -0.08471619 -0.95889133 -0.11501476
v -1.19067812 -0.20784415 -0.0428126
v 0.09860126 0.8237794 -0.28745397
v -0.65160596 0.55832564 -0.28483265
v 0.81202793 0.3939116 0.18869657
v -0.10665634 2.41611743 0.06890479
v 0.82595926 -0.34701645 -0.09542311
v -0.42363968 -0.2767598 -0.36714181
v -0.31356909 2.22126627 -0.10641999
v 0.29589149 -0.68657386 -0.30798825
v 0.58055949 1.64505279 0.09441269
v -1.20917606 0.27390432 0.14598158
v 0.82076764 -0.36889123 -0.07482729
v 0.99156045 1.73266589 -0.0217939
v -0.16994993 2.28085637 0.20067371
v -0.04690888 0.96842634 0.22219972
v 0.25118008 0.2890253 -0.34968042
v 0.13913254 1.11017894 -0.1573565
v 0.62462401 1.50189781 -0.09922662
v -0.79643446 -0.47324782 0.14872582
v 0.15034446 1.22180712 -0.17220772
v 0.148556 2.11967659 -0.05283026
v -0.05989465 1.17213356 -0.25015175
v -0.76050597 0.88527399 -0.06323938
v -0.9151681 -0.48990011 0.11649795
v -0.77567094 0.68537288 -0.0970697
v -0.76161205 0.79090994 -0.06231245
v 0.15339765 1.00960934 -0.17674134
v 0.63335722 1.01599812 0.09799704
v 0.60250443 1.68077933 -0.01821205
v -0.77675944 0.725591 -0.06180513
v -0.91831964 -0.46254089 0.13424338
v -0.75719451 0.81605935 -0.06199999
v 0.94076472 0.71917074 0.13381029
v 0.12709695 0.03830828 0.26155769
v 0.13767921 1.89425873 -0.15879368
v -0.07105417 2.14366149 0.25184947
v -0.76289558 0.8229292 -0.0630792
v 0.10652737 0.11259 0.26376217
v -0.11498116 0.58060151 -0.34678465
v -0.06731195 -0.14751315 -0.37610933
v -0.09268698 0.80211734 -0.29675331
v -0.79582238 0.78634655 -0.10620651
v 0.6068868 1.6280725 0.04715811
v 0.15536122 2.11781835 -0.04956475
v -0.76226908 1.75164806 -0.00029404
v -0.33696222 1.78299891 -0.19389171
v 0.21581381 -0.49012887 0.18413044
v -0.17856769 2.09207248 0.24623028
v -0.28522932 2.31218195 -0.06211221
v -0.56158381 1.82865631 0.24338302
v 0.613581 1.5801121 0.06419791
v -0.33554115 2.16993069 -0.08933044
v -0.59441357 0.70479166 -0.25333279
v 0.99749249 0.36108562 -0.08741532
v -0.60427886 1.13904583 -0.23746235
v -0.26163494 2.14312934 -0.19780226
v 0.548204 -0.19207985 -0.29947707
v 0.93984013 0.04407995 -0.09238459
v -0.42951411 1.75108444 -0.24672853
v -0.42747509 1.93543887 -0.2000042
v 0.19081409 0.27120414 -0.35492885
v 0.24253021 2.17970538 0.09330715
v -0.8589347 -0.49317652 -0.25597801
v -1.08881425 -0.40123066 -0.09153709
v 0.38858667 0.81351286 -0.26856795
v 0.13870275 0.30829161 -0.35715031
v -1.28581118 0.92260623 -0.01180878
v 0.15908092 2.11934018 -0.05598675
v 0.16464868 0.01110181 -0.36224216
v 0.31918439 -0.20113506 0.22852362
v -0.62982332 0.54427361 0.20515617
v 0.75993239 0.84813934 -0.19260719
v -0.23996493 2.37464523 0.01513688
v -0.32617074 -0.91565394 -0.03946559
v 0.53184706 -0.53457319 -0.2704477
v 0.76010286 0.72930699 -0.21235899
v -0.25249001 0.83175164 0.16299922
v -0.63541507 1.87159514 0.20032215
v -0.66150862 0.50467926 0.20004145
v 0.73620098 -0.07160451 0.14983898
v -0.5483058 2.05629158 0.09943723
v 0.7336623 0.74603837 -0.21307596
v -0.68867713 -0.63277518 -0.30039173
v -0.52527183 2.05186629 0.11315046
v 0.52649056 1.98584449 0.16297479
v -1.1857599 0.12838409 0.16224353
v 0.18522042 2.14507675 -0.06906476
v 0.05185119 0.90180075 0.16848002
v 0.54844933 1.07711756 -0.14624731
v 0.37774676 -0.41787573 -0.32308709
v 0.04847081 0.9306935 0.17372806
v -0.14377979 -0.41170564 0.21894055
v -0.67449027 -0.74668204 0.06104676
v -1.23410034 0.35463675 -0.10582221
v -0.34819021 1.99739921 0.07691798
v 0.81760948 1.65646755 0.19455583
v -0.64639103 -0.77718097 0.0450938
v -0.77254176 -0.51893293 -0.3077256
v 0.21215835 1.18809711 0.22248685
v -0.35625854 1.91015172 0.17016089
v 0.43898001 1.98467421 0.22708857
v -0.66617947 -0.76718884 0.04802438
v -0.03824813 -0.66478812 0.14727173
v -0.75041395 0.09996747 0.21029928
v -0.62757259 2.03293871 -0.06634013
v 0.21414193 1.96923458 -0.21570409
v -1.22334802 0.401221 0.1335704
v -0.254462 2.26069688 0.16056658
v -1.19400775 0.95436841 0.19305241
v -0.69932216 1.87184882 -0.13886997
v -0.62776804 -0.81508916 0.00143765
v -1.16689562 -0.24450098 0.07371386
v -0.13999804 2.29603791 0.19978623
v 0.64690947 0.91257584 0.119384
v -1.12336206 -0.3750315 0.01502014
v -0.80834549 0.80609214 0.12602628
v -1.080518 -0.28622683 0.16858877
v -1.08106672 -0.09615606 0.21597832
v 0.99455225 0.38388964 0.10127376
v -0.23460136 -0.94330197 -0.1171
v -0.92190861 0.91520977 -0.23390042
v 0.0460183 2.36564111 -0.01094167
v 0.61442685 0.90199166 0.07292228
v 0.60626924 1.72017729 -0.02411649
v -0.38880378 1.80065953 0.22649282
v -0.34788692 1.99651992 -0.07868177
v 0.50008183 2.15110492 0.04395217
v 0.19830302 0.29734852 0.25829407
v -0.52344602 -0.71148943 0.10236346
v -0.20138123 2.36131405 -0.11708471
v 0.4169949 -0.70368832 -0.26805579
v 0.19081547 0.9247756 0.19915837
v -0.085257 0.87777161 -0.25260436
v -0.89878737 0.0307074 0.22894175
v -0.2184519 0.0992854 0.26468643
v -1.08306872 -0.20722384 -0.20827995
v -0.37022638 0.97686308 0.20716205
v -0.35933592 2.10297703 -0.01604459
v 0.34902122 0.73853564 0.23166962
v -0.11078386 0.76648747 0.20234076
v -0.15091344 2.09132194 -0.25315329
v -0.62251085 0.68958056 -0.24544473
v -0.43792465 0.37386 -0.33816042
v -0.88643282 -0.37678948 -0.28350299
v -0.32497817 0.85719627 0.17489244
v -1.16463565 1.08672344 0.16681484
v -0.35656392 2.1248517 -0.03112269
v -0.87696749 -0.4039672 -0.28226611
v -0.34816658 0.81625473 0.19541746
v -1.25208354 0.47202366 0.07738298
v 0.98926836 0.78394329 -0.01170965
v -0.39735594 0.65929609 -0.31056508
v -0.16348095 0.94849878 0.21447277
v -1.08465588 -0.32950896 -0.16155536
v -0.0542412 2.3608222 0.1459012
v -0.38748115 0.7807061 0.21566899
v 0.95380246 0.7152577 0.12014412
v -0.43298906 1.18808507 -0.24669562
v 0.15820489 -0.52222478 0.18141776
v -1.16332161 -0.27602869 -0.07199048
v -0.5095908 2.07870149 -0.06114872
v -0.35922929 -0.10344441 0.25358438
v -1.15760588 -0.31023252 -0.01183897
v 0.71241039 1.77302408 0.15446445
v 0.62242192 1.79364383 0.01031266
v -0.05444448 2.23793697 -0.22552177
v 0.85060972 -0.01772551 -0.19062268
v -0.44307038 1.01968932 -0.24679954
v -0.63386458 1.90496027 -0.18757557
v -0.02845505 2.25188088 -0.21283198
v -0.50612914 -0.86368495 -0.14363916
v -1.16855394 -0.27765759 -0.04293835
v 0.20644937 2.0738368 -0.16954557
v -0.36982467 -0.58009022 -0.37091523
v 0.87219095 -0.00069988 -0.17709146
v 0.65267002 1.85036265 0.03479351
v -0.44925376 1.78606045 0.24987231
v -0.04936038 2.42120432 0.01402513
v -1.22871387 0.02038048 0.04922264
v -0.5911262 0.66821897 0.21527668
v -0.71767592 0.56708735 0.17591685
v -1.22748017 0.07565008 0.07970735
v 0.84569543 0.91626644 0.18503867
v 0.32857796 2.1687076 -0.14748191
v -1.22625863 0.02558535 -0.07206779
v -0.57321929 2.07106065 -0.04140684
v 0.32681897 2.07715058 -0.21425226
v -1.03689897 -0.42105084 -0.13554745
v -0.33548942 2.18777728 0.07810956
v -0.66406279 -0.54891037 -0.33750227
v -0.80273407 0.41222092 0.19496065
v 0.83336693 0.85535091 0.18615479
v 0.47806096 2.0440917 -0.18142452
v -0.27811586 2.20306611 -0.16603057
v 0.53960931 1.97113895 -0.14087295
v -0.14129914 -0.10180335 0.25759467
v 0.73412418 1.86712181 0.12372545
v 0.61781299 1.1503843 -0.06900765
v -0.31298077 2.22117447 0.10748748
v 0.01901209 2.15931034 -0.22026541
v 0.78399288 1.65658402 -0.20651865
v 0.84044194 0.04509411 -0.2045948
v 0.30904817 2.19974732 -0.10325892
v -1.26559448 0.98823624 0.07740984
v -0.55817115 2.07109785 -0.05977671
v 0.80448555 0.03206962 -0.2236184
v -0.08170061 0.22635716 -0.36645785
v 0.96870464 0.41287806 0.12506094
v 0.24544389 0.76269483 -0.30637058
v 0.44294565 -0.40042901 0.16931097
v 0.593144 0.89594984 -0.09483339
v 0.10154399 -0.62893217 -0.35128274
v -0.23757623 1.12968599 0.21622423
v -0.77672368 0.95796358 -0.02006236
v 0.17553433 -0.68067455 -0.33259075
v -0.77978497 0.97952336 0.01832671
v 0.86791801 1.90514957 -0.11528182
v 0.60106331 1.28968668 0.04651654
v 0.88169777 1.87485504 -0.13207979
v -0.71675783 0.54043948 -0.26090517
v -0.93215787 0.3019396 -0.25268212
v 1.02213394 0.38120374 0.0228458
v -0.90713423 0.30373758 -0.25645333
v 0.60978269 1.29035198 0.0436185
v 0.62912446 -0.62655967 -0.15714436
v -0.03717914 0.09653998 -0.36996141
v -0.88143789 0.29801866 -0.26625162
v 0.38883069 -0.6265006 -0.29688003
v -0.77849799 0.97299128 0.00269869
v -0.48995718 0.7326641 -0.27134817
v -0.1638178 -0.87147241 -0.26851028
v -1.04720449 1.05290925 0.22929728
v -0.85372883 0.66695016 -0.18748438
v -0.52970111 -0.42971015 -0.35996636
v -0.82192301 0.80497866 0.147722
v 0.09447335 0.32378342 -0.35909408
v 0.60977208 1.16290199 0.04312553
v 0.88474071 -0.18358294 -0.08373642
v -0.32994467 0.61680185 -0.32588055
v 0.18556411 -0.92722147 -0.13895642
v 0.97973781 0.67109477 0.08941613
v -0.3475191 2.18806195 0.01649622
v -0.76621276 0.92744624 -0.04591061
v -1.15386951 -0.24012216 -0.12772129
v -0.76049393 0.95103544 -0.02668766
v 0.01808791 2.3443396 0.11856946
v -0.75680708 0.86489892 0.06314877
v -0.53620225 2.08501744 0.01457308
v 0.88860702 1.8205167 -0.15965615
v -1.1403011 -0.30768838 -0.09975796
v -1.28281676 0.91799384 0.042989
v 0.14047534 2.19346952 -0.03038863
v 0.19479443 -0.83359938 -0.26932874
v 0.78587263 0.19722859 0.17688953
v 0.0217353 2.35388326 -0.10203862
v 0.6131705 0.94266867 -0.04998702
v -0.86686945 1.04973411 0.16395673
v -0.02991196 2.28277802 0.19788348
v -0.04741555 2.38424921 -0.11415827
v 0.10892482 2.27943563 -0.02150236
v -1.00183463 0.11436113 0.24980746
v 0.44597014 0.95626473 -0.22908128
v -1.10432636 -0.40433999 -0.04053565
v 0.75284528 1.61700189 0.19248376
v 0.97199279 0.53252887 -0.1215416
v 0.04476553 2.23488712 -0.17908914
v 0.52750074 2.05649423 -0.11564145
v 0.09258112 0.96615099 0.1494864
v 0.65129983 -0.28396508 0.14003226
v -0.70506966 1.75346767 -0.16187055
v 0.92957043 0.63673752 -0.1527652
v -0.99203497 -0.46461176 0.10632598
v -0.50371187 1.7623955 0.25782197
v -0.35775563 2.12529063 0.01847388
v 0.10636823 0.99729102 0.14525455
v -0.00934288 2.39461541 0.06196916
v -1.25044381 0.22657333 0.02024539
v -0.4516097 -0.74528563 0.09081241
v -0.92406952 -0.56063914 -0.09969496
v -0.79811829 -0.23640683 -0.32619631
v -0.86909747 -0.36917141 0.17843072
v -0.12858645 1.09761631 0.24739387
v -0.70985353 1.78283202 -0.15301527
v -0.92296052 -0.39906936 0.16755944
v 0.99702912 1.67305481 -0.02220577
v -0.31486651 1.87209951 -0.14570921
v -0.34649306 0.45805433 0.24163262
v 0.60260433 1.68207812 -0.01789338
v 0.64497691 1.15712821 -0.11913473
v -0.91800636 -0.43079599 0.15250784
v 0.99947845 1.61590671 -0.00986194
v 0.56009131 2.02864193 -0.0715753
v 0.1119795 2.16114711 0.13117168
v 0.3371641 0.28666511 -0.34146758
v -0.34558978 2.0917592 -0.0851637
v -1.01560282 -0.48003897 0.06476478
v -0.70337027 1.02793991 0.16229754
v -0.90214175 -0.57182127 -0.12809485
v -0.06115925 -0.90509027 0.01694523
v 0.78668326 0.86480468 0.18944585
v -1.19252562 0.74291473 -0.19554798
v -0.04621524 0.19335377 0.26440948
v 0.77760684 0.2646391 -0.24706989
v -0.69363582 1.75200331 0.17509222
v 0.0388914 1.25992596 0.21550783
v 0.94097739 1.85120534 0.06466313
v -0.82728231 0.77629387 -0.15756157
v -0.23989135 0.99483943 0.19228637
v -0.07718046 2.17700195 0.24693991
v -0.13662125 -0.60160428 -0.37467524
v -0.92815262 -0.3994905 -0.24156999
v 0.60132694 0.8198384 -0.20787751
v 0.31527823 -0.81510752 -0.24130997
v -0.05265656 1.1875348 0.25155183
v -1.078251 -0.35994225 -0.14690296
v 0.83450508 -0.16736112 -0.1733881
v 0.08360121 2.31084799 0.0554342
v -0.85869878 -0.26665008 0.20169125
v 0.35923808 1.92514085 0.25562077
v 0.71880114 1.61962854 0.18062768
v 0.60099947 1.777763 -0.03093479
v 0.74338817 0.25952723 0.19664688
v 0.15947738 1.89479684 0.18324758
v -0.90225189 0.10133726 -0.29335308
v -0.65711808 -0.31525439 0.20090471
v 0.70902794 0.22147576 0.20241507
v 0.54482978 2.08637428 0.04247157
v 0.69003647 0.92482143 0.15687947
v -0.09504174 1.15016651 0.25422924
v -0.32211583 -0.83991617 -0.27252844
v -0.21792092 2.16949987 -0.22170396
v 0.63239908 0.5858528 0.21891972
v 0.86038684 -0.10004096 -0.16744753
v 0.68207579 0.55269086 0.21547018
v -0.9278292 -0.33283364 0.19320103
v -0.83419162 0.79455983 0.16396817
v 0.58415567 0.40224775 -0.3024103
v -0.75701612 0.91615092 -0.05058094
v 0.39138448 -0.83659821 -0.16277436
v -0.82763242 0.70976835 0.1616389
v 0.58888953 0.3193176 -0.30255332
v 0.88546592 -0.01453525 -0.16134248
v 0.88278788 0.99686086 -0.17326569
v -0.44012942 1.94010114 0.20153795
v -0.76631861 0.90299803 -0.05795649
v -0.94794136 -0.36452835 0.18087528
v -0.61398136 -0.78189837 0.04808402
v -0.76901429 0.91219681 -0.05153492
v -0.77366662 0.49908796 -0.24898512
v -0.35154515 1.98539137 0.10209324
v 0.85615891 1.75590539 -0.1904343
v 0.16056108 0.83028727 0.1973755
v -0.21362289 0.69100982 -0.3247058
v -0.80620831 0.64951801 -0.14255648
v -0.84126591 0.28905516 0.20541982
v -0.55672186 -0.08177888 -0.35320934
v -0.75124329 -0.62430089 0.10630316
v -0.53947669 1.17035377 -0.25488388
v -0.73047155 0.72787827 0.11739238
v -0.73675125 0.56077027 0.17358648
v -0.07912329 -0.60037142 -0.37249839
v 1.00743258 0.53419923 0.08190526
v 0.65665119 1.78048741 -0.11866877
v 0.10901828 -0.04158939 0.25864264
v 0.59495514 1.0484842 0.00519797
v -0.05840773 1.03030359 -0.2411416
v -0.53286445 1.85135424 0.24316598
v 0.18705438 -0.14476405 0.24706642
v 0.78115117 0.58531892 0.20034275
v -0.29906326 2.24202346 0.11704265
v -1.1429646 -0.30985325 0.07144104
v 0.39336517 -0.8548063 -0.08820723
v 0.74394518 -0.47710222 -0.01023851
v -0.89443188 0.76476907 -0.21962952
v -1.04147315 -0.47643876 0.01243102
v -1.04317772 -0.47710862 -0.01503405
v -0.21793168 2.37566947 0.07473342
v -0.76641458 -0.54834526 -0.30079558
v -0.32582736 0.89412164 -0.20160621
v 0.50046175 2.13807106 0.07487715
v 0.23194684 0.86526829 -0.26274433
v 0.66692465 1.7709819 -0.13273544
v 0.42580097 -0.50978064 0.14159126
v -0.13709585 1.06183552 -0.24412307
v 0.90105134 -0.14572776 -0.05553437
v 0.62296235 -0.65860587 -0.11303137
v -0.09752564 2.39444065 -0.11207862
v 0.6760751 1.69533097 0.14566654
v -1.09917175 -0.40198248 -0.06721045
v 0.49007999 -0.78507804 -0.12060076
v -0.69234746 -0.74256014 -0.19038599
v 0.34202823 1.17310547 -0.25494101
v 0.47639146 -0.78937637 -0.1421395
v -0.7581433 -0.70676022 0.05355387
v 1.02037596 0.42760887 0.05596745
v 0.97705596 1.77364766 0.04432697
v -0.08630924 2.4151256 -0.06959538
v 0.58843416 1.964015 0.00909868
v 0.46277916 0.99030125 -0.22007949
v -0.77911865 -0.6994946 0.04516417
v -0.78469073 0.98420548 0.04686468
v -0.37322181 1.96831071 0.14455834
v 0.95169073 0.34777203 -0.15126469
v 0.75863975 -0.42650011 0.01547707
v -1.15604436 -0.3105556 0.01597156
v 0.95805597 0.31219223 -0.14143486
v 0.52418857 0.98583573 -0.17586301
v -0.25972044 0.78244078 -0.28564715
v 0.95751297 1.82212841 -0.07867179
v -0.28855919 0.8506214 0.15397346
v -1.12848985 -0.30399224 -0.12605248
v 0.82144993 -0.32831963 0.0104227
v 0.6095581 0.8945434 -0.09351294
v -0.53395628 1.78260457 0.25451344
v 0.25863879 0.95593369 0.23174534
v 0.47991529 2.12420272 0.1243741
v -0.58721363 0.45247924 0.21718803
v -0.83821827 0.70091813 -0.17111238
v 0.80148029 1.76090312 0.18032355
v 0.18112894 -0.21176222 0.23964981
v 0.97214883 0.17780365 0.05735059
v 0.32824951 2.22726106 0.03876363
v 0.69233101 -0.13973131 -0.25759136
v 0.69486784 1.61702477 0.16770805
v 0.40150257 -0.72311341 0.06392543
v -1.2378062 0.23532912 0.08294801
v 0.23334902 2.19767379 -0.02784726
v -0.51070439 0.66318768 -0.28957209
v -1.16094768 0.75329661 -0.21950413
v -0.59284603 2.03070211 -0.11239444
v -0.09586226 2.12654781 0.25597748
v -0.76194942 0.57935375 -0.19820933
v 0.71226972 -0.40467074 0.06682232
v -0.92470449 1.08350467 -0.18935947
v -0.74796813 -0.48988151 -0.32394114
v 0.37084221 -0.5255841 0.14911964
v 0.60988318 0.9225164 0.04331404
v 0.44312125 2.18840217 0.07104503
v -0.67312359 1.94828021 -0.12064141
v -0.39032149 -0.38267216 0.22174353
v -0.26086598 2.35559368 -0.00510975
v -0.51756465 0.7396394 0.23139938
v 0.8584243 1.1278398 -0.18587833
v -0.60179603 1.92699992 0.19514526
v 0.55137413 -0.7379229 -0.08879473
v -1.06539917 -0.30496552 -0.18907307
v 0.89757722 1.78524804 0.14303214
v -0.49889856 0.67357832 0.2285784
v -0.88452291 -0.12879142 0.22103224
v 0.56674951 2.03158259 -0.04238343
v -0.79424214 0.887048 0.10519091
v -0.76112222 0.7245593 -0.04440043
v 0.66860687 1.87836325 0.03511884
v 0.97488719 0.92494273 0.07092052
v -0.93206948 0.10150431 -0.28097966
v 0.83022338 1.85587954 0.1428828
v -0.95451653 -0.11895448 -0.28286001
v -0.45532318 2.07988357 -0.02721636
v 0.59420096 0.2983751 0.2278666
v -0.34143555 1.09078383 -0.19607202
v -0.20237149 2.21006774 0.2181081
v -1.20483732 -0.05151687 -0.10265231
v -0.92486167 -0.06112804 -0.2944619
v -0.87861239 0.23540842 0.22190007
v -0.27232769 2.13155102 0.19059553
v -0.92442828 0.37808683 0.24050089
v 0.40427115 0.40183952 0.24618645
v -0.93962276 0.33564978 0.24603506
v -0.78730434 -0.58930784 -0.25940492
v 0.23500773 2.19294643 -0.0526756
v -0.60586333 0.99273139 0.23267917
v -1.06923139 -0.0273469 -0.23615913
v 0.65979963 0.75475317 0.19224385
v -0.77619618 0.92371362 -0.04550841
v -0.55822575 1.84694469 -0.23994378
v 0.8722772 -0.17426739 0.03504462
v 0.97652572 0.467792 0.12394525
v 0.98689734 0.90204817 0.02090454
v 0.94654601 1.66796946 -0.1409493
v -0.88883656 0.62929683 0.21645054
v 0.1742901 2.11146593 0.1022676
v 0.80226016 1.02610695 0.19365738
v 0.25559181 -0.07717538 -0.35488477
v -0.41931268 2.00637388 -0.14314846
v -0.47825789 0.9339534 0.24434983
v -0.70715546 1.95602619 -0.00658979
v 0.30731281 2.22636413 -0.02828284
v 0.60830438 1.72713911 0.02516723
v 0.74133992 1.43901217 -0.19891977
v -0.76013946 0.71680247 -0.05166322
v -0.15052937 -0.8198837 0.07113974
v 0.5834347 -0.28463342 0.16201564
v -0.48455029 1.06763851 0.25404086
v -0.26960572 1.23022544 -0.19549457
v 0.16924998 1.96886003 0.18214681
v -0.35005378 1.85333502 0.18936336
v 0.9643225 0.86588972 -0.09383349
v -0.42989161 -0.51130616 0.19142736
v -1.00657045 -0.3277648 0.18590317
v -0.6250506 -0.40952301 0.19091422
v 0.40546268 2.15183377 -0.15150539
v 0.31687176 1.08123827 0.25143206
v 0.78542417 -0.22278021 -0.20150451
v -0.24067707 -0.1450828 0.25382885
v -0.61578929 -0.35595774 0.20147143
v -0.47408357 1.11314261 0.25469243
v -1.16330432 0.83879226 0.21984168
v -0.3777692 1.89938294 0.19179382
v 0.34335508 2.1101346 -0.19619739
v -0.37249961 1.05430579 0.21505153
v -0.08616524 2.30944633 0.19418148
v -0.97530621 -0.22260786 -0.26439368
v -0.45804411 2.05776238 -0.09533419
v -0.41743266 1.75110197 0.24273622
v -0.48182296 0.03330743 0.24858807
v -0.84773403 0.29932233 -0.2813445
v -0.4298304 1.11497032 0.24534933
v 0.03082732 0.82999062 0.18426032
v -0.83659386 0.63474673 0.18046419
v -0.33763745 1.91595494 -0.14812944
v 0.39114886 0.12336552 0.24872112
v 0.41194436 2.15893149 0.14084991
v 0.97622853 1.01718843 -0.07275197
v -0.13810926 0.86643225 0.20178848
v 0.87251859 -0.19274912 -0.11081263
v 0.32296112 -0.79352343 -0.25565269
v 0.94790798 1.79154956 0.09265827
v 0.57010835 0.85437858 0.14263694
v 0.32188791 -0.36106261 0.20096845
v 0.93933796 1.74505949 0.12086653
v -1.05003285 1.07705235 -0.21864557
v 0.57457977 1.92446661 0.08795908
v 0.25770515 -0.89611393 -0.01507548
v -1.19091439 -0.20803117 0.01710598
v 0.65153735 0.64895767 0.21132667
v -0.04767317 -0.78423935 -0.33036071
v 0.54741191 -0.05328084 0.21141563
v 0.28148186 1.02704501 0.24220724
v 0.64101964 1.64877486 -0.11880698
v -0.29323679 0.70329058 0.20827476
v 0.13956312 2.06518077 -0.09039256
v -0.75737088 -0.67724299 -0.20795303
v 0.59797698 -0.02405476 0.20339039
v 0.98593723 0.18175277 -0.02454775
v 0.53913152 0.99093604 0.15111254
v -0.0156201 -0.74838942 -0.34061166
v -0.3366023 2.19992852 -0.06431003
v 0.88378512 1.11596119 -0.17516696
v 0.3342714 0.73522549 -0.30398038
v -1.28276324 0.92049425 -0.04229271
v 0.88942432 0.4719395 -0.1937346
v -1.0762217 0.05331472 -0.23683585
v -0.80274307 0.62817955 0.160639
v 0.6079669 1.0563277 0.02432167
v -0.76294314 0.74315881 0.03777796
v 0.42969805 0.7392134 0.22430057
v -0.80026304 0.66178768 0.14775304
v -1.05417501 0.08463958 -0.2448176
v -0.68093717 1.93709838 0.11989715
v -0.15978123 0.0115159 0.26350081
v 0.75660979 -0.30280146 -0.20422266
v 0.47712874 0.57676655 -0.31188869
v -1.10058724 -0.01591494 -0.22184743
v -0.48516666 2.06697893 -0.08689656
v 0.73019093 -0.30741477 -0.21972554
v 0.92677784 1.62106347 0.14844271
v 0.60202205 1.07533001 0.03079273
v -0.79917746 1.05051219 0.01580543
v -0.09466248 2.28246974 -0.21060247
v 0.72229218 -0.35723948 -0.21454042
v 0.86628323 0.11686305 -0.19529408
v -0.64078319 1.00489616 -0.21722331
v 1.02042877 0.41285824 -0.03473871
v 0.92617303 1.86918711 -0.09191133
v 0.48129501 -0.6682226 -0.25559213
v 0.6672132 -0.31342095 0.12510643
v -0.37255749 2.0396707 -0.00103685
v -0.47243079 0.0872289 0.25007376
v 0.23309478 0.96110951 -0.240254
v 0.66935867 1.84622049 0.07935927
v 0.12366998 2.2381978 0.04644669
v -0.36007767 2.02909445 0.00213686
v 0.03951232 -0.64496576 0.15221248
v 0.41747534 -0.23736342 -0.32577347
v -0.86286729 -0.02813097 -0.31267544
v -0.36056089 2.03617787 0.00509893
v 0.19748091 1.8922857 -0.21431988
v -0.09231068 -0.78969162 0.08933928
v 0.98730099 0.6777811 -0.05874848
v 0.07358539 2.29766941 0.099844
v -0.0467023 -0.00355501 -0.37279567
v -0.84756898 0.50780069 0.19987581
v 0.20923078 2.09865713 0.15454453
v 0.37632134 -0.28170627 -0.33159145
v 0.84727615 1.83476924 -0.17261427
v -0.96254301 0.89008539 -0.2488396
v 0.82809829 1.83501207 -0.17745342
v 0.68092441 1.87181365 0.07318352
v 0.3973383 -0.67747491 -0.28406366
v -0.58121347 1.93960821 0.1973672
v -0.68413877 -0.69384741 0.09215569
v -0.4898681 2.0838387 0.03865503
v -0.36083942 2.0391972 -0.00299223
v 0.93495923 0.02933107 0.04607341
v 0.60689109 1.2033987 0.02630102
v -0.46819007 1.99376928 -0.1734742
v -0.71330308 -0.68685746 0.08878009
v 0.47869145 0.52046454 0.23563645
v 0.93455511 0.00297849 0.03069061
v 0.16564251 1.93175303 0.18623608
v 0.14278316 1.24130356 0.16400815
v -0.96436446 0.27709662 -0.25305008
v 0.53051835 0.49571567 0.23368358
v 0.4179126 1.99464666 -0.23236236
v 0.13031324 2.17726087 0.08714383
v -0.75276786 0.06502354 -0.32931166
v -1.15071308 -0.3115572 0.04375528
v -1.01893734 -0.48864445 0.03925542
v 0.89840447 1.5664184 -0.18332192
v 0.59994852 1.20129561 0.01740317
v -0.51790899 2.08796191 0.00169641
v 0.24250933 -0.56357044 -0.33698087
v -0.71358948 1.75024104 -0.15080253
v 0.32101282 -0.41039857 0.19049172
v -0.5182718 2.05216527 -0.1137456
v -0.51050007 0.5331546 -0.31609103
v -0.98590678 0.92350006 -0.25321683
v -1.13667953 0.78605926 0.2336792
v -0.86888188 -0.52854865 0.10552755
v 0.99966836 1.47229898 0.01416019
v -0.36391231 -0.4902226 0.20139646
v -1.13805151 0.92774659 -0.2325859
v -0.65753877 1.06987655 0.20596313
v -0.97424799 -0.52961361 -0.05257728
v 0.06020537 1.00864768 0.17936746
v -0.95101511 -0.53792738 -0.08890014
v 0.50885349 1.00418114 0.18382419
v 0.61947411 0.85081905 0.13339935
v -0.00620421 1.13844633 0.23422689
v 0.32225918 1.95294535 0.25220257
v -0.21483883 0.28383255 0.2603487
v 0.01016209 -0.55434227 0.18130506
v -0.60866707 1.80374586 0.23153904
v -0.74283254 1.80263721 -0.0874451
v -0.71461486 0.92896974 0.143706
v 0.7287653 -0.51849687 -0.03431651
v 0.65330648 -0.48807102 -0.22310788
v -0.22396424 0.93509775 0.18642281
v -0.17382013 -0.41005826 -0.37978494
v -0.3701699 0.04633691 -0.36486133
v -0.81724584 0.21111714 -0.30766743
v -0.28390052 0.086238 -0.36774522
v -1.13127255 0.52263313 0.2296092
v 0.56711608 0.88471448 0.12318106
v -0.217883 0.85720765 0.17539437
v 0.54683595 0.734766 0.20642244
v 0.36700409 2.21330905 0.07847058
v -0.75967431 0.78103601 -0.06064294
v 0.50041478 2.10987496 0.11413144
v 0.68444997 0.83881825 0.16443154
v 0.21596622 0.46479329 0.24863067
v 0.14376279 0.79246336 0.20455828
v -0.16169866 0.10653006 -0.37028011
v -0.2565898 2.34216976 0.07284957
v 0.79906833 1.77505266 -0.19555567
v -0.74992054 0.46246066 -0.27781811
v -0.77574163 0.95069593 0.02427265
v -0.97548264 0.13845282 -0.26232498
v 0.28024938 0.99787545 -0.24616149
v -0.74498379 0.52532738 0.18039593
v 0.6016556 0.86744701 -0.15815895
v 0.74793916 1.58794653 -0.2008762
v -0.9743238 -0.41848471 0.14854107
v -0.74963933 0.48902487 0.18619793
v 0.42959061 2.20535159 -0.04171966
v -0.17298707 2.41543483 -0.01071255
v 0.60335522 1.70209991 0.03564532
v -0.31456568 2.09234809 0.14613942
v 0.58752799 1.61706137 0.07779381
v -0.26637056 0.90560805 -0.18376953
v 0.51983988 1.23403596 -0.18407185
v -0.95957446 -0.2265615 0.22066104
v 0.09858361 0.08826047 -0.36489999
v -0.50242555 -0.64143288 -0.35226085
v 0.94614899 1.05271875 0.12486946
v -0.66505378 -0.73985719 -0.21799415
v -0.14259749 2.42441391 -0.00989122
v 0.6254571 0.79914844 0.1704542
v -1.10901188 -0.07696516 0.20200023
v -1.26258385 0.92126554 -0.10775438
v -0.31504511 2.09375095 -0.14543038
v -0.28720277 0.97009271 0.16377988
v 0.60915458 1.77098751 -0.01354574
v -0.29264164 0.80976975 0.16966149
v -0.77526229 0.94201886 0.02969156
v 0.62723863 0.97245144 0.08269666
v 0.41513323 1.16635644 0.24594001
v 0.94647246 0.82257074 0.11937047
v 0.05544069 0.97128987 -0.19288963
v 0.97832763 1.69083964 0.07370679
v -1.11039304 0.89287489 -0.24466392
v 0.4473738 2.20048999 0.00406405
v 0.66766732 1.83938729 -0.09669164
v 0.60454779 1.70202612 -0.03073888
v 0.54297226 0.07555429 -0.30978316
v 0.69691044 -0.05535564 0.16812668
v 0.96945685 1.82437086 -0.00019281
v -0.69103843 1.88385808 0.14359273
v -0.68705916 -0.76555359 0.03963147
v -0.57766497 2.01666307 0.13888832
v 0.22625725 0.06234302 0.25839948
v 0.30258345 1.90078663 0.25499287
v 0.29906797 2.01268363 0.23618553
v -0.74937158 1.84917306 0.01256257
v 0.08348182 2.31819629 0.03409661
v -0.71321606 -0.75220394 0.03759421
v 0.94364965 1.87013304 0.03176074
v 0.35349458 2.15378499 0.16255195
v -0.7538008 1.82895624 -0.01660377
v 0.73063576 1.87088334 -0.13967162
v -0.52784586 2.0756154 0.0647718
v 0.56264883 1.56597876 -0.13405631
v 0.60723 1.62938714 0.04460403
v -0.7052446 -0.73312145 0.06099758
v 0.13632398 2.17038106 -0.07388288
v 0.45552307 0.85233938 0.21370989
v 0.78499692 1.96095693 -0.05986028
v 0.88055902 1.41986978 -0.19191721
v -0.65059042 0.2921791 -0.32361391
v -0.25467872 -0.83458489 0.05596057
v -0.70382058 0.21302072 -0.32490178
v -0.56050187 -0.25420159 0.22203911
v -0.30232632 2.09270358 0.16254115
v -0.54056674 1.92531526 0.21571385
v -0.93302851 -0.25231277 -0.28133755
v 0.12612105 0.93497622 -0.19159941
v -0.74302375 1.84497046 0.06129749
v 0.72380721 1.89040398 -0.12013272
v 0.41474834 -0.10668028 0.22863632
v 0.60715192 1.63598501 0.0454336
v -1.07797873 -0.24218925 -0.202715
v -0.70363658 0.665389 -0.19087731
v -0.34741208 0.86650747 -0.22754174
v 0.20716539 -0.25713193 -0.35760182
v 0.60755521 1.63494908 0.04467499
v -0.05186295 2.1249423 0.25103527
v 0.38482829 -0.73823392 -0.26346105
v 0.73977744 1.94051158 -0.06954366
v 0.6155371 0.90228283 -0.08051656
v 0.72072088 0.89147812 0.17368182
v 0.59593659 0.94725668 0.00809359
v -0.27983164 0.77061468 0.18673445
v 0.4840835 1.23444986 -0.21309135
v -0.09590463 2.12730217 -0.25591117
v -0.66154426 1.99019467 -0.0872062
v 0.59322381 0.95592492 0.01701865
v 0.60744381 1.63592648 0.04509626
v 0.31710511 2.1125257 0.1931021
v 0.08214861 0.57734441 -0.34976577
v -0.0202298 0.80708849 -0.29732522
v 0.1683301 0.2242354 0.26185041
v 0.47186577 1.23018014 -0.22081185
v 0.4818027 1.89634096 0.21593092
v 0.70423358 -0.19449339 0.13751563
v 0.38681566 2.22284627 -0.03310412
v -0.25013965 2.29233241 0.14247217
v -0.96146893 -0.51460945 0.06636612
v 0.18225981 2.13154935 -0.08825045
v 0.16714003 1.09091496 -0.18496727
v 0.61231064 0.88001155 0.09260599
v -0.71026349 1.82424557 0.1433015
v 0.0691705 -0.81904542 -0.3021427
v 0.64059174 -0.42522034 0.09990205
v 0.60452568 1.61299705 0.04487207
v -0.30418297 2.28987288 -0.04447015
v 0.55829131 1.04976916 0.12813307
v -0.81340098 1.07553577 0.04241839
v 0.21934539 2.17227006 0.07839424
v -0.23138161 2.25813269 0.18113057
v 0.51049971 -0.47865837 -0.28584247
v -1.2201786 0.34151759 -0.13222348
v -0.60157805 1.75106263 -0.23880621
v 0.70611882 -0.19524788 -0.24728483
v 0.26131394 2.03599309 -0.21823403
v 0.4239332 0.8210932 0.22397215
v -0.0662359 2.42508316 -0.0154273
v 0.69303846 -0.28409946 -0.24208103
v 0.86404645 -0.2734678 -0.02942809
v -0.28910994 0.28577041 0.25833216
v 0.20830431 -0.36609917 0.21306476
v -0.18806101 -0.59869867 0.16990734
v 0.17907264 1.09236347 -0.19526843
v 0.92098522 1.91051137 -0.01254981
v -0.33360368 0.34631475 0.25200071
v 0.33803036 2.21437454 0.07982561
v 0.68457645 0.8850913 -0.16465088
v -1.14044868 -0.12348131 -0.18017239
v 0.05403396 0.96889966 0.17656059
v 0.67789238 -0.58767688 -0.12032508
v 0.84298479 1.73718118 0.18033009
v -0.16456209 -0.88925963 -0.24712331
v -0.77368497 -0.73920238 -0.07143054
v -0.4852254 1.03603303 -0.25330975
v 0.87483847 0.86859685 0.1737912
v 0.57415127 0.82707613 0.15739551
v -0.36586141 0.93821835 -0.21837839
v -0.41391763 0.96040719 -0.23820076
v -0.7661708 -0.74647086 -0.04501757
v -0.69134753 1.81779754 -0.16862238
v 0.69982552 1.16109919 -0.16873759
v 0.08264716 2.13074898 0.17638357
v 0.12186651 0.96250838 -0.16418783
v -0.86339354 0.92742884 -0.19549095
v -1.07525658 0.9238621 0.25266268
v -0.65980446 1.76087856 0.20574434
v 0.57466572 0.93636941 0.08740311
v -1.11962354 -0.27654409 0.13746079
v 0.78984767 0.49867838 0.19871115
v 0.16816298 1.89556634 -0.19150561
v 0.09663892 2.17930221 0.14770861
v 0.22999827 -0.00797468 -0.35768297
v 0.6100924 1.74910271 -0.03250076
v -0.00983997 0.67076277 0.2240937
v 0.59375411 1.30322527 -0.04399392
v 0.20073276 -0.07242044 -0.36065116
v 0.98744869 1.54908597 -0.0800362
v 0.08978258 0.80050516 0.19212523
v 0.49987214 2.01614594 -0.17364162
v 0.86709445 1.95414292 -0.01308973
v 0.87487697 -0.09568312 0.0635734
v -1.01829946 -0.41119676 0.13573323
v -0.75884324 0.60995972 -0.17190684
v 0.26431357 0.47949001 -0.34280929
v -1.04484713 -0.38033992 0.14107273
v 0.94806903 0.8857125 0.11750143
v 0.86955714 0.88027143 -0.1780187
v 0.24066907 1.89420115 -0.23756702
v -0.76369828 0.67986393 0.11559783
v 1.01410627 0.55442202 -0.00176672
v -1.18336284 0.04893346 -0.16215388
v 0.35977372 2.02703714 -0.23464326
v 0.5218324 1.16839015 0.18229945
v 0.83510702 -0.3256677 -0.00862771
v 0.57078403 0.83700227 -0.20604652
v 0.51240289 1.89525032 0.19249671
v 0.56049931 0.82357084 -0.21959009
v -0.35735073 0.55941039 -0.3301379
v -0.69240295 1.94092619 -0.0962217
v 0.60600489 1.03982162 0.00379003
v 0.59468656 1.29749453 -0.03838063
v 0.58094012 0.89259481 -0.12625186
v -0.75723594 0.70097738 0.10024298
v 0.72525697 0.83191001 0.17896808
v 0.59336525 1.29836988 -0.04599836
v 0.79784703 1.79456698 0.17082384
v -0.92764812 -0.45382937 -0.21100521
v -0.66378676 1.92557621 0.14978808
v 0.79138946 1.93632125 -0.10202985
v 0.75793755 1.83519709 0.14997948
v 0.22357468 -0.67767858 0.12337185
v 0.75414586 1.95946574 0.02105069
v -0.736759 0.6915577 0.1205248
v 0.74870264 0.71699756 0.19560942
v -0.27024844 0.87689405 0.15103231
v 0.62869972 0.8862704 -0.12932957
v 0.6671738 0.8910374 -0.15363131
v -0.64462065 1.94224274 0.15684443
v -0.90130519 -0.30029478 0.20025216
v 0.29171007 2.21097922 -0.07301088
v 0.85389769 1.43792629 -0.20017777
v 0.50193142 0.25801906 -0.31967225
v -0.09614072 2.39415216 0.1124283
v 0.33040067 0.57251977 -0.331198
v -0.72080051 -0.53152018 0.14663268
v 0.04139717 2.28760719 -0.15015028
v 0.59460008 1.35396266 -0.04820444
v 0.35222724 -0.12206624 0.23491063
v -0.25398129 1.235978 -0.20797343
v 0.79308497 1.93215465 0.09043092
v -0.66299408 -0.51726764 0.16138939
v -0.73799741 1.76253509 -0.10915205
v 1.00000381 0.28367844 -0.05725372
v -0.53703087 0.22630854 0.23823714
v -0.34222832 1.97810614 -0.09578765
v 0.69980615 1.92269372 0.01543975
v -0.75140976 1.78299701 -0.06788243
v -0.25280806 0.70098358 0.20798566
v -0.34257036 1.97846114 -0.09586975
v -0.74245059 0.99610543 -0.09858814
v 0.79994303 1.14139425 -0.19594635
v -0.34182202 1.97741448 -0.09605466
v -0.11600177 2.12409925 0.25574463
v -0.34217008 1.97789549 -0.09597701
v 1.00550413 0.28374734 -0.03650742
v -0.80153989 0.7687546 -0.11847229
v 0.59679657 1.30143368 -0.04684272
v 0.76199942 1.96645784 0.00224595
v -0.34211427 0.09967546 0.26091158
v -1.18235945 -0.24350817 -0.01318837
v -0.27906832 -0.66923856 -0.36662849
v -0.50803959 0.83068722 0.23798805
v 0.03366719 0.88741612 0.17697127
v 0.60992252 1.33297824 -0.04433164
v 0.77150255 -0.13403399 -0.22398418
v -0.8662101 0.95310485 0.19459956
v 0.12089999 1.94010531 0.12900899
v -0.33180996 1.94617986 -0.11707028
v 0.48696789 -0.70839625 -0.22817724
v 0.54406172 2.07819604 0.06350123
v -0.49620446 0.92012721 0.24470016
v 0.05180335 -0.80094879 0.08499451
v 0.60577863 1.55482018 -0.04524461
v -0.1289639 0.81467568 -0.28531864
v -0.1543184 2.24697208 -0.22132363
v 0.93747854 1.88935363 -0.01380614
v 0.59336632 1.34010028 -0.04656773
v 0.67270082 -0.22093431 -0.25830486
v -0.65252864 0.86284977 0.19823129
v 0.98015618 0.80755925 0.05626212
v 0.60123288 1.08387661 -0.03108126
v -0.35184654 2.16790723 -0.01766811
v 0.95915865 0.19349277 -0.11947281
v 0.60827332 1.08863592 -0.03101898
v 0.99145031 0.74050331 -0.00622943
v 0.95075011 0.1977805 -0.13483731
v 0.59390646 1.08647966 -0.03144216
v 0.85411185 -0.22526267 -0.12674163
v -0.75405627 -0.70163399 -0.18259279
v -0.59752321 1.98950564 0.15489041
v 0.417425 -0.82924246 -0.1452386
v 0.95029223 1.86224305 -0.04476814
v -0.49556163 0.80387812 -0.25662982
v 0.5729438 2.01846504 0.03055463
v 0.87764847 0.73589748 0.17202904
v -0.96807205 -0.49347847 0.08953914
v 0.69459265 1.9049201 -0.06912897
v 0.15515695 2.02596187 0.14511653
v 0.69216871 1.8919835 -0.08592441
v -0.7594912 1.75148677 0.03776745
v 0.59219491 1.20630204 -0.05134774
v 0.15932895 1.0294981 0.17517428
v -0.63657182 0.70761549 0.20080012
v 0.59348756 1.17764318 -0.04184125
v 0.59285795 1.17356574 -0.04633558
v 0.59459728 1.39891493 0.04280709
v 0.60981106 1.14456701 -0.0465919
v 0.72069221 0.13509728 0.19110967
v 1.01334643 0.56358456 0.02027285
v 0.59396171 1.40980255 0.04508551
v -0.07200595 0.97744536 -0.24093446
v 0.16232134 0.90120488 0.18136949
v 0.46205914 0.07194788 -0.32598117
v 0.1612149 0.95021247 0.17612323
v -0.11620096 2.42813372 -0.0069428
v 0.16268044 0.98921728 0.17650724
v -1.07517695 0.70671862 0.25303047
v -1.0414952 0.32369536 0.25448274
v -0.45758289 1.19468128 -0.25259172
v 0.39072072 2.13877177 0.16837199
v 0.59531885 1.30111479 0.03545009
v 0.87205833 1.57875156 0.18408139
v -0.64454501 0.81374377 -0.21729835
v -0.17070171 2.41375184 0.0325344
v -0.31945112 1.81790018 -0.17054207
v 0.54837697 -0.65782398 -0.21756672
v -0.77871811 -0.35407987 -0.32728231
v -0.63235479 0.91711396 -0.2224397
v -0.24152678 0.72588831 -0.31385082
v -0.45332106 1.84770095 0.2403541
v -0.77876073 0.86309164 0.06276073
v 0.60732919 1.29833364 0.03128211
v 1.01859426 0.529859 0.0171546
v -0.36788639 0.76037788 0.20977348
v 0.6004101 1.62100946 0.04052031
v 0.15254937 2.11805415 -0.03118996
v -0.78676205 -0.30679306 -0.32725438
v -0.29304879 2.2040739 -0.14806625
v 0.80238413 0.7021898 -0.20805837
v 0.60131549 1.85336768 0.01513991
v 0.79233765 0.73607182 -0.20531167
v -0.26335284 -0.9336639 -0.13940873
v 0.15279986 2.11888003 -0.02986727
v 0.59645587 1.29833161 0.0258733
v -0.80689305 0.00131984 0.21294966
v 0.60145056 1.67888641 0.03857759
v -0.92456162 0.36632537 -0.2472178
v -0.56249964 -0.34954956 -0.35587838
v 0.11956522 2.09606361 0.13137561
v 0.61374145 1.78037273 -0.00142263
v -1.19639515 0.89798373 -0.19605654
v -0.31242343 -0.53114235 0.19115188
v -0.74150562 1.84863853 -0.06371898
v -0.23328188 -0.5125634 0.19635596
v 0.31477993 0.06729284 -0.34901332
v 0.80550533 1.86827731 -0.16268307
v -0.73058825 0.23662352 0.20675729
v -1.2253642 0.89822125 -0.16701901
v 0.28420928 0.03055253 -0.35231733
v 0.60157764 1.67386388 0.03518195
v -0.03029685 2.23463416 0.22042369
v -0.57302665 -0.63669878 -0.33953306
v 0.5694831 0.97617423 -0.10564578
v -0.77454167 0.85564261 0.04423196
v -1.07506346 0.92274224 -0.25276657
v 0.56337344 1.73029041 0.12851528
v -0.92193681 -0.21539564 -0.29105296
v 0.90671902 -0.06796865 -0.1085986
v 0.91963106 -0.05545289 -0.08199299
v 0.93037706 0.10682627 -0.13656407
v -0.18975651 -0.93696737 -0.16225031
v 0.9664359 0.16430626 -0.08928087
v -0.56976985 -0.82467091 -0.16777026
v 0.21159011 -0.3074148 0.22339521
v -0.45120778 0.8543424 -0.25165629
v -0.51975876 1.94138348 0.21033951
v 0.60954552 1.78323972 0.00287895
v 0.93669116 0.07422538 -0.11580306
v -0.61880141 2.03225588 0.08213695
v 0.08316916 1.0950942 0.1726893
v -0.05444758 1.10319793 -0.24535521
v 0.39999595 2.10204696 -0.19234423
v 0.23013301 0.84322178 -0.27254375
v 0.02222373 1.0019586 -0.21123319
v 0.00801296 2.09076046 0.23303911
v -0.82356423 -0.6429544 0.05499391
v 0.65615856 1.80404424 -0.10635953
v 0.60413843 0.79924607 0.17033083
v 0.58083587 -0.70658344 -0.05333388
v -0.51935571 1.99496901 -0.17556054
v 0.52602422 0.6080892 -0.29944214
v -0.76586097 0.92197054 0.06099955
v 0.80453169 1.72407376 0.18754418
v 0.57656198 -0.70403128 -0.03396114
v -0.1116844 0.94614791 0.22286962
v 0.5892269 1.118142 -0.05803849
v 0.47252062 0.44564566 -0.32029733
v 0.59741979 1.17988038 0.00519245
v -0.56723308 -0.55832046 0.16328163
v 0.11801093 0.72033816 -0.32699143
v -0.58245331 -0.10181015 0.23097215
v -0.52948248 2.08231782 0.0404391
v 0.09268263 1.05267119 0.16067598
v 0.60497218 1.19045293 0.00569938
v 0.50658059 0.10991109 -0.31826964
v -0.5132187 -0.51708328 0.18190163
v 0.97662764 0.76415199 0.07195672
v 0.80235874 0.19714906 -0.23430505
v -0.79508709 0.51530718 -0.22544287
v -0.99035722 -0.22501766 0.21948365
v 0.60193282 1.66960823 0.02352234
g Group27135
f 1630 6047 6795
f 1926 2778 5023
f 5504 6745 2506
f 2387 334 3664
f 2486 2813 1679
f 3084 897 5196
f 4749 3119 2881
f 4749 2881 4341
f 4341 2881 233
f 3119 4749 173
f 4749 6761 173
f 1419 178 413
f 6 2205 4305
f 6 4305 6308
f 6 6308 1463
f 233 3542 4341
f 233 3 89
f 3670 89 3
f 4971 210 264
f 205 3768 173
f 4350 5922 1601
f 178 3505 142
f 3 5329 1523
f 142 5142 4529
f 3023 6249 4411
f 5142 2617 4529
f 2485 4529 2617
f 1274 2007 242
f 1274 4867 271
f 6980 7000 6987
f 1346 2143 2140
f 1984 2665 1797
f 3605 4404 3275
f 725 548 3388
f 3550 4465 2391
f 3425 1133 5358
f 1776 3864 4924
f 1419 413 634
f 1470 1022 3089
f 4341 8 257
f 251 7044 2079
f 267 4371 177
f 1702 5236 1085
f 3023 4411 1712
f 3295 2499 6329
f 2007 1274 6405
f 242 1969 230
f 4629 1902 10
f 4629 10 7000
f 5076 7 265
f 5327 1336 1315
f 6308 4305 2102
f 4854 209 248
f 4783 66 272
f 2957 268 1920
f 1274 4629 7000
f 7024 1274 7000
f 6987 2957 1920
f 422 3345 379
f 6761 184 173
f 1905 2021 1068
f 4341 3542 4290
f 6 1463 6321
f 270 64 50
f 260 178 142
f 2007 6405 3225
f 141 265 7
f 271 4867 196
f 1881 141 7
f 70 272 24
f 6321 115 4179
f 1920 7 4374
f 26 87 73
f 1068 244 2752
f 210 6 6321
f 210 6321 270
f 6485 212 6300
f 6298 2485 2617
f 235 248 66
f 2129 184 1989
f 3713 6572 184
f 239 46 31
f 4290 4389 6302
f 178 260 143
f 5536 71 254
f 254 143 5536
f 752 52 30
f 6751 260 142
f 4867 265 196
f 243 58 48
f 210 98 264
f 1068 2021 244
f 74 50 264
f 269 234 14
f 2007 235 66
f 5654 5996 248
f 4878 3535 5399
f 7000 10 126
f 7000 126 241
f 233 89 247
f 178 143 254
f 3496 1969 2620
f 244 184 170
f 2516 267 177
f 44 35 13
f 752 30 125
f 125 14 71
f 4643 196 4639
f 50 229 264
f 1902 268 10
f 184 244 214
f 177 4371 120
f 89 263 44
f 35 44 263
f 2984 205 1998
f 232 255 6751
f 4305 251 2079
f 224 229 44
f 180 264 98
f 5536 143 174
f 219 166 124
f 124 248 209
f 242 230 121
f 242 121 70
f 241 268 2957
f 73 40 41
f 232 6751 174
f 11 182 193
f 233 247 78
f 239 244 227
f 128 261 14
f 142 283 212
f 30 269 125
f 165 33 221
f 699 6076 319
f 13 35 224
f 157 226 139
f 55 89 50
f 248 246 5654
f 123 9 185
f 44 13 129
f 78 247 181
f 66 186 152
f 66 152 272
f 12 227 22
f 227 46 239
f 251 182 8
f 35 263 229
f 265 70 24
f 245 205 173
f 33 230 221
f 122 192 28
f 18 28 27
f 28 222 19
f 28 6329 222
f 173 184 2129
f 11 223 251
f 270 6321 4371
f 98 210 149
f 180 74 264
f 232 174 36
f 231 156 71
f 93 248 124
f 50 64 55
f 42 205 245
f 46 29 31
f 129 151 44
f 242 70 265
f 178 254 128
f 239 31 170
f 143 119 60
f 121 230 33
f 270 50 210
f 165 221 272
f 4157 7121 2516
f 254 20 39
f 268 241 10
f 101 123 196
f 189 10 241
f 189 241 32
f 181 247 63
f 63 247 191
f 183 191 270
f 229 263 264
f 244 31 227
f 120 111 177
f 34 76 77
f 34 77 47
f 177 111 249
f 119 36 132
f 185 9 141
f 119 132 60
f 85 142 68
f 12 22 46
f 48 15 243
f 254 261 128
f 261 254 39
f 273 239 170
f 183 270 233
f 126 189 102
f 126 102 241
f 73 87 40
f 206 192 122
f 18 27 127
f 182 251 223
f 180 210 74
f 149 180 164
f 254 51 161
f 254 231 20
f 105 231 39
f 39 231 261
f 168 6934 26
f 83 111 120
f 24 66 265
f 21 79 80
f 21 80 140
f 22 57 29
f 29 23 31
f 178 128 14
f 206 122 38
f 4918 2674 7058
f 229 89 44
f 260 232 36
f 240 60 169
f 150 95 81
f 26 72 168
f 257 8 11
f 209 220 124
f 167 4352 163
f 21 113 84
f 21 84 79
f 6779 6751 752
f 85 68 195
f 203 214 244
f 22 31 17
f 12 46 43
f 255 260 6751
f 160 164 98
f 143 60 174
f 20 231 252
f 93 246 248
f 58 15 45
f 143 260 36
f 246 93 209
f 75 139 226
f 16 198 91
f 17 31 23
f 31 244 170
f 121 33 92
f 70 130 131
f 184 145 203
f 178 14 234
f 24 272 186
f 24 186 66
f 131 272 70
f 135 9 188
f 189 32 67
f 33 131 153
f 184 203 2021
f 30 52 76
f 196 123 1881
f 37 181 118
f 183 78 63
f 186 272 49
f 49 272 152
f 22 17 57
f 14 261 71
f 189 69 102
f 102 69 117
f 25 18 97
f 27 28 19
f 239 273 163
f 155 194 193
f 104 223 11
f 156 231 204
f 2861 3631 6858
f 182 11 8
f 191 64 270
f 46 22 29
f 230 5804 221
f 44 151 224
f 1853 42 172
f 12 43 227
f 167 163 262
f 465 62 482
f 210 180 149
f 174 60 36
f 20 252 39
f 58 45 48
f 48 45 106
f 30 234 269
f 89 226 64
f 138 249 111
f 141 134 196
f 102 32 241
f 5660 209 4854
f 52 234 76
f 76 34 30
f 47 77 234
f 47 234 30
f 116 94 172
f 181 37 78
f 54 106 107
f 54 107 15
f 174 6751 6779
f 55 56 175
f 55 157 56
f 59 108 198
f 57 17 23
f 57 23 29
f 122 18 38
f 100 25 19
f 133 182 104
f 110 168 137
f 9 135 141
f 247 89 64
f 247 64 191
f 138 199 259
f 157 139 56
f 113 59 84
f 59 114 108
f 186 49 171
f 61 49 152
f 227 31 22
f 125 269 14
f 13 151 129
f 149 160 98
f 161 51 213
f 15 107 45
f 75 226 89
f 116 198 90
f 198 116 109
f 245 173 116
f 116 173 109
f 92 70 121
f 65 33 153
f 184 144 145
f 28 18 122
f 134 141 135
f 196 134 146
f 189 67 117
f 30 34 47
f 88 55 147
f 116 90 59
f 59 90 114
f 195 95 142
f 78 183 233
f 78 37 63
f 184 214 96
f 4352 167 273
f 189 117 69
f 182 155 193
f 180 98 164
f 60 240 36
f 142 95 53
f 143 36 119
f 261 231 71
f 19 206 100
f 120 4371 138
f 73 41 72
f 73 72 26
f 699 319 225
f 101 188 123
f 76 234 77
f 105 39 252
f 48 54 15
f 211 56 139
f 211 139 75
f 79 59 198
f 140 80 176
f 132 240 169
f 132 169 190
f 81 95 68
f 81 68 236
f 72 41 137
f 83 259 111
f 83 138 259
f 165 131 33
f 84 59 79
f 86 61 152
f 273 167 262
f 50 74 210
f 63 191 183
f 157 88 226
f 33 65 92
f 130 65 153
f 146 135 187
f 1463 6308 4389
f 89 229 50
f 88 157 55
f 36 240 132
f 116 59 94
f 163 148 262
f 262 148 216
f 102 117 32
f 25 97 19
f 206 38 100
f 100 38 18
f 100 18 25
f 245 116 42
f 42 116 172
f 228 161 213
f 89 55 75
f 227 43 46
f 103 262 216
f 160 159 99
f 53 68 142
f 48 106 54
f 108 16 91
f 108 91 198
f 41 40 136
f 41 136 110
f 110 82 168
f 138 111 258
f 258 237 199
f 112 113 140
f 1853 112 140
f 94 59 113
f 114 16 108
f 49 61 200
f 49 200 201
f 86 200 61
f 107 106 45
f 65 130 92
f 117 67 32
f 90 198 114
f 114 198 16
f 68 95 195
f 18 127 97
f 228 156 204
f 228 204 161
f 193 194 104
f 193 104 11
f 196 187 101
f 209 5660 246
f 192 206 19
f 224 151 13
f 27 19 127
f 161 204 254
f 194 133 104
f 186 171 152
f 130 153 131
f 146 187 196
f 147 55 64
f 37 118 63
f 133 155 182
f 149 164 99
f 138 83 120
f 176 42 140
f 126 10 189
f 207 208 60
f 187 135 188
f 187 188 101
f 226 147 64
f 56 211 175
f 176 173 42
f 136 40 82
f 136 82 110
f 41 110 137
f 138 258 199
f 140 113 21
f 49 201 171
f 51 156 213
f 118 181 63
f 130 70 92
f 144 215 202
f 145 96 203
f 203 96 214
f 226 88 147
f 96 215 144
f 163 273 148
f 133 194 155
f 160 149 159
f 196 265 141
f 203 244 2021
f 123 188 9
f 72 137 168
f 42 1853 140
f 146 134 135
f 160 99 164
f 232 260 255
f 172 94 179
f 228 213 156
f 262 103 273
f 158 197 256
f 68 53 150
f 82 40 168
f 111 259 258
f 94 113 112
f 238 96 145
f 238 145 144
f 96 238 215
f 127 19 97
f 95 150 53
f 166 93 124
f 35 229 224
f 220 219 124
f 272 131 165
f 166 219 220
f 166 220 93
f 60 190 169
f 109 173 176
f 99 159 149
f 55 211 75
f 55 175 211
f 179 94 112
f 96 144 184
f 80 109 176
f 132 190 208
f 231 254 204
f 254 71 156
f 103 216 197
f 273 103 197
f 273 197 158
f 200 86 201
f 190 60 208
f 171 86 152
f 132 208 207
f 132 207 60
f 201 86 171
f 256 216 250
f 259 199 217
f 217 199 162
f 217 162 237
f 93 220 209
f 223 104 182
f 231 105 252
f 79 198 80
f 198 109 80
f 51 254 156
f 81 236 150
f 237 162 199
f 215 238 202
f 273 250 148
f 250 216 148
f 197 216 256
f 158 256 273
f 259 217 258
f 68 150 236
f 144 202 238
f 256 250 273
f 217 237 258
f 3360 1789 3147
f 2926 999 1318
f 3908 3470 7019
f 3095 6737 1466
f 6813 4172 2685
f 6145 2394 6100
f 870 4180 2797
f 6251 6286 5853
f 1139 6964 5806
f 4470 3795 938
f 4053 3165 5031
f 3054 5013 6919
f 280 297 195
f 6300 212 281
f 212 286 281
f 85 195 297
f 2403 1278 5295
f 6552 518 3183
f 142 85 283
f 283 85 297
f 3188 6362 5724
f 4996 2047 4691
f 283 281 292
f 212 283 286
f 286 296 281
f 286 283 296
f 285 281 287
f 292 296 283
f 288 289 287
f 287 281 296
f 289 285 287
f 292 281 285
f 415 1348 975
f 5974 2299 3006
f 291 289 288
f 293 285 289
f 294 292 285
f 294 296 292
f 293 289 291
f 294 291 288
f 294 293 291
f 294 285 293
f 975 1348 1194
f 2535 6217 4599
f 296 294 288
f 296 288 287
f 283 297 281
f 281 297 280
f 4753 5149 1594
f 5921 4527 5176
f 2459 2963 3657
f 467 5566 1369
f 3202 4790 6092
f 2428 4147 2652
f 4068 4992 3194
f 941 6048 4513
f 2735 566 2255
f 1468 3695 3092
f 4393 340 3723
f 6687 3420 6222
f 3443 5370 798
f 549 2723 1659
f 2865 4969 1541
f 4278 2867 2160
f 5503 1802 5324
f 6535 4353 7054
f 2441 4967 2062
f 3558 1483 1686
f 1362 1525 3566
f 2811 2616 3393
f 377 4677 2080
f 617 4860 7092
f 6149 3164 5956
f 5340 5265 2684
f 1088 6907 5456
f 4112 739 5919
f 331 225 4787
f 62 7115 598
f 5171 1992 3016
f 583 5352 375
f 312 314 315
f 322 6076 699
f 253 331 322
f 253 225 331
f 2443 4463 4475
f 4246 1889 6391
f 2559 3852 1098
f 2589 1464 2892
f 225 332 52
f 319 234 52
f 52 323 319
f 225 319 323
f 1786 2296 6928
f 6837 6035 1072
f 807 1395 3692
f 6847 4431 2662
f 324 322 331
f 322 314 4787
f 225 323 332
f 52 329 323
f 324 314 322
f 315 314 327
f 52 332 329
f 323 326 318
f 329 326 323
f 325 318 326
f 324 315 327
f 324 327 314
f 332 325 329
f 325 326 328
f 325 328 329
f 329 328 326
f 665 836 6032
f 1393 5534 3274
f 331 315 324
f 331 312 315
f 332 318 325
f 332 323 318
f 2626 5629 300
f 6129 3295 2617
f 2028 6341 4420
f 1850 5882 1191
f 2685 4172 1438
f 5825 6296 2307
f 3721 810 994
f 4455 1209 3842
f 6944 3305 2472
f 3824 2384 947
f 3947 1009 3059
f 4136 6115 6108
f 496 443 290
f 3901 1280 891
f 4912 2784 6904
f 4555 3700 1923
f 5818 4561 1005
f 2256 2432 6718
f 5290 6861 4162
f 765 2974 2521
f 4525 3323 3948
f 4184 623 6811
f 4146 970 3381
f 3350 6042 800
f 3831 1602 4948
f 2801 6143 2554
f 4998 3548 4126
f 2195 3306 1721
f 6877 4250 5208
f 590 6939 710
f 900 6440 3912
f 6541 2391 4465
f 5873 4344 3012
f 5302 1910 4039
f 3582 367 3897
f 4477 456 2911
f 3129 4114 1901
f 3932 3254 3530
f 1443 1414 3809
f 5519 1209 4455
f 6930 1786 6928
f 6166 4104 439
f 1086 5176 4987
f 3956 4792 4317
f 5941 4401 337
f 758 1148 3802
f 955 2618 3333
f 828 1975 1832
f 854 2254 6139
f 1223 5485 3747
f 2810 5662 1081
f 498 5367 2724
f 2603 5902 5618
f 1706 2215 984
f 1400 2774 6214
f 6089 574 2600
f 3411 2677 523
f 1696 4254 5351
f 5002 1196 3898
f 476 1824 2304
f 1948 890 7049
f 1730 4446 4739
f 673 1478 1571
f 1768 612 6283
f 3881 5035 3876
f 4162 6861 1598
f 4040 5925 6698
f 732 6006 2592
f 5623 1308 1238
f 1812 1634 4275
f 1104 6684 1718
f 3720 1996 3735
f 1626 3757 892
f 5199 546 583
f 6923 7056 4279
f 3766 1323 689
f 2863 5065 6453
f 1081 3417 2810
f 1023 6253 3553
f 4728 683 902
f 440 5206 6695
f 4752 5544 879
f 6144 4125 683
f 6370 6775 2428
f 5640 5636 2133
f 4147 2785 6078
f 5885 3008 503
f 1709 3310 2830
f 1994 347 1260
f 6563 5167 5953
f 4437 1743 2897
f 1125 6758 2361
f 1001 2480 274
f 3463 442 2967
f 2198 3031 1408
f 1274 7024 3888
f 4597 6355 5743
f 6920 6427 2643
f 5539 6310 3661
f 2756 335 1649
f 1043 5162 3769
f 5133 3342 365
f 2993 1361 5145
f 3189 3009 6248
f 4786 2517 3149
f 3875 3175 2111
f 944 7052 4716
f 1218 6226 714
f 2373 2737 6499
f 1313 3302 6781
f 1585 3292 5451
f 1449 6158 4298
f 1821 4641 3468
f 4767 1672 3909
f 4712 4146 2500
f 4726 1029 6577
f 1289 4981 4830
f 1727 6277 5514
f 3059 1009 3178
f 6202 433 4540
f 2792 2047 5325
f 983 5073 6131
f 5481 2717 776
f 4552 1751 3221
f 3825 395 4254
f 2689 1940 5468
f 6957 547 4545
f 4293 5757 2604
f 3090 1738 2289
f 303 5039 717
f 1605 5867 4912
f 5742 5394 2536
f 6903 4558 2610
f 5271 2109 3793
f 1913 2502 3851
f 1503 1799 3422
f 3273 2641 4094
f 1093 4530 874
f 3793 2109 4846
f 3500 3367 921
f 5285 4362 5779
f 2552 1229 3938
f 5981 1351 3475
f 3484 868 1595
f 3163 1220 3978
f 6859 6133 2979
f 768 4059 1281
f 301 2446 1455
f 1224 450 1930
f 4737 1593 4469
f 4941 754 6279
f 2793 5943 2634
f 3294 5144 409
f 3060 3894 3886
f 1032 5790 410
f 6783 2245 3765
f 368 2923 3643
f 673 6762 2923
f 1256 487 412
f 4672 412 2499
f 413 178 4881
f 6076 322 413
f 4570 5929 3284
f 1387 2953 4407
f 3743 6119 2798
f 4663 2069 5916
f 1923 416 2453
f 3338 3511 2158
f 3486 2504 1759
f 1225 2204 1600
f 311 4927 5788
f 1521 1584 593
f 3772 1495 2371
f 5685 1067 2351
f 3389 420 4869
f 6472 3632 4869
f 6316 4430 884
f 4183 6341 2028
f 4023 4223 1198
f 4763 6495 3363
f 6952 2105 1000
f 5295 1278 6589
f 3285 1751 1243
f 3921 1742 5851
f 2985 6802 5328
f 1304 4103 4031
f 5888 6798 2840
f 647 5387 5237
f 504 7042 6081
f 1201 508 6314
f 5491 1784 5927
f 1406 3565 3687
f 2527 4674 1860
f 6030 3171 5708
f 5533 3534 449
f 2485 6298 5306
f 2658 878 3533
f 3746 1179 2895
f 3491 3961 2652
f 4508 909 3229
f 6191 3129 1901
f 5674 4163 2877
f 434 373 5231
f 862 1518 4911
f 2462 5819 1425
f 6096 858 2820
f 5994 4899 4418
f 6648 3521 6245
f 4400 5088 6417
f 2375 1757 5032
f 361 5303 2859
f 604 1353 474
f 6949 4664 3075
f 6373 1249 4060
f 1241 4528 5221
f 4424 6797 1428
f 3291 1968 3604
f 1883 6878 6873
f 5721 7109 1433
f 379 3497 422
f 2295 6925 3561
f 5621 5679 1666
f 1894 4456 4309
f 5532 750 2740
f 2274 2976 671
f 898 3150 5780
f 461 2499 412
f 449 459 512
f 3902 5233 2363
f 1613 2842 979
f 2490 6197 5460
f 969 6132 1354
f 461 449 2499
f 2529 2563 449
f 1787 5063 4051
f 1040 1728 3642
f 596 6809 4825
f 1915 5595 3013
f 1857 4082 5392
f 4552 3221 2444
f 290 596 473
f 4340 1526 921
f 4434 2061 5420
f 6268 2144 4167
f 488 461 412
f 487 505 500
f 2288 3146 3479
f 2927 6899 6717
f 2226 4748 4182
f 6847 4331 4431
f 1773 7091 2713
f 2560 4296 3480
f 449 461 459
f 430 459 478
f 4976 6274 3703
f 5416 1543 6940
f 500 461 488
f 459 461 500
f 339 513 462
f 339 462 443
f 472 459 500
f 430 472 500
f 5871 5304 1094
f 2057 3936 4863
f 4787 7115 322
f 322 7115 413
f 1108 1566 3540
f 3824 947 5009
f 467 1369 5322
f 1746 5632 3473
f 4310 1774 5402
f 6965 3220 5135
f 443 496 339
f 513 339 475
f 1813 1804 943
f 4354 6889 5010
f 615 2365 772
f 4198 4443 4436
f 478 459 472
f 430 490 472
f 473 453 496
f 473 496 290
f 5447 4925 730
f 6927 764 1429
f 339 483 475
f 483 513 475
f 1422 1247 2772
f 2391 4995 782
f 5839 6048 941
f 2281 6982 4043
f 472 485 478
f 430 478 490
f 5860 4559 822
f 2101 4370 4367
f 3237 3379 5334
f 5669 4313 6437
f 2469 6199 4322
f 4577 6918 2833
f 413 465 491
f 413 491 62
f 483 469 453
f 339 496 483
f 478 446 484
f 490 485 472
f 490 446 485
f 478 485 446
f 1269 2232 2075
f 5860 822 4349
f 487 463 455
f 487 488 412
f 455 463 488
f 455 488 487
f 483 489 469
f 453 469 496
f 484 490 478
f 484 446 490
f 497 62 491
f 465 493 491
f 2223 3301 3819
f 2726 4039 3796
f 465 495 493
f 62 497 482
f 2181 3048 6981
f 3931 844 1604
f 465 482 495
f 482 497 495
f 483 496 489
f 469 489 496
f 497 491 493
f 495 497 493
f 5998 5067 3331
f 2839 6404 1813
f 4950 4955 2153
f 3042 4962 3200
f 463 500 488
f 487 500 463
f 2637 501 2691
f 4516 5112 3263
f 275 1309 1874
f 5268 5745 6368
f 3759 7085 2442
f 791 2720 2421
f 2850 2313 4128
f 5568 2473 4974
f 487 1256 505
f 505 430 500
f 4473 1310 6381
f 4992 4068 4978
f 5207 3934 6595
f 4201 5718 2678
f 1201 995 508
f 5526 4369 2894
f 5999 653 3489
f 6474 3867 1690
f 1219 6607 3270
f 1893 2043 1393
f 3669 5803 3704
f 1785 5928 1838
f 512 459 430
f 512 430 505
f 453 473 513
f 513 483 453
f 2402 7045 897
f 2863 479 1936
f 1876 515 1084
f 391 1445 2152
f 2449 3117 675
f 966 1557 2602
f 5690 2420 419
f 2324 1912 5805
f 1436 1842 5931
f 2429 6345 3062
f 3539 6337 1461
f 5185 1886 5187
f 3103 5224 5251
f 1247 1422 2519
f 5696 3277 3945
f 2694 3929 4561
f 522 6569 3446
f 4479 6221 6594
f 1942 4302 3385
f 5978 3028 928
f 1578 572 4990
f 2555 3747 5485
f 6264 4609 3708
f 6155 2725 6163
f 5049 2454 387
f 4174 1700 1428
f 1350 3815 677
f 3147 1789 1146
f 1688 788 4119
f 3325 342 3067
f 5721 1433 5717
f 1711 1119 942
f 6126 4930 3599
f 4311 5306 3534
f 4200 6037 2661
f 2693 3621 2919
f 2457 5227 532
f 1762 2956 2958
f 7110 2230 6447
f 1925 588 7020
f 5504 2506 2180
f 2537 5605 1693
f 5602 1812 5606
f 2011 6598 1368
f 2350 4299 1836
f 5587 4238 6661
f 6666 6222 5587
f 6991 905 4968
f 3674 4653 1448
f 3570 2216 384
f 428 4206 4204
f 3246 6057 5585
f 1389 1746 540
f 5808 1138 4205
f 276 1884 3672
f 1884 2329 4723
f 5173 5789 2835
f 6193 3988 5382
f 5315 1217 5957
f 3985 2240 4216
f 1829 3354 1542
f 2977 762 1677
f 2432 2165 6718
f 5847 476 2304
f 2623 892 3757
f 369 743 5228
f 1940 3776 817
f 6633 353 4000
f 6527 4373 447
f 4653 3682 5178
f 7108 549 1659
f 5649 2872 7084
f 284 2800 2964
f 2474 6575 5947
f 3805 6224 2486
f 4078 4861 6054
f 5769 1190 2390
f 2994 982 2999
f 2083 1953 5565
f 3872 4501 971
f 336 1921 5110
f 1096 6606 1916
f 1854 5148 3070
f 2503 928 3680
f 5490 556 962
f 1563 1331 1306
f 6742 1468 2120
f 4416 6107 6121
f 1532 402 558
f 402 3179 4137
f 1039 4712 6371
f 695 906 5293
f 2778 3282 5023
f 6499 2737 2419
f 4111 1176 7053
f 3647 3789 1013
f 5982 5992 3235
f 2239 2882 3525
f 1973 850 5024
f 3917 757 2487
f 4741 2417 5647
f 3156 6281 5190
f 628 4364 3462
f 2321 2010 4586
f 1442 5973 4380
f 4072 4416 978
f 2046 4686 888
f 3560 708 2310
f 1845 4567 5368
f 7068 915 6005
f 1918 2483 831
f 4180 6668 6678
f 3515 4287 760
f 2611 4717 5598
f 7065 6204 492
f 388 4740 6084
f 2665 1045 4898
f 808 6194 3644
f 4062 5711 5376
f 359 2034 2883
f 4921 1738 3090
f 4964 3775 1530
f 2383 4269 6396
f 414 1538 1833
f 3022 652 1066
f 1821 3468 6680
f 3970 2514 5523
f 4954 4016 5747
f 2923 3711 3186
f 3749 2020 6034
f 838 5318 1879
f 695 2902 6971
f 6603 2225 3010
f 5015 3161 6424
f 2276 2877 4163
f 5082 2564 5280
f 6440 3362 3912
f 3704 1852 6747
f 6415 3035 2667
f 2420 2212 419
f 4165 3126 2019
f 1820 641 586
f 585 6991 4968
f 3878 6568 2350
f 5778 2115 5154
f 2709 2116 6961
f 2660 2874 2191
f 1404 703 1968
f 733 5954 4836
f 2148 2 3118
f 3308 1424 589
f 4526 4923 2860
f 1739 2417 4741
f 1302 4648 6540
f 3705 2453 591
f 373 879 5544
f 3075 6935 6295
f 5943 2098 2634
f 2138 7025 7039
f 2558 2370 5345
f 6094 594 1972
f 2766 1748 6926
f 4685 3490 3493
f 4278 2869 2867
f 596 6105 513
f 596 513 473
f 3204 3648 5528
f 986 3465 5822
f 2395 4811 6331
f 6535 7054 4811
f 3671 5947 6672
f 1535 3219 6875
f 3100 600 4900
f 1115 1270 2590
f 2410 2711 3991
f 5840 4839 3528
f 5121 2781 1123
f 3435 4771 5464
f 1922 2039 3709
f 4761 6135 4945
f 3112 632 1376
f 3411 1826 2677
f 605 965 2510
f 5349 5401 5489
f 4799 3797 1691
f 6376 2827 3391
f 618 607 4762
f 1531 1264 5794
f 3209 4856 6389
f 1515 1012 726
f 1540 2330 5964
f 4802 2127 3584
f 2964 2800 2573
f 2323 1854 2836
f 2413 2372 1377
f 1582 907 3964
f 2864 5834 1768
f 1397 6545 4024
f 1872 2210 613
f 3556 3997 3563
f 589 1424 3860
f 3436 1519 3516
f 2388 5236 1702
f 3521 1417 866
f 1294 3390 5001
f 5651 3966 3630
f 5414 2041 787
f 6138 531 1327
f 1686 5166 4440
f 6031 7107 4890
f 3153 4054 2149
f 4283 1335 355
f 4427 1994 1260
f 5553 1097 1664
f 5093 1041 1639
f 6009 2332 3638
f 2438 1161 2374
f 2473 3549 1561
f 6942 2739 623
f 7020 588 2511
f 5708 3171 1999
f 3063 1145 6629
f 3353 1387 1016
f 6573 3605 3275
f 5650 6035 6846
f 754 4941 1670
f 2598 4203 7123
f 3967 2540 4598
f 5728 1948 6659
f 2025 3515 2635
f 2884 3135 667
f 5715 1537 4247
f 4558 6903 2703
f 1958 2378 1340
f 631 4539 4116
f 4292 5268 6368
f 3114 438 4097
f 5390 5090 2713
f 5057 6414 348
f 1479 1069 5451
f 634 62 2405
f 634 413 62
f 4153 1855 2342
f 4822 942 3133
f 2592 4518 732
f 6616 1 5292
f 1971 1482 5888
f 3034 1419 634
f 2033 3058 6086
f 6125 3050 6844
f 639 6334 3076
f 3536 1931 1131
f 904 2868 5378
f 6003 346 805
f 641 1382 586
f 5147 4077 3920
f 3929 5100 4438
f 5450 1931 3536
f 5361 2386 2074
f 7082 2123 5556
f 6171 3887 3911
f 3734 5220 1895
f 1235 645 3145
f 1988 6995 4649
f 6758 5614 2361
f 3437 980 568
f 5387 4797 4017
f 7102 5323 4989
f 3341 6774 960
f 1358 4113 5495
f 4376 2204 3224
f 3586 3731 6584
f 650 5266 1176
f 6580 368 2004
f 1579 2427 2476
f 4159 444 6307
f 3764 4152 5684
f 403 3065 3418
f 3477 2010 1683
f 3228 1303 3250
f 5101 1694 350
f 4989 2716 3382
f 867 1222 3572
f 1327 2817 823
f 6029 401 656
f 5899 2406 964
f 1777 6752 3043
f 3043 6539 1777
f 1191 5882 6420
f 1612 6603 835
f 1834 3984 6193
f 5483 3616 334
f 7 6282 4374
f 266 2024 4556
f 3032 3327 502
f 5635 1731 3830
f 3783 1151 662
f 5775 4739 6630
f 1800 4087 6366
f 1616 1558 2736
f 4017 4797 2903
f 4028 3481 4956
f 1182 1177 2035
f 1823 5527 2668
f 2447 666 5900
f 6096 2379 4851
f 3895 2773 4522
f 3873 3862 5008
f 2708 3724 5977
f 1432 3234 6062
f 5117 2293 3187
f 1532 4547 402
f 4126 3548 5932
f 2305 5048 4730
f 6258 2421 2720
f 1061 3241 1653
f 3 672 5329
f 6860 597 1642
f 3624 1076 4833
f 5459 3485 1027
f 3589 2708 5977
f 2894 1991 1992
f 5723 3686 2625
f 1112 3686 5723
f 676 3372 2083
f 6471 397 4003
f 2843 4793 2575
f 2748 5159 4088
f 6179 6034 2020
f 471 4615 4650
f 534 2714 1564
f 3029 6543 5897
f 4758 2880 680
f 6809 3752 4825
f 2194 1000 2107
f 1548 3454 2465
f 3493 3490 1609
f 3236 407 5211
f 6690 1917 3722
f 7113 5181 4957
f 2203 1164 4044
f 3885 4887 4637
f 576 685 4738
f 3541 4318 5316
f 6124 5105 6675
f 2123 7082 6905
f 3495 5113 687
f 2528 606 2609
f 4915 2830 3992
f 545 2681 1338
f 2463 4444 370
f 1927 1360 4083
f 1248 690 1257
f 4936 5808 3086
f 3317 6088 3453
f 1936 479 899
f 1663 692 4734
f 1669 4685 2858
f 6770 6475 1166
f 1474 5624 852
f 6983 1253 520
f 4050 520 1038
f 1674 2906 5821
f 5456 6907 5058
f 3170 3635 6185
f 1313 5484 3302
f 697 1285 916
f 4619 4190 5078
f 3065 698 3418
f 3060 2653 3894
f 322 699 253
f 699 225 253
f 6873 344 700
f 1544 2145 5591
f 4433 4380 701
f 1654 524 3957
f 5271 1522 4330
f 2933 4330 1522
f 3728 4770 4067
f 1825 3555 4029
f 4810 2807 3545
f 2851 2807 1781
f 705 1398 506
f 7002 3519 1560
f 6650 5986 3593
f 4951 2658 3533
f 3619 882 3089
f 1289 4830 751
f 3000 360 3592
f 2870 7005 6326
f 6335 4405 1945
f 1089 1413 6234
f 731 3882 2009
f 706 1388 3482
f 2034 711 1252
f 1095 3960 2733
f 6137 2093 3525
f 2164 697 6442
f 657 5075 1118
f 3216 6070 3677
f 6304 5103 3747
f 562 3706 6087
f 5509 3994 3756
f 6875 3219 5339
f 6362 5545 1761
f 6441 2219 746
f 2601 397 6471
f 2534 4368 1782
f 5700 5696 4160
f 3841 1575 4526
f 380 2003 4181
f 3428 3432 3290
f 720 3434 2805
f 6304 6433 5103
f 6706 4756 2475
f 1147 6312 1126
f 5711 3132 1987
f 2654 1543 5416
f 6519 1492 4979
f 4170 6462 3315
f 2488 724 4133
f 724 1481 6625
f 6285 2404 4606
f 2727 2154 6756
f 1012 3105 6352
f 1259 2630 4960
f 4971 1651 1297
f 4474 603 5933
f 5682 728 4047
f 4916 4575 4509
f 2137 2605 2095
f 6355 4185 3697
f 4925 1697 730
f 858 1048 2820
f 1287 1502 5000
f 2806 7116 3900
f 7063 3768 205
f 2433 1 3607
f 6682 2762 3951
f 1232 5492 4533
f 1648 5891 3673
f 3046 2733 5153
f 1083 5906 4996
f 317 3077 4623
f 1517 3602 2669
f 1986 6102 4795
f 6561 6292 1514
f 5518 309 4731
f 738 1162 2452
f 2117 5908 1036
f 2445 5693 777
f 1241 5218 5384
f 5233 2507 2363
f 1795 5413 3375
f 4436 1896 3168
f 4750 4275 471
f 2536 5394 6393
f 1397 4024 1849
f 6278 3943 743
f 4147 3185 2785
f 4104 4076 439
f 1556 4966 6015
f 4772 2981 1267
f 481 1947 2782
f 716 2278 6808
f 6478 1565 5891
f 6225 5498 5117
f 4562 1499 4891
f 748 5857 1020
f 295 2747 2692
f 6658 749 740
f 4250 6999 4546
f 4466 2805 1106
f 4641 1043 2338
f 4616 6506 3850
f 4494 5936 3627
f 225 52 752
f 5855 4811 225
f 5854 5028 2241
f 456 794 2911
f 2609 606 1727
f 5571 2275 5011
f 2286 1326 6112
f 3506 6854 5528
f 5581 5576 3691
f 367 6855 3897
f 3551 3448 1647
f 4423 4747 4174
f 2970 1344 4667
f 6324 1597 5080
f 2184 3045 759
f 3698 1462 4056
f 2479 4075 1024
f 1215 2613 404
f 6273 3296 2636
f 2187 3136 5975
f 5962 762 5182
f 1583 7129 6582
f 6254 763 3896
f 5039 3442 717
f 977 5826 6693
f 2366 1491 2672
f 1779 3610 883
f 3524 3051 3303
f 5060 2981 2978
f 1741 745 1172
f 3312 1629 4092
f 2314 4264 450
f 768 6555 4059
f 4805 1943 2242
f 644 3887 2336
f 7059 1254 3608
f 6352 3105 4952
f 3696 1272 5777
f 1415 922 6320
f 1091 1265 5930
f 4980 4697 5584
f 1411 5577 929
f 4089 2478 5559
f 1272 2569 5777
f 1851 2384 466
f 1160 4770 6246
f 2096 1644 934
f 2790 5 4549
f 6778 5968 1339
f 863 5284 2556
f 5693 3461 777
f 5193 2914 3982
f 3163 6850 1220
f 1076 2233 4396
f 5872 759 5035
f 4318 5312 3730
f 4429 780 3403
f 1046 3738 3742
f 692 1663 3154
f 2175 4218 2728
f 2958 6881 1762
f 2496 3390 1294
f 5855 783 4811
f 5097 4420 3052
f 2700 3368 2971
f 3817 1631 4480
f 3620 352 5442
f 4424 6724 3373
f 5641 2437 4022
f 2063 2240 3985
f 3346 6978 6966
f 1271 3273 4094
f 788 2334 2705
f 1655 1484 5290
f 1222 789 3572
f 6417 5088 5090
f 2688 4588 1151
f 6394 3227 6445
f 6768 1956 5915
f 2596 820 3641
f 6311 6600 792
f 2460 657 1118
f 793 5572 3233
f 4483 5366 6467
f 6162 3441 1863
f 753 5586 1816
f 2144 1539 4565
f 454 4326 1004
f 2518 2741 3240
f 5426 1888 2973
f 2828 5509 3756
f 2644 6520 2316
f 2490 5460 2398
f 1589 5877 1637
f 799 2243 911
f 4970 2238 3843
f 6223 2320 1493
f 4089 5559 2925
f 5884 507 4253
f 1562 6239 1426
f 1193 3717 5864
f 5864 5858 5893
f 567 1400 3906
f 6525 6157 4796
f 804 736 2193
f 1712 3937 4026
f 6476 5112 5878
f 1887 1194 4244
f 4858 6343 806
f 5645 1650 3203
f 3417 6557 6044
f 1719 5396 1153
f 1778 7076 468
f 4672 1592 412
f 4785 5869 809
f 1180 5305 4016
f 1695 2982 4406
f 2962 5452 2786
f 1300 5965 6160
f 4828 3935 1175
f 1203 7113 5175
f 622 2253 536
f 4257 1980 5159
f 4744 5129 527
f 4895 6583 814
f 2804 661 7133
f 4703 2273 3397
f 4401 3337 337
f 6263 5251 3099
f 2491 6234 1413
f 1772 3109 3445
f 3379 2934 1732
f 1950 674 2824
f 6544 5327 1315
f 2399 5301 4240
f 2449 675 5247
f 1239 820 2596
f 2001 5780 2207
f 3811 3324 3807
f 2833 1309 275
f 4947 2027 2990
f 4652 874 4884
f 2817 6490 823
f 5985 2912 279
f 5684 824 1726
f 2865 5689 6615
f 808 825 6194
f 2050 4876 2368
f 6158 4457 4171
f 2330 3617 609
f 4520 2773 1192
f 1859 5563 4751
f 602 5150 5969
f 3435 4260 2781
f 4537 829 3145
f 6383 284 610
f 830 6638 1796
f 4971 264 1651
f 4593 1631 1621
f 3913 2331 2831
f 960 6774 4934
f 1945 3115 1275
f 545 6272 2681
f 6473 4696 6347
f 6236 834 796
f 796 834 6323
f 2523 2200 2264
f 5831 378 1570
f 4185 6355 4889
f 1893 1733 2043
f 4540 2532 6202
f 738 5027 3074
f 4662 2167 1734
f 3633 4249 6601
f 4953 2524 839
f 3494 4144 5267
f 1996 1357 3735
f 2578 5760 3055
f 614 841 2621
f 3932 1430 3254
f 4676 1840 2176
f 4011 2237 408
f 782 6647 6556
f 5497 2869 4278
f 564 4453 5501
f 6999 1553 4546
f 4727 3634 4715
f 3206 3903 2112
f 670 846 3144
f 1750 4800 3614
f 5849 2213 277
f 565 4646 2466
f 4001 306 2523
f 2853 3288 5319
f 5774 2390 849
f 3495 6593 5113
f 3014 4235 1443
f 4423 563 4903
f 851 2254 2663
f 572 1984 3447
f 5472 3748 3299
f 1324 3301 2223
f 3746 5209 1179
f 3959 4370 2450
f 524 6826 3957
f 3447 1984 1976
f 4670 5524 4664
f 1835 4570 3284
f 856 3797 2722
f 3721 994 5554
f 2648 857 2643
f 1622 6703 2645
f 3041 3543 3213
f 3544 764 6058
f 3827 533 859
f 4234 6822 3018
f 7117 7112 3347
f 4054 619 2149
f 5484 4705 861
f 5896 4705 3314
f 680 2880 5332
f 1015 2969 1183
f 4625 2731 5821
f 1734 2167 3446
f 2780 4173 1520
f 398 3209 3488
f 865 3040 4452
f 681 4495 5837
f 6270 4780 2126
f 615 7125 6332
f 6387 5188 2586
f 4454 1410 6290
f 2471 3581 5139
f 1862 5187 519
f 5662 6740 4502
f 4674 2498 5583
f 880 870 4821
f 1567 1290 2538
f 2941 6077 6357
f 2026 3729 6590
f 5778 1963 2115
f 3190 1299 2565
f 2634 2098 6173
f 1072 4800 1750
f 6848 4718 1382
f 2027 4255 4963
f 875 4815 4264
f 4131 3265 4051
f 876 457 3170
f 3791 3855 6169
f 3008 4732 5958
f 4189 4170 3315
f 5592 6801 2922
f 6480 4863 2987
f 6990 2066 7072
f 3019 5314 3891
f 5391 5574 3865
f 4926 1765 1957
f 2745 2277 3426
f 4765 6301 2216
f 850 707 2581
f 2965 1929 1343
f 3610 2022 883
f 308 1204 2961
f 4700 5483 6898
f 1436 7040 1842
f 885 2923 368
f 1675 4188 1478
f 3464 6348 1035
f 3900 4617 3460
f 3658 887 6608
f 920 3699 356
f 2046 888 3492
f 553 2385 5038
f 2060 743 3943
f 6415 1749 3035
f 5449 5469 3451
f 6159 5739 2331
f 3210 1935 1898
f 3942 4758 3745
f 3239 889 3471
f 803 2269 5926
f 3897 4012 2670
f 5004 1971 2357
f 5642 6421 1563
f 2711 2410 2619
f 4892 2416 895
f 4859 6075 2756
f 3169 4651 896
f 4651 4568 896
f 4937 1941 2402
f 6566 498 4256
f 3150 3840 633
f 5185 5187 1862
f 6061 3267 5476
f 2561 1364 2568
f 6700 582 4284
f 4426 5075 1681
f 5152 1836 4848
f 1181 1843 2955
f 2935 668 5639
f 668 1891 374
f 1759 2504 2844
f 2915 5119 715
f 2195 904 5378
f 1625 5507 4307
f 6379 2695 6210
f 2440 6631 5432
f 776 3715 551
f 6608 887 2423
f 3964 907 5094
f 6922 6936 4270
f 2103 6441 6020
f 4154 3138 4358
f 6370 2428 432
f 3229 6370 432
f 910 5647 3272
f 4836 4351 494
f 911 5833 799
f 718 4608 4160
f 556 912 962
f 6425 5616 3976
f 913 417 4576
f 4487 6154 4158
f 3917 2076 4348
f 5314 2066 6990
f 6218 1009 3947
f 6439 6548 5658
f 1197 6442 3343
f 1692 6887 1955
f 4683 6629 624
f 3223 1536 3365
f 5678 918 5106
f 4573 1814 1285
f 2798 6119 919
f 1452 2610 6853
f 1800 6366 5381
f 1109 3956 663
f 1352 921 3653
f 2798 919 6101
f 3121 6917 2394
f 2070 3121 2394
f 2803 6485 6300
f 2485 5306 3021
f 924 5101 6794
f 654 5091 3111
f 4583 873 2890
f 6755 2263 5524
f 6233 1044 4081
f 4091 6229 5502
f 893 5069 927
f 2206 2413 4611
f 1690 847 4169
f 5698 6529 5823
f 3410 1528 4980
f 615 772 7125
f 930 2078 3626
f 2078 6895 1708
f 931 3260 4300
f 3184 6212 4294
f 2913 2673 3989
f 6094 1972 3758
f 2223 3819 4171
f 1465 3815 1350
f 2098 3457 925
f 3888 7024 7119
f 4519 935 2119
f 501 2637 4519
f 313 5146 4366
f 2887 3953 1701
f 7076 2988 468
f 2155 1907 6728
f 813 527 3675
f 2477 6324 5080
f 6962 1701 2539
f 375 5795 1283
f 1988 4649 1628
f 599 903 5204
f 477 5949 985
f 3999 1825 3071
f 6380 2038 4482
f 2342 1855 3814
f 4148 3650 6412
f 5875 420 755
f 5426 5846 1888
f 5517 4369 5526
f 1242 6825 4888
f 4763 6238 833
f 1736 1059 4004
f 6109 3656 2309
f 4106 3384 5016
f 2142 1533 6176
f 728 6190 948
f 4055 2747 295
f 4381 642 2285
f 362 1142 1185
f 950 1326 2286
f 3650 5291 3159
f 573 2944 951
f 2937 4913 3694
f 4811 7054 6331
f 1377 1136 3990
f 3918 953 2886
f 953 4893 2886
f 954 5423 3616
f 5173 2835 4725
f 4161 1616 2736
f 5475 3603 4336
f 956 6500 3629
f 1304 4660 4103
f 6025 1686 4440
f 5798 410 4301
f 2889 6150 4571
f 1567 6153 1290
f 587 1883 6725
f 931 2549 3260
f 3890 2871 6634
f 5337 5326 3424
f 1560 4074 2795
f 6444 6265 3288
f 962 912 5773
f 1608 4231 569
f 5117 3187 963
f 375 5352 5795
f 1924 5520 4731
f 2919 3621 6306
f 965 5401 3916
f 5150 1832 394
f 5397 819 6989
f 516 5702 2397
f 3497 2127 4802
f 1711 942 4822
f 968 4428 5230
f 3854 7012 693
f 5400 5866 4082
f 4595 2893 2300
f 3554 2352 6501
f 3246 5610 3663
f 2340 971 6461
f 2434 2310 708
f 6465 5569 7106
f 6476 1451 3839
f 6536 6574 4493
f 4416 6121 978
f 401 6029 1985
f 2892 1464 3253
f 975 1194 5793
f 295 2692 5165
f 976 7114 5620
f 3612 4000 353
f 2562 4983 3253
f 3166 2075 974
f 5089 2847 6536
f 973 6114 2847
f 2404 3329 4606
f 1622 3196 6703
f 3449 5614 3820
f 1845 3502 4567
f 5958 503 3008
f 2615 5876 3594
f 2822 982 3640
f 2069 4492 1190
f 584 2629 6613
f 584 7097 6874
f 2819 5155 460
f 1884 7060 2329
f 985 4015 477
f 5488 1737 2789
f 7089 986 5822
f 4455 3842 4754
f 3685 6039 4618
f 3951 6537 6260
f 3620 2221 352
f 5254 4237 1944
f 2816 4097 438
f 1977 4383 3414
f 2468 5670 4463
f 4030 652 5424
f 3953 4984 1701
f 6140 3943 1745
f 3900 1871 4617
f 3331 5067 1981
f 993 4086 2023
f 3765 2245 3438
f 1011 3128 3222
f 6993 5917 2108
f 1416 3571 4377
f 6242 4461 1374
f 4463 5670 4475
f 4159 7070 444
f 5879 881 997
f 2945 3634 4727
f 659 2796 2227
f 6712 6591 1466
f 999 604 474
f 2808 1697 6730
f 5488 423 1737
f 4192 4186 5270
f 3444 1001 1715
f 4536 1890 349
f 6830 1954 6120
f 6012 4321 1520
f 1003 3207 5713
f 5975 5342 2187
f 5852 3006 2299
f 6506 425 2758
f 1005 2048 5784
f 5950 2624 1699
f 6472 4869 420
f 1981 2567 4194
f 5437 1007 2090
f 5414 2589 4901
f 6486 1516 1008
f 6434 1405 4615
f 3510 5042 4812
f 3057 6345 2429
f 362 1185 2170
f 5784 2048 5861
f 2108 4096 4090
f 636 1755 2179
f 4115 3338 2158
f 3603 5475 4209
f 6077 6498 6357
f 2241 5037 6134
f 5902 2603 2502
f 3750 3039 5895
f 4363 2969 1015
f 4397 3723 6401
f 1016 2727 1103
f 5667 3323 4525
f 3187 1017 963
f 5685 2351 499
f 6897 4908 1018
f 6391 1889 1501
f 3250 5983 1019
f 4283 1019 1335
f 1020 295 5165
f 2610 1645 6876
f 3520 1499 4562
f 5781 1026 4337
f 6146 2755 882
f 4760 5354 1895
f 4286 2254 851
f 5678 1390 6559
f 5971 5999 3489
f 5191 1129 2322
f 2895 1179 4155
f 1725 3638 2332
f 4337 1026 6998
f 1495 4560 1782
f 1027 3485 4212
f 6297 4210 2776
f 4446 3799 1028
f 4075 2479 3562
f 6577 1029 6994
f 5776 2578 4563
f 7133 661 1030
f 433 2111 2541
f 1031 2888 2587
f 2647 826 2788
f 1032 410 5798
f 499 2351 3355
f 3778 3860 3361
f 528 3868 1237
f 872 6621 1034
f 5403 1108 3540
f 6834 4141 4523
f 5313 1317 4343
f 3033 5027 738
f 6069 4274 5362
f 2713 7091 1037
f 5900 666 1705
f 4050 1038 4071
f 6701 6455 766
f 5821 2731 3792
f 3963 3015 587
f 3880 2292 1040
f 3580 3419 3782
f 1041 4789 1025
f 4853 1025 6769
f 4065 5617 4517
f 651 3550 3433
f 3774 4908 6897
f 1066 5607 3022
f 7057 1611 926
f 3097 4052 1611
f 1045 6253 1023
f 825 2016 2341
f 3130 788 2705
f 780 3127 3403
f 1047 4806 5596
f 4859 2756 2208
f 6457 2656 2157
f 6496 1270 2734
f 4589 5250 2472
f 4579 5572 2644
f 2948 6965 5135
f 5131 701 1654
f 595 6785 1051
f 2265 5497 2457
f 5656 2951 1052
f 6765 5652 2185
f 313 1982 5146
f 3924 5234 4991
f 3707 1054 6887
f 4657 2554 6252
f 6056 6210 1055
f 1055 1130 4848
f 1912 6284 1056
f 3993 4929 4236
f 4790 1603 5841
f 4790 5841 6092
f 3847 3456 3348
f 511 1060 3107
f 1427 750 4645
f 2740 750 4409
f 4840 1058 5630
f 834 2234 6323
f 2916 6318 5704
f 2916 5704 460
f 2737 2373 4481
f 5446 7035 2849
f 4532 3908 1791
f 6583 5923 4329
f 6125 6997 3050
f 6492 1416 4594
f 886 590 2360
f 4217 3156 2360
f 2992 2122 5607
f 4361 4362 5285
f 3993 517 2106
f 1032 5512 5790
f 2 2148 5486
f 5492 1232 1576
f 1479 2544 1069
f 6315 3242 3667
f 819 5397 1070
f 5643 2929 783
f 6230 4970 3843
f 2963 4600 3932
f 4583 2960 873
f 2185 873 6765
f 1509 1481 724
f 1481 4346 1090
f 2326 3417 6619
f 2381 5344 2942
f 1075 807 5098
f 807 4904 1395
f 4396 6549 1076
f 2426 1975 4212
f 5787 2467 6200
f 5506 3161 2415
f 2755 6146 1078
f 298 5388 6677
f 2186 3623 2465
f 646 568 7080
f 1080 1922 3709
f 4865 603 4474
f 3417 1081 6619
f 2770 2063 6692
f 4392 1900 6645
f 5473 784 6649
f 815 2856 1083
f 815 5830 1744
f 515 3501 1084
f 5621 5102 3349
f 3382 7102 4989
f 2365 3622 3173
f 2484 1086 2920
f 2011 6209 1355
f 4698 511 3107
f 3318 1703 3362
f 3829 2813 5202
f 3829 1679 2813
f 4132 351 3101
f 5812 2639 2270
f 4346 2252 5622
f 5771 3942 1898
f 5935 4203 2598
f 1882 627 2829
f 2186 1092 3082
f 4019 5750 3613
f 2163 2211 4559
f 5476 3267 5077
f 4669 4350 1601
f 3930 3944 377
f 734 2550 6892
f 3673 3046 1648
f 2786 3249 1096
f 1720 3027 1414
f 3944 2244 377
f 6097 2646 1094
f 5843 2792 3255
f 3100 2896 5746
f 4485 6707 6354
f 3644 6194 3639
f 6064 1100 3573
f 1934 4657 6252
f 3020 687 6585
f 5679 2905 1666
f 3029 4022 2746
f 6543 5828 2714
f 1016 1103 5029
f 414 3822 1538
f 4198 654 3111
f 2241 3789 5854
f 3990 1136 3998
f 4134 4550 3996
f 4456 2642 4309
f 1672 2593 3909
f 4025 4036 5244
f 3112 4604 632
f 2746 1102 4584
f 3184 4294 4680
f 5838 4813 6398
f 6723 2723 3883
f 454 4045 4326
f 5558 6554 3011
f 640 5736 346
f 2005 1345 1453
f 966 1112 1557
f 3579 2397 5702
f 3907 1113 1361
f 6039 1760 4618
f 1114 369 5228
f 6136 5453 537
f 2196 735 4582
f 6857 5608 1577
f 6570 1116 4061
f 5609 1778 468
f 1117 5143 6713
f 7019 3470 4482
f 1875 1777 3547
f 6669 4426 6070
f 3714 4308 4073
f 5138 1117 3714
f 6025 4440 3981
f 2023 5435 993
f 4687 1121 1665
f 5687 2498 1780
f 4039 1910 3940
f 3741 4118 1324
f 3483 4835 4229
f 3483 3574 356
f 1660 5686 4242
f 4353 5540 952
f 2725 3025 6163
f 406 1596 961
f 4756 721 3637
f 5455 2271 4005
f 1127 1046 3742
f 528 1237 3049
f 2657 4723 2329
f 1159 4014 1623
f 1129 3487 2322
f 2749 3487 1129
f 1055 6210 1130
f 585 2557 6991
f 1131 3141 1444
f 4261 2899 3969
f 2231 1132 282
f 1234 4297 4288
f 3909 1133 4767
f 6083 2991 4199
f 1134 3986 5929
f 1517 3116 3602
f 862 1135 1518
f 2579 5521 6699
f 1377 2372 1136
f 2372 4242 2408
f 5491 2494 2625
f 518 3298 4826
f 659 2227 5017
f 5812 3652 2639
f 1139 5806 7122
f 2294 7129 1583
f 952 3088 4394
f 4422 2950 2372
f 3818 5801 1397
f 6863 1277 6192
f 1142 4334 1185
f 1346 2140 5100
f 4148 5373 5990
f 5367 2732 2724
f 1144 7101 6142
f 7092 7091 617
f 624 6629 1145
f 2766 6926 3378
f 4736 527 813
f 6084 4740 2783
f 5363 1147 1126
f 1608 569 5226
f 1148 555 3087
f 4283 4084 1019
f 5183 3123 6459
f 2782 6199 481
f 3576 1219 3270
f 2607 4773 4775
f 6984 4325 4419
f 4325 2235 2688
f 2719 4379 4537
f 1766 4378 4401
f 6198 2286 4886
f 6744 1841 1967
f 2447 1154 666
f 4392 1906 1900
f 4775 4773 729
f 3526 3270 510
f 2718 5903 6588
f 5036 2977 1677
f 5948 1157 4226
f 4491 2628 2274
f 4973 1752 1085
f 4061 4028 6570
f 723 3780 1128
f 722 3369 3780
f 2718 1160 5903
f 6644 4779 2940
f 6514 5994 4418
f 300 1487 3191
f 338 1466 6737
f 1036 5908 3074
f 4456 1163 2642
f 3434 720 2591
f 1164 2203 684
f 2872 5433 7084
f 1544 5591 3001
f 2730 3728 4067
f 1987 2017 4666
f 2217 4673 2354
f 6531 1167 3482
f 710 2768 590
f 5470 806 1168
f 6870 4942 4921
f 4499 6574 973
f 973 2847 4499
f 1170 3700 4555
f 2547 4960 416
f 366 1171 842
f 2609 5959 1101
f 5674 1172 745
f 816 6263 3099
f 3093 1173 409
f 3312 4092 3047
f 5616 6421 894
f 2710 601 4425
f 725 3388 6974
f 5201 4581 1899
f 1632 5675 6428
f 3096 6046 535
f 6635 3702 4191
f 5021 4597 5743
f 5523 4942 1178
f 3849 2600 3320
f 5209 5385 1179
f 1179 1431 4155
f 6330 1180 3364
f 2675 2678 5718
f 901 3300 2298
f 1594 5051 4753
f 1754 1177 1182
f 5939 4425 601
f 4201 2678 2348
f 6262 3320 4451
f 5549 3870 3297
f 830 1796 1668
f 1185 4334 4693
f 1931 949 6546
f 2242 1943 1186
f 3466 3554 6501
f 5144 3093 409
f 1391 3424 5326
f 5209 2202 5385
f 4820 2402 1941
f 1189 456 4477
f 5125 6134 5084
f 2764 6257 4316
f 630 5115 4880
f 1191 6319 2467
f 2929 5397 4614
f 3598 4520 2464
f 1071 421 3657
f 1193 5864 5893
f 7032 5893 964
f 3588 5699 4244
f 3588 6003 5699
f 3838 3214 1195
f 3771 1033 3889
f 4714 1593 4737
f 1762 2772 1247
f 2599 5637 3264
f 1783 2850 4128
f 4696 1149 6347
f 3950 5177 3954
f 5951 5465 1199
f 1644 1199 934
f 6787 2230 7110
f 6822 5961 3018
f 712 995 7016
f 5043 1488 5052
f 946 1202 3656
f 946 4930 6979
f 3722 1203 5175
f 5278 3549 2214
f 3419 2834 3782
f 3838 3174 3214
f 6294 4486 4165
f 1098 3852 5114
f 4361 3764 6518
f 3566 1525 4085
f 5238 1678 6148
f 4763 833 3595
f 1028 3799 1208
f 4399 1351 5981
f 1921 4832 2422
f 6040 2997 457
f 5692 3693 3726
f 1135 4010 4603
f 3269 1211 5181
f 333 3690 4909
f 4855 5928 1785
f 2829 4504 5494
f 613 3556 6764
f 5307 613 3016
f 3853 6890 4944
f 2515 1872 613
f 3377 6620 3826
f 5619 1151 2159
f 5956 1216 3568
f 480 3058 2033
f 5901 2045 3785
f 6586 3282 6063
f 7051 854 4602
f 1976 4034 5664
f 5167 3922 1150
f 620 3409 4138
f 6850 3443 1220
f 2434 4415 6748
f 1312 1221 773
f 3404 2370 3982
f 789 1222 6490
f 665 1756 4191
f 2591 720 7132
f 2735 6916 6516
f 5372 5239 305
f 1764 4505 5128
f 1225 1600 5186
f 3219 5186 5339
f 1738 6771 7038
f 2815 7047 553
f 3878 5600 3577
f 5786 3336 2228
f 3632 5845 1080
f 4755 1576 3195
f 2430 2376 990
f 4033 6711 990
f 4398 6563 5953
f 6703 3196 2346
f 4003 2837 6471
f 3442 5269 5535
f 6281 3923 1065
f 5172 2218 4640
f 1965 2706 1233
f 6867 5473 6871
f 282 4297 3585
f 2855 5588 6103
f 1235 1268 1258
f 3087 3802 1148
f 5229 3938 1229
f 1928 5479 4684
f 3889 1033 3737
f 3516 3339 3436
f 6162 3146 3441
f 6792 3979 2150
f 2615 4093 5876
f 4325 3783 4419
f 2382 4200 1240
f 3274 2702 5817
f 3124 5693 2445
f 4100 1700 3810
f 3615 4355 945
f 2772 4261 3969
f 1243 6392 5410
f 1490 3538 5848
f 3534 5515 1244
f 3599 4416 4072
f 893 1245 5069
f 3897 2670 4959
f 3002 2764 2505
f 2488 1831 3002
f 642 1251 2285
f 2285 1251 532
f 6773 3649 6202
f 3875 3662 4197
f 2638 1134 1249
f 1249 5203 4060
f 5816 2508 4285
f 5712 5707 5070
f 4714 1196 1593
f 3898 1196 4714
f 6886 3960 6892
f 4843 2883 4020
f 2650 4972 3141
f 4049 639 6244
f 4041 2606 6336
f 6665 5595 4911
f 2582 6057 5478
f 3248 6188 4656
f 1256 512 505
f 1256 449 512
f 1248 1257 1476
f 1138 2501 2995
f 2259 1258 550
f 4088 550 2748
f 5712 4285 3676
f 3980 7037 7035
f 3409 5192 4138
f 5192 6369 6375
f 3649 6773 1261
f 1476 2276 1248
f 3847 3167 3456
f 5982 2741 2879
f 3561 3412 1263
f 5310 366 7105
f 2986 1264 1531
f 1056 6284 5160
f 1265 4069 3899
f 1732 547 6957
f 1266 577 2514
f 2779 3309 6206
f 4197 3662 1267
f 1380 3816 3324
f 1268 4784 2843
f 3836 1555 4784
f 486 6914 1269
f 1844 3794 3311
f 2364 6457 3077
f 6457 2157 6488
f 5383 4939 3346
f 4807 2919 6657
f 4006 2151 2431
f 770 5356 4733
f 3853 1273 6890
f 2898 427 5365
f 6010 732 5243
f 4549 5 2315
f 1275 3115 4566
f 1413 5818 1005
f 1256 5533 449
f 1256 412 1330
f 3122 6863 778
f 798 5370 4511
f 6409 3261 4032
f 985 5750 4015
f 3740 4232 1279
f 754 5672 6279
f 3901 4682 6350
f 2062 3866 303
f 1281 3708 4609
f 2345 3859 5277
f 526 387 1282
f 6063 1282 6622
f 2539 4324 4871
f 5636 1990 2133
f 266 4374 2024
f 7007 4374 266
f 4312 504 6081
f 1814 5078 4312
f 1286 5033 4668
f 6303 1636 343
f 4937 2381 2942
f 3084 2381 4937
f 5501 5592 2922
f 844 3206 2112
f 2972 1289 751
f 3276 5003 2972
f 2696 6567 4678
f 5574 6828 880
f 5560 5571 5011
f 3222 3128 5554
f 1292 1894 4309
f 996 2411 316
f 1293 3586 3268
f 1293 5980 3555
f 1294 3973 2496
f 1824 3966 2059
f 6591 2796 659
f 1834 6193 2291
f 1860 1296 2527
f 429 2056 4331
f 6521 6207 1297
f 727 4886 4633
f 5533 1256 1421
f 1244 5130 1489
f 5461 1034 6627
f 6049 1564 5761
f 6160 7064 1300
f 3567 1823 2668
f 541 4500 6228
f 3369 1128 3780
f 4009 2130 1302
f 3790 3931 1604
f 3228 4066 1303
f 277 2213 2168
f 2308 5350 6606
f 956 1877 5025
f 6592 2004 368
f 6184 3643 3427
f 1306 6955 5361
f 310 4545 643
f 2272 7117 3347
f 2503 860 2608
f 1238 1308 6643
f 5398 3366 4534
f 6915 6036 392
f 5546 2178 3914
f 4068 3596 4978
f 5671 3974 927
f 1801 6378 2754
f 958 6100 2584
f 1312 6746 2478
f 1221 1312 4481
f 696 2566 429
f 5200 3620 2566
f 578 1314 678
f 6273 2636 2866
f 2652 3712 3491
f 5234 1982 313
f 1316 5659 3906
f 5548 2046 3492
f 6937 470 1317
f 3328 1903 2857
f 1318 2980 6470
f 6529 4169 5823
f 4240 5301 5715
f 3895 2884 667
f 6397 3007 1320
f 3455 509 1461
f 5754 4895 814
f 6952 6419 2105
f 1322 6681 1613
f 2548 4271 343
f 4367 1323 2101
f 2542 309 5518
f 1031 1122 2888
f 1122 5137 2888
f 5792 1325 2118
f 5899 2118 6446
f 5157 1326 950
f 3399 2260 5086
f 6142 7101 3180
f 2042 787 2041
f 1328 2649 1385
f 5693 3124 3003
f 2227 5812 5017
f 1138 3129 2501
f 1276 1359 1330
f 1256 1330 1421
f 1306 1331 6955
f 6425 3976 4572
f 3715 776 5293
f 2347 6067 6836
f 5136 1333 2335
f 2947 3845 5217
f 374 1891 6062
f 5327 5946 1336
f 4445 2608 4388
f 5443 1307 3397
f 6130 4702 1334
f 1334 7048 5952
f 2904 4896 616
f 6596 3927 4995
f 2825 545 1338
f 2171 6382 6363
f 6067 4081 6836
f 4081 3386 6233
f 2378 552 6868
f 849 5507 5774
f 2172 3773 6920
f 2668 330 3567
f 4378 3070 1342
f 6019 1439 6509
f 2581 707 1343
f 2758 425 5493
f 2010 1344 1683
f 2010 1347 4070
f 1345 1111 2176
f 5736 1345 2005
f 5887 832 4421
f 3115 1788 4566
f 6456 4066 3877
f 3871 4659 4554
f 5570 4145 2424
f 4145 346 6003
f 3149 2517 6618
f 3546 6085 694
f 571 933 5044
f 2800 5311 2339
f 3462 3459 628
f 6215 2025 6683
f 3500 921 1352
f 5435 2023 4121
f 1376 632 3181
f 5677 4097 2816
f 5412 969 1354
f 1123 4087 5121
f 4111 871 1355
f 2026 4249 3628
f 1330 1372 1421
f 1366 1276 1298
f 3330 840 5760
f 1189 4477 3330
f 648 4113 1358
f 832 2918 4421
f 1359 1276 1394
f 1372 1330 1371
f 5832 1360 6538
f 1725 3316 3638
f 3907 1361 2511
f 5813 4708 4099
f 3905 1525 1362
f 3303 3051 3610
f 2633 1363 1316
f 3000 4985 6859
f 4535 2568 1364
f 4439 1936 4535
f 713 1365 1681
f 3235 5992 3212
f 1298 1412 1366
f 1394 1276 1366
f 1367 514 3104
f 7003 1591 7130
f 1368 6598 2493
f 4479 838 1879
f 1369 5529 5322
f 5128 2777 1764
f 2927 6717 1370
f 6717 3519 1983
f 1356 1371 1359
f 1330 1359 1371
f 1372 1412 1298
f 1372 1371 1356
f 748 1020 5165
f 5793 6753 6663
f 6242 1374 3102
f 3589 5977 3928
f 1393 6673 5534
f 6607 2353 1664
f 1376 3181 2612
f 523 2677 4245
f 5503 6946 2743
f 2585 4978 4611
f 3061 2594 5034
f 4255 874 5471
f 3806 2858 1379
f 1379 595 4195
f 1380 3324 3811
f 4577 2833 5763
f 5304 464 3321
f 1041 5578 1639
f 1378 1299 3190
f 3061 5034 5471
f 2939 1383 5168
f 4321 1954 6830
f 5296 6478 5891
f 3463 2967 746
f 1385 6407 3751
f 5765 7025 2138
f 631 2855 3004
f 4032 681 5837
f 5537 6466 4007
f 2638 3986 1134
f 1388 4778 431
f 878 2658 3073
f 1389 5632 1746
f 2238 2243 3395
f 5678 3244 1390
f 1023 3553 4621
f 1391 1187 2132
f 4608 4432 4160
f 6869 2448 2814
f 917 2199 321
f 4200 3304 1240
f 5341 5817 4922
f 1412 1394 1366
f 1356 1359 1394
f 4359 3365 3440
f 917 321 5564
f 1396 797 2316
f 3753 983 6131
f 4595 3113 1849
f 5742 3313 448
f 2761 6388 2220
f 3691 5576 6013
f 6514 4418 1399
f 4413 4780 6270
f 3266 4827 4713
f 4356 1603 1057
f 982 2822 4803
f 6287 795 6953
f 3975 1885 5973
f 2317 2968 5785
f 1408 3031 4175
f 4181 3428 1407
f 2549 959 6386
f 5603 6219 2262
f 6179 2020 1405
f 1594 2571 411
f 1406 4247 5987
f 3158 3155 5249
f 1403 719 3287
f 3290 5079 4556
f 1408 4187 1403
f 1408 1403 6340
f 6013 5576 1409
f 756 3979 6792
f 7131 3779 1410
f 4665 4347 4105
f 1411 3410 2325
f 5149 4753 2938
f 1356 1394 1412
f 1372 1356 1412
f 5026 4132 3101
f 709 5026 1275
f 4235 4590 988
f 1944 4237 5419
f 1856 5809 6291
f 1785 1838 4531
f 4150 508 3571
f 508 4150 3226
f 812 4042 1417
f 6514 1399 4764
f 4949 1418 775
f 3763 5309 2096
f 5888 2840 4
f 3505 5142 142
f 3113 1420 3818
f 3313 3113 448
f 1298 1276 1421
f 1298 1421 1372
f 949 1422 6546
f 3969 2899 2650
f 4204 4214 428
f 4221 3502 1845
f 1424 2838 3860
f 3503 2838 3047
f 600 3835 4900
f 2590 1270 6496
f 801 5253 574
f 4253 5694 3665
f 5791 2317 5785
f 1043 3769 2338
f 1428 1700 4100
f 1643 526 1282
f 3193 5448 3787
f 3193 3787 6028
f 1430 841 614
f 3873 841 2459
f 2335 1333 4704
f 5013 514 6782
f 683 4125 6065
f 668 2935 1891
f 1433 7109 442
f 1117 5138 5143
f 5044 1434 571
f 1350 2573 1434
f 3333 3338 4115
f 4164 311 5788
f 5541 6898 3754
f 5767 3117 5249
f 6497 6295 2198
f 660 2669 1986
f 4038 4008 582
f 4008 2303 2545
f 5830 815 1083
f 5005 4688 4691
f 1440 6834 4523
f 2732 5373 1143
f 3438 5601 1441
f 1864 5857 748
f 4433 701 5131
f 302 6516 6916
f 6842 3809 2985
f 5321 3551 4903
f 5251 5224 3085
f 2517 3546 6618
f 5752 2528 1445
f 2275 2356 5011
f 1441 5601 1446
f 3653 2798 3083
f 1330 412 5496
f 5515 1330 6327
f 1448 6435 3674
f 6059 4467 3196
f 284 5311 2800
f 4953 3012 2524
f 5513 1446 6896
f 3083 1446 399
f 501 2975 2691
f 5569 3568 1216
f 6111 1452 2065
f 1446 3083 2072
f 1453 3182 2389
f 1453 1345 3182
f 1454 3927 6596
f 1242 3615 6220
f 1455 525 390
f 4052 390 4230
f 3678 2174 4241
f 2054 6056 1055
f 2374 4042 812
f 2253 6709 4046
f 1458 4536 349
f 1870 6213 6362
f 3383 6490 2817
f 1144 4870 7101
f 5900 1705 6090
f 2816 3414 4383
f 1461 509 1320
f 2910 3477 4943
f 4622 3045 3524
f 1620 3876 4564
f 267 6704 6689
f 6321 6689 115
f 4636 5764 1763
f 4636 2996 6505
f 933 1465 5044
f 5054 2878 2401
f 1466 5808 4936
f 1466 6591 659
f 1496 724 1246
f 1509 724 1496
f 6422 412 1468
f 1592 1468 412
f 1069 3360 2818
f 6885 4262 1069
f 2336 3734 644
f 2061 3911 5420
f 4729 6491 4580
f 2266 320 2328
f 879 373 1472
f 1210 6904 6377
f 1710 1473 910
f 4596 1527 5954
f 6475 6770 2937
f 2034 2821 711
f 1475 592 4580
f 4679 925 3457
f 1257 581 1476
f 581 2013 2877
f 5480 2239 4632
f 5862 3271 2518
f 5824 673 364
f 364 3837 5824
f 3299 3748 3292
f 3039 3750 1014
f 386 4632 5862
f 1477 508 2973
f 1481 596 6625
f 1090 596 1481
f 5387 4017 4514
f 5748 426 2344
f 2324 2986 5160
f 5166 4086 4440
f 3507 1484 2334
f 5881 3507 629
f 1485 1486 1246
f 1485 1509 1486
f 1486 1504 1246
f 1486 1073 1504
f 3191 1487 1158
f 4973 4946 664
f 5330 712 4372
f 1197 3343 5330
f 6429 6107 1489
f 5130 6429 1489
f 1490 6024 3538
f 2781 4260 5116
f 2362 2640 6469
f 435 1007 5437
f 3703 4295 4976
f 460 5704 2832
f 2240 1493 4216
f 5749 559 800
f 2863 1494 5065
f 3029 5897 5605
f 4560 4707 2267
f 5690 419 6653
f 1507 1073 1496
f 1246 1507 1496
f 4605 1470 3458
f 2071 644 2686
f 5362 4274 1498
f 837 3032 502
f 1499 747 1865
f 4929 3993 6838
f 1500 763 6254
f 3866 2062 3578
f 1889 2258 1501
f 2258 6071 1501
f 4488 1502 1287
f 2806 3900 6180
f 898 1799 1503
f 6315 3840 3242
f 1504 1073 1467
f 1504 1467 1246
f 6567 396 4678
f 1311 2074 3587
f 4307 1506 1625
f 1506 2994 1401
f 1467 1073 1507
f 1467 1507 1246
f 1508 608 4336
f 2723 6723 1659
f 1509 1496 1073
f 1509 1073 1486
f 5434 1510 1523
f 6638 1523 2014
f 1509 1511 1481
f 1509 1526 4340
f 1512 5729 972
f 1887 4244 6753
f 2739 1513 623
f 5813 6832 4708
f 2542 1514 309
f 2666 1985 6203
f 1170 6060 3700
f 3591 1508 4336
f 1516 6434 1008
f 578 678 5272
f 265 66 5076
f 66 6008 5076
f 5595 6665 3013
f 4603 2579 3013
f 1192 2773 3701
f 667 780 1684
f 2780 1520 5912
f 3925 6389 4856
f 5215 591 1584
f 3019 3891 5215
f 2535 4599 1522
f 2153 4955 4599
f 5719 1523 6651
f 3670 3 1523
f 3474 6628 2042
f 5842 1763 5764
f 4085 3352 2775
f 5133 1206 3342
f 1509 1485 1526
f 3743 4916 2396
f 1527 2848 1473
f 5047 3156 4217
f 6805 4701 4057
f 6165 350 1694
f 4001 2523 1529
f 835 6603 3010
f 1530 3775 5645
f 3309 577 1266
f 1531 5794 3431
f 3367 4340 921
f 1532 6468 1995
f 5045 4965 3042
f 4757 6715 2852
f 7077 7075 5735
f 3648 3506 5528
f 5396 1967 1153
f 2852 6715 3359
f 6176 1533 6051
f 4683 2543 3611
f 5626 5158 6738
f 5988 2369 827
f 3813 5563 1859
f 4882 1538 4877
f 3275 4404 5371
f 2144 5195 1539
f 6287 4803 795
f 1540 2726 3796
f 3960 3777 2733
f 450 3761 1930
f 4131 4815 875
f 4675 1535 6875
f 2915 4587 6667
f 5276 3369 722
f 2765 6553 4666
f 4447 5422 344
f 2500 4146 3381
f 4231 5768 569
f 5007 1918 831
f 5643 783 3529
f 3230 6485 4120
f 4345 3284 5232
f 1833 1538 4882
f 5355 1551 7068
f 4656 6188 3623
f 1549 2402 1810
f 706 2009 3882
f 5920 1550 5300
f 6880 6950 1970
f 1551 915 7068
f 3430 6218 3947
f 4517 5617 5612
f 2867 3357 2160
f 2901 1553 6791
f 2729 3651 2522
f 1550 5297 5300
f 2392 6027 6156
f 829 4208 3836
f 1988 3247 6995
f 6015 353 1556
f 4519 3164 501
f 428 4214 4441
f 4441 1112 1794
f 920 356 3450
f 2989 4861 2367
f 4387 1559 4208
f 6072 3494 5267
f 7002 5277 3069
f 3069 5277 3859
f 6559 1390 4974
f 4728 902 5695
f 507 5694 4253
f 5914 5207 3142
f 4994 4222 7120
f 6646 1772 3445
f 7031 4053 5031
f 1093 3317 4530
f 3046 3673 734
f 5721 5717 3575
f 4862 6795 4938
f 466 2384 3824
f 1567 2538 382
f 1415 2889 3804
f 264 3670 5740
f 830 264 3995
f 4515 3056 586
f 5019 1382 2565
f 1570 3449 848
f 1937 6754 1125
f 1478 4188 1571
f 4188 394 1571
f 1572 3153 2149
f 4582 317 2196
f 2535 1522 1573
f 5340 6068 5265
f 1574 3725 5850
f 5837 1386 4037
f 3841 3245 1575
f 4414 5248 3530
f 5486 3537 2
f 6664 6682 3951
f 6857 1577 5843
f 1098 1577 6660
f 1050 1099 4485
f 4079 5135 5909
f 2867 1579 2476
f 407 3236 1609
f 3000 6859 360
f 2870 2440 5432
f 978 557 1581
f 4072 978 1581
f 4134 1077 4550
f 2791 3727 1077
f 5980 1293 3268
f 6524 5182 762
f 7126 726 4960
f 1259 4960 5707
f 492 4064 7065
f 1324 4118 3301
f 1586 6381 1310
f 2795 4074 4585
f 1587 4223 4023
f 3595 2525 1207
f 732 4263 5243
f 6482 2433 5440
f 6461 971 4501
f 553 3053 2385
f 570 1590 1730
f 5455 6299 3637
f 4273 3316 1725
f 1367 3104 4498
f 3695 937 3092
f 6728 1907 6965
f 5495 3806 6385
f 6385 3806 6513
f 5580 4238 5587
f 4238 901 2298
f 653 1595 868
f 3892 2970 1597
f 4928 1937 1125
f 2725 5730 3025
f 2970 4667 1597
f 4470 758 3795
f 4769 1462 3698
f 4622 3524 2572
f 1599 832 1788
f 6634 960 4934
f 3138 4166 4358
f 6213 4536 1458
f 4669 1601 6562
f 4083 1360 5832
f 1181 2955 5109
f 5870 6289 2126
f 5124 5299 892
f 3266 5299 4356
f 844 2112 1604
f 4914 845 4715
f 340 5692 6674
f 5379 5869 2261
f 6325 689 5561
f 7130 4498 5907
f 2033 1607 480
f 4203 1880 2767
f 1608 5226 6174
f 870 5530 4821
f 6785 682 1051
f 6785 3660 682
f 1610 2346 4398
f 4220 857 2648
f 1611 5245 4777
f 926 1611 863
f 5882 6424 658
f 2791 3718 3727
f 6749 5338 625
f 2727 1974 2769
f 5262 4220 1614
f 2605 2607 1155
f 1199 4304 5951
f 4679 7086 2377
f 5838 5242 4813
f 5072 920 3450
f 1617 5423 954
f 4430 954 5542
f 1618 4332 1612
f 6564 2897 2602
f 6106 5375 5798
f 4599 7034 2153
f 1620 4564 923
f 6300 3021 2803
f 2823 5739 6159
f 4036 4025 5071
f 3329 4467 6059
f 6954 4373 6527
f 1623 4014 4979
f 3008 4794 4732
f 4918 2966 1658
f 3709 2039 6135
f 2679 904 2195
f 3561 4988 3412
f 5407 4368 2601
f 6026 6214 2774
f 878 3073 1627
f 2729 6390 3651
f 3079 1628 599
f 1798 3408 3305
f 3294 4092 1629
f 2728 767 2175
f 1102 4135 4584
f 6605 4862 1566
f 1631 2380 1757
f 6871 5473 6649
f 1632 3688 5675
f 5606 4443 3688
f 5227 2457 5497
f 2956 6647 4574
f 6184 3427 1305
f 1632 2306 5602
f 4476 4935 357
f 5043 2599 1488
f 5413 1795 6658
f 2099 538 3902
f 801 4259 6956
f 6023 4259 5038
f 1638 2567 1981
f 3009 4533 6248
f 2987 4863 3936
f 1381 6784 3933
f 307 1500 1640
f 2546 6653 3772
f 7051 4602 4476
f 2751 2287 2282
f 2913 3989 672
f 2553 3344 4924
f 3684 4100 6796
f 3373 6724 2778
f 1644 1274 3888
f 2315 2319 3770
f 5286 6671 4829
f 5286 4829 5020
f 1646 2253 622
f 2891 1917 6690
f 4903 5040 5321
f 563 4095 4903
f 6195 5108 3732
f 5976 5964 2512
f 6124 382 2538
f 4491 5252 2628
f 5645 6339 1650
f 4824 717 4858
f 1651 264 830
f 6521 830 2222
f 4894 5950 5784
f 385 6266 4893
f 400 4295 1653
f 1956 6768 3351
f 4079 5909 4506
f 2311 3370 3401
f 4769 3698 5210
f 2705 2334 342
f 1656 1456 6358
f 761 2636 3296
f 4289 1657 899
f 4289 786 6902
f 1658 2966 5960
f 7058 2676 7083
f 4156 1659 3205
f 3925 1659 4156
f 4122 5540 1124
f 4353 4134 5540
f 4058 5054 2401
f 1069 2818 2251
f 1184 5444 1662
f 1662 5549 1184
f 3335 1663 4734
f 2777 5128 5829
f 5487 1664 3283
f 3930 377 2080
f 1217 3823 5957
f 2320 543 1493
f 3349 5102 4002
f 3280 4045 454
f 3753 797 5064
f 6294 5366 4483
f 1662 830 5427
f 5329 6840 1523
f 692 3154 1669
f 5495 4113 3806
f 6912 6277 3733
f 2237 4011 2951
f 5779 4362 1671
f 2407 5872 1847
f 2642 1163 1672
f 444 3429 6307
f 6528 2288 3479
f 2530 5101 924
f 3601 2906 1674
f 6224 3601 2486
f 3837 1675 5824
f 2920 1086 2510
f 5961 6822 6804
f 3323 5389 3948
f 3564 774 1677
f 3384 4129 5863
f 5238 545 1678
f 2432 3405 2825
f 1679 3805 2486
f 2622 4164 6602
f 811 5201 1899
f 2392 811 6027
f 1681 6700 4284
f 2257 2819 460
f 1 6616 1682
f 3119 6763 2881
f 4943 3477 1683
f 653 4448 1595
f 2773 1684 3701
f 2811 3393 4429
f 371 1685 1074
f 5313 4343 3421
f 4823 3910 4303
f 1869 4823 4303
f 3833 1687 5066
f 1687 3792 2161
f 629 3509 1688
f 1319 3005 2884
f 976 1689 7114
f 4471 3513 817
f 4659 6474 1690
f 3680 4659 4661
f 5970 4328 3736
f 3276 6759 5003
f 1285 1692 916
f 916 1692 3343
f 2943 534 1564
f 3453 4868 3317
f 6168 4701 6165
f 5584 4697 3168
f 3629 6743 1695
f 2422 1209 5519
f 5343 1696 5351
f 3976 1174 5216
f 1697 3385 3396
f 1942 3385 5222
f 1698 4053 2594
f 2943 1564 6410
f 4117 1699 2624
f 4114 6234 4117
f 4528 1241 3198
f 3810 3198 3124
f 4324 5199 1283
f 546 5199 4324
f 1702 1085 3590
f 3259 4780 3590
f 2545 6734 1703
f 5474 6075 4892
f 573 1704 2944
f 573 4062 5376
f 3972 7011 6609
f 2362 6469 6322
f 1706 3024 2215
f 3362 1703 895
f 1707 5622 2252
f 4041 3752 6809
f 6895 1923 4910
f 2333 4910 3705
f 1709 2830 4915
f 5847 4626 2681
f 1473 1710 494
f 2181 6981 4282
f 1711 2400 2097
f 3714 1711 4308
f 1712 4449 3937
f 1925 6787 3681
f 301 6985 2446
f 1029 4563 5348
f 1714 6363 967
f 2400 967 2097
f 1001 274 1715
f 4344 1723 3012
f 2606 1716 6336
f 5189 1915 1254
f 1717 3570 5883
f 2112 3903 6913
f 6528 3479 1718
f 5037 753 1816
f 5010 1719 4354
f 3328 1075 5098
f 2226 336 4748
f 5945 2786 1096
f 3356 1348 415
f 948 4386 5783
f 1454 1722 3927
f 4574 6647 782
f 4344 3618 1723
f 2788 826 2701
f 5270 4186 1724
f 837 502 3062
f 4853 621 1725
f 621 4273 1725
f 4719 4403 1726
f 5924 4085 2775
f 5681 3740 6351
f 6912 3733 754
f 2292 1728 1040
f 3518 1629 3312
f 1729 3150 633
f 2544 2595 1069
f 5074 5775 6630
f 1957 1765 2307
f 3666 2804 3452
f 6766 2804 7133
f 2763 2767 1880
f 1265 3645 4069
f 2095 2605 1155
f 4775 729 5683
f 838 4462 2787
f 7057 6240 1611
f 4730 5048 1735
f 1451 4142 1512
f 1736 946 3656
f 1885 6438 1402
f 1737 3834 2194
f 5635 3830 6402
f 5014 1226 1738
f 4921 3402 1738
f 590 6540 4648
f 2360 590 4648
f 5401 5349 3916
f 1243 5410 3285
f 2978 745 1741
f 4071 4319 766
f 1742 424 5851
f 2347 5030 5905
f 4221 4214 1423
f 3010 2225 378
f 4703 355 2273
f 1342 3070 4703
f 546 3600 5633
f 3600 546 5995
f 540 5205 6050
f 5726 4405 6335
f 1919 1747 4791
f 6948 1740 424
f 3915 2662 6929
f 876 6040 457
f 1745 5756 1749
f 3239 5124 889
f 4745 1750 3614
f 5650 6846 5937
f 6739 3221 1751
f 2089 4791 3406
f 4973 664 1752
f 2903 5398 4534
f 6958 1234 4288
f 5457 6441 2103
f 4063 1754 1182
f 1940 2689 3776
f 6616 5256 1682
f 1822 5256 4754
f 4191 1756 3394
f 4710 823 655
f 1631 1757 1621
f 4036 5068 1621
f 3647 1176 1758
f 6046 5675 535
f 6243 4543 5509
f 4543 6726 715
f 4618 1760 6969
f 2762 733 3281
f 5445 2760 2474
f 278 5445 2474
f 532 5227 2250
f 2250 2285 532
f 1524 1763 5842
f 1271 4094 4939
f 1764 5372 4505
f 2314 450 1224
f 5948 4226 1765
f 4821 4982 880
f 1766 2719 4435
f 5820 1152 2472
f 468 2988 1767
f 2840 6007 4
f 4774 1314 578
f 5430 5393 3711
f 1769 2770 6697
f 6418 1769 3380
f 4478 1770 5955
f 996 316 4159
f 2722 1771 856
f 1291 856 1771
f 7114 4798 3109
f 1689 4798 7114
f 2713 5090 1773
f 4870 7093 7101
f 1774 6074 808
f 6839 2368 2626
f 1775 5280 2564
f 2532 3941 1775
f 1642 5158 5626
f 2553 6900 3344
f 4065 1777 5617
f 1042 1777 1875
f 426 1778 2344
f 4956 3481 4211
f 1779 2974 765
f 1462 3303 4056
f 6869 1780 2448
f 4687 1665 6223
f 1781 7004 266
f 2807 7010 1781
f 1231 5407 2601
f 5269 1231 2837
f 4602 854 6139
f 2599 3800 5637
f 1784 1436 5931
f 3117 5541 3754
f 3987 1785 6123
f 2712 2234 3987
f 2266 3786 320
f 2305 3144 5048
f 2455 1787 4681
f 4403 4719 3065
f 1788 832 5887
f 3929 1346 5100
f 1789 5197 5120
f 4048 3581 2471
f 2580 7093 4872
f 4872 7093 4870
f 3908 7019 1791
f 2231 1117 6713
f 2233 4375 1792
f 5834 612 1768
f 1781 266 1793
f 4556 5079 266
f 4441 1794 428
f 2625 2497 5723
f 749 6658 1795
f 4250 2936 5208
f 6638 2436 1796
f 1510 5434 1796
f 1045 1023 4898
f 4281 1023 4621
f 1798 3305 6944
f 2316 797 3760
f 3091 1799 898
f 5619 2159 3377
f 5838 6413 5242
f 4792 3679 4317
f 1801 5320 6378
f 4994 7120 5320
f 5409 5319 4248
f 6946 5734 2743
f 2709 3803 2116
f 4938 2744 5653
f 943 1804 6508
f 4194 2567 5235
f 1805 614 2621
f 3254 2860 4923
f 5172 1806 2218
f 4596 5954 733
f 5658 3400 3510
f 5042 3510 3400
f 4771 304 5464
f 1811 3485 5459
f 5640 3042 3200
f 5526 2894 5648
f 3593 1549 5859
f 3593 5859 6650
f 304 1808 1811
f 4110 5273 1808
f 5606 3559 4443
f 4750 5261 741
f 1035 2839 1813
f 5369 5373 2732
f 1814 4573 4123
f 2318 5695 4123
f 2129 42 173
f 2129 1946 1905
f 456 3821 794
f 5084 3821 456
f 1817 862 4917
f 4397 6799 4363
f 1652 1818 3103
f 1818 2771 3103
f 3630 4711 4472
f 7090 616 3630
f 6576 1205 2131
f 586 3056 6576
f 1821 1043 4641
f 5607 3307 3774
f 7089 1822 986
f 3791 2766 3855
f 5527 1823 3472
f 3702 3472 5021
f 4496 2304 1824
f 4496 1824 2059
f 3071 1825 1156
f 6588 5179 4544
f 4646 565 7049
f 1107 5244 3112
f 5726 5205 1827
f 3473 6288 1746
f 5335 1828 3395
f 3984 3988 6193
f 4098 5863 4129
f 3486 417 2504
f 3396 6730 1697
f 2820 1048 2656
f 4133 1831 2488
f 290 443 4484
f 394 1832 1571
f 1832 673 1571
f 4327 6894 1833
f 6894 6080 1833
f 542 3984 1834
f 4725 2835 2655
f 4345 1835 3284
f 6373 4060 4342
f 536 4306 622
f 6648 2955 1843
f 855 1437 1837
f 855 1837 3476
f 4531 1838 3958
f 3899 5930 1265
f 1175 1839 4581
f 2172 1839 3773
f 5925 4040 842
f 5811 3755 3243
f 1841 4335 1534
f 5291 4339 3159
f 1842 7040 5018
f 1498 4274 4224
f 4306 6597 4196
f 4848 1836 6011
f 1844 486 1269
f 3100 4900 3920
f 980 6275 1845
f 980 5810 2671
f 1846 1198 2469
f 6256 520 1253
f 779 3374 3881
f 2030 5306 4311
f 5615 1848 2759
f 4804 922 1415
f 4110 1808 969
f 2893 4193 6976
f 966 4551 1850
f 6989 2397 3579
f 3291 3604 1851
f 2940 2718 6644
f 3669 771 5803
f 5809 5615 2759
f 172 179 1853
f 1853 179 112
f 2719 4537 4435
f 5092 645 2836
f 4153 5425 1855
f 3954 5425 3950
f 1087 6747 5095
f 3661 6675 5105
f 742 1857 5392
f 6976 4193 5400
f 2768 710 1858
f 706 5836 2009
f 1859 5988 827
f 884 3565 6316
f 1296 1860 3832
f 5583 2498 5687
f 1861 6711 4033
f 6205 383 5415
f 1469 1862 519
f 6885 3667 4262
f 5581 6899 2927
f 6727 4993 794
f 6820 3762 6073
f 4846 702 3765
f 4891 1499 1865
f 5352 6016 3767
f 878 1627 1866
f 564 878 4453
f 1867 5618 5107
f 1122 6255 5137
f 1601 5832 6562
f 2921 1606 802
f 1619 2750 4950
f 957 2750 1120
f 278 3188 5445
f 5714 2064 278
f 1871 3331 5904
f 6503 4291 1871
f 6544 1315 3924
f 1214 4333 818
f 1768 6283 1873
f 1003 5713 5342
f 4895 5923 6583
f 661 3739 1030
f 6547 4896 1337
f 2885 4902 6547
f 6211 515 1876
f 6464 1695 4406
f 6522 1877 4660
f 4251 6211 1876
f 6831 628 3459
f 5046 1948 6992
f 6221 5318 579
f 6221 2088 3504
f 6293 480 1607
f 353 6633 5259
f 123 185 1881
f 1881 185 141
f 5550 2690 944
f 4591 6492 4594
f 3893 3015 1039
f 2161 3792 5892
f 2257 460 6364
f 7060 6364 460
f 1885 3975 5169
f 5169 4409 5785
f 1799 3826 3422
f 3562 2479 6856
f 3788 1373 5793
f 1373 975 5793
f 4716 7052 5669
f 4716 834 6236
f 4246 530 1889
f 6897 1018 1889
f 6431 6181 5108
f 5108 3172 3732
f 6062 1891 1432
f 2932 1432 1891
f 5314 914 2066
f 1909 757 3917
f 3884 1733 1893
f 2560 6349 4296
f 4920 389 2809
f 389 1427 4645
f 1895 5354 5118
f 1895 5118 5123
f 1896 3559 741
f 3168 1896 5584
f 5296 1897 6808
f 3172 5108 6181
f 891 1280 3215
f 3431 5794 2252
f 4149 5006 1680
f 4149 1680 3655
f 1900 1906 2447
f 3114 2859 438
f 2393 1901 4612
f 4612 4117 6510
f 196 1881 4639
f 4639 1881 7
f 1317 2857 1903
f 1317 1903 4343
f 4006 1904 2151
f 4164 5788 6602
f 1998 42 2129
f 1998 205 42
f 2447 1906 1154
f 5090 5390 6417
f 1099 4408 6367
f 6965 4408 3220
f 3110 2983 1908
f 1908 6330 3364
f 1892 1909 7021
f 6579 5218 1892
f 4108 7096 1910
f 4213 6475 2937
f 1911 1647 3448
f 4528 757 5221
f 517 1912 1056
f 5599 6250 6254
f 3641 1913 2596
f 1704 503 2944
f 3001 1165 1914
f 6599 2182 5557
f 434 5231 4382
f 5220 4760 1895
f 1916 5347 6802
f 707 2965 1343
f 2891 1227 1917
f 4768 2228 3336
f 6141 1918 5007
f 5773 5343 5346
f 6229 5968 3654
f 3654 6494 424
f 4458 1920 268
f 5890 2846 5911
f 3625 457 2997
f 3635 2226 6185
f 1922 4323 2039
f 3195 3537 5486
f 3705 1923 2453
f 4910 1923 3705
f 964 2406 1924
f 2693 4592 3621
f 3685 3681 5758
f 5758 987 3685
f 3177 1926 560
f 3373 352 5012
f 1927 4083 5922
f 1381 3933 464
f 1928 4684 5229
f 5257 407 1609
f 3850 6741 2928
f 3627 1304 4031
f 1930 3761 4969
f 5229 4684 1236
f 4816 949 6269
f 1010 4816 6269
f 1826 1932 6309
f 2627 1932 1826
f 1989 1905 1959
f 1989 1946 2129
f 1934 4819 5365
f 712 3573 995
f 1898 1935 5771
f 4964 1530 451
f 3959 5766 4439
f 2947 5217 7018
f 5409 2853 5319
f 848 2853 6041
f 6252 4819 1934
f 3102 3589 3928
f 1939 3918 6170
f 5096 3531 5055
f 1940 817 3513
f 5180 5965 1300
f 4937 2942 6267
f 371 5217 3845
f 4925 1942 5222
f 619 2272 3347
f 3055 5760 4609
f 4609 768 1281
f 785 1944 2221
f 6185 2226 4182
f 3945 3277 6052
f 521 2871 3890
f 1946 154 1966
f 1905 1946 1959
f 481 5429 1947
f 1380 3811 821
f 1948 565 6992
f 565 1948 7049
f 1949 4976 877
f 5680 1949 877
f 1273 1950 6890
f 3102 3928 1273
f 4003 6481 1951
f 806 1951 1168
f 5096 1952 3531
f 2452 1162 3095
f 5659 4796 5548
f 676 2774 3372
f 6012 1520 4173
f 7084 5433 2536
f 1955 1100 6064
f 5330 3343 6066
f 3351 4613 1956
f 5087 3252 4093
f 1957 5772 790
f 445 5938 2688
f 5783 4386 3356
f 4386 1340 1721
f 1946 1966 1959
f 1959 1962 154
f 1960 771 3669
f 1058 1960 5630
f 3444 1715 1961
f 5545 4958 1761
f 1979 154 1962
f 1959 1966 1962
f 872 1963 1569
f 4357 2709 6961
f 5799 1964 677
f 2748 2575 5159
f 1233 395 1965
f 6387 2586 7131
f 1966 1933 1962
f 1966 154 1979
f 1967 1534 1153
f 1967 1841 1534
f 6047 6122 6118
f 1404 6122 4300
f 5654 4850 2007
f 2007 5996 5654
f 6880 1970 1550
f 4327 1833 4882
f 637 4514 6821
f 2670 2854 637
f 932 1972 2908
f 1972 2673 2913
f 1973 3551 5321
f 4450 5360 2755
f 1016 1974 2727
f 1387 4407 1016
f 3557 4396 2864
f 1832 4027 673
f 4080 6656 1641
f 2302 4080 4997
f 4383 1977 4280
f 2656 5701 2820
f 1966 1978 1933
f 1962 1933 1979
f 1978 1979 1933
f 1978 1966 1979
f 1980 4088 5159
f 938 2651 4470
f 5904 4194 992
f 1871 5904 4617
f 1982 1053 5146
f 3712 2652 4147
f 1370 6717 1983
f 6555 2911 2337
f 1984 4286 851
f 1984 4034 1976
f 4349 2996 4689
f 3166 4983 2990
f 3387 1986 5482
f 6373 4342 5126
f 6553 4170 4189
f 2765 4178 6553
f 1988 940 3247
f 903 2439 5204
f 154 1989 1959
f 1946 1989 154
f 5241 2539 6022
f 4991 939 3997
f 6827 4944 1991
f 4377 5365 427
f 1991 4944 4933
f 818 4333 2515
f 1993 7043 1916
f 7043 3027 5945
f 347 1994 2901
f 6493 2343 740
f 963 1017 1995
f 4873 3355 6450
f 1996 3857 1357
f 5125 5084 6498
f 1658 5966 4503
f 4918 1658 2674
f 1998 2129 2055
f 1068 1998 2125
f 1999 2006 6721
f 2662 2680 6929
f 3053 2000 2385
f 4686 4266 888
f 1239 5543 3469
f 4093 3252 5874
f 6104 2396 2002
f 6903 5682 4047
f 2851 1781 2003
f 5083 1781 1793
f 2004 3904 3919
f 4111 1355 6209
f 346 5736 4516
f 346 4516 3263
f 1999 3171 2006
f 4359 3440 4683
f 242 2007 1969
f 1969 6788 2620
f 2008 302 6916
f 3957 2555 302
f 1858 5164 6884
f 5164 7116 2806
f 2321 6423 2010
f 2010 6423 1347
f 2484 2011 1086
f 5921 2011 4527
f 4948 6705 2012
f 1528 3410 4057
f 816 4961 2013
f 2013 581 2886
f 1523 1510 6449
f 1510 1796 6933
f 1437 3499 2015
f 2015 1837 1437
f 6523 4876 5628
f 333 4909 2826
f 1987 3132 2017
f 6626 1166 4219
f 2018 6347 1149
f 2469 1198 2018
f 2019 5127 6613
f 5064 2019 6708
f 2571 4384 411
f 3420 411 4384
f 1989 2021 1905
f 1989 184 2021
f 883 2022 308
f 3566 403 3583
f 2023 607 618
f 2023 618 4121
f 4374 6282 3387
f 3387 660 1986
f 3459 4287 6831
f 760 4287 1351
f 4766 2941 6357
f 1355 871 6261
f 2027 3166 2990
f 1844 1269 3794
f 5097 3052 5733
f 3507 5881 1484
f 3204 2029 1776
f 2029 3864 1776
f 3374 779 5317
f 5312 1847 3730
f 2224 205 2998
f 7073 4243 7100
f 4981 1004 2032
f 5852 5856 2297
f 1216 1607 2033
f 7106 3967 4598
f 693 4213 2034
f 3854 693 2034
f 4839 5840 4109
f 4347 3779 4105
f 1332 2036 695
f 5287 6836 1332
f 4548 4775 5683
f 1733 5477 2043
f 2038 942 1119
f 5183 6459 3814
f 2966 2752 2707
f 2752 2966 1068
f 4329 392 2040
f 6368 5745 2664
f 6142 2041 4860
f 3180 2041 6142
f 7095 2042 2041
f 531 6966 1327
f 6607 1664 5487
f 510 5942 6581
f 2125 2129 1905
f 1905 1068 2125
f 4705 2045 5901
f 1926 5023 560
f 4796 2046 5548
f 2046 4796 6157
f 5005 4691 2047
f 6467 3846 4483
f 362 5861 2048
f 4561 3929 4438
f 906 2049 551
f 2049 6224 3805
f 6839 2050 2368
f 1399 4418 5279
f 2051 802 7008
f 2051 2921 802
f 847 3411 523
f 5849 4568 2213
f 5248 2053 3530
f 3176 2053 299
f 3678 4241 6231
f 6358 1456 6222
f 2055 1815 2081
f 1998 2055 2125
f 429 4722 2056
f 4431 5708 5934
f 5093 1639 2057
f 1388 431 3073
f 2055 2058 2125
f 2125 2084 1815
f 4500 4472 6228
f 3630 4472 4500
f 5995 6140 1745
f 2785 991 2887
f 6171 3911 2061
f 4663 6852 5431
f 5738 3578 2062
f 3210 6959 4967
f 4847 2063 3376
f 2063 4847 4610
f 2064 3188 278
f 1600 1870 5186
f 1450 2065 5020
f 6876 5286 5020
f 879 1472 5132
f 914 4348 5132
f 4965 2067 6468
f 669 963 2067
f 377 2068 4677
f 377 2244 2068
f 5431 6852 2061
f 982 5431 3640
f 6843 922 4804
f 1838 3899 3958
f 2686 4605 6511
f 3011 6554 1497
f 6073 3762 3939
f 1450 6111 2065
f 3786 2073 320
f 1735 2073 2691
f 1505 4272 396
f 5490 962 4180
f 974 2075 3253
f 2075 2232 977
f 4760 4752 5354
f 298 4450 5388
f 2077 5618 1867
f 1474 852 7096
f 2780 3626 2078
f 4637 864 3885
f 243 2102 7055
f 7055 5428 7067
f 7008 802 3717
f 2082 3283 1375
f 2091 2081 2114
f 2055 2081 2058
f 5477 2082 4490
f 2082 1375 4490
f 397 4228 5014
f 3402 5014 1738
f 2084 2114 2081
f 2081 1815 2084
f 2606 2085 1716
f 5332 4917 6344
f 2086 6225 669
f 2086 669 2067
f 756 2087 6855
f 4012 2854 2670
f 6221 579 2088
f 5489 4091 5502
f 4365 2089 3406
f 5281 6948 4365
f 3041 2090 3543
f 6028 3787 3543
f 2091 2125 2058
f 2081 2091 2058
f 3921 5851 2092
f 6948 5281 1740
f 6314 5913 1201
f 1488 1201 5052
f 6599 5557 2094
f 3071 2697 3999
f 2137 2095 3017
f 4548 2037 3017
f 775 3763 2096
f 2098 6806 2096
f 2097 4308 1711
f 529 4802 3584
f 3457 2098 5465
f 2098 2096 5465
f 538 2099 5413
f 343 1636 6333
f 7055 2102 5428
f 5421 2079 7067
f 1333 2450 6117
f 3104 514 6241
f 5438 2102 2079
f 4305 2079 2102
f 5551 4166 4536
f 716 6685 2278
f 2383 2104 3478
f 3478 2104 4315
f 2105 5268 4292
f 4495 3725 1574
f 1056 2106 517
f 3910 3558 4303
f 6365 2107 2105
f 1000 2105 2107
f 4497 636 2108
f 2108 636 2179
f 4846 2109 702
f 6031 4890 6783
f 345 2110 2695
f 2557 6972 345
f 3175 5894 2111
f 3739 4338 1030
f 2112 6913 5991
f 1604 2112 845
f 5415 2113 6205
f 2113 3774 6205
f 2044 2114 2084
f 2044 2091 2114
f 4158 6154 584
f 5127 584 6613
f 5353 7097 584
f 5009 3384 4106
f 3106 2387 7040
f 3754 3106 7040
f 737 2118 1323
f 5561 4444 6325
f 744 2119 935
f 5180 3513 744
f 973 5041 5705
f 3092 937 6973
f 6262 4451 2121
f 2121 1183 3970
f 2122 685 576
f 3307 5607 2122
f 2123 958 2584
f 4571 6153 6767
f 1515 2124 6719
f 3591 5357 7103
f 2044 2084 2125
f 2125 2091 2044
f 5870 2126 4258
f 6705 6332 2012
f 3497 379 2127
f 4020 2883 3798
f 6750 3289 2128
f 6304 3706 562
f 2125 1815 2129
f 2129 1815 2055
f 2130 4699 5263
f 564 3533 878
f 1205 4486 2131
f 3846 2792 393
f 2132 5566 467
f 1391 2132 3424
f 1990 6022 2133
f 5045 3042 4035
f 2807 4810 704
f 7004 7007 266
f 378 5467 2135
f 3449 4977 5614
f 2136 1696 5343
f 556 6789 912
f 2147 2137 381
f 381 2137 3017
f 3980 2138 7037
f 3404 3982 6216
f 2134 2139 704
f 5800 3545 7007
f 2140 5002 3898
f 4381 4334 642
f 5364 1770 3043
f 5955 1770 5364
f 3564 1677 2142
f 2142 5962 4510
f 5002 2140 2143
f 1358 4421 648
f 2144 4628 4167
f 4628 2905 5418
f 6501 4207 5022
f 3381 970 5022
f 1752 2146 1085
f 1085 5997 5989
f 1341 3567 330
f 3567 1341 4781
f 1068 2148 1998
f 1998 6249 2984
f 5454 5447 2364
f 5447 730 2364
f 2150 647 5237
f 6643 1308 2698
f 1904 4927 3238
f 5816 1272 2508
f 1445 2528 2152
f 5418 2905 5679
f 6450 1619 4950
f 3355 7104 6450
f 6285 4606 2154
f 3946 725 2845
f 5402 3644 2155
f 4310 5402 5538
f 6061 2156 3267
f 1093 5737 3317
f 2656 1048 2157
f 764 6927 6058
f 2158 6175 6882
f 2124 3603 6719
f 5074 4320 2159
f 2159 4320 3377
f 4278 2160 4130
f 2160 1552 4130
f 5066 1687 2161
f 559 3350 800
f 3363 2162 4763
f 4261 945 4355
f 4652 1093 874
f 5737 1093 4652
f 2164 6442 1197
f 3800 4128 5637
f 2171 6363 6720
f 6720 6363 1714
f 2166 1242 4888
f 4355 2166 2162
f 2167 522 3446
f 4249 2026 6590
f 277 2168 7014
f 3877 3871 4554
f 2169 3646 3579
f 5247 2355 3646
f 6043 1010 5865
f 1818 2757 2771
f 5710 3992 5706
f 4915 3992 5710
f 5665 2172 6920
f 1899 2520 5006
f 6894 2173 6080
f 5929 3986 3353
f 6136 1114 5228
f 3202 6092 3874
f 3518 2175 1629
f 1629 2175 767
f 408 2176 4011
f 5932 3548 408
f 674 2177 2824
f 674 3724 2177
f 2178 5255 3914
f 635 2342 3814
f 4096 2108 2179
f 4518 2433 6482
f 2437 6551 4022
f 1102 3184 4680
f 4099 3048 2181
f 2945 5411 3634
f 6662 1165 2182
f 6967 3246 5585
f 2183 3117 5767
f 884 4430 5542
f 5133 365 2184
f 2407 4695 5872
f 5656 1052 2185
f 2793 4949 775
f 3552 2186 3082
f 1255 4656 1079
f 2187 4975 3136
f 708 5713 3207
f 2188 3394 1222
f 867 2188 1222
f 2189 2679 2195
f 552 5562 6868
f 3052 2268 2190
f 4120 1546 3230
f 4215 2549 931
f 2506 3139 2180
f 4567 3502 2192
f 1551 3430 3947
f 2193 3116 5061
f 3937 5061 6008
f 681 2194 4495
f 4019 2789 5555
f 6868 5562 2195
f 1340 2195 1721
f 4623 2196 317
f 6517 2896 4151
f 2197 1378 3190
f 6164 6018 3311
f 4556 2024 6340
f 2015 3499 3387
f 1392 2814 6810
f 3832 1860 1392
f 306 2200 2523
f 5731 2743 5734
f 3621 6479 2201
f 656 401 5156
f 5385 2202 5140
f 4820 1941 6888
f 2203 4044 5691
f 3142 5694 507
f 2204 544 1600
f 4376 2209 2204
f 2205 1624 4013
f 2039 4918 6135
f 2206 927 5069
f 2206 3596 927
f 2001 2207 3469
f 5057 4459 6414
f 5223 4806 1047
f 3024 5223 2215
f 544 2204 2209
f 7129 1139 7122
f 3924 4991 2210
f 4991 3997 2210
f 2211 822 4559
f 2027 4947 4255
f 1499 4929 747
f 3520 4929 1499
f 4569 3867 6477
f 3867 4569 2052
f 5770 5278 2214
f 5770 3722 2900
f 2215 5223 1047
f 3241 3689 1653
f 2216 881 384
f 1286 4668 2216
f 2217 2354 968
f 3310 5697 968
f 733 2762 6682
f 1806 733 6682
f 3463 746 2219
f 1132 2219 282
f 506 2761 2220
f 4074 6381 1586
f 3373 5012 4424
f 988 5419 4237
f 5444 1184 2222
f 5549 3297 1184
f 4457 2223 4171
f 2647 2587 826
f 1588 2224 2998
f 732 5440 4263
f 5467 6676 2135
f 5467 5214 1743
f 336 2226 5979
f 2226 3635 3625
f 5812 2227 3652
f 5382 1389 540
f 5377 4768 3577
f 4508 6604 909
f 6780 2229 4971
f 5933 4761 4945
f 6787 4808 2230
f 2953 533 3827
f 2231 6108 1117
f 4136 6108 2231
f 6914 1425 5819
f 600 3193 3835
f 6545 3624 4833
f 778 6863 1141
f 4855 1785 2234
f 2234 1785 3987
f 2235 445 2688
f 4806 5827 5596
f 4452 3040 3869
f 3869 4136 2231
f 2951 5656 2237
f 6035 626 1072
f 542 2238 1828
f 2238 3395 1828
f 2239 714 2882
f 6304 3747 5673
f 2240 2063 4610
f 869 4502 6640
f 3789 6451 1013
f 6451 6134 5125
f 4146 3466 970
f 1455 6532 525
f 2238 4970 2243
f 299 2053 5248
f 6375 2244 5192
f 5304 3321 1094
f 2245 6783 4890
f 3981 993 5435
f 2246 1321 3398
f 3830 1731 4721
f 1520 549 2247
f 5912 1520 2247
f 3799 2248 1208
f 4075 6337 1024
f 657 792 2249
f 3425 4767 1133
f 4168 2250 4101
f 1633 4101 2250
f 2251 2818 7094
f 5451 1661 1585
f 5794 3215 2252
f 5753 1898 1707
f 6002 1457 5219
f 5219 2374 812
f 4286 372 2254
f 6139 2254 6866
f 6916 4433 5131
f 3975 5973 1442
f 5212 6000 2256
f 3123 6460 6459
f 1681 4284 2257
f 4426 1681 6070
f 1889 1018 2258
f 4738 5312 4318
f 1235 1258 2259
f 2323 2836 3087
f 2260 4865 5086
f 4869 3632 1080
f 2261 5869 4785
f 1164 684 6342
f 1404 2262 703
f 6386 959 2262
f 3075 2263 6935
f 6935 2263 592
f 6922 4270 2264
f 3161 5213 2415
f 2265 2869 5497
f 595 1051 4195
f 2266 2328 4729
f 2263 6755 592
f 2267 4707 5359
f 6998 3520 1021
f 1070 2268 819
f 5643 2268 5802
f 1400 2269 803
f 4827 3266 4356
f 2639 4132 2270
f 4114 1089 6234
f 5455 3637 2271
f 3515 6093 2635
f 4054 2272 619
f 1307 5443 4445
f 355 1335 2273
f 2608 4445 5443
f 2274 2628 686
f 3227 4926 6445
f 1279 4232 2275
f 2275 4232 2356
f 1261 1248 2276
f 1267 3662 4772
f 6942 623 4184
f 2216 4668 881
f 2103 6020 4578
f 6020 2967 4578
f 4334 4381 4693
f 949 2519 1422
f 2280 7006 7095
f 2280 2290 7006
f 3251 700 2281
f 959 5603 2262
f 4875 2287 1218
f 5732 1218 714
f 6589 6584 3731
f 4037 2855 631
f 6053 2284 6217
f 4594 5517 1064
f 2279 2285 4168
f 4168 2285 2250
f 6112 6780 2286
f 2286 4633 4886
f 4997 1641 7046
f 4080 1641 4997
f 7013 4227 1673
f 5623 2716 1308
f 2815 553 4542
f 553 6089 2600
f 4391 2290 2580
f 2290 7009 7006
f 1295 2291 998
f 3664 6591 6712
f 2292 3081 1728
f 3265 4131 875
f 2293 4107 3187
f 1865 747 5498
f 2294 1139 7129
f 3586 6584 4116
f 6925 2295 2868
f 1111 4676 2176
f 2296 2266 4729
f 2296 1786 2266
f 2032 5852 2297
f 2032 2297 4616
f 2298 3300 6542
f 929 5577 3831
f 6506 5856 425
f 3458 1470 3089
f 2300 2893 6515
f 6120 6515 3956
f 6743 2301 1695
f 5917 2982 1695
f 2751 2302 4997
f 3401 3370 4468
f 6734 5474 4892
f 3107 1060 3704
f 3522 6940 688
f 6940 3522 5416
f 670 3144 2305
f 3182 4998 4126
f 2306 1305 3334
f 3904 5274 650
f 790 5772 5775
f 5772 570 1730
f 5025 1877 6522
f 5936 1304 3627
f 3656 1202 2309
f 6126 3599 4072
f 3560 2310 405
f 4692 2340 4266
f 4485 3370 2311
f 5909 1050 4485
f 3676 2312 1259
f 4654 7025 1259
f 5106 918 4573
f 5111 697 2164
f 2777 4218 1764
f 1764 4218 3143
f 2096 5309 1644
f 5309 3770 1644
f 2316 3760 1049
f 4579 5250 4589
f 6317 1059 2968
f 6317 5162 4246
f 4974 2318 4123
f 5278 1561 3549
f 5 2319 2315
f 6376 6534 5631
f 5957 3823 2320
f 1665 2320 6223
f 2321 2876 277
f 3462 4364 3007
f 4048 2322 3581
f 3489 653 868
f 2323 3087 555
f 5148 4283 355
f 5805 3901 2324
f 2986 2324 1264
f 2325 2938 1411
f 741 5261 4980
f 2412 371 5657
f 1074 5657 371
f 2327 3790 1604
f 4914 1604 845
f 1471 4729 2328
f 4233 2960 4583
f 5967 723 1128
f 723 5967 3683
f 1540 3796 2330
f 1031 2587 2647
f 2611 2909 4717
f 2909 3668 4717
f 1041 2332 5578
f 5499 4853 1725
f 2333 1472 373
f 434 5521 373
f 1484 1655 2334
f 2334 5210 342
f 5385 5140 2335
f 1431 5013 3054
f 4382 769 3608
f 3608 1254 1915
f 2337 1370 1983
f 5725 7002 3069
f 389 2338 1427
f 2338 2317 5791
f 571 1434 2339
f 4298 6158 4171
f 6748 4692 2310
f 2434 6748 2310
f 2016 1045 2341
f 6893 4931 1045
f 4577 5763 2342
f 635 5264 2342
f 5233 2343 6493
f 538 5413 2343
f 5748 2344 3606
f 6803 6798 5609
f 406 3859 2345
f 5582 611 406
f 2346 1230 4398
f 3682 2099 3902
f 5030 2347 5287
f 5287 2347 6836
f 4954 5747 6360
f 5741 2121 4451
f 2475 2349 6706
f 4821 5530 2683
f 5152 2350 1836
f 1130 6210 5590
f 2351 2614 5375
f 2351 5375 6106
f 2352 4207 6501
f 6163 3025 5282
f 1219 2353 6607
f 6910 620 4138
f 4673 5597 2354
f 2570 4843 4020
f 5247 675 2355
f 5491 2625 3686
f 2356 5752 1445
f 3797 4328 1691
f 1419 5004 2357
f 1419 7023 178
f 4368 2358 4720
f 1626 892 4713
f 4470 2359 758
f 5889 3228 3250
f 3156 5190 2360
f 6943 5998 886
f 2352 5282 4207
f 646 3437 568
f 7091 2362 1037
f 1037 2362 6322
f 2363 2507 4427
f 5167 620 3922
f 317 5454 2364
f 317 2364 3077
f 5997 7102 3622
f 1085 2146 5997
f 6609 6322 3972
f 2379 6090 1705
f 3450 356 4879
f 3574 7118 356
f 6523 5628 825
f 6932 6523 6074
f 1537 5715 2369
f 2369 1319 2884
f 2370 5193 3982
f 4112 5919 2370
f 1495 1782 2371
f 5269 5407 1231
f 634 2405 2372
f 2395 6331 2405
f 2373 1221 4481
f 2370 3404 5345
f 1457 2374 5219
f 1457 4957 2374
f 2375 5032 361
f 5244 4604 3112
f 5229 1229 5211
f 4030 5424 5567
f 1615 5198 3031
f 3031 5198 4187
f 6190 728 5573
f 2505 2764 4880
f 5575 2366 2672
f 2366 5575 3972
f 6649 784 6645
f 5032 5303 361
f 2381 6566 5344
f 4488 1287 2381
f 6138 6037 531
f 3407 5383 3346
f 2383 439 4076
f 3162 2392 6156
f 947 2384 774
f 2384 6280 3517
f 2000 4501 2385
f 1589 1637 6023
f 7036 2386 7128
f 7128 4572 6789
f 2387 3664 6712
f 5908 338 3074
f 3423 1399 4413
f 5279 6189 1399
f 1451 2389 4142
f 5878 1453 2389
f 2390 982 2994
f 982 4492 5431
f 6636 3358 341
f 6636 6642 651
f 1554 2392 3162
f 3275 5371 1554
f 2393 953 3918
f 1939 6095 3918
f 922 2070 2394
f 922 6150 6320
f 7115 4811 2395
f 7115 2395 598
f 4916 4509 2396
f 2396 5682 2002
f 6989 819 2397
f 2397 5940 516
f 4511 2398 798
f 3872 5877 1589
f 5940 2397 819
f 2268 2481 819
f 1714 967 2400
f 3133 6718 4822
f 2401 1465 933
f 3819 492 6204
f 2402 853 1810
f 2402 2202 853
f 1278 2403 6816
f 1825 3999 3555
f 6749 979 5338
f 6435 3196 4467
f 62 598 2405
f 598 2395 2405
f 5520 1924 2406
f 6446 2118 1325
f 5779 4695 2407
f 4738 685 5312
f 2408 4124 1136
f 2372 2408 1136
f 2409 2331 3913
f 2683 4647 1147
f 2619 2410 395
f 395 6387 7131
f 1292 4524 2411
f 6680 3468 5670
f 5766 7018 2412
f 2412 2863 1936
f 2372 5161 634
f 5161 3034 634
f 1468 6742 6116
f 6110 6742 978
f 5213 1582 5511
f 1077 3727 4550
f 6075 335 2756
f 1087 5095 6075
f 1739 1302 2417
f 1302 2130 5263
f 2367 2418 2989
f 6608 4986 2049
f 1217 2419 3823
f 6586 4464 3785
f 2420 5599 517
f 2420 4236 2212
f 2421 5386 2235
f 791 2421 6984
f 2422 2301 554
f 1921 2422 5110
f 6608 2423 4986
f 6739 3879 3221
f 1348 2424 3588
f 5570 2424 1348
f 2425 5627 6775
f 2695 537 5453
f 2426 4919 6549
f 3485 1811 4919
f 2476 2427 3371
f 3371 2427 2411
f 2425 743 5627
f 5634 743 2060
f 1009 2429 3062
f 5042 5815 4812
f 2430 4463 2443
f 3660 2443 682
f 2431 5356 770
f 6175 3105 6882
f 3405 2432 6000
f 6000 2432 2256
f 2433 5292 1
f 2433 4096 5292
f 2434 5663 4415
f 3978 5663 3207
f 972 2435 1512
f 4598 2540 5340
f 2014 2436 6638
f 1510 6933 6449
f 2437 358 6551
f 2063 3985 6692
f 4957 2438 2374
f 436 3690 1211
f 5204 2439 940
f 5186 5714 5339
f 4735 1580 2440
f 3202 1580 2979
f 2441 2062 303
f 6339 4824 1650
f 400 3351 6768
f 4976 5283 877
f 2443 1579 682
f 2443 4475 1579
f 887 2444 2423
f 1490 5848 4229
f 739 2445 6183
f 4112 2454 739
f 6526 2446 6985
f 525 6532 5910
f 2447 989 438
f 2859 2447 438
f 6640 2240 869
f 6223 1493 2240
f 1406 5767 5249
f 1406 5249 3155
f 4370 2101 2450
f 3766 2101 1323
f 2451 1565 6484
f 2451 3575 1565
f 1952 5096 5082
f 690 2564 5082
f 591 2453 1584
f 2453 416 4960
f 739 2454 2445
f 3810 3124 2445
f 4681 1541 2455
f 4815 4131 3761
f 4302 3347 2456
f 5823 2980 1318
f 6513 4195 4469
f 4469 1593 6513
f 2458 5103 6433
f 1223 3512 5485
f 1430 2459 841
f 2963 2459 4600
f 2460 792 657
f 1770 3710 3043
f 6028 3543 2090
f 1007 2462 2090
f 2090 2462 2461
f 1425 2461 2462
f 2463 370 5593
f 5579 1606 2921
f 1192 2464 4520
f 3657 3873 2459
f 2186 2465 1092
f 4019 5488 2789
f 3411 2466 4646
f 4568 2052 4569
f 6535 2467 5787
f 2929 4614 783
f 2468 6680 5670
f 5415 383 6711
f 2469 6489 6247
f 3844 2469 6247
f 3713 2752 2794
f 2794 4352 3713
f 5120 2471 5122
f 5122 5129 4744
f 4589 2472 5941
f 5941 2472 2719
f 5568 3553 2473
f 436 1211 3269
f 2474 5275 6575
f 2474 2760 6814
f 4226 5825 1765
f 5825 2307 1765
f 4818 2141 1552
f 2160 4818 1552
f 5134 2477 3675
f 2471 5139 5134
f 4089 1062 2478
f 1062 1312 2478
f 4642 6856 2479
f 1886 2749 1129
f 2480 609 274
f 6195 2512 5964
f 5940 819 2481
f 4183 2399 6341
f 3937 6008 4026
f 3413 3225 3262
f 2483 1918 3812
f 6507 437 6867
f 2484 2004 3919
f 2004 2484 2920
f 2485 6313 4529
f 6300 2485 3021
f 2486 3601 1674
f 1088 5594 6907
f 2487 2076 3917
f 6565 5388 4450
f 724 2488 5807
f 3002 2505 2488
f 3714 1117 2489
f 1791 5059 1117
f 6197 2490 6098
f 4511 3122 778
f 1413 1005 2491
f 5950 1005 5784
f 6504 913 5353
f 2116 6452 6504
f 4627 838 4479
f 4627 3340 4662
f 1784 5931 5927
f 3298 3057 4826
f 1925 7022 1200
f 1200 3018 4808
f 2166 4888 4412
f 476 6530 3973
f 1794 2497 428
f 6550 4206 428
f 3314 2498 5896
f 2498 1121 1780
f 6329 2499 2597
f 2563 2529 2597
f 6878 2500 4447
f 1883 3893 6878
f 1939 2501 6095
f 2393 6191 1901
f 2502 1913 3641
f 348 6414 3039
f 5978 928 2503
f 1335 5978 2503
f 2504 1829 2844
f 5863 4098 2504
f 2488 2505 5807
f 5115 4509 4575
f 2506 6745 2191
f 2506 2191 3139
f 2507 1994 4427
f 6493 5625 1994
f 1272 3696 2508
f 1250 2312 3676
f 1717 5883 6913
f 5879 997 2945
f 3837 2510 1675
f 2510 965 1675
f 2495 2511 4234
f 6832 2511 4708
f 6195 3732 2512
f 1648 3046 5153
f 1176 5266 2513
f 2513 1758 1176
f 2514 4743 5523
f 3203 5470 1168
f 4933 6463 2515
f 1992 5307 3016
f 3781 115 2516
f 115 6689 6704
f 1349 3546 2517
f 4786 1349 2517
f 386 5862 2518
f 2991 2518 3240
f 2519 2526 2279
f 6924 2519 2279
f 2520 2172 5006
f 4581 1839 2172
f 2974 3886 2521
f 3049 3742 528
f 2729 2522 3858
f 6480 2987 5871
f 6641 3161 5015
f 6641 835 6637
f 6383 4144 284
f 4144 5308 284
f 833 2525 3595
f 2531 545 5238
f 949 2526 2519
f 4816 2526 949
f 2527 4722 429
f 429 2566 3597
f 2528 2609 1101
f 2152 2528 4390
f 19 2597 2529
f 3534 5306 6298
f 2530 7013 1673
f 5091 6684 1104
f 6399 2531 5238
f 6238 3208 6399
f 3941 2532 3033
f 837 1498 3032
f 2533 4436 3168
f 2530 654 5101
f 2534 3757 1626
f 2267 5081 4560
f 6053 2535 1573
f 6053 6217 2535
f 2536 6393 6004
f 6004 1002 2536
f 4289 6902 1657
f 6061 3453 6088
f 2538 1290 5391
f 5252 2538 5260
f 936 2539 5525
f 939 2539 5241
f 3967 6086 2540
f 6068 6053 1573
f 2541 3739 661
f 3032 4540 3327
f 737 5792 2118
f 2561 4367 1364
f 4683 3440 2543
f 6612 3648 3204
f 1729 2595 2544
f 3039 6414 5895
f 582 2545 5380
f 4008 2545 582
f 1640 2546 307
f 6250 5690 1640
f 5357 1515 7103
f 4960 7103 7126
f 2548 6681 1322
f 3948 2745 3426
f 2549 587 959
f 4883 3963 587
f 4759 2550 2127
f 2127 2550 6033
f 28 192 6329
f 192 5417 6329
f 652 4030 2552
f 1066 652 3232
f 672 6900 2553
f 5329 672 2553
f 7042 2801 2554
f 1054 2554 4657
f 5732 3747 2555
f 2282 6826 524
f 7057 926 2556
f 2556 926 863
f 2350 5600 3878
f 5152 5590 2350
f 2558 4112 2370
f 1282 387 4276
f 1820 6353 641
f 6848 5147 3920
f 6032 6349 2560
f 1756 4710 3394
f 737 2561 5792
f 6561 1514 2542
f 2562 3253 1464
f 4636 6505 5764
f 449 2563 2499
f 2597 2499 2588
f 2564 690 1248
f 1261 6773 1248
f 5019 2565 4515
f 6621 872 1569
f 1313 6781 5442
f 352 1313 5442
f 1638 1006 2567
f 2567 2699 5235
f 2568 691 2561
f 5077 2163 691
f 311 2569 1272
f 3609 3829 5202
f 4428 4843 2570
f 3345 5230 4428
f 2571 1405 2020
f 5149 2938 4650
f 4769 2572 1462
f 4564 1598 923
f 1350 677 2573
f 1964 2575 677
f 2574 3444 1961
f 1458 349 5545
f 677 2575 5374
f 2575 4793 5374
f 2563 2576 2499
f 2576 2563 2597
f 2576 2577 2499
f 2576 2597 2588
f 2578 3330 5760
f 5776 1357 2578
f 2579 1210 5521
f 3726 3693 4010
f 2583 2580 4872
f 4665 4105 3572
f 5493 2581 5703
f 2755 5024 882
f 2582 5478 5839
f 1165 5585 2182
f 4872 458 2583
f 5853 6259 6251
f 6100 6378 2584
f 5556 1311 3587
f 5503 6443 6946
f 3194 4992 611
f 6045 4839 4109
f 5188 2035 6045
f 5644 1324 2223
f 5644 2223 4457
f 2577 2576 2588
f 2577 2588 2499
f 787 2589 5414
f 1524 5842 6628
f 2896 2590 5746
f 5448 3193 600
f 2591 1163 3434
f 2593 3289 6750
f 6534 2592 6006
f 1291 1771 3128
f 1672 1163 2593
f 2591 2593 1163
f 1698 2594 679
f 679 2594 3061
f 1729 633 2595
f 6315 3667 6885
f 2944 503 2596
f 4553 3594 503
f 19 222 2597
f 2597 222 6329
f 2598 7123 1091
f 1212 5494 4267
f 4935 2599 5043
f 1635 3800 2599
f 4542 553 2600
f 3849 2289 2600
f 397 2601 4228
f 4720 2358 6026
f 2602 4332 1618
f 4551 1618 1850
f 1474 3694 5624
f 3851 951 1913
f 2604 601 2710
f 3776 2689 4063
f 2137 5262 2605
f 5262 1614 2605
f 2606 3745 2085
f 4041 3745 2606
f 2605 1614 2607
f 2607 4398 5953
f 2608 1335 2503
f 2608 2273 1335
f 5310 5959 2609
f 1727 5514 2609
f 1452 6104 2610
f 6104 2002 2610
f 5598 569 2611
f 5007 569 1545
f 2612 3181 6883
f 2926 6883 999
f 2613 3562 6856
f 2613 4446 1028
f 1067 2614 2351
f 5512 3993 2106
f 503 981 4553
f 3759 2442 3744
f 3049 1237 2616
f 3737 3339 3516
f 2617 2551 6298
f 3295 2551 2617
f 2618 955 6099
f 3450 4879 4861
f 3825 2619 395
f 2136 5216 1696
f 6788 66 2620
f 4783 2620 66
f 1805 2621 3361
f 3737 1033 3339
f 2622 354 1435
f 2622 1435 4360
f 5781 2623 1026
f 889 5124 5781
f 2624 5950 4894
f 385 4893 1652
f 2625 3415 2497
f 2625 2494 3415
f 2626 2368 6932
f 3481 6079 4211
f 2627 1107 1932
f 5722 5814 4706
f 1157 686 2628
f 5260 2538 5391
f 2629 983 1667
f 5666 3486 1759
f 1385 3751 2630
f 2630 593 4960
f 7070 2631 444
f 2411 4524 316
f 3229 2632 4508
f 4702 6062 1334
f 2633 1316 3906
f 5926 6133 803
f 873 2793 5331
f 873 5331 2890
f 2635 6683 2025
f 2831 6312 3913
f 4774 2636 6014
f 2636 761 6014
f 2637 935 4519
f 4269 2383 4076
f 2638 5537 4007
f 2193 736 3116
f 2639 351 4132
f 6050 5205 5726
f 2640 435 5437
f 4860 2041 5414
f 401 2641 5156
f 4689 2996 4636
f 444 2631 4314
f 444 4314 3429
f 2643 5262 2137
f 2147 4781 2137
f 5572 793 2644
f 5005 3846 4709
f 2645 4220 2648
f 4373 6812 447
f 2646 6097 347
f 5871 5868 6480
f 4907 1031 2647
f 4907 2647 2788
f 6427 2648 2643
f 6812 6632 447
f 1385 2649 6407
f 6579 1892 3019
f 2650 3141 1131
f 2650 2946 3969
f 1980 2651 4088
f 3675 2477 5886
f 2652 432 2428
f 5952 432 2652
f 2961 1204 2653
f 3782 3174 3838
f 2654 541 1301
f 3527 6232 3523
f 5423 1834 3616
f 5423 542 1834
f 1830 5701 2656
f 6457 1830 2656
f 2657 5408 3523
f 3523 6232 4932
f 1388 6531 3482
f 6531 1388 3073
f 3496 2620 4783
f 230 3508 5804
f 800 6038 2660
f 5749 800 4216
f 5985 279 2661
f 1327 823 6138
f 4431 5934 2662
f 5934 4607 2662
f 2663 2254 854
f 7051 6656 854
f 2664 6757 1063
f 5745 6757 2664
f 3332 2665 1984
f 4408 3639 6367
f 6292 2666 1514
f 1514 2666 6203
f 3600 2667 5633
f 5633 4891 3767
f 1300 7062 2668
f 2689 5468 2668
f 1517 2669 7
f 7 2669 6282
f 2670 637 6821
f 2670 1971 5004
f 568 980 2671
f 6188 5355 3623
f 4851 5575 2672
f 4851 3544 6058
f 932 2673 1972
f 5822 3465 3063
f 2674 1658 1997
f 5966 2676 4503
f 2675 1426 6239
f 809 1908 3364
f 2676 7058 2674
f 7134 4521 2676
f 6309 1932 1376
f 6309 1376 2612
f 2678 4954 6360
f 3364 1180 2678
f 6271 5507 1625
f 3412 6593 3495
f 2662 4607 2680
f 6926 624 3378
f 1338 2681 688
f 4626 688 2681
f 3137 4999 2687
f 2120 2687 4999
f 2349 2683 6706
f 2683 1147 5363
f 2931 2684 6663
f 3793 1864 748
f 2685 4008 4038
f 5992 6815 3212
f 2686 5123 4605
f 5123 3734 1895
f 3137 2687 2682
f 2687 2120 6536
f 5938 790 2688
f 2688 5074 4588
f 4063 2689 1754
f 5527 2689 2668
f 4313 4855 6437
f 5494 1212 2829
f 2073 3786 2691
f 1786 6930 4658
f 2692 415 975
f 2692 975 1373
f 4807 2693 2919
f 4279 4592 2693
f 5818 2694 4561
f 1275 4566 709
f 2695 2425 905
f 6991 2695 905
f 6909 6567 2696
f 5391 1290 5574
f 5557 5944 2094
f 941 4513 7124
f 647 6643 2698
f 4797 5398 2903
f 1006 2699 2567
f 1006 1228 6472
f 5104 3368 2700
f 6867 437 5473
f 1723 3618 2701
f 1449 1723 6158
f 3304 5676 1240
f 5676 2693 4807
f 4829 6671 4055
f 4047 728 948
f 2704 4670 575
f 3478 3125 2383
f 2705 342 3325
f 3127 1046 3403
f 1233 2706 437
f 437 2706 6988
f 2966 7083 2470
f 7083 2676 5966
f 2708 668 374
f 4461 2708 3589
f 3803 2709 4938
f 4357 1566 2709
f 894 2710 5616
f 2710 4293 2604
f 1174 2711 2619
f 5611 2710 4425
f 2712 3987 1058
f 5240 6323 6931
f 7011 4417 6609
f 5141 4417 7011
f 5761 1564 2714
f 5761 5403 5174
f 2227 2715 3652
f 2796 2715 2227
f 2716 7013 4694
f 7013 2716 4227
f 6161 5905 5030
f 1751 3406 2721
f 6280 2718 6588
f 5056 2718 6280
f 2719 1152 4379
f 2472 1152 2719
f 1653 6258 2720
f 3351 400 1653
f 6161 2717 2721
f 3879 6739 2717
f 515 4799 3501
f 810 3721 515
f 2723 6398 3883
f 5716 5168 2723
f 6566 4256 5344
f 4256 5313 6384
f 961 5730 2725
f 1281 7026 3708
f 5302 4039 2726
f 1252 711 3777
f 2769 625 2727
f 2154 2727 6285
f 767 5053 1369
f 1369 2777 5529
f 1553 2729 3858
f 2922 6801 1553
f 5258 3001 1914
f 2281 700 5258
f 2731 3784 3792
f 5245 4230 5668
f 2724 2732 5313
f 2732 6834 1440
f 3777 5976 2733
f 2733 5976 2512
f 1270 2157 2734
f 1048 2734 2157
f 7132 4176 2735
f 2740 2735 5532
f 2736 6099 955
f 4209 4115 2158
f 3823 1062 543
f 3823 543 2320
f 907 6936 5094
f 2413 1377 4611
f 2277 2745 2739
f 1676 4234 2739
f 2740 4409 5169
f 2740 566 2735
f 2518 3271 2741
f 5240 796 6323
f 2565 2742 4515
f 1299 6627 2565
f 1802 5503 2743
f 5731 1802 2743
f 2744 6448 5653
f 6118 1968 3291
f 2745 1676 2739
f 6804 1676 5389
f 1693 6543 534
f 2714 534 6543
f 6921 415 2692
f 5783 3356 415
f 1258 2748 550
f 2748 2843 2575
f 4642 2479 2749
f 2479 1024 5505
f 1869 1120 2750
f 4301 4823 1869
f 524 4468 2282
f 524 3401 4468
f 2752 244 239
f 2752 239 163
f 960 2753 3341
f 521 3467 2871
f 6917 2754 2394
f 643 1801 2754
f 5024 2755 1973
f 5360 1973 2755
f 2208 6733 671
f 671 6733 2274
f 2757 5865 1010
f 5861 362 2170
f 2581 1343 5703
f 6741 6879 1343
f 2759 1848 5539
f 3661 6291 5539
f 2760 4953 6814
f 4958 2574 1961
f 1398 2761 506
f 6899 5581 3691
f 3416 6537 1760
f 1760 6537 3281
f 5334 3379 1732
f 3645 1732 5163
f 4880 2764 5573
f 2764 4316 2378
f 2765 5276 722
f 1543 3310 1709
f 4776 2766 3378
f 3855 2766 4776
f 1265 2767 3645
f 1091 7123 1265
f 1858 1167 2768
f 4951 2130 4009
f 2769 6749 625
f 4525 1322 1613
f 6416 1769 6418
f 2326 6619 1494
f 2757 1010 2771
f 5450 3536 5224
f 2772 945 4261
f 2772 1762 6881
f 667 1684 2773
f 3895 667 2773
f 2774 567 3372
f 2774 1400 567
f 3352 1206 2775
f 4362 4361 6518
f 4210 602 2776
f 6024 6392 3538
f 5053 4218 2777
f 1369 5053 2777
f 2778 6796 3282
f 2778 3684 6796
f 5332 3309 2779
f 6799 1817 4363
f 2780 864 4173
f 2780 4410 864
f 1123 2781 4835
f 1490 2781 5116
f 2782 6455 6701
f 2469 4322 6489
f 2783 4736 813
f 5799 4257 1964
f 2784 2078 1708
f 2078 4410 2780
f 2785 6140 991
f 2785 5634 6140
f 336 2962 2786
f 336 2786 3293
f 2787 4462 5099
f 2787 1044 6233
f 2701 3618 2788
f 609 3617 274
f 2789 1737 2194
f 5555 2789 2194
f 2790 2827 6376
f 5672 5681 6351
f 2791 658 3718
f 2467 6319 6200
f 2792 5114 393
f 5843 5114 2792
f 2185 4949 2793
f 2185 2793 873
f 2752 4897 2794
f 4897 4352 2794
f 2345 1560 2795
f 5582 3194 611
f 2796 998 2715
f 1295 998 2796
f 6668 1608 6678
f 5530 1608 6174
f 1526 2798 2802
f 3653 2802 2798
f 6565 4450 2799
f 5354 1078 6862
f 1434 2573 2800
f 2339 1434 2800
f 504 2801 7042
f 5078 4190 5639
f 921 1526 2802
f 3653 921 2802
f 6652 2803 3021
f 4127 1546 4120
f 3327 5184 502
f 3062 502 5184
f 750 2805 4645
f 750 5532 2805
f 6884 5164 2806
f 2009 2806 731
f 7119 7024 2807
f 5404 7030 5755
f 2808 730 1697
f 2364 730 2808
f 4920 2809 4460
f 4466 4645 2805
f 3417 6044 2810
f 6044 3692 6740
f 4429 3403 2811
f 3742 3049 1127
f 2812 5913 6314
f 2812 1477 2973
f 5202 2813 1088
f 2813 5594 1088
f 2814 321 6810
f 3692 4502 6740
f 6771 2815 4542
f 5565 1953 6760
f 2816 989 3414
f 438 989 2816
f 5395 1459 2817
f 3952 2817 1459
f 7094 5050 5054
f 3147 1146 388
f 900 5155 2819
f 4284 582 5380
f 2820 1977 3319
f 5701 1977 2820
f 1910 2821 4108
f 5302 2821 1910
f 4803 2822 795
f 795 5558 6953
f 6159 3498 2823
f 5728 6659 5469
f 1950 2824 1214
f 1214 2824 4333
f 2432 2825 2165
f 5706 2171 6720
f 333 2826 5628
f 1045 2016 6253
f 2790 6351 2827
f 1279 2275 5571
f 797 2828 3760
f 3753 6131 797
f 1212 4313 2829
f 1882 2829 2690
f 2830 968 5230
f 3310 968 2830
f 6312 2831 5449
f 2831 5469 5449
f 2832 4295 3703
f 723 3683 1492
f 2833 275 5604
f 2833 5759 5763
f 2834 3880 1040
f 3308 1040 3642
f 2835 542 2655
f 2835 5789 3843
f 2836 1235 2259
f 1235 2836 645
f 2837 5535 5269
f 4858 717 6343
f 3503 1173 2838
f 4526 2860 4557
f 6348 2839 1035
f 2839 992 4194
f 6803 468 1767
f 5609 468 6803
f 2776 602 2841
f 602 3279 2841
f 6679 2548 343
f 343 6333 3674
f 1268 2843 1258
f 2748 1258 2843
f 1829 1542 2844
f 5661 4102 2915
f 3946 2845 4404
f 6974 5201 811
f 1920 5918 6996
f 4639 7 1920
f 6114 3137 2847
f 3137 2682 2847
f 1473 2848 910
f 6963 5647 910
f 6436 6746 1312
f 1312 773 6436
f 372 2313 2850
f 2254 372 6866
f 2851 2003 380
f 5951 4304 5898
f 1533 2852 3359
f 2142 4510 1533
f 6444 3288 2853
f 2853 848 6444
f 4012 2087 2854
f 6792 2150 5237
f 4037 1386 2855
f 5850 865 4452
f 1572 2856 3153
f 5454 317 4582
f 470 2857 1317
f 1967 5396 6744
f 2858 595 1379
f 2858 4685 6716
f 1900 2859 1082
f 2859 1900 2447
f 3860 4557 2860
f 2860 614 1805
f 2861 7033 3631
f 4749 4341 7033
f 682 1579 2862
f 1051 682 2862
f 2326 1494 2863
f 2863 2412 5657
f 6817 3557 5430
f 6817 5430 6762
f 2865 824 5689
f 4719 4681 1787
f 2866 1768 1873
f 2864 1768 5393
f 2867 2862 1579
f 3856 2862 2867
f 2868 4676 1111
f 2868 5736 640
f 1051 2862 3856
f 1051 3856 4195
f 4735 2440 2870
f 3136 4975 5972
f 2871 960 6634
f 3467 960 2871
f 5649 4637 2872
f 2261 4785 6342
f 4644 3971 3996
f 3964 5094 1105
f 4883 2549 4215
f 2549 4883 587
f 2875 4375 2233
f 3624 1141 2875
f 4364 2876 2321
f 896 4568 5849
f 1476 2877 2276
f 2877 1476 581
f 2401 2878 1465
f 1465 6084 3815
f 5992 6813 6815
f 5992 5246 1262
f 451 1530 2880
f 5332 2880 3309
f 233 2881 3
f 1972 2913 3758
f 2882 6137 3525
f 1218 357 6226
f 2034 1252 2883
f 2883 3960 6886
f 2884 1688 4119
f 3005 1688 2884
f 1875 3547 2885
f 4426 1118 5075
f 2013 2886 816
f 2886 4893 6266
f 6078 2785 2887
f 6962 2539 936
f 2587 2888 1324
f 2888 3741 1324
f 2889 4571 6767
f 3804 2889 6767
f 2890 5331 6173
f 6173 4679 4580
f 622 2891 1646
f 4299 622 4306
f 2589 2892 4901
f 4901 6693 5826
f 4595 1849 2893
f 2893 4110 4193
f 5648 2894 1809
f 5171 1213 1809
f 2895 4155 1025
f 6650 1025 4789
f 1115 2590 2896
f 6517 4623 2896
f 4332 2602 2897
f 5214 5467 580
f 2898 1273 427
f 6891 3102 1273
f 2650 2899 4972
f 3363 6334 639
f 2900 3722 1917
f 6144 1917 1227
f 5625 2901 1994
f 740 4250 7015
f 695 2036 2902
f 6836 4081 5284
f 2903 4534 664
f 2903 4061 1116
f 2904 1337 4896
f 2391 6541 4995
f 2905 2144 4565
f 4628 2144 2905
f 4625 4777 2731
f 2902 6624 6971
f 2907 3821 5084
f 5037 1816 2907
f 2908 1972 594
f 1822 7089 5256
f 831 2909 2611
f 4480 1631 4593
f 2910 1461 1320
f 3539 1461 5999
f 2911 1370 2337
f 794 1370 2911
f 2912 6032 2560
f 2912 2560 3480
f 2881 5589 3
f 3 5589 672
f 5193 3461 5762
f 5762 1385 2630
f 715 6726 2915
f 6726 5661 2915
f 2916 7071 6318
f 5155 900 3912
f 5907 6325 2917
f 2463 5593 2917
f 2918 648 4421
f 3341 4734 6774
f 2919 6306 1271
f 3407 2919 5383
f 2004 2920 6580
f 364 5531 3837
f 5579 2921 1868
f 3949 1868 2921
f 1288 2922 1553
f 3206 3801 3903
f 364 673 2923
f 2923 885 364
f 1297 1651 6521
f 1651 830 6521
f 543 2925 1493
f 5462 559 5749
f 2926 2612 6883
f 523 4245 6470
f 4993 2927 794
f 794 2927 1370
f 2928 3627 4031
f 4830 4616 751
f 1070 5397 2929
f 2268 1070 5802
f 1600 2930 1870
f 4358 4166 5551
f 2931 2435 972
f 2931 6663 2435
f 683 6065 902
f 902 4190 4619
f 957 6031 2933
f 4950 2750 957
f 1732 2934 547
f 3445 4222 6646
f 2932 1891 2935
f 902 6065 4190
f 749 1795 2936
f 1795 3375 4765
f 2937 3694 1474
f 4213 2937 4108
f 5261 2938 2325
f 471 4650 2938
f 549 5716 2723
f 1520 4321 549
f 2940 1160 2718
f 6982 4067 4043
f 871 2941 4766
f 7053 1176 3647
f 6276 1685 371
f 3845 6276 371
f 2943 1693 534
f 2537 1693 4868
f 951 2944 1913
f 2944 2596 1913
f 5883 2945 2509
f 2509 2945 4727
f 1931 2946 1131
f 2946 2650 1131
f 2947 7018 5136
f 6888 1188 2202
f 4541 4079 4506
f 3092 5638 4538
f 2985 2949 6842
f 2949 850 1973
f 4422 7087 2950
f 4239 5151 3088
f 2951 1670 1052
f 3755 5811 2951
f 2372 2950 4239
f 4239 2950 5151
f 4007 6466 2953
f 2230 4808 2953
f 5136 2954 1333
f 3959 2450 1333
f 6245 5870 4258
f 3521 866 6245
f 4101 1633 2956
f 2956 1633 6647
f 6960 2957 6987
f 6960 241 2957
f 4574 2958 2956
f 3615 1722 6220
f 814 6583 2959
f 2040 392 5751
f 4233 1072 2960
f 1072 626 2960
f 883 308 2961
f 3886 2974 3060
f 2962 6500 5452
f 5110 2422 554
f 3176 2963 3926
f 1071 3657 2963
f 284 2964 610
f 4784 4793 2843
f 5347 5350 2965
f 5350 2308 4494
f 2039 1068 2966
f 2039 2966 4918
f 2967 442 3160
f 2967 1384 4578
f 2968 6438 1885
f 1059 1736 2968
f 4363 6206 2969
f 3970 1266 2514
f 1683 1344 2970
f 4943 1683 4448
f 3828 5984 6587
f 5984 4395 6587
f 3276 2972 6786
f 4103 2972 4031
f 6512 2812 2973
f 3271 1480 6236
f 1779 883 2974
f 2974 883 2961
f 1735 2691 2975
f 1512 4142 5729
f 2976 3227 6394
f 5386 445 2235
f 2977 1825 4029
f 5179 1825 4544
f 6196 2978 1741
f 3807 766 6455
f 2979 4790 3202
f 5926 2269 1057
f 523 6470 2980
f 4169 847 523
f 2978 2981 745
f 4163 5674 745
f 4406 2982 994
f 4090 6993 2108
f 3110 340 2983
f 4393 5305 340
f 7073 6249 3023
f 4265 5963 6777
f 2985 5328 850
f 2949 2985 850
f 607 2986 1531
f 4086 607 2023
f 5871 2987 1381
f 6784 1381 2987
f 1767 6970 1592
f 6728 6965 3695
f 2989 2418 4360
f 4078 6054 4360
f 822 2990 4349
f 4349 2990 2996
f 2991 386 2518
f 6087 3706 5480
f 5607 1066 2992
f 4361 4152 3764
f 2993 5145 6945
f 4282 6981 6945
f 4307 2994 1506
f 849 2390 2994
f 1939 2995 2501
f 3086 5808 4205
f 4983 6505 2996
f 2990 4983 2996
f 2997 4832 3625
f 1209 6169 3842
f 2998 3064 1588
f 2031 6777 5963
f 1401 2994 2999
f 5195 4803 6287
f 3000 3592 3560
f 4985 3000 1363
f 5422 3001 5258
f 5422 1544 3001
f 3002 6257 2764
f 5916 2069 1190
f 3003 2649 1328
f 2649 6694 6407
f 3004 1234 6958
f 2855 6103 3004
f 629 1688 3005
f 2399 4183 5301
f 4326 3006 6571
f 5558 3011 6953
f 3007 2321 4586
f 3007 4364 2321
f 5376 376 3008
f 376 4794 3008
f 3009 1232 4533
f 1065 3923 3009
f 5831 3010 378
f 6637 835 3010
f 3011 1497 3006
f 1110 3011 3006
f 3012 1723 1449
f 284 5308 5311
f 3013 434 4382
f 3013 2579 6699
f 3014 4095 563
f 6797 4174 1428
f 3015 1883 587
f 3015 3893 1883
f 5171 3016 1213
f 3016 613 5552
f 3017 2037 1733
f 3884 4889 1733
f 4234 3018 2495
f 7022 3018 1200
f 3019 5206 440
f 6407 6694 3019
f 687 3020 3495
f 7105 5959 5310
f 779 3881 3021
f 6652 3021 1620
f 3022 5424 652
f 6711 1861 5415
f 2482 4265 3023
f 4026 3064 2482
f 6091 895 3024
f 2416 4859 895
f 3025 1125 2361
f 4928 1125 3025
f 6167 3026 4788
f 1987 4189 5711
f 3027 7043 1993
f 6802 2985 3809
f 3250 6456 5983
f 3877 4554 6456
f 3380 1769 3029
f 3029 5641 4022
f 392 4329 3030
f 1309 2833 6918
f 2377 1615 3031
f 6295 3031 2198
f 3032 3033 2532
f 3032 2532 4540
f 1498 4224 3033
f 1498 3033 3032
f 1245 3034 5161
f 4959 2670 5004
f 3035 4562 2667
f 1021 4337 6998
f 3036 1850 3152
f 3036 966 1850
f 5709 2031 3064
f 5963 3064 2031
f 3038 1306 5361
f 6378 1311 5556
f 2502 3039 1014
f 348 3039 2502
f 865 2236 3040
f 6368 2664 6374
f 1491 3041 3213
f 2640 5437 6469
f 5640 2133 3042
f 4035 3042 2133
f 3710 5288 3043
f 3043 5288 6539
f 4026 3044 3140
f 6405 3140 3225
f 2184 365 3045
f 3905 1362 3051
f 3046 1095 2733
f 734 6892 3046
f 1728 3047 3642
f 3642 3047 2838
f 1361 2993 3048
f 4708 2511 1361
f 3049 2811 1127
f 3049 2616 2811
f 3050 638 6844
f 6086 4385 2540
f 3045 3905 3051
f 3524 3045 3051
f 5290 5733 3052
f 3052 3230 1546
f 888 2000 3053
f 888 7047 3492
f 621 3054 6919
f 1025 4155 6769
f 4563 2578 3055
f 1713 4805 6526
f 6576 3056 1205
f 5154 3126 4165
f 1137 7041 6069
f 5500 1137 6069
f 638 3058 6844
f 4504 2829 627
f 6005 3947 3059
f 6533 1724 4186
f 3060 2961 2653
f 2974 2961 3060
f 6338 3061 5471
f 679 3061 6338
f 3062 5184 3666
f 3178 1724 6533
f 6860 2673 932
f 6860 1642 2673
f 1588 3064 3037
f 3140 3064 4026
f 4719 1787 3065
f 3065 1787 698
f 7082 6567 6905
f 3587 4272 1505
f 3067 3738 3325
f 4056 3303 765
f 657 3068 6735
f 2249 3068 657
f 1281 5725 3069
f 1281 3069 7026
f 3070 355 4703
f 355 3070 5148
f 3071 2094 5944
f 4770 3071 6246
f 1588 3037 3140
f 3064 3140 3120
f 6614 3073 431
f 3073 2057 6611
f 3074 338 6737
f 3074 1162 738
f 6949 3075 1437
f 6497 6833 1437
f 6334 4023 3076
f 3844 1846 2469
f 1115 6488 1270
f 1270 6488 2157
f 3120 3037 3064
f 3080 3072 3037
f 3079 1988 1628
f 3079 940 1988
f 3072 3098 3120
f 3037 3120 3080
f 875 3081 3265
f 875 4139 3518
f 3082 1092 3613
f 7124 4513 985
f 2072 6101 1452
f 6101 6104 1452
f 3882 731 3084
f 3084 4488 2381
f 5224 3536 3085
f 1444 6085 3546
f 3086 4205 3531
f 1952 3086 3531
f 3802 3087 6617
f 2836 6617 3087
f 952 1660 3088
f 3088 1660 2952
f 425 3089 5493
f 425 3458 3089
f 6870 2289 3849
f 1178 4942 6870
f 5619 3377 3091
f 2001 662 5780
f 2120 1468 3092
f 2120 3092 4538
f 1187 3093 5144
f 3245 3841 4432
f 3094 5459 1027
f 3435 5464 4260
f 3095 1952 5082
f 4936 3086 1952
f 3096 535 7099
f 1104 5028 5854
f 3097 1734 4052
f 6240 5099 4462
f 3098 3072 3080
f 3080 3078 3108
f 816 3099 4961
f 1741 1172 4786
f 4151 2896 3100
f 1577 4077 6660
f 3101 1275 5026
f 6335 1945 1275
f 1938 3102 6891
f 6242 3102 1938
f 1652 3103 385
f 6263 3103 5251
f 3104 6241 689
f 689 6325 5907
f 770 4733 3105
f 6175 6172 3105
f 3106 334 2387
f 6898 5483 334
f 4698 3107 6734
f 3107 6736 6734
f 3098 3108 3120
f 3098 3080 3108
f 3445 3109 5642
f 4293 2710 894
f 340 3110 5692
f 4887 5867 1605
f 3111 5091 1104
f 3111 1104 6818
f 1107 3112 1932
f 1932 3112 1376
f 1849 3113 1397
f 3113 3818 1397
f 632 4604 3114
f 361 2859 3114
f 3115 1599 1788
f 3890 6634 6151
f 3602 3116 6623
f 3116 5537 6623
f 3117 3754 1784
f 675 3117 1784
f 2 6260 3118
f 987 5758 4411
f 1 1682 3119
f 3607 1 3768
f 3120 3108 3078
f 3080 3120 3078
f 3121 310 6917
f 5163 1732 6957
f 3122 1277 6863
f 5370 3443 6850
f 3123 5212 6460
f 2018 1149 5177
f 3198 1241 3124
f 1241 5384 3124
f 575 3125 3478
f 5920 6880 1550
f 3126 5154 2115
f 584 5127 4158
f 3130 2705 3127
f 3127 2705 3325
f 2592 6534 3128
f 3128 1011 2592
f 4114 3129 1329
f 5017 1329 3129
f 3130 3127 780
f 2884 4119 3135
f 3026 3134 4788
f 5680 3134 1949
f 3132 4062 6626
f 3132 5711 4062
f 3133 2256 6718
f 5212 2256 6460
f 3026 4268 3134
f 3134 4268 4979
f 780 3135 3130
f 3135 780 667
f 2870 6326 3136
f 3136 4735 2870
f 4999 3137 1581
f 6114 1581 3137
f 5806 3138 4154
f 1753 908 5457
f 6212 6845 4294
f 4215 931 6212
f 3140 3072 3120
f 3037 3072 3140
f 1444 3141 6085
f 4049 6244 1253
f 3934 2203 6595
f 6595 2203 5691
f 2314 1224 3143
f 5372 5479 5239
f 3144 4745 3614
f 3144 6483 6346
f 3145 1268 1235
f 3836 4784 1268
f 3146 2288 6951
f 3979 6941 2150
f 388 5050 3147
f 3360 3147 2818
f 3044 3197 3140
f 3151 3044 4026
f 3149 1741 4786
f 4071 6196 1741
f 2207 5780 3150
f 3469 2207 4459
f 3218 3151 4026
f 3044 3151 3197
f 3152 1850 1191
f 3152 1191 2467
f 815 3153 2856
f 815 1744 3397
f 1669 3154 4685
f 4505 5372 305
f 516 3155 3158
f 4240 5715 4247
f 1527 3231 3156
f 3156 2848 1527
f 3148 3151 3157
f 3157 3140 3197
f 516 3158 5702
f 2169 5247 3646
f 3159 4335 1841
f 4141 4148 6412
f 3160 2451 6484
f 2967 3160 1384
f 6641 2264 3161
f 3161 2264 5213
f 2383 4630 439
f 2383 3125 4630
f 3163 3978 612
f 1792 4375 612
f 353 5259 3164
f 3164 1556 353
f 3165 1299 1378
f 5461 6627 1299
f 2027 5225 3166
f 3166 5225 2075
f 2741 5246 2879
f 3271 5240 6710
f 4697 6168 3168
f 2533 3168 1694
f 1878 3169 628
f 628 3169 896
f 876 3170 4331
f 5200 2566 696
f 6030 917 3171
f 3171 4359 2006
f 6800 3732 6793
f 3962 6800 6793
f 6805 3173 4701
f 772 2365 3173
f 3782 2834 3174
f 2834 1040 3308
f 6201 275 1874
f 6901 3816 4197
f 2963 3176 1071
f 5789 6230 3843
f 352 6403 3177
f 352 5484 1313
f 3178 3062 3666
f 1009 3062 3178
f 2284 1064 3179
f 3179 5526 5648
f 2817 1327 5395
f 1327 4852 5395
f 604 5508 1353
f 5677 2816 4383
f 2389 3182 2305
f 2305 3182 670
f 4206 6552 3183
f 6548 3400 5658
f 4022 6551 3184
f 2180 3139 3184
f 2428 3185 4147
f 5627 743 5634
f 3186 3643 2923
f 5272 6434 1516
f 3187 5688 1017
f 3187 4107 5688
f 1870 6362 3188
f 2064 1870 3188
f 1065 3009 3189
f 6943 1065 5998
f 2565 6790 3190
f 3190 6790 2197
f 3191 1158 2388
f 4413 1399 6189
f 4614 3192 783
f 4811 783 3192
f 6560 3193 6028
f 3835 3193 6560
f 5582 2795 3194
f 4585 3194 2795
f 3195 4323 1922
f 5845 4755 3195
f 5178 2346 3196
f 3196 6435 1448
f 3211 3197 3151
f 3157 3197 3211
f 3810 1700 3198
f 4174 4747 1700
f 3157 3211 3148
f 3148 3201 3151
f 4962 558 3200
f 3179 5648 4137
f 3201 3199 3151
f 3211 3201 3148
f 1580 3202 2440
f 2440 3202 6631
f 577 3203 2514
f 2514 3203 4743
f 3204 1776 6738
f 6612 3204 6738
f 4156 3205 608
f 4161 4209 5475
f 2922 1288 3206
f 2922 3206 5501
f 3207 2434 708
f 5663 2434 3207
f 2531 6399 3208
f 6272 5847 2681
f 3209 1170 3488
f 1170 3591 6060
f 1280 3210 3215
f 5738 6959 3210
f 3199 3201 3211
f 3151 3199 3211
f 6815 4038 3212
f 3212 1365 713
f 1491 3213 2672
f 2672 3544 4851
f 3174 589 3214
f 3771 3778 3361
f 3215 3210 1898
f 3215 1898 5753
f 3216 3677 276
f 6547 4902 4896
f 4280 1977 3217
f 6730 3396 3217
f 3157 3151 3218
f 3140 3157 3218
f 3219 1225 5186
f 1535 5735 3219
f 3220 4408 1099
f 3220 1099 1050
f 2423 3221 3879
f 2423 2444 3221
f 3222 5554 994
f 994 2982 6411
f 3223 1395 4904
f 5010 4904 7111
f 3224 2204 1225
f 5735 1225 3219
f 3225 3140 3218
f 3225 3218 3262
f 5426 3226 5846
f 6492 5550 5846
f 2274 686 3227
f 2274 3227 2976
f 2359 3228 758
f 4667 4671 3228
f 1334 3229 7048
f 1334 2632 3229
f 3230 5643 3529
f 3052 2190 3230
f 1527 4596 3231
f 6281 5782 3923
f 3232 652 2552
f 5684 5689 824
f 5830 1083 4688
f 1439 3337 6509
f 3234 5786 2228
f 4508 5377 6604
f 713 3235 3212
f 3068 3235 6735
f 2430 3236 2376
f 3660 2430 2443
f 1880 3237 2763
f 6633 6293 5259
f 1904 3238 2151
f 5356 5816 4285
f 1603 3239 3471
f 4356 5299 1603
f 1133 6083 4199
f 5358 1133 5982
f 2215 1047 3241
f 984 2215 6318
f 3840 1503 3242
f 1503 3422 5185
f 842 1171 3243
f 3755 842 3243
f 4898 1023 4281
f 1797 4286 1984
f 4414 3530 3245
f 4608 718 911
f 3246 5022 5610
f 2145 3246 6967
f 6995 3247 1559
f 6672 5947 6575
f 1255 3248 4656
f 3246 3663 6057
f 3249 956 2308
f 2786 5452 3249
f 5889 3250 1148
f 4084 555 1148
f 959 3251 5603
f 587 6725 959
f 3252 5543 1239
f 3783 662 2001
f 977 6688 2075
f 6693 6688 977
f 2860 3254 614
f 3254 1430 614
f 5325 3255 2792
f 735 5608 6857
f 3256 442 3463
f 3256 3258 442
f 1986 4795 3257
f 1986 3257 5482
f 3258 3714 4073
f 442 3258 1433
f 4258 2126 3259
f 2126 4780 3259
f 3260 1404 4300
f 6386 2262 1404
f 3261 681 4032
f 5555 5750 4019
f 4026 6906 3262
f 3218 4026 3262
f 346 3263 805
f 5699 6476 3839
f 2599 3264 1488
f 5330 4372 1488
f 3265 3081 2292
f 4051 3265 2292
f 5299 3266 892
f 892 3266 4713
f 3267 4252 5077
f 3267 2156 4252
f 1583 3268 2294
f 5182 3268 4757
f 436 3269 2473
f 2473 3269 3549
f 3526 729 3270
f 729 3576 3270
f 3271 796 5240
f 3271 6236 796
f 910 3272 1710
f 3634 4282 4715
f 6306 3273 1271
f 2201 656 5156
f 3274 6923 2702
f 3717 1193 3274
f 1538 6573 3275
f 4877 1538 3275
f 3276 5970 6759
f 4799 1691 3501
f 3277 521 3890
f 5326 5700 4160
f 6400 5141 1906
f 4395 4400 6400
f 3279 602 5969
f 5405 6776 5410
f 5102 3280 4002
f 2905 4565 1666
f 1760 3281 6969
f 5145 4836 494
f 3282 1282 6063
f 3282 1643 1282
f 3930 2080 3283
f 1375 3283 4690
f 3284 1547 5232
f 5929 1547 3284
f 5410 6776 3285
f 3285 2092 1740
f 3286 2134 704
f 4810 3545 5800
f 4181 1407 3287
f 1407 3428 3290
f 406 3288 1596
f 406 611 5324
f 2593 2591 3289
f 2591 7132 6433
f 3290 4556 3287
f 1407 3290 3287
f 3291 1851 466
f 6118 3291 6448
f 3292 1479 5451
f 5895 1479 3750
f 4748 336 3293
f 5945 3027 1720
f 1629 767 3294
f 5566 767 1369
f 3295 4672 2499
f 4 6007 3295
f 3296 1656 761
f 6326 5975 3136
f 1184 4202 2222
f 6521 2222 4202
f 5927 4277 5500
f 3415 2494 5500
f 3292 1585 3299
f 3301 4118 4064
f 3300 1843 1181
f 4196 6597 1843
f 3301 4064 492
f 3301 492 3819
f 3302 5484 861
f 5896 2498 4674
f 1779 3303 3610
f 765 3303 1779
f 5817 1393 3274
f 5341 1393 5817
f 3305 3408 1628
f 5820 1628 4649
f 5570 3306 4145
f 2868 640 5378
f 3307 4908 3774
f 3307 2122 576
f 3174 3308 589
f 2834 3308 3174
f 3309 1530 5645
f 1530 3309 2880
f 5276 2765 3310
f 2765 5697 3310
f 6164 3311 2197
f 4255 5471 4963
f 3081 3312 1728
f 1728 3312 3047
f 3313 1420 3113
f 5914 6197 5207
f 2498 3314 1121
f 5901 3785 5315
f 1159 1623 3315
f 4268 1623 4979
f 6538 3638 3316
f 1591 4498 7130
f 2943 6406 3317
f 3317 6406 4530
f 2545 1703 3318
f 5380 2545 6440
f 1977 3414 3319
f 6090 2379 6096
f 4451 3320 4201
f 3320 2600 574
f 6375 3321 2244
f 2244 6714 2068
f 3322 2304 4496
f 541 2654 6395
f 859 5389 3323
f 859 3323 5667
f 1267 6901 4197
f 5060 1267 2981
f 3325 3738 1046
f 1046 3127 3325
f 3326 1609 3236
f 6716 1609 3326
f 3327 4540 661
f 5184 3327 661
f 3328 5396 6772
f 1075 3328 6772
f 4606 3329 548
f 548 4828 1175
f 1357 3330 2578
f 1357 1189 3330
f 4291 3331 1871
f 886 5998 3331
f 572 3332 1984
f 1578 6354 572
f 1435 354 3333
f 3333 2618 4078
f 3334 1305 3427
f 5602 1634 1812
f 5829 5529 2777
f 2753 781 3341
f 4125 6144 3336
f 6144 1227 3336
f 3337 1439 3233
f 3337 3233 5572
f 6986 3338 354
f 354 3338 3333
f 3361 2621 3339
f 2621 3436 3339
f 3340 2167 4662
f 522 2167 3340
f 3341 3335 4734
f 3341 781 5829
f 3905 3342 1525
f 1206 3352 3342
f 3343 1692 1955
f 3343 1955 6064
f 1776 4924 3344
f 6900 5626 3344
f 3345 4428 2570
f 3345 2570 379
f 531 3346 6966
f 531 6037 3346
f 619 3347 1942
f 4302 1942 3347
f 6227 4172 6813
f 511 4840 1060
f 6849 3349 4002
f 2972 5003 1289
f 6042 3350 3963
f 5066 2161 3350
f 1653 2720 3351
f 3351 2720 4613
f 3342 3352 1525
f 3352 4085 1525
f 2173 3353 6080
f 5029 3822 6080
f 3354 1535 4675
f 1533 7077 6051
f 1017 3355 1995
f 5688 3355 1017
f 4386 1721 3356
f 1721 3306 5570
f 2476 3371 3357
f 2867 2476 3357
f 3358 6636 843
f 1633 3358 843
f 7077 1535 3354
f 7077 5735 1535
f 3360 5197 1789
f 3667 1469 4262
f 3771 3361 1033
f 1033 3361 3339
f 3362 895 6091
f 3362 6091 6082
f 639 6328 3363
f 3363 6328 2162
f 2675 3364 2678
f 809 3364 2675
f 3365 1395 3223
f 5564 3692 1395
f 1308 3366 2698
f 2716 4989 1308
f 4762 3367 3500
f 3367 1531 3431
f 1410 6286 6290
f 6286 6655 5853
f 6147 2654 3369
f 6232 3527 2654
f 3370 1578 4990
f 3370 5880 2751
f 3357 3371 4478
f 3371 2411 996
f 3372 5659 1953
f 2083 3372 1953
f 6403 2778 1926
f 6403 1926 3177
f 5317 1847 3374
f 1847 5872 5035
f 4765 3375 6301
f 6303 343 4271
f 2770 3376 2063
f 6619 6416 1494
f 3091 3377 1799
f 1799 3377 3826
f 3378 624 1145
f 3465 1145 3063
f 3237 4000 3379
f 5620 3379 976
f 6418 3380 786
f 786 5605 2537
f 3381 2145 1544
f 2500 3381 4447
f 4694 3382 2716
f 6165 3622 350
f 789 6490 3383
f 2290 4391 7009
f 3384 3564 4129
f 5009 947 3384
f 3385 999 474
f 3385 1318 999
f 5646 3386 4081
f 1339 5968 6229
f 4374 3387 2024
f 2024 3387 6340
f 3388 1175 4581
f 548 1175 3388
f 420 3389 755
f 3389 2260 3399
f 6596 3390 1454
f 6220 1722 1454
f 2827 5560 3391
f 3391 1291 3128
f 579 3392 6229
f 579 5318 3392
f 3393 2616 1519
f 1192 3701 3862
f 3394 4710 655
f 3394 6487 1222
f 3395 2243 799
f 5335 3395 5632
f 3385 474 3396
f 3396 474 3217
f 3397 1307 3153
f 3397 3153 815
f 1321 814 3398
f 3398 814 2959
f 755 3389 3399
f 5291 5157 4339
f 3183 3400 6548
f 3183 5042 3400
f 3401 524 1654
f 4506 2311 3401
f 3402 397 5014
f 4003 397 6481
f 2811 3403 1127
f 3403 1046 1127
f 5345 3404 1221
f 3404 773 1221
f 545 3405 1678
f 545 2825 3405
f 1747 3406 4791
f 2721 3406 6161
f 6037 3407 3346
f 1240 6657 2382
f 3408 599 1628
f 5119 2915 6667
f 3409 4427 1260
f 6097 1094 6369
f 1411 929 3410
f 4057 3410 6686
f 847 2052 3411
f 2052 2466 3411
f 4988 2679 3412
f 3412 6271 6593
f 66 248 6008
f 5996 6001 248
f 1460 3414 989
f 3319 3414 1460
f 3415 3298 518
f 6552 3415 518
f 6039 3416 1760
f 3416 987 4411
f 4343 6557 3417
f 6947 4343 3417
f 3583 403 3418
f 308 3580 1204
f 3418 698 3419
f 4051 2292 3880
f 4384 3749 3420
f 761 1656 6358
f 1685 3421 1074
f 5344 4256 6384
f 3422 1886 5185
f 4642 2749 1886
f 4764 1399 3423
f 866 1417 6289
f 3424 2132 467
f 3424 467 5322
f 3425 5358 3068
f 4767 3425 3068
f 3426 2548 7079
f 5033 4271 2548
f 3334 3427 6486
f 3427 1516 6486
f 4634 3432 3428
f 4181 4634 3428
f 3429 4314 1672
f 3429 1672 4767
f 2192 3430 1551
f 5658 3510 6055
f 3367 3431 4340
f 1511 4346 1481
f 5466 1793 266
f 5083 1793 5466
f 6556 3433 3550
f 843 6636 6556
f 1106 2805 3434
f 1106 3434 1163
f 5121 3435 2781
f 1354 4771 3435
f 2621 841 3436
f 3873 5008 841
f 5282 3437 4207
f 2361 980 3437
f 2245 4121 6017
f 6017 1352 3653
f 6640 3439 2240
f 1780 3439 6640
f 3365 1536 3440
f 6612 2543 3440
f 1863 3441 5576
f 3441 3979 756
f 3442 5039 307
f 3442 3772 5844
f 971 3443 3872
f 3443 4415 1220
f 349 3444 2574
f 5108 3444 6431
f 4222 3445 7120
f 3445 5642 1563
f 1734 3446 4052
f 301 4052 3446
f 3447 1976 2302
f 3370 4990 5880
f 1911 3448 757
f 757 6677 2487
f 378 4977 3449
f 1570 378 3449
f 6099 3450 4861
f 5072 3450 1558
f 6831 2025 6215
f 5046 3169 1878
f 1724 3452 5270
f 1731 6766 4721
f 3453 2537 4868
f 6061 2537 3453
f 2465 3454 423
f 6005 6533 4186
f 3455 5981 509
f 1208 2248 6337
f 3456 1058 4840
f 2712 1058 6931
f 5465 5951 3457
f 2377 7086 1615
f 3458 425 5856
f 5974 3458 2299
f 3459 6610 1351
f 1351 4287 3459
f 3460 6348 3464
f 1502 4906 5000
f 3461 1385 5762
f 3461 1328 1385
f 6397 3462 3007
f 1351 6610 3475
f 5143 3463 1132
f 2219 1132 3463
f 5000 3460 3464
f 3464 5367 498
f 3378 1145 3465
f 4776 3378 3465
f 2242 1186 5910
f 6532 2242 5910
f 2753 960 3467
f 3424 5322 5337
f 5835 4920 4442
f 5835 389 4920
f 820 1239 3469
f 5057 348 820
f 3470 6380 4482
f 635 5255 5264
f 1603 3471 5841
f 7061 6278 743
f 1177 1754 3472
f 1177 3528 2035
f 3945 3473 5696
f 5833 911 718
f 3474 1524 6628
f 6978 3346 4939
f 3475 509 5981
f 6610 6397 3475
f 6950 3476 1970
f 1547 4327 5232
f 2910 1320 3477
f 1320 3007 4586
f 2704 3478 4315
f 3478 2704 575
f 1718 3479 753
f 6162 3479 3146
f 2912 3480 279
f 4922 3304 4200
f 3481 2626 6079
f 5629 2626 3481
f 3482 1167 1858
f 5836 1858 6884
f 3483 1123 4835
f 6366 4087 1123
f 3484 6324 2477
f 5134 3484 2477
f 4919 2426 3485
f 3485 2426 4212
f 6874 3486 5666
f 7097 4576 6874
f 1024 6337 3539
f 1024 5971 5505
f 930 398 3488
f 3488 1170 4555
f 5971 3489 2322
f 2322 3489 3581
f 3490 5257 1609
f 5479 1928 5239
f 1315 1336 3491
f 3924 1315 5234
f 2815 3492 7047
f 6760 2815 6771
f 6716 595 2858
f 595 6716 3326
f 3494 839 2524
f 5275 3494 6575
f 1263 3412 3495
f 7105 3495 3020
f 230 1969 3496
f 3514 6113 6372
f 967 6363 3497
f 967 3497 2097
f 3498 5722 2823
f 5722 3498 5814
f 3387 3499 6340
f 6497 2198 6833
f 1352 618 3500
f 618 4762 3500
f 3501 5970 3276
f 3501 3276 6786
f 4221 1423 3502
f 6439 1423 539
f 3503 409 1173
f 3047 4092 3503
f 3504 5489 5401
f 5176 605 4987
f 2357 5142 3505
f 1419 2357 7023
f 6722 1534 3506
f 6198 4886 1534
f 629 3507 3509
f 3507 2334 788
f 3508 4783 272
f 3514 2659 6113
f 3509 3507 788
f 1688 3509 788
f 3510 4812 1807
f 6055 3510 1807
f 3338 6986 3511
f 6172 3511 6986
f 7132 2735 3512
f 2458 3512 1223
f 4966 3513 4471
f 2119 744 3513
f 2659 3514 3496
f 3496 3514 6372
f 760 2271 3515
f 6093 3515 2271
f 1237 3516 2616
f 3516 1519 2616
f 3517 774 2384
f 5036 6588 4544
f 875 3518 3081
f 3081 3518 3312
f 3519 705 506
f 4074 506 2220
f 2212 3520 419
f 6998 5359 3520
f 4046 6709 3521
f 812 1417 3521
f 3522 2304 3322
f 4626 5847 2304
f 3523 3955 4746
f 3523 5408 3955
f 2572 3524 1462
f 1462 3524 3303
f 3525 2093 2812
f 2239 3525 4632
f 5683 729 3526
f 1733 2037 5477
f 3527 3369 2654
f 3369 4746 1128
f 3472 3528 1177
f 6635 3472 3702
f 3230 3529 6485
f 5855 225 752
f 4923 3530 3254
f 3245 3530 1575
f 5055 3531 1939
f 3531 2995 1939
f 1463 267 3532
f 1463 3532 6321
f 3533 2130 4951
f 3533 4699 2130
f 3534 2529 449
f 3534 19 2529
f 5399 3535 1284
f 6987 1920 4374
f 3536 1131 1444
f 3536 1444 3085
f 1576 3537 3195
f 4640 2218 6664
f 6392 1243 3538
f 1751 6732 1243
f 3487 5971 2322
f 5505 5971 3487
f 3540 1566 4357
f 872 1034 5174
f 3541 5316 4311
f 3599 1244 4416
f 3542 4371 267
f 1463 4389 267
f 6872 5463 764
f 5463 1429 764
f 2672 6872 3544
f 3544 6872 764
f 4374 7007 3545
f 5755 7030 3545
f 3085 1444 3546
f 1349 3085 3546
f 6408 1118 2885
f 6408 2460 1118
f 2176 3548 4998
f 2176 408 3548
f 2214 3549 1203
f 3269 5181 3549
f 1042 4465 3550
f 3550 651 1042
f 3551 1973 5360
f 3448 3551 298
f 1079 2186 3552
f 5839 5478 6048
f 3553 436 2473
f 3553 6253 4909
f 1186 3554 3466
f 4225 4724 6155
f 2403 1293 3555
f 3555 3999 2403
f 2210 3997 3556
f 613 2210 3556
f 2426 6549 1975
f 1975 4027 1832
f 1056 5160 3558
f 3910 1056 3558
f 5606 1812 3559
f 4275 4750 1812
f 3000 3560 1363
f 405 1363 3560
f 3561 1263 366
f 3561 4040 2295
f 3562 2613 1028
f 1028 1208 3562
f 1213 3556 3563
f 1213 5636 1809
f 947 3564 3384
f 947 774 3564
f 3565 1406 5987
f 5988 1537 2369
f 1362 3566 2022
f 2022 3566 3583
f 3567 4781 2147
f 4597 5021 3567
f 6149 501 3164
f 2975 501 6149
f 3569 2139 2134
f 4809 5796 2134
f 2936 3570 1717
f 2936 1795 4765
f 508 995 3571
f 3573 7098 995
f 4665 4845 2580
f 2580 4845 4391
f 1100 1934 3573
f 1934 7098 3573
f 3574 887 3658
f 6237 2444 887
f 3584 3575 5717
f 3673 3575 734
f 3576 1150 1219
f 4773 2607 1150
f 585 3577 2557
f 5377 3577 585
f 3578 6350 4682
f 763 1500 3578
f 966 3579 3646
f 966 3036 3579
f 3580 3418 3419
f 3583 3418 3580
f 3581 868 3484
f 3489 868 3581
f 4473 3582 1310
f 3582 3974 5671
f 2022 3583 308
f 3583 3580 308
f 3575 6033 734
f 6033 2550 734
f 3585 4297 1234
f 3004 6103 1234
f 3586 4116 2294
f 3268 3586 2294
f 5556 3587 7078
f 3066 3587 1505
f 1194 3588 4244
f 1348 3588 1194
f 4461 3589 1374
f 3102 1374 3589
f 3259 3590 615
f 5989 2365 615
f 3209 3591 1170
f 3591 3209 1508
f 3592 708 3560
f 5713 708 4975
f 706 1549 3593
f 4778 1388 706
f 2596 503 3594
f 3594 5876 2596
f 3595 1207 1587
f 3363 6495 6334
f 1586 1310 6729
f 1310 3582 5671
f 429 3597 2527
f 6781 4674 2527
f 3598 2464 421
f 5563 5173 4725
f 2258 3541 6071
f 3541 1244 6071
f 5995 1745 6415
f 1745 1749 6415
f 3601 695 2906
f 906 695 3601
f 3602 6623 1249
f 4795 1249 6373
f 3603 2158 6882
f 4209 2158 3603
f 1968 703 3604
f 703 4779 6644
f 6756 2154 3605
f 3605 3946 4404
f 3606 5609 6798
f 4514 1482 6821
f 4263 5440 2224
f 5440 3768 7063
f 3608 769 5220
f 3887 3608 2336
f 5336 5777 2569
f 6911 5336 2569
f 3051 1362 3610
f 3610 1362 2022
f 3611 2543 5158
f 3063 6629 597
f 1689 976 3612
f 4471 6015 4966
f 3082 3613 985
f 985 3613 5750
f 3614 6483 3144
f 6483 3614 4800
f 945 2958 3615
f 2958 1722 3615
f 3616 1834 2291
f 3664 2291 1295
f 3618 3617 2788
f 3617 4907 2788
f 3618 1715 274
f 3618 274 3617
f 1022 3619 3089
f 6862 1078 6146
f 3620 5200 6185
f 785 2221 3620
f 3621 1924 6479
f 4592 1924 3621
f 3382 4694 3622
f 3382 3622 7102
f 3623 1548 2465
f 5355 1548 3623
f 2875 2233 3624
f 3624 2233 1076
f 4832 1921 3625
f 3625 5979 2226
f 3626 4856 930
f 5912 2247 4856
f 3627 2928 6741
f 1929 4494 3627
f 1355 6261 3628
f 3633 3628 4249
f 956 3629 1877
f 4251 4660 1877
f 6819 7090 3630
f 5289 6819 3630
f 2205 4013 4601
f 4601 4013 7033
f 6472 1228 3632
f 4755 5492 1576
f 1355 3628 3633
f 2011 1355 6598
f 3634 2181 4282
f 5411 2181 3634
f 457 3635 3170
f 457 3625 3635
f 2973 1888 3636
f 1480 2973 3636
f 6093 2271 3637
f 721 1126 3637
f 1360 3638 6538
f 1360 6009 3638
f 4931 6893 3639
f 6367 3639 6893
f 3640 5431 2061
f 3640 2061 4434
f 2502 3641 348
f 3641 820 348
f 3642 2838 1424
f 3308 3642 1424
f 3643 3186 1516
f 3427 3643 1516
f 2155 3644 1907
f 4408 3644 3639
f 2767 2763 3645
f 3645 5334 1732
f 3646 1112 966
f 1112 3646 3686
f 2941 871 3647
f 2941 3647 1013
f 6612 4354 3648
f 1153 1534 6722
f 6202 3649 433
f 2111 433 3875
f 4148 5990 3650
f 943 6508 5875
f 1866 1627 3651
f 6611 2057 4863
f 2715 540 3652
f 3652 540 6050
f 399 3653 3083
f 399 6017 3653
f 5502 6229 3654
f 1742 3654 424
f 3655 1680 439
f 4630 3655 439
f 3656 1402 1736
f 1402 3656 6109
f 421 2464 3657
f 3657 2464 3873
f 7118 3574 3658
f 2367 3658 2418
f 3659 3133 942
f 3659 942 2038
f 3236 2430 7088
f 3326 3236 7088
f 6747 3661 5095
f 6291 3661 1856
f 3662 3875 1261
f 3662 1261 4772
f 3663 646 7080
f 3663 3248 1255
f 3616 2291 3664
f 334 3616 3664
f 1562 1426 3665
f 5253 801 6956
f 1724 3666 3452
f 3666 1724 3178
f 3242 1862 3667
f 1862 1469 3667
f 4593 1621 3668
f 5720 1621 5068
f 1060 3669 3704
f 1960 3669 5630
f 263 3670 264
f 3670 263 89
f 3671 6672 940
f 2439 3671 940
f 3672 616 276
f 3630 616 4711
f 3575 3673 1565
f 5891 1565 3673
f 2842 3674 6435
f 3674 6679 343
f 4257 3675 1980
f 3675 5886 1980
f 1250 3676 2508
f 2508 3676 4285
f 3677 1884 276
f 1884 6364 7060
f 7005 3678 6231
f 2870 5432 7005
f 3679 6413 5838
f 5392 4087 1800
f 2503 3680 860
f 4388 5698 7112
f 3681 6787 804
f 4449 804 2193
f 3682 1230 2346
f 2346 5178 3682
f 3683 2832 1492
f 4801 460 2832
f 1428 4100 3684
f 4424 1428 6724
f 3685 1925 3681
f 588 1925 3685
f 5491 3686 2355
f 3646 2355 3686
f 3565 884 3687
f 3687 884 2183
f 535 5675 3688
f 7099 535 4198
f 3241 1047 3689
f 1047 5596 6258
f 3690 4899 5994
f 1211 3690 2438
f 6899 3691 2761
f 3691 6013 2761
f 5564 321 3692
f 3692 321 4502
f 4010 3693 1210
f 4912 6904 1210
f 3694 573 951
f 3694 951 5624
f 6970 3695 1592
f 1592 3695 1468
f 7035 3696 2849
f 1250 2508 3696
f 665 3697 836
f 5021 5743 3702
f 5210 3698 342
f 342 3698 3067
f 3699 3483 356
f 6366 1123 3483
f 3700 6060 416
f 3700 416 1923
f 3393 3862 3701
f 3393 3701 1684
f 4191 3702 665
f 3702 5743 665
f 1492 2832 3703
f 1492 3703 4979
f 1087 3704 6747
f 3107 3704 6736
f 2333 3705 7072
f 7072 3705 591
f 3706 2239 5480
f 5673 714 2239
f 1692 3707 6887
f 1285 3707 1692
f 3708 7026 4724
f 6264 3708 4724
f 1080 3709 603
f 5933 603 4761
f 5288 3710 5294
f 5294 5085 6311
f 3186 3711 578
f 3711 5393 578
f 3491 3712 1982
f 1982 6021 1053
f 2752 3713 2707
f 2707 3713 184
f 3714 1119 1711
f 4489 3714 2489
f 906 3715 5293
f 3715 906 551
f 3724 3716 2177
f 3716 4702 6130
f 5534 3717 3274
f 1375 4690 3717
f 658 6424 5506
f 5506 6424 3161
f 230 3719 3508
f 3496 3719 230
f 3720 3735 561
f 6590 3729 4726
f 1771 2722 3721
f 3721 4799 515
f 2214 1203 3722
f 2214 3722 5770
f 3723 1135 6401
f 6674 3723 340
f 2708 374 3724
f 3724 4702 3716
f 3725 865 5850
f 6365 2236 865
f 1135 3726 4010
f 3723 6674 1135
f 3727 5511 1582
f 3718 5511 3727
f 2730 1914 3728
f 6662 2182 6599
f 3729 6357 561
f 4766 6357 3729
f 3730 1847 5317
f 2030 4311 5316
f 3731 3586 1293
f 5295 1293 2403
f 3732 1648 5153
f 6800 1648 3732
f 3733 3740 5681
f 3733 6277 1727
f 2686 3734 5123
f 644 3734 2686
f 3735 1357 5776
f 561 3735 5776
f 4328 391 3736
f 6759 5621 3349
f 3868 3737 1237
f 3516 1237 3737
f 3738 3067 765
f 3738 765 2521
f 5894 3739 2111
f 2541 2111 3739
f 1727 606 3740
f 3740 3733 1727
f 3741 5472 3299
f 6255 1867 5137
f 2521 3886 3742
f 3738 2521 3742
f 4916 3743 1526
f 1526 3743 2798
f 981 3744 4553
f 1956 2615 5915
f 4758 680 3745
f 3745 6344 2085
f 3746 1810 853
f 5859 3746 2895
f 5673 3747 714
f 3747 5732 714
f 3748 1014 3750
f 5618 5902 5107
f 761 6358 3749
f 761 3749 6014
f 3750 1479 3292
f 3748 3750 3292
f 3751 593 2630
f 3751 440 6695
f 1254 4849 3752
f 6336 5189 1254
f 3753 1667 983
f 2019 6613 6708
f 1784 3754 1436
f 7040 1436 3754
f 4011 3755 2951
f 842 3755 5925
f 3756 3994 1798
f 3760 1798 1049
f 3757 2534 5081
f 2623 3757 1026
f 2881 3758 5589
f 6763 3758 2881
f 981 3759 3744
f 5958 981 503
f 3756 3760 2828
f 1798 3760 3756
f 3761 4131 1541
f 3761 1541 4969
f 3762 5513 6896
f 3762 4846 3765
f 775 1418 3763
f 6279 5672 4549
f 5684 1726 3764
f 5924 1726 4403
f 3762 3765 5513
f 3765 3438 1441
f 3766 2450 2101
f 6117 2450 3766
f 3767 6225 2086
f 4891 1865 3767
f 3119 173 3768
f 1 3119 3768
f 2338 3769 2317
f 2968 2317 6317
f 3770 1274 1644
f 1274 5243 6405
f 1195 3214 3771
f 3214 3778 3771
f 307 3772 3442
f 3772 307 2546
f 1839 447 3773
f 447 6632 3773
f 3774 530 5062
f 5062 6205 3774
f 4964 2441 3775
f 4824 6339 2441
f 5757 3776 2604
f 2604 3776 4063
f 3777 2726 5976
f 5302 2726 3777
f 589 3860 3778
f 3214 589 3778
f 6045 4109 3779
f 7131 2586 3779
f 4624 6182 4177
f 4170 4177 6182
f 4179 115 7127
f 4179 3861 4157
f 1204 3782 3838
f 1204 3580 3782
f 5087 3783 3252
f 3252 3783 2001
f 2731 5668 3784
f 5668 525 4712
f 3785 4464 1217
f 3785 1217 5315
f 1786 3786 2266
f 3786 1786 4658
f 5448 1429 3787
f 3787 1429 5463
f 748 5165 3788
f 748 6663 2684
f 6046 3096 3789
f 1758 3789 3647
f 2417 3790 2327
f 5263 2417 1302
f 2766 3791 1748
f 6040 3915 6929
f 3792 3784 1039
f 3792 1039 5892
f 2684 3793 748
f 2684 5271 3793
f 5333 5225 2027
f 2027 4963 5333
f 938 3795 550
f 550 3802 2259
f 3796 1122 1031
f 2330 3796 1031
f 3797 2356 4328
f 3797 5011 2356
f 4759 3798 2550
f 2550 6886 6892
f 3799 4399 5981
f 4005 2271 4905
f 1783 4128 3800
f 6139 3800 1635
f 6999 4250 6877
f 1288 6877 3206
f 3795 758 3802
f 3795 3802 550
f 6452 1803 2492
f 3808 1803 5653
f 3804 1567 382
f 3661 6310 6675
f 2622 4360 3805
f 2622 3805 1679
f 3806 7074 2858
f 4113 7074 3806
f 766 3807 2978
f 3807 5060 2978
f 466 3824 3808
f 6448 3291 466
f 3809 3027 1993
f 3027 3809 1414
f 4100 3810 2454
f 2454 3810 2445
f 6455 3811 3807
f 3811 1947 5429
f 395 1233 4254
f 1233 437 4254
f 3813 1859 827
f 2773 4520 4522
f 3814 6459 6702
f 6380 3814 6702
f 2783 3815 6084
f 2783 813 5799
f 275 3816 5604
f 275 6201 3816
f 4480 2483 3817
f 7001 2483 3812
f 3818 778 5801
f 4511 778 6098
f 4171 3819 933
f 3819 6204 933
f 848 3449 3820
f 1125 6754 6758
f 6727 1816 5586
f 2907 1816 6727
f 5029 1103 3822
f 3822 6756 3605
f 2419 2737 3823
f 2737 1062 3823
f 1803 3824 5009
f 1803 3808 3824
f 4254 1696 3825
f 1696 2619 3825
f 3826 404 4642
f 1215 404 3826
f 4407 2953 3827
f 5667 2769 1974
f 5984 3828 6988
f 6988 5473 437
f 3829 3609 6911
f 3829 6911 4164
f 3830 1321 2246
f 6952 6402 3830
f 1181 5109 3831
f 6542 3831 5577
f 1392 6810 3832
f 2199 917 6030
f 1674 1687 3833
f 5594 1674 6907
f 2194 3834 1000
f 6402 6952 1000
f 486 3835 6914
f 3835 1425 6914
f 3145 3836 1268
f 829 3836 3145
f 2920 3837 5531
f 2920 2510 3837
f 1204 3838 2653
f 2653 3838 1195
f 3839 1451 1512
f 6753 4244 1512
f 898 1503 3840
f 3150 898 3840
f 4526 3093 3841
f 3841 3093 4432
f 3842 1822 4754
f 3842 6169 3855
f 2835 3843 542
f 3843 2238 542
f 3844 3076 1846
f 6244 6256 1253
f 6267 6276 3845
f 3845 6888 1941
f 2792 3846 2047
f 2047 3846 5005
f 5246 3847 1262
f 3847 6227 1262
f 1290 3848 2696
f 6153 3848 1290
f 6870 3849 6262
f 3320 6262 3849
f 2758 3850 6506
f 6879 5703 1343
f 3851 2502 2603
f 951 3851 5624
f 2131 3852 6576
f 3852 6353 1820
f 1273 3853 427
f 4377 427 6827
f 3854 2034 359
f 2354 5597 4843
f 3855 4776 1822
f 3842 3855 1822
f 3856 2869 2265
f 2867 2869 3856
f 1357 3857 1189
f 5084 456 1189
f 347 2901 6791
f 2646 347 5868
f 406 961 3859
f 7026 961 4724
f 3860 2860 1805
f 3860 1805 3361
f 3861 7121 4157
f 4179 7127 3861
f 3393 1519 3862
f 1519 5008 3862
f 3861 3863 7121
f 7127 115 3781
f 3864 6207 2924
f 6854 3864 5528
f 5574 880 3865
f 4226 880 4982
f 3578 1500 3866
f 1500 307 5039
f 3867 2052 847
f 3867 847 1690
f 3868 3889 3737
f 2653 1195 3894
f 3869 2231 282
f 5588 282 3585
f 3870 2924 4202
f 3870 3864 2924
f 7014 2168 3871
f 6474 6477 3867
f 3443 798 3872
f 798 5877 3872
f 1192 3873 2464
f 1192 3862 3873
f 3874 1114 6136
f 6631 2174 3678
f 3875 3649 1261
f 433 3649 3875
f 5035 759 3876
f 759 3045 4622
f 3877 7014 3871
f 4070 1347 3877
f 3878 1227 6568
f 4768 3878 3577
f 2423 3879 4986
f 3879 2717 5481
f 3419 698 3880
f 3419 3880 2834
f 1620 3881 3876
f 3021 3881 1620
f 706 3882 1549
f 1549 7045 2402
f 4161 3883 1616
f 6398 4813 3883
f 6349 3884 4296
f 4185 4889 3884
f 4912 5867 2784
f 4410 2078 2784
f 3886 528 3742
f 3886 3868 528
f 443 6152 3887
f 3887 7059 3608
f 1199 1644 3888
f 1199 3888 4304
f 1195 3889 3894
f 1195 3771 3889
f 3890 6151 1945
f 3277 3890 6052
f 6990 7072 591
f 6990 591 5215
f 1595 4448 3892
f 3484 1595 6324
f 3893 2500 6878
f 6371 4712 2500
f 3886 3894 3868
f 3894 3889 3868
f 2369 3895 4522
f 2884 3895 2369
f 1912 3896 5805
f 5599 1912 517
f 893 3897 4959
f 3582 3897 3974
f 6865 3898 4714
f 6178 3898 6865
f 3899 4069 2070
f 3899 6843 3958
f 3900 4906 1502
f 6180 3900 1502
f 2324 3901 1264
f 1264 3901 891
f 1230 3682 3902
f 6563 3902 5167
f 1717 6913 3903
f 3801 5208 3903
f 6592 6184 1305
f 6592 1305 5274
f 365 3905 3045
f 365 3342 3905
f 1400 803 3906
f 3906 803 2633
f 588 3907 2511
f 3685 4618 588
f 1063 3908 4532
f 6915 3914 6036
f 6750 6083 1133
f 6750 2128 562
f 2106 1056 3910
f 5790 3910 4823
f 3887 644 3911
f 2071 3911 644
f 3912 5522 5155
f 3912 3362 6082
f 1147 3913 6312
f 4647 3913 1147
f 6356 3470 3908
f 1063 6356 3908
f 876 3915 6040
f 6847 2662 3915
f 965 3916 394
f 3279 5969 5405
f 1909 3917 7021
f 914 3917 4348
f 581 3918 2886
f 1257 3918 581
f 3919 3904 650
f 650 1176 4111
f 3920 4900 1844
f 6018 1844 3311
f 3504 2088 5489
f 2088 579 5489
f 1150 3922 1219
f 6910 2353 1219
f 3009 3923 1232
f 1232 5172 4640
f 1872 3924 2210
f 1872 2515 4333
f 3925 7108 1659
f 2247 3925 4856
f 3176 3926 2053
f 2053 3932 3530
f 782 4995 3927
f 1722 782 3927
f 5977 1950 3928
f 3928 1950 1273
f 4566 1788 3929
f 1788 5887 3929
f 1664 3930 3283
f 1664 1097 3930
f 4699 3931 3790
f 3931 564 5501
f 3926 3932 2053
f 2963 3932 3926
f 464 3933 6009
f 6009 5578 2332
f 684 2203 3934
f 5433 5742 2536
f 1175 3935 1839
f 1839 6527 447
f 3936 2057 1639
f 1639 5578 6784
f 3937 2193 5061
f 4449 2193 3937
f 1236 3938 5229
f 2865 6615 4969
f 3939 3762 6896
f 2072 1452 6111
f 3940 1910 7096
f 2077 1867 6255
f 3033 738 3941
f 738 2452 5280
f 4041 3942 3745
f 1707 1898 3942
f 6278 889 3943
f 5756 889 5781
f 1097 3944 3930
f 5192 2244 3944
f 6288 3473 3945
f 1827 4405 5726
f 2154 3946 3605
f 2154 4606 3946
f 1551 3947 915
f 915 3947 6005
f 1322 4525 3948
f 7079 2548 1322
f 3949 2921 2051
f 2068 6562 4677
f 3950 2018 5177
f 6199 2469 2018
f 3951 6260 2
f 3537 3951 2
f 789 3383 3952
f 3952 3383 2817
f 991 3953 2887
f 6140 5995 991
f 5425 3954 1855
f 3814 1855 5183
f 4746 3955 1128
f 3955 5967 1128
f 6830 6120 3956
f 1383 3956 1109
f 302 2008 3957
f 3957 5131 1654
f 3958 6843 4804
f 5615 3958 4804
f 3959 2954 5766
f 1333 2954 3959
f 3960 2883 1252
f 3960 1252 3777
f 1336 3961 3491
f 1334 5952 6130
f 6177 3962 6793
f 6808 6177 716
f 2161 5892 3963
f 3350 2161 3963
f 2873 3964 1105
f 3996 1582 3964
f 1105 3977 2873
f 3990 1105 5094
f 3973 5289 3966
f 3966 5289 3630
f 1216 2033 3967
f 2033 6086 3967
f 666 1154 3968
f 666 3968 1705
f 2772 3969 1422
f 1422 3969 2946
f 1183 2969 3970
f 2969 6206 3970
f 1136 4124 3998
f 3996 5170 1124
f 3972 5575 1705
f 1705 3968 3972
f 1824 3973 3966
f 476 3973 1824
f 3974 3897 893
f 3974 893 927
f 2255 566 3975
f 3975 1442 2255
f 2136 3976 5216
f 4572 3976 2136
f 2873 3977 4644
f 3965 3990 3971
f 1003 3978 3207
f 612 3978 6454
f 3441 3146 3979
f 3146 6941 3979
f 5446 3980 7035
f 6216 773 3404
f 1120 3981 5435
f 6025 3981 1120
f 3982 2914 2138
f 3982 2138 3980
f 4940 5719 6651
f 264 5740 3995
f 3984 1828 5335
f 542 1828 3984
f 6692 3985 358
f 3985 4216 5504
f 2638 4007 3986
f 3986 1387 3353
f 3987 6123 1960
f 1058 3987 1960
f 3988 3984 5335
f 3988 1389 5382
f 1642 3989 2673
f 1642 5626 6900
f 3990 4631 6639
f 3990 3977 1105
f 3991 4425 5939
f 1182 2035 5188
f 3992 2171 5706
f 3992 2830 5230
f 3993 1067 5685
f 3993 2614 1067
f 3994 599 3408
f 3408 1798 3994
f 4940 6651 3995
f 6638 3983 1523
f 3996 3964 2873
f 3996 2873 4644
f 3563 3997 1990
f 3997 939 5241
f 3990 3998 3971
f 3971 5170 3996
f 2697 477 3999
f 6816 2403 3999
f 4000 976 3379
f 4000 3612 976
f 4001 1529 1570
f 5409 6041 2853
f 4002 3280 454
f 454 1004 4981
f 1951 806 4003
f 806 6343 4003
f 4004 946 1736
f 6391 1501 946
f 4005 4399 3799
f 4446 4005 3799
f 2431 354 4006
f 2622 6602 354
f 3986 4007 1387
f 4007 2953 1387
f 1438 4008 2685
f 4008 4698 2303
f 4951 4009 2768
f 2768 6540 590
f 4010 1210 2579
f 4010 2579 4603
f 4011 5925 3755
f 2176 1840 4011
f 6855 2087 4012
f 6855 4012 3897
f 4013 4018 3631
f 7033 4013 3631
f 723 1492 6519
f 3780 723 4624
f 3261 6409 4015
f 4015 1278 6816
f 4016 1015 5747
f 3723 4397 4393
f 1116 4017 2903
f 4017 5748 3606
f 4013 1624 4018
f 4018 6858 3631
f 1092 5488 4019
f 3613 1092 4019
f 379 2570 4759
f 2127 379 4759
f 1624 6858 4018
f 7058 6858 6127
f 2746 4022 1102
f 1102 4022 3184
f 4023 1198 1846
f 3076 4023 1846
f 4024 6545 4833
f 5273 1811 1808
f 4025 5244 1107
f 5814 1107 4706
f 4026 2482 3023
f 4026 3023 1712
f 1975 3557 4027
f 4027 3557 6817
f 5629 3481 4028
f 1158 1487 4946
f 2977 4029 762
f 5980 6524 762
f 1229 2552 4030
f 1229 4030 5211
f 4031 2972 751
f 2928 4031 751
f 4032 5837 4037
f 6409 4032 2283
f 2376 4033 990
f 5211 4030 5567
f 4034 851 5664
f 1984 851 4034
f 1283 5045 4035
f 2539 4871 6022
f 1621 1757 4036
f 6731 1757 2375
f 2283 4037 631
f 4032 4037 2283
f 4038 582 6700
f 3212 4038 1365
f 3796 4039 1122
f 3940 1122 4039
f 366 842 4040
f 4040 3561 366
f 1707 3942 4041
f 1707 4041 6809
f 6514 4764 4042
f 2374 1161 4042
f 4043 1160 2940
f 6219 2940 4779
f 1164 809 4044
f 2675 6239 809
f 3280 1539 4045
f 6287 6953 4045
f 536 2253 4046
f 6597 6648 1843
f 6903 4047 2703
f 2703 4047 948
f 5191 2322 4048
f 519 5120 5197
f 3141 4049 1253
f 4972 4049 3141
f 4050 6983 520
f 6618 3546 694
f 698 4051 3880
f 1787 4051 698
f 4052 1455 390
f 301 1455 4052
f 4053 1564 6049
f 6410 1564 4053
f 1307 4054 3153
f 4054 1307 2272
f 948 2747 4055
f 6671 948 4055
f 3067 4056 765
f 3698 4056 3067
f 6686 2012 4057
f 6805 4057 7125
f 7094 5054 4058
f 1585 1661 7065
f 6555 2337 4059
f 2337 1983 5725
f 4342 4060 1835
f 4060 5203 1835
f 4061 2903 664
f 4061 664 4946
f 1166 4062 573
f 6626 4062 1166
f 601 2604 4063
f 601 4063 5939
f 4118 1585 4064
f 1585 7065 4064
f 1552 2141 4065
f 6752 2141 3043
f 4070 3877 4066
f 1344 4671 4667
f 4043 4067 1160
f 1160 4067 4770
f 4585 4068 3194
f 1586 6729 4068
f 4069 3121 2070
f 5163 310 3121
f 2010 4070 1344
f 1344 4070 4066
f 4050 4071 3149
f 1741 3149 4071
f 4072 2309 1202
f 6114 4072 1581
f 5717 1433 4073
f 4073 1433 3258
f 1560 3519 4074
f 506 4074 3519
f 3562 1208 4075
f 1208 6337 4075
f 4076 935 4269
f 4104 935 4076
f 3100 4077 4151
f 3100 3920 4077
f 3333 4078 1435
f 1435 4078 4360
f 2948 5135 4079
f 3092 6973 5638
f 1976 5664 4080
f 2302 1976 4080
f 4081 2556 5284
f 2556 4081 1044
f 4082 5866 452
f 4087 452 5121
f 1601 5922 4083
f 1601 4083 5832
f 1148 3250 4084
f 3250 1019 4084
f 4403 4085 5924
f 4085 403 3566
f 5160 2986 4086
f 4086 2986 607
f 4082 452 4087
f 4082 4087 5392
f 2651 938 4088
f 4088 938 550
f 543 4089 2925
f 1062 4089 543
f 4090 1011 3222
f 4090 6411 6993
f 579 6229 4091
f 579 4091 5489
f 409 3503 4092
f 4092 3294 409
f 4093 1956 4613
f 2615 1956 4093
f 4094 2641 1763
f 4939 4094 1763
f 3014 1443 4095
f 3809 6842 1443
f 7017 2433 4518
f 1011 4090 7017
f 5516 4097 5510
f 4097 5516 3114
f 2504 4098 1829
f 4098 6051 1829
f 5411 4099 2181
f 4184 6811 997
f 4100 2454 5049
f 1643 4100 526
f 1762 4101 2956
f 1247 4101 1762
f 4587 4102 6187
f 2915 4102 4587
f 4103 4660 1084
f 6786 2972 4103
f 5965 4104 6166
f 935 4104 744
f 3779 4109 4105
f 4105 867 3572
f 5016 913 4106
f 6504 4106 913
f 747 4107 2293
f 6838 3993 5685
f 4108 2937 1474
f 4108 1474 7096
f 4109 5840 867
f 4109 867 4105
f 1849 4110 2893
f 1849 4024 4110
f 4111 6209 3919
f 650 4111 3919
f 387 4112 4276
f 387 2454 4112
f 648 7081 4113
f 4113 7081 7074
f 4132 4114 2270
f 1329 2270 4114
f 4209 955 4115
f 955 3333 4115
f 4116 6964 1139
f 2294 4116 1139
f 4114 4117 1901
f 4612 1901 4117
f 3299 1585 4118
f 3741 3299 4118
f 4119 788 3130
f 4119 3130 3135
f 6652 4120 2803
f 2803 4120 6485
f 4121 1352 6017
f 4121 618 1352
f 5797 4122 2408
f 2408 4122 4124
f 918 4123 4573
f 6559 4974 4123
f 4122 1124 4124
f 4124 1124 3998
f 4125 1432 2932
f 4125 3336 5786
f 3182 4126 670
f 670 4126 846
f 6652 4127 4120
f 1598 6861 923
f 4128 2164 1197
f 2313 2164 4128
f 4129 2142 6176
f 3564 2142 4129
f 4130 4517 5612
f 4130 5612 6642
f 4051 5063 4131
f 1541 4131 2455
f 4114 4132 1089
f 4132 5026 1089
f 290 4484 6625
f 290 6625 596
f 3996 1124 4134
f 4134 1124 5540
f 1102 4680 4135
f 1630 6795 4862
f 3040 6115 4136
f 3040 4136 3869
f 558 402 4137
f 4137 5648 558
f 2353 5553 1664
f 6910 5553 2353
f 3518 4139 2175
f 4264 2314 2175
f 6578 4140 6962
f 1053 4140 6578
f 4141 1841 6744
f 4141 6412 1841
f 4142 1735 2975
f 4142 4730 1735
f 4143 4140 1053
f 1053 6021 4143
f 4144 2524 5308
f 2524 4144 3494
f 4145 5378 640
f 4145 640 346
f 525 3466 4146
f 4712 525 4146
f 4143 4147 6078
f 3712 4147 4143
f 6834 4148 4141
f 5373 4148 1143
f 1899 5006 4149
f 6156 6027 4149
f 4150 3571 1416
f 4150 1416 3226
f 1577 4151 4077
f 5608 4151 1577
f 4152 2992 1066
f 3232 4152 1066
f 5763 4153 2342
f 3811 5429 821
f 4154 4358 544
f 2209 7122 544
f 1431 3054 4155
f 6769 4155 3054
f 4156 608 1508
f 3925 4156 6389
f 4157 2516 177
f 4157 177 4179
f 1963 4158 2115
f 4158 5127 2115
f 4159 5298 1770
f 6696 4159 1770
f 1391 4160 4432
f 5326 4160 1391
f 6723 3883 4161
f 6723 4161 5475
f 5290 4162 1655
f 2334 1655 5210
f 4163 745 2981
f 4772 4163 2981
f 3829 4164 1679
f 4164 2622 1679
f 1205 4165 4486
f 1205 5154 4165
f 2103 4166 3138
f 6691 6685 2103
f 4167 1506 6268
f 6593 1506 5113
f 1247 6924 4101
f 2519 6924 1247
f 4169 523 2980
f 5823 4169 2980
f 4178 722 4177
f 2765 722 4178
f 4171 933 571
f 4171 571 2339
f 4172 511 1438
f 6227 511 4172
f 4173 1002 6012
f 4173 5649 7084
f 4174 563 4423
f 3014 563 4174
f 4175 4187 1408
f 3031 4187 4175
f 720 4176 7132
f 2805 5532 720
f 3780 4624 4177
f 722 3780 4177
f 4178 4177 4170
f 4170 6553 4178
f 5547 249 6321
f 5547 177 249
f 396 4180 870
f 396 5490 4180
f 4181 3287 719
f 4187 719 1403
f 4182 1944 785
f 4182 5254 1944
f 4183 2028 629
f 4183 629 3005
f 4668 4184 881
f 997 881 4184
f 3697 4185 836
f 836 4185 3884
f 423 4186 4192
f 3454 4186 423
f 380 4181 4187
f 4187 4181 719
f 1675 965 4188
f 965 394 4188
f 5711 4189 3026
f 4189 4268 3026
f 4190 2935 5639
f 2935 4190 6065
f 4191 3394 2188
f 5840 6635 4191
f 423 4192 1737
f 6402 1737 5635
f 4193 4110 969
f 5866 969 5412
f 4194 6404 2839
f 1804 4194 5235
f 4469 4195 2265
f 2265 4195 3856
f 4196 1843 3300
f 901 6011 3300
f 6201 4197 3816
f 4197 3175 3875
f 4198 3688 4443
f 535 3688 4198
f 4199 2991 3240
f 3240 2741 4199
f 3480 4200 279
f 279 4200 2661
f 3320 574 4201
f 5253 4201 574
f 3297 4202 1184
f 3297 3870 4202
f 4203 480 6293
f 5935 480 4203
f 4214 4204 1423
f 1423 4204 539
f 4205 1138 2995
f 3531 4205 2995
f 4204 4206 539
f 4206 3183 6548
f 4207 3437 646
f 5022 4207 5610
f 4208 1555 3836
f 5267 4144 6383
f 4209 2736 955
f 4161 2736 4209
f 5150 828 1832
f 4212 1975 828
f 426 4211 1778
f 4211 1774 4310
f 6297 4212 4210
f 4210 4212 828
f 2821 4213 4108
f 2034 4213 2821
f 2135 6676 4214
f 4437 4214 1743
f 2191 4883 4215
f 2191 4215 6212
f 4216 800 6745
f 5504 4216 6745
f 1739 5047 4217
f 4648 1302 1739
f 2175 2314 4218
f 4218 2314 3143
f 7012 4219 693
f 693 6475 4213
f 1610 4398 4220
f 2645 6703 4220
f 2135 4214 4221
f 378 2135 4977
f 4222 4994 547
f 547 6646 4222
f 1587 1207 4223
f 6148 4696 6473
f 4224 5027 3033
f 5018 2117 1036
f 1186 4225 3554
f 1943 6264 1186
f 3865 880 4226
f 1157 3865 4226
f 4227 2288 1673
f 5623 6951 2288
f 4228 676 2083
f 4720 6026 4228
f 3483 4229 3574
f 6237 887 3574
f 1611 4052 4230
f 1611 4230 5245
f 962 5768 4231
f 4180 962 6668
f 3740 606 4232
f 606 2528 5752
f 2328 4233 1471
f 6483 4800 2328
f 1513 2739 4234
f 4234 2511 6832
f 4235 1414 1443
f 4237 1720 1414
f 2420 517 4236
f 4236 517 3993
f 4235 988 4237
f 4235 4237 1414
f 6661 4238 1594
f 1594 4238 5051
f 3088 2952 4239
f 1660 4242 2952
f 4240 3155 516
f 5940 4240 516
f 2174 537 4241
f 6056 6379 6210
f 2372 4239 4242
f 4239 2952 4242
f 7100 4243 2998
f 6777 2031 5709
f 4244 3839 1512
f 5699 3839 4244
f 4245 6309 2612
f 4245 2612 2926
f 6317 4246 6502
f 6502 4246 6391
f 3155 4247 1406
f 4247 3155 4240
f 4248 306 4001
f 306 5731 2200
f 4249 522 3340
f 6601 4249 3340
f 749 2936 4250
f 740 749 4250
f 3629 4251 1877
f 3629 1695 6464
f 5077 4252 2163
f 2163 4652 2211
f 4253 3665 4259
f 5884 4253 1637
f 5351 4254 3812
f 4254 437 6507
f 4255 4947 2211
f 4652 4884 2211
f 4256 2724 5313
f 498 2724 4256
f 813 3675 4257
f 813 4257 5799
f 4258 3259 6705
f 3831 5109 1602
f 1637 4259 6023
f 4259 1637 4253
f 3094 1027 4260
f 6297 1027 4212
f 2162 2899 4261
f 4261 4355 2162
f 4262 5197 3360
f 1069 4262 3360
f 5243 4263 6405
f 4263 2224 1588
f 875 4264 4139
f 4139 4264 2175
f 4265 7073 3023
f 4265 4243 7073
f 888 4266 2000
f 6461 4501 2000
f 4267 2598 1091
f 5928 1091 5930
f 4189 3315 4268
f 4268 3315 1623
f 2637 4269 935
f 2637 4658 6930
f 907 4270 6936
f 5213 907 1582
f 4271 5033 1286
f 6303 4271 6301
f 3587 2074 4272
f 7036 556 5490
f 4273 1367 3316
f 5013 6782 6919
f 1137 1842 7041
f 1842 5018 7041
f 1634 1008 4275
f 4275 4615 471
f 4276 4112 2558
f 6499 2558 5345
f 4277 1137 5500
f 4277 1842 1137
f 4278 4130 341
f 3358 4278 341
f 5676 4279 2693
f 2702 6923 4279
f 3217 474 4280
f 1353 4280 474
f 4281 4621 3244
f 4286 3244 372
f 4282 1710 3272
f 4282 6945 1710
f 4283 5148 555
f 4283 555 4084
f 4284 900 2819
f 2257 4284 2819
f 5356 4285 4733
f 4285 5712 418
f 4286 4281 3244
f 1797 4281 4286
f 4287 3515 2025
f 6831 4287 2025
f 4288 2219 908
f 1753 4288 908
f 479 4289 899
f 4289 6453 786
f 243 15 4290
f 4341 4290 15
f 886 3331 4291
f 590 886 6939
f 6365 3725 2107
f 3725 6365 865
f 4798 4293 3109
f 894 3109 4293
f 4294 441 1630
f 4294 6845 441
f 2832 5704 4295
f 4295 1061 1653
f 4296 3884 1893
f 4296 5341 4922
f 4297 2219 4288
f 282 2219 4297
f 5311 4298 2339
f 4171 2339 4298
f 4299 2891 622
f 6568 1227 2891
f 6845 4300 441
f 441 4300 6122
f 1619 4301 2750
f 2750 4301 1869
f 4302 1318 3385
f 1318 4302 2456
f 3558 1686 4303
f 4303 1686 6025
f 4304 2851 380
f 3888 7119 4304
f 4305 11 251
f 257 11 5458
f 1836 4299 4306
f 1836 4306 4196
f 849 2994 4307
f 849 4307 5507
f 4308 4802 529
f 4073 4308 529
f 4309 2642 2631
f 4524 2631 316
f 4211 4310 1778
f 4310 5538 1778
f 1244 4311 3534
f 3541 4311 1244
f 1285 4312 3707
f 1814 4312 1285
f 4313 2690 2829
f 4313 5669 7052
f 2642 4314 2631
f 4314 2642 1672
f 2104 2296 4315
f 4315 2296 592
f 2378 4316 552
f 5769 2390 5774
f 3956 4317 663
f 4317 3679 5838
f 2258 4318 3541
f 1018 4318 2258
f 4319 4071 1038
f 6489 4322 6701
f 4320 6620 3377
f 6630 4739 1215
f 549 4321 5716
f 6830 2939 4321
f 6701 4322 2782
f 2782 4322 6199
f 2039 4323 1068
f 5486 2148 1068
f 2539 1701 4324
f 4984 4324 1701
f 3783 4325 1151
f 4325 2688 1151
f 4326 1110 3006
f 4045 6953 4326
f 3476 4327 1970
f 1970 4327 1550
f 2356 1445 4328
f 4328 1445 391
f 4329 1309 6918
f 4329 1874 1309
f 2109 5194 702
f 5271 5194 2109
f 5200 696 4331
f 696 429 4331
f 4332 2897 580
f 6603 1612 4332
f 4333 6544 3924
f 4333 3924 1872
f 2140 3898 6178
f 5100 2140 6178
f 3159 4339 4335
f 6198 950 2286
f 3591 4336 5357
f 4336 3603 2124
f 4337 1021 3035
f 1749 4337 3035
f 4338 3739 5894
f 1874 4329 5923
f 4335 4339 950
f 4339 5157 950
f 3431 1511 4340
f 4340 1511 1509
f 8 4341 251
f 4341 7044 251
f 4342 1835 4345
f 2015 4342 1837
f 1074 4343 6947
f 3421 4343 1074
f 4344 1715 3618
f 4344 1961 1715
f 1837 4342 4345
f 1837 4345 5232
f 3431 4346 1511
f 3431 2252 4346
f 1410 3779 4347
f 6286 1410 6655
f 879 4348 4752
f 4348 879 5132
f 4689 1985 4349
f 4349 1985 5860
f 2244 3321 6714
f 3321 464 6714
f 494 4351 1473
f 1527 1473 5954
f 273 170 4352
f 170 184 6572
f 4353 1077 4134
f 4353 6535 5787
f 4354 1719 1153
f 1153 6722 4354
f 1242 4355 3615
f 1242 2166 4355
f 2269 4356 1057
f 4827 4356 2269
f 872 4357 6823
f 3540 4357 872
f 1600 4358 5551
f 544 4358 1600
f 3171 917 4359
f 917 5564 4359
f 2418 2049 4360
f 4360 2049 3805
f 4152 4361 2992
f 2992 4361 5285
f 4362 2775 1206
f 1671 4362 1206
f 6206 4363 2779
f 1817 2779 4363
f 628 896 4364
f 4364 896 5849
f 1751 4365 3406
f 5281 4365 1751
f 313 4366 939
f 939 5525 2539
f 1323 4367 737
f 4367 2561 737
f 2534 1626 4368
f 4368 1626 2358
f 4369 1991 2894
f 4377 6827 1991
f 1364 4367 4370
f 3959 4439 4370
f 3542 233 4371
f 270 4371 233
f 1488 4372 1201
f 7016 995 1201
f 6954 1622 4373
f 1622 6812 4373
f 3545 1284 4374
f 1284 6987 4374
f 4375 3163 612
f 6192 6850 3163
f 649 4376 3224
f 6715 4757 6582
f 5517 4377 4369
f 4369 4377 1991
f 4378 1766 4435
f 4378 1854 3070
f 829 4537 4379
f 4387 4208 829
f 4380 5973 6109
f 5705 4380 6109
f 2526 4381 2279
f 2279 4381 2285
f 4382 3608 1915
f 3013 4382 1915
f 5508 4383 1353
f 1353 4383 4280
f 2571 2020 4384
f 4384 2020 3749
f 638 3050 4385
f 3050 2284 6053
f 6190 4386 948
f 1958 1340 4386
f 4379 4387 829
f 4649 4387 4379
f 2608 860 4388
f 5698 4388 860
f 4290 3542 4389
f 3542 267 4389
f 2528 1101 4390
f 6585 4628 5418
f 789 3952 4391
f 4845 789 4391
f 4392 6645 784
f 784 3828 6587
f 4393 4397 4016
f 5305 4393 4016
f 4394 7087 952
f 2950 1140 5151
f 1906 6587 4395
f 4395 6400 1906
f 4396 5834 2864
f 4396 2233 1792
f 4397 4363 1015
f 4016 4397 1015
f 4220 4398 1614
f 1614 4398 2607
f 4005 4905 4399
f 4905 1351 4399
f 3368 4400 2971
f 4395 2971 4400
f 4378 1342 4401
f 4401 6509 3337
f 5141 4402 4417
f 4402 5141 6400
f 4085 4403 403
f 4403 3065 403
f 4404 2845 811
f 4404 811 5371
f 3945 6052 4405
f 4405 6288 3945
f 4406 994 810
f 6211 6464 4406
f 4407 3827 1974
f 1016 4407 1974
f 1907 4408 6965
f 3644 4408 1907
f 2338 5791 1427
f 1427 5791 750
f 4410 3885 864
f 4410 2784 5867
f 6249 3118 4411
f 3416 4411 3118
f 6238 6530 476
f 476 3208 6238
f 6189 2388 4413
f 4413 2388 4780
f 2243 4414 911
f 4608 911 4414
f 2340 4415 971
f 971 4415 3443
f 1489 6107 4416
f 4416 1244 1489
f 1037 4417 2713
f 4417 4402 2713
f 2050 5279 4418
f 4418 4876 2050
f 4419 791 6984
f 4093 4613 5087
f 3052 4420 2268
f 2268 4420 2481
f 5887 4421 2143
f 4421 1358 2143
f 7087 4422 952
f 7054 4422 2372
f 4423 4528 4747
f 1911 4423 1647
f 988 4424 5012
f 988 4590 4424
f 2711 4425 3991
f 2711 5611 4425
f 1118 4426 2885
f 2885 4426 6669
f 3409 620 4427
f 620 2363 4427
f 2354 4843 4428
f 4428 968 2354
f 1684 780 4429
f 1684 4429 3393
f 4430 1617 954
f 5563 4725 4751
f 4431 2056 5708
f 4431 4331 2056
f 3093 1187 4432
f 1391 4432 1187
f 2255 1442 4433
f 4433 1442 4380
f 2822 3640 4434
f 795 2822 5558
f 4378 4435 1854
f 1854 5092 2836
f 654 4198 4436
f 654 4436 2533
f 1557 6564 2602
f 1112 4441 1557
f 2048 4438 362
f 4438 1142 362
f 4535 1364 4439
f 4439 1364 4370
f 4440 993 3981
f 4440 4086 993
f 4441 4214 4437
f 4441 6564 1557
f 2411 4442 4920
f 4442 2411 2427
f 4436 4443 1896
f 4443 3559 1896
f 370 4444 2118
f 4444 5561 2118
f 4445 7117 2272
f 1307 4445 2272
f 4446 5455 4005
f 1730 1590 4446
f 5422 4447 1544
f 4447 3381 1544
f 4448 2970 3892
f 1683 2970 4448
f 5758 3681 4449
f 3681 804 4449
f 2799 4450 1078
f 2755 1078 4450
f 4451 4201 2348
f 4451 6360 5741
f 5850 4452 2855
f 2855 4452 5588
f 4453 878 1866
f 5592 6390 2729
f 1965 4454 6290
f 395 4454 1965
f 636 4455 1755
f 4497 4455 636
f 1163 4456 1106
f 4456 1894 1106
f 826 5644 4457
f 6158 826 4457
f 4458 268 1902
f 5918 1902 4629
f 2207 3150 4459
f 4459 3150 1729
f 1894 4460 1106
f 4460 1894 1292
f 5639 668 4461
f 668 2708 4461
f 4462 1734 3097
f 4662 1734 4462
f 2430 990 4463
f 990 2468 4463
f 4464 2419 1217
f 4464 6622 2419
f 1042 1875 4465
f 6547 1875 2885
f 4460 4466 1106
f 2809 4466 4460
f 5338 979 4467
f 2404 4467 3329
f 4468 3370 2751
f 4468 2751 2282
f 2457 4469 2265
f 4737 4469 2457
f 5080 1597 4470
f 1597 2359 4470
f 1689 4471 4798
f 6015 4471 1689
f 3523 4932 2657
f 4932 4723 2657
f 4473 367 3582
f 2761 6013 6388
f 1326 4474 6112
f 5086 4865 4474
f 1579 4475 2427
f 4475 4442 2427
f 4476 357 1218
f 7046 1218 2287
f 3330 4477 840
f 6555 4477 2911
f 3371 996 4478
f 996 4159 6696
f 1368 4627 4479
f 1368 4527 2011
f 831 2483 4480
f 831 4480 4593
f 4481 1312 1062
f 2737 4481 1062
f 4489 1119 3714
f 6851 2038 1119
f 3846 393 4483
f 4486 393 2131
f 6852 4663 4484
f 1831 4133 4484
f 4485 1578 3370
f 4485 6354 1578
f 4483 4486 6294
f 4486 4483 393
f 1963 4487 4158
f 4357 6961 6823
f 6180 1502 4488
f 731 4488 3084
f 6851 4482 2038
f 7019 4482 6851
f 5477 4490 2043
f 1393 2043 6673
f 4491 2274 6733
f 2756 5252 4491
f 1190 4492 2390
f 982 2390 4492
f 4493 5089 6536
f 4499 2847 1169
f 5350 4494 2965
f 1929 2965 4494
f 2194 2107 4495
f 4495 2107 3725
f 3322 4496 541
f 541 4496 5655
f 5519 4455 4497
f 2301 5917 1695
f 1591 3316 4498
f 1367 4498 3316
f 4499 1169 4493
f 6574 4499 4493
f 541 5655 4500
f 2059 3966 5651
f 4501 1589 2385
f 4501 3872 1589
f 2814 2448 4502
f 321 2814 4502
f 1658 4503 4512
f 1997 4521 2674
f 4504 627 3058
f 480 5935 3058
f 1663 4505 3154
f 4505 305 3154
f 1654 701 4506
f 1654 4506 3401
f 4507 4512 4503
f 2676 4521 4503
f 2632 3234 4508
f 3234 2228 4508
f 4509 5115 630
f 4509 5682 2396
f 1533 4510 2852
f 5182 4757 2852
f 4511 2490 2398
f 2490 4511 6098
f 1997 4512 4507
f 1658 4512 1997
f 4513 3552 3082
f 4513 3082 985
f 4017 3606 4514
f 4514 3606 1482
f 4515 5778 5154
f 2742 1569 4515
f 4516 2005 5112
f 5736 2005 4516
f 4130 1552 4517
f 1552 4065 4517
f 1011 7017 4518
f 4518 2592 1011
f 3164 4519 1556
f 4519 2119 1556
f 3813 4522 4520
f 3598 3813 4520
f 4521 1997 4507
f 4507 4503 4521
f 827 4522 3813
f 4522 827 2369
f 4523 4141 6744
f 4523 470 6937
f 4524 4309 2631
f 1292 4309 4524
f 6749 2769 4525
f 5667 4525 2769
f 1173 4526 4557
f 4526 1173 3093
f 5176 4527 4479
f 4527 1368 4479
f 4528 1911 757
f 4423 1911 4528
f 280 195 4529
f 195 142 4529
f 4530 679 6338
f 4530 1698 679
f 4531 3958 5615
f 1960 6123 771
f 1063 4532 2664
f 6374 2664 4532
f 6248 4533 1006
f 4533 1228 1006
f 664 4534 1752
f 1752 5323 2146
f 4535 1936 899
f 5476 899 1657
f 4536 716 6177
f 6685 716 4536
f 4537 3145 645
f 4435 4537 645
f 5705 5041 4538
f 4538 5638 4541
f 3004 6958 4539
f 631 3004 4539
f 4540 433 2541
f 4540 2541 661
f 701 4541 4506
f 4538 4541 5705
f 2289 4542 2600
f 7038 6771 4542
f 1759 2844 4543
f 5666 1759 5073
f 5036 4544 2977
f 1825 2977 4544
f 643 4545 1801
f 4994 5320 1801
f 1553 2901 4546
f 2901 5625 7015
f 1995 4547 1532
f 1995 3355 4873
f 2095 1155 4548
f 3017 2095 4548
f 4549 5309 3763
f 1418 4549 3763
f 4550 1582 3996
f 4550 3727 1582
f 4551 2602 1618
f 966 2602 4551
f 4552 5848 3538
f 3538 1243 6732
f 3594 4553 2615
f 4553 5915 2615
f 4554 4659 3028
f 6456 4554 3028
f 930 3488 4555
f 6895 4555 1923
f 6340 1403 4556
f 1403 3287 4556
f 2838 4557 3860
f 1173 4557 2838
f 2610 4558 1645
f 4558 2703 5286
f 6292 4559 2666
f 2163 4559 691
f 4560 2534 1782
f 2534 4560 5081
f 1005 4561 2048
f 4561 4438 2048
f 4562 1021 3520
f 3035 1021 4562
f 5348 4563 6985
f 4563 3055 1713
f 4564 3876 2572
f 4564 2572 4769
f 4565 1539 3280
f 1666 4565 3280
f 709 4566 2694
f 4566 3929 2694
f 5368 4567 1551
f 4567 2192 1551
f 4651 2466 4568
f 2052 4568 2466
f 2213 4568 4569
f 6477 2213 4569
f 1835 5203 4570
f 4570 1134 5929
f 6150 6145 4571
f 4571 958 6153
f 2386 4572 7128
f 6955 1331 4572
f 4573 1285 697
f 5106 4573 697
f 1722 2958 4574
f 1722 4574 782
f 1485 1246 4575
f 1246 724 5807
f 4576 417 3486
f 6874 4576 3486
f 5546 4577 2178
f 2342 5264 4577
f 2103 4578 6691
f 2278 5296 6808
f 4579 2644 2316
f 1049 4579 2316
f 6491 2890 4580
f 2890 6173 4580
f 4581 2172 2520
f 1899 4581 2520
f 2856 5454 4582
f 5906 4582 735
f 4583 1471 4233
f 6491 4583 2890
f 4584 4135 6605
f 5828 1108 5403
f 4074 1586 4585
f 4585 1586 4068
f 2010 3477 4586
f 1320 4586 3477
f 6667 4587 903
f 4587 6187 903
f 4588 2159 1151
f 4588 5074 2159
f 5941 337 4589
f 4589 5572 4579
f 4235 3014 4590
f 3014 4174 4590
f 5550 6492 4591
f 627 1882 6125
f 964 1924 4592
f 4279 7056 4592
f 831 4593 2909
f 3668 2909 4593
f 2284 4594 1064
f 4594 6997 4591
f 3113 4595 448
f 5394 4595 6393
f 4596 733 1806
f 3231 4596 5782
f 381 4597 2147
f 3567 2147 4597
f 6465 972 5569
f 6465 2931 972
f 4599 6217 402
f 4547 4599 402
f 1430 4600 2459
f 3932 4600 1430
f 2205 4601 4305
f 4305 5458 11
f 4602 4935 4476
f 4602 6139 1635
f 1135 4603 1518
f 3013 6665 4603
f 361 3114 4604
f 2375 361 4604
f 4605 3458 5974
f 6511 4605 1497
f 4606 725 3946
f 4606 548 725
f 2680 4607 624
f 624 6721 4683
f 3245 4432 4608
f 4414 3245 4608
f 1943 4609 6264
f 4609 1943 3055
f 4610 869 2240
f 5662 4502 869
f 2738 4611 5094
f 6443 4611 2738
f 2393 4612 953
f 953 4612 4893
f 2720 791 4613
f 4613 791 5087
f 4614 2467 6535
f 3152 2467 4614
f 4275 1008 4615
f 1008 6434 4615
f 4616 3850 2928
f 751 4616 2928
f 992 4617 5904
f 4617 6348 3460
f 588 4618 3907
f 3907 4618 1113
f 1814 4619 5078
f 1814 4123 5695
f 271 196 4643
f 1274 271 5890
f 4621 1390 3244
f 4621 3553 5568
f 2572 3876 4622
f 4622 3876 759
f 2896 4623 1115
f 1115 4623 6488
f 4624 6519 6182
f 6519 4624 723
f 5821 2906 4625
f 695 6971 2906
f 4626 2304 3522
f 688 4626 3522
f 2493 3340 4627
f 2493 4627 1368
f 687 4167 4628
f 6585 687 4628
f 271 4620 5441
f 5441 4620 4639
f 5300 4630 3125
f 3162 6156 4630
f 4631 3990 3965
f 4631 4635 6639
f 3525 2812 4632
f 4632 2812 6512
f 4633 1297 6207
f 6780 4971 1297
f 4634 2003 5079
f 4181 2003 4634
f 6639 4635 4644
f 4631 3965 4635
f 2641 4636 1763
f 2641 4689 4636
f 4637 5379 2261
f 4637 2261 2872
f 6766 4638 4721
f 5754 4638 4895
f 4639 1920 6996
f 5441 4639 6996
f 1576 4640 3537
f 1576 1232 4640
f 5835 4641 389
f 4641 2338 389
f 3826 4642 3422
f 3422 4642 1886
f 4643 4639 4620
f 4620 271 4643
f 3965 3971 4644
f 4635 3965 4644
f 389 4645 2809
f 2809 4645 4466
f 4646 1826 3411
f 4646 2627 1826
f 4647 2409 3913
f 569 5598 5226
f 4217 4648 1739
f 4217 2360 4648
f 1152 4649 4379
f 5820 4649 1152
f 4650 4615 1405
f 4650 1405 2571
f 565 4651 6992
f 565 2466 4651
f 4252 4652 2163
f 4252 5737 4652
f 3682 4653 2099
f 6333 1636 2099
f 2312 4654 1259
f 2138 7039 7037
f 2198 1408 4655
f 2198 4655 6833
f 4656 3623 2186
f 1079 4656 2186
f 1100 4657 1934
f 6887 1054 4657
f 2637 2691 4658
f 4658 2691 3786
f 928 4659 3680
f 3028 4659 928
f 1876 1084 4660
f 4660 4251 1876
f 4659 1690 4661
f 6529 1690 4169
f 838 4662 4462
f 4627 4662 838
f 4663 5916 1831
f 4484 4663 1831
f 4664 2263 3075
f 4664 5524 2263
f 4665 2580 2583
f 6655 4665 2583
f 2765 4666 5697
f 2017 2217 4666
f 4667 2359 1597
f 4667 3228 2359
f 4668 6942 4184
f 4668 5033 2277
f 2068 4669 6562
f 2068 6714 4669
f 4670 4664 6949
f 6950 855 3476
f 4671 1344 4066
f 4671 4066 3228
f 6007 4672 3295
f 1767 1592 4672
f 2217 6626 4673
f 6626 4219 7012
f 3302 5896 4674
f 3302 4674 6781
f 1542 3354 4675
f 6726 1542 5661
f 2295 4676 2868
f 2295 4040 6698
f 2080 4677 2051
f 4677 3949 2051
f 4678 396 870
f 6828 870 880
f 1475 4580 4679
f 1475 4679 2377
f 4680 1630 4135
f 4680 4294 1630
f 2865 1541 4681
f 2865 4681 4719
f 4682 763 3578
f 5805 3896 763
f 2006 4359 4683
f 6721 2006 4683
f 1930 4684 5479
f 1930 4969 4684
f 4685 305 3490
f 3154 305 4685
f 4692 4266 4686
f 6525 405 6157
f 1780 1121 4687
f 1780 4687 3439
f 3233 5830 4688
f 5005 3233 4688
f 1985 4689 401
f 2641 401 4689
f 3283 2080 4690
f 2080 2051 6235
f 1083 4691 4688
f 1083 4996 4691
f 405 4692 6157
f 405 2310 4692
f 4693 4381 2526
f 4693 2526 6043
f 4694 350 3622
f 350 6794 5101
f 5779 1671 4695
f 1671 1206 5133
f 6148 1678 4696
f 1678 3405 6000
f 4697 4980 1528
f 4701 1528 4057
f 511 4698 1438
f 1438 4698 4008
f 4699 564 3931
f 3533 564 4699
f 5541 4700 6898
f 884 5542 2183
f 4697 1528 4701
f 4697 4701 6168
f 374 6062 4702
f 3724 374 4702
f 1744 4703 3397
f 6019 1744 1439
f 5013 4704 514
f 6117 6241 514
f 560 2045 4705
f 3177 560 4705
f 1107 2627 4706
f 7049 2627 4646
f 4560 1495 4707
f 6653 1495 3772
f 1361 3048 4708
f 4708 3048 4099
f 793 4709 2644
f 6467 6520 2644
f 4710 6032 2912
f 4710 2912 5985
f 4711 3672 4472
f 616 3672 4711
f 3784 5668 4712
f 3784 4712 1039
f 4827 6214 4713
f 2358 1626 4713
f 1251 4714 4737
f 642 4714 1251
f 4715 4282 3272
f 3272 4914 4715
f 4716 1888 944
f 3636 1888 4716
f 5598 4717 6864
f 4717 3668 6864
f 4718 3920 1844
f 4718 6848 3920
f 2865 4719 824
f 4719 1726 824
f 2601 4368 4720
f 2601 4720 4228
f 3830 4721 1321
f 4721 4638 5754
f 4722 2527 1296
f 5708 1296 6030
f 4472 3672 4723
f 4723 3672 1884
f 4724 961 2725
f 4724 2725 6155
f 4751 4725 1617
f 4725 2655 1617
f 4726 561 1029
f 3729 561 4726
f 4727 4715 845
f 845 2112 5991
f 2318 4728 5695
f 2318 1561 5278
f 592 2296 4729
f 4729 4580 592
f 4142 2389 4730
f 2389 2305 4730
f 309 656 4731
f 2201 6479 656
f 4732 4794 877
f 5283 4732 877
f 4285 418 4733
f 6352 4952 5070
f 648 2918 4734
f 648 4734 7081
f 360 1580 4735
f 3592 360 5972
f 4744 527 4736
f 388 1146 4740
f 4737 2457 532
f 1251 4737 532
f 1018 4738 4318
f 4908 4738 1018
f 4739 2613 1215
f 4739 4446 2613
f 4740 4736 2783
f 1146 4736 4740
f 4741 5047 1739
f 2848 6963 910
f 4825 3752 4849
f 513 6105 462
f 3203 1168 4743
f 1168 4921 4942
f 4744 4736 1146
f 1789 4744 1146
f 846 4745 3144
f 5932 408 5937
f 4746 3527 3523
f 3527 4746 3369
f 4747 3198 1700
f 3198 4747 4528
f 5945 1720 4748
f 4182 4748 5254
f 7058 2861 6858
f 7033 2861 7058
f 1812 4750 3559
f 3559 4750 741
f 4751 1617 4430
f 6316 4751 4430
f 6565 5354 4752
f 4348 6565 4752
f 4753 5051 1411
f 2938 4753 1411
f 4455 4754 1755
f 6616 4754 5256
f 3632 1228 4755
f 3632 4755 5845
f 5825 4756 6296
f 570 6299 1590
f 3268 1583 4757
f 4757 1583 6582
f 4758 451 2880
f 4964 451 5771
f 4759 4020 3798
f 2570 4020 4759
f 4752 4760 5544
f 769 4760 5220
f 3709 6135 4761
f 603 3709 4761
f 4762 1531 3367
f 607 1531 4762
f 4412 4763 2166
f 4763 2162 2166
f 4042 4764 1417
f 1417 4764 3423
f 2936 4765 3570
f 3570 4765 2216
f 4766 2026 3628
f 4766 3729 2026
f 2249 4767 3068
f 6311 4767 6600
f 4768 1227 3878
f 4768 3336 1227
f 1598 4564 4769
f 4769 4162 1598
f 4770 2094 3071
f 3728 2094 4770
f 6132 4771 1354
f 4771 1808 304
f 1261 2276 4772
f 4772 2276 4163
f 729 4773 3576
f 4773 1150 3576
f 2866 2636 4774
f 1768 2866 5393
f 1155 2607 4775
f 4775 4548 1155
f 4776 986 1822
f 4776 3465 986
f 4625 6624 4777
f 863 1611 4777
f 706 3593 4778
f 5986 4778 3593
f 2262 4779 703
f 2262 6219 4779
f 4780 2388 1702
f 1702 3590 4780
f 6920 2643 4781
f 2643 2137 4781
f 462 6105 6152
f 443 462 6152
f 3508 2659 4783
f 3496 4783 2659
f 4793 4784 610
f 1555 610 4784
f 6342 4785 1164
f 1164 4785 809
f 3099 1349 4786
f 4786 1172 3099
f 331 4787 312
f 312 4787 314
f 3131 6167 4788
f 3131 5680 877
f 4778 5986 431
f 6614 431 5093
f 2979 1057 4790
f 1057 1603 4790
f 6948 424 4791
f 424 6494 4791
f 4792 742 3679
f 3956 6515 4792
f 4793 2964 5374
f 610 2964 4793
f 3131 877 4794
f 4794 376 3131
f 6102 3602 4795
f 3602 1249 4795
f 1316 4796 5659
f 4796 1316 6525
f 647 2698 4797
f 5387 647 4797
f 4798 4471 817
f 817 3776 5757
f 2722 3797 4799
f 3721 2722 4799
f 2328 4800 4233
f 4800 1072 4233
f 2329 4801 3683
f 4801 2832 3683
f 2097 3497 4802
f 4802 4308 2097
f 4803 5195 2999
f 2999 982 4803
f 5615 4804 1848
f 4804 1415 1848
f 1713 3055 4805
f 3055 1943 4805
f 4806 671 5827
f 2208 671 4806
f 5676 4807 1240
f 1240 4807 6657
f 2953 4808 533
f 4808 3018 5961
f 4809 2134 3286
f 704 4810 3286
f 3286 4810 4809
f 4810 5796 4809
f 7115 4787 4811
f 4811 4787 225
f 1807 4812 1009
f 4812 2429 1009
f 3883 4813 1616
f 5072 1558 1616
f 3535 4878 4814
f 3535 4814 1284
f 450 4264 4815
f 450 4815 3761
f 5865 1185 6043
f 6043 1185 4693
f 4782 4831 4844
f 6152 7066 3887
f 3357 4478 4818
f 2160 3357 4818
f 1938 6891 4819
f 4819 2898 5365
f 2402 4820 2202
f 4820 6888 2202
f 2349 4821 2683
f 4821 2349 4982
f 1711 4822 2400
f 4822 1714 2400
f 410 4823 4301
f 5790 4823 410
f 2441 303 4824
f 4824 303 717
f 4842 4825 4817
f 4825 4834 4782
f 4826 3057 2429
f 4812 5815 2429
f 4827 1400 6214
f 1400 4827 2269
f 3329 4828 548
f 3329 6059 6954
f 1020 4829 295
f 4055 295 4829
f 4981 2032 4830
f 4830 2032 4616
f 4834 4831 4782
f 4837 4817 4831
f 4832 6169 1209
f 2422 4832 1209
f 5273 4833 1811
f 1811 4833 1076
f 4834 4825 4842
f 4831 4841 4837
f 4835 1490 4229
f 2781 1490 4835
f 733 4836 3281
f 3281 4836 6969
f 4841 4742 4837
f 4742 4817 4837
f 6980 4838 4857
f 4838 6980 4814
f 2035 3528 4839
f 2035 4839 6045
f 3456 4840 3348
f 6227 4840 511
f 4831 4834 4841
f 4841 4834 4842
f 4841 4842 4742
f 4842 4817 4742
f 4843 359 2883
f 5597 359 4843
f 4817 4825 4844
f 4831 4817 4844
f 4845 3572 789
f 4665 3572 4845
f 3793 4846 1864
f 6820 4846 3762
f 1081 5662 4847
f 1081 4847 3376
f 1055 4848 5580
f 4848 6011 901
f 6152 4844 7066
f 4844 4825 7066
f 235 2007 4850
f 218 4854 6208
f 858 6096 4851
f 6058 858 4851
f 2042 4852 3474
f 4852 2042 7095
f 1041 1025 4853
f 1041 4853 5499
f 4854 248 235
f 6208 4854 235
f 4313 1212 4855
f 1212 4267 4855
f 4856 398 930
f 398 4856 3209
f 26 6938 4857
f 4874 26 4857
f 1650 4824 4858
f 3203 1650 5470
f 3024 4859 2208
f 895 4859 3024
f 7092 4860 2640
f 4860 435 2640
f 2618 4861 4078
f 2618 6099 4861
f 4135 4862 6605
f 4135 1630 4862
f 2522 3651 4863
f 3651 6611 4863
f 26 4878 4864
f 7024 7000 26
f 4865 1080 603
f 4869 1080 4865
f 617 4866 1144
f 1773 1144 4866
f 1274 242 4867
f 4867 242 265
f 4868 1693 2943
f 4868 2943 3317
f 2260 4869 4865
f 3389 4869 2260
f 1790 4870 1773
f 4870 1144 1773
f 4324 1283 4871
f 4871 1283 4035
f 4872 4870 1790
f 458 4872 1790
f 1995 4873 4547
f 4547 7034 4599
f 26 4874 4878
f 4874 4857 4838
f 2282 2287 4875
f 2282 5732 2555
f 4418 4899 4876
f 4876 333 5628
f 4877 3275 1554
f 5297 1554 5300
f 4874 4838 4878
f 4878 4838 4814
f 4861 4879 2367
f 7118 3658 2367
f 4880 5573 728
f 630 4880 728
f 4881 234 319
f 234 4881 178
f 4327 4882 1550
f 4882 5297 1550
f 6042 3963 4883
f 4883 2191 2874
f 4884 874 4255
f 2211 4884 4255
f 1523 4885 2014
f 2014 4885 2436
f 4886 3506 1534
f 727 3506 4886
f 1605 3110 4887
f 5869 5379 3110
f 4888 6825 2496
f 6530 2496 3973
f 381 3017 4889
f 3017 1733 4889
f 4890 7107 1120
f 4890 1120 5435
f 2667 4891 5633
f 4562 4891 2667
f 1703 4892 895
f 6734 4892 1703
f 4893 4612 6510
f 2624 4894 4893
f 1652 4894 1818
f 4893 4894 1652
f 1030 4895 4638
f 4338 4895 1030
f 4896 3216 276
f 4896 276 616
f 2752 163 4897
f 163 4352 4897
f 2665 4898 1797
f 1797 4898 4281
f 333 4899 3690
f 4876 4899 333
f 4900 486 1844
f 4900 3835 486
f 4901 5826 1007
f 435 4901 1007
f 4902 3216 4896
f 4902 2885 6669
f 4903 3551 1647
f 4423 4903 1647
f 4904 1075 7111
f 1075 4904 807
f 4905 2271 760
f 4905 760 1351
f 3900 3460 4906
f 4906 3460 5000
f 4907 3617 2330
f 2330 1031 4907
f 576 4908 3307
f 4738 4908 576
f 4909 3690 436
f 4909 436 3553
f 1708 6895 4910
f 6904 4910 6377
f 4911 1716 2085
f 6344 4917 2085
f 1605 4912 3693
f 4912 1210 3693
f 573 3694 4913
f 1166 573 6770
f 4914 2327 1604
f 2417 2327 5647
f 4915 5710 688
f 6940 4915 688
f 1485 4916 1526
f 1485 4575 4916
f 4911 4917 862
f 4917 4911 2085
f 6135 4918 6127
f 4918 7058 6127
f 1811 1076 4919
f 1076 6549 4919
f 4920 4460 1292
f 4920 1292 2411
f 1168 1951 4921
f 1951 6481 4921
f 3480 4922 4200
f 3480 4296 4922
f 4923 4526 1575
f 4923 1575 3530
f 4924 3864 3870
f 4924 3870 2553
f 619 1942 4925
f 2149 619 4925
f 686 1765 4926
f 686 4926 3227
f 1272 4927 311
f 4927 1272 3238
f 6265 1937 4928
f 961 1596 5730
f 2212 4236 4929
f 3520 2212 4929
f 1501 4930 946
f 1501 6071 4930
f 6194 4931 3639
f 4931 2341 1045
f 6228 4472 4932
f 4472 4723 4932
f 1992 4933 5307
f 1992 1991 4933
f 832 4934 2918
f 1599 4934 832
f 1635 2599 4935
f 4602 1635 4935
f 3095 1466 4936
f 3095 4936 1952
f 4937 2402 897
f 3084 4937 897
f 4938 2709 1566
f 4862 4938 1566
f 4939 1763 1524
f 3474 4939 1524
f 3995 1568 4940
f 1568 5719 4940
f 1052 1670 4941
f 2185 1052 4949
f 4743 4942 5523
f 4743 1168 4942
f 5999 4943 653
f 653 4943 4448
f 818 4944 1214
f 4933 4944 6463
f 2229 4945 4971
f 6135 6 4945
f 4028 4946 1487
f 4028 4061 4946
f 4947 2990 822
f 4947 822 2211
f 3831 4948 929
f 929 6686 3410
f 1052 4941 4949
f 4941 1418 4949
f 4950 957 2933
f 4950 2933 4955
f 4951 1167 2658
f 1167 4951 2768
f 3105 4733 4952
f 4952 4733 418
f 1961 4344 5873
f 4958 1961 5873
f 1180 4016 4954
f 2678 1180 4954
f 1522 4599 4955
f 4955 2933 1522
f 4956 4211 426
f 1116 6570 426
f 5181 1211 4957
f 1211 2438 4957
f 1761 4958 2760
f 2760 4958 5873
f 4959 1245 893
f 4959 3034 1245
f 1584 2453 4960
f 593 1584 4960
f 1172 4961 3099
f 1172 5674 4961
f 4962 1532 558
f 4965 6468 1532
f 2197 3311 4963
f 3794 4963 3311
f 1935 4964 5771
f 3210 4967 1935
f 3042 4965 4962
f 4965 1532 4962
f 4966 1556 2119
f 3513 4966 2119
f 4967 2441 4964
f 4967 4964 1935
f 6604 4968 909
f 4968 905 6370
f 4684 4969 1236
f 6615 1236 4969
f 4970 299 5248
f 6230 299 4970
f 210 4971 6
f 4945 6 4971
f 6328 639 4972
f 4049 4972 639
f 1158 4946 4973
f 4973 1085 5236
f 2473 1561 4974
f 2318 4974 1561
f 3592 5972 4975
f 4975 708 3592
f 4976 400 5283
f 4976 4295 400
f 6275 4221 1845
f 6275 2135 4221
f 4978 2206 4611
f 3596 2206 4978
f 6274 4976 1949
f 6274 1949 3134
f 4980 5261 2325
f 4980 2325 3410
f 4002 4981 6849
f 4002 454 4981
f 4226 4982 5825
f 4982 2349 2475
f 3166 974 4983
f 3253 4983 974
f 4984 546 4324
f 5995 546 4984
f 2633 4985 1363
f 2633 803 6133
f 4986 3879 5481
f 551 2049 4986
f 4987 605 2510
f 1086 4987 2510
f 2679 6925 904
f 6925 2868 904
f 4989 5323 3366
f 3366 1308 4989
f 5880 4990 3447
f 4990 572 3447
f 4991 313 939
f 4991 5234 313
f 4992 4978 2585
f 4992 6443 5503
f 2927 4993 5581
f 6162 1863 5586
f 4545 4994 1801
f 4545 547 4994
f 4995 6541 2904
f 1819 4995 2904
f 5906 735 4996
f 3255 5325 735
f 2751 4997 2287
f 4997 7046 2287
f 1345 2176 4998
f 3182 1345 4998
f 6742 2120 4999
f 1581 557 4999
f 5000 3464 498
f 6566 5000 498
f 5001 1819 7090
f 3390 6596 5001
f 2143 1358 5002
f 5002 1358 1196
f 6759 3349 5003
f 5003 3349 1289
f 3034 5004 1419
f 4959 5004 3034
f 5005 793 3233
f 793 5005 4709
f 1680 5006 7064
f 5006 2172 5665
f 2611 5007 831
f 569 5007 2611
f 5008 1519 3436
f 841 5008 3436
f 2492 1803 5009
f 2492 5009 4106
f 4904 5010 3223
f 3223 5010 6889
f 3797 856 5011
f 5560 5011 856
f 2221 5012 352
f 1944 5419 2221
f 2335 4704 5013
f 1431 2335 5013
f 4228 2083 5014
f 5014 2083 5565
f 6641 5015 835
f 6424 835 5015
f 913 5016 417
f 5016 3384 5863
f 1138 659 5017
f 3129 1138 5017
f 7041 5018 4224
f 5018 5027 4224
f 1382 5019 586
f 5019 4515 586
f 5020 1020 1450
f 1020 5020 4829
f 1823 3567 5021
f 1823 5021 3472
f 3381 5022 2145
f 2145 5022 3246
f 5023 3282 6586
f 560 5023 2045
f 882 5024 2581
f 5024 850 2581
f 2308 956 5025
f 2308 5936 4494
f 5026 5818 1413
f 1089 5026 1413
f 1036 3074 5027
f 5018 1036 5027
f 1104 1718 5028
f 1718 753 5037
f 6080 3353 5029
f 3353 1016 5029
f 2717 6161 5030
f 2717 5030 5287
f 5031 3165 1378
f 1378 2197 5034
f 2380 5032 1757
f 2380 5303 5032
f 3426 5033 2548
f 2277 5033 3426
f 5034 5031 1378
f 7031 5031 5034
f 3374 5035 3881
f 1847 5035 3374
f 3517 5036 774
f 774 5036 1677
f 5028 5037 2241
f 5028 1718 5037
f 4259 801 5038
f 553 5038 6089
f 303 3866 5039
f 1500 5039 3866
f 5040 4903 4095
f 4095 1443 6842
f 2120 4538 5041
f 6536 2120 6574
f 518 5042 3183
f 518 4826 5042
f 357 4935 5043
f 6137 5043 2093
f 5044 1350 1434
f 1350 5044 1465
f 2067 4965 5045
f 2086 2067 5795
f 6215 5046 1878
f 3451 5469 6659
f 2848 5047 6963
f 3156 5047 2848
f 1735 5048 2073
f 2073 6346 320
f 526 5049 387
f 4100 5049 526
f 2818 5050 7094
f 5050 2818 3147
f 4238 2298 5051
f 2298 6542 5577
f 5052 1201 5913
f 5043 5052 2093
f 767 2728 5053
f 2728 4218 5053
f 5054 5050 388
f 5054 388 2878
f 690 5055 1257
f 5055 1939 6170
f 3604 703 5056
f 1851 3604 5056
f 3469 5057 820
f 3469 4459 5057
f 5058 3833 5066
f 5462 5058 559
f 5059 6851 2489
f 5059 2489 1117
f 3324 5060 3807
f 3324 1267 5060
f 5061 3116 1517
f 5076 6008 5061
f 6458 5062 530
f 6205 5062 6458
f 4131 5063 2455
f 2455 5063 1787
f 5064 797 1396
f 5366 6520 6467
f 5065 6418 786
f 5065 786 6453
f 559 5066 3350
f 5058 5066 559
f 1981 5067 1638
f 3189 6248 5067
f 5720 5071 3498
f 5071 5814 3498
f 5069 2413 2206
f 1245 5161 5069
f 5070 418 5712
f 5070 4952 418
f 5068 4036 5071
f 5720 5068 5071
f 5242 5072 4813
f 4813 5072 1616
f 5073 1759 4543
f 5073 4543 6243
f 790 5775 5074
f 2688 790 5074
f 5075 713 1681
f 713 6735 3235
f 5076 1517 7
f 5076 5061 1517
f 2568 5077 691
f 4535 5077 2568
f 5078 2801 504
f 4312 5078 504
f 3290 3432 5079
f 4634 5079 3432
f 5080 4470 2651
f 5886 2651 1980
f 1026 5081 6998
f 1026 3757 5081
f 2452 3095 5082
f 2452 5082 5280
f 2003 5083 5079
f 1781 5083 2003
f 3857 5084 1189
f 6498 5084 3857
f 1770 5298 3710
f 3710 5298 5294
f 5086 4474 1326
f 5157 5086 1326
f 791 4419 5087
f 5087 4419 3783
f 6259 458 6426
f 5853 458 6259
f 1169 2847 5089
f 1169 5089 4493
f 6426 458 1790
f 6426 1790 1773
f 2530 6684 5091
f 654 2530 5091
f 1854 4435 5092
f 4435 645 5092
f 431 5986 5093
f 4789 1041 5093
f 4611 1377 5094
f 1377 3990 5094
f 5095 3661 5105
f 5095 335 6075
f 5096 5055 690
f 5082 5096 690
f 2028 4420 5097
f 2028 5881 629
f 1903 3328 5098
f 4343 1903 6557
f 2787 5099 1044
f 1044 7057 2556
f 4438 5100 1142
f 1142 5100 6178
f 5101 654 2533
f 5101 2533 1694
f 5102 1666 3280
f 5621 1666 5102
f 2458 1223 5103
f 5103 1223 3747
f 2706 5104 2700
f 1965 6290 2706
f 335 5095 5105
f 335 5105 6124
f 372 5106 2313
f 2313 5111 2164
f 5472 5107 3748
f 5107 5902 3748
f 1001 5108 6195
f 3444 5108 1001
f 6245 4258 5109
f 5109 4258 1602
f 336 5110 2962
f 5110 554 2962
f 2313 5106 5111
f 5106 697 5111
f 5112 1453 5878
f 5112 2005 1453
f 5113 1506 4167
f 5113 4167 687
f 2131 5114 3852
f 393 5114 2131
f 5807 2505 5115
f 5115 2505 4880
f 4260 2776 5116
f 2841 6024 2776
f 669 5117 963
f 6225 5117 669
f 5123 5118 1022
f 1022 6862 3619
f 5119 6667 3994
f 5509 5119 3994
f 519 4048 5120
f 5120 4048 2471
f 5412 1354 5121
f 1354 3435 5121
f 4744 1789 5122
f 1789 5120 5122
f 4605 5123 1470
f 5123 1022 1470
f 5124 892 2623
f 5781 5124 2623
f 1013 6451 5125
f 6077 5125 6498
f 5126 4342 2015
f 3387 5482 2015
f 2019 3126 5127
f 2115 5127 3126
f 1663 5829 5128
f 5128 4505 1663
f 2471 5134 5129
f 5122 2471 5129
f 5515 1421 1276
f 1276 1330 5515
f 3957 2008 5131
f 6916 5131 2008
f 1472 2066 5132
f 5132 2066 914
f 2184 4695 5133
f 1671 5133 4695
f 5134 3675 527
f 5129 5134 527
f 5135 3220 1050
f 5135 1050 5909
f 5140 5136 2335
f 2947 5136 1188
f 5137 1867 3741
f 2888 5137 3741
f 5138 3714 3258
f 3256 5138 3258
f 5139 3484 5134
f 3581 3484 5139
f 2202 1188 5140
f 1188 5136 5140
f 1154 5141 7011
f 1906 5141 1154
f 2357 4 5142
f 4 3295 6129
f 5143 3256 3463
f 5138 3256 5143
f 5566 2132 5144
f 1187 5144 2132
f 6969 4836 5145
f 1113 5145 1361
f 5146 1053 6578
f 4366 5146 936
f 641 6353 5147
f 6660 2559 1098
f 5148 1854 2323
f 555 5148 2323
f 5149 2571 1594
f 5149 4650 2571
f 602 4210 5150
f 4210 828 5150
f 5151 1140 4394
f 3088 5151 4394
f 1130 5152 4848
f 1130 5590 5152
f 5153 2733 2512
f 2512 3732 5153
f 3056 5154 1205
f 4515 5154 3056
f 5155 5522 2916
f 460 5155 2916
f 5156 2641 3273
f 2201 5156 3273
f 3399 5086 5157
f 755 3399 5157
f 1642 597 5158
f 6629 5158 597
f 4257 5159 1964
f 1964 5159 2575
f 5160 1483 3558
f 1483 5166 1686
f 5069 5161 2413
f 2413 5161 2372
f 5162 6458 530
f 5162 530 4246
f 3121 4069 5163
f 3645 5163 4069
f 1858 710 5164
f 710 6939 6503
f 5165 2692 1373
f 5165 1373 3788
f 5160 4086 5166
f 1483 5160 5166
f 5167 3902 2363
f 5167 2363 620
f 1383 1109 5168
f 6398 2723 5168
f 5169 566 2740
f 566 5169 3975
f 1124 5170 3998
f 3998 5170 3971
f 2894 1992 5171
f 2894 5171 1809
f 3923 5172 1232
f 3923 5782 5172
f 3598 421 5173
f 421 1071 5173
f 5174 3540 872
f 5403 3540 5174
f 3722 5175 6690
f 1646 6002 2253
f 5176 4479 6594
f 5176 3504 605
f 5183 5177 3123
f 5177 5212 3123
f 5178 1448 4653
f 1448 5178 3196
f 5179 1156 1825
f 1160 6246 5903
f 1940 5180 5468
f 3513 5180 1940
f 1203 5181 7113
f 3549 5181 1203
f 4510 5182 2852
f 5962 5182 4510
f 3954 5177 5183
f 3954 5183 1855
f 3666 5184 2804
f 5184 661 2804
f 1503 5185 3242
f 3242 5185 1862
f 5186 2064 5714
f 5186 1870 2064
f 1886 1129 5187
f 5187 1129 5191
f 5939 5188 3991
f 3991 5188 6387
f 1915 5189 5595
f 1716 5189 6336
f 5190 6281 1065
f 5190 1065 6943
f 5187 5191 519
f 519 5191 4048
f 1097 4138 5192
f 1097 5192 3944
f 5193 777 3461
f 739 6183 5919
f 5271 4330 5194
f 2933 6031 4330
f 6268 5195 2144
f 1401 2999 5195
f 3882 3084 5196
f 1549 3882 7045
f 1469 519 5197
f 4262 1469 5197
f 380 4187 5198
f 4304 380 5898
f 5199 583 375
f 1283 5199 375
f 3170 6185 5200
f 5200 4331 3170
f 6974 3388 5201
f 5201 3388 4581
f 5202 5559 2478
f 2478 6746 5202
f 1249 1134 5203
f 5203 1134 4570
f 3079 5204 940
f 599 5204 3079
f 1746 1827 5205
f 540 1746 5205
f 6695 5206 1521
f 1521 5215 1584
f 5207 3313 3934
f 5207 1420 3313
f 5208 2936 1717
f 5208 1717 3903
f 3746 853 5209
f 5209 853 2202
f 1655 4162 5210
f 5210 4162 4769
f 3236 5211 2376
f 5567 2376 5211
f 5177 1149 5212
f 1149 6000 5212
f 4270 5213 2264
f 4270 907 5213
f 2897 1743 5214
f 2897 5214 580
f 1521 5206 5215
f 5206 3019 5215
f 5216 2619 1696
f 1174 2619 5216
f 2412 5217 371
f 7018 5217 2412
f 5218 1909 1892
f 757 1909 5221
f 6002 5219 2253
f 2253 5219 6709
f 5220 2336 3608
f 2336 5220 3734
f 5221 1909 5218
f 5221 5218 1241
f 1697 4925 5222
f 1697 5222 3385
f 5223 2208 4806
f 5223 3024 2208
f 2771 5450 5224
f 3103 2771 5224
f 5225 5333 1269
f 5225 1269 2075
f 6174 5226 4647
f 5226 2409 4647
f 1633 2250 5227
f 1633 5227 3358
f 2425 5228 743
f 5453 6136 5228
f 407 5229 5211
f 407 1928 5229
f 2171 5230 6382
f 3992 5230 2171
f 4382 5544 769
f 5544 4760 769
f 1837 5232 3476
f 5232 4327 3476
f 538 2343 5233
f 3902 538 5233
f 5234 3491 1982
f 5234 1315 3491
f 2699 420 5235
f 6508 420 5875
f 1158 5236 2388
f 1158 4973 5236
f 2854 5237 5387
f 2087 5237 2854
f 2525 5238 6148
f 6399 5238 2525
f 305 5239 3490
f 3490 5239 5257
f 3167 5240 6931
f 6710 5240 3167
f 1990 5241 6022
f 1990 3997 5241
f 5242 920 5072
f 5381 3699 920
f 3770 5243 1274
f 2319 5243 3770
f 6731 2375 5244
f 2375 4604 5244
f 5245 5668 2731
f 4777 5245 2731
f 6710 3167 5246
f 5246 3167 3847
f 5702 3158 5247
f 3158 5249 5247
f 2243 5248 4414
f 4970 5248 2243
f 3117 2449 5249
f 5247 5249 2449
f 4579 1049 5250
f 1049 1798 6944
f 5251 3085 1349
f 1349 3099 5251
f 6124 2538 5252
f 2756 1649 5252
f 6956 1426 5253
f 1426 2675 5718
f 4237 5254 1720
f 5254 4748 1720
f 5255 6380 3470
f 6356 5255 3470
f 5256 7089 594
f 5256 594 6094
f 5239 1928 5257
f 5257 1928 407
f 5258 1914 2730
f 2281 5258 6982
f 5956 3164 5259
f 1607 5259 6293
f 5252 5260 2628
f 5260 1157 2628
f 5261 471 2938
f 4750 471 5261
f 857 5262 2643
f 857 4220 5262
f 5263 3790 2417
f 4699 3790 5263
f 2178 4577 5264
f 5255 2178 5264
f 2684 5265 5271
f 6068 1573 5265
f 5274 5266 650
f 1632 6428 2306
f 4208 5267 1555
f 6072 5267 4208
f 2105 6419 5268
f 3398 2959 6430
f 3442 5844 5269
f 2371 5407 5269
f 1731 5270 6766
f 5270 1731 5635
f 5265 1573 5271
f 5271 1573 1522
f 3186 578 5272
f 1516 3186 5272
f 4024 4833 5273
f 4024 5273 4110
f 1305 2306 5274
f 5266 5274 2306
f 5275 839 3494
f 839 6814 4953
f 3310 1543 5276
f 5276 6147 3369
f 5277 7002 1560
f 5277 1560 2345
f 5278 683 4728
f 4728 2318 5278
f 5279 2050 6839
f 3191 5279 300
f 5280 1775 3941
f 738 5280 3941
f 1740 5281 3285
f 3285 5281 1751
f 3025 2361 5282
f 5282 2361 3437
f 5283 400 2442
f 7085 5283 2442
f 2036 5284 2902
f 2902 5284 6624
f 2122 5285 5779
f 2992 5285 2122
f 4558 5286 1645
f 6876 1645 5286
f 1332 776 5287
f 2717 5287 776
f 5288 5294 2460
f 5288 2460 6408
f 5289 1294 5001
f 3973 1294 5289
f 1546 4127 5290
f 5290 3052 1546
f 5291 755 5157
f 3650 755 5291
f 2179 1755 5292
f 2179 5292 4096
f 1332 5293 776
f 5293 1332 695
f 5294 792 2460
f 5294 6311 792
f 5295 6589 3731
f 1293 5295 3731
f 4578 5296 2278
f 4578 6478 5296
f 4882 4877 5297
f 5297 4877 1554
f 4159 6305 5298
f 5298 5085 5294
f 1603 5299 3239
f 5299 5124 3239
f 4630 5300 3162
f 5300 1554 3162
f 5301 4183 3005
f 5301 3005 1319
f 3777 711 5302
f 711 2821 5302
f 2859 5303 1082
f 5303 6654 1082
f 1381 464 5304
f 5871 1381 5304
f 2983 340 5305
f 1908 2983 6330
f 5306 5317 779
f 779 3021 5306
f 4933 2515 5307
f 5307 2515 613
f 5308 2524 3012
f 5308 3012 1449
f 4549 2315 5309
f 5309 2315 3770
f 5310 2609 5514
f 366 5310 1171
f 5311 5308 1449
f 5311 1449 4298
f 685 2407 5312
f 5312 2407 1847
f 5313 2732 1440
f 5313 6937 1317
f 3019 1892 5314
f 1892 7021 5314
f 1121 5315 1665
f 3314 5315 1121
f 5316 3730 2030
f 4318 3730 5316
f 5306 2030 5317
f 2030 3730 5317
f 5318 2787 3392
f 838 2787 5318
f 1802 5319 3288
f 1802 4248 5319
f 5320 1306 3038
f 5320 7120 1306
f 2949 5321 5040
f 1973 5321 2949
f 5337 5322 2753
f 5322 781 2753
f 5323 1752 4534
f 3366 5323 4534
f 5324 1802 3288
f 406 5324 3288
f 4996 735 5325
f 5325 2047 4996
f 5700 5326 521
f 5326 3467 521
f 2177 5327 6544
f 2177 5946 5327
f 707 850 5328
f 707 5347 2965
f 1662 5329 5549
f 5329 1662 6840
f 3264 5330 1488
f 3264 1197 5330
f 5331 2793 2634
f 5331 2634 6173
f 1817 5332 2779
f 5332 1817 4917
f 3794 1269 5333
f 3794 5333 4963
f 2763 3237 5334
f 2763 5334 3645
f 3988 5335 1389
f 5335 5632 1389
f 3609 5336 6911
f 6746 3609 5202
f 5326 5337 3467
f 5337 2753 3467
f 2404 625 5338
f 5338 4467 2404
f 5993 5714 2439
f 4102 5993 2439
f 6465 5340 2931
f 2931 5340 2684
f 5341 1893 1393
f 4296 1893 5341
f 5342 5975 6273
f 1873 6283 5342
f 912 5343 5773
f 6789 5343 912
f 2942 5344 1685
f 5344 6384 1685
f 2373 6499 5345
f 5345 1221 2373
f 6141 5346 1918
f 5351 3812 1918
f 5347 707 5328
f 5347 5328 6802
f 6577 6994 6569
f 6994 6985 301
f 2092 5349 3921
f 3285 6776 2092
f 6606 5350 1916
f 1916 5350 5347
f 5346 5351 1918
f 5343 5351 5346
f 5352 2086 5795
f 5352 3767 2086
f 2116 6504 5353
f 6961 2116 6154
f 6565 2799 5354
f 5354 2799 1078
f 5368 1551 5355
f 6188 2671 5355
f 2151 5356 2431
f 2151 3238 5356
f 4336 2124 5357
f 5357 2124 1515
f 5358 5982 3235
f 3068 5358 3235
f 5359 419 3520
f 419 5359 4707
f 5360 4450 298
f 3551 5360 298
f 1311 5361 2074
f 1311 3038 5361
f 5362 1498 837
f 3062 6345 837
f 2683 5363 6706
f 5363 1126 721
f 2141 5364 3043
f 5955 5364 2141
f 3571 5365 4377
f 3571 995 5365
f 5366 2019 5064
f 5366 5064 1396
f 2732 5367 5369
f 3464 1035 5367
f 2671 5368 5355
f 2671 5810 5368
f 5367 1035 5369
f 1035 1813 5369
f 5370 1277 3122
f 4511 5370 3122
f 1554 5371 2392
f 5371 811 2392
f 5479 5372 3143
f 1764 3143 5372
f 1813 943 5373
f 5369 1813 5373
f 2964 2573 5374
f 677 5374 2573
f 2614 1032 5375
f 5375 1032 5798
f 573 5376 1704
f 1704 5885 503
f 2228 4768 5377
f 2228 5377 4508
f 2195 5378 3306
f 3306 5378 4145
f 4887 5379 4637
f 5379 4887 3110
f 5380 6440 900
f 4284 5380 900
f 6413 5381 5242
f 5242 5381 920
f 2715 6193 5382
f 2715 5382 540
f 5383 1271 4939
f 2919 1271 5383
f 3124 5384 3003
f 6694 6579 3019
f 5385 1431 1179
f 5385 2335 1431
f 5386 2976 6394
f 5827 671 2976
f 2854 5387 637
f 637 5387 4514
f 2487 5388 2076
f 5388 2487 6677
f 5389 1676 2745
f 3948 5389 2745
f 4402 6417 5390
f 5390 2713 4402
f 5260 5391 1157
f 5391 3865 1157
f 3679 5392 1800
f 742 5392 3679
f 5393 2866 4774
f 578 5393 4774
f 4595 5394 448
f 5742 448 5394
f 5395 4852 7095
f 7006 5395 7095
f 3328 2857 5396
f 2857 6744 5396
f 5397 3152 4614
f 5397 6989 3152
f 2698 5398 4797
f 5398 2698 3366
f 4864 4878 5399
f 7024 26 4864
f 1857 5400 4082
f 6976 5400 1857
f 3504 5401 605
f 605 5401 965
f 5402 808 3644
f 1774 808 5402
f 2714 5403 5761
f 5828 5403 2714
f 7027 5399 7028
f 5399 1284 7028
f 5349 5405 3916
f 3916 5405 394
f 4458 5918 1920
f 1902 5918 4458
f 4368 5407 1782
f 2371 1782 5407
f 5408 2657 2329
f 2329 3683 5967
f 4001 5409 4248
f 5409 4001 6041
f 3279 5405 5410
f 3279 5410 2841
f 997 6811 5411
f 997 5411 2945
f 452 5866 5412
f 452 5412 5121
f 1636 6303 5413
f 2099 1636 5413
f 5414 4901 435
f 4860 5414 435
f 5424 3022 5415
f 5415 3022 2113
f 6395 5416 3522
f 2654 5416 6395
f 19 5417 192
f 3534 5417 19
f 5418 4390 6585
f 5679 4390 5418
f 5419 988 5012
f 5419 5012 2221
f 5420 3911 2071
f 6554 6511 1497
f 2079 5421 5438
f 5436 7067 5428
f 700 5422 5258
f 344 5422 700
f 1617 2655 5423
f 2655 542 5423
f 1861 5567 5424
f 5424 5415 1861
f 481 3950 5425
f 5425 4153 481
f 508 5426 2973
f 5426 508 3226
f 5427 830 1668
f 5434 1668 1796
f 5428 2102 5438
f 2100 5436 5428
f 4153 821 5429
f 481 4153 5429
f 3557 2864 5430
f 5430 2864 5393
f 2069 4663 5431
f 5431 4492 2069
f 5432 6631 3678
f 5432 3678 7005
f 6342 684 5433
f 684 5742 5433
f 6835 1668 5434
f 6840 5434 1523
f 2245 5435 4121
f 4890 5435 2245
f 5439 5421 5436
f 5436 5421 7067
f 3041 6469 5437
f 5437 2090 3041
f 5439 5436 2100
f 5428 5439 2100
f 5421 5439 5438
f 5428 5438 5439
f 5440 2433 3607
f 5440 3607 3768
f 271 5441 5890
f 5890 5441 6996
f 2566 5442 6781
f 3620 5442 2566
f 3397 2273 5443
f 2273 2608 5443
f 830 5444 2222
f 1662 5444 830
f 3188 5724 5445
f 5445 1761 2760
f 6216 5446 773
f 5446 2849 773
f 5447 1572 2149
f 5447 2149 4925
f 600 2590 5448
f 2590 6496 5448
f 6312 5449 6683
f 5449 3451 363
f 1010 5450 2771
f 6269 5450 1010
f 5451 1069 2251
f 5451 2251 1661
f 5452 6500 956
f 5452 956 3249
f 2425 5453 5228
f 5453 2425 2695
f 1572 5447 5454
f 1572 5454 2856
f 1590 5455 4446
f 1590 6299 5455
f 5559 5456 2925
f 5462 5456 5058
f 3138 5457 2103
f 1753 5457 3138
f 4601 7033 5458
f 4305 4601 5458
f 304 5459 3094
f 1811 5459 304
f 507 5884 5460
f 507 5914 3142
f 3165 5461 1299
f 6049 3165 4053
f 2925 5462 5749
f 5462 2925 5456
f 3543 5463 3213
f 5463 3543 3787
f 5464 3094 4260
f 304 3094 5464
f 5465 934 1199
f 5465 2096 934
f 5466 266 5079
f 5083 5466 5079
f 2225 5467 378
f 580 5467 2225
f 5468 1300 2668
f 5180 1300 5468
f 5744 5728 5469
f 2831 5744 5469
f 5470 4858 806
f 1650 4858 5470
f 2197 4963 5471
f 5471 5034 2197
f 1867 5472 3741
f 5107 5472 1867
f 5473 6988 3828
f 5473 3828 784
f 6075 5474 1087
f 6736 3704 1087
f 608 3205 5475
f 608 5475 4336
f 4535 5476 5077
f 5476 4535 899
f 2037 6581 5477
f 6581 5942 5477
f 6057 1079 5478
f 3552 5478 1079
f 5479 3143 1224
f 1224 1930 5479
f 6087 5480 386
f 386 5480 4632
f 551 5481 776
f 4986 5481 551
f 2015 5482 5126
f 5482 3257 5126
f 5483 954 3616
f 5542 954 5483
f 5484 3177 4705
f 352 3177 5484
f 5485 302 2555
f 5485 6516 302
f 3195 5486 4323
f 5486 1068 4323
f 5487 3283 2082
f 5942 2082 5477
f 2465 423 5488
f 1092 2465 5488
f 5489 3921 5349
f 5489 5502 3921
f 2074 5490 4272
f 4272 5490 396
f 675 1784 5491
f 2355 675 5491
f 1228 5492 4755
f 4533 5492 1228
f 3089 882 5493
f 882 2581 5493
f 4504 2598 5494
f 5494 2598 4267
f 1196 5495 6385
f 1358 5495 1196
f 5496 412 6422
f 6558 5496 6422
f 5497 3358 5227
f 3358 5497 4278
f 5498 2293 5117
f 747 2293 5498
f 5499 1725 2332
f 1041 5499 2332
f 5500 6069 3298
f 3415 5500 3298
f 3931 5501 844
f 5501 3206 844
f 3921 5502 1742
f 5502 3654 1742
f 4992 5503 611
f 5503 5324 611
f 358 3985 5504
f 358 5504 2180
f 2749 5505 3487
f 5505 2749 2479
f 3718 658 5506
f 3718 5506 2415
f 6271 2189 5507
f 5562 5774 5507
f 5508 5510 4097
f 604 5510 5508
f 5509 715 5119
f 4543 715 5509
f 3181 5510 604
f 3181 632 5510
f 3718 2415 5511
f 2415 5213 5511
f 2614 5512 1032
f 2614 3993 5512
f 5513 1441 1446
f 5513 3765 1441
f 1171 5310 5514
f 1171 5514 6277
f 1244 5515 6558
f 6558 5515 6327
f 632 3114 5516
f 5510 632 5516
f 1416 4377 5517
f 4594 1416 5517
f 2542 5518 1325
f 6446 1325 5520
f 5519 2301 2422
f 2301 5519 4497
f 5520 5518 4731
f 5520 1325 5518
f 2333 373 5521
f 4910 2333 6377
f 3912 6082 5522
f 7071 984 6318
f 5523 1178 2121
f 3970 5523 2121
f 4670 2704 5524
f 5524 2704 6755
f 4366 936 5525
f 4366 5525 939
f 3179 1064 5526
f 1064 5517 5526
f 5527 3472 1754
f 2689 5527 1754
f 3864 2029 5528
f 3204 5528 2029
f 781 5529 5829
f 5322 5529 781
f 2797 5530 870
f 6678 1608 5530
f 364 885 5531
f 6580 885 368
f 5532 2735 4176
f 5532 4176 720
f 5515 3534 5533
f 5515 5533 1421
f 1375 3717 5534
f 6673 1375 5534
f 3442 5535 717
f 717 5535 2837
f 125 6779 752
f 71 6779 125
f 736 5537 3116
f 6447 6466 5537
f 5538 5402 2155
f 7076 2155 2988
f 1848 1415 5539
f 5539 1415 3804
f 952 5540 1660
f 1660 5540 5686
f 3117 2183 5541
f 5541 2183 4700
f 5542 5483 4700
f 2183 5542 4700
f 5543 3252 2001
f 3469 5543 2001
f 4382 5231 5544
f 373 5544 5231
f 5545 2574 4958
f 5545 349 2574
f 3914 6915 5546
f 6918 3030 4329
f 6321 4179 5547
f 4179 177 5547
f 1953 5659 5548
f 5548 6760 1953
f 3870 5549 2553
f 5329 2553 5549
f 4591 1882 5550
f 5550 1882 2690
f 1600 5551 2930
f 5551 4536 6213
f 1213 3016 5552
f 1213 6764 3556
f 6910 4138 5553
f 5553 4138 1097
f 1771 3721 5554
f 3128 1771 5554
f 5555 2194 681
f 5750 5555 681
f 2584 6378 5556
f 5556 2123 2584
f 5557 941 5944
f 5557 5839 941
f 2822 4434 5558
f 5558 4434 6554
f 5202 1088 5559
f 5559 1088 5456
f 3391 5560 1291
f 856 1291 5560
f 689 1323 5561
f 5561 1323 2118
f 5562 5507 2189
f 5562 2189 2195
f 3813 3598 5563
f 5563 3598 5173
f 3365 5564 1395
f 5564 3365 4359
f 5565 6760 6771
f 5014 5565 1226
f 767 5566 3294
f 3294 5566 5144
f 5567 4033 2376
f 1861 4033 5567
f 5568 4974 1390
f 4621 5568 1390
f 5569 2975 3568
f 4142 2975 5729
f 1721 5570 3356
f 3356 5570 1348
f 6351 5571 2827
f 2827 5571 5560
f 5572 337 3337
f 5572 4589 337
f 2378 1958 5573
f 5573 2764 2378
f 5574 2696 6828
f 1290 2696 5574
f 5575 4851 2379
f 5575 2379 1705
f 3441 756 5576
f 5576 756 1409
f 2298 5577 5051
f 5051 5577 1411
f 3933 5578 6009
f 6784 5578 3933
f 7003 7130 5579
f 5593 5579 2917
f 5580 901 4238
f 4848 901 5580
f 5586 1863 5581
f 5581 1863 5576
f 2345 2795 5582
f 2345 5582 406
f 1860 4674 5583
f 1860 5583 1392
f 1896 741 5584
f 4980 5584 741
f 5585 2582 2182
f 5585 6057 2582
f 6727 5586 4993
f 5586 5581 4993
f 2054 1055 5587
f 5587 1055 5580
f 4452 3869 5588
f 3869 282 5588
f 2913 672 5589
f 5589 3758 2913
f 6210 2557 5590
f 5590 5600 2350
f 3001 5591 1165
f 6967 5585 1165
f 4453 6390 5592
f 4453 5592 5501
f 5579 5593 1606
f 5858 5593 370
f 2486 1674 5594
f 2813 2486 5594
f 4911 5595 1716
f 1716 5595 5189
f 6258 5596 2421
f 5596 5386 2421
f 5597 3854 359
f 5597 4673 3854
f 5598 6864 2409
f 5226 5598 2409
f 5599 3896 1912
f 6254 3896 5599
f 3577 5600 2557
f 2557 5600 5590
f 399 1446 5601
f 5601 6017 399
f 3334 1634 5602
f 3334 5602 2306
f 3251 2281 5603
f 5603 2281 6219
f 3816 1380 5604
f 1380 821 5759
f 3029 5605 3380
f 786 3380 5605
f 1632 5606 3688
f 5602 5606 1632
f 3774 2113 5607
f 3022 5607 2113
f 4151 5608 6517
f 2196 5608 735
f 2344 1778 5609
f 3606 2344 5609
f 5610 646 3663
f 4207 646 5610
f 5611 2711 1174
f 5616 1174 3976
f 5612 1042 651
f 651 6642 5612
f 5661 5613 4102
f 5613 5993 4102
f 2361 5614 980
f 5614 6275 980
f 6123 5615 771
f 771 5615 5809
f 5616 5611 1174
f 2710 5611 5616
f 5617 1777 1042
f 5612 5617 1042
f 2077 852 5618
f 852 2603 5618
f 662 5619 3091
f 1151 5619 662
f 3379 5620 2934
f 2934 6646 547
f 391 5679 5621
f 3736 391 5621
f 4346 5622 1090
f 1090 6809 596
f 2288 4227 5623
f 4227 2716 5623
f 5624 3851 2603
f 852 5624 2603
f 5625 740 7015
f 6493 740 5625
f 6738 1776 5626
f 1776 3344 5626
f 6775 5627 2428
f 2428 5627 5634
f 5628 2016 825
f 5628 2826 2016
f 5629 4028 1487
f 5629 1487 300
f 5630 3669 1060
f 4840 5630 1060
f 5 5631 2319
f 6006 732 6010
f 5632 799 3473
f 5632 3395 799
f 583 546 5633
f 583 6016 5352
f 3185 5634 2785
f 2428 5634 3185
f 4192 5270 5635
f 1737 4192 5635
f 1213 3563 5636
f 3563 1990 5636
f 5637 1197 3264
f 4128 1197 5637
f 5638 4079 4541
f 2948 4079 5638
f 2801 5078 5639
f 5639 6143 2801
f 5648 1809 5640
f 5636 5640 1809
f 1769 5641 3029
f 1769 6697 5641
f 5642 894 6421
f 3109 894 5642
f 3230 2190 5643
f 2268 5643 2190
f 2587 1324 5644
f 2587 5644 826
f 577 5645 3203
f 3309 5645 577
f 5646 1339 3386
f 6067 6778 1339
f 5647 4914 3272
f 4914 5647 2327
f 5648 5640 3200
f 5648 3200 558
f 864 5649 4173
f 864 4637 5649
f 408 5650 5937
f 408 6035 5650
f 5655 5651 4500
f 5651 3630 4500
f 5652 5656 2185
f 626 5652 2960
f 4938 5653 3803
f 6452 5653 1803
f 5654 218 6208
f 218 5660 4854
f 2059 5651 5655
f 4496 2059 5655
f 626 2237 5656
f 626 5656 5652
f 5657 6947 2863
f 1074 6947 5657
f 3502 5658 2192
f 2192 5658 6055
f 5659 567 3906
f 567 5659 3372
f 5660 5654 246
f 5654 5660 218
f 1542 4675 5661
f 5661 4675 5613
f 5662 869 4610
f 5662 4610 4847
f 3978 1220 5663
f 5663 1220 4415
f 5664 851 2663
f 5664 6656 4080
f 5006 5665 330
f 330 5665 1341
f 983 5666 5073
f 6874 5666 983
f 859 5667 3827
f 3827 5667 1974
f 4230 390 5668
f 390 525 5668
f 5669 6437 834
f 834 4716 5669
f 4475 5670 4442
f 4442 5670 3468
f 6729 1310 5671
f 3596 5671 927
f 4549 5672 2790
f 5672 6351 2790
f 6304 5673 3706
f 5673 2239 3706
f 2877 2013 5674
f 4961 5674 2013
f 6428 5675 2513
f 6046 2513 5675
f 3304 2702 5676
f 2702 4279 5676
f 4097 5677 5508
f 5508 5677 4383
f 5678 5106 372
f 372 3244 5678
f 391 2152 5679
f 2152 4390 5679
f 5680 3131 4788
f 3134 5680 4788
f 754 5681 5672
f 754 3733 5681
f 4509 630 5682
f 5682 630 728
f 4548 5683 2037
f 2037 5683 6581
f 2552 5684 3232
f 4152 3232 5684
f 4107 5685 5688
f 6838 5685 4107
f 5686 5540 4122
f 5686 4122 5797
f 5583 5687 1392
f 1392 6869 2814
f 5688 5685 499
f 5688 499 3355
f 5689 2552 6615
f 2552 5689 5684
f 2546 1640 5690
f 6653 2546 5690
f 5691 6239 1562
f 3142 5691 5694
f 5692 1605 3693
f 1605 5692 3110
f 5693 1328 3461
f 5693 3003 1328
f 5694 5691 1562
f 5694 1562 3665
f 5695 902 4619
f 1814 5695 4619
f 5696 718 4160
f 718 5696 3473
f 968 5697 2217
f 2217 5697 4666
f 860 3680 5698
f 3680 4661 5698
f 6003 805 5699
f 805 6476 5699
f 5700 521 3277
f 5696 5700 3277
f 5701 1830 3217
f 1977 5701 3217
f 3579 5702 2169
f 2169 5702 5247
f 2758 5493 5703
f 2758 5703 6879
f 5704 6318 1061
f 4295 5704 1061
f 4380 5705 701
f 4541 701 5705
f 2165 2825 5706
f 1338 5706 2825
f 5707 4960 6359
f 5070 5707 6359
f 5708 4722 1296
f 2056 4722 5708
f 5709 3064 2998
f 4243 5709 2998
f 5710 5706 1338
f 688 5710 1338
f 5711 3026 6167
f 5376 5711 376
f 1259 5707 5712
f 3676 1259 5712
f 5342 5713 2187
f 5713 4975 2187
f 5714 278 3671
f 2439 5714 3671
f 5715 1319 2369
f 5301 1319 5715
f 2939 5168 5716
f 4321 2939 5716
f 4073 529 5717
f 529 3584 5717
f 1426 5718 5253
f 5253 5718 4201
f 3670 1523 5719
f 3670 5719 5727
f 1621 5720 3668
f 6159 6864 3668
f 3160 5721 2451
f 5721 3575 2451
f 2823 5722 5728
f 4706 890 5722
f 1794 5723 2497
f 1112 5723 1794
f 5724 1761 5445
f 6362 1761 5724
f 4059 2337 5725
f 1281 4059 5725
f 6050 5726 351
f 5726 6335 351
f 3670 5727 5740
f 5727 5719 1568
f 890 5728 5722
f 1948 5728 890
f 972 5729 5569
f 5729 2975 5569
f 5730 4928 3025
f 1596 4928 5730
f 1802 5731 4248
f 306 4248 5731
f 5732 4875 1218
f 4875 5732 2282
f 5097 5733 1484
f 1484 5733 5290
f 5731 5734 2200
f 6922 2264 2200
f 5735 3224 1225
f 5735 7075 3224
f 2868 1111 5736
f 5736 1111 1345
f 6088 3317 5737
f 4252 2156 5737
f 1280 5738 3210
f 3901 6350 1280
f 2831 5739 5744
f 2831 2331 5739
f 3995 5740 1568
f 5740 5727 1568
f 1183 2121 5741
f 6360 5747 5741
f 684 3934 5742
f 3313 5742 3934
f 665 5743 3697
f 5743 6355 3697
f 5744 5739 2823
f 5744 2823 5728
f 2959 2040 5751
f 2959 5751 6430
f 5746 600 3100
f 5746 2590 600
f 5747 1183 5741
f 1015 1183 5747
f 5748 1116 426
f 5748 4017 1116
f 1493 2925 5749
f 1493 5749 4216
f 3261 5750 681
f 4015 5750 3261
f 6430 5751 5745
f 5745 5751 6757
f 606 5752 4232
f 4232 5752 2356
f 2252 3215 5753
f 5753 1707 2252
f 5754 814 1321
f 4721 5754 1321
f 2807 5755 3545
f 2807 5404 5755
f 3943 889 5756
f 3943 5756 1745
f 4798 5757 4293
f 5757 4798 817
f 5758 4449 1712
f 4411 5758 1712
f 5759 5604 1380
f 5604 5759 2833
f 4609 5760 768
f 5760 840 768
f 5174 1034 5761
f 5761 1034 5461
f 5193 5762 2914
f 2914 5765 2138
f 4153 5763 821
f 5759 821 5763
f 2562 1464 5764
f 5842 5764 1464
f 5762 5765 2914
f 5765 5762 2630
f 5766 1936 4439
f 2412 1936 5766
f 3687 2183 5767
f 1406 3687 5767
f 569 5768 1545
f 5773 5346 6141
f 4316 6257 5769
f 552 4316 5769
f 5770 6144 683
f 5770 683 5278
f 5771 4758 3942
f 451 4758 5771
f 1957 2307 5772
f 2307 6296 5772
f 5768 962 5773
f 5768 5773 6141
f 552 5769 5774
f 5562 552 5774
f 1730 4739 5775
f 5775 5772 1730
f 561 5776 1029
f 5776 4563 1029
f 2849 3696 5777
f 6436 5777 5336
f 1569 1963 5778
f 5778 4515 1569
f 685 5779 2407
f 5779 685 2122
f 662 3091 5780
f 5780 3091 898
f 1749 5781 4337
f 5756 5781 1749
f 5782 4596 1806
f 5172 5782 1806
f 2747 948 5783
f 5783 415 6921
f 6361 2757 1818
f 4894 6361 1818
f 5785 2968 1885
f 5169 5785 1885
f 4125 5786 1432
f 5786 3234 1432
f 4353 5787 1077
f 6200 1077 5787
f 1904 4006 5788
f 1904 5788 4927
f 5789 1071 6230
f 1071 5789 5173
f 2106 3910 5790
f 2106 5790 5512
f 5791 5785 4409
f 5791 4409 750
f 5792 2542 1325
f 6561 2542 5792
f 5793 1887 6753
f 1194 1887 5793
f 1264 891 5794
f 891 3215 5794
f 5795 2067 5045
f 1283 5795 5045
f 4810 3569 5796
f 2134 5796 3569
f 4242 5686 5797
f 2408 4242 5797
f 5798 4301 1619
f 6106 5798 7104
f 2783 5799 3815
f 3815 5799 677
f 4810 5800 3569
f 3569 5800 2139
f 778 1141 5801
f 1141 3624 6545
f 5643 5802 2929
f 1070 2929 5802
f 5803 1852 3704
f 1852 5809 1856
f 5804 3508 272
f 5804 272 221
f 3901 5805 4682
f 763 4682 5805
f 5806 6964 6958
f 1753 3138 5806
f 4575 5807 5115
f 1246 5807 4575
f 1138 5808 659
f 5808 1466 659
f 771 5809 5803
f 5803 5809 1852
f 5810 1845 5368
f 980 1845 5810
f 6277 6912 5811
f 2951 5811 1670
f 1329 5812 2270
f 5017 5812 1329
f 623 1513 5813
f 623 5813 6811
f 4025 5814 5071
f 4025 1107 5814
f 5815 5042 4826
f 4826 2429 5815
f 3238 5816 5356
f 3238 1272 5816
f 4922 5817 3304
f 5817 2702 3304
f 709 2694 5818
f 5026 709 5818
f 977 5819 5826
f 977 2232 5819
f 3305 5820 2472
f 1628 5820 3305
f 1674 5821 1687
f 1687 5821 3792
f 932 5822 6860
f 7089 5822 932
f 5698 5823 7112
f 2456 5823 1318
f 673 5824 1478
f 5824 1675 1478
f 4982 2475 5825
f 5825 2475 4756
f 5826 5819 2462
f 5826 2462 1007
f 5596 5827 5386
f 2976 5386 5827
f 2746 4584 5828
f 5828 4584 1108
f 5829 3335 3341
f 3335 5829 1663
f 1439 1744 5830
f 1439 5830 3233
f 1570 1529 5831
f 3010 5831 6637
f 6562 5832 1868
f 5832 1591 7003
f 3473 5833 718
f 3473 799 5833
f 4396 1792 5834
f 1792 612 5834
f 3468 4641 5835
f 4442 3468 5835
f 3482 5836 706
f 3482 1858 5836
f 5837 4495 1574
f 1574 1386 5837
f 663 4317 5838
f 663 5838 6398
f 2182 5839 5557
f 2182 2582 5839
f 5840 4191 2188
f 867 5840 2188
f 6092 5841 369
f 369 7061 743
f 5842 1464 2589
f 787 5842 2589
f 5114 5843 1098
f 5843 1577 1098
f 3772 2371 5844
f 5844 2371 5269
f 5845 3195 1922
f 5845 1922 1080
f 944 5846 5550
f 944 1888 5846
f 3208 476 5847
f 3208 5847 2531
f 5848 2444 6237
f 5848 4552 2444
f 2876 4364 5849
f 5849 277 2876
f 1386 5850 2855
f 1574 5850 1386
f 1740 2092 5851
f 1740 5851 424
f 2032 1004 5852
f 4326 6571 1004
f 6655 2583 5853
f 5853 2583 458
f 3096 5854 3789
f 6818 3096 7099
f 3529 783 5855
f 6485 3529 5855
f 2299 3458 5856
f 5852 2299 5856
f 5857 1450 1020
f 1864 6073 5857
f 802 1606 5858
f 1606 5593 5858
f 5859 1810 3746
f 1549 1810 5859
f 5860 2666 4559
f 2666 5860 1985
f 6361 5861 2757
f 5861 5865 2757
f 5862 4632 6512
f 5862 1480 3271
f 417 5863 2504
f 5016 5863 417
f 802 5864 3717
f 802 5858 5864
f 5861 2170 5865
f 2170 1185 5865
f 5866 4193 969
f 4193 5866 5400
f 4887 3885 5867
f 4410 5867 3885
f 5868 347 6791
f 2522 5868 3858
f 5869 1908 809
f 5869 3110 1908
f 866 6289 5870
f 6245 866 5870
f 5871 2646 5868
f 2646 5871 1094
f 4695 2184 5872
f 5872 2184 759
f 4953 5873 3012
f 2760 5873 4953
f 1239 5874 3252
f 5876 4093 5874
f 5990 5875 3650
f 3650 5875 755
f 5876 5874 1239
f 2596 5876 1239
f 2398 5877 798
f 5884 2398 5460
f 6476 5878 1451
f 5878 2389 1451
f 384 881 5879
f 5883 5879 2945
f 5880 2302 2751
f 5880 3447 2302
f 2028 5097 5881
f 5881 5097 1484
f 5882 1618 6424
f 1850 1618 5882
f 384 5879 5883
f 5883 3570 384
f 5877 5884 1637
f 2398 5884 5877
f 5885 5376 3008
f 5376 5885 1704
f 2477 5080 5886
f 5886 5080 2651
f 1346 5887 2143
f 3929 5887 1346
f 5888 4 2357
f 1971 5888 2357
f 758 3228 5889
f 758 5889 1148
f 5890 5406 4629
f 4629 1274 5890
f 5891 1648 6800
f 5296 5891 1897
f 3963 5892 3015
f 5892 1039 3015
f 5858 370 5893
f 5893 5899 964
f 5894 1874 5923
f 6201 1874 5894
f 2544 1479 5895
f 5895 6414 2544
f 861 4705 5896
f 3302 861 5896
f 5897 6543 1693
f 5605 5897 1693
f 5898 380 5198
f 1615 5898 5198
f 370 5899 5893
f 370 2118 5899
f 5900 1460 989
f 989 2447 5900
f 5901 5315 3314
f 4705 5901 3314
f 1014 3748 5902
f 2502 1014 5902
f 5903 5179 6588
f 5903 6246 5179
f 5904 1981 4194
f 3331 1981 5904
f 5905 1747 1919
f 5905 5968 6778
f 1083 2856 5906
f 2856 4582 5906
f 3104 5907 4498
f 3104 689 5907
f 2387 6712 5908
f 2387 5908 7040
f 4506 5909 2311
f 5909 4485 2311
f 5910 1186 3466
f 5910 3466 525
f 5890 5911 5406
f 5918 4629 5406
f 2780 5912 3626
f 3626 5912 4856
f 2093 5052 5913
f 2093 5913 2812
f 5460 5914 507
f 5914 5460 6197
f 2442 5915 3744
f 5915 4553 3744
f 5916 1190 3002
f 1831 5916 3002
f 5917 4497 2108
f 2301 4497 5917
f 5918 5911 2846
f 5911 5918 5406
f 6183 5193 5919
f 5919 5193 2370
f 5920 5300 3125
f 3125 575 5920
f 5921 5176 1086
f 1086 2011 5921
f 464 5922 4350
f 464 1927 5922
f 4338 5894 5923
f 5923 4895 4338
f 5924 6518 3764
f 3764 1726 5924
f 6698 5925 1840
f 5925 4011 1840
f 5926 1057 2979
f 6133 5926 2979
f 2494 5927 5500
f 5491 5927 2494
f 4855 4267 5928
f 4267 1091 5928
f 5929 3353 2173
f 5929 2173 1547
f 5930 1838 5928
f 1838 5930 3899
f 5927 5931 4277
f 5931 1842 4277
f 846 5932 5937
f 4126 5932 846
f 6112 4474 5933
f 5933 4945 2229
f 5708 1999 5934
f 4607 5934 1999
f 5935 4504 3058
f 4504 5935 2598
f 2308 5025 5936
f 5936 5025 6522
f 846 5937 4745
f 5937 1750 4745
f 5938 1957 790
f 4926 1957 6445
f 4063 1182 5939
f 5939 1182 5188
f 2399 4240 5940
f 5940 2481 2399
f 5941 2719 1766
f 1766 4401 5941
f 5942 5487 2082
f 6607 5487 5942
f 2793 775 5943
f 6806 775 2096
f 3071 5944 2697
f 2697 5949 477
f 3293 5945 4748
f 3293 2786 5945
f 3716 6130 5946
f 2177 3716 5946
f 278 5947 3671
f 278 2474 5947
f 5948 1765 686
f 686 1157 5948
f 5944 5949 2697
f 941 7124 5944
f 2491 1005 5950
f 5950 6234 2491
f 1615 5951 5898
f 1615 7086 5951
f 3961 5952 2652
f 1336 5952 3961
f 5953 5167 1150
f 5953 1150 2607
f 4836 5954 4351
f 4351 5954 1473
f 4818 4478 5955
f 4818 5955 2141
f 5259 1607 5956
f 1607 1216 5956
f 1665 5957 2320
f 5315 5957 1665
f 4732 3759 5958
f 3759 981 5958
f 5959 3020 1101
f 7105 3020 5959
f 5960 2966 2470
f 1658 5960 5966
f 5961 6804 533
f 5961 533 4808
f 1677 762 5962
f 1677 5962 2142
f 2482 5963 4265
f 2482 3064 5963
f 5964 2330 609
f 2480 5964 609
f 744 5965 5180
f 4104 5965 744
f 5960 2470 5966
f 2470 7083 5966
f 5408 2329 5967
f 5408 5967 3955
f 5905 1919 5968
f 1919 4791 6494
f 5405 5969 394
f 5969 5150 394
f 1691 4328 5970
f 3501 1691 5970
f 1024 3539 5971
f 5971 3539 5999
f 5972 4735 3136
f 360 4735 5972
f 1885 1402 5973
f 5973 1402 6109
f 1497 4605 5974
f 1497 5974 3006
f 6273 5975 3296
f 3296 5975 1656
f 2726 1540 5976
f 5964 5976 1540
f 5977 674 1950
f 3724 674 5977
f 1335 1019 5978
f 1019 3028 5978
f 336 5979 1921
f 5979 3625 1921
f 762 4029 5980
f 4029 3555 5980
f 3799 5981 2248
f 2248 5981 6337
f 4199 2741 5982
f 1133 4199 5982
f 6456 3028 5983
f 5983 3028 1019
f 5984 2971 4395
f 6988 2971 5984
f 823 5985 6138
f 823 4710 5985
f 5986 6650 4789
f 5986 4789 5093
f 4247 1537 5987
f 1537 3565 5987
f 5988 6316 3565
f 3565 1537 5988
f 615 3590 5989
f 1085 5989 3590
f 5373 943 5990
f 5990 943 5875
f 2509 4727 5991
f 5991 4727 845
f 2879 5246 5992
f 5992 5982 2879
f 5613 5339 5993
f 5993 5339 5714
f 3690 5994 2438
f 1161 2438 5994
f 3953 5995 4984
f 3953 991 5995
f 2007 3225 5996
f 3225 3413 5996
f 5989 5997 2365
f 2365 5997 3622
f 1065 3189 5998
f 5998 3189 5067
f 5999 2910 4943
f 1461 2910 5999
f 1678 6000 4696
f 1149 4696 6000
f 3413 6001 5996
f 248 6001 6906
f 5175 7113 6002
f 5175 6002 6690
f 4145 6003 2424
f 2424 6003 3588
f 6012 1002 6004
f 1954 6004 6393
f 7068 6005 3454
f 3454 6005 4186
f 5631 6006 6010
f 6534 6006 5631
f 6803 1767 6007
f 6007 1767 4672
f 3413 3262 6906
f 6001 3413 6906
f 464 6009 1927
f 6009 1360 1927
f 2319 5631 6010
f 2319 6010 5243
f 1836 4196 6011
f 3300 6011 4196
f 6004 1954 6012
f 6012 1954 4321
f 4473 6013 367
f 6013 1409 367
f 1314 4774 6014
f 1314 6034 6179
f 3612 6015 1689
f 353 6015 3612
f 5633 6016 583
f 5633 3767 6016
f 2245 6017 3438
f 3438 6017 5601
f 4718 1844 6018
f 6164 4718 6018
f 6019 4703 1744
f 1342 4703 6019
f 746 6020 6441
f 746 2967 6020
f 3712 6021 1982
f 6021 3712 4143
f 4871 4035 6022
f 6022 4035 2133
f 2385 6023 5038
f 2385 1589 6023
f 5116 6024 1490
f 5116 2776 6024
f 1869 6025 1120
f 4303 6025 1869
f 6026 2774 676
f 4228 6026 676
f 811 1899 6027
f 6027 1899 4149
f 2090 2461 6028
f 6560 6028 2461
f 656 309 6029
f 1514 6203 309
f 6810 6030 3832
f 1296 3832 6030
f 6031 5194 4330
f 6031 702 5194
f 1756 665 6032
f 6032 4710 1756
f 6033 3575 3584
f 3584 2127 6033
f 6014 3749 6034
f 6014 6034 1314
f 6035 2237 626
f 408 2237 6035
f 6036 6356 1063
f 6757 6036 1063
f 6037 4200 2382
f 2382 6657 6037
f 2660 6038 2874
f 800 6042 6038
f 6039 987 3416
f 6039 3685 987
f 3791 2997 6040
f 6040 6929 3791
f 4001 1570 6041
f 6041 1570 848
f 4883 2874 6042
f 6038 6042 2874
f 6043 4816 1010
f 2526 4816 6043
f 6044 5098 807
f 6044 807 3692
f 2586 6045 3779
f 2586 5188 6045
f 6046 3789 1758
f 2513 6046 1758
f 1630 441 6047
f 441 6122 6047
f 4513 6048 3552
f 5478 3552 6048
f 6049 5761 5461
f 5461 3165 6049
f 2639 6050 351
f 3652 6050 2639
f 1829 6051 3354
f 6051 7077 3354
f 1945 4405 6052
f 6052 3890 1945
f 4385 6053 6068
f 4385 3050 6053
f 2989 4360 6054
f 2989 6054 4861
f 2192 6055 3430
f 6055 1807 3430
f 4241 537 6056
f 6231 4241 6056
f 3663 1255 6057
f 6057 1255 1079
f 858 6058 1048
f 6058 2734 1048
f 3196 1622 6059
f 6954 6059 1622
f 3591 7103 6060
f 6060 2547 416
f 1657 6902 6061
f 6061 5476 1657
f 6062 2632 1334
f 6062 3234 2632
f 6586 6063 4464
f 6063 6622 4464
f 6064 3573 712
f 3343 6064 6066
f 6065 2932 2935
f 2932 6065 4125
f 6066 6064 712
f 6066 712 5330
f 6067 5646 4081
f 5646 6067 1339
f 2540 4385 6068
f 2540 6068 5340
f 3057 6069 5362
f 3298 6069 3057
f 6070 1681 2257
f 6070 2257 3677
f 3599 6071 1244
f 4930 6071 3599
f 1559 6072 4208
f 3247 6072 1559
f 6073 3939 1450
f 6073 1450 5857
f 6074 6523 825
f 6074 825 808
f 2416 6075 4859
f 4892 6075 2416
f 4881 319 6076
f 4881 6076 413
f 1013 5125 6077
f 2941 1013 6077
f 4140 6078 2887
f 4143 6078 4140
f 4211 6079 1774
f 6932 6074 1774
f 6080 3822 414
f 6080 414 1833
f 6081 1054 3707
f 4312 6081 3707
f 6082 1706 984
f 7071 6082 984
f 562 2991 6083
f 562 6083 6750
f 2878 6084 1465
f 388 6084 2878
f 6983 6085 1253
f 3141 1253 6085
f 638 6086 3058
f 6086 638 4385
f 6087 2991 562
f 2991 6087 386
f 6088 5737 2156
f 2156 6061 6088
f 574 6089 801
f 801 6089 5038
f 6090 6096 1460
f 1460 5900 6090
f 6091 3024 1706
f 6082 6091 1706
f 6092 1114 3874
f 6092 369 1114
f 1126 2635 6093
f 6093 3637 1126
f 5256 6094 1682
f 3119 1682 6763
f 3918 6095 2393
f 6095 6191 2393
f 3319 1460 6096
f 6096 2820 3319
f 1260 6097 3409
f 6097 1260 347
f 1420 6098 3818
f 6098 778 3818
f 2736 1558 6099
f 1558 3450 6099
f 2754 6378 6100
f 2394 2754 6100
f 2072 3083 6101
f 3083 2798 6101
f 2669 6102 1986
f 6102 2669 3602
f 6103 3585 1234
f 5588 3585 6103
f 919 2396 6104
f 6101 919 6104
f 6105 596 4825
f 6105 4825 4782
f 3355 6106 7104
f 2351 6106 3355
f 6107 1468 2414
f 6429 1468 6107
f 6115 1791 6108
f 1791 1117 6108
f 2309 973 6109
f 5705 6109 973
f 6116 6742 6110
f 978 6121 6110
f 2072 6111 3939
f 1450 3939 6111
f 6112 2229 6780
f 6112 5933 2229
f 3719 6113 3508
f 6113 2659 3508
f 2309 6114 973
f 2309 4072 6114
f 6374 4532 6115
f 4532 1791 6115
f 6121 6116 6110
f 1468 6116 2414
f 4704 6117 514
f 1333 6117 4704
f 6118 6448 2744
f 6047 6118 6795
f 3743 2396 6119
f 6119 2396 919
f 1954 6393 6120
f 6120 2300 6515
f 6121 6107 2414
f 2414 6116 6121
f 6122 1968 6118
f 6122 1404 1968
f 1785 4531 6123
f 6123 4531 5615
f 1649 6124 5252
f 1649 335 6124
f 4591 6125 1882
f 6125 4591 6997
f 6126 4072 1202
f 6979 1202 946
f 2205 6127 1624
f 6858 6824 6127
f 6105 4782 6128
f 4782 4844 6152
f 4 6129 5142
f 5142 6129 2617
f 1336 6130 5952
f 5946 6130 1336
f 797 6131 2828
f 2828 6243 5509
f 969 1808 6132
f 1808 4771 6132
f 4985 6133 6859
f 4985 2633 6133
f 6134 5037 2907
f 6134 2907 5084
f 6135 6127 2205
f 6135 2205 6
f 6631 6136 2174
f 537 2174 6136
f 357 5043 6137
f 6137 6226 357
f 5985 2661 6138
f 2661 6037 6138
f 6139 1783 3800
f 6866 1783 6139
f 2060 3943 6140
f 5634 2060 6140
f 5768 6141 1545
f 6141 5007 1545
f 4860 617 6142
f 1144 6142 617
f 6143 4461 6242
f 5639 4461 6143
f 2900 1917 6144
f 6144 5770 2900
f 4571 6145 958
f 6145 6100 958
f 882 3619 6146
f 6862 6146 3619
f 2654 6147 1543
f 6147 5276 1543
f 2525 6148 1207
f 1207 6148 4223
f 6149 5956 3568
f 6149 3568 2975
f 6150 2394 6145
f 922 2394 6150
f 6151 1599 3115
f 1945 6151 3115
f 6152 6105 6128
f 6128 4782 6152
f 2123 6905 6153
f 958 2123 6153
f 5353 584 6154
f 5353 6154 2116
f 3554 6155 2352
f 3554 4225 6155
f 6156 4149 3655
f 4630 6156 3655
f 6157 4692 4686
f 2046 6157 4686
f 6158 1723 2701
f 6158 2701 826
f 6159 3668 5720
f 6159 5720 3498
f 6160 1680 7064
f 439 1680 6166
f 5905 6161 1747
f 6161 3406 1747
f 3479 6162 753
f 753 6162 5586
f 6163 5282 2352
f 6155 6163 2352
f 6164 1382 4718
f 6790 2565 1382
f 3173 3622 6165
f 6165 4701 3173
f 6160 6166 1680
f 6166 6160 5965
f 5711 6167 376
f 3131 376 6167
f 6168 6165 1694
f 1694 3168 6168
f 2997 3791 6169
f 4832 2997 6169
f 3918 1257 6170
f 1257 5055 6170
f 3887 6171 443
f 4484 443 6852
f 3105 6172 770
f 770 6172 2431
f 4679 6173 925
f 6173 2098 925
f 5530 6174 2683
f 6174 4647 2683
f 2158 3511 6175
f 3511 6172 6175
f 4098 6176 6051
f 4129 6176 4098
f 4536 6177 1890
f 1890 6181 6431
f 6178 642 4334
f 1142 6178 4334
f 6179 1405 6434
f 678 1314 6179
f 2806 6180 731
f 731 6180 4488
f 1890 6177 6186
f 6177 6793 6186
f 1159 6182 4014
f 4170 6182 6462
f 6183 777 5193
f 6183 2445 777
f 6592 368 6184
f 368 3643 6184
f 4182 785 6185
f 6185 785 3620
f 6186 3172 6181
f 6181 1890 6186
f 4102 2439 6187
f 903 6187 2439
f 568 2671 6188
f 3248 568 6188
f 6189 5279 3191
f 3191 2388 6189
f 6190 5573 1958
f 6190 1958 4386
f 6191 6095 2501
f 6191 2501 3129
f 2875 6192 4375
f 4375 6192 3163
f 2291 6193 998
f 998 6193 2715
f 6194 2341 4931
f 6194 825 2341
f 6195 5964 2480
f 1001 6195 2480
f 766 2978 6196
f 6196 4071 766
f 6098 1420 6197
f 5207 6197 1420
f 4335 950 6198
f 4335 6198 1534
f 481 6199 3950
f 6199 2018 3950
f 6200 2791 1077
f 6200 6319 2791
f 3175 6201 5894
f 6201 3175 4197
f 2532 1775 6202
f 1775 6773 6202
f 6029 6203 1985
f 309 6203 6029
f 4058 2401 6204
f 6204 2401 933
f 6205 6458 1821
f 1821 6680 6205
f 6206 3309 1266
f 6206 1266 3970
f 3864 6854 6207
f 727 4633 6207
f 5654 6208 4850
f 4850 6208 235
f 2484 3919 6209
f 2484 6209 2011
f 2110 6210 2695
f 2557 6210 6968
f 6211 810 515
f 6211 4406 810
f 3139 6212 3184
f 3139 2191 6212
f 2930 6213 1870
f 5551 6213 2930
f 4713 6214 2358
f 6026 2358 6214
f 3451 5046 6215
f 363 3451 6215
f 6216 3982 3980
f 6216 3980 5446
f 2284 3179 6217
f 6217 3179 402
f 1807 1009 6218
f 3430 1807 6218
f 6219 2281 4043
f 6219 4043 2940
f 6825 1242 6220
f 3390 6220 1454
f 6221 1879 5318
f 4479 1879 6221
f 6222 2054 5587
f 1456 6231 6222
f 4687 6223 3439
f 3439 6223 2240
f 906 6224 2049
f 6224 906 3601
f 3767 1865 6225
f 1865 5498 6225
f 2882 6226 6137
f 714 6226 2882
f 3847 3348 6227
f 6227 3348 4840
f 541 6228 1301
f 1301 6232 2654
f 1339 6229 3386
f 3392 3386 6229
f 3176 299 6230
f 1071 3176 6230
f 6231 6056 2054
f 6231 2054 6222
f 6232 6228 4932
f 1301 6228 6232
f 3392 2787 6233
f 3392 6233 3386
f 4117 6234 1699
f 1699 6234 5950
f 2080 6235 4690
f 4690 7008 3717
f 3636 4716 6236
f 1480 3636 6236
f 3574 4229 6237
f 4229 5848 6237
f 6238 4412 6530
f 4412 6238 4763
f 809 6239 4044
f 4044 6239 5691
f 6240 4462 3097
f 3097 1611 6240
f 6241 3766 689
f 6117 3766 6241
f 2554 6143 6242
f 6252 2554 6242
f 6243 2828 6131
f 6243 6131 5073
f 6256 6244 3076
f 639 3076 6244
f 2955 6245 5109
f 6648 6245 2955
f 6246 3071 1156
f 6246 1156 5179
f 1038 520 6247
f 6256 6247 520
f 1638 6248 1006
f 5067 6248 1638
f 1998 2148 6249
f 6249 2148 3118
f 5690 6250 2420
f 6250 5599 2420
f 4400 6251 5088
f 3368 6251 4400
f 6242 1938 6252
f 6252 1938 4819
f 2826 4909 6253
f 2016 2826 6253
f 6254 1640 1500
f 1640 6254 6250
f 1122 3940 6255
f 3940 2077 6255
f 6256 3844 6247
f 3076 3844 6256
f 6257 3002 1190
f 6257 1190 5769
f 3689 1047 6258
f 1653 3689 6258
f 6259 6426 5088
f 5088 6251 6259
f 6260 3416 3118
f 6537 3416 6260
f 4766 3628 6261
f 871 4766 6261
f 1178 6870 6262
f 1178 6262 2121
f 3103 6263 385
f 385 6263 816
f 4225 6264 4724
f 6264 4225 1186
f 6265 1596 3288
f 1596 6265 4928
f 816 2886 6266
f 6266 385 816
f 6267 3845 1941
f 4937 6267 1941
f 1506 1401 6268
f 6268 1401 5195
f 5450 6269 1931
f 1931 6269 949
f 3423 4413 6270
f 1417 3423 6289
f 2189 6271 2679
f 2679 6271 3412
f 2531 5847 6272
f 2531 6272 545
f 1873 6273 2866
f 1873 5342 6273
f 3703 6274 4979
f 4979 6274 3134
f 5614 4977 6275
f 4977 2135 6275
f 2942 1685 6276
f 6267 2942 6276
f 3243 1171 6277
f 3243 6277 5811
f 6278 3471 889
f 7061 3471 6278
f 1418 6279 4549
f 6279 1418 4941
f 5056 6280 1851
f 1851 6280 2384
f 3156 3231 6281
f 3231 5782 6281
f 6282 660 3387
f 6282 2669 660
f 6283 1003 5342
f 6454 3978 1003
f 6284 1912 2324
f 6284 2324 5160
f 2727 625 6285
f 2404 6285 625
f 6290 6286 3368
f 3368 6286 6251
f 1539 6287 4045
f 5195 6287 1539
f 1827 6288 4405
f 1827 1746 6288
f 6289 6270 2126
f 6289 3423 6270
f 5104 6290 3368
f 2706 6290 5104
f 5809 2759 6291
f 2759 5539 6291
f 6292 691 4559
f 691 6292 6561
f 6633 1880 6293
f 1880 4203 6293
f 4165 2019 6294
f 6294 2019 5366
f 6295 6935 2377
f 6295 2377 3031
f 570 6296 4756
f 6296 570 5772
f 2776 4260 6297
f 4260 1027 6297
f 3534 6298 5417
f 5417 6298 2551
f 4756 3637 6299
f 4756 6299 570
f 6300 281 280
f 6313 2485 6300
f 4271 1286 6301
f 6301 1286 2216
f 6308 6302 4389
f 6302 243 4290
f 5413 6303 3375
f 3375 6303 6301
f 6433 6304 2128
f 2128 6304 562
f 4159 6307 6305
f 6305 5085 5298
f 3621 2201 6306
f 6306 2201 3273
f 5085 6307 6311
f 6305 6307 5085
f 6308 2102 243
f 6308 243 6302
f 4245 2677 6309
f 2677 1826 6309
f 6310 3804 6675
f 6310 5539 3804
f 6311 3429 4767
f 3429 6311 6307
f 1126 6312 2635
f 6312 6683 2635
f 280 6313 6300
f 6313 280 4529
f 2812 6314 1477
f 1477 6314 508
f 633 3840 6315
f 2595 633 6315
f 5988 1859 6316
f 1859 4751 6316
f 3769 6317 2317
f 3769 5162 6317
f 6318 3241 1061
f 6318 2215 3241
f 2791 6319 658
f 5882 658 6420
f 1415 6320 2889
f 6320 6150 2889
f 6321 138 4371
f 249 138 6321
f 3972 6322 2366
f 6322 1491 2366
f 6323 2234 2712
f 6323 2712 6931
f 1595 3892 6324
f 6324 3892 1597
f 2917 6325 2463
f 2463 6325 4444
f 6326 7005 1656
f 5975 6326 1656
f 6558 6327 5496
f 1330 5496 6327
f 6328 2899 2162
f 2899 6328 4972
f 6329 5417 2551
f 3295 6329 2551
f 2983 5305 6330
f 6330 5305 1180
f 2405 6331 2372
f 7054 2372 6331
f 6332 3259 615
f 6705 3259 6332
f 4653 3674 6333
f 2099 4653 6333
f 6334 6495 1587
f 6334 1587 4023
f 6335 1275 3101
f 3101 351 6335
f 6336 1254 3752
f 4041 6336 3752
f 6337 5981 3455
f 6337 3455 1461
f 6338 5471 874
f 4530 6338 874
f 5645 3775 6339
f 3775 2441 6339
f 6340 3499 4655
f 4655 1408 6340
f 2399 2481 6341
f 2481 4420 6341
f 2872 2261 6342
f 2872 6342 5433
f 6343 2837 4003
f 717 2837 6343
f 3745 680 6344
f 680 5332 6344
f 6345 5362 837
f 3057 5362 6345
f 2073 5048 6346
f 5048 3144 6346
f 2018 1198 6347
f 1198 6473 6347
f 992 2839 6348
f 4617 992 6348
f 6032 836 6349
f 836 3884 6349
f 3578 5738 6350
f 6350 5738 1280
f 6351 3740 1279
f 6351 1279 5571
f 1012 6352 726
f 6352 5070 6359
f 6353 3852 2559
f 6353 2559 6660
f 6367 6354 6707
f 3332 572 6354
f 6355 381 4889
f 4597 381 6355
f 6356 3914 5255
f 3914 6356 6036
f 6357 1996 3720
f 6357 3720 561
f 3749 6358 3420
f 6222 3420 6358
f 726 6352 6359
f 726 6359 4960
f 2678 6360 2348
f 6360 4451 2348
f 6361 4894 5784
f 5784 5861 6361
f 6213 1458 6362
f 1458 5545 6362
f 6363 422 3497
f 6382 422 6363
f 6364 3677 2257
f 3677 6364 1884
f 6365 2105 4292
f 4292 2236 6365
f 5381 6366 3699
f 6366 3483 3699
f 6367 3332 6354
f 6367 6893 3332
f 2236 6368 6374
f 4292 6368 2236
f 3409 6369 5192
f 3409 6097 6369
f 6370 909 4968
f 6370 3229 909
f 1039 6371 3893
f 3893 6371 2500
f 3719 3496 6372
f 3719 6372 6113
f 3257 6373 5126
f 3257 4795 6373
f 3040 6374 6115
f 2236 6374 3040
f 6375 6369 1094
f 6375 1094 3321
f 5 2790 6376
f 5 6376 5631
f 1210 6377 5521
f 5521 6377 2333
f 3038 1311 6378
f 6378 5320 3038
f 537 6379 6056
f 6379 537 2695
f 5255 635 6380
f 635 3814 6380
f 4074 2220 6381
f 2220 4473 6381
f 5230 3345 6382
f 6382 3345 422
f 1555 6383 610
f 1555 5267 6383
f 6384 5313 3421
f 1685 6384 3421
f 1196 6385 1593
f 1593 6385 6513
f 3260 6386 1404
f 2549 6386 3260
f 3991 6387 2410
f 395 2410 6387
f 6388 6013 4473
f 6388 4473 2220
f 3209 6389 1508
f 4156 1508 6389
f 6390 1866 3651
f 4453 1866 6390
f 6391 946 4004
f 6502 6391 4004
f 2841 5410 6392
f 6392 6024 2841
f 6120 6393 2300
f 6393 4595 2300
f 5386 6394 445
f 445 6394 5938
f 3322 541 6395
f 6395 3522 3322
f 2383 6396 2104
f 2104 6928 2296
f 3475 6397 509
f 509 6397 1320
f 1109 663 6398
f 1109 6398 5168
f 6238 6399 833
f 833 6399 2525
f 6400 3278 4402
f 4400 3278 6400
f 6401 1135 862
f 862 1817 6799
f 3834 6402 1000
f 6402 3834 1737
f 352 3373 6403
f 6403 3373 2778
f 4194 1804 6404
f 6404 1804 1813
f 6405 1588 3140
f 4263 1588 6405
f 6406 2943 6410
f 1698 4530 6406
f 6407 440 3751
f 6407 3019 440
f 6408 2885 3547
f 5288 6408 6539
f 6409 6589 1278
f 4015 6409 1278
f 1698 6410 4053
f 6410 1698 6406
f 6411 4090 3222
f 994 6411 3222
f 1841 6412 3159
f 6412 3650 3159
f 3679 1800 6413
f 6413 1800 5381
f 4459 1729 6414
f 1729 2544 6414
f 6415 3600 5995
f 6415 2667 3600
f 3376 2770 6416
f 1769 6416 2770
f 4400 6417 3278
f 3278 6417 4402
f 1494 6416 6418
f 5065 1494 6418
f 6419 3398 6430
f 6419 2246 3398
f 6420 658 6319
f 1191 6420 6319
f 6421 5616 6425
f 1331 1563 6421
f 5130 6422 6432
f 6422 1468 1447
f 6423 277 7014
f 6423 2321 277
f 1618 1612 6424
f 1612 835 6424
f 1331 6425 4572
f 6421 6425 1331
f 5088 6426 5090
f 5090 6426 1773
f 3773 6427 6920
f 3773 6632 6427
f 6428 2513 5266
f 5266 2306 6428
f 6429 1447 1468
f 1447 6432 6422
f 5268 6419 6430
f 5268 6430 5745
f 349 6431 3444
f 349 1890 6431
f 6429 6432 1447
f 6429 5130 6432
f 6433 2128 3289
f 2591 6433 3289
f 678 6179 6434
f 5272 678 6434
f 979 6435 4467
f 2842 6435 979
f 2849 5777 6436
f 773 2849 6436
f 834 6437 2234
f 6437 4855 2234
f 2968 1736 6438
f 1402 6438 1736
f 3502 6439 5658
f 3502 1423 6439
f 2545 3318 6440
f 6440 3318 3362
f 2219 6441 908
f 908 6441 5457
f 697 916 6442
f 6442 916 3343
f 4992 2585 6443
f 2585 4611 6443
f 6265 6444 1937
f 6444 6754 1937
f 6394 6445 5938
f 6445 1957 5938
f 6446 5520 2406
f 5899 6446 2406
f 7110 6447 736
f 736 6447 5537
f 6448 466 3808
f 5653 6448 3808
f 4885 6449 2436
f 1523 6449 4885
f 6450 4950 2153
f 7034 6450 2153
f 6451 2241 6134
f 3789 2241 6451
f 3803 6452 2116
f 3803 5653 6452
f 479 6453 4289
f 2863 6453 479
f 6454 1003 6283
f 612 6454 6283
f 6455 2782 1947
f 3811 6455 1947
f 1303 6456 3250
f 4066 6456 1303
f 2364 2808 6457
f 2808 6730 6457
f 1821 6458 1043
f 1043 6458 5162
f 6460 3659 6459
f 6702 6459 3659
f 2256 3133 6460
f 6460 3133 3659
f 4266 6461 2000
f 2340 6461 4266
f 1159 6462 6182
f 6462 1159 3315
f 6463 4944 818
f 6463 818 2515
f 3629 6464 4251
f 4251 6464 6211
f 6465 4598 5340
f 7106 4598 6465
f 2230 6466 6447
f 2953 6466 2230
f 4709 3846 6467
f 6467 2644 4709
f 2067 963 6468
f 963 1995 6468
f 3041 1491 6469
f 1491 6322 6469
f 1318 6470 2926
f 4245 2926 6470
f 1231 2601 6471
f 2837 1231 6471
f 2699 6472 420
f 1006 6472 2699
f 4223 6148 6473
f 4223 6473 1198
f 3871 6474 4659
f 6474 3871 6477
f 1166 6475 4219
f 693 4219 6475
f 805 3263 6476
f 6476 3263 5112
f 2168 6477 3871
f 2168 2213 6477
f 4578 1384 6478
f 6478 6484 1565
f 6479 4731 656
f 1924 4731 6479
f 2522 4863 6480
f 5868 2522 6480
f 4921 6481 3402
f 397 3402 6481
f 732 4518 6482
f 732 6482 5440
f 6346 6483 320
f 320 6483 2328
f 6478 1384 6484
f 3160 6484 1384
f 752 6751 6485
f 6485 5855 752
f 1008 1634 6486
f 3334 6486 1634
f 6487 3394 655
f 655 823 6490
f 4623 3077 6488
f 3077 6457 6488
f 1038 6247 6489
f 4319 1038 6489
f 6487 6490 1222
f 655 6490 6487
f 1471 4583 6491
f 1471 6491 4729
f 3226 6492 5846
f 6492 3226 1416
f 5233 6493 2507
f 2507 6493 1994
f 5968 6494 3654
f 1919 6494 5968
f 4763 3595 6495
f 6495 3595 1587
f 1429 6496 6927
f 5448 6496 1429
f 3075 6497 1437
f 6497 3075 6295
f 6357 6498 1996
f 6498 3857 1996
f 6499 4276 2558
f 6622 6499 2419
f 6500 2962 554
f 6500 6743 3629
f 970 6501 5022
f 3466 6501 970
f 1059 6502 4004
f 6317 6502 1059
f 5164 6503 7116
f 710 6503 5164
f 6504 2492 4106
f 6452 2492 6504
f 5764 6505 2562
f 6505 4983 2562
f 4616 2297 6506
f 2297 5856 6506
f 3812 4254 6507
f 3812 6507 7001
f 5235 420 6508
f 1804 5235 6508
f 4401 1342 6509
f 1342 6019 6509
f 6510 2624 4893
f 4117 2624 6510
f 2071 6511 6554
f 2071 2686 6511
f 6512 1480 5862
f 2973 1480 6512
f 1379 4195 6513
f 3806 1379 6513
f 1161 6514 4042
f 1161 5994 6514
f 6515 742 4792
f 6976 1857 742
f 3512 6516 5485
f 2735 6516 3512
f 2196 6517 5608
f 2196 4623 6517
f 6518 5924 2775
f 4362 6518 2775
f 6182 6519 4014
f 4014 6519 4979
f 2316 6520 1396
f 5366 1396 6520
f 2924 6207 6521
f 4202 2924 6521
f 4660 1304 6522
f 5936 6522 1304
f 6523 2368 4876
f 2368 6523 6932
f 5182 6524 3268
f 6524 5980 3268
f 405 6525 1363
f 1316 1363 6525
f 6526 2242 6532
f 6526 4805 2242
f 3935 6527 1839
f 3935 6954 6527
f 1673 2288 6528
f 2530 1673 6684
f 4661 6529 5698
f 4661 1690 6529
f 4412 4888 6530
f 6530 4888 2496
f 1167 6531 2658
f 2658 6531 3073
f 2446 6526 6532
f 1455 2446 6532
f 3059 3178 6533
f 6005 3059 6533
f 6534 3391 3128
f 6534 6376 3391
f 3192 6535 4811
f 4614 6535 3192
f 6536 2682 2687
f 6536 2847 2682
f 3951 2762 6537
f 2762 3281 6537
f 6538 3316 1591
f 5832 6538 1591
f 6539 6408 3547
f 3547 1777 6539
f 4009 1302 6540
f 2768 4009 6540
f 6547 1337 6541
f 6541 1337 2904
f 3300 1181 6542
f 6542 1181 3831
f 3029 2746 6543
f 6543 2746 5828
f 2824 6544 4333
f 2824 2177 6544
f 1397 5801 6545
f 5801 1141 6545
f 1931 6546 2946
f 6546 1422 2946
f 4465 6547 6541
f 4465 1875 6547
f 539 4206 6548
f 6439 539 6548
f 1975 6549 3557
f 6549 4396 3557
f 428 2497 6550
f 2497 3415 6552
f 3184 6551 2180
f 358 2180 6551
f 2497 6552 6550
f 6550 6552 4206
f 1987 6553 4189
f 6553 1987 4666
f 4434 5420 6554
f 5420 2071 6554
f 768 840 6555
f 4477 6555 840
f 6556 3550 2391
f 782 6556 2391
f 6557 1903 5098
f 6044 6557 5098
f 5130 1244 6558
f 6558 6422 5130
f 5678 6559 918
f 6559 4123 918
f 3835 6560 1425
f 1425 6560 2461
f 2561 6561 5792
f 2561 691 6561
f 6562 1868 3949
f 4677 6562 3949
f 1230 3902 6563
f 1230 6563 4398
f 6564 4437 2897
f 4441 4437 6564
f 2076 6565 4348
f 2076 5388 6565
f 1287 5000 6566
f 2381 1287 6566
f 6567 1505 396
f 6567 7082 1505
f 4299 6568 2891
f 4299 2350 6568
f 6569 6994 301
f 6569 301 3446
f 6570 4956 426
f 4028 4956 6570
f 6571 3006 5852
f 1004 6571 5852
f 6572 3713 4352
f 4352 170 6572
f 3822 3605 6573
f 3822 6573 1538
f 6574 5041 973
f 6574 2120 5041
f 6575 3494 6072
f 6575 6072 6672
f 6576 3852 1820
f 586 6576 1820
f 6577 6569 522
f 4249 6590 522
f 5146 6578 936
f 936 6578 6962
f 5384 6579 6694
f 5384 5218 6579
f 6580 5531 885
f 6580 2920 5531
f 6581 3526 510
f 5683 3526 6581
f 6582 4376 649
f 6582 2209 4376
f 4329 2040 6583
f 6583 2040 2959
f 6584 631 4116
f 2283 631 6584
f 6585 1101 3020
f 1101 6585 4390
f 2045 6586 3785
f 5023 6586 2045
f 784 6587 4392
f 4392 6587 1906
f 3517 6588 5036
f 6280 6588 3517
f 2283 6584 6589
f 6409 2283 6589
f 6590 4726 6577
f 6590 6577 522
f 6591 1295 2796
f 3664 1295 6591
f 2004 6592 3904
f 3904 6592 5274
f 6271 1625 6593
f 6593 1625 1506
f 6594 6221 3504
f 5176 6594 3504
f 3142 5207 6595
f 3142 6595 5691
f 6596 4995 1819
f 6596 1819 5001
f 536 4046 6597
f 4306 536 6597
f 6598 3633 6601
f 1355 3633 6598
f 3728 6599 2094
f 3728 6662 6599
f 792 6600 2249
f 6600 4767 2249
f 2493 6601 3340
f 6598 6601 2493
f 4006 6602 5788
f 4006 354 6602
f 580 6603 4332
f 580 2225 6603
f 6604 585 4968
f 5377 585 6604
f 4584 6605 1108
f 6605 1566 1108
f 1096 3249 6606
f 3249 2308 6606
f 3270 6607 510
f 510 6607 5942
f 2418 6608 2049
f 3658 6608 2418
f 4417 1037 6609
f 6609 1037 6322
f 6610 3462 6397
f 3462 6610 3459
f 3651 1627 6611
f 3073 6611 1627
f 6889 4354 6612
f 1536 6612 3440
f 6613 1667 6708
f 6613 2629 1667
f 6614 5093 2057
f 3073 6614 2057
f 1236 6615 3938
f 6615 2552 3938
f 1755 6616 5292
f 4754 6616 1755
f 2836 2259 6617
f 3802 6617 2259
f 4050 3149 6618
f 6618 6983 4050
f 6619 3376 6416
f 6619 1081 3376
f 1215 3826 6620
f 4320 1215 6620
f 1569 2742 6621
f 1034 6621 6627
f 6622 4276 6499
f 1282 4276 6622
f 6623 2638 1249
f 6623 5537 2638
f 6624 863 4777
f 5284 863 6624
f 724 6625 4133
f 4133 6625 4484
f 6626 2217 2017
f 2017 3132 6626
f 6627 2742 2565
f 6621 2742 6627
f 6628 5842 787
f 2042 6628 787
f 4683 3611 6629
f 3611 5158 6629
f 5074 6630 4320
f 6630 1215 4320
f 3202 3874 6631
f 3874 6136 6631
f 6427 6632 2648
f 6632 2645 2648
f 1880 6633 3237
f 6633 4000 3237
f 1599 6634 4934
f 6151 6634 1599
f 3528 6635 5840
f 3528 3472 6635
f 6636 3433 6556
f 6636 651 3433
f 1529 2523 6637
f 6637 5831 1529
f 6638 3995 3983
f 3995 6638 830
f 3990 6639 3977
f 4644 3977 6639
f 2448 1780 6640
f 2448 6640 4502
f 2523 2264 6641
f 2523 6641 6637
f 341 4130 6642
f 341 6642 6636
f 2150 6643 647
f 6941 6643 2150
f 5056 6644 2718
f 6644 5056 703
f 1082 6645 1900
f 1082 6649 6645
f 5620 7114 6646
f 2934 5620 6646
f 1633 843 6647
f 6556 6647 843
f 4046 6648 6597
f 4046 3521 6648
f 6649 1082 6654
f 2380 6871 6649
f 5859 2895 6650
f 6650 2895 1025
f 1523 3983 6651
f 3995 6651 3983
f 1620 923 6652
f 923 4127 6652
f 6653 4707 1495
f 419 4707 6653
f 6649 6654 2380
f 2380 6654 5303
f 6655 4347 4665
f 1410 4347 6655
f 6656 5664 2663
f 6656 2663 854
f 6037 6657 3407
f 6657 2919 3407
f 2343 6658 740
f 2343 5413 6658
f 6659 1948 5046
f 3451 6659 5046
f 5147 6353 6660
f 5147 6660 4077
f 5587 6661 6666
f 411 6661 1594
f 1914 6662 3728
f 1165 6662 1914
f 748 3788 6663
f 6663 3788 5793
f 3537 6664 3951
f 4640 6664 3537
f 4911 1518 6665
f 1518 4603 6665
f 6670 6222 6666
f 6661 6670 6666
f 3994 6667 599
f 6667 903 599
f 6668 4231 1608
f 6668 962 4231
f 3216 4902 6669
f 6669 6070 3216
f 411 6687 6661
f 6687 411 3420
f 2703 6671 5286
f 2703 948 6671
f 3247 6672 6072
f 940 6672 3247
f 4490 1375 6673
f 4490 6673 2043
f 1135 6674 3726
f 5692 3726 6674
f 6675 3804 382
f 6675 382 6124
f 1743 4214 6676
f 5467 1743 6676
f 298 6677 3448
f 3448 6677 757
f 2797 4180 6678
f 2797 6678 5530
f 3674 2842 6679
f 2548 6679 6681
f 6711 383 6680
f 383 6205 6680
f 2842 6681 6679
f 2842 1613 6681
f 2218 1806 6682
f 2218 6682 6664
f 363 6215 6683
f 6683 5449 363
f 6684 6528 1718
f 6684 1673 6528
f 2103 6685 4166
f 6685 4536 4166
f 929 4948 6686
f 4948 2012 6686
f 6661 6687 6670
f 6687 6222 6670
f 3253 6688 2892
f 3253 2075 6688
f 6689 3532 267
f 3532 6689 6321
f 6690 1646 2891
f 6690 6002 1646
f 4578 2278 6691
f 6691 2278 6685
f 6692 358 2437
f 6697 2437 5641
f 2892 6693 4901
f 6693 2892 6688
f 3003 6694 2649
f 5384 6694 3003
f 3751 6695 593
f 6695 1521 593
f 4478 996 6696
f 6696 1770 4478
f 6697 6692 2437
f 2770 6692 6697
f 4676 2295 6698
f 1840 4676 6698
f 3013 6699 434
f 6699 5521 434
f 1365 6700 1681
f 1365 4038 6700
f 6701 766 4319
f 4319 6489 6701
f 6702 3659 2038
f 6702 2038 6380
f 6703 1610 4220
f 6703 2346 1610
f 115 6704 2516
f 6704 267 2516
f 1602 4258 6705
f 1602 6705 4948
f 721 6706 5363
f 4756 6706 721
f 1099 6367 6707
f 1099 6707 4485
f 6708 3753 5064
f 3753 6708 1667
f 6709 812 3521
f 5219 812 6709
f 2741 6710 5246
f 2741 3271 6710
f 6711 6680 2468
f 990 6711 2468
f 6712 1466 338
f 5908 6712 338
f 2231 6713 1132
f 6713 5143 1132
f 6714 4350 4669
f 6714 464 4350
f 3359 6715 649
f 6715 6582 649
f 4685 3493 6716
f 3493 1609 6716
f 3519 6717 705
f 6717 1398 705
f 6718 6720 1714
f 4822 6718 1714
f 6719 1012 1515
f 3105 1012 6882
f 6718 2165 6720
f 2165 5706 6720
f 4607 1999 6721
f 4607 6721 624
f 3648 6722 3506
f 3648 4354 6722
f 1659 6723 3205
f 6723 5475 3205
f 6724 3684 2778
f 6724 1428 3684
f 6725 3251 959
f 6873 700 3251
f 2844 1542 6726
f 4543 2844 6726
f 2907 6727 3821
f 3821 6727 794
f 6970 6728 3695
f 2988 2155 6728
f 4068 6729 3596
f 6729 5671 3596
f 6730 3217 1830
f 6457 6730 1830
f 4036 1757 6731
f 4036 6731 5244
f 6732 1751 4552
f 4552 3538 6732
f 2756 4491 6733
f 2208 2756 6733
f 2303 6734 2545
f 4698 6734 2303
f 657 6735 5075
f 5075 6735 713
f 6734 6736 5474
f 6736 1087 5474
f 3074 6737 1162
f 1162 6737 3095
f 6612 6738 2543
f 5158 2543 6738
f 1751 2721 6739
f 2721 2717 6739
f 2810 6740 5662
f 2810 6044 6740
f 6741 1343 1929
f 1929 3627 6741
f 978 6742 557
f 6742 4999 557
f 6743 554 2301
f 6500 554 6743
f 470 6744 2857
f 4523 6744 470
f 6745 2660 2191
f 6745 800 2660
f 6746 5336 3609
f 6436 5336 6746
f 6747 1856 3661
f 1852 1856 6747
f 4692 6748 2340
f 4415 2340 6748
f 1613 979 6749
f 6749 4525 1613
f 6750 3909 2593
f 6750 1133 3909
f 6751 142 212
f 6485 6751 212
f 2141 6752 4065
f 4065 6752 1777
f 6753 2435 6663
f 2435 6753 1512
f 6444 848 6754
f 6754 848 3820
f 2704 4315 6755
f 4315 592 6755
f 1103 6756 3822
f 1103 2727 6756
f 5751 392 6757
f 392 6036 6757
f 6754 3820 6758
f 3820 5614 6758
f 3736 5621 6759
f 5970 3736 6759
f 6760 5548 3492
f 6760 3492 2815
f 6761 2707 184
f 2707 6761 2966
f 5430 3711 6762
f 6762 3711 2923
f 6763 6094 3758
f 1682 6094 6763
f 613 6764 5552
f 1213 5552 6764
f 2960 5652 6765
f 2960 6765 873
f 5270 3452 6766
f 3452 2804 6766
f 6767 6153 1567
f 3804 6767 1567
f 2442 400 6768
f 2442 6768 5915
f 621 6769 3054
f 4853 6769 621
f 6770 573 4913
f 2937 6770 4913
f 5565 6771 1226
f 1738 1226 6771
f 6772 5396 1719
f 1719 5010 7111
f 6773 2564 1248
f 2564 6773 1775
f 4934 6774 2918
f 2918 6774 4734
f 2425 6775 905
f 905 6775 6370
f 6776 5349 2092
f 6776 5405 5349
f 4243 6777 5709
f 6777 4243 4265
f 5905 6778 2347
f 6067 2347 6778
f 5536 174 6779
f 5536 6779 71
f 4633 6780 1297
f 2286 6780 4633
f 3597 6781 2527
f 2566 6781 3597
f 1367 6782 514
f 1367 6919 6782
f 702 6783 3765
f 6783 702 6031
f 3936 1639 6784
f 6784 2987 3936
f 6785 3326 7088
f 595 3326 6785
f 1084 3501 6786
f 1084 6786 4103
f 1925 1200 6787
f 1200 4808 6787
f 2007 66 6788
f 2007 6788 1969
f 6789 2136 5343
f 4572 2136 6789
f 6164 6790 1382
f 2197 6790 6164
f 5868 6791 3858
f 1553 3858 6791
f 2087 6792 5237
f 756 6792 2087
f 6793 3732 3172
f 6186 6793 3172
f 4694 6794 350
f 7013 6794 4694
f 6795 2744 4938
f 6795 6118 2744
f 6796 1643 3282
f 6796 4100 1643
f 4590 6797 4424
f 4590 4174 6797
f 5888 1482 6798
f 3606 6798 1482
f 6799 6401 862
f 6799 4397 6401
f 6808 1897 6800
f 1897 5891 6800
f 1553 6801 2729
f 6801 5592 2729
f 3809 1993 6802
f 1993 1916 6802
f 2840 6803 6007
f 6798 6803 2840
f 859 6804 5389
f 533 6804 859
f 772 6805 7125
f 6805 772 3173
f 5943 6806 2098
f 775 6806 5943
f 6807 6858 1624
f 6127 6829 1624
f 6808 6800 3962
f 6808 3962 6177
f 5622 6809 1090
f 1707 6809 5622
f 6810 2199 6030
f 2199 6810 321
f 6811 5813 4099
f 6811 4099 5411
f 6812 2645 6632
f 1622 2645 6812
f 5992 1262 6813
f 1262 6227 6813
f 2474 6814 5275
f 5275 6814 839
f 6815 2685 4038
f 6815 6813 2685
f 3999 477 6816
f 477 4015 6816
f 673 6817 6762
f 4027 6817 673
f 6818 1104 5854
f 3096 6818 5854
f 5001 7090 6819
f 5289 5001 6819
f 1864 6820 6073
f 1864 4846 6820
f 2670 6821 1971
f 1971 6821 1482
f 6804 6822 1676
f 1676 6822 4234
f 6823 1963 872
f 6823 4487 1963
f 6829 4021 6807
f 6829 6807 1624
f 3390 6825 6220
f 6825 3390 2496
f 3957 6826 2555
f 2282 2555 6826
f 6827 3853 4944
f 427 3853 6827
f 6828 2696 4678
f 6828 4678 870
f 6841 6829 6824
f 6127 6824 6829
f 6830 1383 2939
f 6830 3956 1383
f 1878 628 6831
f 6215 1878 6831
f 5813 1513 6832
f 1513 4234 6832
f 4655 3499 6833
f 6833 3499 1437
f 1143 4148 6834
f 2732 1143 6834
f 6835 5427 1668
f 5434 6840 6835
f 6836 5284 2036
f 2036 1332 6836
f 1750 6837 1072
f 6846 6035 6837
f 747 6838 4107
f 4929 6838 747
f 6839 2626 300
f 6839 300 5279
f 6840 5427 6835
f 5427 6840 1662
f 6858 6841 6824
f 6829 6841 4021
f 4095 6842 5040
f 2949 5040 6842
f 3899 2070 6843
f 6843 2070 922
f 6125 6844 627
f 6844 3058 627
f 6845 931 4300
f 6212 931 6845
f 1750 6846 6837
f 5937 6846 1750
f 876 6847 3915
f 876 4331 6847
f 641 5147 6848
f 1382 641 6848
f 3349 6849 1289
f 6849 4981 1289
f 1277 6850 6192
f 5370 6850 1277
f 4489 6851 1119
f 2489 6851 4489
f 6171 6852 443
f 2061 6852 6171
f 2610 6876 6853
f 6853 2065 1452
f 6207 6854 727
f 727 6854 3506
f 367 1409 6855
f 1409 756 6855
f 6856 4642 404
f 2613 6856 404
f 3255 735 6857
f 3255 6857 5843
f 4021 6858 6807
f 6858 4021 6841
f 6859 2979 1580
f 1580 360 6859
f 5822 3063 6860
f 3063 597 6860
f 6861 4127 923
f 4127 6861 5290
f 6862 5118 5354
f 5118 6862 1022
f 2875 6863 6192
f 1141 6863 2875
f 6864 6159 2331
f 2409 6864 2331
f 642 6178 6865
f 642 6865 4714
f 372 2850 6866
f 6866 2850 1783
f 2483 7001 3817
f 7001 6871 3817
f 6868 2195 1340
f 1340 2378 6868
f 1780 6869 5687
f 6869 1392 5687
f 3090 2289 6870
f 4921 3090 6870
f 1631 3817 6871
f 1631 6871 2380
f 5463 6872 3213
f 6872 2672 3213
f 6725 6873 3251
f 1883 6873 6725
f 2629 6874 983
f 584 6874 2629
f 4675 6875 5613
f 5613 6875 5339
f 6853 6876 2065
f 2065 6876 5020
f 6877 5208 3801
f 3206 6877 3801
f 6878 4447 344
f 6878 344 6873
f 2758 6879 3850
f 6879 6741 3850
f 575 6950 6880
f 5920 575 6880
f 945 6881 2958
f 945 2772 6881
f 3603 6882 6719
f 6719 6882 1012
f 6883 604 999
f 6883 3181 604
f 2009 6884 2806
f 2009 5836 6884
f 1069 2595 6885
f 2595 6315 6885
f 2550 3798 6886
f 3798 2883 6886
f 6887 4657 1100
f 1955 6887 1100
f 6888 2947 1188
f 6888 3845 2947
f 3223 6889 1536
f 1536 6889 6612
f 1214 4944 6890
f 1950 1214 6890
f 4819 6891 2898
f 2898 6891 1273
f 3960 1095 6892
f 3046 6892 1095
f 3332 6893 2665
f 6893 1045 2665
f 2173 6894 1547
f 1547 6894 4327
f 2078 930 6895
f 930 4555 6895
f 6896 2072 3939
f 1446 2072 6896
f 530 3774 6897
f 530 6897 1889
f 6898 334 3106
f 3754 6898 3106
f 1398 6899 2761
f 6717 6899 1398
f 3989 6900 672
f 1642 6900 3989
f 6901 3324 3816
f 3324 6901 1267
f 6902 2537 6061
f 6902 786 2537
f 2002 5682 6903
f 2002 6903 2610
f 2784 1708 6904
f 1708 4910 6904
f 6153 6909 3848
f 3848 6909 2696
f 248 6906 6008
f 6008 6906 4026
f 6907 3833 5058
f 6907 1674 3833
f 26 6908 87
f 6908 6938 87
f 6905 6567 6909
f 6153 6905 6909
f 1219 3922 6910
f 6910 3922 620
f 6911 2569 311
f 4164 6911 311
f 1670 6912 754
f 1670 5811 6912
f 6913 2509 5991
f 6913 5883 2509
f 6914 5819 2232
f 6914 2232 1269
f 3030 5546 6915
f 392 3030 6915
f 2735 2255 6916
f 2255 4433 6916
f 6917 310 643
f 6917 643 2754
f 6918 5546 3030
f 4577 5546 6918
f 4273 6919 1367
f 621 6919 4273
f 5665 6920 1341
f 1341 6920 4781
f 2747 5783 6921
f 2692 2747 6921
f 5734 6936 6922
f 6922 2200 5734
f 3274 1193 6923
f 1193 5893 7032
f 6924 2279 4168
f 4168 4101 6924
f 2679 4988 6925
f 4988 3561 6925
f 2680 624 6926
f 6929 2680 6926
f 6496 2734 6927
f 2734 6058 6927
f 2104 6396 6928
f 6930 6928 6396
f 3791 6929 1748
f 6929 6926 1748
f 4269 2637 6930
f 6396 4269 6930
f 3456 3167 6931
f 6931 1058 3456
f 1774 6079 6932
f 2626 6932 6079
f 2436 6933 1796
f 6449 6933 2436
f 40 6934 168
f 26 6934 6938
f 6935 592 1475
f 6935 1475 2377
f 2738 6936 5734
f 6936 2738 5094
f 1440 4523 6937
f 5313 1440 6937
f 40 6938 6934
f 87 6938 40
f 4291 6939 886
f 6939 4291 6503
f 4915 6940 1709
f 1543 1709 6940
f 6941 1238 6643
f 6951 6941 3146
f 4668 2277 6942
f 2277 2739 6942
f 886 2360 6943
f 6943 2360 5190
f 5250 6944 2472
f 6944 5250 1049
f 6945 5145 494
f 6945 494 1710
f 6946 2738 5734
f 6443 2738 6946
f 2326 2863 6947
f 6947 3417 2326
f 6948 2089 4365
f 6948 4791 2089
f 6949 855 4670
f 6949 1437 855
f 6950 575 4670
f 4670 855 6950
f 5623 1238 6951
f 6951 1238 6941
f 3830 2246 6952
f 6419 6952 2246
f 6953 3011 1110
f 6953 1110 4326
f 3329 6954 4828
f 4828 6954 3935
f 5361 6955 2386
f 6955 4572 2386
f 3665 1426 6956
f 4259 3665 6956
f 6957 4545 310
f 5163 6957 310
f 6958 4288 1753
f 6958 1753 5806
f 4967 6959 2062
f 6959 5738 2062
f 26 7000 6908
f 6980 6908 7000
f 6823 6961 4487
f 6154 4487 6961
f 6962 2887 1701
f 4140 2887 6962
f 6963 4741 5647
f 5047 4741 6963
f 4116 4539 6964
f 4539 6958 6964
f 937 6965 2948
f 3695 6965 937
f 1327 6966 4852
f 6966 3474 4852
f 5591 2145 6967
f 5591 6967 1165
f 6210 2110 6968
f 6977 2110 345
f 4618 6969 1113
f 1113 6969 5145
f 1767 2988 6970
f 2988 6728 6970
f 6971 4625 2906
f 6971 6624 4625
f 6968 6972 2557
f 6972 6977 345
f 6973 2948 5638
f 6973 937 2948
f 2845 6974 811
f 2845 725 6974
f 6975 6972 6968
f 2110 6975 6968
f 6515 6976 742
f 2893 6976 6515
f 2110 6977 6975
f 6977 6972 6975
f 6966 6978 3474
f 4939 3474 6978
f 6979 4930 6126
f 1202 6979 6126
f 6980 4857 6938
f 6980 6938 6908
f 6981 2993 6945
f 3048 2993 6981
f 6982 5258 2730
f 4067 6982 2730
f 694 6085 6983
f 6618 694 6983
f 2421 2235 6984
f 6984 2235 4325
f 6985 4563 1713
f 6526 6985 1713
f 6172 6986 2431
f 6986 354 2431
f 4814 6987 1284
f 6980 6987 4814
f 6988 2700 2971
f 6988 2706 2700
f 3579 3036 6989
f 6989 3036 3152
f 5314 6990 3891
f 3891 6990 5215
f 345 2695 6991
f 2557 345 6991
f 6992 3169 5046
f 3169 6992 4651
f 2982 6993 6411
f 2982 5917 6993
f 1029 5348 6994
f 6994 5348 6985
f 4649 6995 4387
f 6995 1559 4387
f 2846 5890 6996
f 6996 5918 2846
f 6997 4594 2284
f 6997 2284 3050
f 5359 6998 2267
f 5081 2267 6998
f 6999 1288 1553
f 1288 6999 6877
f 241 6960 7000
f 6960 6987 7000
f 7001 6867 6871
f 7001 6507 6867
f 5725 1983 7002
f 1983 3519 7002
f 7003 5579 1868
f 7003 1868 5832
f 1781 7010 7004
f 7004 7010 7007
f 7005 1456 1656
f 1456 7005 6231
f 7006 3952 1459
f 7006 1459 5395
f 7007 704 2139
f 2139 5800 7007
f 4690 6235 7008
f 6235 2051 7008
f 7009 3952 7006
f 4391 3952 7009
f 7010 704 7007
f 2807 704 7010
f 7011 3972 3968
f 1154 7011 3968
f 3854 4673 7012
f 4673 6626 7012
f 7013 924 6794
f 7013 2530 924
f 3877 1347 7014
f 6423 7014 1347
f 7015 4546 2901
f 4250 4546 7015
f 4372 712 7016
f 4372 7016 1201
f 4096 2433 7017
f 4096 7017 4090
f 7018 5766 2954
f 5136 7018 2954
f 7019 6851 5059
f 1791 7019 5059
f 2495 7020 2511
f 2495 3018 7022
f 5314 7021 914
f 7021 3917 914
f 2495 7022 7020
f 7022 1925 7020
f 7023 3505 178
f 2357 3505 7023
f 2807 7024 7028
f 7024 7027 7028
f 1259 7025 2630
f 5765 2630 7025
f 7026 3859 961
f 7026 3069 3859
f 7024 4864 7027
f 7027 4864 5399
f 2807 7028 5404
f 5404 7028 1284
f 4341 257 7029
f 7029 257 5458
f 7030 1284 3545
f 5404 1284 7030
f 7031 5034 2594
f 7031 2594 4053
f 6923 7032 7056
f 1193 7032 6923
f 4341 7029 7033
f 7033 7029 5458
f 4873 6450 7034
f 4547 4873 7034
f 7035 1250 3696
f 7035 7037 1250
f 2074 2386 7036
f 2074 7036 5490
f 7037 2312 1250
f 7037 4654 2312
f 1738 7038 2289
f 2289 7038 4542
f 7037 7039 4654
f 7039 7025 4654
f 2117 7040 5908
f 5018 7040 2117
f 4274 7041 4224
f 7041 4274 6069
f 6081 7042 1054
f 7042 2554 1054
f 5945 1096 7043
f 7043 1096 1916
f 4341 15 7044
f 7044 15 7055
f 5196 897 7045
f 3882 5196 7045
f 7046 7051 4476
f 7046 4476 1218
f 7047 3053 553
f 888 3053 7047
f 3229 432 7048
f 5952 7048 432
f 890 4706 7049
f 7049 4706 2627
f 7050 4801 2329
f 460 4801 7050
f 7046 1641 7051
f 1641 6656 7051
f 944 2690 7052
f 2690 4313 7052
f 7053 3647 871
f 4111 7053 871
f 7054 4353 952
f 4422 7054 952
f 243 7055 58
f 58 7055 15
f 7056 964 4592
f 964 7056 7032
f 1044 5099 7057
f 6240 7057 5099
f 4749 7033 7058
f 4749 7058 7083
f 3887 4849 7059
f 4849 1254 7059
f 7060 7050 2329
f 7060 460 7050
f 5841 3471 7061
f 369 5841 7061
f 7062 1300 7064
f 7062 330 2668
f 2224 7063 205
f 5440 7063 2224
f 7062 7064 330
f 5006 330 7064
f 7065 4058 6204
f 1661 4058 7065
f 3887 7066 4849
f 7066 4825 4849
f 7044 7067 2079
f 7044 7055 7067
f 1548 7068 3454
f 5355 7068 1548
f 2966 6761 7069
f 4749 7069 6761
f 316 7070 4159
f 2631 7070 316
f 2916 5522 7071
f 5522 6082 7071
f 7072 2066 1472
f 7072 1472 2333
f 2984 7073 7100
f 2984 6249 7073
f 7081 1669 7074
f 7074 1669 2858
f 3359 649 7075
f 649 3224 7075
f 7076 5538 2155
f 1778 5538 7076
f 7077 3359 7075
f 1533 3359 7077
f 7078 3587 3066
f 5556 7078 7082
f 3948 7079 1322
f 3948 3426 7079
f 7080 568 3248
f 3663 7080 3248
f 4734 692 7081
f 7081 692 1669
f 7082 3066 1505
f 7082 7078 3066
f 2966 7069 7083
f 4749 7083 7069
f 4173 7084 1002
f 7084 2536 1002
f 4732 7085 3759
f 5283 7085 4732
f 3457 5951 7086
f 4679 3457 7086
f 1140 2950 7087
f 1140 7087 4394
f 7088 2430 3660
f 6785 7088 3660
f 7089 2908 594
f 7089 932 2908
f 1819 2904 7090
f 7090 2904 616
f 7091 1773 4866
f 4866 617 7091
f 7091 7092 2362
f 2362 7092 2640
f 2290 2280 7093
f 2580 2290 7093
f 1661 2251 7094
f 1661 7094 4058
f 3180 7095 2041
f 7095 3180 2280
f 3940 7096 2077
f 7096 852 2077
f 7097 913 4576
f 5353 913 7097
f 7098 1934 5365
f 7098 5365 995
f 7099 3111 6818
f 7099 4198 3111
f 7100 205 2984
f 7100 2998 205
f 7093 2280 7101
f 7101 2280 3180
f 7102 5997 2146
f 5323 7102 2146
f 6060 7103 2547
f 2547 7103 4960
f 7104 5798 1619
f 7104 1619 6450
f 3495 7105 1263
f 366 1263 7105
f 1216 7106 5569
f 1216 3967 7106
f 957 7107 6031
f 957 1120 7107
f 549 7108 2247
f 2247 7108 3925
f 7109 3160 442
f 5721 3160 7109
f 804 7110 736
f 804 6787 7110
f 6772 1719 7111
f 1075 6772 7111
f 7112 5823 2456
f 7112 2456 3347
f 6002 7113 1457
f 7113 4957 1457
f 7114 1772 6646
f 3109 1772 7114
f 465 413 7115
f 7115 62 465
f 6503 1871 7116
f 7116 1871 3900
f 4388 7112 7117
f 4388 7117 4445
f 356 7118 4879
f 4879 7118 2367
f 7119 2807 2851
f 4304 7119 2851
f 3445 1563 7120
f 7120 1563 1306
f 3781 2516 7121
f 7121 7127 3781
f 7122 4154 544
f 5806 4154 7122
f 7123 2767 1265
f 2767 7123 4203
f 5944 7124 5949
f 5949 7124 985
f 2012 7125 4057
f 2012 6332 7125
f 1515 726 7126
f 7103 1515 7126
f 3861 7127 3863
f 7127 7121 3863
f 7128 6789 556
f 7036 7128 556
f 6582 7129 2209
f 7129 7122 2209
f 7130 5907 2917
f 5579 7130 2917
f 4454 7131 1410
f 7131 4454 395
f 7132 3512 2458
f 6433 7132 2458
f 4638 7133 1030
f 6766 7133 4638
f 2674 7134 2676
f 2674 4521 7134

 