# 3ds Max Wavefront OBJ Exporter v0.99 - (c)2007 guruware
# File Created: 18.07.2026 21:08:59

#
# object Group22992
#

v  7.8584 100.3611 -4.5152
v  5.9086 100.1945 -10.9387
v  4.7315 100.1722 -10.8153
v  3.6476 100.1547 -10.4498
v  2.7014 100.1423 -9.8562
v  1.9321 100.1357 -9.0573
v  1.3710 100.1352 -8.0839
v  1.0406 100.1411 -6.9733
v  0.9529 100.1536 -5.7683
v  1.1093 100.1727 -4.5152
v  1.5001 100.1980 -3.2620
v  2.1064 100.2288 -2.0570
v  2.9012 100.2642 -0.9464
v  3.8506 100.3025 0.0270
v  4.9171 100.3420 0.8258
v  6.0599 100.3808 1.4194
v  7.2372 100.4169 1.7850
v  8.4069 100.4484 1.9084
v  9.5277 100.4739 1.7850
v  10.5602 100.4923 1.4194
v  11.4674 100.5029 0.8258
v  12.2160 100.5055 0.0270
v  12.7778 100.5004 -0.9464
v  13.1303 100.4881 -2.0570
v  13.2583 100.4692 -3.2620
v  13.1547 100.4449 -4.5152
v  12.8206 100.4162 -5.7683
v  12.2666 100.3844 -6.9733
v  11.5114 100.3508 -8.0839
v  10.5827 100.3165 -9.0573
v  9.5148 100.2827 -9.8562
v  8.3492 100.2504 -10.4498
v  7.1309 100.2208 -10.8153
v  -1.5609 -0.3884 -10.9387
v  -1.5609 -0.3884 -4.5151
v  -2.8140 -0.3884 -10.8153
v  -4.0190 -0.3884 -10.4497
v  -5.1296 -0.3884 -9.8561
v  -6.1030 -0.3884 -9.0573
v  -6.9019 -0.3884 -8.0839
v  -7.4954 -0.3884 -6.9733
v  -7.8610 -0.3884 -5.7683
v  -7.9844 -0.3884 -4.5151
v  -7.8610 -0.3884 -3.2620
v  -7.4954 -0.3884 -2.0569
v  -6.9019 -0.3884 -0.9464
v  -6.1030 -0.3884 0.0270
v  -5.1296 -0.3884 0.8259
v  -4.0190 -0.3884 1.4195
v  -2.8140 -0.3884 1.7850
v  -1.5609 -0.3884 1.9084
v  -0.3077 -0.3884 1.7850
v  0.8973 -0.3884 1.4195
v  2.0079 -0.3884 0.8259
v  2.9813 -0.3884 0.0270
v  3.7801 -0.3884 -0.9464
v  4.3737 -0.3884 -2.0569
v  4.7393 -0.3884 -3.2620
v  4.8627 -0.3884 -4.5151
v  4.7393 -0.3884 -5.7683
v  4.3737 -0.3884 -6.9733
v  3.7801 -0.3884 -8.0839
v  2.9813 -0.3884 -9.0573
v  2.0079 -0.3884 -9.8561
v  0.8973 -0.3884 -10.4497
v  -0.3077 -0.3884 -10.8153
v  6.5782 93.2063 -10.9387
v  8.9919 93.2623 -10.4498
v  6.7653 86.1843 -10.9387
v  9.1725 86.2371 -10.4498
v  6.3759 79.1036 -10.9387
v  8.8077 79.1514 -10.4497
v  5.4307 71.9486 -10.9387
v  12.1529 93.3666 -8.0839
v  7.9169 71.9907 -10.4497
v  4.0827 64.7114 -10.9387
v  6.6367 64.7476 -10.4497
v  2.6554 57.3896 -10.9387
v  13.4832 93.4370 -5.7683
v  5.2634 57.4196 -10.4497
v  1.5233 50.0122 -10.9387
v  4.1409 50.0348 -10.4497
v  0.5403 42.7439 -10.9387
v  3.1335 42.7538 -10.4497
v  -0.2253 35.5445 -10.9387
v  2.3466 35.5536 -10.4497
v  -0.7369 28.3398 -10.9387
v  1.8085 28.3471 -10.4497
v  -1.1960 21.1369 -10.9387
v  1.3209 21.1418 -10.4497
v  -1.5075 13.9463 -10.9387
v  0.9745 13.9483 -10.4497
v  -1.5609 6.7775 -10.9387
v  0.8973 6.7775 -10.4497
v  2.9813 6.7775 -9.0573
v  4.3737 6.7775 -6.9733
v  4.8628 6.7775 -4.5151
v  4.3758 6.7776 -2.0569
v  2.9852 6.7778 0.0270
v  0.9005 6.7778 1.4195
v  -2.8140 6.7775 1.7850
v  -5.1296 6.7775 0.8259
v  -6.9019 6.7775 -0.9464
v  -7.8610 6.7775 -3.2620
v  -7.8610 6.7775 -5.7683
v  -6.9019 6.7775 -8.0839
v  -5.1296 6.7775 -9.8561
v  -2.8140 6.7775 -10.8153
v  -3.9781 13.9453 -10.4497
v  -3.6879 21.1340 -10.4497
v  -2.0205 28.3372 -10.8153
v  -1.5162 35.5413 -10.8153
v  -1.9747 42.7384 -10.4497
v  -0.9837 50.0029 -10.4497
v  0.1926 57.3784 -10.4497
v  1.7096 64.6958 -10.4497
v  2.2035 71.9265 -9.8561
v  4.1590 79.0770 -10.4497
v  4.5722 86.1520 -10.4498
v  4.3666 93.1691 -10.4498
v  2.7202 93.1555 -9.0573
v  1.9081 93.1686 -6.9733
v  2.0493 93.2092 -4.5152
v  2.4678 93.2389 -3.2620
v  4.8466 93.3543 0.0270
v  8.1789 93.4710 1.7850
v  13.8529 93.5191 -2.0570
v  12.9954 93.5448 0.0270
v  11.4051 93.5393 1.4194
v  9.3185 93.5011 1.9084
v  7.2012 71.5078 -4.5504
v  6.5717 71.0708 -9.2477
v  6.6306 70.2054 -9.2295
v  6.7120 69.3790 -9.0325
v  6.8128 68.6239 -8.6640
v  6.9289 67.9695 -8.1383
v  7.0560 67.4409 -7.4755
v  7.1891 67.0588 -6.7012
v  7.3232 66.8377 -5.8449
v  7.4531 66.7859 -4.9398
v  7.5738 66.9055 -4.0205
v  7.6806 67.1917 -3.1225
v  7.7696 67.6328 -2.2802
v  7.8373 68.2120 -1.5260
v  7.8810 68.9068 -0.8890
v  7.8992 69.6900 -0.3936
v  7.8910 70.5321 -0.0589
v  7.8569 71.4003 0.1024
v  7.7982 72.2615 0.0838
v  7.7170 73.0830 -0.1136
v  7.6165 73.8333 -0.4825
v  7.5006 74.4839 -1.0085
v  7.3736 75.0100 -1.6715
v  7.2405 75.3915 -2.4459
v  6.9763 75.6685 -4.2069
v  6.8555 75.5532 -5.1258
v  6.7483 75.2720 -6.0235
v  6.6592 74.8355 -6.8654
v  6.5913 74.2603 -7.6192
v  6.5475 73.5681 -8.2561
v  6.5293 72.7853 -8.7514
v  6.5375 71.9420 -9.0863
v  54.5764 73.6157 -15.9717
v  55.2081 74.0080 -11.2780
v  54.6356 72.7466 -15.9538
v  54.7172 71.9158 -15.7571
v  54.8182 71.1554 -15.3891
v  54.9346 70.4952 -14.8638
v  55.0620 69.9607 -14.2015
v  55.1954 69.5725 -13.4277
v  55.3298 69.3456 -12.5719
v  55.4599 69.2886 -11.6672
v  55.5808 69.4036 -10.7483
v  55.6879 69.6856 -9.8506
v  55.7770 70.1236 -9.0086
v  55.8448 70.7006 -8.2546
v  55.8886 71.3939 -7.6177
v  55.9067 72.1770 -7.1223
v  55.8986 73.0196 -6.7875
v  55.8644 73.8894 -6.6262
v  55.8055 74.7533 -6.6445
v  55.7242 75.5782 -6.8417
v  55.6235 76.3326 -7.2102
v  55.5073 76.9882 -7.7358
v  55.3801 77.5197 -8.3983
v  55.2467 77.9071 -9.1723
v  55.1123 78.1355 -10.0279
v  54.9820 78.1960 -10.9323
v  54.8608 78.0863 -11.8507
v  54.7534 77.8102 -12.7480
v  54.6640 77.3780 -13.5896
v  54.5961 76.8058 -14.3431
v  54.5521 76.1156 -14.9798
v  54.5339 75.3333 -15.4751
v  54.5421 74.4892 -15.8100
v  7.1064 75.6139 -3.3020
v  10.5675 77.6797 -2.7540
v  11.0417 75.4194 -0.4178
v  11.2229 72.0464 -0.6961
v  11.0052 69.5307 -3.4264
v  10.6494 69.1435 -6.1516
v  10.1415 70.8760 -8.9750
v  9.9018 73.2937 -9.5611
v  13.2387 75.3776 -9.8859
v  13.3778 73.7135 -9.6684
v  16.5881 77.2037 -10.2318
v  16.7268 75.5465 -10.0137
v  19.9530 78.7081 -10.6039
v  20.0914 77.0558 -10.3855
v  23.3353 79.8523 -11.0055
v  23.4736 78.2028 -10.7868
v  26.7361 80.6129 -11.4385
v  26.8744 78.9650 -11.2197
v  30.1568 80.9775 -11.9039
v  30.2950 79.3302 -11.6850
v  33.5961 80.9430 -12.4019
v  33.7343 79.2950 -12.1830
v  37.0543 80.5152 -12.9320
v  37.1927 78.8652 -12.7133
v  40.5309 79.7092 -13.4930
v  40.6694 78.0557 -13.2746
v  44.0244 78.5523 -14.0827
v  44.1632 76.8934 -13.8647
v  47.5327 77.0888 -14.6974
v  47.8870 74.0485 -13.5830
v  51.0522 75.3935 -15.3311
v  51.1919 73.7151 -15.1148
v  51.5345 71.8065 -13.5554
v  48.1453 73.1777 -12.1426
v  44.6354 74.6725 -11.5253
v  52.3130 72.6338 -7.6013
v  52.3667 74.9557 -6.1340
v  52.0932 78.2354 -6.5594
v  51.8512 79.3934 -7.7499
v  51.5850 79.9762 -9.3822
v  51.0719 78.5816 -13.7028
v  51.0182 76.2609 -15.1700
v  47.5089 79.5774 -13.7065
v  44.0007 81.0384 -13.0919
v  40.4892 81.4087 -12.9979
v  37.0127 82.2133 -12.4370
v  33.5545 82.6403 -11.9070
v  30.1153 82.6745 -11.4091
v  26.6945 82.3099 -10.9436
v  23.2937 81.5500 -10.5106
v  19.9113 80.4071 -10.1089
v  16.5463 78.9044 -9.7366
v  13.1969 77.0810 -9.3905
v  9.8598 75.0013 -9.0654
v  10.1844 77.8015 -5.4372
v  8.6945 72.6482 -52.9607
v  3.9858 73.3365 -53.0327
v  4.0507 74.1746 -52.8179
v  4.2937 74.9647 -52.6059
v  4.7056 75.6761 -52.4050
v  5.2705 76.2811 -52.2230
v  5.9666 76.7563 -52.0670
v  6.7673 77.0833 -51.9430
v  7.6418 77.2494 -51.8557
v  8.5565 77.2486 -51.8084
v  9.4761 77.0810 -51.8030
v  10.3654 76.7530 -51.8396
v  11.1902 76.2778 -51.9167
v  11.9188 75.6738 -52.0314
v  12.5232 74.9643 -52.1791
v  12.9800 74.1770 -52.3541
v  13.2719 73.3417 -52.5498
v  13.3876 72.4908 -52.7585
v  13.3225 71.6568 -52.9723
v  13.0793 70.8715 -53.1832
v  12.6673 70.1647 -53.3829
v  12.1023 69.5636 -53.5639
v  11.4061 69.0907 -53.7194
v  10.6054 68.7645 -53.8433
v  8.8164 68.5950 -53.9788
v  7.8968 68.7585 -53.9852
v  7.0076 69.0816 -53.9498
v  6.1830 69.5523 -53.8738
v  5.4545 70.1524 -53.7601
v  4.8503 70.8594 -53.6130
v  4.3934 71.6462 -53.4382
v  4.1015 72.4827 -53.2422
v  1.5592 62.0409 -5.8876
v  6.2667 61.3962 -5.8048
v  1.6240 62.8826 -5.6718
v  1.8669 63.6771 -5.4588
v  2.2787 64.3937 -5.2566
v  2.8434 65.0042 -5.0733
v  3.5394 65.4852 -4.9158
v  4.3399 65.8181 -4.7903
v  5.2142 65.9899 -4.7017
v  6.1287 65.9943 -4.6531
v  7.0482 65.8311 -4.6466
v  7.9374 65.5071 -4.6823
v  8.7621 65.0351 -4.7586
v  9.4906 64.4331 -4.8728
v  10.0949 63.7251 -5.0201
v  10.5518 62.9379 -5.1951
v  10.8437 62.1021 -5.3909
v  10.9594 61.2497 -5.6000
v  10.8944 60.4131 -5.8145
v  10.6513 59.6244 -6.0261
v  10.2394 58.9136 -6.2269
v  9.6746 58.3075 -6.4091
v  8.9785 57.8295 -6.5658
v  8.1780 57.4974 -6.6911
v  7.3037 57.3242 -6.7802
v  6.3893 57.3164 -6.8295
v  5.4699 57.4744 -6.8373
v  4.5809 57.7926 -6.8030
v  3.7564 58.2590 -6.7281
v  3.0280 58.8562 -6.6151
v  2.4238 59.5613 -6.4685
v  1.9669 60.3477 -6.2937
v  1.6750 61.1849 -6.0976
v  9.7309 68.5969 -53.9309
v  10.4931 65.9034 -50.9794
v  12.9684 67.9634 -50.3308
v  12.8697 71.2495 -49.5065
v  10.2546 73.8424 -48.9879
v  7.5301 74.3712 -48.9960
v  4.5923 72.8503 -49.5325
v  3.8716 70.5392 -50.1533
v  3.7534 67.8774 -47.2405
v  4.0622 69.4786 -46.8203
v  3.6277 65.4670 -44.2662
v  3.9367 67.0615 -43.8476
v  3.4927 63.3704 -41.2149
v  3.8019 64.9602 -40.7975
v  3.3473 61.6250 -38.0776
v  3.6565 63.2120 -37.6608
v  3.1908 60.2538 -34.8485
v  3.5000 61.8392 -34.4322
v  3.0227 59.2685 -31.5241
v  3.3320 60.8533 -31.1079
v  2.8431 58.6727 -28.1050
v  3.1524 60.2582 -27.6886
v  2.6521 58.4603 -24.5919
v  2.9613 60.0478 -24.1750
v  2.4502 58.6168 -20.9884
v  2.7593 60.2076 -20.5707
v  2.2381 59.1154 -17.3010
v  2.5470 60.7116 -16.8820
v  2.0171 59.9132 -13.5402
v  3.3036 62.7983 -12.7451
v  1.7894 60.9369 -9.7241
v  2.0977 62.5521 -9.3005
v  3.7715 64.3148 -8.7687
v  4.8016 63.5614 -12.4746
v  5.0235 62.7332 -16.2428
v  9.7253 63.1775 -8.7465
v  11.0784 60.8437 -9.2653
v  10.4732 57.6877 -10.0933
v  9.2114 56.6319 -10.4253
v  7.5357 56.1587 -10.6318
v  3.2581 57.7541 -10.4512
v  1.9050 60.0868 -9.9327
v  2.8813 57.4445 -14.1185
v  3.1023 56.6492 -17.8786
v  2.8574 56.9411 -21.3902
v  3.0593 56.7860 -24.9934
v  3.2503 56.9991 -28.5063
v  3.4298 57.5953 -31.9254
v  3.5979 58.5806 -35.2498
v  3.7545 59.9512 -38.4790
v  3.8999 61.6952 -41.6167
v  4.0350 63.7902 -44.6683
v  4.1607 66.1980 -47.6433
v  4.2790 68.8557 -50.5570
v  7.7834 65.9363 -51.1118
v  -16.6120 98.0486 27.6152
v  -12.5590 100.5324 27.8512
v  -12.7622 101.0315 27.1712
v  -13.1149 101.4228 26.4998
v  -13.6035 101.6911 25.8631
v  -14.2092 101.8259 25.2860
v  -14.9088 101.8218 24.7905
v  -15.6752 101.6789 24.3961
v  -16.4791 101.4028 24.1178
v  -17.2895 101.0041 23.9660
v  -18.0754 100.4982 23.9467
v  -18.8066 99.9047 24.0604
v  -19.4550 99.2466 24.3024
v  -19.9957 98.5494 24.6633
v  -20.4080 97.8399 25.1292
v  -20.6761 97.1456 25.6818
v  -20.7896 96.4930 26.3002
v  -20.7443 95.9072 26.9603
v  -20.5417 95.4108 27.6371
v  -20.1897 95.0226 28.3047
v  -19.7018 94.7572 28.9377
v  -19.0966 94.6250 29.5119
v  -18.3975 94.6306 30.0054
v  -17.6311 94.7739 30.3993
v  -16.0162 95.4461 30.8327
v  -15.2297 95.9493 30.8552
v  -14.4978 96.5397 30.7454
v  -13.8487 97.1948 30.5069
v  -13.3074 97.8896 30.1490
v  -12.8947 98.5974 29.6852
v  -12.6266 99.2914 29.1330
v  -12.5132 99.9448 28.5137
v  8.5978 68.9829 -2.3674
v  4.5383 66.5272 -2.6377
v  8.3941 69.4843 -3.0502
v  8.0408 69.8784 -3.7251
v  7.5514 70.1501 -4.3658
v  6.9448 70.2884 -4.9474
v  6.2444 70.2881 -5.4473
v  5.4771 70.1490 -5.8465
v  4.6724 69.8765 -6.1292
v  3.8611 69.4812 -6.2851
v  3.0746 68.9782 -6.3079
v  2.3428 68.3872 -6.1974
v  1.6940 67.7312 -5.9578
v  1.1529 67.0353 -5.5985
v  0.7404 66.3267 -5.1338
v  0.4723 65.6325 -4.5814
v  0.3588 64.9796 -3.9626
v  0.4044 64.3929 -3.3012
v  0.6074 63.8947 -2.6224
v  0.9598 63.5043 -1.9521
v  1.4484 63.2364 -1.3159
v  2.0543 63.1010 -0.7379
v  2.7542 63.1032 -0.2403
v  3.5214 63.2428 0.1583
v  4.3264 63.5143 0.4422
v  5.1381 63.9075 0.6007
v  5.9254 64.4072 0.6276
v  6.6580 64.9944 0.5216
v  7.3078 65.6468 0.2865
v  7.8495 66.3396 -0.0690
v  8.2625 67.0463 -0.5314
v  8.5307 67.7400 -1.0832
v  8.6439 68.3939 -1.7031
v  -16.8271 95.0492 30.6788
v  -15.8132 91.1953 29.8618
v  -18.3647 91.4137 27.8043
v  -18.8482 93.5242 25.1967
v  -18.1684 94.9307 24.1749
v  -15.4672 97.4067 23.4516
v  -13.8566 98.0977 23.8618
v  -11.7908 98.1353 25.2978
v  -10.7506 96.9950 27.2634
v  -8.9623 93.5450 26.5686
v  -9.5142 94.4179 25.2385
v  -7.2117 90.2571 25.6755
v  -7.7625 91.1258 24.3507
v  -5.5079 87.1717 24.5348
v  -6.0580 88.0372 23.2138
v  -3.8565 84.3128 23.1170
v  -4.4062 85.1766 21.7981
v  -2.2610 81.6952 21.4040
v  -2.8105 82.5580 20.0863
v  -0.7229 79.3263 19.3858
v  -1.2723 80.1887 18.0686
v  0.7567 77.2089 17.0609
v  0.2072 78.0717 15.7432
v  2.1791 75.3388 14.4335
v  1.6293 76.2030 13.1142
v  3.5464 73.7067 11.5150
v  2.9961 74.5730 10.1931
v  4.8625 72.2953 8.3266
v  4.3115 73.1651 7.0004
v  6.1340 71.0769 4.9021
v  5.5818 71.9514 3.5701
v  7.3718 70.0041 1.2994
v  6.8179 70.8861 -0.0418
v  5.0283 71.2665 -1.7282
v  3.0325 72.1599 1.5247
v  -0.6241 72.1327 4.5792
v  -0.4625 67.2478 -1.3446
v  -0.5974 64.8239 1.1571
v  1.5422 64.0641 3.5003
v  3.1095 64.4960 4.1574
v  4.7039 65.4087 4.3184
v  6.6232 67.3622 3.5961
v  6.0650 69.8422 6.1761
v  4.7931 71.0626 9.5982
v  3.4766 72.4752 12.7853
v  2.1091 74.1081 15.7027
v  0.6867 75.9787 18.3295
v  -0.7930 78.0963 20.6541
v  -2.5989 79.7696 23.2265
v  -4.1943 82.3868 24.9400
v  -5.5777 85.9404 25.8047
v  -7.2812 89.0248 26.9466
v  -9.0315 92.3110 27.8418
v  -10.8191 95.7583 28.5399
v  -12.6873 92.9932 30.1685
v  0.7277 72.0114 -4.5152
v  -1.0103 64.7824 -4.5151
v  -2.5602 57.4894 -3.2620
v  -8.7644 75.6397 23.2457
v  -5.7705 73.4619 22.0634
v  -6.5100 76.1296 24.3322
v  -2.3338 78.2446 13.7413
v  -3.8130 80.3600 16.0686
v  -0.8491 21.1660 1.9084
v  -1.3394 13.9605 1.9084
v  1.1465 13.9628 1.4195
v  7.1897 57.6721 1.4194
v  6.7130 50.2257 0.8259
v  9.0617 57.6581 0.0270
v  5.1665 35.6033 0.0270
v  2.2800 28.3866 1.4195
v  4.3781 28.3878 0.0270
v  9.3628 72.2813 1.7850
v  7.8324 65.0230 1.7850
v  9.8782 65.0230 0.8258
v  -5.6065 42.7521 -4.5151
v  -6.1603 35.5416 -6.9733
v  -6.5283 35.5492 -4.5151
v  1.7983 72.0794 -2.0570
v  -3.5838 50.1055 -2.0570
v  0.9772 57.6045 0.8259
v  9.7354 64.7604 -36.9534
v  9.5791 63.3779 -33.7271
v  12.1951 60.7571 -34.2525
v  34.6907 77.3613 -6.2523
v  37.9246 76.4619 -8.6051
v  38.3046 77.9727 -5.1844
v  -2.6565 75.3108 22.3077
v  -7.5933 21.1391 -4.5151
v  -7.4021 13.9497 -2.0569
v  -7.0348 21.1449 -2.0569
v  24.4303 76.2613 -4.8568
v  28.0469 79.5778 -2.5561
v  24.6467 78.8038 -2.1243
v  31.2512 77.4010 -5.7540
v  34.9070 79.9053 -3.5197
v  31.4674 79.9458 -3.0213
v  12.0271 59.7685 -30.9289
v  9.2314 61.7990 -26.9830
v  10.5944 60.4892 -23.6661
v  11.8474 59.1786 -27.5084
v  -13.4497 81.8738 24.5364
v  -10.9620 78.3767 24.4003
v  -11.3201 81.1565 26.8277
v  21.0857 80.9811 -1.4485
v  23.9964 84.3333 -4.1906
v  20.6146 83.1776 -3.7900
v  7.2296 62.1466 -23.4229
v  7.0270 62.3221 -19.8147
v  10.3916 60.6720 -20.0562
v  4.4337 50.2271 1.7850
v  5.3344 42.8378 0.8259
v  -0.7252 50.1741 0.8259
v  -3.2209 42.7890 0.0270
v  0.3943 42.8207 1.7850
v  12.8522 65.2343 -47.4346
v  10.2511 60.7672 -45.1080
v  10.3760 63.2032 -48.0761
v  9.9716 56.8966 -38.9265
v  6.2137 55.9640 -35.7742
v  6.3702 57.3366 -39.0029
v  -2.5177 75.6648 10.7265
v  -1.1533 74.0450 7.7930
v  -3.8482 71.5417 8.5498
v  -5.4114 69.6551 15.0998
v  -4.6413 69.4817 10.1910
v  -3.5629 67.7868 12.7786
v  34.7274 83.2456 -3.2441
v  37.7156 84.9935 -6.1173
v  34.2569 85.4290 -5.5866
v  8.9710 64.7996 -9.0573
v  14.0886 86.4999 -2.0570
v  13.7745 79.4099 -2.0570
v  13.7318 79.3531 -4.5152
v  -7.1509 21.1352 -6.9733
v  -7.4497 13.9457 -6.9733
v  -7.9208 13.9472 -4.5151
v  7.9861 54.2805 -18.2225
v  7.2832 53.7936 -21.9545
v  9.9197 57.5466 -5.7683
v  8.7021 50.1311 -5.7683
v  7.4217 50.0884 -8.0839
v  5.4707 35.5718 -8.0839
v  4.0064 28.3566 -9.0573
v  8.1303 79.4060 1.7850
v  7.0574 72.2480 1.7850
v  1.9118 79.1514 -4.5152
v  0.5368 71.9831 -5.7683
v  27.8306 77.0334 -5.2888
v  9.8152 55.5192 -35.6989
v  9.6472 54.5324 -32.3749
v  6.0456 54.9784 -32.4498
v  -12.6967 90.0876 21.9365
v  -13.3123 84.2868 22.0481
v  -15.2894 86.7003 23.7141
v  5.5243 28.3672 -6.9733
v  9.4112 62.3898 -30.4034
v  17.1988 73.3309 -7.6738
v  20.6954 74.6642 -7.1857
v  21.0490 75.0961 -4.4569
v  14.3753 77.5724 -0.7369
v  17.7224 79.4451 -1.0790
v  17.2506 81.6554 -3.4193
v  10.1385 71.1116 -46.0921
v  10.0142 68.6547 -43.1292
v  12.6299 66.0439 -43.6521
v  23.5103 84.0880 -7.7785
v  37.3352 85.0584 -8.8051
v  33.7710 85.1798 -9.1747
v  -4.2913 71.3463 19.7363
v  -2.0709 69.7777 17.3563
v  -1.1769 73.1937 19.9825
v  -4.2906 35.5729 0.0270
v  -2.0272 35.5855 1.4195
v  -2.8079 28.3722 1.4195
v  -3.3841 21.1595 1.4195
v  -9.4003 87.9230 20.9470
v  -10.7077 82.8335 19.8050
v  -11.7165 86.3759 20.9496
v  -6.9559 82.0127 17.7073
v  -9.6490 79.5016 18.4738
v  41.7443 81.1718 -4.1392
v  44.8191 82.6418 -6.4942
v  41.3244 83.8232 -5.9025
v  41.4021 75.6364 -9.1677
v  48.8327 75.1183 -6.3229
v  45.3214 76.6430 -5.7031
v  0.4526 74.7565 8.1783
v  -0.9127 76.3798 11.1076
v  7.7644 55.1007 -14.4563
v  10.5601 61.3522 -12.7328
v  10.7829 60.4949 -16.5082
v  41.1409 75.8509 -10.9338
v  -8.8595 74.4908 18.7521
v  -10.3981 76.8620 20.7676
v  -5.8905 71.7467 12.5153
v  -14.0192 87.7206 29.1973
v  -9.1463 86.2467 28.5914
v  -10.8978 89.5380 29.4802
v  -5.1445 80.9675 25.7821
v  13.8508 71.4770 -7.3303
v  17.6857 73.5592 -4.0874
v  14.3387 71.6854 -3.7454
v  44.5543 83.1933 -8.1290
v  40.7060 83.9417 -10.2662
v  -4.8746 42.7680 -2.0570
v  -2.8329 57.4163 -6.9733
v  -4.2038 50.0281 -6.9733
v  -4.4113 50.0618 -4.5151
v  4.9651 21.1559 -6.9733
v  4.5305 13.9550 -6.9733
v  3.0940 13.9513 -9.0573
v  1.6581 21.1701 1.4195
v  3.2365 13.9633 0.0270
v  3.7526 21.1710 0.0270
v  11.6946 86.5338 1.4194
v  12.9344 79.4460 0.0270
v  13.2568 86.5319 0.0270
v  12.2928 57.5033 -35.0689
v  12.7279 62.7785 -44.4714
v  6.6504 61.1847 -45.1900
v  13.9025 79.8030 -3.0756
v  13.1122 86.3763 -6.9733
v  11.4039 86.3038 -9.0573
v  11.6580 64.9222 -4.5151
v  9.3607 57.5185 -6.9733
v  5.2362 62.2135 -19.9353
v  5.4386 62.0433 -23.5422
v  6.5053 62.3801 -26.9783
v  26.9111 84.8498 -8.2113
v  11.9451 55.9243 -28.3249
v  11.7537 55.7256 -24.8084
v  9.2763 53.7346 -25.4401
v  12.1248 56.5153 -31.7452
v  10.1327 57.6233 -2.0570
v  8.3200 50.2061 -0.9464
v  9.0173 50.1726 -3.2620
v  5.9305 35.6018 -0.9464
v  5.7294 28.3844 -2.0570
v  6.7714 35.5951 -3.2620
v  0.1014 68.5677 14.5609
v  -10.3076 91.3160 22.3276
v  -5.3514 82.7302 18.0853
v  27.4774 76.5919 -8.0184
v  24.0769 75.8232 -7.5861
v  7.1543 67.0987 -40.0831
v  6.5382 71.5154 -46.1774
v  31.2879 83.2852 -2.7457
v  24.4670 82.1459 -1.8485
v  27.8673 82.9177 -2.2805
v  27.3969 85.1002 -4.6231
v  -1.6868 68.2626 2.3290
v  -3.0862 67.0268 8.2922
v  -0.9868 65.2070 6.1045
v  -0.9540 66.2990 10.5964
v  5.8660 54.3830 -29.0306
v  6.5650 53.8229 -25.5589
v  4.1208 55.2804 -25.3182
v  2.9687 64.9445 0.8258
v  48.7506 78.4572 -5.3513
v  -5.9692 13.9531 0.0270
v  3.4285 86.2811 -2.0570
v  4.7748 79.3015 0.0270
v  34.3374 76.9205 -8.9819
v  30.8980 76.9586 -8.4836
v  -16.5665 87.9202 27.1627
v  -14.8090 84.6031 26.3054
v  -12.2647 84.4162 28.3244
v  -4.0292 42.7378 -9.0573
v  -3.8635 35.5381 -9.8561
v  -5.6054 35.5393 -8.0839
v  -5.7787 21.1335 -9.0573
v  13.4143 79.6014 -6.6598
v  6.5156 59.0843 -42.1397
v  6.6850 62.9725 -30.3982
v  6.8530 63.9598 -33.7222
v  7.0093 65.3389 -36.9493
v  37.0742 83.7004 -11.3038
v  9.8802 66.5264 -40.0857
v  12.3512 62.1414 -37.4784
v  12.4960 63.9106 -40.6099
v  12.5939 60.6510 -41.4277
v  12.4490 58.8855 -38.2953
v  3.0941 35.6022 1.4195
v  0.5676 35.5959 1.9084
v  -0.2445 28.3811 1.9084
v  -5.2115 73.1569 11.4890
v  -5.4174 79.6423 15.6910
v  -3.9384 77.5276 13.3628
v  -6.6316 75.0169 14.1286
v  41.7825 77.1397 -5.7476
v  38.1863 82.8039 -3.7753
v  2.9558 86.1446 -9.0573
v  2.5229 79.0756 -9.0573
v  1.7358 79.1008 -6.9733
v  12.5398 72.1487 -5.7683
v  11.2586 64.9969 -0.9464
v  11.6301 64.9758 -2.0570
v  12.7871 79.2847 -6.9733
v  11.1699 72.0813 -8.0839
v  9.9806 79.1814 -9.8562
v  4.6115 13.9618 -2.0570
v  6.3309 42.7762 -8.0839
v  5.4156 42.7676 -9.0573
v  3.4837 21.1484 -9.0573
v  -12.0623 94.6214 23.1993
v  -14.4538 93.4029 22.7961
v  20.1281 82.9413 -7.3771
v  16.7634 81.4331 -7.0052
v  6.1306 28.3770 -4.5151
v  5.1145 21.1684 -2.0570
v  5.0646 13.9588 -4.5151
v  5.5390 21.1630 -4.5151
v  8.5066 86.4756 1.7850
v  9.2718 79.4297 1.9084
v  9.6349 86.5028 1.9084
v  11.3553 79.4539 1.4194
v  -8.1062 78.7503 26.0415
v  -7.4420 83.1588 27.4536
v  -3.5489 78.3497 24.0694
v  11.1384 55.2206 -21.3935
v  8.1987 53.7663 -21.9137
v  -7.1213 28.3430 -4.5151
v  -5.0160 28.3618 0.0270
v  -5.5570 21.1521 0.0270
v  10.9254 55.7506 -17.6984
v  10.7030 56.5946 -13.9264
v  -1.7399 57.3875 -9.0573
v  0.8998 71.9427 -8.0839
v  -0.1022 64.7029 -9.0573
v  -1.0588 64.7328 -6.9733
v  -6.0645 13.9451 -9.0573
v  -4.3261 69.2915 16.2653
v  6.7759 63.6005 -48.1630
v  -7.2260 73.2693 21.2293
v  -5.7469 71.1545 18.9014
v  14.0469 86.4449 -4.5152
v  37.6637 76.6710 -10.3717
v  -17.0481 90.0228 24.5648
v  9.4675 53.9394 -28.9551
v  -12.0393 80.0669 21.8184
v  2.3583 86.2115 -4.5152
v  2.1808 86.1645 -6.9733
v  3.2239 73.5386 5.8227
v  1.7656 73.3587 4.9732
v  7.7760 42.8154 -3.2620
v  7.5384 42.7958 -5.7683
v  45.2396 79.9767 -4.7320
v  48.3291 81.1426 -7.1118
v  30.8175 85.4664 -5.0884
v  30.3317 85.2148 -8.6767
v  12.7539 68.5081 -46.6133
v  2.3487 79.1846 -3.2620
v  17.9025 76.0932 -1.3556
v  14.5558 74.2120 -1.0142
v  -2.0686 66.9163 3.4992
v  10.1167 58.6532 -42.0611
v  12.0376 72.2750 0.0270
v  10.3953 72.2867 1.4194
v  -7.7468 85.0548 19.5406
v  6.2455 86.4040 0.8258
v  5.3665 50.0505 -9.8561
v  -5.8723 35.5601 -2.0570
v  -6.5304 28.3516 -2.0570
v  -0.4827 70.7174 17.4844
v  7.0042 42.8307 -0.9464
v  -5.3405 28.3346 -9.0573
v  -6.7021 28.3372 -6.9733
v  -8.1104 77.1305 16.4581
v  -7.3807 72.3772 16.4227
v  -4.3671 28.3346 -9.8561
v  11.7449 58.3342 -20.5759
v  11.9476 58.1509 -24.1860
v  21.2656 77.6352 -1.7247
v  -8.9525 82.0311 27.5826
v  41.8360 79.4655 -4.2800
v  12.9218 72.2373 -2.0570
v  11.3088 59.7306 -13.1033
v  -2.9971 50.0080 -9.0573
v  -5.3066 42.7425 -6.9733
v  1.8769 65.5466 7.7872
v  0.6087 66.7506 11.2294
v  -2.9111 57.4620 -4.5151
v  11.5316 58.8736 -16.8785
v  38.3581 80.2991 -3.7167
v  6.4134 69.0780 -43.2097
v  7.7344 62.6607 -16.1200
v  45.0166 74.5912 -8.8388
v  -3.8395 13.9570 1.4195
v  5.4151 64.9955 1.7850
v  10.3121 57.6000 -3.2620
v  4.7909 57.6618 1.9084
v  1.8224 50.2090 1.7850
v  -2.9494 69.4426 5.8005
v  3.0144 42.8343 1.7850
v  6.1540 35.5783 -6.9733
v  41.0601 84.3660 -7.5380
v  4.7011 72.1894 0.8258
# 833 vertices

vn -0.0147 -0.0102 -0.9998
vn -0.0135 -0.0131 -0.9998
vn -0.0145 -0.0127 -0.9998
vn -0.0155 -0.0120 -0.9998
vn -0.0165 -0.0112 -0.9998
vn -0.0173 -0.0103 -0.9998
vn -0.0179 -0.0094 -0.9998
vn -0.0183 -0.0086 -0.9998
vn -0.0184 -0.0080 -0.9998
vn -0.0185 -0.0077 -0.9998
vn -0.0185 -0.0076 -0.9998
vn -0.0186 -0.0078 -0.9998
vn -0.0186 -0.0079 -0.9998
vn -0.0185 -0.0078 -0.9998
vn -0.0182 -0.0077 -0.9998
vn -0.0175 -0.0076 -0.9998
vn -0.0165 -0.0076 -0.9998
vn -0.0152 -0.0078 -0.9999
vn -0.0140 -0.0083 -0.9999
vn -0.0129 -0.0089 -0.9999
vn -0.0119 -0.0096 -0.9999
vn -0.0112 -0.0104 -0.9999
vn -0.0108 -0.0111 -0.9999
vn -0.0105 -0.0117 -0.9999
vn -0.0105 -0.0121 -0.9999
vn -0.0105 -0.0125 -0.9999
vn -0.0106 -0.0127 -0.9999
vn -0.0107 -0.0129 -0.9999
vn -0.0110 -0.0131 -0.9999
vn -0.0113 -0.0133 -0.9998
vn -0.0119 -0.0133 -0.9998
vn -0.0126 -0.0133 -0.9998
vn 0.0000 0.0000 1.0000
vn 0.1897 -0.9815 -0.0267
vn 0.0034 -1.0000 -0.0004
vn -0.0085 -1.0000 0.0015
vn 0.2008 -0.9795 -0.0182
vn 0.3672 -0.9288 -0.0510
vn 0.0041 -1.0000 0.0002
vn 0.5225 -0.8496 -0.0721
vn 0.3766 -0.9258 -0.0336
vn 0.2020 -0.9794 0.0043
vn 0.0038 -1.0000 0.0009
vn 0.6562 -0.7491 -0.0905
vn 0.2001 -0.9794 0.0277
vn 0.0026 -1.0000 0.0009
vn 0.7688 -0.6306 -0.1068
vn 0.7739 -0.6295 -0.0694
vn 0.1953 -0.9797 0.0459
vn 0.0005 -1.0000 -0.0001
vn 0.8600 -0.4957 -0.1211
vn 0.1890 -0.9805 0.0529
vn -0.0017 -1.0000 -0.0012
vn 0.9290 -0.3453 -0.1334
vn 0.9335 -0.3478 -0.0872
vn 0.1838 -0.9818 0.0471
vn -0.0009 -1.0000 -0.0004
vn 0.9732 -0.1798 -0.1432
vn 0.1836 -0.9822 0.0400
vn -0.0013 -1.0000 -0.0004
vn 0.1840 -0.9823 0.0338
vn -0.0016 -1.0000 -0.0004
vn 0.1854 -0.9823 0.0252
vn -0.0003 -1.0000 -0.0000
vn 0.1884 -0.9819 0.0198
vn -0.0009 -1.0000 -0.0000
vn 0.1899 -0.9817 0.0160
vn -0.0017 -1.0000 -0.0000
vn 0.1914 -0.9815 0.0080
vn 0.1942 -0.9810 0.0014
vn 0.0000 -1.0000 -0.0000
vn 0.1951 -0.9808 -0.0000
vn 0.3812 -0.9245 0.0032
vn 0.3827 -0.9239 -0.0000
vn 0.5535 -0.8328 0.0056
vn 0.5556 -0.8315 -0.0000
vn 0.7047 -0.7095 0.0085
vn 0.7071 -0.7071 -0.0000
vn 0.8291 -0.5590 0.0118
vn 0.8315 -0.5556 -0.0000
vn 0.9220 -0.3869 0.0153
vn 0.9239 -0.3827 -0.0000
vn 0.9797 -0.1996 0.0186
vn 0.9808 -0.1951 -0.0000
vn 0.9998 -0.0043 0.0212
vn 1.0000 -0.0002 -0.0000
vn 0.9812 0.1915 0.0228
vn 0.9809 0.1947 0.0002
vn 0.9246 0.3804 0.0230
vn 0.9240 0.3823 0.0004
vn 0.8318 0.5547 0.0217
vn 0.8316 0.5553 0.0005
vn 0.7065 0.7074 0.0188
vn 0.7072 0.7071 0.0006
vn 0.5540 0.8324 0.0148
vn 0.5555 0.8315 0.0004
vn 0.3806 0.9247 0.0099
vn 0.3825 0.9239 0.0003
vn 0.1930 0.9812 0.0048
vn 0.1950 0.9808 -0.0000
vn -0.0014 1.0000 -0.0000
vn 0.0000 1.0000 -0.0000
vn -0.1955 0.9807 -0.0041
vn -0.1951 0.9808 -0.0000
vn -0.3821 0.9241 -0.0071
vn -0.3827 0.9239 -0.0000
vn -0.5542 0.8324 -0.0090
vn -0.5556 0.8315 -0.0000
vn -0.7053 0.7088 -0.0099
vn -0.7071 0.7071 -0.0000
vn -0.8298 0.5580 -0.0098
vn -0.8315 0.5556 -0.0000
vn -0.9227 0.3855 -0.0091
vn -0.9239 0.3827 -0.0000
vn -0.9802 0.1978 -0.0080
vn -0.9808 0.1951 -0.0000
vn -1.0000 0.0024 -0.0068
vn -1.0000 0.0000 -0.0000
vn -0.9811 -0.1933 -0.0056
vn -0.9808 -0.1951 -0.0000
vn -0.9244 -0.3815 -0.0045
vn -0.9239 -0.3827 -0.0000
vn -0.8319 -0.5549 -0.0036
vn -0.8315 -0.5556 -0.0000
vn -0.7073 -0.7069 -0.0029
vn -0.7071 -0.7071 -0.0000
vn -0.5556 -0.8314 -0.0023
vn -0.5556 -0.8315 -0.0000
vn -0.3827 -0.9239 -0.0017
vn -0.3827 -0.9239 -0.0000
vn -0.1951 -0.9808 -0.0009
vn -0.1951 -0.9808 -0.0000
vn -0.1956 -0.9807 -0.0071
vn -0.1935 -0.9810 -0.0152
vn -0.1917 -0.9813 -0.0192
vn -0.1924 -0.9810 -0.0258
vn -0.1922 -0.9807 -0.0354
vn -0.1931 -0.9803 -0.0429
vn -0.1974 -0.9788 -0.0541
vn -0.2012 -0.9777 -0.0601
vn -0.2062 -0.9772 -0.0510
vn -0.2104 -0.9771 -0.0304
vn -0.2122 -0.9772 -0.0046
vn -0.2113 -0.9772 0.0201
vn -0.2224 -0.9744 0.0336
vn -0.4320 -0.9008 0.0431
vn -0.4398 -0.8954 0.0689
vn -0.6392 -0.7661 0.0671
vn -0.6412 -0.7601 0.1049
vn -0.8091 -0.5808 0.0897
vn -0.8047 -0.5774 0.1379
vn -0.9242 -0.3663 0.1083
vn -0.9152 -0.3679 0.1644
vn -0.9815 -0.1482 0.1214
vn -0.9709 -0.1551 0.1826
vn -0.9902 0.0547 0.1285
vn -0.9804 0.0439 0.1923
vn -0.9635 0.2338 0.1304
vn -0.9557 0.2211 0.1944
vn -0.9123 0.3891 0.1275
vn -0.9069 0.3761 0.1899
vn -0.8401 0.5119 0.1794
vn -0.6554 0.7493 0.0949
vn -0.7574 0.6322 0.1635
vn -0.6576 0.7399 0.1420
vn -0.5371 0.8356 0.1150
vn -0.3825 0.9224 0.0537
vn -0.3913 0.9166 0.0824
vn 0.9887 -0.0001 -0.1499
vn 0.9696 0.1917 -0.1520
vn 0.9951 -0.0070 -0.0989
vn 0.9087 0.3904 -0.1477
vn 0.9780 0.1827 -0.1009
vn 0.7993 0.5856 -0.1351
vn 0.9199 0.3796 -0.0988
vn 0.6393 0.7607 -0.1125
vn 0.8138 0.5740 -0.0913
vn 0.4370 0.8959 -0.0800
vn 0.6570 0.7499 -0.0770
vn 0.2118 0.9765 -0.0401
vn 0.4567 0.8879 -0.0560
vn -0.0123 0.9999 0.0028
vn 0.2311 0.9725 -0.0297
vn -0.2163 0.9753 0.0446
vn 0.0044 1.0000 -0.0009
vn -0.2034 0.9787 0.0276
vn -0.0003 0.0006 -1.0000
vn -0.0002 0.0009 -1.0000
vn 0.0000 0.0009 -1.0000
vn 0.0000 0.0008 -1.0000
vn 0.0000 0.0007 -1.0000
vn 0.0000 0.0006 -1.0000
vn 0.0000 0.0005 -1.0000
vn 0.0000 0.0004 -1.0000
vn 0.0000 0.0003 -1.0000
vn -0.0002 0.0003 -1.0000
vn -0.0003 0.0003 -1.0000
vn -0.0004 0.0003 -1.0000
vn -0.0005 0.0003 -1.0000
vn -0.0005 0.0004 -1.0000
vn -0.0006 0.0004 -1.0000
vn 0.6319 0.1812 -0.7536
vn 0.6578 -0.0770 -0.7492
vn -0.0006 0.0007 -1.0000
vn -0.0006 0.0008 -1.0000
vn -0.0005 0.0008 -1.0000
vn -0.0005 0.0009 -1.0000
vn -0.0004 0.0009 -1.0000
vn -0.0003 0.0009 -1.0000
vn 0.0002 -0.0008 1.0000
vn 0.0003 -0.0006 1.0000
vn 0.0000 -0.0008 1.0000
vn 0.0000 -0.0007 1.0000
vn 0.0000 -0.0006 1.0000
vn 0.0000 -0.0005 1.0000
vn 0.0000 -0.0004 1.0000
vn 0.0000 -0.0003 1.0000
vn 0.0002 -0.0003 1.0000
vn 0.0003 -0.0003 1.0000
vn 0.0004 -0.0003 1.0000
vn 0.0005 -0.0004 1.0000
vn 0.6275 0.1825 0.7570
vn 0.6504 0.0522 0.7578
vn 0.6542 -0.0741 0.7527
vn 0.6400 -0.1966 0.7428
vn 0.0006 -0.0007 1.0000
vn 0.0005 -0.0007 1.0000
vn 0.0005 -0.0008 1.0000
vn 0.0004 -0.0008 1.0000
vn 0.0003 -0.0008 1.0000
vn 0.6546 0.0500 -0.7543
vn 0.8451 0.2280 -0.4836
vn 0.7788 0.4179 -0.4678
vn 0.6866 0.5970 -0.4150
vn 0.7931 0.4034 -0.4563
vn 0.5523 0.7631 -0.3357
vn 0.7056 0.5792 -0.4083
vn 0.3773 0.8970 -0.2304
vn 0.5777 0.7439 -0.3361
vn 0.1740 0.9790 -0.1066
vn 0.4095 0.8803 -0.2396
vn -0.0361 0.9991 0.0223
vn 0.2111 0.9695 -0.1244
vn -0.2315 0.9623 0.1426
vn 0.0013 1.0000 -0.0017
vn -0.3993 0.8832 0.2460
vn -0.1985 0.9732 0.1160
vn -0.5358 0.7772 0.3299
vn -0.3737 0.9012 0.2194
vn -0.6432 0.6557 0.3954
vn -0.5185 0.7989 0.3048
vn -0.7255 0.5252 0.4448
vn -0.6336 0.6781 0.3724
vn -0.7863 0.3884 0.4804
vn -0.7886 0.4065 0.4615
vn -0.8281 0.2460 0.5037
vn -0.8515 0.0971 0.5153
vn -0.8553 -0.0591 0.5147
vn -0.8645 -0.0571 0.4994
vn -0.8366 -0.2228 0.5004
vn -0.7905 -0.3930 0.4698
vn -0.7108 -0.5644 0.4198
vn -0.7935 -0.4061 0.4533
vn -0.5921 -0.7270 0.3476
vn -0.7060 -0.5839 0.4009
vn -0.4333 -0.8650 0.2530
vn -0.5768 -0.7492 0.3256
vn -0.2419 -0.9601 0.1406
vn -0.4072 -0.8843 0.2285
vn -0.0345 -0.9992 0.0200
vn -0.2082 -0.9712 0.1160
vn 0.0010 -1.0000 -0.0012
vn 0.0020 -1.0000 -0.0021
vn -0.2089 -0.9724 0.1039
vn 0.0026 -1.0000 -0.0023
vn -0.2095 -0.9740 0.0865
vn 0.0031 -1.0000 -0.0020
vn -0.2099 -0.9755 0.0661
vn 0.0035 -1.0000 -0.0015
vn -0.2102 -0.9767 0.0438
vn 0.0038 -1.0000 -0.0007
vn -0.2103 -0.9774 0.0204
vn 0.0038 -1.0000 0.0001
vn -0.2104 -0.9776 -0.0034
vn 0.0037 -1.0000 0.0010
vn -0.2103 -0.9773 -0.0272
vn 0.0034 -1.0000 0.0017
vn -0.2102 -0.9764 -0.0504
vn 0.0030 -1.0000 0.0022
vn -0.2099 -0.9750 -0.0724
vn 0.0025 -1.0000 0.0023
vn -0.2094 -0.9735 -0.0923
vn 0.0017 -1.0000 0.0019
vn -0.2088 -0.9719 -0.1086
vn 0.0006 -1.0000 0.0007
vn -0.2081 -0.9709 -0.1186
vn -0.2413 -0.9601 -0.1412
vn -0.0346 -0.9992 -0.0202
vn -0.4320 -0.8653 -0.2542
vn -0.4061 -0.8837 -0.2329
vn -0.5899 -0.7279 -0.3496
vn -0.5743 -0.7486 -0.3315
vn -0.7080 -0.5658 -0.4226
vn -0.7021 -0.5836 -0.4080
vn -0.7873 -0.3950 -0.4735
vn -0.7886 -0.4065 -0.4613
vn -0.8332 -0.2254 -0.5050
vn -0.8386 -0.2297 -0.4939
vn -0.8519 -0.0620 -0.5200
vn -0.8589 -0.2248 -0.4602
vn -0.8482 0.0939 -0.5213
vn -0.8794 -0.0509 -0.4733
vn -0.8252 0.2425 -0.5102
vn -0.9091 -0.0462 -0.4140
vn -0.7839 0.3850 -0.4871
vn -0.7988 0.4166 -0.4341
vn -0.7236 0.5220 -0.4516
vn -0.6315 0.6748 -0.3818
vn -0.6420 0.6530 -0.4019
vn -0.5352 0.7751 -0.3357
vn -0.5174 0.7964 -0.3131
vn -0.3992 0.8820 -0.2505
vn -0.3734 0.8998 -0.2257
vn -0.2318 0.9618 -0.1454
vn -0.1986 0.9728 -0.1196
vn -0.0366 0.9991 -0.0230
vn 0.0010 1.0000 0.0013
vn 0.1731 0.9790 0.1079
vn 0.2103 0.9693 0.1273
vn 0.3756 0.8970 0.2332
vn 0.4079 0.8795 0.2452
vn 0.5496 0.7634 0.3394
vn 0.5746 0.7429 0.3434
vn 0.6831 0.5981 0.4191
vn 0.7013 0.5786 0.4165
vn 0.7750 0.4201 0.4721
vn 0.7878 0.4037 0.4651
vn 0.8395 0.2294 0.4925
vn 0.8623 0.0607 0.5027
vn 0.8378 -0.2553 0.4826
vn 0.7877 -0.4079 0.4618
vn 0.8051 -0.4160 0.4229
vn 0.7195 -0.5535 0.4194
vn 0.6386 -0.6784 0.3634
vn 0.6256 -0.6904 0.3632
vn 0.5032 -0.8136 0.2914
vn 0.5219 -0.7998 0.2965
vn 0.3501 -0.9145 0.2027
vn 0.3757 -0.9018 0.2134
vn 0.1680 -0.9810 0.0974
vn 0.1999 -0.9732 0.1138
vn 0.2017 -0.9737 0.1063
vn 0.2030 -0.9749 0.0913
vn 0.2040 -0.9763 0.0722
vn 0.2048 -0.9775 0.0506
vn 0.2053 -0.9783 0.0274
vn 0.2055 -0.9786 0.0035
vn 0.2054 -0.9785 -0.0206
vn 0.2050 -0.9778 -0.0439
vn 0.2042 -0.9767 -0.0660
vn 0.2032 -0.9754 -0.0858
vn 0.2020 -0.9740 -0.1020
vn 0.2005 -0.9733 -0.1122
vn 0.1684 -0.9809 -0.0971
vn 0.3503 -0.9146 -0.2018
vn 0.5031 -0.8141 -0.2900
vn 0.3763 -0.9024 -0.2098
vn 0.6255 -0.6916 -0.3612
vn 0.5228 -0.8012 -0.2913
vn 0.7193 -0.5557 -0.4168
vn 0.6399 -0.6806 -0.3569
vn 0.7879 -0.4110 -0.4586
vn 0.8336 -0.2591 -0.4878
vn 0.8416 -0.2588 -0.4741
vn -0.8600 0.1056 0.4993
vn -0.8442 -0.2283 0.4851
vn -0.8721 0.2827 -0.3993
vn 0.7967 -0.4068 -0.4469
vn 0.8655 -0.1039 -0.4900
vn -0.9319 0.2224 -0.2866
vn -0.9180 0.1932 -0.3465
vn -0.8877 0.3325 -0.3185
vn 0.8987 0.4294 -0.0896
vn 0.9720 0.2346 0.0163
vn 0.9675 0.2341 -0.0961
vn -0.7827 -0.6223 -0.0131
vn -0.8941 -0.4317 -0.1190
vn -0.9006 -0.4343 -0.0151
vn 0.1908 0.9814 0.0223
vn 0.1914 0.9814 0.0148
vn 0.3787 0.9250 0.0300
vn 0.3999 0.9068 0.1332
vn 0.5691 0.8053 0.1663
vn 0.5859 0.7881 0.1887
vn 0.5534 0.8255 0.1112
vn 0.5516 0.8300 0.0823
vn 0.7071 0.6994 0.1044
vn 0.2236 0.9729 0.0594
vn 0.2115 0.9747 0.0725
vn 0.4211 0.8963 0.1391
vn -0.9716 -0.1169 -0.2057
vn -0.9782 -0.1449 -0.1487
vn -0.9860 0.0582 -0.1563
vn -0.8182 0.5151 -0.2554
vn -0.7508 0.6195 -0.2292
vn -0.5016 0.8441 -0.1896
vn -0.8667 0.4623 0.1875
vn -0.8784 0.4696 0.0885
vn -0.6760 0.7337 0.0681
vn -0.8758 0.4682 -0.1178
vn -0.9611 0.1383 -0.2390
vn -0.6685 0.7247 -0.1668
vn 0.9943 0.0416 -0.0985
vn 0.9990 0.0413 0.0167
vn 0.9897 -0.1422 0.0165
vn -0.9719 0.2197 -0.0850
vn -0.9179 0.3942 -0.0444
vn -0.9099 0.4064 -0.0831
vn -0.6708 0.7273 0.1452
vn -0.8816 0.4717 -0.0150
vn -0.6748 0.7324 -0.0908
vn -0.6774 0.7355 -0.0115
vn 0.4255 0.8942 -0.1395
vn 0.6198 0.7733 -0.1337
vn 0.6113 0.7659 -0.1992
vn 0.7746 0.6102 -0.1663
vn 0.7597 0.6017 -0.2465
vn -0.9334 0.1316 -0.3337
vn -0.6594 0.7135 -0.2368
vn 0.1925 0.9795 0.0586
vn 0.3794 0.9199 0.0991
vn 0.3867 0.9149 0.1158
vn -0.5045 0.8486 -0.1595
vn -0.5125 0.8485 -0.1323
vn -0.3565 0.9296 -0.0937
vn 0.5889 0.7488 -0.3040
vn 0.7416 0.5920 -0.3157
vn 0.7225 0.5833 -0.3711
vn 0.9773 0.0424 -0.2078
vn 0.9852 -0.1412 -0.0974
vn 0.9690 -0.1374 -0.2055
vn 0.2176 0.9745 0.0551
vn 0.2164 0.9731 0.0787
vn 0.4244 0.8925 0.1526
vn 0.6240 0.7769 0.0837
vn 0.7709 0.6077 0.1908
vn 0.7820 0.6144 0.1044
vn 0.6411 -0.7478 0.1724
vn 0.5070 -0.8522 0.1295
vn 0.5103 -0.8488 0.1384
vn 0.9998 -0.0146 0.0096
vn 0.9926 -0.0130 0.1209
vn 0.9746 -0.1902 0.1181
vn -0.9810 -0.1770 -0.0794
vn -0.9817 -0.1867 -0.0378
vn -0.9991 0.0105 -0.0412
vn 0.9111 0.0470 0.4096
vn 0.8456 -0.4443 0.2959
vn 0.9145 -0.3223 0.2445
vn 0.9258 -0.3031 0.2260
vn 0.8583 -0.4709 0.2038
vn 0.6701 -0.7356 0.0992
vn 0.5339 -0.8435 0.0596
vn 0.5257 -0.8473 0.0753
vn -0.2031 0.9787 -0.0307
vn -0.1983 0.9785 -0.0558
vn 0.0037 1.0000 0.0015
vn -0.9835 0.0643 -0.1693
vn -0.9564 0.0438 -0.2888
vn 0.6532 -0.6991 0.2908
vn 0.6635 -0.7113 0.2319
vn -0.8807 0.2861 0.3775
vn -0.7670 0.5906 0.2510
vn -0.6523 0.7042 0.2804
vn 0.7921 -0.5981 0.1217
vn 0.8039 -0.5869 0.0965
vn 0.6806 -0.7284 0.0787
vn -0.9122 0.1255 0.3901
vn -0.9423 0.1334 0.3071
vn -0.8485 0.4506 0.2775
vn 0.6006 0.7571 -0.2569
vn -0.8053 0.4210 0.4175
vn -0.8268 0.4363 0.3550
vn 0.9512 0.0440 -0.3054
vn 0.9905 0.0415 0.1310
vn 0.9259 -0.3027 0.2259
vn 0.9816 -0.1405 0.1295
vn 0.9623 -0.1362 0.2353
vn -0.5231 0.8463 -0.1013
vn -0.3621 0.9293 -0.0721
vn -0.1885 0.9817 -0.0274
vn -0.1902 0.9815 -0.0211
vn -0.0007 1.0000 -0.0000
vn -0.9300 0.3079 0.2010
vn -0.9446 0.3140 0.0951
vn 0.6085 0.7631 0.2176
vn 0.7360 0.5885 0.3347
vn 0.7548 0.5984 0.2686
vn -0.6386 0.6864 -0.3480
vn -0.6488 0.7001 -0.2981
vn -0.7677 -0.6124 -0.1886
vn -0.8562 -0.4181 -0.3033
vn -0.8784 -0.4259 -0.2166
vn 0.8821 0.0519 0.4683
vn -0.7523 -0.6030 -0.2654
vn -0.3814 0.9244 -0.0064
vn -0.3812 0.9237 0.0382
vn -0.1987 0.9788 -0.0488
vn 0.0031 1.0000 0.0023
vn 0.0035 1.0000 0.0018
vn 0.8907 0.0510 -0.4517
vn 0.9150 -0.1237 -0.3841
vn 0.8867 -0.1146 -0.4480
vn 0.7835 -0.5989 -0.1656
vn 0.5453 -0.8365 -0.0538
vn 0.5424 -0.8322 -0.1148
vn -0.8828 0.1162 0.4552
vn -0.9730 0.0861 -0.2140
vn -0.9541 0.2545 -0.1580
vn -0.9362 0.2788 -0.2139
vn -0.9238 -0.2404 -0.2979
vn -0.9284 -0.2866 -0.2364
vn -0.9635 -0.0799 -0.2555
vn 0.8125 -0.5772 0.0813
vn 0.8218 -0.5678 0.0473
vn 0.6975 -0.7156 0.0370
vn 0.5520 0.8313 0.0658
vn 0.7062 0.7057 0.0567
vn 0.7062 0.7030 0.0842
vn 0.6655 0.7464 0.0039
vn 0.8149 0.5700 0.1049
vn 0.8227 0.5684 0.0053
vn 0.6251 0.7781 -0.0628
vn 0.7866 0.6173 0.0132
vn 0.7840 0.6157 -0.0784
vn 0.9206 0.0467 -0.3876
vn 0.8655 -0.5008 0.0119
vn 0.6628 -0.7487 0.0112
vn 0.9091 -0.3358 0.2466
vn 0.8467 -0.4834 0.2222
vn -0.7783 -0.6193 -0.1032
vn 0.6178 0.7712 0.1536
vn 0.6265 0.7793 0.0106
vn 0.8584 0.4436 0.2577
vn 0.8478 0.4761 0.2338
vn 0.9276 0.2792 0.2480
vn 0.9260 0.3356 0.1728
vn 0.9784 0.1567 0.1351
vn 0.9750 0.1358 0.1757
vn -0.7396 -0.5964 0.3118
vn -0.8631 -0.4210 0.2789
vn -0.8386 -0.4132 0.3551
vn -0.7712 -0.6150 0.1644
vn -0.7802 -0.6207 0.0775
vn -0.8969 -0.4330 0.0895
vn -0.8837 -0.4282 0.1891
vn -0.7570 -0.6063 0.2436
vn 0.5974 0.7541 0.2730
vn 0.7170 0.5805 0.3859
vn 0.8781 -0.4644 0.1155
vn 0.6725 -0.7217 0.1638
vn -0.5058 0.8404 -0.1947
vn -0.1986 0.9759 -0.0902
vn -0.1986 0.9742 -0.1072
vn 0.0019 1.0000 0.0023
vn -0.8140 0.5756 -0.0777
vn -0.8236 0.5655 -0.0433
vn -0.6987 0.7143 -0.0399
vn -0.8469 0.5316 -0.0093
vn -0.6523 0.7500 -0.1094
vn -0.5595 -0.8222 -0.1050
vn -0.5561 -0.8277 -0.0753
vn -0.7118 -0.6955 -0.0982
vn -0.8337 -0.5485 -0.0642
vn -0.9256 -0.3769 -0.0337
vn -0.9261 -0.3702 -0.0728
vn 0.8110 -0.4200 -0.4073
vn 0.9441 -0.1314 -0.3024
vn -0.6625 0.7170 0.2168
vn 0.3762 0.9234 0.0764
vn -0.1872 0.9816 -0.0382
vn -0.0013 1.0000 -0.0003
vn -0.9487 0.3158 -0.0161
vn -0.9413 0.3129 -0.1265
vn -0.8189 -0.5737 -0.0173
vn -0.8083 -0.5742 -0.1302
vn -0.9215 -0.3570 -0.1526
vn -0.7343 -0.5929 -0.3305
vn -0.8067 -0.4051 -0.4303
vn -0.8310 -0.4104 -0.3756
vn 0.9170 -0.3465 0.1976
vn 0.8747 0.4093 0.2596
vn 0.9311 0.2452 0.2702
vn 0.9392 0.2117 0.2705
vn 0.8594 -0.5004 0.1052
vn 0.7589 -0.6301 0.1645
vn 0.3675 -0.9262 0.0839
vn 0.5267 -0.8473 0.0684
vn 0.8326 0.5450 0.0986
vn 0.8322 0.5506 0.0660
vn 0.9250 0.3733 0.0716
vn 0.8311 -0.4344 -0.3473
vn 0.6565 -0.7028 -0.2739
vn 0.7646 -0.6197 0.1771
vn 0.7772 -0.6090 0.1581
vn 0.6581 -0.7417 0.1297
vn 0.6888 -0.7219 0.0660
vn -0.7216 -0.5877 0.3659
vn -0.8138 -0.4071 0.4147
vn -0.8545 0.2730 0.4419
vn 0.9902 -0.0442 0.1325
vn 0.9791 0.1698 0.1122
vn 0.9974 -0.0160 0.0708
vn 0.9934 -0.0296 0.1109
vn -0.2048 0.9788 -0.0010
vn 0.0049 1.0000 0.0012
vn 0.0052 1.0000 0.0001
vn 0.6587 0.7473 0.0875
vn 0.8853 0.4248 -0.1893
vn 0.8518 -0.4479 -0.2718
vn 0.6665 -0.7146 -0.2125
vn 0.7917 -0.6059 -0.0780
vn 0.8838 -0.4677 0.0147
vn 0.6814 -0.7318 0.0113
vn 0.8575 0.4151 0.3039
vn 0.8882 0.2246 0.4007
vn 0.9182 0.2273 0.3243
vn -0.9931 0.0373 -0.1109
vn -0.5321 0.8435 -0.0730
vn -0.5397 0.8400 -0.0560
vn -0.3717 0.9275 -0.0400
vn 0.8318 0.4076 0.3767
vn 0.8070 0.4025 0.4322
vn -0.9679 0.1396 0.2088
vn -0.7374 -0.6387 -0.2200
vn -0.8482 -0.4871 -0.2079
vn -0.8543 -0.4473 -0.2648
vn -0.7822 -0.5843 -0.2162
vn -0.7546 -0.6068 -0.2499
vn -0.8651 -0.4040 -0.2973
vn -0.5546 -0.8311 -0.0423
vn -0.5561 -0.8309 -0.0191
vn -0.7083 -0.7055 -0.0243
vn 0.6437 -0.6871 0.3369
vn 0.8800 0.4226 0.2169
vn 0.2184 0.9756 -0.0224
vn 0.2186 0.9758 0.0038
vn 0.4319 0.9019 0.0074
vn 0.8958 0.4281 0.1192
vn 0.9449 0.2306 0.2322
vn 0.9815 -0.1914 0.0107
vn 0.8693 -0.4588 -0.1838
vn 0.8807 -0.4657 -0.0868
vn 0.6800 -0.7302 -0.0670
vn -0.6419 0.6905 0.3335
vn -0.1986 0.9748 0.1021
vn 0.0021 1.0000 -0.0024
vn 0.0032 1.0000 -0.0022
vn 0.0036 1.0000 -0.0016
vn 0.2178 0.9748 -0.0478
vn 0.4312 0.9012 -0.0436
vn -0.9691 0.2461 -0.0144
vn -0.9345 -0.3553 -0.0188
vn -0.8872 -0.2254 -0.4026
vn 0.9683 0.1078 0.2255
vn 0.9832 -0.0652 0.1705
vn 0.9715 -0.0914 0.2188
vn 0.0026 1.0000 0.0025
vn -0.9052 0.3947 -0.1577
vn -0.9560 0.2416 -0.1662
vn 0.2129 0.9701 0.1168
vn 0.4139 0.8820 0.2252
vn 0.8990 0.3862 0.2064
vn 0.6383 0.7537 0.1564
vn 0.7651 0.5995 0.2348
vn 0.7929 0.5797 0.1876
vn 0.1990 0.9776 0.0680
vn -0.5352 0.8447 -0.0035
vn 0.6788 -0.7288 0.0893
vn 0.5108 -0.8521 0.1137
vn 0.3584 -0.9312 0.0671
vn 0.3553 -0.9315 0.0781
vn -0.7893 0.5973 -0.1423
vn -0.8039 0.5860 -0.1020
vn -0.6793 0.7284 -0.0898
vn -0.3670 0.9287 -0.0520
vn 0.9247 0.3091 0.2221
vn 0.5586 0.8169 0.1440
vn 0.7154 0.6749 0.1809
vn 0.6467 -0.6906 -0.3238
vn 0.6747 -0.7242 -0.1426
vn -0.8352 -0.5434 -0.0848
vn -0.9807 -0.1645 -0.1054
vn -0.9962 0.0225 -0.0836
vn -0.3810 0.9232 -0.0510
vn -0.5537 -0.8309 -0.0548
vn -0.7079 -0.7043 -0.0539
vn -0.7085 -0.7022 -0.0707
vn 0.4195 0.8871 0.1928
vn -0.1987 0.9797 -0.0263
vn -0.5367 0.8331 -0.1337
vn -0.5321 0.8249 -0.1908
vn -0.3785 0.9157 -0.1353
vn 0.2148 0.9715 0.0997
vn -0.6511 0.7410 -0.1642
vn -0.9569 0.1206 -0.2642
vn -0.8922 -0.3727 -0.2551
vn -0.3790 0.9171 0.1234
vn -0.1987 0.9791 0.0423
vn -0.1987 0.9780 0.0641
vn -0.7801 0.6024 0.1689
vn -0.5378 0.8350 0.1162
vn 0.9266 0.2288 -0.2984
vn -0.1987 0.9775 -0.0703
vn -0.9893 0.1446 -0.0168
vn -0.9810 0.1428 -0.1317
vn -0.9847 0.1435 0.0990
vn 0.9317 -0.3049 -0.1973
vn 0.9459 -0.3107 -0.0934
vn 0.9767 -0.0024 0.2146
vn 0.9508 -0.1660 0.2617
vn 0.9806 0.1816 0.0731
vn -0.7164 -0.5850 -0.3802
vn -0.7250 -0.6670 -0.1717
vn -0.7163 -0.6841 -0.1374
vn -0.8418 -0.5137 -0.1661
vn -0.8384 -0.5320 -0.1188
vn -0.9189 -0.0459 0.3918
vn -0.8883 -0.0501 0.4565
vn -0.3772 0.9119 0.1615
vn 0.0027 1.0000 -0.0025
vn 0.9651 0.0776 0.2501
vn 0.8717 -0.4545 0.1833
vn 0.2183 0.9754 0.0298
vn 0.4283 0.8973 0.1072
vn 0.4309 0.9005 0.0582
vn -0.9655 0.2348 -0.1124
vn -0.6889 0.7216 -0.0687
vn 0.7099 0.6903 0.1400
vn 0.5527 0.8322 0.0443
vn -0.9327 0.1582 -0.3242
vn 0.9024 0.4306 0.0151
vn 0.9640 0.2333 0.1278
vn -0.3780 0.9255 -0.0250
vn -0.1937 0.9810 -0.0136
vn -0.0017 1.0000 -0.0001
vn -0.3559 0.9249 -0.1335
vn -0.3622 0.9220 -0.1366
vn 0.0016 1.0000 0.0006
vn 0.9616 0.0462 0.2706
vn -0.9990 -0.0407 -0.0169
vn -0.9768 -0.0417 0.2103
vn -0.9942 -0.0409 0.0997
vn 0.5856 0.7462 0.3167
vn -0.1884 0.9796 -0.0700
vn -0.1851 0.9809 -0.0590
vn -0.6390 -0.7627 -0.0997
vn -0.6194 -0.7675 -0.1652
vn -0.6666 0.7348 -0.1249
vn -0.7703 0.6092 -0.1887
vn -0.1852 0.9815 -0.0494
vn -0.0020 1.0000 -0.0008
vn -0.0016 1.0000 -0.0008
vn -0.9150 0.3064 -0.2624
vn -0.3800 0.9202 -0.0943
vn 0.9628 -0.2397 0.1245
vn 0.9528 -0.2587 0.1587
vn -0.3536 0.9286 -0.1126
vn 0.9686 -0.2254 0.1047
vn 0.9752 -0.2117 0.0651
vn 0.9157 -0.3979 0.0570
vn -0.9975 0.0683 -0.0168
vn -0.3852 -0.9187 -0.0867
vn -0.5667 -0.8135 -0.1304
vn -0.3944 -0.9123 -0.1103
vn -0.8446 0.4732 -0.2506
vn -0.8668 0.4544 -0.2054
vn -0.1986 0.9764 0.0843
vn 0.4208 0.8889 -0.1811
vn 0.8974 0.2259 -0.3791
vn -0.3727 0.9215 -0.1088
vn -0.3817 0.9223 -0.0602
vn 0.9704 0.0424 0.2378
vn 0.9355 -0.1298 0.3286
vn 0.9423 0.0441 0.3318
vn 0.0039 1.0000 -0.0008
vn -0.1987 0.9799 0.0197
vn 0.0039 1.0000 0.0001
vn -0.1987 0.9801 -0.0033
vn 0.0038 1.0000 0.0010
vn -0.3806 -0.9243 -0.0293
vn -0.3788 -0.9247 -0.0375
vn -0.3852 0.9228 -0.0021
vn 0.6480 -0.7474 0.1469
vn 0.1892 0.9815 0.0282
vn 0.1881 0.9814 0.0382
vn -0.5212 0.8048 -0.2839
vn -0.5182 0.8410 -0.1556
vn -0.9635 -0.2349 -0.1287
vn -0.9443 -0.2319 -0.2337
vn -0.9697 -0.0418 -0.2406
vn -0.9410 -0.0434 -0.3356
vn -0.9173 -0.2283 -0.3261
vn -0.3766 0.9102 -0.1724
vn 0.5252 -0.8054 0.2748
vn -0.9903 -0.0409 -0.1326
vn -0.3753 0.9063 0.1944
vn -0.0012 1.0000 -0.0010
vn 0.3775 0.9249 0.0447
vn 0.3761 0.9249 0.0563
vn 0.3776 -0.9259 0.0075
vn 0.3744 -0.9259 0.0500
vn 0.5175 -0.8499 0.0992
vn 0.3628 -0.9305 0.0504
vn -0.5483 0.8356 -0.0339
vn -0.9010 0.4198 -0.1095
vn -0.8868 0.4359 -0.1534
vn 0.3682 -0.9289 0.0397
vn 0.3724 -0.9275 0.0327
vn 0.9378 -0.2807 0.2042
vn 0.8877 -0.4380 0.1420
vn 0.1892 0.9807 0.0497
vn 0.5405 -0.8399 0.0496
vn 0.3767 -0.9262 0.0169
vn 0.8994 -0.4226 0.1121
vn 0.9072 -0.4100 0.0945
vn -0.9774 0.2068 -0.0435
vn 0.5473 -0.8365 0.0267
vn 0.8341 0.5381 0.1211
vn 0.9249 0.3644 0.1081
vn -0.3828 -0.9237 -0.0134
vn 0.8364 0.5239 0.1609
vn 0.9259 0.3541 0.1315
vn -0.8332 -0.5522 -0.0292
vn 0.9630 -0.1188 0.2420
vn 0.9626 0.0177 0.2703
vn 0.9544 -0.1447 0.2612
vn -0.9281 -0.3207 -0.1894
vn -0.9275 -0.3613 -0.0965
vn 0.8396 0.5020 0.2073
vn -0.0012 1.0000 -0.0014
vn -0.9287 -0.3451 -0.1359
vn -0.9476 -0.0347 -0.3177
vn -0.9244 -0.1927 -0.3291
vn -0.9473 -0.1573 -0.2790
vn -0.9386 0.0095 -0.3450
vn 0.7263 0.6557 0.2064
vn -0.9765 -0.1379 -0.1654
vn -0.9907 -0.1349 -0.0184
vn -0.1925 0.9788 -0.0707
vn -0.3813 -0.9217 -0.0705
vn 0.7421 0.6293 0.2308
vn 0.9583 0.1887 0.2146
vn 0.9200 0.3745 0.1155
vn 0.9280 0.3726 0.0068
vn 0.9768 0.1768 0.1204
vn -0.4058 -0.9054 -0.1250
vn -0.5796 -0.7976 -0.1669
vn 0.9845 0.1750 0.0082
vn -0.5266 0.8150 -0.2417
vn -0.3747 0.9045 -0.2037
vn -0.4185 -0.8964 -0.1461
vn -0.4148 -0.8910 -0.1846
vn -0.5942 -0.7590 -0.2661
vn -0.5836 -0.7513 -0.3081
vn 0.6111 0.7673 0.1945
vn -0.3800 -0.9236 -0.0510
vn -0.6465 -0.7628 -0.0141
vn -0.4199 -0.9011 -0.1079
vn -0.5966 -0.7796 -0.1904
vn -0.4359 -0.8999 -0.0096
vn 0.4426 0.8896 0.1127
vn 0.2321 0.9721 0.0335
vn 0.5412 -0.8305 0.1320
vn 0.5363 -0.8229 0.1876
vn -0.4315 -0.8998 -0.0650
vn 0.4582 0.8866 0.0632
vn 0.2347 0.9721 0.0013
vn 0.4632 0.8863 0.0025
# 879 vertex normals

o Group22992
g Group22992
s off
f 1//1 2//2 3//3 
f 1//1 3//3 4//4 
f 1//1 4//4 5//5 
f 1//1 5//5 6//6 
f 1//1 6//6 7//7 
f 1//1 7//7 8//8 
f 1//1 8//8 9//9 
f 1//1 9//9 10//10 
f 1//1 10//10 11//11 
f 1//1 11//11 12//10 
f 1//1 12//10 13//12 
f 1//1 13//12 14//13 
f 1//1 14//13 15//14 
f 1//1 15//14 16//15 
f 1//1 16//15 17//16 
f 1//1 17//16 18//17 
f 1//1 18//17 19//18 
f 1//1 19//18 20//19 
f 1//1 20//19 21//20 
f 1//1 21//20 22//21 
f 1//1 22//21 23//22 
f 1//1 23//22 24//23 
f 1//1 24//23 25//24 
f 1//1 25//24 26//25 
f 1//1 26//25 27//26 
f 1//1 27//26 28//27 
f 1//1 28//27 29//28 
f 1//1 29//28 30//29 
f 1//1 30//29 31//30 
f 1//1 31//30 32//31 
f 1//1 32//31 33//32 
f 1//1 33//32 2//2 
f 34//33 35//33 36//33 
f 36//33 35//33 37//33 
f 37//33 35//33 38//33 
f 38//33 35//33 39//33 
f 39//33 35//33 40//33 
f 40//33 35//33 41//33 
f 41//33 35//33 42//33 
f 42//33 35//33 43//33 
f 43//33 35//33 44//33 
f 44//33 35//33 45//33 
f 45//33 35//33 46//33 
f 46//33 35//33 47//33 
f 47//33 35//33 48//33 
f 48//33 35//33 49//33 
f 49//33 35//33 50//33 
f 50//33 35//33 51//33 
f 51//33 35//33 52//33 
f 52//33 35//33 53//33 
f 53//33 35//33 54//33 
f 54//33 35//33 55//33 
f 55//33 35//33 56//33 
f 56//33 35//33 57//33 
f 57//33 35//33 58//33 
f 58//33 35//33 59//33 
f 59//33 35//33 60//33 
f 60//33 35//33 61//33 
f 61//33 35//33 62//33 
f 62//33 35//33 63//33 
f 63//33 35//33 64//33 
f 64//33 35//33 65//33 
f 65//33 35//33 66//33 
f 66//33 35//33 34//33 
f 33//34 67//35 2//36 
f 33//34 68//37 67//35 
f 32//38 68//37 33//34 
f 68//37 69//39 67//35 
f 31//40 68//41 32//38 
f 70//42 71//43 69//39 
f 30//44 68//41 31//40 
f 72//45 73//46 71//43 
f 29//47 74//48 30//44 
f 75//49 76//50 73//46 
f 28//51 74//48 29//47 
f 77//52 78//53 76//50 
f 27//54 79//55 28//51 
f 80//56 81//57 78//53 
f 26//58 79//55 27//54 
f 82//59 83//60 81//57 
f 84//61 85//62 83//60 
f 86//63 87//64 85//62 
f 88//65 89//66 87//64 
f 90//67 91//68 89//66 
f 92//69 93//64 91//68 
f 94//70 34//71 93//64 
f 94//70 66//72 34//71 
f 94//73 65//74 66//72 
f 95//75 64//76 65//74 
f 95//77 63//78 64//76 
f 96//79 62//80 63//78 
f 96//81 61//82 62//80 
f 97//83 60//84 61//82 
f 97//85 59//86 60//84 
f 98//87 58//88 59//86 
f 98//89 57//90 58//88 
f 99//91 56//92 57//90 
f 99//93 55//94 56//92 
f 100//95 54//96 55//94 
f 100//97 53//98 54//96 
f 100//99 52//100 53//98 
f 101//101 51//102 52//100 
f 101//103 50//104 51//102 
f 102//105 49//106 50//104 
f 102//107 48//108 49//106 
f 103//109 47//110 48//108 
f 103//111 46//112 47//110 
f 104//113 45//114 46//112 
f 104//115 44//116 45//114 
f 105//117 43//118 44//116 
f 105//119 42//120 43//118 
f 106//121 41//122 42//120 
f 106//123 40//124 41//122 
f 107//125 39//126 40//124 
f 107//127 38//128 39//126 
f 108//129 37//130 38//128 
f 108//131 36//132 37//130 
f 93//64 36//132 108//131 
f 93//64 34//71 36//132 
f 91//68 93//64 108//131 
f 89//66 91//68 109//133 
f 87//64 89//66 110//134 
f 85//62 87//64 111//135 
f 83//60 85//62 112//136 
f 81//57 83//60 113//137 
f 78//53 81//57 114//138 
f 76//50 78//53 115//139 
f 73//46 76//50 116//140 
f 71//43 73//46 117//141 
f 69//39 71//43 118//142 
f 67//35 69//39 119//143 
f 2//36 67//35 120//144 
f 2//36 120//144 3//145 
f 3//145 120//146 4//147 
f 4//147 121//148 5//149 
f 5//149 121//150 6//151 
f 6//151 122//152 7//153 
f 7//153 122//154 8//155 
f 8//155 123//156 9//157 
f 9//157 123//158 10//159 
f 10//159 124//160 11//161 
f 11//161 124//160 12//162 
f 12//162 125//163 13//164 
f 13//164 125//163 14//165 
f 14//165 125//163 15//166 
f 15//166 126//167 16//168 
f 25//169 79//55 26//58 
f 24//170 127//171 25//169 
f 23//172 127//173 24//170 
f 22//174 128//175 23//172 
f 21//176 128//177 22//174 
f 20//178 129//179 21//176 
f 19//180 129//181 20//178 
f 18//182 130//183 19//180 
f 17//184 130//185 18//182 
f 16//168 126//186 17//184 
f 131//187 132//188 133//188 
f 131//187 133//188 134//189 
f 131//187 134//189 135//190 
f 131//187 135//190 136//190 
f 131//187 136//190 137//191 
f 131//187 137//191 138//191 
f 131//187 138//191 139//192 
f 131//187 139//192 140//192 
f 131//187 140//192 141//193 
f 131//187 141//193 142//193 
f 131//187 142//193 143//194 
f 131//187 143//194 144//194 
f 131//187 144//194 145//195 
f 131//187 145//195 146//195 
f 131//187 146//195 147//196 
f 131//187 147//196 148//197 
f 131//187 148//197 149//197 
f 131//187 149//197 150//198 
f 131//187 150//198 151//199 
f 131//187 151//199 152//200 
f 131//187 152//200 153//201 
f 131//187 153//201 154//202 
f 131//187 155//203 156//204 
f 131//187 156//204 157//204 
f 131//187 157//204 158//205 
f 131//187 158//205 159//206 
f 131//187 159//206 160//207 
f 131//187 160//207 161//208 
f 131//187 161//208 162//209 
f 131//187 162//209 132//188 
f 163//210 164//211 165//212 
f 165//212 164//211 166//212 
f 166//212 164//211 167//212 
f 167//212 164//211 168//213 
f 168//213 164//211 169//213 
f 169//213 164//211 170//214 
f 170//214 164//211 171//214 
f 171//214 164//211 172//215 
f 172//215 164//211 173//215 
f 173//215 164//211 174//216 
f 174//216 164//211 175//216 
f 175//216 164//211 176//217 
f 176//217 164//211 177//217 
f 177//217 164//211 178//217 
f 178//217 164//211 179//218 
f 179//218 164//211 180//219 
f 180//219 164//211 181//219 
f 181//219 164//211 182//220 
f 182//220 164//211 183//220 
f 183//220 164//211 184//221 
f 184//221 164//211 185//221 
f 185//221 164//211 186//222 
f 186//222 164//211 187//223 
f 187//223 164//211 188//224 
f 188//224 164//211 189//225 
f 189//225 164//211 190//226 
f 190//226 164//211 191//227 
f 191//227 164//211 192//228 
f 192//228 164//211 193//229 
f 193//229 164//211 194//229 
f 194//229 164//211 195//230 
f 195//230 164//211 163//210 
f 131//187 154//202 196//231 
f 154//202 197//232 196//231 
f 153//233 197//232 154//202 
f 152//234 197//235 153//233 
f 151//236 197//237 152//234 
f 150//238 198//239 151//236 
f 149//240 198//241 150//238 
f 148//242 198//243 149//240 
f 147//244 198//245 148//242 
f 146//246 199//247 147//244 
f 145//248 199//249 146//246 
f 144//250 199//251 145//248 
f 143//252 199//253 144//250 
f 142//254 200//255 143//252 
f 141//256 200//255 142//254 
f 140//257 200//255 141//256 
f 139//258 201//259 140//257 
f 138//260 201//259 139//258 
f 137//261 201//259 138//260 
f 136//262 201//263 137//261 
f 135//264 202//265 136//262 
f 134//266 202//267 135//264 
f 133//268 202//269 134//266 
f 132//270 202//271 133//268 
f 132//270 203//272 202//271 
f 203//272 204//273 205//274 
f 204//273 206//275 207//276 
f 206//275 208//277 209//278 
f 208//277 210//279 211//280 
f 210//279 212//281 213//282 
f 212//281 214//283 215//284 
f 214//283 216//285 217//286 
f 216//285 218//287 219//288 
f 218//287 220//289 221//290 
f 220//289 222//291 223//292 
f 222//291 224//293 225//294 
f 224//293 226//295 227//296 
f 226//295 165//297 227//296 
f 226//295 163//298 165//297 
f 227//296 165//297 166//299 
f 227//300 166//299 167//301 
f 227//302 167//301 168//303 
f 227//304 168//303 169//305 
f 228//306 169//305 170//307 
f 228//308 170//307 171//309 
f 229//310 171//309 172//311 
f 229//312 172//311 173//313 
f 230//314 173//313 174//315 
f 231//316 174//315 175//317 
f 231//318 175//317 176//319 
f 231//318 176//319 177//320 
f 231//321 177//320 178//322 
f 232//323 178//322 179//324 
f 232//325 179//324 180//326 
f 232//327 180//326 181//328 
f 232//329 181//328 182//330 
f 233//331 182//330 183//332 
f 233//333 183//332 184//334 
f 234//335 184//334 185//336 
f 234//337 185//336 186//222 
f 234//338 186//222 187//223 
f 235//339 187//223 188//224 
f 235//339 188//224 189//225 
f 236//340 189//225 190//341 
f 236//342 190//341 191//343 
f 236//344 191//343 192//345 
f 236//344 192//345 193//346 
f 236//347 193//346 194//348 
f 237//349 194//348 195//350 
f 237//351 195//350 163//298 
f 237//351 163//298 226//295 
f 238//352 226//295 224//293 
f 239//353 224//293 222//291 
f 240//354 222//291 220//289 
f 241//355 220//289 218//287 
f 242//356 218//287 216//285 
f 243//357 216//285 214//283 
f 244//358 214//283 212//281 
f 245//359 212//281 210//279 
f 246//360 210//279 208//277 
f 247//361 208//277 206//275 
f 248//362 206//275 204//273 
f 249//363 204//273 203//272 
f 162//364 249//363 203//272 
f 162//364 203//272 132//270 
f 161//365 249//363 162//364 
f 160//366 249//367 161//365 
f 159//368 249//369 160//366 
f 158//370 249//371 159//368 
f 157//372 249//371 158//370 
f 156//373 250//374 157//372 
f 155//203 250//374 156//373 
f 196//231 250//374 155//203 
f 131//187 196//231 155//203 
f 251//187 252//188 253//188 
f 251//187 253//188 254//189 
f 251//187 254//189 255//190 
f 251//187 255//190 256//190 
f 251//187 256//190 257//191 
f 251//187 257//191 258//191 
f 251//187 258//191 259//192 
f 251//187 259//192 260//192 
f 251//187 260//192 261//193 
f 251//187 261//193 262//193 
f 251//187 262//193 263//194 
f 251//187 263//194 264//194 
f 251//187 264//194 265//195 
f 251//187 265//195 266//195 
f 251//187 266//195 267//196 
f 251//187 267//196 268//197 
f 251//187 268//197 269//197 
f 251//187 269//197 270//198 
f 251//187 270//198 271//199 
f 251//187 271//199 272//200 
f 251//187 272//200 273//201 
f 251//187 273//201 274//202 
f 251//187 275//203 276//204 
f 251//187 276//204 277//204 
f 251//187 277//204 278//205 
f 251//187 278//205 279//206 
f 251//187 279//206 280//207 
f 251//187 280//207 281//208 
f 251//187 281//208 282//209 
f 251//187 282//209 252//188 
f 283//210 284//211 285//212 
f 285//212 284//211 286//212 
f 286//212 284//211 287//212 
f 287//212 284//211 288//213 
f 288//213 284//211 289//213 
f 289//213 284//211 290//214 
f 290//214 284//211 291//214 
f 291//214 284//211 292//215 
f 292//215 284//211 293//215 
f 293//215 284//211 294//216 
f 294//216 284//211 295//216 
f 295//216 284//211 296//217 
f 296//217 284//211 297//217 
f 297//217 284//211 298//217 
f 298//217 284//211 299//218 
f 299//218 284//211 300//219 
f 300//219 284//211 301//219 
f 301//219 284//211 302//220 
f 302//220 284//211 303//220 
f 303//220 284//211 304//221 
f 304//221 284//211 305//221 
f 305//221 284//211 306//222 
f 306//222 284//211 307//223 
f 307//223 284//211 308//224 
f 308//224 284//211 309//225 
f 309//225 284//211 310//226 
f 310//226 284//211 311//227 
f 311//227 284//211 312//228 
f 312//228 284//211 313//229 
f 313//229 284//211 314//229 
f 314//229 284//211 315//230 
f 315//230 284//211 283//210 
f 251//187 274//202 316//231 
f 274//202 317//232 316//231 
f 273//233 317//232 274//202 
f 272//234 317//235 273//233 
f 271//236 317//237 272//234 
f 270//238 318//239 271//236 
f 269//240 318//241 270//238 
f 268//242 318//243 269//240 
f 267//244 318//245 268//242 
f 266//246 319//247 267//244 
f 265//248 319//249 266//246 
f 264//250 319//251 265//248 
f 263//252 319//253 264//250 
f 262//254 320//255 263//252 
f 261//256 320//255 262//254 
f 260//257 320//255 261//256 
f 259//258 321//259 260//257 
f 258//260 321//259 259//258 
f 257//261 321//259 258//260 
f 256//262 321//263 257//261 
f 255//264 322//265 256//262 
f 254//266 322//267 255//264 
f 253//268 322//269 254//266 
f 252//270 322//271 253//268 
f 252//270 323//272 322//271 
f 323//272 324//273 325//274 
f 324//273 326//275 327//276 
f 326//275 328//277 329//278 
f 328//277 330//279 331//280 
f 330//279 332//281 333//282 
f 332//281 334//283 335//284 
f 334//283 336//285 337//286 
f 336//285 338//287 339//288 
f 338//287 340//289 341//290 
f 340//289 342//291 343//292 
f 342//291 344//293 345//294 
f 344//293 346//295 347//296 
f 346//295 285//297 347//296 
f 346//295 283//298 285//297 
f 347//296 285//297 286//299 
f 347//300 286//299 287//301 
f 347//302 287//301 288//303 
f 347//304 288//303 289//305 
f 348//306 289//305 290//307 
f 348//308 290//307 291//309 
f 349//310 291//309 292//311 
f 349//312 292//311 293//313 
f 350//314 293//313 294//315 
f 351//316 294//315 295//317 
f 351//318 295//317 296//319 
f 351//318 296//319 297//320 
f 351//321 297//320 298//322 
f 352//323 298//322 299//324 
f 352//325 299//324 300//326 
f 352//327 300//326 301//328 
f 352//329 301//328 302//330 
f 353//331 302//330 303//332 
f 353//333 303//332 304//334 
f 354//335 304//334 305//336 
f 354//337 305//336 306//222 
f 354//338 306//222 307//223 
f 355//339 307//223 308//224 
f 355//339 308//224 309//225 
f 356//340 309//225 310//341 
f 356//342 310//341 311//343 
f 356//344 311//343 312//345 
f 356//344 312//345 313//346 
f 356//347 313//346 314//348 
f 357//349 314//348 315//350 
f 357//351 315//350 283//298 
f 357//351 283//298 346//295 
f 358//352 346//295 344//293 
f 359//353 344//293 342//291 
f 360//354 342//291 340//289 
f 361//355 340//289 338//287 
f 362//356 338//287 336//285 
f 363//357 336//285 334//283 
f 364//358 334//283 332//281 
f 365//359 332//281 330//279 
f 366//360 330//279 328//277 
f 367//361 328//277 326//275 
f 368//362 326//275 324//273 
f 369//363 324//273 323//272 
f 282//364 369//363 323//272 
f 282//364 323//272 252//270 
f 281//365 369//363 282//364 
f 280//366 369//367 281//365 
f 279//368 369//369 280//366 
f 278//370 369//371 279//368 
f 277//372 369//371 278//370 
f 276//373 370//374 277//372 
f 275//203 370//374 276//373 
f 316//231 370//374 275//203 
f 251//187 316//231 275//203 
f 371//187 372//188 373//188 
f 371//187 373//188 374//189 
f 371//187 374//189 375//190 
f 371//187 375//190 376//190 
f 371//187 376//190 377//191 
f 371//187 377//191 378//191 
f 371//187 378//191 379//192 
f 371//187 379//192 380//192 
f 371//187 380//192 381//193 
f 371//187 381//193 382//193 
f 371//187 382//193 383//194 
f 371//187 383//194 384//194 
f 371//187 384//194 385//195 
f 371//187 385//195 386//195 
f 371//187 386//195 387//196 
f 371//187 387//196 388//197 
f 371//187 388//197 389//197 
f 371//187 389//197 390//198 
f 371//187 390//198 391//199 
f 371//187 391//199 392//200 
f 371//187 392//200 393//201 
f 371//187 393//201 394//202 
f 371//187 395//203 396//204 
f 371//187 396//204 397//204 
f 371//187 397//204 398//205 
f 371//187 398//205 399//206 
f 371//187 399//206 400//207 
f 371//187 400//207 401//208 
f 371//187 401//208 402//209 
f 371//187 402//209 372//188 
f 403//210 404//211 405//212 
f 405//212 404//211 406//212 
f 406//212 404//211 407//212 
f 407//212 404//211 408//213 
f 408//213 404//211 409//213 
f 409//213 404//211 410//214 
f 410//214 404//211 411//214 
f 411//214 404//211 412//215 
f 412//215 404//211 413//215 
f 413//215 404//211 414//216 
f 414//216 404//211 415//216 
f 415//216 404//211 416//217 
f 416//217 404//211 417//217 
f 417//217 404//211 418//217 
f 418//217 404//211 419//218 
f 419//218 404//211 420//219 
f 420//219 404//211 421//219 
f 421//219 404//211 422//220 
f 422//220 404//211 423//220 
f 423//220 404//211 424//221 
f 424//221 404//211 425//221 
f 425//221 404//211 426//222 
f 426//222 404//211 427//223 
f 427//223 404//211 428//224 
f 428//224 404//211 429//225 
f 429//225 404//211 430//226 
f 430//226 404//211 431//227 
f 431//227 404//211 432//228 
f 432//228 404//211 433//229 
f 433//229 404//211 434//229 
f 434//229 404//211 435//230 
f 435//230 404//211 403//210 
f 371//187 394//202 436//231 
f 394//202 437//232 436//231 
f 393//233 437//232 394//202 
f 392//234 437//235 393//233 
f 391//236 437//237 392//234 
f 390//238 438//239 391//236 
f 389//240 438//241 390//238 
f 388//242 438//243 389//240 
f 387//244 438//245 388//242 
f 386//246 439//247 387//244 
f 385//248 439//249 386//246 
f 384//250 440//251 385//248 
f 383//252 440//253 384//250 
f 382//254 440//253 383//252 
f 381//256 440//253 382//254 
f 380//257 441//375 381//256 
f 379//258 441//375 380//257 
f 378//260 442//376 379//258 
f 377//261 442//376 378//260 
f 376//262 442//263 377//261 
f 375//264 443//265 376//262 
f 374//266 443//267 375//264 
f 373//268 443//269 374//266 
f 372//270 443//271 373//268 
f 372//270 444//272 443//271 
f 444//272 445//273 446//274 
f 445//273 447//275 448//276 
f 447//275 449//277 450//278 
f 449//277 451//279 452//280 
f 451//279 453//281 454//282 
f 453//281 455//283 456//284 
f 455//283 457//285 458//286 
f 457//285 459//287 460//288 
f 459//287 461//289 462//290 
f 461//289 463//291 464//292 
f 463//291 465//293 466//294 
f 465//293 467//295 468//296 
f 467//295 405//297 468//296 
f 467//295 403//298 405//297 
f 468//296 405//297 406//299 
f 468//300 406//299 407//301 
f 468//302 407//301 408//303 
f 468//304 408//303 409//305 
f 469//306 409//305 410//307 
f 469//308 410//307 411//309 
f 470//310 411//309 412//311 
f 470//312 412//311 413//313 
f 471//377 413//313 414//315 
f 471//377 414//315 415//317 
f 471//377 415//317 416//319 
f 472//318 416//319 417//320 
f 472//321 417//320 418//322 
f 472//323 418//322 419//324 
f 472//325 419//324 420//326 
f 473//327 420//326 421//328 
f 473//329 421//328 422//330 
f 473//331 422//330 423//332 
f 473//333 423//332 424//334 
f 474//335 424//334 425//336 
f 474//337 425//336 426//222 
f 475//339 426//222 427//223 
f 475//339 427//223 428//224 
f 475//339 428//224 429//225 
f 476//340 429//225 430//341 
f 476//340 430//341 431//343 
f 477//344 431//343 432//345 
f 477//344 432//345 433//346 
f 477//347 433//346 434//348 
f 477//349 434//348 435//350 
f 477//351 435//350 403//298 
f 477//351 403//298 467//295 
f 478//352 467//295 465//293 
f 479//353 465//293 463//291 
f 480//354 463//291 461//289 
f 481//355 461//289 459//287 
f 482//356 459//287 457//285 
f 483//357 457//285 455//283 
f 484//358 455//283 453//281 
f 485//359 453//281 451//279 
f 486//360 451//279 449//277 
f 487//361 449//277 447//275 
f 488//362 447//275 445//273 
f 489//363 445//273 444//272 
f 402//364 489//363 444//272 
f 402//364 444//272 372//270 
f 401//365 489//363 402//364 
f 400//366 489//367 401//365 
f 399//368 489//369 400//366 
f 398//370 489//371 399//368 
f 397//372 490//378 398//370 
f 396//373 490//378 397//372 
f 395//203 490//379 396//373 
f 436//231 490//379 395//203 
f 371//187 436//231 395//203 
f 365//359 364//358 332//281 
f 326//275 329//278 327//276 
f 77//52 80//56 78//53 
f 12//162 124//160 125//163 
f 246//360 245//359 210//279 
f 203//272 205//274 202//271 
f 78//53 114//138 115//139 
f 491//380 492//381 493//382 
f 444//272 446//274 443//271 
f 485//359 484//358 453//281 
f 494//383 495//384 496//385 
f 471//377 416//319 472//318 
f 342//291 345//294 343//292 
f 360//354 359//353 342//291 
f 451//279 454//282 452//280 
f 456//386 497//387 498//388 
f 83//60 112//136 113//137 
f 100//95 55//94 99//93 
f 499//389 500//390 501//391 
f 86//63 88//65 87//64 
f 242//356 241//355 218//287 
f 218//287 221//290 219//288 
f 502//392 503//393 504//394 
f 505//395 506//396 507//397 
f 30//44 74//48 68//41 
f 508//398 509//399 510//400 
f 511//401 512//402 513//403 
f 514//404 515//405 516//406 
f 271//236 318//239 317//237 
f 517//407 518//408 519//409 
f 520//410 521//411 522//412 
f 230//314 174//315 231//316 
f 475//339 429//225 476//340 
f 496//413 495//414 523//415 
f 89//66 109//133 110//134 
f 524//416 525//417 526//418 
f 527//407 528//409 529//419 
f 530//420 531//421 532//422 
f 518//408 533//422 519//409 
f 534//410 535//412 536//421 
f 436//231 437//232 490//379 
f 537//423 538//424 539//425 
f 540//425 541//426 542//427 
f 151//236 198//239 197//237 
f 543//411 544//428 545//429 
f 350//314 294//315 351//316 
f 546//430 547//431 503//432 
f 548//433 549//434 550//435 
f 551//436 552//437 553//438 
f 554//439 555//440 556//441 
f 557//411 558//428 559//429 
f 560//442 561//443 562//444 
f 563//445 564//446 565//447 
f 235//339 189//225 236//340 
f 566//448 80//449 77//450 
f 567//451 568//452 569//453 
f 570//454 571//455 572//456 
f 105//117 44//116 104//115 
f 573//457 356//342 574//458 
f 355//339 309//225 356//340 
f 575//459 576//460 577//461 
f 578//462 579//463 86//464 
f 580//465 581//466 508//467 
f 17//184 126//186 130//185 
f 582//468 583//469 491//380 
f 69//39 118//142 119//143 
f 210//279 213//282 211//280 
f 584//408 530//420 532//422 
f 585//413 586//414 587//415 
f 574//458 359//470 360//471 
f 588//472 589//473 590//474 
f 381//256 441//375 440//253 
f 578//475 591//476 579//477 
f 96//79 63//78 95//77 
f 592//420 534//410 536//421 
f 334//283 337//286 335//284 
f 593//478 594//479 595//480 
f 596//436 597//481 598//437 
f 260//257 321//259 320//255 
f 599//482 600//483 601//474 
f 542//484 541//439 602//441 
f 565//485 603//486 604//487 
f 605//485 606//488 607//487 
f 480//354 479//353 463//291 
f 549//434 608//489 609//490 
f 610//491 611//492 499//493 
f 612//479 613//494 614//480 
f 613//494 615//495 616//408 
f 617//496 618//497 619//498 
f 620//428 621//499 622//500 
f 460//501 623//502 624//503 
f 459//287 462//290 460//288 
f 573//457 625//504 356//342 
f 544//428 626//499 627//500 
f 229//312 173//313 230//314 
f 219//501 221//505 628//502 
f 616//409 629//506 630//507 
f 631//508 561//509 560//510 
f 632//511 633//512 634//513 
f 635//514 484//515 485//516 
f 636//517 637//483 638//482 
f 140//257 201//259 200//255 
f 240//354 239//353 222//291 
f 639//457 236//342 640//458 
f 511//518 513//519 641//520 
f 642//521 643//522 644//523 
f 645//524 646//525 647//526 
f 648//527 649//528 650//529 
f 651//530 652//531 653//532 
f 21//176 129//179 128//177 
f 654//533 586//534 585//535 
f 551//436 655//481 552//437 
f 553//511 552//536 656//512 
f 369//363 368//362 324//273 
f 596//436 598//437 657//438 
f 248//362 247//361 206//275 
f 72//45 75//49 73//46 
f 74//48 658//537 659//538 
f 73//46 116//140 117//141 
f 583//469 492//381 491//380 
f 510//400 502//392 504//394 
f 660//539 575//459 661//540 
f 339//501 662//502 663//503 
f 335//386 337//541 664//387 
f 244//358 243//357 214//283 
f 541//439 665//440 602//441 
f 666//445 667//542 668//446 
f 654//533 669//543 586//534 
f 670//544 671//545 672//546 
f 673//547 674//548 675//549 
f 476//340 431//343 477//344 
f 676//458 479//470 480//471 
f 448//550 612//551 677//552 
f 452//553 454//554 678//555 
f 211//553 679//555 680//556 
f 207//550 594//551 593//552 
f 327//550 329//557 681//551 
f 321//259 682//517 599//482 
f 683//543 563//445 565//447 
f 684//424 685//533 686//535 
f 687//499 471//377 472//318 
f 688//558 689//559 690//497 
f 691//560 692//486 693//561 
f 362//356 361//355 338//287 
f 514//404 516//406 694//562 
f 509//399 502//392 510//400 
f 622//563 621//564 695//565 
f 232//329 182//330 233//331 
f 103//109 48//108 102//107 
f 526//566 525//567 696//568 
f 124//160 697//569 125//163 
f 698//570 514//404 694//562 
f 215//386 699//387 700//388 
f 211//553 213//554 679//555 
f 387//244 439//247 438//245 
f 701//436 702//481 703//437 
f 704//571 705//572 706//573 
f 707//574 571//575 570//576 
f 250//374 708//577 249//371 
f 157//372 250//374 249//371 
f 552//536 709//578 656//512 
f 367//361 366//360 328//277 
f 333//554 710//388 711//555 
f 329//557 712//556 681//551 
f 640//458 239//470 240//471 
f 604//560 603//486 713//561 
f 470//312 413//313 471//377 
f 463//291 466//294 464//292 
f 714//480 715//419 716//579 
f 717//425 718//424 554//426 
f 719//580 506//396 505//395 
f 720//581 610//491 721//582 
f 557//411 559//429 722//412 
f 723//583 724//584 725//410 
f 521//411 726//429 522//412 
f 563//445 727//542 564//446 
f 6//151 121//150 122//152 
f 728//585 729//586 730//587 
f 349//312 293//313 350//314 
f 343//588 345//589 350//590 
f 568//452 731//591 569//453 
f 732//592 670//593 733//594 
f 734//595 735//596 75//597 
f 734//595 75//597 736//598 
f 98//87 59//86 97//85 
f 650//599 649//600 737//601 
f 634//577 633//602 487//603 
f 489//363 488//362 445//273 
f 82//59 84//61 83//60 
f 577//604 738//605 739//606 
f 90//67 92//69 91//68 
f 645//524 647//526 740//607 
f 443//265 446//608 741//609 
f 441//375 742//610 440//253 
f 598//536 743//578 744//512 
f 657//511 598//536 744//512 
f 675//549 674//548 745//611 
f 746//612 747//613 748//614 
f 749//615 750//616 751//617 
f 651//530 752//618 652//531 
f 539//427 538//426 753//619 
f 754//620 635//514 486//621 
f 755//622 523//623 483//624 
f 482//356 481//355 459//287 
f 545//429 544//428 627//500 
f 756//625 573//626 757//627 
f 512//402 758//628 513//403 
f 759//629 760//630 611//631 
f 761//632 762//633 625//504 
f 352//329 302//330 353//331 
f 682//517 600//483 599//482 
f 681//479 712//634 517//407 
f 763//635 643//636 642//637 
f 764//638 765//639 766//640 
f 595//480 527//407 529//419 
f 597//481 540//425 542//427 
f 707//641 109//642 767//643 
f 107//125 40//124 106//123 
f 676//458 476//340 478//644 
f 768//645 562//625 676//627 
f 277//372 370//374 369//371 
f 370//374 769//577 369//371 
f 630//646 629//647 770//648 
f 771//649 768//645 606//650 
f 127//171 772//651 79//55 
f 25//169 127//171 79//55 
f 521//411 620//428 726//429 
f 219//501 628//502 773//503 
f 363//357 362//356 336//285 
f 556//652 555//653 364//654 
f 696//568 103//109 102//107 
f 500//390 100//97 501//391 
f 440//253 742//610 774//655 
f 439//247 774//656 701//657 
f 666//445 668//446 775//447 
f 775//485 692//486 691//487 
f 537//658 776//659 538//660 
f 630//646 770//648 494//661 
f 223//588 225//589 230//590 
f 222//291 225//294 223//292 
f 123//158 777//662 697//569 
f 121//150 778//663 122//152 
f 81//57 113//137 114//138 
f 643//522 511//401 644//523 
f 779//590 470//310 780//664 
f 460//501 462//505 623//502 
f 738//605 578//462 739//606 
f 781//665 675//666 782//667 
f 622//563 695//565 783//668 
f 639//457 784//504 236//342 
f 686//413 785//414 786//415 
f 685//533 785//534 686//535 
f 263//252 320//255 319//253 
f 599//482 601//474 787//655 
f 788//669 514//404 698//570 
f 582//670 491//380 788//669 
f 143//252 200//255 199//253 
f 638//482 789//474 790//655 
f 473//333 424//334 474//335 
f 791//671 473//331 689//672 
f 207//550 209//557 594//551 
f 206//275 209//278 207//276 
f 792//484 554//439 556//441 
f 717//425 554//426 792//427 
f 793//673 732//592 733//594 
f 794//674 732//675 793//676 
f 214//283 217//286 215//284 
f 215//386 217//541 699//387 
f 795//634 615//495 613//494 
f 452//553 678//555 795//556 
f 338//287 341//290 339//288 
f 339//501 341//505 662//502 
f 515//405 548//433 516//406 
f 502//677 546//430 503//432 
f 125//163 697//569 796//678 
f 126//186 749//615 751//617 
f 665//653 243//624 244//654 
f 604//560 713//561 242//679 
f 566//448 797//680 80//449 
f 797//680 84//681 82//682 
f 798//683 799//684 759//685 
f 608//489 610//686 609//490 
f 330//279 333//282 331//280 
f 331//553 333//554 711//555 
f 640//458 236//342 238//644 
f 238//352 237//351 226//295 
f 574//458 356//342 358//644 
f 358//352 357//351 346//295 
f 607//560 481//561 482//679 
f 607//560 800//486 481//561 
f 671//545 781//687 672//546 
f 503//393 547//688 801//689 
f 369//371 769//577 368//690 
f 656//602 366//621 367//603 
f 656//602 709//620 366//621 
f 556//652 364//654 365//691 
f 322//265 325//608 682//609 
f 323//272 325//274 322//271 
f 456//386 458//541 497//387 
f 455//283 458//286 456//284 
f 802//692 707//574 570//576 
f 803//693 524//694 758//628 
f 547//431 719//580 505//395 
f 549//434 609//490 550//435 
f 804//422 725//421 805//695 
f 723//583 725//410 804//420 
f 708//577 247//603 248//690 
f 744//602 743//620 246//621 
f 87//64 110//134 111//135 
f 806//696 707//697 802//698 
f 602//652 665//653 244//654 
f 743//620 245//691 246//621 
f 807//443 761//699 756//444 
f 536//700 808//508 667//510 
f 631//701 559//702 561//703 
f 688//704 791//671 689//672 
f 447//275 450//278 448//276 
f 448//550 450//557 612//551 
f 202//265 205//608 636//609 
f 201//259 636//517 638//482 
f 515//405 549//705 548//433 
f 644//706 511//518 641//520 
f 729//586 764//707 730//587 
f 71//43 117//141 118//142 
f 586//414 691//487 587//415 
f 587//623 362//679 363//624 
f 337//541 663//503 664//387 
f 534//410 543//411 535//412 
f 638//482 637//483 789//474 
f 637//483 809//579 789//474 
f 658//537 736//598 659//538 
f 70//42 72//45 71//43 
f 589//708 776//709 537//710 
f 613//711 616//409 776//712 
f 632//511 703//536 633//512 
f 539//713 753//439 810//484 
f 633//602 486//621 487//603 
f 487//361 486//360 449//277 
f 701//436 703//437 632//438 
f 391//236 438//239 437//237 
f 522//412 726//702 811//703 
f 811//714 622//563 783//668 
f 700//715 699//716 520//410 
f 679//717 530//420 584//408 
f 810//578 753//441 635//718 
f 496//440 523//623 755//719 
f 594//479 527//407 595//480 
f 680//634 679//717 584//408 
f 660//539 661//540 731//591 
f 812//720 660//721 731//591 
f 595//480 529//419 809//579 
f 540//425 684//424 541//426 
f 712//634 518//408 517//407 
f 711//717 710//715 592//420 
f 685//533 683//543 785//534 
f 584//408 532//422 528//409 
f 655//481 717//425 792//427 
f 600//483 716//579 601//474 
f 198//239 596//436 657//438 
f 200//255 790//655 199//253 
f 318//239 551//436 553//438 
f 320//255 787//655 319//253 
f 737//722 98//87 97//85 
f 646//525 96//79 95//77 
f 517//407 519//409 715//419 
f 718//424 654//533 585//535 
f 544//428 351//318 626//499 
f 813//671 352//329 353//331 
f 669//543 666//445 775//447 
f 592//420 536//421 533//422 
f 784//504 235//339 236//340 
f 695//671 232//329 233//331 
f 779//588 466//723 470//589 
f 468//304 409//305 469//306 
f 814//724 704//725 815//726 
f 704//725 706//727 815//726 
f 677//728 612//479 588//472 
f 442//376 741//729 742//610 
f 590//730 589//708 537//710 
f 774//656 702//731 701//657 
f 727//542 619//498 564//446 
f 603//486 640//458 240//471 
f 697//569 698//570 796//678 
f 749//615 580//465 750//616 
f 672//732 781//665 782//667 
f 576//460 738//733 577//461 
f 690//632 689//633 816//504 
f 817//457 476//340 676//458 
f 490//378 488//690 489//371 
f 398//370 490//378 489//371 
f 805//734 560//735 771//736 
f 805//700 631//508 560//510 
f 758//737 524//416 526//418 
f 799//684 760//738 759//685 
f 547//688 505//739 801//689 
f 781//687 673//547 675//549 
f 649//600 98//89 737//601 
f 501//740 100//95 99//93 
f 765//639 642//637 766//640 
f 492//381 818//741 493//382 
f 819//704 762//672 761//699 
f 807//443 819//704 761//699 
f 668//645 756//625 757//627 
f 692//486 574//458 360//471 
f 786//623 604//560 242//679 
f 785//414 604//487 786//415 
f 567//451 569//453 772//651 
f 658//537 734//595 736//598 
f 610//491 499//493 721//582 
f 506//396 648//527 650//529 
f 674//548 748//614 745//611 
f 591//476 645//524 740//607 
f 506//396 650//529 507//397 
f 674//548 746//612 748//614 
f 88//65 90//67 89//66 
f 591//476 740//607 579//477 
f 765//639 763//635 642//637 
f 76//50 115//139 116//140 
f 752//618 793//676 652//531 
f 568//452 812//720 731//591 
f 520//410 522//412 531//421 
f 531//700 820//508 727//510 
f 705//572 802//698 706//573 
f 512//402 803//693 758//628 
f 525//567 103//109 696//568 
f 572//456 105//117 104//115 
f 646//525 95//77 647//526 
f 92//69 94//70 93//64 
f 571//455 105//117 572//456 
f 767//643 107//125 106//123 
f 777//662 582//670 788//669 
f 728//585 730//587 778//663 
f 325//608 821//552 682//609 
f 682//517 821//478 600//483 
f 752//618 794//674 793//676 
f 580//465 508//467 750//616 
f 341//505 350//590 662//502 
f 822//377 351//316 544//428 
f 494//383 770//742 495//384 
f 771//649 606//650 605//743 
f 823//377 231//316 620//428 
f 221//505 230//590 628//502 
f 129//179 653//532 128//177 
f 127//171 567//451 772//651 
f 344//293 347//296 345//294 
f 348//308 291//309 349//310 
f 121//150 728//585 778//663 
f 67//35 119//143 120//144 
f 224//293 227//296 225//294 
f 228//308 171//309 229//310 
f 760//630 824//744 611//631 
f 824//745 101//101 500//746 
f 198//239 657//438 197//237 
f 197//232 657//511 708//513 
f 129//179 651//530 653//532 
f 126//186 751//617 130//185 
f 710//715 534//410 592//420 
f 335//386 664//387 710//388 
f 101//101 52//100 100//99 
f 500//746 101//101 100//99 
f 317//232 553//511 769//513 
f 318//239 553//438 317//237 
f 694//562 516//747 825//748 
f 581//466 509//749 508//467 
f 670//593 672//732 826//750 
f 733//594 670//593 826//750 
f 84//61 86//63 85//62 
f 739//606 578//462 86//464 
f 109//642 107//125 767//643 
f 91//68 108//131 109//133 
f 498//751 724//716 723//715 
f 795//752 678//753 615//717 
f 74//48 659//538 68//41 
f 68//37 70//42 69//39 
f 85//62 111//135 112//136 
f 705//572 806//696 802//698 
f 458//541 624//503 497//387 
f 724//584 557//411 725//410 
f 699//716 521//411 520//410 
f 217//541 773//503 699//387 
f 543//411 545//429 535//412 
f 808//508 807//509 667//510 
f 689//754 473//333 474//335 
f 689//633 475//339 816//504 
f 623//502 779//590 780//664 
f 558//428 471//377 687//499 
f 478//352 477//351 467//295 
f 476//340 477//344 478//644 
f 825//748 516//747 827//755 
f 516//747 828//756 827//755 
f 443//265 741//609 442//263 
f 376//262 443//265 442//263 
f 621//564 232//327 695//565 
f 231//321 178//322 232//323 
f 800//486 676//458 480//471 
f 768//645 676//627 606//650 
f 729//757 117//758 764//638 
f 117//758 765//639 764//638 
f 821//478 714//480 600//483 
f 600//483 714//480 716//579 
f 829//563 791//565 688//668 
f 558//428 687//499 829//500 
f 562//496 688//558 690//497 
f 562//625 817//626 676//627 
f 587//623 691//560 362//679 
f 691//560 693//561 362//679 
f 819//704 813//671 762//672 
f 813//671 353//331 762//672 
f 703//536 810//578 633//512 
f 633//602 754//620 486//621 
f 75//49 77//52 76//50 
f 75//597 566//448 77//450 
f 742//610 588//472 590//474 
f 741//729 588//472 742//610 
f 249//371 708//577 248//690 
f 249//363 248//362 204//273 
f 483//357 482//356 457//285 
f 523//623 482//679 483//624 
f 614//480 613//711 589//473 
f 589//473 613//711 776//712 
f 708//577 744//602 247//603 
f 657//511 744//512 708//513 
f 820//508 617//509 727//510 
f 727//542 617//496 619//498 
f 762//633 354//338 625//504 
f 354//338 307//223 355//339 
f 205//608 593//552 636//609 
f 636//517 593//478 637//483 
f 241//355 240//354 220//289 
f 603//486 240//471 713//561 
f 542//484 602//441 743//578 
f 743//620 602//652 245//691 
f 686//413 786//415 665//440 
f 665//653 786//623 243//624 
f 461//289 464//292 462//290 
f 462//505 779//590 623//502 
f 209//557 680//556 594//551 
f 594//479 680//634 527//407 
f 213//554 700//388 679//555 
f 679//717 700//715 530//420 
f 585//413 587//415 555//440 
f 555//653 587//623 363//624 
f 598//536 542//484 743//578 
f 597//481 542//427 598//437 
f 683//543 565//447 785//534 
f 785//414 565//485 604//487 
f 669//543 775//447 586//534 
f 586//414 775//485 691//487 
f 361//355 360//354 340//289 
f 692//486 360//471 693//561 
f 769//577 656//602 367//603 
f 553//511 656//512 769//513 
f 798//683 759//685 608//759 
f 549//760 798//683 608//759 
f 541//439 686//413 665//440 
f 684//424 686//535 541//426 
f 792//484 556//441 709//578 
f 709//620 556//652 365//691 
f 331//553 711//555 712//556 
f 712//634 711//717 518//408 
f 821//478 681//479 714//480 
f 327//550 681//551 821//552 
f 550//761 720//762 830//763 
f 828//756 550//761 830//763 
f 818//741 644//706 515//764 
f 644//706 641//520 515//764 
f 554//439 585//413 555//440 
f 718//424 585//535 554//426 
f 552//536 792//484 709//578 
f 655//481 792//427 552//437 
f 725//421 631//765 805//695 
f 725//410 557//411 722//412 
f 697//569 788//669 698//570 
f 777//662 788//669 697//569 
f 744//602 246//621 247//603 
f 247//361 246//360 208//277 
f 675//666 745//766 831//767 
f 782//667 675//666 831//767 
f 786//623 242//679 243//624 
f 243//357 242//356 216//285 
f 245//359 244//358 212//281 
f 602//652 244//654 245//691 
f 667//542 756//498 668//446 
f 667//442 807//443 756//444 
f 783//558 784//559 618//497 
f 617//496 783//558 618//497 
f 548//433 550//435 828//768 
f 516//406 548//433 828//768 
f 611//492 824//745 500//746 
f 611//492 500//746 499//493 
f 221//505 223//588 230//590 
f 220//289 223//292 221//290 
f 748//769 747//770 646//771 
f 747//770 96//81 646//771 
f 341//505 343//588 350//590 
f 340//289 343//292 341//290 
f 204//273 207//276 205//274 
f 205//608 207//550 593//552 
f 466//723 468//304 469//306 
f 465//293 468//296 466//294 
f 217//541 219//501 773//503 
f 216//285 219//288 217//286 
f 209//557 211//553 680//556 
f 208//277 211//280 209//278 
f 555//653 363//624 364//654 
f 364//358 363//357 334//283 
f 80//56 82//59 81//57 
f 80//449 797//680 82//682 
f 213//554 215//386 700//388 
f 212//281 215//284 213//282 
f 769//577 367//603 368//690 
f 368//362 367//361 326//275 
f 366//360 365//359 330//279 
f 709//620 365//691 366//621 
f 337//541 339//501 663//503 
f 336//285 339//288 337//286 
f 664//716 543//411 534//410 
f 710//715 664//716 534//410 
f 333//554 335//386 710//388 
f 332//281 335//284 333//282 
f 325//608 327//550 821//552 
f 324//273 327//276 325//274 
f 629//647 771//736 770//648 
f 770//742 771//649 605//743 
f 329//557 331//553 712//556 
f 328//277 331//280 329//278 
f 322//265 682//609 321//263 
f 256//262 322//265 321//263 
f 783//558 695//754 784//559 
f 695//754 234//335 784//559 
f 122//154 777//772 123//156 
f 8//155 122//154 123//156 
f 239//353 238//352 224//293 
f 640//458 238//644 239//470 
f 458//541 460//501 624//503 
f 457//285 460//288 458//286 
f 114//773 704//571 814//774 
f 115//775 114//773 814//774 
f 136//262 202//265 201//263 
f 202//265 636//609 201//263 
f 756//625 761//632 573//626 
f 761//632 625//504 573//626 
f 515//776 641//777 549//760 
f 641//777 798//683 549//760 
f 590//778 537//658 702//731 
f 702//779 537//423 539//425 
f 359//353 358//352 344//293 
f 574//458 358//644 359//470 
f 703//780 539//713 810//484 
f 702//481 539//427 703//437 
f 454//554 456//386 498//388 
f 453//281 456//284 454//282 
f 523//623 607//560 482//679 
f 495//414 607//487 523//415 
f 774//656 590//778 702//731 
f 742//610 590//474 774//655 
f 698//570 581//781 580//782 
f 796//678 698//570 580//782 
f 450//557 795//556 612//551 
f 612//479 795//634 613//494 
f 450//557 452//553 795//556 
f 449//277 452//280 450//278 
f 668//783 574//784 692//486 
f 775//485 668//783 692//486 
f 317//232 769//513 370//374 
f 316//231 317//232 370//374 
f 197//232 708//513 250//374 
f 196//231 197//232 250//374 
f 564//783 832//785 603//486 
f 565//485 564//783 603//486 
f 538//426 494//383 753//619 
f 538//660 630//646 494//661 
f 481//355 480//354 461//289 
f 800//486 480//471 481//561 
f 634//577 487//603 488//690 
f 488//362 487//361 447//275 
f 490//378 634//577 488//690 
f 437//232 634//513 490//379 
f 446//608 448//550 677//552 
f 445//273 448//276 446//274 
f 201//259 638//482 200//255 
f 200//255 638//482 790//655 
f 804//422 805//695 629//506 
f 629//647 805//734 771//736 
f 615//495 804//420 616//408 
f 616//409 804//422 629//506 
f 561//443 688//699 562//444 
f 561//714 829//563 688//668 
f 776//712 616//409 630//507 
f 776//659 630//646 538//660 
f 437//232 632//511 634//513 
f 438//239 632//438 437//237 
f 715//709 654//786 718//659 
f 716//710 715//709 718//659 
f 519//787 669//788 654//786 
f 715//709 519//787 654//786 
f 637//483 595//480 809//579 
f 593//478 595//480 637//483 
f 635//514 755//622 484//515 
f 753//441 755//719 635//718 
f 601//778 716//710 717//658 
f 716//710 718//659 717//658 
f 533//789 666//790 669//788 
f 519//787 533//789 669//788 
f 439//247 701//657 438//245 
f 438//239 701//436 632//438 
f 110//791 109//642 707//641 
f 806//792 110//791 707//641 
f 125//163 749//793 126//167 
f 15//166 125//163 126//167 
f 530//420 520//410 531//421 
f 700//715 520//410 530//420 
f 787//656 601//778 655//731 
f 601//778 717//658 655//731 
f 680//634 584//408 527//407 
f 527//407 584//408 528//409 
f 533//789 536//700 666//790 
f 536//700 667//510 666//790 
f 319//247 787//656 551//657 
f 787//656 655//731 551//657 
f 532//789 563//790 683//788 
f 528//787 532//789 683//788 
f 532//789 531//700 563//790 
f 531//700 727//510 563//790 
f 528//787 683//788 685//786 
f 529//709 528//787 685//786 
f 319//247 551//657 318//245 
f 267//244 319//247 318//245 
f 518//408 592//420 533//422 
f 711//717 592//420 518//408 
f 529//709 685//786 684//659 
f 809//710 529//709 684//659 
f 321//259 599//482 320//255 
f 320//255 599//482 787//655 
f 714//480 517//407 715//419 
f 681//479 517//407 714//480 
f 789//778 809//710 540//658 
f 809//710 684//659 540//658 
f 790//656 789//778 597//731 
f 789//778 540//658 597//731 
f 791//564 472//325 473//327 
f 472//325 420//326 473//327 
f 199//247 790//656 596//657 
f 790//656 597//731 596//657 
f 199//247 596//657 198//245 
f 147//244 199//247 198//245 
f 479//353 478//352 465//293 
f 676//458 478//644 479//470 
f 731//591 577//794 735//596 
f 734//595 731//591 735//596 
f 753//441 496//440 755//719 
f 753//619 494//383 496//385 
f 486//360 485//359 451//279 
f 486//621 635//514 485//516 
f 454//554 498//388 678//555 
f 678//753 498//751 723//715 
f 720//762 721//795 719//796 
f 830//763 720//762 719//796 
f 619//627 639//457 832//785 
f 564//650 619//627 832//785 
f 755//622 483//624 484//515 
f 484//358 483//357 455//283 
f 351//321 298//322 352//323 
f 626//797 351//321 352//323 
f 446//608 677//552 741//609 
f 741//729 677//728 588//472 
f 784//504 234//338 235//339 
f 234//338 187//223 235//339 
f 620//428 231//318 621//499 
f 621//797 231//321 232//323 
f 575//459 577//461 661//540 
f 731//591 661//540 577//794 
f 28//51 79//55 74//48 
f 79//55 658//537 74//48 
f 833//798 825//748 581//781 
f 698//570 833//798 581//781 
f 664//799 663//800 543//801 
f 663//800 544//802 543//801 
f 469//308 411//309 470//310 
f 466//723 469//306 470//589 
f 773//800 620//802 521//801 
f 699//799 773//800 521//801 
f 663//800 662//803 544//802 
f 662//803 350//314 544//802 
f 773//800 628//803 620//802 
f 628//803 230//314 620//802 
f 497//799 624//800 557//801 
f 624//800 558//802 557//801 
f 726//429 620//428 622//500 
f 726//702 622//804 811//703 
f 625//504 355//339 356//340 
f 625//504 354//338 355//339 
f 588//472 612//479 614//480 
f 588//472 614//480 589//473 
f 624//800 623//803 558//802 
f 623//803 780//314 558//802 
f 345//723 347//304 348//306 
f 347//304 289//305 348//306 
f 225//723 227//304 228//306 
f 227//304 169//305 228//306 
f 560//542 562//498 768//446 
f 771//445 560//542 768//446 
f 350//590 345//589 349//310 
f 345//589 348//308 349//310 
f 230//590 225//589 229//310 
f 225//589 228//308 229//310 
f 238//805 236//347 237//349 
f 236//347 194//348 237//349 
f 498//751 497//806 724//716 
f 497//806 557//411 724//716 
f 495//414 605//485 607//487 
f 770//742 605//743 495//384 
f 440//251 774//807 439//249 
f 385//248 440//251 439//249 
f 358//805 356//347 357//349 
f 356//347 314//348 357//349 
f 608//489 759//629 610//686 
f 759//629 611//631 610//686 
f 79//55 772//651 658//537 
f 772//651 734//595 658//537 
f 828//756 830//763 546//808 
f 827//755 828//756 546//808 
f 818//741 515//764 493//382 
f 491//380 493//382 515//405 
f 721//795 648//809 506//810 
f 719//796 721//795 506//810 
f 68//41 659//538 70//811 
f 659//538 72//812 70//811 
f 799//684 526//566 760//738 
f 526//566 696//568 760//738 
f 739//813 86//814 84//681 
f 797//680 739//813 84//681 
f 721//795 499//389 648//809 
f 499//389 501//391 648//809 
f 772//651 569//453 734//595 
f 569//453 731//591 734//595 
f 696//815 102//105 824//744 
f 760//630 696//815 824//744 
f 513//519 799//816 798//817 
f 641//520 513//519 798//817 
f 86//464 579//463 88//818 
f 579//463 90//819 88//818 
f 615//495 723//583 804//420 
f 678//753 723//715 615//717 
f 513//519 758//737 799//816 
f 758//737 526//418 799//816 
f 782//820 831//821 738//733 
f 576//460 782//820 738//733 
f 546//430 830//822 547//431 
f 830//822 719//580 547//431 
f 579//463 740//823 90//819 
f 740//823 92//824 90//819 
f 474//337 426//222 475//339 
f 689//633 474//337 475//339 
f 831//821 591//476 578//475 
f 738//733 831//821 578//475 
f 831//767 745//766 591//825 
f 745//766 645//826 591//825 
f 648//527 501//740 649//528 
f 501//740 99//93 649//528 
f 748//769 646//771 645//826 
f 745//766 748//769 645//826 
f 572//827 104//113 525//417 
f 524//416 572//827 525//417 
f 740//823 647//828 92//824 
f 647//828 94//73 92//824 
f 102//105 50//104 101//103 
f 824//744 102//105 101//103 
f 99//91 57//90 98//89 
f 649//600 99//91 98//89 
f 525//417 104//113 103//111 
f 104//113 46//112 103//111 
f 571//575 106//121 105//119 
f 106//121 42//120 105//119 
f 737//722 97//85 747//613 
f 746//612 737//722 747//613 
f 507//829 650//599 746//830 
f 650//599 737//601 746//830 
f 108//129 38//128 107//127 
f 109//831 108//129 107//127 
f 97//83 61//82 96//81 
f 747//770 97//83 96//81 
f 647//828 95//75 94//73 
f 95//75 65//74 94//73 
f 558//802 780//314 471//377 
f 780//314 470//312 471//377 
f 673//832 507//829 674//833 
f 507//829 746//830 674//833 
f 803//693 570//454 524//694 
f 570//454 572//456 524//694 
f 707//574 767//834 571//575 
f 767//834 106//121 571//575 
f 559//429 558//428 829//500 
f 559//702 829//804 561//703 
f 672//732 782//667 576//835 
f 826//750 672//732 576//835 
f 733//836 826//837 660//721 
f 812//720 733//836 660//721 
f 125//163 796//678 749//793 
f 796//678 580//782 749//793 
f 535//412 545//702 807//703 
f 545//702 819//804 807//703 
f 505//739 507//829 673//832 
f 801//689 505//739 673//832 
f 810//578 635//718 754//620 
f 633//512 810//578 754//620 
f 643//522 815//838 511//401 
f 815//838 512//402 511//401 
f 802//692 570//576 803//839 
f 706//727 802//692 803//839 
f 671//545 801//840 781//687 
f 801//840 673//547 781//687 
f 509//749 827//841 502//677 
f 827//841 546//430 502//677 
f 815//726 706//727 512//842 
f 706//727 803//839 512//842 
f 642//521 644//523 818//843 
f 766//844 642//521 818//843 
f 583//845 766//844 492//846 
f 766//844 818//843 492//846 
f 504//394 503//393 671//847 
f 503//393 801//689 671//847 
f 730//848 583//469 582//468 
f 778//849 730//848 582//468 
f 581//466 825//850 509//749 
f 825//850 827//841 509//749 
f 122//154 778//849 777//772 
f 778//849 582//468 777//772 
f 114//773 113//851 704//571 
f 113//851 705//572 704//571 
f 609//490 610//491 720//581 
f 550//435 609//490 720//581 
f 607//487 606//488 800//486 
f 606//488 676//784 800//486 
f 814//724 815//726 643//636 
f 763//635 814//724 643//636 
f 123//158 697//569 124//160 
f 10//159 123//158 124//160 
f 504//852 671//545 670//544 
f 732//675 504//852 670//544 
f 531//421 522//412 820//765 
f 522//412 811//703 820//765 
f 793//673 733//594 812//853 
f 652//854 793//673 812//853 
f 659//538 736//598 72//812 
f 736//598 75//597 72//812 
f 764//707 766//844 583//845 
f 730//587 764//707 583//845 
f 653//855 652//854 568//856 
f 652//854 812//853 568//856 
f 116//857 115//775 763//858 
f 115//775 814//774 763//858 
f 536//421 535//412 808//765 
f 535//412 807//703 808//765 
f 128//175 653//855 567//859 
f 653//855 568//856 567//859 
f 128//175 567//859 127//173 
f 23//172 128//175 127//173 
f 829//860 687//797 791//861 
f 687//797 472//323 791//861 
f 660//721 826//837 575//459 
f 826//837 576//460 575//459 
f 577//794 739//813 797//680 
f 566//448 577//794 797//680 
f 762//754 353//333 354//335 
f 353//333 304//334 354//335 
f 462//862 464//863 779//864 
f 464//863 466//865 779//864 
f 112//136 111//135 806//792 
f 111//135 110//791 806//792 
f 794//674 510//866 732//675 
f 510//866 504//852 732//675 
f 112//136 806//792 705//867 
f 113//137 112//136 705//867 
f 695//754 233//333 234//335 
f 233//333 184//334 234//335 
f 120//146 728//868 121//148 
f 4//147 120//146 121//148 
f 117//869 116//857 765//870 
f 116//857 763//858 765//870 
f 562//625 690//632 817//626 
f 690//632 816//504 817//626 
f 119//871 729//757 728//868 
f 120//146 119//871 728//868 
f 619//625 618//632 639//626 
f 618//632 784//504 639//626 
f 508//398 510//400 794//872 
f 750//873 508//398 794//872 
f 242//679 713//561 241//874 
f 713//561 240//875 241//874 
f 118//876 117//758 729//757 
f 119//871 118//876 729//757 
f 603//486 832//785 640//458 
f 832//785 639//457 640//458 
f 545//702 627//860 819//804 
f 627//860 813//861 819//804 
f 544//802 350//314 822//377 
f 822//377 350//314 351//316 
f 750//873 794//872 752//877 
f 751//878 750//873 752//877 
f 620//802 230//314 823//377 
f 823//377 230//314 231//316 
f 725//421 722//412 631//701 
f 722//412 559//702 631//701 
f 751//878 752//877 651//879 
f 130//183 751//878 651//879 
f 19//180 130//183 129//181 
f 130//183 651//879 129//181 
f 627//860 626//797 813//861 
f 626//797 352//323 813//861 
f 693//561 360//875 361//874 
f 362//679 693//561 361//874 
f 820//508 811//714 617//509 
f 811//714 783//668 617//509 
f 491//380 515//405 514//404 
f 788//669 491//380 514//404 
f 816//504 475//339 476//340 
f 817//457 816//504 476//340 
f 668//783 757//785 574//784 
f 757//785 573//457 574//784 
f 698//570 694//562 833//798 
f 833//798 694//562 825//748 
f 442//376 742//610 441//375 
f 379//258 442//376 441//375 
f 735//596 566//448 75//597 
f 735//596 577//794 566//448 
# 0 polygons - 1650 triangles

#
# object Sphere__20_
#

v  -2.1170 98.6023 -10.4409
v  4.1569 96.6978 -10.7265
v  4.0195 96.0476 -4.0821
v  -0.9650 102.9775 -21.8253
v  -8.0487 101.1524 -4.0821
v  10.8014 95.2559 -4.0821
v  4.1569 96.6978 2.5623
v  10.8014 96.0476 -10.8639
v  -9.9826 108.1137 -20.2431
v  -11.4929 106.6034 -15.5298
v  -8.5647 109.5316 -23.4481
v  -5.3597 108.1137 -24.8661
v  -12.5440 105.5523 -10.0071
v  -0.6464 106.6034 -26.3763
v  -12.9171 105.1792 -4.0821
v  4.8763 105.5523 -27.4275
v  -7.7350 101.6087 1.9877
v  -12.5440 105.5523 1.8429
v  10.8014 105.1792 -27.8005
v  16.8712 101.6087 -22.6184
v  -11.4929 106.6034 7.3656
v  16.7264 105.5523 -27.4275
v  -0.9650 102.9776 13.6611
v  -9.9826 108.1137 12.0789
v  22.2491 106.6034 -26.3763
v  17.1601 98.6023 -17.0005
v  17.5832 96.0476 -4.0821
v  23.9624 98.0445 -4.0821
v  29.6514 101.1524 -4.0821
v  28.5446 102.9775 -15.8485
v  34.5198 105.1792 -4.0821
v  34.1467 105.5523 -10.0071
v  33.0956 106.6034 -15.5298
v  31.5853 108.1137 -20.2431
v  26.9624 108.1137 -24.8661
v  30.1674 109.5316 -23.4481
v  10.8014 96.0476 2.6997
v  17.4458 96.6978 2.5623
v  23.1777 100.2834 8.2942
v  10.8014 101.1524 14.7680
v  16.7264 105.5523 19.2633
v  10.8013 105.1792 19.6363
v  4.8763 105.5523 19.2633
v  -0.6464 106.6034 18.2121
v  -5.3597 108.1137 16.7019
v  -8.5647 109.5316 15.2839
v  22.2491 106.6034 18.2121
v  26.9624 108.1137 16.7019
v  30.1674 109.5316 15.2839
v  31.5853 108.1137 12.0789
v  29.3377 101.6087 1.9877
v  33.0956 106.6034 7.3656
v  34.1467 105.5523 1.8429
v  4.1344 161.1398 -10.7491
v  10.8014 162.5394 -4.0821
v  10.8014 161.7897 -10.8869
v  -1.6169 157.5457 -16.5004
v  3.9965 161.7897 -4.0821
v  -5.4076 149.6942 -24.9367
v  -7.0048 154.8447 -15.8874
v  -0.6848 151.2068 -26.4520
v  -8.6325 148.2686 -23.5160
v  -10.0532 149.6942 -20.2911
v  10.8014 159.7876 -17.2882
v  4.8566 152.2603 -27.5053
v  -11.5686 151.2068 -15.5683
v  16.8918 156.2200 -22.6843
v  10.8014 152.6344 -27.8797
v  -12.6219 152.2603 -10.0269
v  16.7462 152.2603 -27.5053
v  -12.9962 152.6344 -4.0821
v  -7.8008 156.2201 2.0084
v  22.6067 154.8447 -21.8882
v  22.2875 151.2068 -26.4520
v  -12.6219 152.2603 1.8627
v  -11.5686 151.2068 7.4041
v  -10.0532 149.6942 12.1269
v  -1.0040 154.8447 13.7240
v  -5.4076 149.6942 16.7725
v  -8.6325 148.2686 15.3518
v  -0.6848 151.2068 18.2879
v  4.8566 152.2603 19.3411
v  10.8014 156.6764 14.8347
v  10.8013 152.6344 19.7155
v  16.7462 152.2603 19.3411
v  22.2875 151.2068 18.2879
v  -2.1598 159.2298 2.2978
v  10.8014 161.7897 2.7227
v  27.0103 149.6942 16.7725
v  23.2196 157.5457 8.3362
v  30.2352 148.2686 15.3518
v  31.6560 149.6942 12.1269
v  17.4683 161.1398 2.5849
v  33.1713 151.2068 7.4041
v  29.4035 156.2201 2.0084
v  34.2246 152.2603 1.8627
v  17.6061 161.7897 -4.0821
v  24.0075 159.7876 -4.0821
v  29.7181 156.6764 -4.0821
v  34.5989 152.6344 -4.0821
v  31.6560 149.6942 -20.2911
v  30.2352 148.2686 -23.5160
v  27.0103 149.6942 -24.9367
v  33.1713 151.2068 -15.5683
v  34.2246 152.2603 -10.0269
v  17.4683 161.1398 -10.7491
v  -9.9826 112.7366 16.7019
v  -15.1187 117.1312 13.6611
v  -11.4929 117.4499 18.2121
v  -16.4876 110.3613 1.9877
v  -12.5440 122.9726 19.2633
v  -12.9869 128.8976 19.7061
v  -20.0518 115.7366 -4.0821
v  -12.6219 134.7854 19.3411
v  -16.5809 134.9314 14.5201
v  -11.5686 140.3286 18.2879
v  -17.8129 116.5213 -16.4584
v  -10.0532 145.0573 16.7725
v  -17.8953 141.2605 8.3362
v  -9.9826 112.7366 -24.8661
v  -11.4929 117.4499 -26.3763
v  -12.5440 122.9726 -27.4275
v  -15.2043 140.6488 -21.8882
v  -12.9962 128.8382 -27.8797
v  -12.6219 134.7854 -27.5053
v  -16.5809 147.4377 2.0084
v  -16.5809 147.4377 -10.1725
v  -11.5686 140.3286 -26.4520
v  -10.0532 145.0573 -24.9367
v  31.5853 112.7366 16.7019
v  28.5446 117.1312 21.8380
v  33.0956 117.4499 18.2121
v  17.1601 115.9792 26.2132
v  34.1467 122.9726 19.2633
v  34.5896 128.8976 19.7061
v  4.7316 110.3613 23.2068
v  34.2246 134.7854 19.3411
v  29.4035 134.9314 23.3001
v  33.1713 140.3286 18.2879
v  -1.5750 116.5213 24.5321
v  31.6560 145.0573 16.7725
v  23.2196 141.2605 24.6146
v  -7.7350 122.8278 23.2068
v  -7.8008 134.9314 23.3001
v  16.8918 147.4377 23.3001
v  4.7109 147.4377 23.3001
v  38.5466 110.0476 -4.0821
v  39.4156 116.5213 8.2942
v  41.6545 115.7366 -4.0821
v  43.6513 122.1158 -4.0821
v  43.7966 128.8976 2.4811
v  44.4431 128.8976 -4.0821
v  38.0903 122.8278 14.4542
v  43.7473 135.6460 -4.0821
v  41.7412 142.0488 -4.0821
v  41.1834 141.8054 2.2978
v  38.1836 134.9314 14.5201
v  38.6397 147.7520 -4.0821
v  36.8070 146.6435 7.7232
v  31.5853 112.7366 -24.8661
v  36.7214 111.1544 -15.8485
v  33.0956 117.4499 -26.3763
v  38.0903 122.8278 -22.6184
v  34.1467 122.9726 -27.4275
v  34.5989 128.8382 -27.8797
v  34.2246 134.7854 -27.5053
v  38.1836 134.9314 -22.6843
v  43.7473 128.8382 -10.8869
v  33.1713 140.3286 -26.4520
v  31.6560 145.0573 -24.9367
v  36.8070 146.6435 -15.8874
v  -6.9419 117.1311 -30.0022
v  4.7315 110.3613 -31.3710
v  -8.1154 128.8382 -31.9205
v  10.8014 115.7366 -34.9353
v  23.1777 116.5213 -32.6963
v  -1.6169 141.2605 -32.7788
v  28.6075 140.6489 -30.0878
v  4.7109 147.4377 -31.4643
v  16.8918 147.4377 -31.4643
v  14.6546 86.2401 -41.1889
v  20.9286 84.3356 -41.4745
v  20.7912 83.6854 -34.8301
v  15.8066 90.6153 -52.5733
v  8.7229 88.7902 -34.8301
v  27.5730 82.8937 -34.8301
v  20.9286 84.3356 -28.1857
v  27.5730 83.6854 -41.6119
v  6.7890 95.7515 -50.9911
v  5.2788 94.2412 -46.2778
v  8.2070 97.1694 -54.1961
v  11.4120 95.7515 -55.6141
v  4.2276 93.1901 -40.7551
v  16.1253 94.2412 -57.1243
v  3.8546 92.8170 -34.8301
v  21.6480 93.1901 -58.1755
v  9.0367 89.2465 -28.7603
v  4.2276 93.1901 -28.9051
v  27.5730 92.8170 -58.5485
v  33.6428 89.2465 -53.3664
v  5.2788 94.2412 -23.3824
v  33.4980 93.1901 -58.1755
v  15.8066 90.6154 -17.0869
v  6.7890 95.7515 -18.6691
v  39.0207 94.2412 -57.1243
v  33.9318 86.2401 -47.7485
v  34.3549 83.6854 -34.8301
v  40.7340 85.6823 -34.8301
v  46.4231 88.7902 -34.8301
v  45.3162 90.6153 -46.5965
v  51.2914 92.8170 -34.8301
v  50.9184 93.1901 -40.7551
v  49.8672 94.2412 -46.2778
v  48.3570 95.7515 -50.9911
v  43.7340 95.7515 -55.6141
v  46.9390 97.1694 -54.1961
v  27.5730 83.6855 -28.0483
v  34.2174 84.3356 -28.1857
v  39.9493 87.9212 -22.4538
v  27.5730 88.7902 -15.9801
v  33.4980 93.1901 -11.4847
v  27.5730 92.8170 -11.1117
v  21.6480 93.1901 -11.4847
v  16.1253 94.2412 -12.5359
v  11.4120 95.7515 -14.0462
v  8.2070 97.1694 -15.4641
v  39.0207 94.2412 -12.5359
v  43.7340 95.7515 -14.0462
v  46.9390 97.1694 -15.4641
v  48.3570 95.7515 -18.6691
v  46.1093 89.2465 -28.7603
v  49.8672 94.2412 -23.3824
v  50.9184 93.1901 -28.9051
v  20.9061 148.7776 -41.4971
v  27.5730 150.1772 -34.8301
v  27.5730 149.4275 -41.6349
v  15.1547 145.1835 -47.2484
v  20.7682 149.4275 -34.8301
v  11.3640 137.3320 -55.6847
v  9.7669 142.4825 -46.6355
v  16.0868 138.8446 -57.2001
v  8.1392 135.9064 -54.2640
v  6.7184 137.3320 -51.0391
v  33.6634 143.8578 -53.4323
v  21.6282 139.8980 -58.2534
v  5.2031 138.8446 -46.3163
v  27.5730 140.2722 -58.6277
v  4.1498 139.8981 -40.7749
v  33.5178 139.8980 -58.2534
v  3.7754 140.2722 -34.8301
v  8.9708 143.8579 -28.7397
v  39.0592 138.8446 -57.2001
v  4.1498 139.8981 -28.8853
v  5.2031 138.8446 -23.3440
v  6.7184 137.3320 -18.6211
v  15.7677 142.4825 -17.0240
v  11.3640 137.3320 -13.9755
v  8.1392 135.9064 -15.3963
v  16.0868 138.8446 -12.4602
v  21.6282 139.8981 -11.4069
v  27.5730 144.3142 -15.9134
v  27.5730 140.2722 -11.0325
v  33.5178 139.8981 -11.4069
v  39.0592 138.8446 -12.4602
v  14.6118 146.8676 -28.4502
v  27.5730 149.4275 -28.0254
v  43.7820 137.3320 -13.9755
v  39.9913 145.1835 -22.4118
v  47.0069 135.9064 -15.3963
v  48.4276 137.3320 -18.6211
v  34.2400 148.7776 -28.1632
v  49.9430 138.8446 -23.3440
v  46.1752 143.8579 -28.7397
v  50.9962 139.8981 -28.8853
v  34.3778 149.4275 -34.8301
v  40.7791 147.4254 -34.8301
v  46.4898 144.3142 -34.8301
v  51.3706 140.2722 -34.8301
v  48.4276 137.3320 -51.0391
v  47.0069 135.9064 -54.2640
v  43.7820 137.3320 -55.6847
v  45.3792 142.4825 -46.6355
v  49.9430 138.8446 -46.3163
v  50.9962 139.8981 -40.7749
v  33.9529 146.8676 -47.7913
v  6.7890 100.3744 -14.0462
v  1.6529 104.7690 -17.0869
v  5.2788 105.0877 -12.5359
v  0.2841 97.9991 -28.7603
v  4.2276 110.6104 -11.4848
v  3.7848 116.5354 -11.0419
v  -3.2802 103.3744 -34.8301
v  4.1498 122.4232 -11.4069
v  0.1908 122.5692 -16.2279
v  5.2031 127.9664 -12.4602
v  -1.0412 104.1591 -47.2064
v  6.7184 132.6951 -13.9755
v  -1.1237 128.8983 -22.4118
v  6.7890 100.3744 -55.6141
v  5.2788 105.0877 -57.1243
v  4.2276 110.6104 -58.1755
v  1.5673 128.2866 -52.6363
v  3.7754 116.4760 -58.6277
v  4.1498 122.4232 -58.2534
v  0.1908 135.0755 -28.7397
v  0.1908 135.0755 -40.9205
v  5.2031 127.9664 -57.2001
v  6.7184 132.6951 -55.6847
v  48.3570 100.3744 -14.0462
v  45.3162 104.7690 -8.9100
v  49.8672 105.0877 -12.5359
v  33.9318 103.6170 -4.5348
v  50.9184 110.6104 -11.4848
v  51.3612 116.5354 -11.0419
v  21.5032 97.9991 -7.5412
v  50.9962 122.4232 -11.4069
v  46.1752 122.5692 -7.4479
v  49.9430 127.9664 -12.4602
v  15.1967 104.1591 -6.2159
v  48.4276 132.6951 -13.9755
v  39.9913 128.8983 -6.1334
v  9.0367 110.4656 -7.5412
v  8.9708 122.5692 -7.4479
v  33.6635 135.0755 -7.4479
v  21.4825 135.0755 -7.4479
v  55.3183 97.6854 -34.8301
v  56.1872 104.1591 -22.4538
v  58.4262 103.3744 -34.8301
v  60.4230 109.7536 -34.8301
v  60.5682 116.5354 -28.2669
v  61.2148 116.5354 -34.8301
v  54.8619 110.4656 -16.2938
v  60.5189 123.2838 -34.8301
v  58.5129 129.6866 -34.8301
v  57.9551 129.4432 -28.4502
v  54.9552 122.5692 -16.2279
v  55.4114 135.3898 -34.8301
v  53.5787 134.2813 -23.0248
v  48.3570 100.3744 -55.6141
v  53.4931 98.7922 -46.5965
v  49.8672 105.0877 -57.1243
v  54.8619 110.4656 -53.3664
v  50.9184 110.6104 -58.1755
v  51.3706 116.4760 -58.6277
v  50.9962 122.4232 -58.2534
v  54.9552 122.5692 -53.4323
v  60.5189 116.4760 -41.6349
v  49.9430 127.9664 -57.2001
v  48.4276 132.6951 -55.6847
v  53.5787 134.2813 -46.6355
v  9.8298 104.7690 -60.7502
v  21.5032 97.9991 -62.1190
v  8.6563 116.4760 -62.6685
v  27.5730 103.3744 -65.6833
v  39.9493 104.1591 -63.4443
v  15.1547 128.8983 -63.5268
v  45.3792 128.2867 -60.8358
v  21.4826 135.0755 -62.2123
v  33.6634 135.0755 -62.2123
v  3.0928 62.8056 -59.2004
v  7.7543 61.3906 -59.4126
v  7.6522 60.9075 -54.4758
v  3.9487 66.0564 -67.6590
v  -1.3144 64.7003 -54.4758
v  12.6911 60.3192 -54.4758
v  7.7543 61.3906 -49.5390
v  12.6911 60.9075 -59.5147
v  -2.7513 69.8725 -66.4834
v  -3.8734 68.7504 -62.9814
v  -1.6978 70.9261 -68.8647
v  0.6835 69.8725 -69.9182
v  -4.6544 67.9694 -58.8780
v  4.1855 68.7504 -71.0403
v  -4.9316 67.6922 -54.4758
v  8.2889 67.9694 -71.8213
v  -4.6544 67.9694 -50.0735
v  12.6911 67.6922 -72.0985
v  17.4157 62.8056 -64.0741
v  -3.8734 68.7504 -45.9702
v  17.0934 67.9694 -71.8213
v  3.9487 66.0564 -41.2926
v  -2.7513 69.8725 -42.4682
v  21.1967 68.7504 -71.0403
v  17.7300 60.9075 -54.4758
v  22.4697 62.3911 -54.4758
v  26.6967 64.7003 -54.4758
v  25.8743 66.0564 -63.2182
v  30.3138 67.6922 -54.4758
v  30.0367 67.9694 -58.8780
v  29.2557 68.7504 -62.9814
v  28.1335 69.8725 -66.4834
v  24.6987 69.8725 -69.9182
v  27.0800 70.9261 -68.8647
v  12.6911 60.9075 -49.4369
v  17.6279 61.3906 -49.5390
v  21.8867 64.0547 -45.2802
v  12.6911 64.7003 -40.4702
v  17.0934 67.9694 -37.1302
v  12.6911 67.6922 -36.8531
v  8.2889 67.9694 -37.1302
v  4.1855 68.7504 -37.9112
v  0.6835 69.8725 -39.0334
v  -1.6978 70.9261 -40.0869
v  21.1967 68.7504 -37.9112
v  24.6987 69.8725 -39.0334
v  27.0800 70.9261 -40.0869
v  28.1335 69.8725 -42.4682
v  29.2557 68.7504 -45.9702
v  30.0367 67.9694 -50.0735
v  7.7376 109.2708 -59.4293
v  12.6911 110.3107 -54.4758
v  12.6911 109.7536 -59.5317
v  3.4644 106.6004 -63.7025
v  7.6352 109.7536 -54.4758
v  0.6479 100.7668 -69.9707
v  4.1569 101.8906 -71.0966
v  -1.7482 99.7075 -68.9151
v  -2.8038 100.7668 -66.5190
v  17.4314 107.8516 -64.1059
v  8.2741 102.6733 -71.8792
v  -3.9297 101.8906 -63.0100
v  12.6911 102.9513 -72.1573
v  -4.7123 102.6733 -58.8928
v  17.1081 102.6733 -71.8792
v  -4.9904 102.9513 -54.4758
v  -1.1303 105.6154 -49.9506
v  21.2253 101.8906 -71.0966
v  -4.7123 102.6733 -50.0588
v  -3.9297 101.8906 -45.9416
v  -2.8038 100.7668 -42.4326
v  0.6479 100.7668 -38.9809
v  -1.7482 99.7075 -40.0365
v  4.1569 101.8906 -37.8550
v  8.2741 102.6733 -37.0724
v  12.6911 105.9545 -40.4207
v  12.6911 102.9514 -36.7942
v  17.1081 102.6733 -37.0724
v  21.2253 101.8906 -37.8550
v  3.0610 107.8516 -49.7355
v  12.6911 109.7536 -49.4199
v  24.7344 100.7668 -38.9809
v  21.9179 106.6004 -45.2490
v  27.1304 99.7075 -40.0365
v  28.1860 100.7668 -42.4326
v  17.6446 109.2708 -49.5223
v  29.3119 101.8906 -45.9416
v  30.0945 102.6733 -50.0588
v  17.7470 109.7536 -54.4758
v  22.5032 108.2661 -54.4758
v  26.7462 105.9545 -54.4758
v  30.3727 102.9513 -54.4758
v  28.1860 100.7668 -66.5190
v  27.1304 99.7075 -68.9151
v  24.7344 100.7668 -69.9707
v  25.9210 104.5935 -63.2471
v  29.3119 101.8906 -63.0100
v  30.0945 102.6733 -58.8928
v  -2.7513 73.3074 -39.0334
v  -6.5674 76.5725 -41.2926
v  -3.8734 76.8093 -37.9112
v  -7.5845 71.5425 -49.9659
v  -4.6544 80.9127 -37.1302
v  -4.9835 85.3150 -36.8012
v  -4.7123 89.6895 -37.0724
v  -7.6538 89.7980 -40.6544
v  -3.9297 93.8081 -37.8550
v  -8.5692 76.1194 -63.6714
v  -2.8038 97.3216 -38.9809
v  -8.6304 94.5005 -45.2490
v  -2.7513 73.3074 -69.9182
v  -3.8734 76.8093 -71.0403
v  -4.6544 80.9127 -71.8213
v  -6.6310 94.0461 -67.7057
v  -4.9904 85.2708 -72.1573
v  -4.7123 89.6895 -71.8792
v  -7.6538 99.0902 -49.9506
v  -7.6538 99.0902 -59.0010
v  -3.9297 93.8081 -71.0966
v  -2.8038 97.3216 -69.9707
v  28.1335 73.3074 -39.0334
v  25.8743 76.5726 -35.2172
v  29.2557 76.8093 -37.9112
v  17.4157 75.7166 -31.9664
v  30.0367 80.9127 -37.1302
v  30.3657 85.3150 -36.8012
v  8.1813 71.5425 -34.2002
v  30.0945 89.6895 -37.0724
v  26.5125 89.7980 -34.1309
v  29.3119 93.8081 -37.8550
v  28.1860 97.3216 -38.9809
v  21.9179 94.5005 -33.1542
v  -1.0813 80.8051 -34.2002
v  -1.1303 89.7980 -34.1309
v  17.2163 99.0902 -34.1309
v  8.1659 99.0902 -34.1309
v  33.3058 71.3094 -54.4758
v  33.9514 76.1194 -45.2802
v  35.6149 75.5363 -54.4758
v  37.0986 80.2761 -54.4758
v  37.6868 85.3150 -54.4758
v  32.9667 80.8051 -40.7034
v  37.1698 90.3290 -54.4758
v  35.6794 95.0862 -54.4758
v  35.2649 94.9054 -49.7355
v  33.0360 89.7980 -40.6544
v  33.3750 99.3237 -54.4758
v  32.0133 98.5001 -45.7045
v  28.1335 73.3074 -69.9182
v  31.9497 76.5725 -67.6590
v  29.2557 76.8093 -71.0403
v  30.0367 80.9127 -71.8213
v  35.2005 80.5904 -64.0741
v  30.3727 85.2708 -72.1573
v  30.0945 89.6895 -71.8792
v  29.3119 93.8081 -71.0966
v  35.2649 90.0133 -64.1059
v  28.1860 97.3216 -69.9707
v  32.0133 98.5001 -63.2471
v  -0.4921 76.5725 -73.7343
v  -1.3640 85.2708 -75.1596
v  12.6911 75.5363 -77.3996
v  21.8867 76.1194 -75.7361
v  3.4644 94.5005 -75.7973
v  25.9210 94.0461 -73.7979
v  8.1659 99.0902 -74.8207
v  17.2163 99.0902 -74.8207
v  53.0692 59.2906 -18.5041
v  56.4611 58.2610 -18.6585
v  56.3868 57.9095 -15.0663
v  53.6920 61.6560 -24.6589
v  49.8623 60.6693 -15.0663
v  60.0533 57.4814 -15.0663
v  56.4611 58.2610 -11.4741
v  60.0533 57.9095 -18.7328
v  48.8168 64.4328 -23.8035
v  48.0003 63.6163 -21.2554
v  49.5834 65.1994 -25.5363
v  51.3161 64.4328 -26.3029
v  47.4320 63.0480 -18.2696
v  53.8643 63.6163 -27.1194
v  47.2303 62.8463 -15.0663
v  56.8501 63.0480 -27.6876
v  47.4320 63.0480 -11.8631
v  60.0533 62.8463 -27.8893
v  63.4911 59.2906 -22.0505
v  48.0003 63.6163 -8.8773
v  63.2566 63.0480 -27.6876
v  60.0533 60.6693 -4.8753
v  48.8168 64.4328 -6.3291
v  66.2424 63.6163 -27.1194
v  63.7198 57.9095 -15.0663
v  67.1686 58.9890 -15.0663
v  70.2443 60.6693 -15.0663
v  72.8763 62.8463 -15.0663
v  72.6746 63.0480 -18.2696
v  72.1064 63.6163 -21.2554
v  71.2899 64.4328 -23.8035
v  68.7905 64.4328 -26.3029
v  70.5233 65.1994 -25.5363
v  60.0533 57.9095 -11.3998
v  63.6455 58.2610 -11.4741
v  66.7444 60.1995 -8.3753
v  63.2566 63.0480 -2.4450
v  60.0533 62.8463 -2.2433
v  56.8501 63.0480 -2.4450
v  53.8643 63.6163 -3.0133
v  51.3161 64.4328 -3.8298
v  49.5834 65.1994 -4.5964
v  66.2424 63.6163 -3.0133
v  68.7905 64.4328 -3.8298
v  70.5233 65.1994 -4.5964
v  71.2899 64.4328 -6.3291
v  72.1064 63.6163 -8.8773
v  72.6746 63.0480 -11.8631
v  56.4489 93.1005 -18.6707
v  60.0533 93.8572 -15.0663
v  60.0533 93.4519 -18.7452
v  53.3396 91.1574 -21.7801
v  56.3744 93.4519 -15.0663
v  51.2902 86.9127 -26.3411
v  53.8435 87.7304 -27.1603
v  49.5467 86.1419 -25.5730
v  48.7786 86.9127 -23.8295
v  60.0533 92.3695 -22.2060
v  56.8394 88.2999 -27.7297
v  47.9594 87.7304 -21.2762
v  66.4357 89.6972 -24.6930
v  60.0533 88.5022 -27.9321
v  47.3899 88.2999 -18.2803
v  63.2673 88.2999 -27.7297
v  47.1875 88.5022 -15.0663
v  53.0461 92.0679 -11.6171
v  66.2631 87.7304 -27.1603
v  47.3899 88.2999 -11.8524
v  47.9594 87.7304 -8.8565
v  48.7786 86.9127 -6.3032
v  51.2902 86.9127 -3.7916
v  49.5467 86.1419 -4.5597
v  53.8435 87.7304 -2.9724
v  56.8394 88.2999 -2.4029
v  60.0533 90.6875 -4.8393
v  60.0533 88.5022 -2.2005
v  63.2673 88.2999 -2.4029
v  66.2631 87.7304 -2.9724
v  60.0533 93.4519 -11.3874
v  68.8165 86.9127 -3.7916
v  66.7671 91.1574 -8.3526
v  70.5599 86.1419 -4.5597
v  71.3280 86.9127 -6.3032
v  63.6577 93.1005 -11.4619
v  72.1473 87.7304 -8.8565
v  72.7167 88.2999 -11.8524
v  63.7322 93.4519 -15.0663
v  67.1930 92.3695 -15.0663
v  70.2804 90.6875 -15.0663
v  72.9191 88.5022 -15.0663
v  71.3280 86.9127 -23.8295
v  70.5599 86.1419 -25.5730
v  68.8165 86.9127 -26.3411
v  72.1473 87.7304 -21.2762
v  72.7167 88.2999 -18.2803
v  48.8168 66.9321 -3.8298
v  46.0400 69.3079 -5.4737
v  48.0003 69.4803 -3.0133
v  43.6746 68.6852 -11.6285
v  47.4320 72.4660 -2.4450
v  47.1926 75.6693 -2.2056
v  47.3899 78.8524 -2.4029
v  45.2495 78.9314 -5.0094
v  47.9594 81.8493 -2.9724
v  44.5835 68.9782 -21.7574
v  48.7786 84.4058 -3.7916
v  42.5945 79.2428 -11.4619
v  48.8168 66.9321 -26.3029
v  48.0003 69.4803 -27.1194
v  47.4320 72.4660 -27.6876
v  45.9938 82.0224 -24.6930
v  47.1875 75.6371 -27.9321
v  47.3899 78.8524 -27.7297
v  45.2495 85.6927 -11.7736
v  47.9594 81.8493 -27.1603
v  48.7786 84.4058 -26.3411
v  71.2899 66.9321 -3.8298
v  69.6459 69.3080 -1.0530
v  72.1064 69.4803 -3.0133
v  63.4911 68.6852 1.3124
v  72.6746 72.4660 -2.4450
v  72.9141 75.6693 -2.2056
v  56.7718 65.6479 -0.3130
v  72.7167 78.8524 -2.4029
v  70.1103 78.9314 -0.2626
v  72.1473 81.8493 -2.9724
v  71.3280 84.4058 -3.7916
v  63.3460 85.6927 -0.2626
v  50.0320 72.3877 -0.3130
v  49.9963 78.9314 -0.2626
v  56.7606 85.6927 -0.2626
v  75.0534 65.4783 -15.0663
v  75.5232 68.9782 -8.3753
v  76.7336 68.5540 -15.0663
v  77.8132 72.0028 -15.0663
v  78.2412 75.6693 -15.0663
v  74.8067 72.3877 -5.0450
v  77.8650 79.3177 -15.0663
v  76.7805 82.7793 -15.0663
v  76.4789 82.6477 -11.6171
v  75.1037 85.8626 -15.0663
v  71.2899 66.9321 -26.3029
v  74.0666 66.0767 -21.4277
v  72.1064 69.4803 -27.1194
v  72.6746 72.4660 -27.6876
v  72.9191 75.6371 -27.9321
v  72.7167 78.8524 -27.7297
v  76.7805 75.6371 -22.2060
v  72.1473 81.8493 -27.1603
v  71.3280 84.4058 -26.3411
v  74.1129 85.2633 -21.4487
v  50.4607 69.3079 -29.0796
v  49.8263 75.6371 -30.1167
v  60.0533 68.5540 -31.7466
v  66.7444 68.9782 -30.5362
v  53.3396 82.3531 -30.5808
v  69.6799 82.0224 -29.1259
v  56.7606 85.6927 -29.8701
v  18.8007 95.0110 17.8339
v  23.9024 93.4624 17.6016
v  23.7907 92.9337 23.0045
v  19.7374 98.5688 8.5766
v  13.9774 97.0846 23.0045
v  29.3053 92.2899 23.0045
v  23.9024 93.4624 28.4074
v  29.3053 92.9337 17.4899
v  12.4048 102.7452 9.8632
v  11.1767 101.5171 13.6958
v  13.5578 103.8982 7.2571
v  16.1640 102.7452 6.1040
v  10.3220 100.6624 18.1866
v  19.9966 101.5171 4.8760
v  10.0187 100.3590 23.0045
v  24.4874 100.6624 4.0212
v  10.3220 100.6624 27.8225
v  29.3053 100.3590 3.7179
v  34.4759 95.0110 12.4999
v  11.1767 101.5171 32.3132
v  34.1232 100.6624 4.0212
v  19.7374 98.5688 37.4324
v  12.4048 102.7452 36.1459
v  38.6140 101.5171 4.8760
v  38.8731 98.5688 8.5766
v  39.8099 95.0110 17.8339
v  34.8200 92.9337 23.0045
v  40.0072 94.5574 23.0045
v  44.6332 97.0846 23.0045
v  48.5919 100.3590 23.0045
v  48.2886 100.6624 18.1866
v  47.4338 101.5171 13.6958
v  46.2058 102.7452 9.8632
v  42.4466 102.7452 6.1040
v  45.0528 103.8982 7.2571
v  29.3053 92.9337 28.5192
v  34.7082 93.4624 28.4074
v  39.3691 96.3780 33.0683
v  29.3053 97.0846 38.3325
v  34.1232 100.6624 41.9878
v  29.3053 100.3590 42.2912
v  24.4874 100.6624 41.9878
v  19.9966 101.5171 41.1331
v  16.1640 102.7452 39.9050
v  13.5578 103.8982 38.7520
v  38.6140 101.5171 41.1331
v  42.4466 102.7452 39.9050
v  45.0528 103.8982 38.7520
v  46.2058 102.7452 36.1459
v  47.4338 101.5171 32.3132
v  48.2886 100.6624 27.8225
v  23.8841 145.8634 17.5833
v  29.3053 147.0015 23.0045
v  29.3053 146.3918 17.4712
v  19.2074 142.9408 12.9066
v  23.7719 146.3918 23.0045
v  16.1250 136.5564 6.0466
v  19.9653 137.7864 4.8144
v  13.5026 135.3972 7.2019
v  12.3474 136.5564 9.8242
v  34.2577 141.8629 7.8782
v  24.4713 138.6430 3.9579
v  11.1152 137.7864 13.6646
v  29.3053 138.9473 3.6535
v  10.2587 138.6430 18.1705
v  34.1393 138.6430 3.9579
v  9.9543 138.9473 23.0045
v  14.1789 141.8629 27.9570
v  38.6453 137.7864 4.8144
v  10.2587 138.6430 27.8385
v  11.1152 137.7864 32.3445
v  12.3474 136.5564 36.1849
v  16.1250 136.5564 39.9624
v  13.5026 135.3972 38.8072
v  19.9653 137.7864 41.1947
v  24.4713 138.6430 42.0511
v  29.3053 142.2340 38.3867
v  29.3053 138.9473 42.3555
v  34.1393 138.6430 42.0511
v  38.6453 137.7864 41.1947
v  18.7659 144.3102 28.1923
v  29.3053 146.3918 28.5378
v  42.4856 136.5564 39.9624
v  39.4032 142.9408 33.1025
v  45.1079 135.3972 38.8072
v  46.2632 136.5564 36.1849
v  34.7265 145.8634 28.4258
v  47.4954 137.7864 32.3445
v  48.3519 138.6430 27.8385
v  34.8386 146.3918 23.0045
v  40.0438 144.7639 23.0045
v  44.6874 142.2340 23.0045
v  48.6563 138.9473 23.0045
v  46.2632 136.5564 9.8242
v  45.1079 135.3972 7.2019
v  42.4856 136.5564 6.0466
v  43.7844 140.7445 13.4050
v  47.4954 137.7864 13.6646
v  48.3519 138.6430 18.1705
v  34.4931 144.3102 12.4651
v  12.4048 106.5043 39.9050
v  8.2284 110.0778 37.4324
v  11.1767 110.3370 41.1331
v  7.1153 104.5729 27.9402
v  10.3220 114.8278 41.9878
v  9.9619 119.6457 42.3479
v  10.2587 124.4333 42.0511
v  7.0394 124.5521 38.1309
v  11.1152 128.9408 41.1947
v  6.0376 109.5819 12.9407
v  12.3474 132.7859 39.9624
v  5.9706 129.6985 33.1025
v  12.4048 106.5043 6.1040
v  11.1767 110.3370 4.8760
v  10.3220 114.8278 4.0212
v  8.1588 129.2012 8.5255
v  9.9543 119.5973 3.6535
v  10.2587 124.4333 3.9579
v  7.0394 134.7216 27.9570
v  7.0394 134.7215 18.0521
v  11.1152 128.9408 4.8144
v  12.3474 132.7859 6.0466
v  46.2058 106.5043 39.9050
v  38.8731 105.2178 44.0814
v  47.4338 110.3370 41.1331
v  48.2886 114.8278 41.9878
v  29.3053 104.3178 45.5656
v  48.6487 119.6457 42.3479
v  48.3519 124.4333 42.0511
v  44.4316 124.5521 45.2704
v  47.4954 128.9408 41.1947
v  19.2415 109.5819 46.2722
v  46.2632 132.7859 39.9624
v  39.4032 129.6985 46.3392
v  14.2325 114.7100 45.1945
v  14.1789 124.5521 45.2704
v  34.2578 134.7216 45.2704
v  24.3528 134.7216 45.2704
v  51.8663 104.3177 23.0045
v  52.5729 109.5819 33.0683
v  54.3935 108.9438 23.0045
v  56.0173 114.1310 23.0045
v  56.1353 119.6457 28.3414
v  56.6611 119.6457 23.0045
v  51.4953 114.7100 38.0773
v  56.0953 125.1331 23.0045
v  54.4641 130.3396 23.0045
v  54.0104 130.1417 28.1923
v  51.5711 124.5521 38.1309
v  51.9421 134.9771 23.0045
v  50.4518 134.0757 32.6040
v  46.2058 106.5043 6.1040
v  50.3822 110.0778 8.5766
v  47.4338 110.3370 4.8760
v  48.2886 114.8278 4.0212
v  53.9399 114.4750 12.4999
v  48.6563 119.5973 3.6535
v  48.3519 124.4333 3.9579
v  47.4954 128.9408 4.8144
v  54.0104 124.7876 12.4651
v  46.2632 132.7859 6.0466
v  50.4518 134.0757 13.4050
v  14.8774 110.0778 1.9276
v  13.9231 119.5973 0.3678
v  29.3053 108.9438 -2.0837
v  39.3691 109.5819 -0.2631
v  19.2074 129.6985 -0.3302
v  43.7844 129.2012 1.8580
v  24.3529 134.7215 0.7387
v  34.2577 134.7215 0.7387
v  -17.4320 101.7913 16.2127
v  -11.1580 99.8868 15.9270
v  -11.2954 99.2366 22.5715
v  -16.2800 106.1665 4.8282
v  -23.3637 104.3414 22.5715
v  -4.5136 98.4449 22.5715
v  -11.1580 99.8868 29.2159
v  -4.5136 99.2366 15.7896
v  -25.2976 111.3026 6.4104
v  -26.8078 109.7924 11.1237
v  -23.8796 112.7206 3.2054
v  -20.6746 111.3026 1.7875
v  -27.8590 108.7412 16.6465
v  -15.9613 109.7924 0.2772
v  -28.2320 108.3682 22.5715
v  -10.4386 108.7412 -0.7739
v  -23.0499 104.7977 28.6413
v  -27.8590 108.7412 28.4965
v  -4.5136 108.3682 -1.1470
v  1.8452 101.7913 9.6531
v  -26.8078 109.7924 34.0192
v  1.4114 108.7412 -0.7739
v  -16.2800 106.1665 40.3147
v  -25.2976 111.3026 38.7325
v  6.9341 109.7924 0.2772
v  7.2528 106.1665 4.8282
v  8.4048 101.7913 16.2127
v  2.2683 99.2366 22.5715
v  8.6474 101.2334 22.5715
v  14.3364 104.3414 22.5715
v  19.2048 108.3682 22.5715
v  18.8318 108.7412 16.6465
v  17.7806 109.7924 11.1237
v  16.2704 111.3026 6.4104
v  11.6474 111.3026 1.7875
v  14.8524 112.7206 3.2054
v  -4.5136 99.2366 29.3533
v  2.1308 99.8868 29.2159
v  7.8627 103.4724 34.9478
v  -4.5136 104.3414 41.4215
v  1.4114 108.7412 45.9168
v  -4.5136 108.3682 46.2899
v  -10.4386 108.7412 45.9168
v  -15.9613 109.7924 44.8657
v  -20.6746 111.3026 43.3554
v  -23.8796 112.7206 41.9375
v  6.9341 109.7924 44.8657
v  11.6474 111.3026 43.3554
v  14.8524 112.7206 41.9375
v  16.2704 111.3026 38.7325
v  14.0227 104.7977 28.6413
v  17.7806 109.7924 34.0192
v  18.8318 108.7412 28.4965
v  -11.1806 164.3288 15.9045
v  -4.5136 165.7284 22.5714
v  -4.5136 164.9786 15.7667
v  -16.9319 160.7347 10.1532
v  -11.3184 164.9786 22.5714
v  -20.7226 152.8832 1.7168
v  -22.3197 158.0336 10.7661
v  -15.9998 154.3958 0.2015
v  -23.9475 151.4576 3.1376
v  -25.3682 152.8832 6.3625
v  -4.5136 162.9766 9.3653
v  -10.4584 155.4492 -0.8518
v  -26.8836 154.3958 11.0853
v  1.5768 159.4090 3.9693
v  -4.5136 155.8234 -1.2261
v  -27.9368 155.4492 16.6266
v  1.4312 155.4492 -0.8518
v  -28.3112 155.8234 22.5714
v  -23.1158 159.4090 28.6619
v  7.2917 158.0336 4.7653
v  6.9726 154.3958 0.2015
v  -27.9368 155.4492 28.5162
v  -26.8836 154.3958 34.0576
v  -25.3682 152.8832 38.7804
v  -16.3189 158.0336 40.3776
v  -20.7226 152.8832 43.4260
v  -23.9475 151.4576 42.0053
v  -15.9998 154.3958 44.9414
v  -10.4584 155.4492 45.9947
v  -4.5136 159.8654 41.4882
v  -4.5136 155.8234 46.3690
v  1.4312 155.4492 45.9947
v  6.9726 154.3958 44.9414
v  -17.4748 162.4187 28.9513
v  -4.5136 164.9786 29.3762
v  11.6954 152.8832 43.4260
v  7.9047 160.7347 34.9897
v  14.9202 151.4576 42.0053
v  16.3410 152.8832 38.7804
v  2.1533 164.3288 29.2384
v  17.8563 154.3958 34.0576
v  14.0886 159.4090 28.6619
v  18.9096 155.4492 28.5162
v  2.2912 164.9786 22.5714
v  8.6925 162.9766 22.5714
v  14.4031 159.8654 22.5714
v  19.2840 155.8234 22.5714
v  16.3410 152.8832 6.3625
v  14.9202 151.4576 3.1376
v  11.6954 152.8832 1.7168
v  17.8563 154.3958 11.0853
v  18.9096 155.4492 16.6266
v  2.1533 164.3288 15.9045
v  -25.2976 115.9256 43.3554
v  -30.4337 120.3201 40.3147
v  -26.8078 120.6389 44.8657
v  -31.8025 113.5503 28.6413
v  -27.8590 126.1616 45.9168
v  -28.3018 132.0866 46.3597
v  -35.3668 118.9256 22.5714
v  -27.9368 137.9744 45.9947
v  -31.8958 138.1204 41.1736
v  -26.8836 143.5176 44.9414
v  -33.1278 119.7103 10.1951
v  -25.3682 148.2463 43.4260
v  -33.2103 144.4495 34.9897
v  -25.2976 115.9256 1.7875
v  -26.8078 120.6389 0.2772
v  -27.8590 126.1616 -0.7739
v  -30.5193 143.8378 4.7653
v  -28.3112 132.0271 -1.2261
v  -27.9368 137.9744 -0.8518
v  -31.8958 150.6267 28.6619
v  -31.8958 150.6267 16.4810
v  -26.8836 143.5176 0.2015
v  -25.3682 148.2463 1.7168
v  16.2704 115.9256 43.3554
v  7.2528 114.3434 48.4915
v  17.7806 120.6389 44.8657
v  18.8318 126.1616 45.9168
v  -4.5136 113.2366 50.3167
v  19.2746 132.0866 46.3597
v  18.9096 137.9744 45.9947
v  14.0886 138.1204 49.9537
v  17.8563 143.5176 44.9414
v  -16.8899 119.7103 51.1857
v  16.3410 148.2463 43.4260
v  7.9047 144.4495 51.2681
v  -23.0499 126.0168 49.8604
v  -23.1158 138.1204 49.9537
v  1.5769 150.6267 49.9537
v  -10.6041 150.6267 49.9537
v  23.2316 113.2365 22.5715
v  24.1006 119.7103 34.9478
v  26.3396 118.9256 22.5715
v  28.3364 125.3048 22.5715
v  28.4816 132.0866 29.1346
v  29.1281 132.0866 22.5715
v  22.7753 126.0168 41.1078
v  28.4323 138.8350 22.5715
v  26.4263 145.2378 22.5714
v  25.8684 144.9944 28.9513
v  22.8686 138.1204 41.1736
v  23.3248 150.9409 22.5714
v  21.4921 149.8325 34.3768
v  16.2704 115.9256 1.7875
v  21.4065 120.3202 4.8282
v  17.7806 120.6389 0.2772
v  22.7753 113.5503 16.5017
v  18.8318 126.1616 -0.7739
v  23.3248 132.0271 3.6547
v  19.2840 132.0271 -1.2261
v  18.9096 137.9744 -0.8518
v  28.4323 132.0272 15.7667
v  17.8563 143.5176 0.2015
v  22.8686 138.1204 3.9693
v  16.3410 148.2463 1.7168
v  21.4921 149.8325 10.7661
v  -22.2568 120.3201 -3.3486
v  -10.5834 113.5503 -4.7175
v  -23.4304 132.0271 -5.2669
v  -4.5136 118.9256 -8.2817
v  7.8627 119.7103 -6.0428
v  -16.9319 144.4494 -6.1252
v  13.2925 143.8379 -3.4342
v  -10.6040 150.6267 -4.8108
v  1.5768 150.6267 -4.8108
v  -24.5450 86.6639 27.9650
v  -19.8835 85.2489 27.7528
v  -19.9856 84.7658 32.6896
v  -23.6891 89.9147 19.5064
v  -28.9522 88.5586 32.6896
v  -14.9467 84.1775 32.6896
v  -19.8835 85.2489 37.6263
v  -14.9467 84.7658 27.6507
v  -30.3891 93.7308 20.6820
v  -31.5112 92.6087 24.1839
v  -29.3356 94.7843 18.3007
v  -26.9543 93.7308 17.2471
v  -32.2922 91.8277 28.2873
v  -23.4523 92.6087 16.1250
v  -32.5694 91.5505 32.6896
v  -19.3489 91.8277 15.3440
v  -32.2922 91.8277 37.0918
v  -14.9467 91.5505 15.0668
v  -10.2221 86.6639 23.0912
v  -31.5112 92.6087 41.1952
v  -10.5444 91.8277 15.3440
v  -23.6891 89.9147 45.8727
v  -30.3891 93.7308 44.6972
v  -6.4411 92.6087 16.1250
v  -5.3483 86.6639 27.9650
v  -9.9078 84.7658 32.6896
v  -5.1681 86.2494 32.6896
v  -0.9411 88.5586 32.6896
v  2.6760 91.5505 32.6896
v  2.3989 91.8277 28.2873
v  1.6179 92.6087 24.1839
v  0.4958 93.7308 20.6820
v  -2.9391 93.7308 17.2471
v  -0.5578 94.7843 18.3007
v  -14.9467 84.7658 37.7284
v  -10.0099 85.2489 37.6263
v  -5.7511 87.9130 41.8851
v  -14.9467 88.5586 46.6951
v  -10.5444 91.8277 50.0351
v  -14.9467 91.5505 50.3123
v  -19.3489 91.8277 50.0351
v  -23.4523 92.6087 49.2541
v  -26.9543 93.7308 48.1320
v  -29.3356 94.7843 47.0785
v  -6.4411 92.6087 49.2541
v  -2.9391 93.7308 48.1320
v  -0.5578 94.7843 47.0785
v  0.4958 93.7308 44.6972
v  1.6179 92.6087 41.1952
v  2.3989 91.8277 37.0918
v  -19.9002 133.1291 27.7360
v  -14.9467 134.1690 32.6896
v  -14.9467 133.6119 27.6336
v  -24.1734 130.4587 23.4628
v  -20.0026 133.6119 32.6896
v  -26.9899 124.6251 17.1947
v  -23.4809 125.7489 16.0687
v  -29.3860 123.5658 18.2503
v  -30.4416 124.6251 20.6463
v  -14.9467 132.1244 22.8775
v  -19.3637 126.5316 15.2862
v  -31.5675 125.7489 24.1554
v  -10.4215 129.4737 18.8682
v  -14.9467 126.8096 15.0080
v  -32.3501 126.5316 28.2726
v  -10.5297 126.5316 15.2862
v  -32.6282 126.8096 32.6896
v  -28.7681 129.4737 37.2148
v  -6.1754 128.4518 19.4596
v  -6.4125 125.7489 16.0687
v  -32.3501 126.5316 37.1065
v  -31.5675 125.7489 41.2237
v  -30.4416 124.6251 44.7328
v  -26.9899 124.6251 48.1845
v  -29.3860 123.5658 47.1289
v  -23.4809 125.7489 49.3104
v  -19.3637 126.5316 50.0930
v  -14.9467 129.8128 46.7447
v  -14.9467 126.8096 50.3711
v  -10.5297 126.5316 50.0930
v  -6.4125 125.7489 49.3104
v  -24.5768 131.7099 37.4298
v  -14.9467 133.6119 37.7455
v  -2.9034 124.6251 48.1845
v  -5.7199 130.4587 41.9163
v  -0.5074 123.5658 47.1289
v  0.5482 124.6251 44.7328
v  -9.9932 133.1291 37.6431
v  1.6741 125.7489 41.2237
v  2.4567 126.5316 37.1065
v  -9.8907 133.6119 32.6896
v  -5.1346 132.1244 32.6896
v  -0.8916 129.8128 32.6896
v  2.7349 126.8096 32.6896
v  0.5482 124.6251 20.6463
v  -0.5074 123.5658 18.2503
v  -2.9034 124.6251 17.1947
v  1.6741 125.7489 24.1554
v  2.4567 126.5316 28.2726
v  -30.3891 97.1656 48.1320
v  -34.2052 100.4308 45.8727
v  -31.5112 100.6676 49.2541
v  -37.4560 99.5749 37.4141
v  -32.2922 104.7710 50.0351
v  -32.6213 109.1732 50.3642
v  -32.3501 113.5478 50.0930
v  -35.2916 113.6563 46.5109
v  -31.5675 117.6664 49.3104
v  -36.2070 99.9777 23.4940
v  -30.4416 121.1799 48.1845
v  -36.2682 118.3588 41.9163
v  -30.3891 97.1656 17.2471
v  -31.5112 100.6676 16.1250
v  -32.2922 104.7710 15.3440
v  -34.2688 117.9044 19.4597
v  -32.6282 109.1291 15.0080
v  -32.3501 113.5478 15.2862
v  -35.2916 122.9485 37.2148
v  -35.2916 122.9485 28.1644
v  -31.5675 117.6664 16.0688
v  -30.4416 121.1799 17.1947
v  0.4958 97.1656 48.1320
v  -1.7635 100.4308 51.9481
v  1.6179 100.6676 49.2541
v  -10.2221 99.5749 55.1989
v  2.3989 104.7710 50.0351
v  2.7279 109.1732 50.3642
v  -19.4565 95.4008 52.9652
v  2.4567 113.5478 50.0930
v  -1.1253 113.6563 53.0345
v  1.6741 117.6664 49.3104
v  0.5482 121.1799 48.1845
v  -5.7199 118.3588 54.0111
v  -28.7191 104.6634 52.9652
v  -28.7681 113.6563 53.0345
v  -10.4215 122.9485 53.0345
v  -19.4719 122.9485 53.0345
v  5.6680 95.1677 32.6896
v  6.3136 99.9777 41.8851
v  7.9771 99.3946 32.6896
v  9.4608 104.1344 32.6896
v  10.0491 109.1732 32.6896
v  5.3289 104.6634 46.4620
v  9.5320 114.1872 32.6896
v  8.0416 118.9445 32.6896
v  7.6271 118.7637 37.4298
v  5.3982 113.6563 46.5109
v  5.7372 123.1820 32.6896
v  4.3755 122.3584 41.4609
v  0.4958 97.1656 17.2471
v  4.3119 100.4308 19.5064
v  1.6179 100.6676 16.1250
v  2.3989 104.7710 15.3440
v  7.5627 104.4487 23.0912
v  2.7349 109.1291 15.0080
v  2.4567 113.5478 15.2862
v  1.6741 117.6664 16.0688
v  7.6271 113.8716 23.0594
v  0.5482 121.1799 17.1947
v  4.3755 122.3584 23.9182
v  -28.1299 100.4308 13.4310
v  -29.0018 109.1291 12.0057
v  -14.9467 99.3946 9.7657
v  -5.7511 99.9777 11.4293
v  -24.1734 118.3588 11.3680
v  -1.7168 117.9044 13.3674
v  -19.4718 122.9485 12.3447
v  -10.4215 122.9485 12.3447
v  -11.3184 132.0271 -10.3745
v  3.9966 128.8382 -37.0280
v  20.7682 116.4760 -67.7760
v  4.1344 135.5074 28.2110
v  10.8013 128.8976 29.5597
v  20.9061 123.1452 -2.5370
v  27.5730 116.5354 -1.1884
v  -36.8067 138.6964 29.2384
v  -35.4535 132.0271 9.3653
v  -37.3636 125.3047 22.5715
v  -21.4918 135.5074 2.5849
v  -20.1385 128.8382 -17.2882
v  -22.0486 122.1158 -4.0821
v  -4.7201 123.1452 -28.1632
v  -3.3669 116.4760 -48.0362
v  -5.2770 109.7536 -34.8301
v  23.7720 119.5973 -3.7854
v  8.6925 132.0271 -8.3684
v  24.0075 128.8382 -35.0220
v  40.7791 116.4760 -65.7700
v  3.0461 125.0204 28.4258
v  4.1465 119.5973 12.2660
v  2.5933 114.1310 23.0045
v  10.8013 122.1158 28.7679
v  27.5730 109.7536 -1.9801
v  40.0438 119.5973 -2.1542
v  -14.9467 109.1732 57.6853
v  12.6911 85.3150 -29.4801
v  -11.1806 138.6964 54.8646
v  -4.5136 132.0866 56.2132
v  -38.9404 114.0843 37.6431
v  -37.9349 109.1291 22.8775
v  -39.3541 104.1343 32.6896
v  -11.3026 90.2260 -49.5223
v  -10.2971 85.2708 -64.2879
v  -11.7163 80.2760 -54.4758
v  22.5032 85.2708 -77.4640
v  -5.1346 109.1291 9.7013
v  34.2400 123.1452 -2.5370
v  17.4683 135.5074 28.2110
v  -4.5136 125.3048 55.4214
v  2.2912 132.0271 -10.3745
v  -4.5136 138.8349 -10.3745
v  34.3778 116.4760 -67.7760
v  27.5730 123.2838 -67.7760
v  17.6061 128.8382 -37.0280
v  10.8014 135.6460 -37.0280
v  23.8841 125.0204 49.2637
v  29.3053 119.6457 50.3603
v  60.0533 75.6693 3.1216
v  34.4759 109.1411 47.6392
v  43.3261 75.6371 -22.2060
v  42.2935 72.0028 -15.0663
v  67.1930 75.6371 -31.7935
v  29.3053 125.1331 -3.7854
v  -14.9467 114.1872 8.2108
v  12.6911 90.3289 -78.9545
v  1.8452 119.1682 52.8668
# 1260 vertices

vn -0.3828 -0.1887 0.9043
vn -0.1982 -0.1982 0.9599
vn -0.2033 0.0000 0.9791
vn -0.3670 -0.3670 0.8547
vn -0.3890 0.0000 0.9212
vn 0.0000 0.0000 1.0000
vn -0.1982 0.1982 0.9599
vn -0.1887 -0.3828 0.9043
vn 0.0000 -0.2033 0.9791
vn -0.6201 -0.4805 0.6201
vn -0.3492 -0.5273 0.7746
vn -0.6647 -0.3411 0.6647
vn -0.5774 -0.5774 0.5774
vn -0.4805 -0.6201 0.6201
vn -0.5509 -0.1805 0.8148
vn -0.6960 -0.1769 0.6960
vn -0.3411 -0.6647 0.6647
vn -0.5596 0.0000 0.8288
vn -0.7071 0.0000 0.7071
vn -0.1769 -0.6960 0.6960
vn -0.1805 -0.5509 0.8148
vn -0.5509 0.1805 0.8148
vn -0.6960 0.1769 0.6960
vn 0.0000 -0.7071 0.7071
vn 0.0000 -0.5596 0.8288
vn -0.5273 0.3492 0.7746
vn -0.6647 0.3411 0.6647
vn 0.1769 -0.6960 0.6960
vn 0.1805 -0.5509 0.8148
vn -0.3492 0.5273 0.7746
vn -0.6201 0.4805 0.6201
vn 0.3411 -0.6647 0.6647
vn 0.3492 -0.5273 0.7746
vn 0.1982 -0.1982 0.9599
vn 0.2033 0.0000 0.9791
vn 0.3890 0.0000 0.9212
vn 0.3828 -0.1887 0.9043
vn 0.5596 0.0000 0.8288
vn 0.5509 -0.1805 0.8148
vn 0.7071 0.0000 0.7071
vn 0.6960 -0.1769 0.6960
vn 0.5273 -0.3492 0.7746
vn 0.6647 -0.3411 0.6647
vn 0.6201 -0.4805 0.6201
vn 0.4805 -0.6201 0.6201
vn 0.5774 -0.5774 0.5774
vn 0.0000 0.2033 0.9791
vn 0.1982 0.1982 0.9599
vn 0.1887 0.3828 0.9043
vn 0.0000 0.3890 0.9212
vn 0.1769 0.6960 0.6960
vn 0.0000 0.7071 0.7071
vn 0.0000 0.5596 0.8288
vn -0.1769 0.6960 0.6960
vn -0.1805 0.5509 0.8148
vn -0.3411 0.6647 0.6647
vn -0.4805 0.6201 0.6201
vn -0.5774 0.5774 0.5774
vn 0.3411 0.6647 0.6647
vn 0.1805 0.5509 0.8148
vn 0.4805 0.6201 0.6201
vn 0.4964 0.4964 0.7122
vn 0.5774 0.5774 0.5774
vn 0.6201 0.4805 0.6201
vn 0.5273 0.3492 0.7746
vn 0.6647 0.3411 0.6647
vn 0.5509 0.1805 0.8148
vn 0.6960 0.1769 0.6960
vn 0.3828 0.1887 0.9043
vn -0.1972 -0.1972 -0.9603
vn 0.0000 0.0000 -1.0000
vn 0.0000 -0.2014 -0.9795
vn -0.1885 -0.3823 -0.9046
vn -0.3823 -0.1885 -0.9046
vn -0.2014 0.0000 -0.9795
vn -0.4804 -0.6199 -0.6205
vn -0.5271 -0.3496 -0.7746
vn -0.3414 -0.6646 -0.6647
vn -0.5771 -0.5771 -0.5779
vn -0.6199 -0.4804 -0.6205
vn -0.1805 -0.5507 -0.8150
vn -0.1769 -0.6961 -0.6959
vn -0.6646 -0.3414 -0.6647
vn 0.0000 -0.5594 -0.8289
vn 0.0000 -0.7072 -0.7070
vn -0.6961 -0.1769 -0.6959
vn -0.5507 -0.1805 -0.8150
vn 0.1805 -0.5507 -0.8150
vn 0.1769 -0.6961 -0.6959
vn -0.7072 0.0000 -0.7070
vn -0.5594 0.0000 -0.8289
vn 0.3496 -0.5271 -0.7746
vn 0.3414 -0.6646 -0.6647
vn -0.6961 0.1769 -0.6959
vn -0.5507 0.1805 -0.8150
vn -0.6646 0.3414 -0.6647
vn -0.5271 0.3496 -0.7746
vn -0.6199 0.4804 -0.6205
vn -0.3496 0.5271 -0.7746
vn -0.4804 0.6199 -0.6205
vn -0.5771 0.5771 -0.5779
vn -0.3414 0.6646 -0.6647
vn -0.1769 0.6961 -0.6959
vn -0.1805 0.5507 -0.8150
vn 0.0000 0.7072 -0.7070
vn 0.1769 0.6961 -0.6959
vn 0.0000 0.5594 -0.8289
vn 0.3414 0.6646 -0.6647
vn 0.1805 0.5507 -0.8150
vn -0.1972 0.1972 -0.9603
vn 0.0000 0.2014 -0.9795
vn 0.4804 0.6199 -0.6205
vn 0.4962 0.4962 -0.7124
vn 0.5771 0.5771 -0.5779
vn 0.6199 0.4804 -0.6205
vn 0.1885 0.3823 -0.9046
vn 0.1972 0.1972 -0.9603
vn 0.6646 0.3414 -0.6647
vn 0.5271 0.3496 -0.7746
vn 0.6961 0.1769 -0.6959
vn 0.5507 0.1805 -0.8150
vn 0.3823 0.1885 -0.9046
vn 0.2014 0.0000 -0.9795
vn 0.3883 0.0000 -0.9215
vn 0.5594 0.0000 -0.8289
vn 0.7072 0.0000 -0.7070
vn 0.6199 -0.4804 -0.6205
vn 0.5771 -0.5771 -0.5779
vn 0.4804 -0.6199 -0.6205
vn 0.6646 -0.3414 -0.6647
vn 0.6961 -0.1769 -0.6959
vn 0.5271 -0.3496 -0.7746
vn 0.5507 -0.1805 -0.8150
vn 0.3823 -0.1885 -0.9046
vn 0.1972 -0.1972 -0.9603
vn -0.6201 0.6201 0.4805
vn -0.7746 0.5273 0.3492
vn -0.6647 0.6647 0.3411
vn -0.7746 0.3492 0.5273
vn -0.6950 0.6950 0.1840
vn -0.8148 0.1805 0.5509
vn -0.7071 0.7071 0.0090
vn -0.8288 0.0000 0.5596
vn -0.6962 0.6962 -0.1751
vn -0.8306 0.5568 0.0086
vn -0.8148 -0.1805 0.5509
vn -0.6646 0.6646 -0.3414
vn -0.8163 0.5490 -0.1794
vn -0.7122 -0.4964 0.4964
vn -0.6200 0.6200 -0.4809
vn -0.7125 0.4959 -0.4964
vn -0.6201 -0.6201 0.4805
vn -0.6647 -0.6647 0.3411
vn -0.6947 -0.6947 0.1867
vn -0.8290 -0.5591 0.0095
vn -0.7071 -0.7071 0.0100
vn -0.8154 -0.5501 -0.1805
vn -0.6960 -0.6960 -0.1768
vn -0.7749 0.3492 -0.5269
vn -0.8153 0.1805 -0.5502
vn -0.8292 0.0000 -0.5590
vn -0.8153 -0.1805 -0.5502
vn -0.7749 -0.3492 -0.5269
vn -0.7750 -0.5266 -0.3494
vn -0.6646 -0.6646 -0.3414
vn -0.6200 -0.6200 -0.4809
vn 0.6201 0.6201 0.4805
vn 0.5273 0.7746 0.3492
vn 0.6647 0.6647 0.3411
vn 0.3492 0.7746 0.5273
vn 0.6950 0.6950 0.1840
vn 0.1805 0.8148 0.5509
vn 0.7071 0.7071 0.0090
vn 0.0000 0.8288 0.5596
vn 0.6962 0.6962 -0.1751
vn 0.5568 0.8306 0.0086
vn -0.1805 0.8148 0.5509
vn 0.6646 0.6646 -0.3414
vn 0.5490 0.8163 -0.1794
vn -0.4964 0.7122 0.4964
vn 0.6200 0.6200 -0.4809
vn 0.4959 0.7125 -0.4964
vn -0.5488 0.8146 0.1878
vn -0.5568 0.8306 0.0086
vn -0.5490 0.8163 -0.1794
vn 0.3492 0.7749 -0.5269
vn 0.1805 0.8153 -0.5502
vn 0.0000 0.8292 -0.5590
vn -0.1805 0.8153 -0.5502
vn -0.3492 0.7749 -0.5269
vn -0.5266 0.7750 -0.3494
vn 0.8288 0.0000 0.5596
vn 0.8148 0.1805 0.5509
vn 0.9212 0.0000 0.3890
vn 0.7122 0.4964 0.4964
vn 0.9043 0.1887 0.3828
vn 0.9783 -0.0003 0.2073
vn 0.9593 0.1947 0.2044
vn 1.0000 -0.0009 0.0070
vn 0.8146 0.5488 0.1878
vn 0.9797 -0.0006 -0.2005
vn 0.9804 0.1967 0.0069
vn 0.9216 0.0000 -0.3881
vn 0.9607 0.1949 -0.1976
vn 0.8306 0.5568 0.0086
vn 0.8292 0.0000 -0.5590
vn 0.9047 0.1886 -0.3820
vn 0.8163 0.5490 -0.1794
vn 0.8153 0.1805 -0.5502
vn 0.7750 0.5266 -0.3494
vn 0.7749 0.3492 -0.5269
vn 0.6201 -0.6201 0.4805
vn 0.7746 -0.3492 0.5273
vn 0.6647 -0.6647 0.3411
vn 0.8134 -0.5498 0.1898
vn 0.6947 -0.6947 0.1867
vn 0.8148 -0.1805 0.5509
vn 0.7071 -0.7071 0.0100
vn 0.9043 -0.1887 0.3828
vn 0.6960 -0.6960 -0.1768
vn 0.8290 -0.5591 0.0095
vn 0.9591 -0.1962 0.2040
vn 0.6646 -0.6646 -0.3414
vn 0.8154 -0.5501 -0.1805
vn 0.9798 -0.1998 0.0076
vn 0.6200 -0.6200 -0.4809
vn 0.7749 -0.3492 -0.5269
vn 0.9606 -0.1966 -0.1965
vn 0.9047 -0.1886 -0.3820
vn 0.8153 -0.1805 -0.5502
vn -0.5273 -0.7746 0.3492
vn -0.3492 -0.7746 0.5273
vn -0.1805 -0.8148 0.5509
vn -0.5498 -0.8134 0.1898
vn 0.0000 -0.8288 0.5596
vn -0.5591 -0.8290 0.0095
vn 0.1805 -0.8148 0.5509
vn -0.5501 -0.8154 -0.1805
vn 0.4964 -0.7122 0.4964
vn -0.4959 -0.7125 -0.4964
vn 0.5273 -0.7746 0.3492
vn 0.5591 -0.8290 0.0095
vn 0.5501 -0.8154 -0.1805
vn -0.3492 -0.7749 -0.5269
vn -0.1805 -0.8153 -0.5502
vn 0.0000 -0.8292 -0.5590
vn 0.1805 -0.8153 -0.5502
vn 0.3492 -0.7749 -0.5269
vn 0.5266 -0.7750 -0.3494
vn -0.7746 -0.5273 0.3492
vn 0.7746 -0.5273 0.3492
vn 0.5488 0.8146 0.1878
vn -0.1887 0.3828 0.9043
vn -0.3828 0.1887 0.9043
vn 0.0000 -0.3883 -0.9215
vn -0.3883 0.0000 -0.9215
vn 0.0000 0.3883 -0.9215
vn 0.0000 -0.3890 0.9212
vn -0.3818 -0.9048 -0.1886
vn -0.1998 -0.9798 0.0076
vn -0.3883 -0.9215 0.0086
vn -0.1949 0.9607 -0.1976
vn -0.3847 0.9230 0.0076
vn -0.1967 0.9804 0.0069
vn -0.9797 -0.0006 -0.2005
vn -0.9606 -0.1966 -0.1965
vn -0.9798 -0.1998 0.0076
vn 0.0000 -0.9216 -0.3881
vn 0.1886 -0.9047 -0.3820
vn 0.1966 -0.9606 -0.1965
vn -0.9593 0.1947 0.2044
vn -0.9038 0.3803 0.1963
vn -0.9230 0.3847 0.0076
vn -0.1887 0.9043 0.3828
vn 0.0000 0.9782 0.2076
vn -0.1947 0.9593 0.2044
vn 0.0000 0.9216 -0.3881
vn 0.0000 0.9796 -0.2010
vn 0.1962 -0.9591 0.2040
vn 0.0000 -0.9783 0.2070
vn 0.0000 -1.0000 0.0073
vn 0.9230 0.3847 0.0076
vn -0.9216 0.0000 -0.3881
vn 0.9048 -0.3818 -0.1886
vn -0.3670 0.8547 0.3670
vn -0.3803 0.9038 0.1963
vn -0.9215 -0.3883 0.0086
vn -0.9047 -0.1886 -0.3820
vn 0.3883 -0.9215 0.0086
vn 0.1887 -0.9043 0.3828
vn 0.1947 0.9593 0.2044
vn 0.3847 0.9230 0.0076
vn 0.1967 0.9804 0.0069
vn 0.3663 0.8553 -0.3665
vn 0.1949 0.9607 -0.1976
vn 0.3799 0.9055 -0.1889
vn -0.9804 0.1967 0.0069
vn 0.0000 -0.9798 -0.1999
vn -0.1962 -0.9591 0.2040
vn -0.3821 -0.9029 0.1970
vn 0.3803 0.9038 0.1963
vn -0.9043 0.1887 0.3828
vn -0.9043 -0.1887 0.3828
vn -0.9212 0.0000 0.3890
vn -0.9783 -0.0003 0.2073
vn -0.8547 -0.3670 0.3670
vn -0.9591 -0.1962 0.2040
vn -0.9029 -0.3821 0.1970
vn -0.1886 0.9047 -0.3820
vn 0.9029 -0.3821 0.1970
vn 0.8553 -0.3663 -0.3665
vn -0.3669 0.3669 -0.8549
vn 0.9055 0.3799 -0.1889
vn 0.1886 0.9047 -0.3820
vn -0.1886 -0.9047 -0.3820
vn -0.3663 -0.8553 -0.3665
vn -0.1966 -0.9606 -0.1965
vn -0.9047 0.1886 -0.3820
vn -0.8553 0.3663 -0.3665
vn -0.9607 0.1949 -0.1976
vn -0.9055 0.3799 -0.1889
vn 0.3663 -0.8553 -0.3665
vn 0.3818 -0.9048 -0.1886
vn -0.8553 -0.3663 -0.3665
vn -0.9048 -0.3818 -0.1886
vn 0.0000 0.9212 0.3890
vn 0.3670 0.8547 0.3670
vn 0.3669 -0.3669 -0.8549
vn 0.8553 0.3663 -0.3665
vn 0.3670 -0.3670 0.8547
vn 0.8547 0.3670 0.3670
vn 0.9038 0.3803 0.1963
vn -0.1887 -0.9043 0.3828
vn -0.3663 0.8553 -0.3665
vn -0.3799 0.9055 -0.1889
vn 0.8547 -0.3670 0.3670
vn -0.8547 0.3670 0.3670
vn 0.1887 0.9043 0.3828
vn -0.3670 -0.8547 0.3670
vn 0.9215 -0.3883 0.0086
vn -0.3670 0.3670 0.8547
vn 0.3669 0.3669 -0.8549
vn 0.3670 0.3670 0.8547
vn 0.3670 -0.8547 0.3670
vn 0.3821 -0.9029 0.1970
vn 0.1998 -0.9798 0.0076
vn 0.1885 -0.3823 -0.9046
# 347 vertex normals

o Sphere__20_
g Sphere__20_
s off
f 834//880 835//881 836//882 
f 837//883 835//881 834//880 
f 834//880 836//882 838//884 
f 835//881 839//885 836//882 
f 840//886 838//884 836//882 
f 837//887 841//888 835//881 
f 835//881 841//888 839//885 
f 842//889 837//890 843//891 
f 844//892 837//890 842//889 
f 844//892 845//893 837//890 
f 843//891 838//894 846//895 
f 845//893 847//896 837//890 
f 846//895 838//897 848//898 
f 847//896 849//899 837//900 
f 850//901 851//902 848//898 
f 849//899 852//903 853//904 
f 850//905 854//906 851//902 
f 852//903 855//907 853//908 
f 856//909 857//910 854//906 
f 855//907 858//911 853//912 
f 841//888 859//913 860//914 
f 841//888 860//914 839//885 
f 859//913 861//915 860//914 
f 859//916 862//917 861//915 
f 863//918 864//919 862//917 
f 863//918 865//920 864//919 
f 863//921 866//922 865//920 
f 863//921 867//923 866//922 
f 858//911 868//924 863//921 
f 868//924 867//923 863//921 
f 868//924 869//925 867//923 
f 870//926 836//882 839//885 
f 871//927 870//926 839//885 
f 872//928 870//926 871//927 
f 873//929 840//886 870//926 
f 870//926 840//886 836//882 
f 874//930 875//931 873//932 
f 875//931 876//933 873//934 
f 876//933 877//935 856//909 
f 877//935 878//936 856//909 
f 878//936 857//910 856//909 
f 878//936 879//937 857//910 
f 880//938 874//930 873//939 
f 881//940 880//938 872//941 
f 882//942 881//940 872//941 
f 882//942 872//941 883//943 
f 883//943 884//944 885//945 
f 885//945 884//946 886//947 
f 884//948 871//927 860//914 
f 871//927 839//885 860//914 
f 884//948 860//914 861//915 
f 884//946 861//915 862//917 
f 886//947 884//946 862//917 
f 886//947 862//917 864//919 
f 887//949 888//950 889//951 
f 890//952 887//949 889//951 
f 890//953 891//954 887//949 
f 887//949 891//954 888//950 
f 892//955 893//956 894//957 
f 895//958 893//956 892//955 
f 895//958 896//959 893//956 
f 894//957 897//960 898//961 
f 896//959 899//962 893//956 
f 898//961 900//963 901//964 
f 899//962 902//965 893//966 
f 900//967 903//968 901//964 
f 902//965 904//969 905//970 
f 906//971 907//972 903//968 
f 904//969 908//973 905//974 
f 908//973 909//975 905//976 
f 909//975 910//977 911//978 
f 910//977 912//979 911//978 
f 910//977 913//980 912//979 
f 911//978 912//979 914//981 
f 911//978 914//981 915//982 
f 916//983 915//982 917//984 
f 918//985 916//986 917//984 
f 919//987 916//988 918//985 
f 891//954 920//989 921//990 
f 891//954 921//990 888//950 
f 922//991 923//992 919//987 
f 924//993 923//992 922//991 
f 924//993 925//994 923//992 
f 923//995 926//996 921//990 
f 926//996 888//950 921//990 
f 925//994 927//997 928//998 
f 927//997 929//999 928//1000 
f 928//1001 930//1002 926//996 
f 926//996 930//1002 888//950 
f 928//1001 931//1003 930//1002 
f 928//1000 932//1004 931//1003 
f 929//999 932//1004 928//1000 
f 929//999 933//1005 932//1004 
f 934//1006 935//1007 936//1008 
f 934//1006 936//1008 906//971 
f 906//971 936//1008 907//972 
f 937//1009 934//1006 906//971 
f 938//1010 937//1009 906//1011 
f 933//1005 938//1010 906//1012 
f 933//1005 906//1012 932//1004 
f 932//1004 939//1013 931//1003 
f 931//1003 939//1014 930//1002 
f 930//1002 939//1014 889//951 
f 930//1002 889//951 888//950 
f 857//910 879//937 940//1015 
f 857//910 940//1015 941//1016 
f 854//906 857//910 941//1016 
f 941//1016 940//1015 942//1017 
f 851//902 854//906 943//1018 
f 941//1016 942//1017 944//1019 
f 848//898 851//902 943//1020 
f 941//1016 944//1019 945//1021 
f 846//895 848//898 946//1022 
f 947//1023 948//1024 945//1021 
f 843//891 846//895 946//1025 
f 949//1026 948//1027 947//1023 
f 842//889 843//891 950//1028 
f 951//1029 952//1030 949//1026 
f 844//892 842//889 950//1028 
f 844//892 950//1028 953//1031 
f 953//1031 950//1028 954//1032 
f 954//1032 950//1028 955//1033 
f 955//1033 956//1034 957//1035 
f 956//1036 958//1037 957//1035 
f 913//980 952//1030 951//1029 
f 913//980 910//977 952//1030 
f 910//977 909//975 959//1038 
f 909//975 908//973 959//1039 
f 908//973 904//969 959//1040 
f 904//969 902//965 960//1041 
f 902//965 899//962 960//1042 
f 956//1043 961//1044 958//1037 
f 899//962 896//959 956//1043 
f 956//1043 962//1045 961//1044 
f 896//959 962//1045 956//1043 
f 896//959 895//958 962//1045 
f 881//940 882//942 963//1046 
f 881//940 963//1046 964//1047 
f 880//938 881//940 964//1047 
f 964//1047 963//1046 965//1048 
f 874//930 880//938 966//1049 
f 964//1047 965//1048 967//1050 
f 875//931 874//930 966//1051 
f 964//1047 967//1050 968//1052 
f 876//933 875//931 969//1053 
f 970//1054 971//1055 968//1052 
f 877//935 876//933 969//1056 
f 972//1057 971//1058 970//1054 
f 878//936 877//935 973//1059 
f 974//1060 975//1061 972//1057 
f 879//937 878//936 973//1059 
f 879//937 973//1059 940//1015 
f 940//1015 976//1062 942//1017 
f 942//1017 976//1062 944//1019 
f 944//1019 977//1063 945//1021 
f 977//1064 947//1023 945//1021 
f 924//993 975//1061 974//1060 
f 924//993 922//991 975//1061 
f 922//991 919//987 978//1065 
f 919//987 918//985 978//1066 
f 918//985 917//984 978//1067 
f 917//984 915//982 979//1068 
f 915//982 914//981 979//1069 
f 977//1070 949//1026 947//1023 
f 914//981 912//979 977//1070 
f 977//1070 951//1029 949//1026 
f 912//979 951//1029 977//1070 
f 912//979 913//980 951//1029 
f 886//947 864//919 980//1071 
f 886//947 980//1071 981//1072 
f 885//945 886//947 981//1072 
f 981//1072 980//1071 982//1073 
f 883//943 885//945 981//1074 
f 981//1075 982//1073 983//1076 
f 882//942 883//943 981//1074 
f 882//942 981//1074 963//1046 
f 984//1077 983//1076 985//1078 
f 963//1046 986//1079 965//1048 
f 987//1080 984//1081 985//1078 
f 965//1048 986//1079 967//1050 
f 988//1082 989//1083 987//1080 
f 967//1050 990//1084 968//1052 
f 991//1085 989//1086 988//1082 
f 990//1087 970//1054 968//1052 
f 933//1005 992//1088 991//1085 
f 933//1005 929//999 992//1088 
f 990//1089 972//1057 970//1054 
f 929//999 927//997 992//1090 
f 992//1090 974//1060 972//1057 
f 927//997 925//994 992//1090 
f 925//994 974//1060 992//1090 
f 925//994 924//993 974//1060 
f 867//923 869//925 993//1091 
f 867//923 993//1091 994//1092 
f 866//922 867//923 994//1092 
f 994//1092 993//1091 995//1093 
f 865//920 866//922 994//1092 
f 996//1094 995//1093 997//1095 
f 864//919 865//920 994//1096 
f 864//919 994//1096 980//1071 
f 996//1094 997//1095 998//1097 
f 980//1071 994//1098 982//1073 
f 999//1099 1000//1100 998//1097 
f 982//1073 1001//1101 983//1076 
f 1002//1102 1000//1103 999//1099 
f 983//1076 1001//1104 985//1078 
f 1003//1105 1004//1106 1002//1102 
f 1001//1107 987//1080 985//1078 
f 935//1007 1004//1106 1003//1105 
f 935//1007 934//1006 1004//1106 
f 1004//1108 988//1082 987//1080 
f 934//1006 937//1009 1004//1106 
f 1004//1109 991//1085 988//1082 
f 937//1009 938//1010 1004//1109 
f 938//1010 991//1085 1004//1109 
f 938//1010 933//1005 991//1085 
f 845//893 844//892 953//1031 
f 845//893 953//1031 1005//1110 
f 847//896 845//893 1005//1110 
f 1005//1110 953//1031 954//1032 
f 849//899 847//896 1006//1111 
f 1005//1110 954//1032 955//1033 
f 852//903 849//899 1006//1112 
f 1007//1113 955//1033 957//1035 
f 855//907 852//903 1008//1114 
f 958//1037 1007//1115 957//1035 
f 858//911 855//907 1008//1116 
f 961//1044 1007//1117 958//1037 
f 868//924 858//911 1009//1118 
f 962//1045 1010//1119 961//1044 
f 869//925 868//924 1009//1118 
f 869//925 1009//1118 993//1091 
f 993//1091 1009//1120 995//1093 
f 995//1093 1009//1120 997//1095 
f 997//1095 1011//1121 998//1097 
f 1011//1122 999//1099 998//1097 
f 895//958 1010//1119 962//1045 
f 895//958 892//955 1010//1119 
f 892//955 894//957 1012//1123 
f 894//957 898//961 1012//1124 
f 898//961 901//964 1012//1125 
f 901//964 903//968 1013//1126 
f 903//968 907//972 1013//1127 
f 1011//1128 1002//1102 999//1099 
f 907//972 936//1008 1011//1128 
f 1011//1128 1003//1105 1002//1102 
f 936//1008 1003//1105 1011//1128 
f 936//1008 935//1007 1003//1105 
f 1014//880 1015//881 1016//882 
f 1017//883 1015//881 1014//880 
f 1014//880 1016//882 1018//884 
f 1015//881 1019//885 1016//882 
f 1020//886 1018//884 1016//882 
f 1017//887 1021//888 1015//881 
f 1015//881 1021//888 1019//885 
f 1022//889 1017//890 1023//891 
f 1024//892 1017//890 1022//889 
f 1024//892 1025//893 1017//890 
f 1023//891 1018//894 1026//895 
f 1025//893 1027//896 1017//890 
f 1026//895 1018//897 1028//898 
f 1027//896 1029//899 1017//900 
f 1030//901 1031//902 1028//898 
f 1029//899 1032//903 1033//904 
f 1030//905 1034//906 1031//902 
f 1032//903 1035//907 1033//908 
f 1036//909 1037//910 1034//906 
f 1035//907 1038//911 1033//912 
f 1021//888 1039//913 1040//914 
f 1021//888 1040//914 1019//885 
f 1039//913 1041//915 1040//914 
f 1039//916 1042//917 1041//915 
f 1043//918 1044//919 1042//917 
f 1043//918 1045//920 1044//919 
f 1043//921 1046//922 1045//920 
f 1043//921 1047//923 1046//922 
f 1038//911 1048//924 1043//921 
f 1048//924 1047//923 1043//921 
f 1048//924 1049//925 1047//923 
f 1050//926 1016//882 1019//885 
f 1051//927 1050//926 1019//885 
f 1052//928 1050//926 1051//927 
f 1053//929 1020//886 1050//926 
f 1050//926 1020//886 1016//882 
f 1054//930 1055//931 1053//932 
f 1055//931 1056//933 1053//934 
f 1056//933 1057//935 1036//909 
f 1057//935 1058//936 1036//909 
f 1058//936 1037//910 1036//909 
f 1058//936 1059//937 1037//910 
f 1060//938 1054//930 1053//939 
f 1061//940 1060//938 1052//941 
f 1062//942 1061//940 1052//941 
f 1062//942 1052//941 1063//943 
f 1063//943 1064//944 1065//945 
f 1065//945 1064//946 1066//947 
f 1064//948 1051//927 1040//914 
f 1051//927 1019//885 1040//914 
f 1064//948 1040//914 1041//915 
f 1064//946 1041//915 1042//917 
f 1066//947 1064//946 1042//917 
f 1066//947 1042//917 1044//919 
f 1067//949 1068//950 1069//951 
f 1070//952 1067//949 1069//951 
f 1070//953 1071//954 1067//949 
f 1067//949 1071//954 1068//950 
f 1072//955 1073//956 1074//957 
f 1075//958 1073//956 1072//955 
f 1075//958 1076//959 1073//956 
f 1074//957 1077//960 1078//961 
f 1076//959 1079//962 1073//956 
f 1078//961 1077//963 1080//964 
f 1079//962 1081//965 1073//966 
f 1077//967 1082//968 1080//964 
f 1081//965 1083//969 1084//970 
f 1077//971 1085//972 1082//968 
f 1083//969 1086//973 1084//974 
f 1086//973 1087//975 1084//976 
f 1087//975 1088//977 1089//978 
f 1088//977 1090//979 1089//978 
f 1088//977 1091//980 1090//979 
f 1089//978 1090//979 1092//981 
f 1089//978 1092//981 1093//982 
f 1094//983 1093//982 1095//984 
f 1096//985 1094//986 1095//984 
f 1097//987 1094//988 1096//985 
f 1071//954 1098//989 1099//990 
f 1071//954 1099//990 1068//950 
f 1100//991 1101//992 1097//987 
f 1102//993 1101//992 1100//991 
f 1102//993 1103//994 1101//992 
f 1101//995 1104//996 1099//990 
f 1104//996 1068//950 1099//990 
f 1103//994 1105//997 1106//998 
f 1105//997 1107//999 1106//1000 
f 1106//1001 1108//1002 1104//996 
f 1104//996 1108//1002 1068//950 
f 1106//1001 1109//1003 1108//1002 
f 1106//1000 1110//1004 1109//1003 
f 1107//999 1110//1004 1106//1000 
f 1107//999 1111//1005 1110//1004 
f 1112//1006 1113//1007 1114//1008 
f 1112//1006 1114//1008 1115//1011 
f 1115//1011 1114//1008 1085//972 
f 1116//1009 1112//1006 1115//1011 
f 1117//1010 1116//1009 1115//1011 
f 1111//1005 1117//1010 1115//1012 
f 1111//1005 1115//1012 1110//1004 
f 1110//1004 1115//1013 1109//1003 
f 1109//1003 1118//1014 1108//1002 
f 1108//1002 1118//1014 1069//951 
f 1108//1002 1069//951 1068//950 
f 1037//910 1059//937 1119//1015 
f 1037//910 1119//1015 1120//1016 
f 1034//906 1037//910 1120//1016 
f 1120//1016 1119//1015 1121//1017 
f 1031//902 1034//906 1122//1018 
f 1120//1016 1121//1017 1123//1019 
f 1028//898 1031//902 1122//1020 
f 1120//1016 1123//1019 1124//1021 
f 1026//895 1028//898 1125//1022 
f 1126//1023 1127//1024 1124//1021 
f 1023//891 1026//895 1125//1025 
f 1128//1026 1127//1027 1126//1023 
f 1022//889 1023//891 1129//1028 
f 1130//1029 1131//1030 1128//1026 
f 1024//892 1022//889 1129//1028 
f 1024//892 1129//1028 1132//1031 
f 1132//1031 1129//1129 1133//1032 
f 1133//1032 1129//1129 1134//1033 
f 1134//1033 1135//1034 1136//1035 
f 1135//1036 1137//1037 1136//1035 
f 1091//980 1131//1030 1130//1029 
f 1091//980 1088//977 1131//1030 
f 1088//977 1087//975 1138//1038 
f 1087//975 1086//973 1138//1039 
f 1086//973 1083//969 1138//1040 
f 1083//969 1081//965 1139//1041 
f 1081//965 1079//962 1139//1042 
f 1135//1043 1140//1044 1137//1037 
f 1079//962 1076//959 1135//1043 
f 1135//1043 1141//1045 1140//1044 
f 1076//959 1141//1045 1135//1043 
f 1076//959 1075//958 1141//1045 
f 1061//940 1062//942 1142//1046 
f 1061//940 1142//1046 1143//1047 
f 1060//938 1061//940 1143//1047 
f 1143//1047 1142//1046 1144//1048 
f 1054//930 1060//938 1145//1049 
f 1143//1047 1144//1048 1146//1050 
f 1055//931 1054//930 1145//1051 
f 1143//1047 1146//1050 1147//1052 
f 1056//933 1055//931 1148//1053 
f 1149//1054 1150//1055 1147//1052 
f 1057//935 1056//933 1148//1056 
f 1151//1057 1150//1058 1149//1054 
f 1058//936 1057//935 1152//1059 
f 1153//1060 1154//1061 1151//1057 
f 1059//937 1058//936 1152//1059 
f 1059//937 1152//1059 1119//1015 
f 1119//1015 1155//1062 1121//1017 
f 1121//1017 1155//1062 1123//1019 
f 1123//1019 1156//1063 1124//1021 
f 1156//1064 1126//1023 1124//1021 
f 1102//993 1154//1061 1153//1060 
f 1102//993 1100//991 1154//1061 
f 1100//991 1097//987 1157//1065 
f 1097//987 1096//985 1157//1066 
f 1096//985 1095//984 1157//1067 
f 1095//984 1093//982 1158//1068 
f 1093//982 1092//981 1158//1069 
f 1156//1070 1128//1026 1126//1023 
f 1092//981 1090//979 1156//1070 
f 1156//1070 1130//1029 1128//1026 
f 1090//979 1130//1029 1156//1070 
f 1090//979 1091//980 1130//1029 
f 1066//947 1044//919 1159//1071 
f 1066//947 1159//1071 1160//1072 
f 1065//945 1066//947 1160//1072 
f 1160//1072 1159//1071 1161//1073 
f 1063//943 1065//945 1160//1074 
f 1160//1075 1161//1073 1162//1076 
f 1062//942 1063//943 1160//1074 
f 1062//942 1160//1074 1142//1046 
f 1163//1077 1162//1076 1164//1078 
f 1142//1046 1165//1079 1144//1048 
f 1166//1080 1163//1081 1164//1078 
f 1144//1048 1165//1079 1146//1050 
f 1167//1082 1168//1083 1166//1080 
f 1146//1050 1169//1084 1147//1052 
f 1170//1085 1168//1086 1167//1082 
f 1169//1087 1149//1054 1147//1052 
f 1111//1005 1171//1088 1170//1085 
f 1111//1005 1107//999 1171//1088 
f 1169//1089 1151//1057 1149//1054 
f 1107//999 1105//997 1171//1090 
f 1171//1090 1153//1060 1151//1057 
f 1105//997 1103//994 1171//1090 
f 1103//994 1153//1060 1171//1090 
f 1103//994 1102//993 1153//1060 
f 1047//923 1049//925 1172//1091 
f 1047//923 1172//1091 1173//1092 
f 1046//922 1047//923 1173//1092 
f 1173//1092 1172//1091 1174//1093 
f 1045//920 1046//922 1173//1092 
f 1175//1094 1174//1093 1176//1095 
f 1044//919 1045//920 1173//1096 
f 1044//919 1173//1096 1159//1071 
f 1175//1094 1176//1095 1177//1097 
f 1159//1071 1173//1098 1161//1073 
f 1178//1099 1179//1100 1177//1097 
f 1161//1073 1180//1101 1162//1076 
f 1181//1102 1179//1103 1178//1099 
f 1162//1076 1180//1104 1164//1078 
f 1182//1105 1183//1106 1181//1102 
f 1180//1107 1166//1080 1164//1078 
f 1113//1007 1183//1106 1182//1105 
f 1113//1007 1112//1006 1183//1106 
f 1183//1108 1167//1082 1166//1080 
f 1112//1006 1116//1009 1183//1106 
f 1183//1109 1170//1085 1167//1082 
f 1116//1009 1117//1010 1183//1109 
f 1117//1010 1170//1085 1183//1109 
f 1117//1010 1111//1005 1170//1085 
f 1025//893 1024//892 1132//1031 
f 1025//893 1132//1031 1184//1110 
f 1027//896 1025//893 1184//1110 
f 1184//1110 1132//1031 1133//1032 
f 1029//899 1027//896 1185//1111 
f 1184//1110 1133//1032 1134//1033 
f 1032//903 1029//899 1185//1112 
f 1186//1113 1134//1033 1136//1035 
f 1035//907 1032//903 1187//1114 
f 1137//1037 1186//1115 1136//1035 
f 1038//911 1035//907 1187//1116 
f 1140//1044 1186//1117 1137//1037 
f 1048//924 1038//911 1188//1118 
f 1141//1045 1189//1119 1140//1044 
f 1049//925 1048//924 1188//1118 
f 1049//925 1188//1118 1172//1091 
f 1172//1091 1188//1120 1174//1093 
f 1174//1093 1188//1120 1176//1095 
f 1176//1095 1190//1121 1177//1097 
f 1190//1122 1178//1099 1177//1097 
f 1075//958 1189//1119 1141//1045 
f 1075//958 1072//955 1189//1119 
f 1072//955 1074//957 1191//1123 
f 1074//957 1078//961 1191//1124 
f 1078//961 1080//964 1191//1125 
f 1080//964 1082//968 1192//1126 
f 1082//968 1085//972 1192//1127 
f 1190//1128 1181//1102 1178//1099 
f 1085//972 1114//1008 1190//1128 
f 1190//1128 1182//1105 1181//1102 
f 1114//1008 1182//1105 1190//1128 
f 1114//1008 1113//1007 1182//1105 
f 1193//880 1194//881 1195//882 
f 1196//883 1194//881 1193//880 
f 1193//880 1195//882 1197//884 
f 1194//881 1198//885 1195//882 
f 1199//886 1197//884 1195//882 
f 1196//887 1200//888 1194//881 
f 1194//881 1200//888 1198//885 
f 1201//889 1196//890 1202//891 
f 1203//892 1196//890 1201//889 
f 1203//892 1204//893 1196//890 
f 1202//891 1197//894 1205//895 
f 1204//893 1206//896 1196//890 
f 1205//895 1197//897 1207//898 
f 1206//896 1208//899 1196//900 
f 1197//901 1209//902 1207//898 
f 1208//899 1210//903 1211//904 
f 1197//905 1212//906 1209//902 
f 1210//903 1213//907 1211//908 
f 1214//909 1215//910 1212//906 
f 1213//907 1216//911 1211//912 
f 1200//888 1211//913 1217//914 
f 1200//888 1217//914 1198//885 
f 1211//913 1218//915 1217//914 
f 1211//916 1219//917 1218//915 
f 1220//918 1221//919 1219//917 
f 1220//918 1222//920 1221//919 
f 1220//921 1223//922 1222//920 
f 1220//921 1224//923 1223//922 
f 1216//911 1225//924 1220//921 
f 1225//924 1224//923 1220//921 
f 1225//924 1226//925 1224//923 
f 1227//926 1195//882 1198//885 
f 1228//927 1227//926 1198//885 
f 1229//928 1227//926 1228//927 
f 1230//929 1199//886 1227//926 
f 1227//926 1199//886 1195//882 
f 1231//930 1232//931 1230//932 
f 1232//931 1233//933 1230//934 
f 1233//933 1234//935 1214//909 
f 1234//935 1235//936 1214//909 
f 1235//936 1215//910 1214//909 
f 1235//936 1236//937 1215//910 
f 1237//938 1231//930 1230//939 
f 1238//940 1237//938 1229//941 
f 1239//942 1238//940 1229//941 
f 1239//942 1229//941 1240//943 
f 1240//943 1229//941 1241//945 
f 1241//945 1229//946 1242//947 
f 1229//948 1228//927 1217//914 
f 1228//927 1198//885 1217//914 
f 1229//948 1217//914 1218//915 
f 1229//946 1218//915 1219//917 
f 1242//947 1229//946 1219//917 
f 1242//947 1219//917 1221//919 
f 1243//949 1244//950 1245//951 
f 1246//952 1243//949 1245//951 
f 1246//953 1247//954 1243//949 
f 1243//949 1247//954 1244//950 
f 1248//955 1246//956 1249//957 
f 1250//958 1246//956 1248//955 
f 1250//958 1251//959 1246//956 
f 1249//957 1252//960 1253//961 
f 1251//959 1254//962 1246//956 
f 1253//961 1252//963 1255//964 
f 1254//962 1256//965 1246//966 
f 1252//967 1257//968 1255//964 
f 1256//965 1258//969 1259//970 
f 1252//971 1260//972 1257//968 
f 1258//969 1261//973 1259//974 
f 1261//973 1262//975 1259//976 
f 1262//975 1263//977 1259//978 
f 1263//977 1264//979 1259//978 
f 1263//977 1265//980 1264//979 
f 1259//978 1264//979 1266//981 
f 1259//978 1266//981 1267//982 
f 1268//983 1267//982 1269//984 
f 1270//985 1268//986 1269//984 
f 1271//987 1268//988 1270//985 
f 1247//954 1272//989 1273//990 
f 1247//954 1273//990 1244//950 
f 1274//991 1275//992 1271//987 
f 1276//993 1275//992 1274//991 
f 1276//993 1277//994 1275//992 
f 1275//995 1278//996 1273//990 
f 1278//996 1244//950 1273//990 
f 1277//994 1279//997 1275//992 
f 1279//997 1280//999 1275//1000 
f 1275//1001 1281//1002 1278//996 
f 1278//996 1281//1002 1244//950 
f 1275//1001 1282//1003 1281//1002 
f 1275//1000 1283//1004 1282//1003 
f 1280//999 1283//1004 1275//1000 
f 1280//999 1284//1005 1283//1004 
f 1285//1006 1286//1007 1287//1008 
f 1285//1006 1287//1008 1288//1011 
f 1288//1011 1287//1008 1260//972 
f 1289//1009 1285//1006 1288//1011 
f 1290//1010 1289//1009 1288//1011 
f 1284//1005 1290//1010 1288//1012 
f 1284//1005 1288//1012 1283//1004 
f 1283//1004 1288//1013 1282//1003 
f 1282//1003 1252//1014 1281//1002 
f 1281//1002 1252//1014 1245//951 
f 1281//1002 1245//951 1244//950 
f 1215//910 1236//937 1291//1015 
f 1215//910 1291//1015 1292//1016 
f 1212//906 1215//910 1292//1016 
f 1292//1016 1291//1015 1293//1017 
f 1209//902 1212//906 1294//1018 
f 1292//1016 1293//1017 1295//1019 
f 1207//898 1209//902 1294//1020 
f 1292//1016 1295//1019 1296//1021 
f 1205//895 1207//898 1294//1022 
f 1297//1023 1298//1024 1296//1021 
f 1202//891 1205//895 1294//1025 
f 1299//1026 1298//1027 1297//1023 
f 1201//889 1202//891 1300//1028 
f 1301//1029 1302//1030 1299//1026 
f 1203//892 1201//889 1300//1028 
f 1203//892 1300//1028 1303//1031 
f 1303//1031 1300//1129 1304//1032 
f 1304//1032 1300//1129 1305//1033 
f 1305//1033 1306//1034 1307//1035 
f 1306//1036 1308//1037 1307//1035 
f 1265//980 1302//1030 1301//1029 
f 1265//980 1263//977 1302//1030 
f 1263//977 1262//975 1309//1038 
f 1262//975 1261//973 1309//1039 
f 1261//973 1258//969 1309//1040 
f 1258//969 1256//965 1310//1041 
f 1256//965 1254//962 1310//1042 
f 1306//1043 1311//1044 1308//1037 
f 1254//962 1251//959 1306//1043 
f 1306//1043 1312//1045 1311//1044 
f 1251//959 1312//1045 1306//1043 
f 1251//959 1250//958 1312//1045 
f 1238//940 1239//942 1313//1046 
f 1238//940 1313//1046 1314//1047 
f 1237//938 1238//940 1314//1047 
f 1314//1047 1313//1046 1315//1048 
f 1231//930 1237//938 1316//1049 
f 1314//1047 1315//1048 1317//1050 
f 1232//931 1231//930 1316//1051 
f 1314//1047 1317//1050 1318//1052 
f 1233//933 1232//931 1319//1053 
f 1320//1054 1321//1055 1318//1052 
f 1234//935 1233//933 1319//1056 
f 1322//1057 1321//1058 1320//1054 
f 1235//936 1234//935 1319//1059 
f 1323//1060 1324//1061 1322//1057 
f 1236//937 1235//936 1319//1059 
f 1236//937 1319//1059 1291//1015 
f 1291//1015 1325//1062 1293//1017 
f 1293//1017 1325//1062 1295//1019 
f 1295//1019 1326//1063 1296//1021 
f 1326//1064 1297//1023 1296//1021 
f 1276//993 1324//1061 1323//1060 
f 1276//993 1274//991 1324//1061 
f 1274//991 1271//987 1327//1065 
f 1271//987 1270//985 1327//1066 
f 1270//985 1269//984 1327//1067 
f 1269//984 1267//982 1328//1068 
f 1267//982 1266//981 1328//1069 
f 1326//1070 1299//1026 1297//1023 
f 1266//981 1264//979 1326//1070 
f 1326//1070 1301//1029 1299//1026 
f 1264//979 1301//1029 1326//1070 
f 1264//979 1265//980 1301//1029 
f 1242//947 1221//919 1329//1071 
f 1242//947 1329//1071 1330//1072 
f 1241//945 1242//947 1330//1072 
f 1330//1072 1329//1071 1331//1073 
f 1240//943 1241//945 1330//1074 
f 1330//1075 1331//1073 1332//1076 
f 1239//942 1240//943 1330//1074 
f 1239//942 1330//1074 1313//1046 
f 1330//1077 1332//1076 1333//1078 
f 1313//1046 1334//1079 1315//1048 
f 1335//1080 1330//1081 1333//1078 
f 1315//1048 1334//1079 1317//1050 
f 1336//1082 1337//1083 1335//1080 
f 1317//1050 1338//1084 1318//1052 
f 1339//1085 1337//1086 1336//1082 
f 1338//1087 1320//1054 1318//1052 
f 1284//1005 1340//1088 1339//1085 
f 1284//1005 1280//999 1340//1088 
f 1338//1089 1322//1057 1320//1054 
f 1280//999 1279//997 1340//1090 
f 1340//1090 1323//1060 1322//1057 
f 1279//997 1277//994 1340//1090 
f 1277//994 1323//1060 1340//1090 
f 1277//994 1276//993 1323//1060 
f 1224//923 1226//925 1341//1091 
f 1224//923 1341//1091 1342//1130 
f 1223//922 1224//923 1342//1130 
f 1342//1130 1341//1091 1343//1093 
f 1222//920 1223//922 1342//1092 
f 1342//1130 1343//1093 1344//1095 
f 1221//919 1222//920 1342//1096 
f 1221//919 1342//1096 1329//1071 
f 1345//1094 1344//1095 1346//1097 
f 1329//1071 1345//1098 1331//1073 
f 1347//1099 1345//1100 1346//1097 
f 1331//1073 1345//1101 1332//1076 
f 1348//1102 1345//1103 1347//1099 
f 1332//1076 1349//1104 1333//1078 
f 1350//1105 1351//1106 1348//1102 
f 1349//1107 1335//1080 1333//1078 
f 1286//1007 1351//1106 1350//1105 
f 1286//1007 1285//1006 1351//1106 
f 1351//1108 1336//1082 1335//1080 
f 1285//1006 1289//1009 1351//1106 
f 1351//1109 1339//1085 1336//1082 
f 1289//1009 1290//1010 1351//1109 
f 1290//1010 1339//1085 1351//1109 
f 1290//1010 1284//1005 1339//1085 
f 1204//893 1203//892 1303//1031 
f 1204//893 1303//1031 1352//1110 
f 1206//896 1204//893 1352//1110 
f 1352//1110 1303//1031 1304//1032 
f 1208//899 1206//896 1352//1111 
f 1352//1110 1304//1032 1305//1033 
f 1210//903 1208//899 1352//1112 
f 1353//1113 1305//1033 1307//1035 
f 1213//907 1210//903 1354//1114 
f 1308//1037 1353//1115 1307//1035 
f 1216//911 1213//907 1354//1116 
f 1311//1044 1353//1117 1308//1037 
f 1225//924 1216//911 1355//1118 
f 1312//1045 1356//1119 1311//1044 
f 1226//925 1225//924 1355//1118 
f 1226//925 1355//1118 1341//1091 
f 1341//1091 1355//1120 1343//1093 
f 1343//1093 1355//1120 1344//1095 
f 1344//1095 1357//1121 1346//1097 
f 1357//1122 1347//1099 1346//1097 
f 1250//958 1356//1119 1312//1045 
f 1250//958 1248//955 1356//1119 
f 1248//955 1249//957 1358//1123 
f 1249//957 1253//961 1358//1124 
f 1253//961 1255//964 1358//1125 
f 1255//964 1257//968 1359//1126 
f 1257//968 1260//972 1359//1127 
f 1357//1128 1348//1102 1347//1099 
f 1260//972 1287//1008 1357//1128 
f 1357//1128 1350//1105 1348//1102 
f 1287//1008 1350//1105 1357//1128 
f 1287//1008 1286//1007 1350//1105 
f 1360//880 1361//881 1362//882 
f 1363//883 1361//881 1360//880 
f 1360//880 1362//882 1364//884 
f 1361//881 1365//885 1362//882 
f 1366//886 1364//884 1362//882 
f 1363//887 1367//888 1361//881 
f 1361//881 1367//888 1365//885 
f 1368//889 1363//890 1369//891 
f 1370//892 1363//890 1368//889 
f 1370//892 1371//893 1363//890 
f 1369//891 1364//894 1372//895 
f 1371//893 1373//896 1363//890 
f 1372//895 1364//897 1374//898 
f 1373//896 1375//899 1363//900 
f 1364//901 1376//902 1374//898 
f 1375//899 1377//903 1378//904 
f 1364//905 1379//906 1376//902 
f 1377//903 1380//907 1378//908 
f 1381//909 1382//910 1379//906 
f 1380//907 1383//911 1378//912 
f 1367//888 1378//913 1384//914 
f 1367//888 1384//914 1365//885 
f 1378//913 1385//915 1384//914 
f 1378//916 1386//917 1385//915 
f 1378//918 1387//919 1386//917 
f 1378//918 1388//920 1387//919 
f 1378//921 1389//922 1388//920 
f 1378//921 1390//923 1389//922 
f 1383//911 1391//924 1378//921 
f 1391//924 1390//923 1378//921 
f 1391//924 1392//925 1390//923 
f 1393//926 1362//882 1365//885 
f 1394//927 1393//926 1365//885 
f 1395//928 1393//926 1394//927 
f 1381//929 1366//886 1393//926 
f 1393//926 1366//886 1362//882 
f 1396//930 1397//931 1381//932 
f 1397//931 1398//933 1381//934 
f 1398//933 1399//935 1381//909 
f 1399//935 1400//936 1381//909 
f 1400//936 1382//910 1381//909 
f 1400//936 1401//937 1382//910 
f 1402//938 1396//930 1381//939 
f 1403//940 1402//938 1395//941 
f 1404//942 1403//940 1395//941 
f 1404//942 1395//941 1405//943 
f 1405//943 1395//941 1406//945 
f 1406//945 1395//946 1407//947 
f 1395//948 1394//927 1384//914 
f 1394//927 1365//885 1384//914 
f 1395//948 1384//914 1385//915 
f 1395//946 1385//915 1386//917 
f 1407//947 1395//946 1386//917 
f 1407//947 1386//917 1387//919 
f 1408//949 1409//950 1410//951 
f 1411//952 1408//949 1410//951 
f 1411//953 1412//954 1408//949 
f 1408//949 1412//954 1409//950 
f 1413//955 1411//956 1414//957 
f 1415//958 1411//956 1413//955 
f 1415//958 1416//959 1411//956 
f 1414//957 1417//960 1418//961 
f 1416//959 1419//962 1411//956 
f 1418//961 1420//963 1421//964 
f 1419//962 1422//965 1411//966 
f 1420//967 1423//968 1421//964 
f 1422//965 1424//969 1425//970 
f 1420//971 1426//972 1423//968 
f 1424//969 1427//973 1425//974 
f 1427//973 1428//975 1425//976 
f 1428//975 1429//977 1425//978 
f 1429//977 1430//979 1425//978 
f 1429//977 1431//980 1430//979 
f 1425//978 1430//979 1432//981 
f 1425//978 1432//981 1433//982 
f 1434//983 1433//982 1435//984 
f 1436//985 1434//986 1435//984 
f 1437//987 1434//988 1436//985 
f 1412//954 1425//989 1438//990 
f 1412//954 1438//990 1409//950 
f 1439//991 1440//992 1437//987 
f 1441//993 1440//992 1439//991 
f 1441//993 1442//994 1440//992 
f 1440//995 1443//996 1438//990 
f 1443//996 1409//950 1438//990 
f 1442//994 1444//997 1440//992 
f 1444//997 1445//999 1440//1000 
f 1440//1001 1446//1002 1443//996 
f 1443//996 1446//1002 1409//950 
f 1440//1001 1447//1003 1446//1002 
f 1440//1000 1448//1004 1447//1003 
f 1445//999 1448//1004 1440//1000 
f 1445//999 1449//1005 1448//1004 
f 1450//1006 1451//1007 1452//1008 
f 1450//1006 1452//1008 1420//971 
f 1420//971 1452//1008 1426//972 
f 1453//1009 1450//1006 1420//971 
f 1454//1010 1453//1009 1420//1011 
f 1449//1005 1454//1010 1420//1012 
f 1449//1005 1420//1012 1448//1004 
f 1448//1004 1417//1013 1447//1003 
f 1447//1003 1417//1014 1446//1002 
f 1446//1002 1417//1014 1410//951 
f 1446//1002 1410//951 1409//950 
f 1382//910 1401//937 1455//1015 
f 1382//910 1455//1015 1456//1016 
f 1379//906 1382//910 1456//1016 
f 1456//1016 1455//1015 1457//1017 
f 1376//902 1379//906 1458//1018 
f 1456//1016 1457//1017 1459//1019 
f 1374//898 1376//902 1458//1020 
f 1456//1016 1459//1019 1460//1021 
f 1372//895 1374//898 1458//1022 
f 1461//1023 1462//1024 1460//1021 
f 1369//891 1372//895 1458//1025 
f 1463//1026 1462//1027 1461//1023 
f 1368//889 1369//891 1464//1028 
f 1465//1029 1466//1030 1463//1026 
f 1370//892 1368//889 1464//1028 
f 1370//892 1464//1028 1467//1031 
f 1467//1031 1464//1028 1468//1032 
f 1468//1032 1464//1028 1469//1033 
f 1469//1033 1470//1034 1471//1035 
f 1470//1036 1472//1037 1471//1035 
f 1431//980 1466//1030 1465//1029 
f 1431//980 1429//977 1466//1030 
f 1429//977 1428//975 1473//1038 
f 1428//975 1427//973 1473//1039 
f 1427//973 1424//969 1473//1040 
f 1424//969 1422//965 1470//1041 
f 1422//965 1419//962 1470//1042 
f 1470//1043 1474//1044 1472//1037 
f 1419//962 1416//959 1470//1043 
f 1470//1043 1475//1045 1474//1044 
f 1416//959 1475//1045 1470//1043 
f 1416//959 1415//958 1475//1045 
f 1403//940 1404//942 1476//1046 
f 1403//940 1476//1046 1477//1047 
f 1402//938 1403//940 1477//1047 
f 1477//1047 1476//1046 1478//1048 
f 1396//930 1402//938 1479//1049 
f 1477//1047 1478//1048 1480//1050 
f 1397//931 1396//930 1479//1051 
f 1477//1047 1480//1050 1481//1052 
f 1398//933 1397//931 1482//1053 
f 1483//1054 1484//1055 1481//1052 
f 1399//935 1398//933 1482//1056 
f 1485//1057 1484//1058 1483//1054 
f 1400//936 1399//935 1482//1059 
f 1486//1060 1487//1065 1485//1057 
f 1401//937 1400//936 1482//1059 
f 1401//937 1482//1059 1455//1015 
f 1455//1015 1488//1062 1457//1017 
f 1457//1017 1488//1062 1459//1019 
f 1459//1019 1489//1063 1460//1021 
f 1489//1064 1461//1023 1460//1021 
f 1441//993 1487//1065 1486//1060 
f 1441//993 1439//991 1487//1065 
f 1439//991 1437//987 1487//1065 
f 1437//987 1436//985 1487//1066 
f 1436//985 1435//984 1487//1067 
f 1435//984 1433//982 1490//1068 
f 1433//982 1432//981 1490//1069 
f 1489//1070 1463//1026 1461//1023 
f 1432//981 1430//979 1489//1070 
f 1489//1070 1465//1029 1463//1026 
f 1430//979 1465//1029 1489//1070 
f 1430//979 1431//980 1465//1029 
f 1407//947 1387//919 1491//1071 
f 1407//947 1491//1071 1492//1072 
f 1406//945 1407//947 1492//1072 
f 1492//1072 1491//1071 1493//1073 
f 1405//943 1406//945 1492//1074 
f 1492//1075 1493//1073 1494//1076 
f 1404//942 1405//943 1492//1074 
f 1404//942 1492//1074 1476//1046 
f 1492//1077 1494//1076 1495//1078 
f 1476//1046 1496//1079 1478//1048 
f 1497//1080 1492//1081 1495//1078 
f 1478//1048 1496//1079 1480//1050 
f 1498//1082 1499//1083 1497//1080 
f 1480//1050 1496//1084 1481//1052 
f 1500//1085 1499//1086 1498//1082 
f 1496//1087 1483//1054 1481//1052 
f 1449//1005 1499//1088 1500//1085 
f 1449//1005 1445//999 1499//1088 
f 1496//1089 1485//1057 1483//1054 
f 1445//999 1444//997 1499//1090 
f 1499//1090 1486//1060 1485//1057 
f 1444//997 1442//994 1499//1090 
f 1442//994 1486//1060 1499//1090 
f 1442//994 1441//993 1486//1060 
f 1390//923 1392//925 1501//1091 
f 1390//923 1501//1091 1502//1092 
f 1389//922 1390//923 1502//1092 
f 1502//1092 1501//1091 1503//1093 
f 1388//920 1389//922 1502//1092 
f 1502//1094 1503//1093 1504//1095 
f 1387//919 1388//920 1502//1096 
f 1387//919 1502//1096 1491//1071 
f 1502//1094 1504//1095 1505//1097 
f 1491//1071 1502//1098 1493//1073 
f 1506//1099 1507//1100 1505//1097 
f 1493//1073 1507//1101 1494//1076 
f 1508//1102 1507//1103 1506//1099 
f 1494//1076 1507//1104 1495//1078 
f 1509//1105 1510//1106 1508//1102 
f 1507//1107 1497//1080 1495//1078 
f 1451//1007 1510//1106 1509//1105 
f 1451//1007 1450//1006 1510//1106 
f 1510//1108 1498//1082 1497//1080 
f 1450//1006 1453//1009 1510//1106 
f 1510//1109 1500//1085 1498//1082 
f 1453//1009 1454//1010 1510//1109 
f 1454//1010 1500//1085 1510//1109 
f 1454//1010 1449//1005 1500//1085 
f 1371//893 1370//892 1467//1031 
f 1371//893 1467//1031 1511//1110 
f 1373//896 1371//893 1511//1110 
f 1511//1110 1467//1031 1468//1032 
f 1375//899 1373//896 1511//1111 
f 1511//1110 1468//1032 1469//1033 
f 1377//903 1375//899 1511//1112 
f 1512//1113 1469//1033 1471//1035 
f 1380//907 1377//903 1513//1114 
f 1472//1037 1512//1115 1471//1035 
f 1383//911 1380//907 1513//1116 
f 1474//1044 1512//1117 1472//1037 
f 1391//924 1383//911 1514//1118 
f 1475//1045 1515//1119 1474//1044 
f 1392//925 1391//924 1514//1118 
f 1392//925 1514//1118 1501//1091 
f 1501//1091 1514//1120 1503//1093 
f 1503//1093 1514//1120 1504//1095 
f 1504//1095 1516//1121 1505//1097 
f 1516//1122 1506//1099 1505//1097 
f 1415//958 1515//1119 1475//1045 
f 1415//958 1413//955 1515//1119 
f 1413//955 1414//957 1517//1123 
f 1414//957 1418//961 1517//1124 
f 1418//961 1421//964 1517//1125 
f 1421//964 1423//968 1516//1126 
f 1423//968 1426//972 1516//1127 
f 1516//1128 1508//1102 1506//1099 
f 1426//972 1452//1008 1516//1128 
f 1516//1128 1509//1105 1508//1102 
f 1452//1008 1509//1105 1516//1128 
f 1452//1008 1451//1007 1509//1105 
f 1518//880 1519//881 1520//882 
f 1521//883 1519//881 1518//880 
f 1518//880 1520//882 1522//884 
f 1519//881 1523//885 1520//882 
f 1524//886 1522//884 1520//882 
f 1521//887 1525//888 1519//881 
f 1519//881 1525//888 1523//885 
f 1526//889 1521//890 1527//891 
f 1528//892 1521//890 1526//889 
f 1528//892 1529//893 1521//890 
f 1527//891 1522//894 1530//895 
f 1529//893 1531//896 1521//890 
f 1530//895 1522//897 1532//898 
f 1531//896 1533//899 1521//900 
f 1522//901 1534//902 1532//898 
f 1533//899 1535//903 1536//904 
f 1522//905 1537//906 1534//902 
f 1535//903 1538//907 1536//908 
f 1539//909 1540//910 1537//906 
f 1538//907 1541//911 1542//912 
f 1525//888 1543//913 1544//914 
f 1525//888 1544//914 1523//885 
f 1543//913 1545//915 1544//914 
f 1543//916 1546//917 1545//915 
f 1543//918 1547//919 1546//917 
f 1543//918 1548//920 1547//919 
f 1543//921 1549//922 1548//920 
f 1542//912 1550//923 1549//922 
f 1541//911 1551//924 1542//912 
f 1551//924 1550//923 1542//912 
f 1551//924 1552//925 1550//923 
f 1553//926 1520//882 1523//885 
f 1554//927 1553//926 1523//885 
f 1555//928 1553//926 1554//927 
f 1556//929 1524//886 1553//926 
f 1553//926 1524//886 1520//882 
f 1557//930 1558//931 1556//932 
f 1558//931 1559//933 1556//934 
f 1559//933 1560//935 1539//909 
f 1560//935 1561//936 1539//909 
f 1561//936 1540//910 1539//909 
f 1561//936 1562//937 1540//910 
f 1563//938 1557//930 1556//939 
f 1564//940 1563//938 1555//941 
f 1565//942 1564//940 1555//941 
f 1565//942 1555//941 1566//943 
f 1566//943 1555//941 1567//945 
f 1567//945 1555//946 1568//947 
f 1555//948 1554//927 1544//914 
f 1554//927 1523//885 1544//914 
f 1555//948 1544//914 1545//915 
f 1555//946 1545//915 1546//917 
f 1568//947 1555//946 1546//917 
f 1568//947 1546//917 1547//919 
f 1569//949 1570//950 1571//951 
f 1572//952 1569//949 1571//951 
f 1572//953 1573//954 1569//949 
f 1569//949 1573//954 1570//950 
f 1574//955 1572//956 1575//957 
f 1576//958 1572//956 1574//955 
f 1576//958 1577//959 1572//956 
f 1575//957 1578//960 1579//961 
f 1577//959 1580//962 1572//956 
f 1579//961 1578//963 1581//964 
f 1580//962 1582//965 1572//966 
f 1578//967 1583//968 1581//964 
f 1582//965 1584//969 1585//970 
f 1578//971 1586//972 1583//968 
f 1584//969 1587//973 1585//974 
f 1587//973 1588//975 1585//976 
f 1588//975 1589//977 1585//978 
f 1589//977 1590//979 1585//978 
f 1589//977 1591//980 1590//979 
f 1585//978 1590//979 1592//981 
f 1585//978 1592//981 1593//982 
f 1594//983 1593//982 1595//984 
f 1596//985 1594//986 1595//984 
f 1597//987 1594//988 1596//985 
f 1573//954 1598//989 1599//990 
f 1573//954 1599//990 1570//950 
f 1600//991 1601//992 1597//987 
f 1602//993 1601//992 1600//991 
f 1602//993 1603//994 1601//992 
f 1601//995 1604//996 1599//990 
f 1604//996 1570//950 1599//990 
f 1603//994 1605//997 1601//992 
f 1605//997 1606//999 1601//1000 
f 1601//1001 1607//1002 1604//996 
f 1604//996 1607//1002 1570//950 
f 1601//1001 1608//1003 1607//1002 
f 1601//1000 1609//1004 1608//1003 
f 1606//999 1609//1004 1601//1000 
f 1606//999 1610//1005 1609//1004 
f 1611//1006 1612//1007 1613//1008 
f 1611//1006 1613//1008 1614//1011 
f 1614//1011 1613//1008 1586//972 
f 1615//1009 1611//1006 1614//1011 
f 1616//1010 1615//1009 1614//1011 
f 1610//1005 1616//1010 1614//1012 
f 1610//1005 1614//1012 1609//1004 
f 1609//1004 1614//1013 1608//1003 
f 1608//1003 1617//1014 1607//1002 
f 1607//1002 1617//1014 1571//951 
f 1607//1002 1571//951 1570//950 
f 1540//910 1562//937 1618//1015 
f 1540//910 1618//1015 1619//1016 
f 1537//906 1540//910 1619//1016 
f 1619//1016 1618//1015 1620//1017 
f 1534//902 1537//906 1621//1018 
f 1619//1016 1620//1017 1622//1019 
f 1532//898 1534//902 1621//1020 
f 1619//1016 1622//1019 1623//1021 
f 1530//895 1532//898 1621//1022 
f 1624//1023 1625//1024 1623//1021 
f 1527//891 1530//895 1621//1025 
f 1626//1026 1625//1027 1624//1023 
f 1526//889 1527//891 1627//1028 
f 1628//1029 1629//1030 1626//1026 
f 1528//892 1526//889 1627//1028 
f 1528//892 1627//1028 1630//1031 
f 1630//1031 1627//1129 1631//1032 
f 1631//1032 1627//1129 1632//1033 
f 1632//1033 1633//1034 1634//1035 
f 1633//1036 1635//1037 1634//1035 
f 1591//980 1629//1030 1628//1029 
f 1591//980 1589//977 1629//1030 
f 1589//977 1588//975 1636//1038 
f 1588//975 1587//973 1636//1039 
f 1587//973 1584//969 1636//1040 
f 1584//969 1582//965 1637//1041 
f 1582//965 1580//962 1637//1042 
f 1633//1043 1638//1044 1635//1037 
f 1580//962 1577//959 1633//1043 
f 1633//1043 1639//1045 1638//1044 
f 1577//959 1639//1045 1633//1043 
f 1577//959 1576//958 1639//1045 
f 1564//940 1565//942 1640//1046 
f 1564//940 1640//1046 1641//1049 
f 1563//938 1564//940 1641//1049 
f 1641//1049 1640//1046 1642//1048 
f 1557//930 1563//938 1641//1049 
f 1641//1131 1642//1048 1643//1050 
f 1558//931 1557//930 1644//1051 
f 1641//1131 1643//1050 1645//1052 
f 1559//933 1558//931 1644//1053 
f 1646//1054 1647//1055 1645//1052 
f 1560//935 1559//933 1644//1056 
f 1648//1057 1647//1058 1646//1054 
f 1561//936 1560//935 1649//1059 
f 1650//1060 1651//1061 1648//1057 
f 1562//937 1561//936 1649//1059 
f 1562//937 1649//1059 1618//1015 
f 1618//1015 1652//1062 1620//1017 
f 1620//1017 1652//1062 1622//1019 
f 1622//1019 1653//1063 1623//1021 
f 1653//1064 1624//1023 1623//1021 
f 1602//993 1651//1061 1650//1060 
f 1602//993 1600//991 1651//1061 
f 1600//991 1597//987 1654//1065 
f 1597//987 1596//985 1654//1066 
f 1596//985 1595//984 1654//1067 
f 1595//984 1593//982 1655//1068 
f 1593//982 1592//981 1655//1069 
f 1653//1070 1626//1026 1624//1023 
f 1592//981 1590//979 1653//1070 
f 1653//1070 1628//1029 1626//1026 
f 1590//979 1628//1029 1653//1070 
f 1590//979 1591//980 1628//1029 
f 1568//947 1547//919 1656//1071 
f 1568//947 1656//1071 1657//1072 
f 1567//945 1568//947 1657//1072 
f 1657//1072 1656//1071 1658//1073 
f 1566//943 1567//945 1657//1074 
f 1657//1075 1658//1073 1659//1076 
f 1565//942 1566//943 1657//1074 
f 1565//942 1657//1074 1640//1046 
f 1660//1077 1659//1076 1661//1078 
f 1640//1046 1662//1079 1642//1048 
f 1663//1080 1660//1081 1661//1078 
f 1642//1048 1662//1079 1643//1050 
f 1664//1082 1665//1083 1663//1080 
f 1643//1050 1666//1084 1645//1052 
f 1667//1085 1665//1086 1664//1082 
f 1666//1087 1646//1054 1645//1052 
f 1610//1005 1668//1088 1667//1085 
f 1610//1005 1606//999 1668//1088 
f 1666//1089 1648//1057 1646//1054 
f 1606//999 1605//997 1668//1090 
f 1668//1090 1650//1060 1648//1057 
f 1605//997 1603//994 1668//1090 
f 1603//994 1650//1060 1668//1090 
f 1603//994 1602//993 1650//1060 
f 1550//923 1552//925 1669//1091 
f 1550//923 1669//1091 1670//1130 
f 1549//922 1550//923 1670//1130 
f 1670//1130 1669//1091 1671//1093 
f 1548//920 1549//922 1670//1092 
f 1670//1130 1671//1093 1672//1095 
f 1547//919 1548//920 1670//1096 
f 1547//919 1670//1096 1656//1071 
f 1673//1094 1672//1095 1674//1097 
f 1656//1071 1673//1098 1658//1073 
f 1675//1099 1673//1100 1674//1097 
f 1658//1073 1673//1101 1659//1076 
f 1676//1102 1673//1103 1675//1099 
f 1659//1076 1677//1104 1661//1078 
f 1678//1105 1679//1106 1676//1102 
f 1677//1107 1663//1080 1661//1078 
f 1612//1007 1679//1106 1678//1105 
f 1612//1007 1611//1006 1679//1106 
f 1679//1108 1664//1082 1663//1080 
f 1611//1006 1615//1009 1679//1106 
f 1679//1109 1667//1085 1664//1082 
f 1615//1009 1616//1010 1679//1109 
f 1616//1010 1667//1085 1679//1109 
f 1616//1010 1610//1005 1667//1085 
f 1529//893 1528//892 1630//1031 
f 1529//893 1630//1031 1680//1110 
f 1531//896 1529//893 1680//1110 
f 1680//1110 1630//1031 1631//1032 
f 1533//899 1531//896 1680//1111 
f 1680//1110 1631//1032 1632//1033 
f 1535//903 1533//899 1680//1112 
f 1681//1113 1632//1033 1634//1035 
f 1538//907 1535//903 1682//1114 
f 1635//1037 1681//1115 1634//1035 
f 1541//911 1538//907 1682//1116 
f 1638//1044 1681//1117 1635//1037 
f 1551//924 1541//911 1683//1118 
f 1639//1045 1684//1119 1638//1044 
f 1552//925 1551//924 1683//1118 
f 1552//925 1683//1118 1669//1091 
f 1669//1091 1683//1120 1671//1093 
f 1671//1093 1683//1120 1672//1095 
f 1672//1095 1685//1121 1674//1097 
f 1685//1122 1675//1099 1674//1097 
f 1576//958 1684//1119 1639//1045 
f 1576//958 1574//955 1684//1119 
f 1574//955 1575//957 1686//1123 
f 1575//957 1579//961 1686//1124 
f 1579//961 1581//964 1686//1125 
f 1581//964 1583//968 1687//1126 
f 1583//968 1586//972 1687//1127 
f 1685//1128 1676//1102 1675//1099 
f 1586//972 1613//1008 1685//1128 
f 1685//1128 1678//1105 1676//1102 
f 1613//1008 1678//1105 1685//1128 
f 1613//1008 1612//1007 1678//1105 
f 1688//880 1689//881 1690//882 
f 1691//883 1689//881 1688//880 
f 1688//880 1690//882 1692//884 
f 1689//881 1693//885 1690//882 
f 1694//886 1692//884 1690//882 
f 1691//887 1695//888 1689//881 
f 1689//881 1695//888 1693//885 
f 1696//889 1691//890 1697//891 
f 1698//892 1691//890 1696//889 
f 1698//892 1699//893 1691//890 
f 1697//891 1692//894 1700//895 
f 1699//893 1701//896 1691//890 
f 1700//895 1692//897 1702//898 
f 1701//896 1703//899 1691//900 
f 1704//901 1705//902 1702//898 
f 1703//899 1706//903 1707//904 
f 1704//905 1708//906 1705//902 
f 1706//903 1709//907 1707//908 
f 1710//909 1711//910 1708//906 
f 1709//907 1712//911 1713//912 
f 1695//888 1714//913 1715//914 
f 1695//888 1715//914 1693//885 
f 1714//913 1716//915 1715//914 
f 1714//916 1717//917 1716//915 
f 1714//918 1718//919 1717//917 
f 1714//918 1719//920 1718//919 
f 1714//921 1720//922 1719//920 
f 1713//912 1721//923 1720//922 
f 1712//911 1722//924 1713//912 
f 1722//924 1721//923 1713//912 
f 1722//924 1723//925 1721//923 
f 1724//926 1690//882 1693//885 
f 1725//927 1724//926 1693//885 
f 1726//928 1724//926 1725//927 
f 1727//929 1694//886 1724//926 
f 1724//926 1694//886 1690//882 
f 1728//930 1729//931 1727//932 
f 1729//931 1730//933 1727//934 
f 1730//933 1731//935 1710//909 
f 1731//935 1732//936 1710//909 
f 1732//936 1711//910 1710//909 
f 1732//936 1733//937 1711//910 
f 1734//938 1728//930 1727//939 
f 1735//940 1734//938 1726//941 
f 1736//942 1735//940 1726//941 
f 1736//942 1726//941 1737//943 
f 1737//943 1738//944 1739//945 
f 1739//945 1738//946 1740//947 
f 1738//948 1725//927 1715//914 
f 1725//927 1693//885 1715//914 
f 1738//948 1715//914 1716//915 
f 1738//946 1716//915 1717//917 
f 1740//947 1738//946 1717//917 
f 1740//947 1717//917 1718//919 
f 1741//949 1742//950 1743//951 
f 1744//952 1741//949 1743//951 
f 1744//953 1745//954 1741//949 
f 1741//949 1745//954 1742//950 
f 1746//955 1747//956 1748//957 
f 1749//958 1747//956 1746//955 
f 1749//958 1750//959 1747//956 
f 1748//957 1751//960 1752//961 
f 1750//959 1753//962 1747//956 
f 1752//961 1754//963 1755//964 
f 1753//962 1756//965 1747//966 
f 1754//967 1757//968 1755//964 
f 1756//965 1758//969 1759//970 
f 1760//971 1761//972 1757//968 
f 1758//969 1762//973 1759//974 
f 1762//973 1763//975 1759//976 
f 1763//975 1764//977 1765//978 
f 1764//977 1766//979 1765//978 
f 1764//977 1767//980 1766//979 
f 1765//978 1766//979 1768//981 
f 1765//978 1768//981 1769//982 
f 1770//983 1769//982 1771//984 
f 1772//985 1770//986 1771//984 
f 1773//987 1770//988 1772//985 
f 1745//954 1774//989 1775//990 
f 1745//954 1775//990 1742//950 
f 1776//991 1777//992 1773//987 
f 1778//993 1777//992 1776//991 
f 1778//993 1779//994 1777//992 
f 1777//995 1780//996 1775//990 
f 1780//996 1742//950 1775//990 
f 1779//994 1781//997 1782//998 
f 1781//997 1783//999 1782//1000 
f 1782//1001 1784//1002 1780//996 
f 1780//996 1784//1002 1742//950 
f 1782//1001 1785//1003 1784//1002 
f 1782//1000 1786//1004 1785//1003 
f 1783//999 1786//1004 1782//1000 
f 1783//999 1787//1005 1786//1004 
f 1788//1006 1789//1007 1790//1008 
f 1788//1006 1790//1008 1760//971 
f 1760//971 1790//1008 1761//972 
f 1791//1009 1788//1006 1760//971 
f 1792//1010 1791//1009 1760//1011 
f 1787//1005 1792//1010 1760//1012 
f 1787//1005 1760//1012 1786//1004 
f 1786//1004 1793//1013 1785//1003 
f 1785//1003 1793//1014 1784//1002 
f 1784//1002 1793//1014 1743//951 
f 1784//1002 1743//951 1742//950 
f 1711//910 1733//937 1794//1015 
f 1711//910 1794//1015 1795//1016 
f 1708//906 1711//910 1795//1016 
f 1795//1016 1794//1015 1796//1017 
f 1705//902 1708//906 1797//1018 
f 1795//1016 1796//1017 1798//1019 
f 1702//898 1705//902 1797//1020 
f 1795//1016 1798//1019 1799//1021 
f 1700//895 1702//898 1800//1022 
f 1801//1023 1802//1024 1799//1021 
f 1697//891 1700//895 1800//1025 
f 1803//1026 1802//1027 1801//1023 
f 1696//889 1697//891 1804//1028 
f 1805//1029 1806//1030 1803//1026 
f 1698//892 1696//889 1804//1028 
f 1698//892 1804//1028 1807//1031 
f 1807//1031 1804//1129 1808//1032 
f 1808//1032 1804//1129 1809//1033 
f 1809//1033 1810//1034 1811//1035 
f 1810//1036 1812//1037 1811//1035 
f 1767//980 1806//1030 1805//1029 
f 1767//980 1764//977 1806//1030 
f 1764//977 1763//975 1813//1038 
f 1763//975 1762//973 1813//1039 
f 1762//973 1758//969 1813//1040 
f 1758//969 1756//965 1814//1041 
f 1756//965 1753//962 1814//1042 
f 1810//1043 1815//1044 1812//1037 
f 1753//962 1750//959 1810//1043 
f 1810//1043 1816//1045 1815//1044 
f 1750//959 1816//1045 1810//1043 
f 1750//959 1749//958 1816//1045 
f 1735//940 1736//942 1817//1046 
f 1735//940 1817//1046 1818//1049 
f 1734//938 1735//940 1818//1049 
f 1818//1049 1817//1046 1819//1048 
f 1728//930 1734//938 1818//1049 
f 1818//1131 1819//1048 1820//1050 
f 1729//931 1728//930 1821//1051 
f 1818//1131 1820//1050 1822//1052 
f 1730//933 1729//931 1821//1053 
f 1823//1054 1824//1055 1822//1052 
f 1731//935 1730//933 1821//1056 
f 1825//1057 1824//1058 1823//1054 
f 1732//936 1731//935 1826//1059 
f 1827//1060 1828//1061 1825//1057 
f 1733//937 1732//936 1826//1059 
f 1733//937 1826//1059 1794//1015 
f 1794//1015 1829//1062 1796//1017 
f 1796//1017 1829//1062 1798//1019 
f 1798//1019 1830//1063 1799//1021 
f 1830//1064 1801//1023 1799//1021 
f 1778//993 1828//1061 1827//1060 
f 1778//993 1776//991 1828//1061 
f 1776//991 1773//987 1831//1065 
f 1773//987 1772//985 1831//1066 
f 1772//985 1771//984 1831//1067 
f 1771//984 1769//982 1832//1068 
f 1769//982 1768//981 1832//1069 
f 1830//1070 1803//1026 1801//1023 
f 1768//981 1766//979 1830//1070 
f 1830//1070 1805//1029 1803//1026 
f 1766//979 1805//1029 1830//1070 
f 1766//979 1767//980 1805//1029 
f 1740//947 1718//919 1833//1071 
f 1740//947 1833//1071 1834//1072 
f 1739//945 1740//947 1834//1072 
f 1834//1072 1833//1071 1835//1073 
f 1737//943 1739//945 1834//1074 
f 1834//1075 1835//1073 1836//1076 
f 1736//942 1737//943 1834//1074 
f 1736//942 1834//1074 1817//1046 
f 1837//1077 1836//1076 1838//1078 
f 1817//1046 1839//1079 1819//1048 
f 1840//1080 1837//1081 1838//1078 
f 1819//1048 1839//1079 1820//1050 
f 1841//1082 1842//1083 1840//1080 
f 1820//1050 1843//1084 1822//1052 
f 1844//1085 1842//1086 1841//1082 
f 1843//1087 1823//1054 1822//1052 
f 1787//1005 1845//1088 1844//1085 
f 1787//1005 1783//999 1845//1088 
f 1843//1089 1825//1057 1823//1054 
f 1783//999 1781//997 1845//1090 
f 1845//1090 1827//1060 1825//1057 
f 1781//997 1779//994 1845//1090 
f 1779//994 1827//1060 1845//1090 
f 1779//994 1778//993 1827//1060 
f 1721//923 1723//925 1846//1091 
f 1721//923 1846//1091 1847//1130 
f 1720//922 1721//923 1847//1130 
f 1847//1130 1846//1091 1848//1093 
f 1719//920 1720//922 1849//1092 
f 1847//1130 1848//1093 1850//1095 
f 1718//919 1719//920 1849//1096 
f 1718//919 1849//1096 1833//1071 
f 1851//1094 1850//1095 1852//1097 
f 1833//1071 1849//1098 1835//1073 
f 1853//1099 1851//1100 1852//1097 
f 1835//1073 1854//1101 1836//1076 
f 1855//1102 1856//1103 1853//1099 
f 1836//1076 1854//1104 1838//1078 
f 1857//1105 1858//1106 1855//1102 
f 1854//1107 1840//1080 1838//1078 
f 1789//1007 1858//1106 1857//1105 
f 1789//1007 1788//1006 1858//1106 
f 1858//1108 1841//1082 1840//1080 
f 1788//1006 1791//1009 1858//1106 
f 1858//1109 1844//1085 1841//1082 
f 1791//1009 1792//1010 1858//1109 
f 1792//1010 1844//1085 1858//1109 
f 1792//1010 1787//1005 1844//1085 
f 1699//893 1698//892 1807//1031 
f 1699//893 1807//1031 1859//1110 
f 1701//896 1699//893 1859//1110 
f 1859//1110 1807//1031 1808//1032 
f 1703//899 1701//896 1860//1111 
f 1859//1110 1808//1032 1809//1033 
f 1706//903 1703//899 1860//1112 
f 1861//1113 1809//1033 1811//1035 
f 1709//907 1706//903 1862//1114 
f 1812//1037 1861//1115 1811//1035 
f 1712//911 1709//907 1862//1116 
f 1815//1044 1861//1117 1812//1037 
f 1722//924 1712//911 1863//1118 
f 1816//1045 1864//1119 1815//1044 
f 1723//925 1722//924 1863//1118 
f 1723//925 1863//1118 1846//1091 
f 1846//1091 1863//1120 1848//1093 
f 1848//1093 1863//1120 1850//1095 
f 1850//1095 1865//1121 1852//1097 
f 1865//1122 1853//1099 1852//1097 
f 1749//958 1864//1119 1816//1045 
f 1749//958 1746//955 1864//1119 
f 1746//955 1748//957 1866//1123 
f 1748//957 1752//961 1866//1124 
f 1752//961 1755//964 1866//1125 
f 1755//964 1757//968 1867//1126 
f 1757//968 1761//972 1867//1127 
f 1865//1128 1855//1102 1853//1099 
f 1761//972 1790//1008 1865//1128 
f 1865//1128 1857//1105 1855//1102 
f 1790//1008 1857//1105 1865//1128 
f 1790//1008 1789//1007 1857//1105 
f 1868//880 1869//881 1870//882 
f 1871//883 1869//881 1868//880 
f 1868//880 1870//882 1872//884 
f 1869//881 1873//885 1870//882 
f 1874//886 1872//884 1870//882 
f 1871//887 1875//888 1869//881 
f 1869//881 1875//888 1873//885 
f 1876//889 1871//890 1877//891 
f 1878//892 1871//890 1876//889 
f 1878//892 1879//893 1871//890 
f 1877//891 1872//894 1880//895 
f 1879//893 1881//896 1871//890 
f 1880//895 1872//897 1882//898 
f 1881//896 1883//899 1871//900 
f 1872//901 1884//902 1882//898 
f 1883//899 1885//903 1886//904 
f 1872//905 1887//906 1884//902 
f 1885//903 1888//907 1886//908 
f 1889//909 1890//910 1887//906 
f 1888//907 1891//911 1886//912 
f 1875//888 1892//913 1893//914 
f 1875//888 1893//914 1873//885 
f 1892//913 1894//915 1893//914 
f 1892//916 1895//917 1894//915 
f 1892//918 1896//919 1895//917 
f 1892//918 1897//920 1896//919 
f 1892//921 1898//922 1897//920 
f 1886//912 1899//923 1898//922 
f 1891//911 1900//924 1886//912 
f 1900//924 1899//923 1886//912 
f 1900//924 1901//925 1899//923 
f 1902//926 1870//882 1873//885 
f 1903//927 1902//926 1873//885 
f 1904//928 1902//926 1903//927 
f 1905//929 1874//886 1902//926 
f 1902//926 1874//886 1870//882 
f 1906//930 1907//931 1905//932 
f 1907//931 1908//933 1905//934 
f 1908//933 1909//935 1889//909 
f 1909//935 1910//936 1889//909 
f 1910//936 1890//910 1889//909 
f 1910//936 1911//937 1890//910 
f 1912//938 1906//930 1905//939 
f 1913//940 1912//938 1904//941 
f 1914//942 1913//940 1904//941 
f 1914//942 1904//941 1915//943 
f 1915//943 1904//941 1916//945 
f 1916//945 1904//946 1917//947 
f 1904//948 1903//927 1893//914 
f 1903//927 1873//885 1893//914 
f 1904//948 1893//914 1894//915 
f 1904//946 1894//915 1895//917 
f 1917//947 1904//946 1895//917 
f 1917//947 1895//917 1896//919 
f 1918//949 1919//950 1920//951 
f 1921//952 1918//949 1920//951 
f 1921//953 1922//954 1918//949 
f 1918//949 1922//954 1919//950 
f 1923//955 1921//956 1924//957 
f 1925//958 1921//956 1923//955 
f 1925//958 1926//959 1921//956 
f 1924//957 1927//960 1928//961 
f 1926//959 1929//962 1921//956 
f 1928//961 1930//963 1931//964 
f 1929//962 1932//965 1921//966 
f 1930//967 1933//968 1931//964 
f 1932//965 1934//969 1935//970 
f 1936//971 1937//972 1933//968 
f 1934//969 1938//973 1935//974 
f 1938//973 1939//975 1935//976 
f 1939//975 1940//977 1935//978 
f 1940//977 1941//979 1935//978 
f 1940//977 1942//980 1941//979 
f 1935//978 1941//979 1943//981 
f 1935//978 1943//981 1944//982 
f 1945//983 1944//982 1946//984 
f 1947//985 1945//986 1946//984 
f 1948//987 1945//988 1947//985 
f 1922//954 1949//989 1950//990 
f 1922//954 1950//990 1919//950 
f 1951//991 1952//992 1948//987 
f 1953//993 1952//992 1951//991 
f 1953//993 1954//994 1952//992 
f 1952//995 1955//996 1950//990 
f 1955//996 1919//950 1950//990 
f 1954//994 1956//997 1952//992 
f 1956//997 1957//999 1952//1000 
f 1952//1001 1958//1002 1955//996 
f 1955//996 1958//1002 1919//950 
f 1952//1001 1959//1003 1958//1002 
f 1952//1000 1960//1004 1959//1003 
f 1957//999 1960//1004 1952//1000 
f 1957//999 1961//1005 1960//1004 
f 1962//1006 1963//1007 1964//1008 
f 1962//1006 1964//1008 1936//971 
f 1936//971 1964//1008 1937//972 
f 1965//1009 1962//1006 1936//971 
f 1966//1010 1965//1009 1936//1011 
f 1961//1005 1966//1010 1936//1012 
f 1961//1005 1936//1012 1960//1004 
f 1960//1004 1927//1013 1959//1003 
f 1959//1003 1927//1014 1958//1002 
f 1958//1002 1927//1014 1920//951 
f 1958//1002 1920//951 1919//950 
f 1890//910 1911//937 1967//1015 
f 1890//910 1967//1015 1968//1016 
f 1887//906 1890//910 1968//1016 
f 1968//1016 1967//1015 1969//1017 
f 1884//902 1887//906 1970//1018 
f 1968//1016 1969//1017 1971//1019 
f 1882//898 1884//902 1970//1020 
f 1968//1016 1971//1019 1972//1021 
f 1880//895 1882//898 1970//1022 
f 1973//1023 1974//1024 1972//1021 
f 1877//891 1880//895 1970//1025 
f 1975//1026 1974//1027 1973//1023 
f 1876//889 1877//891 1976//1028 
f 1977//1029 1978//1030 1975//1026 
f 1878//892 1876//889 1976//1028 
f 1878//892 1976//1028 1979//1031 
f 1979//1031 1976//1028 1980//1032 
f 1980//1032 1976//1028 1981//1033 
f 1981//1033 1982//1034 1983//1035 
f 1982//1036 1984//1037 1983//1035 
f 1942//980 1978//1030 1977//1029 
f 1942//980 1940//977 1978//1030 
f 1940//977 1939//975 1985//1038 
f 1939//975 1938//973 1985//1039 
f 1938//973 1934//969 1985//1040 
f 1934//969 1932//965 1986//1041 
f 1932//965 1929//962 1986//1042 
f 1982//1043 1987//1044 1984//1037 
f 1929//962 1926//959 1982//1043 
f 1982//1043 1988//1045 1987//1044 
f 1926//959 1988//1045 1982//1043 
f 1926//959 1925//958 1988//1045 
f 1913//940 1914//942 1989//1046 
f 1913//940 1989//1046 1990//1047 
f 1912//938 1913//940 1990//1047 
f 1990//1047 1989//1046 1991//1048 
f 1906//930 1912//938 1992//1049 
f 1990//1047 1991//1048 1993//1050 
f 1907//931 1906//930 1992//1051 
f 1990//1047 1993//1050 1994//1052 
f 1908//933 1907//931 1995//1053 
f 1996//1054 1997//1055 1994//1052 
f 1909//935 1908//933 1995//1056 
f 1998//1057 1997//1058 1996//1054 
f 1910//936 1909//935 1995//1059 
f 1999//1060 2000//1061 1998//1057 
f 1911//937 1910//936 1995//1059 
f 1911//937 1995//1059 1967//1015 
f 1967//1015 2001//1062 1969//1017 
f 1969//1017 2001//1062 1971//1019 
f 1971//1019 2002//1063 1972//1021 
f 2002//1064 1973//1023 1972//1021 
f 1953//993 2000//1061 1999//1060 
f 1953//993 1951//991 2000//1061 
f 1951//991 1948//987 2003//1065 
f 1948//987 1947//985 2003//1066 
f 1947//985 1946//984 2003//1067 
f 1946//984 1944//982 2004//1068 
f 1944//982 1943//981 2004//1069 
f 2002//1070 1975//1026 1973//1023 
f 1943//981 1941//979 2002//1070 
f 2002//1070 1977//1029 1975//1026 
f 1941//979 1977//1029 2002//1070 
f 1941//979 1942//980 1977//1029 
f 1917//947 1896//919 2005//1071 
f 1917//947 2005//1071 2006//1072 
f 1916//945 1917//947 2006//1072 
f 2006//1072 2005//1071 2007//1073 
f 1915//943 1916//945 2006//1074 
f 2006//1075 2007//1073 2008//1076 
f 1914//942 1915//943 2006//1074 
f 1914//942 2006//1074 1989//1046 
f 2006//1077 2008//1076 2009//1078 
f 1989//1046 2010//1079 1991//1048 
f 2011//1080 2006//1081 2009//1078 
f 1991//1048 2010//1079 1993//1050 
f 2012//1082 2013//1083 2011//1080 
f 1993//1050 2014//1084 1994//1052 
f 2015//1085 2013//1086 2012//1082 
f 2014//1087 1996//1054 1994//1052 
f 1961//1005 2016//1088 2015//1085 
f 1961//1005 1957//999 2016//1088 
f 2014//1089 1998//1057 1996//1054 
f 1957//999 1956//997 2016//1090 
f 2016//1090 1999//1060 1998//1057 
f 1956//997 1954//994 2016//1090 
f 1954//994 1999//1060 2016//1090 
f 1954//994 1953//993 1999//1060 
f 1899//923 1901//925 2017//1091 
f 1899//923 2017//1091 2018//1130 
f 1898//922 1899//923 2018//1130 
f 2018//1130 2017//1091 2019//1093 
f 1897//920 1898//922 2018//1092 
f 2018//1130 2019//1093 2020//1095 
f 1896//919 1897//920 2018//1096 
f 1896//919 2018//1096 2005//1071 
f 2021//1094 2020//1095 2022//1097 
f 2005//1071 2021//1098 2007//1073 
f 2023//1099 2021//1100 2022//1097 
f 2007//1073 2021//1101 2008//1076 
f 2024//1102 2021//1103 2023//1099 
f 2008//1076 2025//1104 2009//1078 
f 2026//1105 2027//1106 2024//1102 
f 2025//1107 2011//1080 2009//1078 
f 1963//1007 2027//1106 2026//1105 
f 1963//1007 1962//1006 2027//1106 
f 2027//1108 2012//1082 2011//1080 
f 1962//1006 1965//1009 2027//1106 
f 2027//1109 2015//1085 2012//1082 
f 1965//1009 1966//1010 2027//1109 
f 1966//1010 2015//1085 2027//1109 
f 1966//1010 1961//1005 2015//1085 
f 1879//893 1878//892 1979//1031 
f 1879//893 1979//1031 2028//1110 
f 1881//896 1879//893 2028//1110 
f 2028//1110 1979//1031 1980//1032 
f 1883//899 1881//896 2028//1111 
f 2028//1110 1980//1032 1981//1033 
f 1885//903 1883//899 2028//1112 
f 2029//1113 1981//1033 1983//1035 
f 1888//907 1885//903 2030//1114 
f 1984//1037 2029//1115 1983//1035 
f 1891//911 1888//907 2030//1116 
f 1987//1044 2029//1117 1984//1037 
f 1900//924 1891//911 2031//1118 
f 1988//1045 2032//1119 1987//1044 
f 1901//925 1900//924 2031//1118 
f 1901//925 2031//1118 2017//1091 
f 2017//1091 2031//1120 2019//1093 
f 2019//1093 2031//1120 2020//1095 
f 2020//1095 2033//1121 2022//1097 
f 2033//1122 2023//1099 2022//1097 
f 1925//958 2032//1119 1988//1045 
f 1925//958 1923//955 2032//1119 
f 1923//955 1924//957 2034//1123 
f 1924//957 1928//961 2034//1124 
f 1928//961 1931//964 2034//1125 
f 1931//964 1933//968 2035//1126 
f 1933//968 1937//972 2035//1127 
f 2033//1128 2024//1102 2023//1099 
f 1937//972 1964//1008 2033//1128 
f 2033//1128 2026//1105 2024//1102 
f 1964//1008 2026//1105 2033//1128 
f 1964//1008 1963//1007 2026//1105 
f 1710//909 1708//906 1704//905 
f 1710//1132 1692//1133 1694//886 
f 1036//1132 1018//1133 1020//886 
f 1036//909 1034//906 1030//905 
f 856//909 854//906 850//905 
f 856//1132 838//1133 840//886 
f 894//957 893//956 897//960 
f 890//952 889//951 897//1134 
f 1070//952 1069//951 1118//1134 
f 1074//957 1073//956 1077//960 
f 1756//965 1759//970 1747//966 
f 1744//953 1774//1135 1745//954 
f 1539//1132 1522//1133 1524//886 
f 1539//909 1537//906 1522//905 
f 1575//957 1572//956 1578//960 
f 1572//952 1571//951 1617//1134 
f 1889//909 1887//906 1872//905 
f 1889//1132 1872//1133 1874//886 
f 1214//909 1212//906 1197//905 
f 1214//1132 1197//1133 1199//886 
f 1924//957 1921//956 1927//960 
f 1921//952 1920//951 1927//1134 
f 1249//957 1246//956 1252//960 
f 1246//952 1245//951 1252//1134 
f 1089//978 1093//982 1094//983 
f 1098//989 1094//1136 1099//990 
f 920//989 916//1136 921//990 
f 911//978 915//982 916//983 
f 1029//899 1033//904 1017//900 
f 1017//887 1039//1137 1021//888 
f 1703//899 1707//904 1691//900 
f 1691//887 1707//1137 1695//888 
f 849//899 853//904 837//900 
f 837//887 859//1137 841//888 
f 1381//909 1379//906 1364//905 
f 1381//1132 1364//1133 1366//886 
f 1774//989 1770//1136 1775//990 
f 1765//978 1769//982 1770//983 
f 1414//957 1411//956 1417//960 
f 1411//952 1410//951 1417//1134 
f 1585//978 1593//982 1594//983 
f 1598//989 1594//1136 1599//990 
f 1533//899 1536//904 1521//900 
f 1521//887 1536//1137 1525//888 
f 1949//989 1945//1136 1950//990 
f 1935//978 1944//982 1945//983 
f 1272//989 1268//1136 1273//990 
f 1259//978 1267//982 1268//983 
f 1208//899 1211//904 1196//900 
f 1196//887 1211//1137 1200//888 
f 1883//899 1886//904 1871//900 
f 1871//887 1886//1137 1875//888 
f 1081//965 1084//970 1073//966 
f 1070//953 1098//1135 1071//954 
f 902//965 905//970 893//966 
f 890//953 920//1135 891//954 
f 872//928 873//929 870//926 
f 880//938 873//939 872//941 
f 1052//928 1053//929 1050//926 
f 1060//938 1053//939 1052//941 
f 1726//928 1727//929 1724//926 
f 1734//938 1727//939 1726//941 
f 1425//989 1434//1136 1438//990 
f 1425//978 1433//982 1434//983 
f 1375//899 1378//904 1363//900 
f 1363//887 1378//1137 1367//888 
f 1023//891 1017//890 1018//894 
f 1017//890 1014//880 1018//894 
f 837//890 834//880 838//894 
f 843//891 837//890 838//894 
f 1691//890 1688//880 1692//894 
f 1697//891 1691//890 1692//894 
f 1582//965 1585//970 1572//966 
f 1572//953 1598//1135 1573//954 
f 1555//928 1556//929 1553//926 
f 1563//938 1556//939 1555//941 
f 1256//965 1259//970 1246//966 
f 1246//953 1272//1135 1247//954 
f 1932//965 1935//970 1921//966 
f 1921//953 1949//1135 1922//954 
f 1229//928 1230//929 1227//926 
f 1237//938 1230//939 1229//941 
f 1904//928 1905//929 1902//926 
f 1912//938 1905//939 1904//941 
f 1527//891 1521//890 1522//894 
f 1521//890 1518//880 1522//894 
f 1871//890 1868//880 1872//894 
f 1877//891 1871//890 1872//894 
f 1196//890 1193//880 1197//894 
f 1202//891 1196//890 1197//894 
f 1422//965 1425//970 1411//966 
f 1411//953 1425//1135 1412//954 
f 1395//928 1381//929 1393//926 
f 1402//938 1381//939 1395//941 
f 1363//890 1360//880 1364//894 
f 1369//891 1363//890 1364//894 
f 1748//957 1747//956 1751//960 
f 1744//952 1743//951 1751//1134 
f 1161//1073 1173//1098 1180//1101 
f 1181//1102 1183//1106 1179//1103 
f 1002//1102 1004//1106 1000//1103 
f 982//1073 994//1098 1001//1101 
f 1798//1019 1829//1062 1830//1063 
f 1825//1057 1828//1061 1824//1058 
f 1176//1095 1188//1120 1190//1121 
f 1140//1044 1189//1119 1186//1117 
f 1850//1095 1863//1120 1865//1121 
f 1815//1044 1864//1119 1861//1117 
f 997//1095 1009//1120 1011//1121 
f 961//1044 1010//1119 1007//1117 
f 1622//1019 1652//1062 1653//1063 
f 1648//1057 1651//1061 1647//1058 
f 1134//1033 1129//1129 1135//1034 
f 1120//1016 1124//1021 1127//1024 
f 955//1033 950//1028 956//1034 
f 941//1016 945//1021 948//1024 
f 1809//1033 1804//1129 1810//1034 
f 1795//1016 1799//1021 1802//1024 
f 1672//1095 1683//1120 1685//1121 
f 1638//1044 1684//1119 1681//1117 
f 1123//1019 1155//1062 1156//1063 
f 1143//1047 1147//1052 1150//1055 
f 944//1019 976//1062 977//1063 
f 964//1047 968//1052 971//1055 
f 2020//1095 2031//1120 2033//1121 
f 1987//1044 2032//1119 2029//1117 
f 1344//1095 1355//1120 1357//1121 
f 1311//1044 1356//1119 1353//1117 
f 1632//1033 1627//1129 1633//1034 
f 1619//1016 1623//1021 1625//1024 
f 1864//1138 2036//1139 1861//1140 
f 1706//903 1860//1112 1862//1114 
f 1010//1138 2037//1139 1007//1140 
f 852//903 1006//1112 1008//1114 
f 1189//1138 2038//1139 1186//1140 
f 1032//903 1185//1112 1187//1114 
f 1981//1033 1976//1028 1982//1034 
f 1968//1016 1972//1021 1974//1024 
f 1305//1033 1300//1129 1306//1034 
f 1292//1016 1296//1021 1298//1024 
f 1971//1019 2001//1062 2002//1063 
f 1990//1047 1994//1052 1997//1055 
f 1295//1019 1325//1062 1326//1063 
f 1314//1047 1318//1052 1321//1055 
f 2039//1141 976//1142 2040//1143 
f 917//984 979//1068 978//1067 
f 2041//1141 1155//1142 2042//1143 
f 1095//984 1158//1068 1157//1067 
f 1504//1095 1514//1120 1516//1121 
f 1474//1044 1515//1119 1512//1117 
f 1731//935 1821//1056 1826//1059 
f 1818//1131 1822//1052 1824//1055 
f 1758//969 1814//1041 1813//1040 
f 2043//1144 2044//1145 2045//1146 
f 2046//1144 2047//1145 2048//1146 
f 904//969 960//1041 959//1040 
f 2049//1144 2050//1145 2051//1146 
f 1083//969 1139//1041 1138//1040 
f 1684//1138 2052//1139 1681//1140 
f 1535//903 1680//1112 1682//1114 
f 1755//964 1867//1126 1866//1125 
f 1866//1147 1867//1148 2053//1149 
f 901//964 1013//1126 1012//1125 
f 1012//1147 1013//1148 2054//1149 
f 1191//1147 1192//1148 2055//1149 
f 1080//964 1192//1126 1191//1125 
f 2032//1138 2030//1139 2029//1140 
f 1885//903 2028//1112 2030//1114 
f 1356//1138 1354//1139 1353//1140 
f 1210//903 1352//1112 1354//1114 
f 1023//891 1125//1025 1129//1028 
f 2051//1150 1120//1151 1127//1152 
f 1697//891 1800//1025 1804//1028 
f 2045//1150 1795//1151 1802//1152 
f 843//891 946//1025 950//1028 
f 2048//1150 941//1151 948//1152 
f 1469//1033 1464//1028 1470//1034 
f 1456//1016 1460//1021 1462//1024 
f 1641//1131 1645//1052 1647//1055 
f 1560//935 1644//1056 1649//1059 
f 2056//1144 2057//1145 2058//1146 
f 1584//969 1637//1041 1636//1040 
f 973//1153 2059//1154 2040//1155 
f 875//931 966//1051 969//1053 
f 1152//1153 2060//1154 2042//1155 
f 1055//931 1145//1051 1148//1053 
f 1686//1147 1687//1148 2061//1149 
f 1581//964 1687//1126 1686//1125 
f 2002//1141 2001//1142 2062//1143 
f 1946//984 2004//1068 2003//1067 
f 1326//1141 1325//1142 2063//1143 
f 1269//984 1328//1068 1327//1067 
f 1171//1090 1151//1057 1169//1089 
f 1166//1080 1168//1083 1163//1081 
f 987//1080 989//1083 984//1081 
f 992//1090 972//1057 990//1089 
f 1840//1080 1842//1083 1837//1081 
f 1845//1090 1825//1057 1843//1089 
f 1459//1019 1488//1062 1489//1063 
f 1477//1047 1481//1052 1484//1055 
f 1771//984 1832//1068 1831//1067 
f 1831//1156 2064//1141 2065//1157 
f 1858//1108 1840//1080 1854//1107 
f 1855//1102 1858//1106 1856//1103 
f 2066//1144 2067//1145 2068//1146 
f 1934//969 1986//1041 1985//1040 
f 1258//969 1310//1041 1309//1040 
f 2069//1144 2070//1145 2071//1146 
f 1255//964 1359//1126 1358//1125 
f 1358//1147 1359//1148 2072//1149 
f 1931//964 2035//1126 2034//1125 
f 2034//1147 2035//1148 2073//1149 
f 1151//1057 1154//1061 1150//1058 
f 1157//1156 2041//1141 2074//1157 
f 972//1057 975//1061 971//1058 
f 978//1156 2039//1141 2075//1157 
f 1527//891 1621//1025 1627//1028 
f 2058//1150 1619//1151 1625//1152 
f 2064//1141 1829//1142 2065//1143 
f 1826//1153 2076//1154 2065//1155 
f 1515//1138 1513//1139 1512//1140 
f 1377//903 1511//1112 1513//1114 
f 1202//891 1294//1025 1300//1028 
f 2071//1150 1292//1151 1298//1152 
f 1668//1090 1648//1057 1666//1089 
f 1663//1080 1665//1083 1660//1081 
f 1712//911 1862//1116 1863//1118 
f 2077//1158 1862//1159 2078//1160 
f 1038//911 1187//1116 1188//1118 
f 2079//1158 1187//1159 2080//1160 
f 2081//1158 1008//1159 2082//1160 
f 858//911 1008//1116 1009//1118 
f 1595//984 1655//1068 1654//1067 
f 1654//1156 2083//1141 2084//1157 
f 1676//1102 1679//1106 1673//1103 
f 1659//1076 1673//1101 1677//1104 
f 1995//1153 1992//1154 2062//1155 
f 1907//931 1992//1051 1995//1053 
f 1232//931 1316//1051 1319//1053 
f 1319//1153 1316//1154 2063//1155 
f 2011//1080 2013//1083 2006//1081 
f 2016//1090 1998//1057 2014//1089 
f 1335//1080 1337//1083 1330//1081 
f 1340//1090 1322//1057 1338//1089 
f 1877//891 1970//1025 1976//1028 
f 2068//1150 1968//1151 1974//1152 
f 1489//1141 1488//1142 2085//1143 
f 1435//984 1490//1068 1487//1067 
f 2083//1141 1652//1142 2084//1143 
f 1649//1153 2086//1154 2084//1155 
f 2024//1102 2027//1106 2021//1103 
f 2008//1076 2021//1101 2025//1104 
f 1332//1076 1345//1101 1349//1104 
f 1348//1102 1351//1106 1345//1103 
f 1466//1144 2087//1145 2088//1146 
f 1424//969 1470//1041 1473//1040 
f 1835//1073 1849//1098 1854//1101 
f 1847//1130 1850//1095 1851//1094 
f 1998//1057 2000//1061 1997//1058 
f 2003//1156 2002//1141 2062//1157 
f 1322//1057 1324//1061 1321//1058 
f 1327//1156 1326//1141 2063//1157 
f 1421//964 1516//1126 1517//1125 
f 1517//1147 1516//1148 2089//1149 
f 1541//911 1682//1116 1683//1118 
f 2061//1158 1682//1159 2090//1160 
f 1168//1083 1165//1161 1163//1081 
f 1142//1046 1160//1074 1165//1079 
f 1842//1083 1839//1161 1837//1081 
f 1817//1046 1834//1074 1839//1079 
f 963//1046 981//1074 986//1079 
f 989//1083 986//1161 984//1081 
f 959//1162 2047//1145 2046//1144 
f 910//977 959//1038 952//1030 
f 1088//977 1138//1038 1131//1030 
f 1138//1162 2050//1145 2049//1144 
f 1813//1162 2044//1145 2043//1144 
f 1764//977 1813//1038 1806//1030 
f 1183//1108 1166//1080 1180//1107 
f 1183//1106 1180//1163 1179//1103 
f 1004//1106 1001//1163 1000//1103 
f 1004//1108 987//1080 1001//1107 
f 2073//1158 2030//1159 2091//1160 
f 1891//911 2030//1116 2031//1118 
f 1216//911 1354//1116 1355//1118 
f 2072//1158 1354//1159 2092//1160 
f 940//1015 973//1059 976//1062 
f 973//1164 2040//1155 976//1165 
f 1152//1164 2042//1155 1155//1165 
f 1119//1015 1152//1059 1155//1062 
f 1804//1129 2044//1166 1810//1034 
f 1813//1162 1814//1167 2044//1145 
f 1129//1129 2050//1166 1135//1034 
f 1138//1162 1139//1167 2050//1145 
f 950//1028 2047//1166 956//1034 
f 959//1162 960//1167 2047//1145 
f 1482//1153 1479//1154 2085//1155 
f 1397//931 1479//1051 1482//1053 
f 932//1004 906//1012 939//1013 
f 898//961 897//960 900//963 
f 1752//961 1751//960 1754//963 
f 1786//1004 1760//1012 1793//1013 
f 1497//1080 1499//1083 1492//1081 
f 1499//1090 1485//1057 1496//1089 
f 1369//891 1458//1025 1464//1028 
f 2088//1150 1456//1151 1462//1152 
f 1188//1120 2055//1168 1190//1121 
f 1188//1169 1187//1159 2079//1158 
f 1863//1169 1862//1159 2077//1158 
f 1863//1120 2053//1168 1865//1121 
f 1009//1169 1008//1159 2081//1158 
f 1009//1120 2054//1168 1011//1121 
f 1665//1083 1662//1161 1660//1081 
f 1640//1046 1657//1074 1662//1079 
f 2059//1170 971//1171 2040//1172 
f 975//1173 2075//1174 971//1175 
f 1154//1173 2074//1174 1150//1175 
f 2060//1170 1150//1171 2042//1172 
f 1828//1173 2065//1174 1824//1175 
f 2093//1170 1824//1171 2065//1172 
f 1589//977 1636//1038 1629//1030 
f 1636//1162 2057//1145 2056//1144 
f 1097//987 1101//992 1094//988 
f 1101//995 1099//990 1094//1136 
f 1777//995 1775//990 1770//1136 
f 1773//987 1777//992 1770//988 
f 923//995 921//990 916//1136 
f 919//987 923//992 916//988 
f 1485//1057 1487//1065 1484//1058 
f 1487//1156 1489//1141 2085//1157 
f 1128//1026 1131//1030 1127//1027 
f 2051//1150 1127//1152 2049//1176 
f 949//1026 952//1030 948//1027 
f 2048//1150 948//1152 2046//1176 
f 1803//1026 1806//1030 1802//1027 
f 2045//1150 1802//1152 2043//1176 
f 1866//1147 2053//1149 2078//1177 
f 1746//955 1866//1123 1864//1119 
f 1072//955 1191//1123 1189//1119 
f 1191//1147 2055//1149 2080//1177 
f 1012//1147 2054//1149 2082//1177 
f 892//955 1012//1123 1010//1119 
f 1337//1083 1334//1161 1330//1081 
f 1313//1046 1330//1074 1334//1079 
f 1989//1046 2006//1074 2010//1079 
f 2013//1083 2010//1161 2006//1081 
f 1508//1102 1510//1106 1507//1103 
f 1510//1108 1497//1080 1507//1107 
f 1859//1110 1809//1033 1861//1113 
f 2036//1178 1859//1179 1861//1140 
f 2037//1178 1005//1179 1007//1140 
f 1005//1110 955//1033 1007//1113 
f 1184//1110 1134//1033 1186//1113 
f 2038//1178 1184//1179 1186//1140 
f 1728//930 1818//1049 1821//1051 
f 2093//1180 1818//1131 1824//1055 
f 946//1181 941//1151 2048//1150 
f 854//906 941//1016 943//1018 
f 1708//906 1795//1016 1797//1018 
f 1800//1181 1795//1151 2045//1150 
f 1034//906 1120//1016 1122//1018 
f 1125//1181 1120//1151 2051//1150 
f 1627//1129 2057//1166 1633//1034 
f 1636//1162 1637//1167 2057//1145 
f 1985//1162 2067//1145 2066//1144 
f 1940//977 1985//1038 1978//1030 
f 1309//1162 2070//1145 2069//1144 
f 1263//977 1309//1038 1302//1030 
f 1115//1011 1085//972 1077//971 
f 1109//1003 1115//1013 1118//1014 
f 1804//1182 1800//1183 2045//1184 
f 1804//1185 2045//1186 2044//1187 
f 1129//1185 2051//1186 2050//1187 
f 1129//1182 1125//1183 2051//1184 
f 950//1182 946//1183 2048//1184 
f 950//1185 2048//1186 2047//1187 
f 1967//1015 1995//1059 2001//1062 
f 1995//1164 2062//1155 2001//1165 
f 1291//1015 1319//1059 1325//1062 
f 1319//1164 2063//1155 1325//1165 
f 978//1156 979//1188 2039//1141 
f 914//981 977//1070 979//1069 
f 1092//981 1156//1070 1158//1069 
f 1157//1156 1158//1188 2041//1141 
f 1831//1156 1832//1188 2064//1141 
f 1768//981 1830//1070 1832//1069 
f 1173//1092 1174//1093 1175//1094 
f 1173//1098 1175//1189 1180//1101 
f 994//1098 996//1189 1001//1101 
f 994//1092 995//1093 996//1094 
f 1683//1120 2061//1168 1685//1121 
f 1683//1169 1682//1159 2061//1158 
f 2089//1158 1513//1159 1515//1160 
f 1383//911 1513//1116 1514//1118 
f 880//938 964//1047 966//1049 
f 2059//1170 964//1180 971//1171 
f 1060//938 1143//1047 1145//1049 
f 2060//1170 1143//1180 1150//1171 
f 1651//1173 2084//1174 1647//1175 
f 2086//1170 1647//1171 2084//1172 
f 1300//1129 2070//1166 1306//1034 
f 1309//1162 1310//1167 2070//1145 
f 1976//1028 2067//1166 1982//1034 
f 1985//1162 1986//1167 2067//1145 
f 1849//1098 1851//1189 1854//1101 
f 1858//1190 1854//1107 1856//1163 
f 1707//1137 1714//913 1695//888 
f 1713//912 1720//922 1714//921 
f 859//916 863//918 862//917 
f 858//911 863//921 853//912 
f 1038//911 1043//921 1033//912 
f 1039//916 1043//918 1042//917 
f 1960//1004 1936//1012 1927//1013 
f 1928//961 1927//960 1930//963 
f 1597//987 1601//992 1594//988 
f 1601//995 1599//990 1594//1136 
f 1626//1026 1629//1030 1625//1027 
f 2058//1150 1625//1152 2056//1176 
f 2031//1169 2030//1159 2073//1158 
f 2031//1120 2073//1168 2033//1121 
f 1355//1169 1354//1159 2072//1158 
f 1355//1120 2072//1168 1357//1121 
f 1574//955 1686//1123 1684//1119 
f 1686//1147 2061//1149 2090//1177 
f 1324//1173 2063//1174 1321//1175 
f 1316//1170 1321//1171 2063//1172 
f 1992//1170 1997//1171 2062//1172 
f 2000//1173 2062//1174 1997//1175 
f 1680//1110 1632//1033 1681//1113 
f 2052//1178 1680//1179 1681//1140 
f 1557//930 1641//1049 1644//1051 
f 2086//1180 1641//1131 1647//1055 
f 1053//929 1036//1132 1020//886 
f 1056//933 1036//909 1053//934 
f 1730//933 1710//909 1727//934 
f 1727//929 1710//1132 1694//886 
f 873//929 856//1132 840//886 
f 876//933 856//909 873//934 
f 893//966 905//970 920//1135 
f 920//1191 911//978 916//983 
f 1747//966 1759//970 1774//1135 
f 1774//1191 1765//978 1770//983 
f 1073//966 1084//970 1098//1135 
f 1098//1191 1089//978 1094//983 
f 1537//906 1619//1016 1621//1018 
f 1621//1181 1619//1151 2058//1150 
f 1948//987 1952//992 1945//988 
f 1952//995 1950//990 1945//1136 
f 1275//995 1273//990 1268//1136 
f 1271//987 1275//992 1268//988 
f 1614//1011 1586//972 1578//971 
f 1608//1003 1614//1013 1617//1014 
f 1975//1026 1978//1030 1974//1027 
f 2068//1150 1974//1152 2066//1176 
f 1299//1026 1302//1030 1298//1027 
f 2071//1150 1298//1152 2069//1176 
f 967//1050 986//1079 990//1084 
f 989//1192 990//1084 986//1161 
f 1168//1192 1169//1084 1165//1161 
f 1146//1050 1165//1079 1169//1084 
f 1820//1050 1839//1079 1843//1084 
f 1842//1192 1843//1084 1839//1161 
f 1627//1185 2058//1186 2057//1187 
f 1627//1182 1621//1183 2058//1184 
f 1358//1147 2072//1149 2092//1177 
f 1248//955 1358//1123 1356//1119 
f 2034//1147 2073//1149 2091//1177 
f 1923//955 2034//1123 2032//1119 
f 1776//991 1831//1065 1828//1061 
f 1828//1193 1831//1156 2065//1157 
f 1100//991 1157//1065 1154//1061 
f 1154//1193 1157//1156 2074//1157 
f 922//991 978//1065 975//1061 
f 975//1193 978//1156 2075//1157 
f 1670//1130 1672//1095 1673//1094 
f 1656//1071 1670//1096 1673//1098 
f 1592//981 1653//1070 1655//1069 
f 1654//1156 1655//1188 2083//1141 
f 2030//1178 2028//1179 2029//1140 
f 2028//1110 1981//1033 2029//1113 
f 1352//1110 1305//1033 1353//1113 
f 1354//1178 1352//1179 1353//1140 
f 1866//1123 2078//1194 1864//1195 
f 1864//1138 2078//1196 2036//1139 
f 1191//1123 2080//1194 1189//1195 
f 1189//1138 2080//1196 2038//1139 
f 1012//1123 2082//1194 1010//1195 
f 1010//1138 2082//1196 2037//1139 
f 1131//1197 1138//1162 2049//1144 
f 1131//1198 2049//1199 1127//1200 
f 952//1198 2046//1199 948//1200 
f 952//1197 959//1162 2046//1144 
f 1806//1197 1813//1162 2043//1144 
f 1806//1198 2043//1199 1802//1200 
f 1476//1046 1492//1074 1496//1079 
f 1499//1083 1496//1161 1492//1081 
f 1502//1094 1505//1097 1507//1100 
f 1493//1073 1502//1098 1507//1101 
f 1679//1108 1663//1080 1677//1107 
f 1679//1106 1677//1163 1673//1103 
f 1212//906 1292//1016 1294//1018 
f 1294//1181 1292//1151 2071//1150 
f 1192//1201 1190//1122 2055//1202 
f 1085//972 1190//1128 1192//1127 
f 1761//972 1865//1128 1867//1127 
f 1867//1201 1865//1122 2053//1202 
f 907//972 1011//1128 1013//1127 
f 1013//1201 1011//1122 2054//1202 
f 1814//1203 1810//1036 2044//1204 
f 1753//962 1810//1043 1814//1042 
f 1079//962 1135//1043 1139//1042 
f 1139//1203 1135//1036 2050//1204 
f 899//962 956//1043 960//1042 
f 960//1203 956//1036 2047//1204 
f 1536//1137 1543//913 1525//888 
f 1542//912 1549//922 1543//921 
f 1282//1003 1288//1013 1252//1014 
f 1288//1011 1260//972 1252//971 
f 1473//1162 2087//1145 1466//1144 
f 1429//977 1473//1038 1466//1030 
f 1821//1056 2076//1205 1826//1153 
f 1821//1051 1818//1049 2093//1206 
f 1976//1185 2068//1186 2067//1187 
f 1976//1182 1970//1183 2068//1184 
f 1300//1182 1294//1183 2071//1184 
f 1300//1185 2071//1186 2070//1187 
f 1760//971 1757//968 1754//967 
f 1760//1012 1754//1207 1793//1013 
f 906//971 903//968 900//967 
f 906//1012 900//1207 939//1013 
f 1970//1181 1968//1151 2068//1150 
f 1887//906 1968//1016 1970//1018 
f 2005//1071 2018//1096 2021//1098 
f 2018//1130 2020//1095 2021//1094 
f 1342//1130 1344//1095 1345//1094 
f 1329//1071 1342//1096 1345//1098 
f 1943//981 2002//1070 2004//1069 
f 2003//1156 2004//1188 2002//1141 
f 1327//1156 1328//1188 1326//1141 
f 1266//981 1326//1070 1328//1069 
f 1455//1015 1482//1059 1488//1062 
f 1482//1164 2085//1155 1488//1165 
f 1912//938 1990//1047 1992//1049 
f 1992//1170 1990//1180 1997//1171 
f 1237//938 1314//1047 1316//1049 
f 1316//1170 1314//1180 1321//1171 
f 1351//1106 1349//1163 1345//1103 
f 1351//1108 1335//1080 1349//1107 
f 2027//1106 2025//1163 2021//1103 
f 2027//1108 2011//1080 2025//1107 
f 1556//929 1539//1132 1524//886 
f 1559//933 1539//909 1556//934 
f 1886//1137 1892//913 1875//888 
f 1886//912 1898//922 1892//921 
f 1211//916 1220//918 1219//917 
f 1216//911 1220//921 1211//912 
f 1170//1085 1171//1088 1168//1086 
f 1171//1090 1169//1089 1168//1208 
f 1844//1085 1845//1088 1842//1086 
f 1845//1090 1843//1089 1842//1208 
f 992//1090 990//1089 989//1208 
f 991//1085 992//1088 989//1086 
f 1572//966 1585//970 1598//1135 
f 1598//1191 1585//978 1594//983 
f 1464//1028 2087//1166 1470//1034 
f 1473//1162 1470//1167 2087//1145 
f 1115//1011 1077//971 1118//1207 
f 1077//960 1070//952 1118//1134 
f 1794//1015 1826//1059 1829//1062 
f 1826//1164 2065//1155 1829//1165 
f 1448//1004 1420//1012 1417//1013 
f 1418//961 1417//960 1420//963 
f 1707//908 1713//912 1714//1209 
f 1709//907 1713//912 1707//908 
f 1834//1075 1836//1076 1837//1077 
f 1834//1210 1837//1077 1839//1211 
f 981//1075 983//1076 984//1077 
f 981//1210 984//1077 986//1211 
f 1160//1075 1162//1076 1163//1077 
f 1160//1210 1163//1077 1165//1211 
f 1643//1050 1662//1079 1666//1084 
f 1665//1192 1666//1084 1662//1161 
f 1600//991 1654//1065 1651//1061 
f 1651//1193 1654//1156 2084//1157 
f 1187//1159 2038//1139 2080//1160 
f 1187//1212 1184//1179 2038//1178 
f 1008//1159 2037//1139 2082//1160 
f 1008//1212 1005//1179 2037//1178 
f 1862//1212 1859//1179 2036//1178 
f 1862//1159 2036//1139 2078//1160 
f 1514//1169 1513//1159 2089//1158 
f 1514//1120 2089//1168 1516//1121 
f 1233//933 1214//909 1230//934 
f 1230//929 1214//1132 1199//886 
f 1905//929 1889//1132 1874//886 
f 1908//933 1889//909 1905//934 
f 1686//1123 2090//1194 1684//1195 
f 1684//1138 2090//1196 2052//1139 
f 1629//1197 1636//1162 2056//1144 
f 1629//1198 2056//1199 1625//1200 
f 1158//1213 1156//1064 2041//1214 
f 2041//1214 1156//1063 1155//1142 
f 979//1213 977//1064 2039//1214 
f 2039//1214 977//1063 976//1142 
f 2064//1214 1830//1063 1829//1142 
f 1832//1213 1830//1064 2064//1214 
f 1479//1170 1484//1171 2085//1172 
f 1487//1173 2085//1174 1484//1175 
f 1921//966 1935//970 1949//1135 
f 1949//1191 1935//978 1945//983 
f 1246//966 1259//970 1272//1135 
f 1272//1191 1259//978 1268//983 
f 1687//1201 1685//1122 2061//1202 
f 1586//972 1685//1128 1687//1127 
f 1580//962 1633//1043 1637//1042 
f 1637//1203 1633//1036 2057//1204 
f 1720//922 1847//1130 1849//1092 
f 1849//1215 1847//1130 1851//1094 
f 1702//898 1797//1020 1800//1022 
f 1797//1020 1795//1216 1800//1181 
f 848//898 943//1020 946//1022 
f 943//1020 941//1216 946//1181 
f 1028//898 1122//1020 1125//1022 
f 1122//1020 1120//1216 1125//1181 
f 1437//987 1440//992 1434//988 
f 1440//995 1438//990 1434//1136 
f 1017//900 1033//904 1039//1137 
f 1033//912 1043//921 1039//1209 
f 837//900 853//904 859//1137 
f 853//912 863//921 859//1209 
f 973//1153 966//1205 2059//1154 
f 966//1217 964//1180 2059//1170 
f 1145//1217 1143//1180 2060//1170 
f 1152//1153 1145//1205 2060//1154 
f 1317//1050 1334//1079 1338//1084 
f 1337//1192 1338//1084 1334//1161 
f 1993//1050 2010//1079 2014//1084 
f 2013//1192 2014//1084 2010//1161 
f 1644//1056 2086//1205 1649//1153 
f 1644//1051 1641//1049 2086//1206 
f 1006//1112 1005//1218 1008//1212 
f 847//896 1005//1110 1006//1111 
f 1701//896 1859//1110 1860//1111 
f 1860//1112 1859//1218 1862//1212 
f 1027//896 1184//1110 1185//1111 
f 1185//1112 1184//1218 1187//1212 
f 877//935 969//1056 973//1059 
f 969//1056 966//1205 973//1153 
f 1148//1056 1145//1205 1152//1153 
f 1057//935 1148//1056 1152//1059 
f 1274//991 1327//1065 1324//1061 
f 1324//1193 1327//1156 2063//1157 
f 1951//991 2003//1065 2000//1061 
f 2000//1193 2003//1156 2062//1157 
f 1463//1026 1466//1030 1462//1027 
f 2088//1150 1462//1152 1466//1176 
f 1517//1147 2089//1149 1515//1177 
f 1413//955 1517//1123 1515//1119 
f 2034//1123 2091//1194 2032//1195 
f 2032//1138 2091//1196 2030//1139 
f 1358//1123 2092//1194 1356//1195 
f 1356//1138 2092//1196 1354//1139 
f 1978//1198 2066//1199 1974//1200 
f 1978//1197 1985//1162 2066//1144 
f 1302//1197 1309//1162 2069//1144 
f 1302//1198 2069//1199 1298//1200 
f 1513//1178 1511//1179 1512//1140 
f 1511//1110 1469//1033 1512//1113 
f 1084//976 1089//978 1098//1191 
f 1087//975 1089//978 1084//976 
f 905//976 911//978 920//1191 
f 909//975 911//978 905//976 
f 1759//976 1765//978 1774//1191 
f 1763//975 1765//978 1759//976 
f 1260//972 1357//1128 1359//1127 
f 1359//1201 1357//1122 2072//1202 
f 1937//972 2033//1128 2035//1127 
f 2035//1201 2033//1122 2073//1202 
f 1310//1203 1306//1036 2070//1204 
f 1254//962 1306//1043 1310//1042 
f 1929//962 1982//1043 1986//1042 
f 1986//1203 1982//1036 2067//1204 
f 1175//1189 1179//1100 1180//1219 
f 1175//1094 1177//1097 1179//1100 
f 996//1094 998//1097 1000//1100 
f 996//1189 1000//1100 1001//1219 
f 1667//1085 1668//1088 1665//1086 
f 1668//1090 1666//1089 1665//1208 
f 1030//901 1028//898 1018//897 
f 1036//1220 1030//901 1018//1133 
f 1704//901 1702//898 1692//897 
f 1710//1220 1704//901 1692//1133 
f 850//901 848//898 838//897 
f 856//1220 850//901 838//1133 
f 1614//1011 1578//971 1617//1207 
f 1578//960 1572//952 1617//1134 
f 1649//1164 2084//1155 1652//1165 
f 1618//1015 1649//1059 1652//1062 
f 1073//966 1098//1135 1070//953 
f 1073//956 1070//952 1077//960 
f 893//956 890//952 897//960 
f 893//966 920//1135 890//953 
f 1747//966 1774//1135 1744//953 
f 1747//956 1744//952 1751//960 
f 1103//994 1106//998 1101//992 
f 1101//1221 1106//1001 1104//996 
f 923//1221 928//1001 926//996 
f 925//994 928//998 923//992 
f 1777//1221 1782//1001 1780//996 
f 1779//994 1782//998 1777//992 
f 1063//943 1052//941 1064//944 
f 1052//1222 1051//927 1064//948 
f 1726//1222 1725//927 1738//948 
f 1737//943 1726//941 1738//944 
f 883//943 872//941 884//944 
f 872//1222 871//927 884//948 
f 1009//1223 2081//1158 2054//1224 
f 2082//1177 2054//1149 2081//1225 
f 1863//1223 2077//1158 2053//1224 
f 2078//1177 2053//1149 2077//1225 
f 1188//1223 2079//1158 2055//1224 
f 2080//1177 2055//1149 2079//1225 
f 1936//971 1933//968 1930//967 
f 1936//1012 1930//1207 1927//1013 
f 1821//1053 2093//1217 2076//1205 
f 2076//1154 2093//1170 2065//1172 
f 1538//907 1542//912 1536//908 
f 1536//908 1542//912 1543//1209 
f 1657//1075 1659//1076 1660//1077 
f 1657//1210 1660//1077 1662//1211 
f 1464//1182 1458//1183 2088//1184 
f 1464//1185 2088//1186 2087//1187 
f 1458//1181 1456//1151 2088//1150 
f 1379//906 1456//1016 1458//1018 
f 1432//981 1489//1070 1490//1069 
f 1487//1156 1490//1188 1489//1141 
f 1856//1163 1854//1104 1851//1219 
f 1853//1099 1856//1103 1851//1100 
f 1682//1159 2052//1139 2090//1160 
f 1682//1212 1680//1179 2052//1178 
f 939//1014 900//1226 897//1134 
f 939//1014 897//1134 889//951 
f 1793//1014 1751//1134 1743//951 
f 1793//1014 1754//1226 1751//1134 
f 1655//1213 1653//1064 2083//1214 
f 2083//1214 1653//1063 1652//1142 
f 1402//938 1477//1047 1479//1049 
f 1479//1170 1477//1180 1484//1171 
f 2016//1090 2014//1089 2013//1208 
f 2015//1085 2016//1088 2013//1086 
f 1339//1085 1340//1088 1337//1086 
f 1340//1090 1338//1089 1337//1208 
f 2074//1157 2041//1141 2042//1143 
f 1150//1175 2074//1174 2042//1172 
f 971//1175 2075//1174 2040//1172 
f 2075//1157 2039//1141 2040//1143 
# 0 polygons - 2492 triangles

