# 3ds Max Wavefront OBJ Exporter v0.99 - (c)2007 guruware
# File Created: 18.07.2026 21:12:24

#
# object Group22992
#

v  0.0000 137.6866 -0.0000
v  0.0000 137.6866 -12.8472
v  -2.5064 137.6866 -12.6003
v  -4.9164 137.6866 -11.8692
v  -7.1375 137.6866 -10.6820
v  -9.0843 137.6866 -9.0843
v  -10.6820 137.6866 -7.1375
v  -11.8692 137.6866 -4.9164
v  -12.6003 137.6866 -2.5064
v  -12.8471 137.6866 -0.0000
v  -12.6003 137.6866 2.5063
v  -11.8692 137.6866 4.9164
v  -10.6820 137.6866 7.1375
v  -9.0843 137.6866 9.0843
v  -7.1375 137.6866 10.6820
v  -4.9164 137.6866 11.8692
v  -2.5063 137.6866 12.6002
v  0.0000 137.6866 12.8471
v  2.5064 137.6866 12.6002
v  4.9164 137.6866 11.8692
v  7.1375 137.6866 10.6820
v  9.0843 137.6866 9.0843
v  10.6820 137.6866 7.1375
v  11.8692 137.6866 4.9164
v  12.6003 137.6866 2.5063
v  12.8471 137.6866 -0.0000
v  12.6003 137.6866 -2.5064
v  11.8692 137.6866 -4.9164
v  10.6820 137.6866 -7.1375
v  9.0843 137.6866 -9.0843
v  7.1375 137.6866 -10.6820
v  4.9164 137.6866 -11.8692
v  2.5063 137.6866 -12.6003
v  0.1228 0.1199 -16.4116
v  0.1137 -1.8944 -0.0462
v  -3.0920 -0.0882 -16.2587
v  -6.2466 -0.3012 -15.4759
v  -9.2154 -0.5106 -14.0748
v  -11.8726 -0.7072 -12.0929
v  -14.0984 -0.8815 -9.5960
v  -15.7863 -1.0246 -6.6774
v  -16.8503 -1.1287 -3.4559
v  -17.2329 -1.1880 -0.0701
v  -16.9104 -1.1989 3.3289
v  -15.8956 -1.1609 6.5875
v  -14.2377 -1.0763 9.5598
v  -12.0181 -0.9501 12.1175
v  -9.3437 -0.7892 14.1566
v  -6.3386 -0.6021 15.6027
v  -3.1357 -0.3982 16.4120
v  0.1310 -0.1867 16.5708
v  3.3332 0.0235 16.0922
v  6.3523 0.2247 15.0130
v  9.0830 0.4099 13.3892
v  11.4352 0.5736 11.2924
v  13.3349 0.7113 8.8060
v  14.7250 0.8196 6.0226
v  15.5654 0.8961 3.0408
v  15.8335 0.9391 -0.0370
v  15.5232 0.9477 -3.1072
v  14.6459 0.9218 -6.0668
v  13.2293 0.8617 -8.8162
v  11.3173 0.7685 -11.2608
v  8.9694 0.6442 -13.3137
v  6.2601 0.4918 -14.8975
v  3.2775 0.3154 -15.9469
v  0.0000 128.1974 -12.8472
v  4.9164 128.1974 -11.8692
v  0.0000 118.7081 -12.8472
v  4.9164 118.7081 -11.8692
v  0.0000 109.2188 -12.9761
v  4.9531 109.2188 -11.9578
v  0.0000 99.7296 -13.3493
v  5.0824 99.7296 -12.2701
v  0.0000 90.2430 -13.8322
v  11.8692 128.1974 -4.9164
v  5.2561 90.2421 -12.6893
v  0.0052 80.7782 -14.3632
v  5.4475 80.7731 -13.1439
v  0.0170 71.3329 -15.0500
v  8.2279 71.3195 -12.3008
v  0.0368 61.8867 -15.9529
v  8.6563 61.8642 -12.9269
v  0.0717 52.4193 -17.1080
v  3.3558 52.4094 -16.5677
v  0.1109 42.8930 -18.2022
v  6.8556 42.8809 -16.3584
v  0.1426 33.3035 -19.0096
v  7.1657 33.3054 -17.0477
v  0.1577 23.6824 -19.3907
v  7.3140 23.7018 -17.3770
v  0.1511 13.9136 -19.2825
v  7.2740 13.9741 -17.2931
v  13.0276 14.0167 -12.9549
v  16.7747 14.0401 -6.9449
v  18.1261 14.0443 -0.0411
v  16.9253 14.0292 6.9217
v  13.2521 13.9945 13.0830
v  7.4483 13.9407 17.5932
v  0.1607 13.8710 19.6807
v  -7.6246 13.7937 18.7833
v  -14.6251 13.7233 14.7541
v  -19.4774 13.6774 8.0770
v  -20.6220 13.6810 -4.2281
v  -17.1120 13.7303 -11.6492
v  -11.0470 13.8017 -16.8805
v  -3.6512 13.8780 -19.2327
v  -3.6669 23.6713 -19.3493
v  -3.6068 33.3026 -18.9620
v  -7.0423 42.9080 -17.3640
v  -6.6331 52.4422 -16.2540
v  -6.1878 61.9075 -15.0669
v  -5.8183 71.3454 -14.1050
v  -5.5487 80.7853 -13.4159
v  -5.3349 90.2445 -12.8795
v  -5.1381 99.7296 -12.4046
v  -4.9811 109.2188 -12.0255
v  -4.9164 118.7081 -11.8692
v  -7.1375 128.1974 -10.6820
v  -11.8692 128.1974 -4.9164
v  -12.6003 128.1974 2.5063
v  -9.0843 128.1974 9.0843
v  -2.5063 128.1974 12.6002
v  11.8692 128.1974 4.9164
v  7.1375 128.1974 10.6820
v  18.8385 270.1659 -0.0001
v  14.9388 269.9452 -12.8472
v  12.5846 269.9157 -12.6003
v  10.4168 269.8925 -11.8692
v  8.5245 269.8762 -10.6820
v  6.9859 269.8674 -9.0843
v  5.8638 269.8666 -7.1375
v  5.2029 269.8745 -4.9164
v  5.0276 269.8911 -2.5064
v  5.3403 269.9164 -0.0001
v  6.1218 269.9498 2.5063
v  7.3346 269.9907 4.9163
v  8.9241 270.0376 7.1374
v  10.8230 270.0883 9.0842
v  12.9560 270.1407 10.6819
v  15.2415 270.1920 11.8691
v  17.5960 270.2397 12.6002
v  19.9355 270.2816 12.8471
v  22.1771 270.3153 12.6002
v  24.2420 270.3397 11.8691
v  26.0565 270.3538 10.6819
v  27.5537 270.3572 9.0842
v  28.6773 270.3505 7.1374
v  29.3823 270.3340 4.9163
v  29.6383 270.3091 2.5063
v  29.4311 270.2769 -0.0001
v  28.7630 270.2389 -2.5064
v  27.6548 270.1968 -4.9164
v  26.1446 270.1522 -7.1375
v  24.2870 270.1068 -9.0843
v  22.1514 270.0620 -10.6820
v  19.8200 270.0193 -11.8692
v  17.3835 269.9801 -12.6003
v  0.0000 136.7228 -12.8472
v  0.0000 136.7228 -0.0000
v  -2.5064 136.7228 -12.6003
v  -4.9164 136.7228 -11.8692
v  -7.1375 136.7228 -10.6820
v  -9.0843 136.7228 -9.0843
v  -10.6820 136.7228 -7.1375
v  -11.8692 136.7228 -4.9164
v  -12.6003 136.7228 -2.5064
v  -12.8471 136.7228 -0.0000
v  -12.6003 136.7228 2.5063
v  -11.8692 136.7228 4.9164
v  -10.6820 136.7228 7.1375
v  -9.0843 136.7228 9.0843
v  -7.1375 136.7228 10.6820
v  -4.9164 136.7228 11.8692
v  -2.5063 136.7228 12.6002
v  0.0000 136.7228 12.8471
v  2.5064 136.7228 12.6002
v  4.9164 136.7228 11.8692
v  7.1375 136.7228 10.6820
v  9.0843 136.7228 9.0843
v  10.6820 136.7228 7.1375
v  11.8692 136.7228 4.9164
v  12.6003 136.7228 2.5063
v  12.8471 136.7228 -0.0000
v  12.6003 136.7228 -2.5064
v  11.8692 136.7228 -4.9164
v  10.6820 136.7228 -7.1375
v  9.0843 136.7228 -9.0843
v  7.1375 136.7228 -10.6820
v  4.9164 136.7228 -11.8692
v  2.5063 136.7228 -12.6003
v  16.2780 260.6894 -12.8472
v  21.1054 260.7635 -11.8692
v  16.6522 251.3887 -12.8472
v  21.4667 251.4586 -11.8692
v  15.8735 242.0103 -12.8472
v  20.7372 242.0735 -11.8692
v  13.9832 232.5335 -12.8472
v  27.4275 260.9017 -7.1375
v  18.9554 232.5892 -11.8692
v  11.2872 222.9478 -12.8472
v  16.3951 222.9957 -11.8692
v  8.4325 213.2501 -12.8472
v  30.0881 260.9949 -2.5064
v  13.6485 213.2898 -11.8692
v  6.1683 203.4786 -12.8472
v  11.4035 203.5086 -11.8692
v  4.2022 193.8518 -12.8472
v  9.3887 193.8649 -11.8692
v  2.6712 184.3161 -12.8472
v  7.8150 184.3282 -11.8692
v  1.6480 174.7734 -12.8472
v  6.7387 174.7831 -11.8692
v  0.7297 165.2332 -12.8472
v  5.7636 165.2397 -11.8692
v  0.1066 155.7093 -12.8472
v  5.0706 155.7119 -11.8692
v  0.0000 146.2141 -12.8472
v  4.9164 146.2141 -11.8692
v  11.8692 146.2141 -4.9164
v  11.8732 146.2143 4.9163
v  4.9228 146.2145 11.8692
v  -2.5063 146.2141 12.6002
v  -10.6820 146.2141 7.1375
v  -12.6003 146.2141 -2.5064
v  -7.1375 146.2141 -10.6820
v  -4.8345 155.7079 -11.8692
v  -4.2540 165.2294 -11.8692
v  -5.6125 174.7666 -10.6820
v  -4.6052 184.3076 -10.6820
v  -0.8278 193.8444 -11.8692
v  1.1544 203.4663 -11.8692
v  3.5068 213.2352 -11.8692
v  6.5409 222.9271 -11.8692
v  7.5287 232.5042 -10.6820
v  11.4396 241.9751 -11.8692
v  12.2661 251.3459 -11.8692
v  11.8549 260.6401 -11.8692
v  6.9379 260.6393 -4.9164
v  7.2203 260.6931 -0.0001
v  12.8149 260.8854 9.0842
v  19.4795 261.0400 12.6002
v  30.8275 261.1036 4.9163
v  25.9319 261.1304 11.8691
v  12.1020 262.6678 -68.3913
v  2.1639 265.1739 -66.5429
v  2.5899 266.2328 -65.0256
v  3.3844 267.1686 -63.6184
v  4.5167 267.9449 -62.3758
v  5.9433 268.5314 -61.3465
v  7.6093 268.9055 -60.5699
v  9.4506 269.0524 -60.0765
v  11.3964 268.9667 -59.8851
v  13.3722 268.6517 -60.0027
v  15.3018 268.1199 -60.4247
v  17.1112 267.3915 -61.1346
v  18.7311 266.4955 -62.1042
v  20.0992 265.4664 -63.2961
v  21.1629 264.3438 -64.6643
v  21.8815 263.1713 -66.1554
v  22.2273 261.9937 -67.7129
v  22.1870 260.8564 -69.2763
v  21.7622 259.8030 -70.7861
v  20.9690 258.8734 -72.1847
v  19.8380 258.1031 -73.4188
v  18.4124 257.5216 -74.4413
v  16.7471 257.1507 -75.2135
v  14.9060 257.0046 -75.7057
v  10.9833 257.3999 -75.7869
v  9.0525 257.9264 -75.3724
v  7.2417 258.6483 -74.6714
v  5.6206 259.5385 -73.7099
v  4.2515 260.5626 -72.5250
v  3.1870 261.6818 -71.1615
v  2.4683 262.8536 -69.6713
v  2.1229 264.0328 -68.1116
v  -7.5167 180.5068 -3.1425
v  2.4334 178.0578 -4.9118
v  -7.0897 181.5703 -1.6187
v  -6.2940 182.5119 -0.2035
v  -5.1603 183.2950 1.0484
v  -3.7321 183.8888 2.0879
v  -2.0646 184.2704 2.8749
v  -0.2216 184.4251 3.3791
v  1.7258 184.3467 3.5806
v  3.7029 184.0385 3.4725
v  5.6338 183.5125 3.0586
v  7.4444 182.7894 2.3560
v  9.0651 181.8975 1.3920
v  10.4338 180.8711 0.2039
v  11.4979 179.7503 -1.1617
v  12.2165 178.5782 -2.6525
v  12.5622 177.3999 -4.2108
v  12.5215 176.2606 -5.7771
v  12.0959 175.2036 -7.2917
v  11.3018 174.2697 -8.6964
v  10.1697 173.4942 -9.9377
v  8.7428 172.9062 -10.9691
v  7.0760 172.5285 -11.7507
v  5.2333 172.3748 -12.2536
v  3.2855 172.4513 -12.4578
v  1.3074 172.7550 -12.3557
v  -0.6249 173.2743 -11.9512
v  -2.4371 173.9898 -11.2591
v  -4.0594 174.8743 -10.3054
v  -5.4293 175.8946 -9.1258
v  -6.4943 177.0115 -7.7656
v  -7.2132 178.1826 -6.2763
v  -7.5584 179.3629 -4.7152
v  12.9598 257.0886 -75.8995
v  7.8032 249.2424 -74.5007
v  15.4834 248.3985 -74.4363
v  20.4869 250.9961 -70.0848
v  19.8847 255.5233 -63.9818
v  17.4553 257.6862 -61.4063
v  10.1316 260.2094 -59.1150
v  6.3518 260.1829 -59.7518
v  1.3454 257.5716 -64.1223
v  0.9215 256.5225 -65.6260
v  -0.2834 248.0483 -64.4633
v  0.9296 250.0076 -61.5879
v  -1.4187 239.9030 -62.8444
v  0.9184 242.5998 -58.7803
v  -2.4672 232.1682 -60.6563
v  -0.1322 234.8550 -56.6059
v  -3.4185 224.8928 -57.8308
v  -1.0848 227.5732 -53.7894
v  -4.2661 218.1069 -54.3265
v  -1.9333 220.7838 -50.2900
v  -5.0071 211.8250 -50.1205
v  -2.6744 214.5009 -46.0853
v  -5.6402 206.0535 -45.2093
v  -3.3071 208.7310 -41.1718
v  -6.1671 200.7836 -39.6023
v  -3.8331 203.4655 -35.5588
v  -6.5919 195.9963 -33.3260
v  -5.3818 197.9421 -30.4693
v  -6.9220 191.6567 -26.4289
v  -3.1641 194.9124 -21.3736
v  -7.1693 187.7083 -18.9891
v  -5.9556 189.6708 -16.1092
v  -7.3541 184.0555 -11.1394
v  -6.1372 186.0331 -8.2385
v  -1.9203 187.7323 -5.2424
v  0.0901 191.4580 -12.7014
v  6.1608 194.3421 -20.6720
v  11.6175 183.0960 -9.4402
v  12.6426 179.6130 -14.0463
v  8.8754 176.3134 -19.1624
v  5.3744 175.8220 -20.3912
v  -0.4708 176.7831 -20.0034
v  -5.2662 179.4460 -17.1190
v  -7.3941 182.9193 -12.7013
v  -6.1439 184.2273 -23.5925
v  -6.6141 189.3532 -29.5340
v  -6.2835 193.6952 -36.4278
v  -5.8583 198.4842 -42.7017
v  -5.3312 203.7551 -48.3073
v  -4.6980 209.5270 -53.2180
v  -3.9571 215.8090 -57.4239
v  -3.1096 222.5940 -60.9294
v  -2.1587 229.8676 -63.7573
v  -1.1106 237.6004 -65.9483
v  0.0240 245.7422 -67.5720
v  1.2277 254.2110 -68.7422
v  -5.4109 289.2685 74.3968
v  5.9607 292.1389 72.2187
v  5.4635 293.3517 70.4835
v  4.5448 294.4236 68.8765
v  3.2403 295.3128 67.4602
v  1.6000 295.9846 66.2900
v  -0.3130 296.4131 65.4107
v  -2.4250 296.5814 64.8569
v  -4.6550 296.4832 64.6497
v  -6.9172 296.1224 64.7965
v  -9.1248 295.5132 65.2916
v  -11.1929 294.6790 66.1159
v  -13.0424 293.6527 67.2364
v  -14.6020 292.4739 68.6099
v  -15.8120 291.1880 70.1836
v  -16.6259 289.8452 71.8959
v  -17.0124 288.4962 73.6820
v  -16.9567 287.1937 75.4724
v  -16.4608 285.9871 77.1991
v  -15.5437 284.9223 78.7962
v  -14.2407 284.0400 80.2028
v  -12.6016 283.3740 81.3651
v  -10.6895 282.9491 82.2394
v  -8.5776 282.7818 82.7918
v  -4.0841 283.2346 82.8608
v  -1.8752 283.8376 82.3742
v  0.1946 284.6645 81.5601
v  2.0455 285.6841 80.4489
v  3.6064 286.8571 79.0833
v  4.8172 288.1391 77.5151
v  5.6313 289.4813 75.8038
v  6.0174 290.8320 74.0152
v  16.6596 195.1613 -0.4586
v  5.2737 192.3562 1.6290
v  16.1612 196.3794 -2.2012
v  15.2412 197.4579 -3.8173
v  13.9349 198.3548 -5.2442
v  12.2927 199.0350 -6.4261
v  10.3779 199.4721 -7.3172
v  8.2639 199.6493 -7.8835
v  6.0321 199.5594 -8.1024
v  3.7682 199.2065 -7.9663
v  1.5592 198.6039 -7.4804
v  -0.5103 197.7758 -6.6646
v  -2.3608 196.7542 -5.5505
v  -3.9211 195.5785 -4.1813
v  -5.1315 194.2948 -2.6106
v  -5.9455 192.9522 -0.8987
v  -6.3318 191.6026 0.8883
v  -6.2756 190.2976 2.6821
v  -5.7789 189.0870 4.4142
v  -4.8607 188.0173 6.0183
v  -3.5564 187.1290 7.4332
v  -1.9157 186.4555 8.6058
v  -0.0018 186.0229 9.4908
v  2.1119 185.8468 10.0554
v  4.3442 185.9345 10.2773
v  6.6092 186.2824 10.1483
v  8.8200 186.8772 9.6731
v  10.8913 187.6966 8.8693
v  12.7437 188.7098 7.7670
v  14.3055 189.8785 6.4075
v  15.5169 191.1577 4.8430
v  16.3312 192.4991 3.1327
v  16.7170 193.8510 1.3426
v  -6.3473 282.8780 83.0019
v  -0.4496 273.8910 81.3680
v  -9.2468 272.9244 81.3414
v  -15.0044 275.8997 76.3880
v  -14.3522 281.0851 69.3941
v  -11.5853 283.5624 66.4292
v  -3.2110 286.4526 63.7598
v  1.1223 286.4222 64.4660
v  6.8833 283.4312 69.4411
v  7.3781 282.2296 71.1609
v  8.7511 272.5232 69.8218
v  7.3441 274.7674 66.5357
v  10.0415 263.1936 67.9605
v  7.3397 266.2825 63.3199
v  11.2290 254.3342 65.4478
v  8.5297 257.4116 60.8230
v  12.3012 246.0010 62.2057
v  9.6035 249.0711 57.5911
v  13.2506 238.2284 58.1867
v  10.5538 241.2945 53.5777
v  14.0735 231.0331 53.3647
v  11.3769 234.0981 48.7571
v  14.7684 224.4224 47.7356
v  12.0714 227.4893 43.1254
v  15.3375 218.3863 41.3102
v  12.6395 221.4582 36.6932
v  15.7856 212.9029 34.1189
v  14.3820 215.1316 30.8543
v  16.1214 207.9323 26.2170
v  14.7160 210.1690 22.9414
v  16.3590 203.4099 17.6940
v  14.9512 205.6577 14.4028
v  16.5224 199.2259 8.7019
v  15.1109 201.4911 5.3868
v  10.2625 203.4373 1.9810
v  8.0056 207.7048 10.5368
v  1.1013 211.0082 19.7035
v  -5.2178 198.1269 6.8721
v  -6.3635 194.1375 12.1542
v  -2.0173 190.3581 17.9910
v  2.0002 189.7953 19.3769
v  8.6928 190.8961 18.8969
v  14.1677 193.9462 15.5638
v  16.5779 197.9245 10.4907
v  15.2127 199.4227 22.9729
v  15.7877 205.2939 29.7753
v  15.4514 210.2672 37.6735
v  15.0029 215.7526 44.8621
v  14.4335 221.7898 51.2859
v  13.7385 228.4009 56.9144
v  12.9156 235.5964 61.7363
v  11.9664 243.3679 65.7567
v  10.8946 251.6991 69.0015
v  9.7077 260.5562 71.5176
v  8.4181 269.8818 73.3842
v  7.0465 279.5820 74.7320
v  5.0232 276.9504 78.0219
v  -6.3810 230.8738 50.4409
v  -5.6880 224.2720 44.7995
v  -8.0438 218.9973 51.6543
v  6.7184 232.7068 4.9163
v  1.0041 222.9761 -4.9164
v  -4.0460 203.6023 4.9163
v  0.0784 52.4405 17.4803
v  7.0245 42.8948 16.6728
v  6.5900 52.4179 15.7214
v  12.8369 211.6859 -47.4722
v  12.2054 205.9221 -42.5503
v  14.2943 201.3170 -48.5238
v  -5.1239 218.2591 38.3420
v  -7.0930 208.8291 36.1796
v  -7.5323 214.2723 43.4267
v  11.6828 200.6726 -36.9152
v  13.3918 192.4397 -35.0181
v  13.8092 197.1918 -41.3431
v  2.6062 99.7296 13.1022
v  -2.7224 90.2479 13.6864
v  9.6902 90.2432 9.6902
v  12.5455 42.8822 12.4217
v  6.4379 165.2772 11.8692
v  0.4429 155.7280 12.8471
v  9.5946 155.7317 9.0843
v  12.7034 213.6106 12.8471
v  16.5476 203.7614 10.6820
v  21.2452 213.6057 9.0842
v  13.4547 184.3940 9.0843
v  7.6818 174.8355 11.8692
v  14.5806 174.8325 4.9163
v  -9.7977 52.4543 -14.8387
v  -10.4386 42.9160 -15.8840
v  -16.1282 42.9313 -10.9410
v  -4.7602 248.1199 56.6865
v  -3.8071 240.3305 52.6909
v  -7.2049 238.0741 55.2561
v  11.4511 226.7428 -52.9325
v  10.6003 219.9422 -49.4486
v  13.5787 217.9722 -51.6722
v  -7.5055 99.7296 11.2327
v  5.4989 80.7840 13.2559
v  10.5438 71.3286 10.5191
v  10.0555 80.7774 10.0475
v  21.8474 232.9741 12.6002
v  13.9519 223.3240 12.6002
v  22.8781 223.3605 10.6820
v  -7.4915 193.8499 -4.9164
v  -9.1988 184.3123 -4.9164
v  -8.6228 184.3368 4.9163
v  5.0761 213.5346 10.6820
v  -3.1536 209.2963 50.9071
v  -6.5489 206.3538 39.6498
v  -0.8086 203.4577 44.4935
v  -17.0435 61.9603 -0.0288
v  -17.1046 52.4979 7.0854
v  -15.7395 61.9601 6.5165
v  -13.5868 99.7296 -0.0000
v  -14.1603 90.2507 -0.0000
v  -11.7478 90.2512 7.8496
v  -12.0650 165.2361 -0.0000
v  -11.6824 155.7137 4.9164
v  -7.9923 165.2533 9.0843
v  -12.9532 271.2602 68.2192
v  -8.8814 264.3415 63.4853
v  -12.8461 259.1609 69.9643
v  0.9281 264.1628 80.0592
v  -2.2335 253.7822 78.9522
v  2.2218 254.8185 78.2184
v  10.0214 192.8476 -47.8943
v  12.9330 190.2786 -38.0503
v  7.9441 187.7501 -42.3059
v  6.5942 240.7492 -73.3645
v  9.3493 231.6863 -72.3833
v  5.4562 232.5910 -71.7634
v  18.6579 246.9456 -62.9627
v  15.0809 240.9052 -58.8488
v  18.5726 236.3822 -64.4867
v  -3.7191 215.3160 57.3552
v  0.8497 208.7989 52.2025
v  4.7542 215.3781 58.5716
v  -2.1858 236.4095 73.1036
v  -5.2364 229.1196 67.8097
v  3.2367 229.1831 69.0242
v  6.7666 203.7393 12.6002
v  9.1505 193.9714 12.6002
v  1.6713 203.6931 10.6820
v  -3.3202 193.9115 9.0842
v  3.9102 193.9534 12.6002
v  10.6820 118.7081 7.1375
v  11.9313 109.2189 4.9421
v  12.8471 118.7081 -0.0000
v  13.6015 52.3842 -9.0768
v  15.9013 42.8687 -6.5855
v  12.3262 42.8727 -12.2756
v  -12.9034 52.4854 12.9646
v  -7.2260 42.9260 17.7245
v  -6.7932 52.4645 16.5836
v  -19.2415 33.3051 7.9787
v  -19.6423 23.6185 8.1464
v  -14.7419 23.6347 14.8771
v  10.5453 198.1031 -53.5212
v  6.5325 192.4132 -49.0440
v  3.1534 198.1573 -54.6227
v  9.2803 216.5189 -67.2774
v  11.9188 210.1544 -62.6413
v  4.5272 210.2099 -63.7412
v  -7.8586 263.1484 80.0988
v  25.4615 232.7093 -7.1375
v  31.2989 251.8067 4.9163
v  30.6706 242.4160 4.9163
v  28.6959 242.2502 -4.9164
v  -11.7777 155.7085 -4.9164
v  23.7458 213.5287 2.5063
v  21.1563 203.6910 2.5063
v  17.9651 203.5796 -7.1375
v  15.4297 184.3608 -4.9164
v  19.3823 242.4108 12.6002
v  17.2366 232.9300 12.6002
v  16.2879 52.3816 -0.0214
v  13.0450 80.7726 5.3995
v  13.6370 71.3202 5.6350
v  14.6807 71.3154 -0.0072
v  -11.8765 118.7081 4.9194
v  -2.5064 118.7081 12.6003
v  -12.5262 99.7296 -5.1885
v  14.2656 239.8635 -73.3579
v  6.5933 242.0066 -4.9164
v  4.9213 232.5256 -7.1375
v  -15.7539 71.3804 -0.0151
v  -10.9030 33.3011 -16.6472
v  -17.2397 23.6279 -11.7431
v  -16.8920 33.3005 -11.4919
v  14.0704 80.7699 -0.0019
v  11.8692 118.7081 -4.9164
v  11.9254 109.2189 -4.9397
v  14.1704 174.8097 -4.9164
v  0.4010 276.8028 62.6857
v  -4.9751 266.2535 61.4691
v  -6.2795 275.6469 63.2420
v  -5.6062 80.8001 13.5529
v  -5.9149 71.3655 14.3243
v  0.0211 71.3528 15.2931
v  -13.7321 80.8090 5.6864
v  -1.0415 244.9023 76.4678
v  6.5461 238.4762 71.6169
v  3.4115 245.9488 75.7198
v  -5.4595 184.3537 9.0843
v  4.2570 184.3842 12.8471
v  -2.4942 174.8164 11.8692
v  -3.6465 165.2632 11.8692
v  6.9732 251.7846 -58.1942
v  11.6611 242.5745 -57.1069
v  12.8082 250.7754 -58.6486
v  8.2971 223.9337 -70.2198
v  1.6500 218.3233 -66.0202
v  4.4058 224.8473 -69.5876
v  0.1189 42.9101 18.6111
v  1.6229 198.3933 37.0421
v  13.4300 207.6269 40.9756
v  15.1850 52.3877 6.2463
v  16.0492 42.8734 6.5826
v  17.1947 42.8689 -0.0307
v  3.9701 250.1942 55.1894
v  5.7451 235.2136 46.3660
v  8.5398 228.4909 41.2128
v  -2.2900 226.5277 42.2353
v  -4.6845 212.8152 31.0960
v  -5.5698 206.6093 24.6977
v  1.8511 193.9138 28.4597
v  -10.1790 243.2216 62.5559
v  -9.5608 232.7997 62.1104
v  -9.1132 238.3732 69.3531
v  -13.6077 266.0848 75.1992
v  -10.0931 254.7901 76.3667
v  -12.0932 109.2189 -5.0092
v  -11.8746 118.7081 -4.9186
v  7.1375 118.7081 10.6820
v  4.9606 109.2189 11.9760
v  5.7865 183.3286 -35.8119
v  -4.5033 191.3900 -39.3012
v  -6.6276 193.8837 4.9163
v  -2.5440 213.2854 -4.9164
v  -2.8725 203.4731 -9.0843
v  -5.7010 203.5444 -0.0000
v  3.8222 228.5537 -51.6663
v  2.2312 215.4748 -43.9713
v  -0.2328 209.6055 -39.4854
v  9.2269 207.8915 -40.3275
v  13.0519 165.2583 -4.9164
v  12.1827 155.7208 -4.9164
v  13.3508 165.2749 4.9163
v  5.5471 179.4177 -28.3201
v  11.2653 195.9197 -30.5912
v  12.0083 190.5016 -25.0010
v  26.5109 251.8517 11.8691
v  7.4960 230.7018 67.6005
v  9.0137 216.8958 57.1493
v  12.9819 213.1107 48.1662
v  16.2094 222.4663 -58.0313
v  15.6676 213.3674 -57.6453
v  15.3107 218.2333 -63.9706
v  19.2619 242.4272 -69.0535
v  16.1990 232.5663 -70.0892
v  0.3351 221.3815 34.9085
v  9.1068 222.4644 34.7740
v  7.4491 217.1207 27.0686
v  12.1969 99.7296 -5.0522
v  12.5821 90.2415 -5.2117
v  9.9911 80.7701 -9.9896
v  -10.9216 71.3593 -10.9571
v  -15.5904 61.9491 -6.5094
v  -14.4497 71.3721 -6.0101
v  -15.0708 52.4773 -10.1826
v  29.3461 251.6430 -4.9164
v  26.4377 223.2270 -0.0000
v  21.8431 213.4208 -4.9164
v  -4.4128 221.9208 62.9924
v  -8.7369 225.5992 57.2955
v  -20.3637 33.3013 -4.1709
v  -18.0979 52.4940 -3.6685
v  -19.4151 42.9428 -3.9596
v  -18.3478 42.9468 7.6047
v  5.7905 71.3398 13.9251
v  11.8352 52.3999 11.7536
v  0.8020 211.5358 -62.5182
v  -0.5720 199.4824 -53.4010
v  -4.0784 196.1778 -45.5769
v  12.2110 99.7296 5.0579
v  12.6030 90.2422 5.2203
v  6.9008 203.3986 -33.9432
v  -0.7579 204.3440 -33.8668
v  0.6533 199.6787 -27.1318
v  16.6646 184.3831 2.5063
v  -11.9163 61.9487 11.9464
v  -6.3180 61.9297 15.3493
v  -11.0701 71.3760 11.0818
v  -10.4576 80.8063 10.4625
v  13.0028 80.7690 -5.3864
v  14.3868 71.3143 -2.8663
v  12.2236 71.3150 -8.1661
v  11.1773 203.8695 -58.4394
v  14.9257 207.0809 -53.4456
v  -11.2778 99.7296 7.5356
v  -13.1061 109.2189 -0.0000
v  -10.3669 80.7935 -10.3801
v  -13.6640 80.8015 -5.6696
v  -13.0467 90.2489 -5.4041
v  12.5240 232.8524 10.6820
v  3.5140 203.4759 45.1323
v  7.5211 209.9961 51.5890
v  -4.5572 155.7233 11.8692
v  -5.3134 200.3978 33.2350
v  -6.4986 198.1918 21.3258
v  -2.1606 194.4496 27.1111
v  9.9788 251.5169 4.9163
v  12.6712 242.2725 9.0842
v  -8.4357 165.2286 -9.0843
v  8.3189 223.5059 62.7792
v  4.0598 221.9864 64.2041
v  3.8035 267.3047 61.3786
v  -7.5369 33.3110 18.5518
v  -7.6773 23.6571 18.9271
v  0.1674 23.6804 19.8144
v  -14.4509 33.3083 14.5735
v  -20.7914 23.6153 -4.2665
v  -11.1171 23.6483 -16.9997
v  0.1517 33.3125 19.4359
v  7.3472 33.3129 17.3720
v  7.4978 23.7006 17.6970
v  13.3254 23.7156 13.1499
v  -11.6467 250.2469 67.5271
v  -7.6827 255.4310 61.0433
v  4.1733 187.7660 -42.8838
v  0.7051 193.4585 -48.5396
v  16.5395 33.3088 -6.8476
v  13.0883 23.7161 -13.0117
v  12.8405 33.3072 -12.7723
v  4.9959 258.4231 58.8965
v  -3.7781 257.3507 59.0165
v  13.0752 33.3124 12.9166
v  16.6974 33.3114 6.8330
v  17.0072 23.7245 6.9525
v  18.2067 23.7276 -0.0422
v  11.8244 185.0786 -32.4557
v  12.8034 183.1526 -22.0529
v  9.0431 179.8855 -27.1240
v  16.8480 23.7248 -6.9743
v  17.8776 33.3102 -0.0383
v  11.7862 211.6615 20.4498
v  7.7780 212.1815 19.1231
v  9.3100 184.3925 11.8692
v  -10.8862 109.2189 7.2739
v  -2.5404 109.2189 12.7714
v  0.0082 80.7920 14.5101
v  -7.8085 90.2499 11.6863
v  -11.7158 61.9298 -11.7926
v  28.2013 232.7985 -2.5064
v  13.2508 155.7258 -0.0000
v  7.6861 257.9170 74.8180
v  3.7860 203.9267 -59.5369
v  0.0609 205.2533 -58.3129
v  18.1985 193.9205 -2.5064
v  3.9965 243.4922 -57.0689
v  17.5140 228.5998 -62.3646
v  14.0230 233.1257 -56.7225
v  2.9439 235.7381 -54.9075
v  10.6046 234.8018 -54.9712
v  25.8322 242.4743 11.8691
v  15.6126 251.6797 10.6819
v  0.3290 195.3665 -20.1966
v  2.9756 216.5766 27.1260
v  8.8734 249.0582 72.3043
v  -9.9390 174.7891 4.9163
v  0.6698 235.2962 -68.8203
v  4.9217 242.4118 51.1840
v  -2.9833 233.1308 47.8749
v  12.8115 61.8562 -8.5566
v  9.2321 52.3938 -13.7568
v  14.1978 61.8544 -5.8837
v  -6.7174 202.6282 29.9680
v  4.5591 199.2036 -27.1611
v  -0.3786 227.5620 -66.6313
v  2.9726 221.7593 -48.1739
v  9.8585 213.6564 -45.2478
v  7.4833 251.3624 -4.9164
v  -13.8036 42.9394 13.8989
v  13.0348 187.0259 -29.5969
v  -8.8965 245.8887 73.9122
v  17.1302 193.9668 7.1374
v  -14.8629 80.8072 -0.0062
v  7.8191 242.1176 2.5063
v  6.3959 267.2455 76.6806
v  0.0420 61.9080 16.2702
v  6.1386 61.8878 14.7173
v  28.9653 232.9158 4.9163
v  11.1041 61.8716 11.0588
v  14.3056 61.8605 5.9008
v  15.3713 61.8548 -0.0130
v  15.1428 224.7948 -67.9519
v  -10.2824 174.7700 -4.9164
v  1.8049 243.4406 -70.4404
v  -5.3517 202.1761 16.0509
v  -14.5599 71.3817 6.0272
v  11.7774 186.6312 -17.4530
# 832 vertices

vn 0.0000 0.0000 -1.0000
vn 0.0684 -0.1218 0.9902
vn 0.0638 -0.0092 0.9979
vn 0.0476 -0.1199 0.9916
vn 0.0276 -0.1139 0.9931
vn 0.0089 -0.1040 0.9945
vn -0.0077 -0.0905 0.9959
vn -0.0215 -0.0737 0.9970
vn -0.0320 -0.0543 0.9980
vn -0.0384 -0.0330 0.9987
vn -0.0407 -0.0106 0.9991
vn -0.0385 0.0118 0.9992
vn -0.0320 0.0333 0.9989
vn -0.0215 0.0529 0.9984
vn -0.0075 0.0700 0.9975
vn 0.0093 0.0838 0.9964
vn 0.0283 0.0938 0.9952
vn 0.0486 0.0999 0.9938
vn 0.0694 0.1019 0.9924
vn 0.0902 0.0998 0.9909
vn 0.1102 0.0936 0.9895
vn 0.1287 0.0836 0.9882
vn 0.1451 0.0700 0.9869
vn 0.1587 0.0532 0.9859
vn 0.1689 0.0339 0.9851
vn 0.1752 0.0127 0.9844
vn 0.1774 -0.0094 0.9841
vn 0.1752 -0.0317 0.9840
vn 0.1688 -0.0530 0.9842
vn 0.1584 -0.0726 0.9847
vn 0.1446 -0.0895 0.9854
vn 0.1280 -0.1033 0.9864
vn 0.1093 -0.1134 0.9875
vn 0.0892 -0.1197 0.9888
vn 0.1951 -0.9808 -0.0000
vn 0.0000 -1.0000 -0.0000
vn 0.3827 -0.9239 -0.0000
vn 0.0018 -1.0000 -0.0068
vn 0.5556 -0.8315 -0.0000
vn 0.1967 -0.9805 -0.0059
vn 0.0072 -0.9996 -0.0266
vn 0.7071 -0.7071 -0.0000
vn 0.2014 -0.9792 -0.0247
vn 0.0136 -0.9989 -0.0452
vn 0.8315 -0.5556 -0.0000
vn 0.2072 -0.9773 -0.0434
vn 0.0197 -0.9984 -0.0535
vn 0.9239 -0.3827 -0.0000
vn 0.2127 -0.9758 -0.0516
vn 0.0265 -0.9976 -0.0645
vn 0.9808 -0.1951 -0.0000
vn 0.2186 -0.9738 -0.0622
vn 0.0369 -0.9958 -0.0843
vn 1.0000 0.0000 -0.0000
vn 0.2274 -0.9705 -0.0801
vn 0.0516 -0.9927 -0.1088
vn 0.2400 -0.9653 -0.1031
vn 0.0656 -0.9909 -0.1175
vn 0.2525 -0.9610 -0.1127
vn 0.0753 -0.9923 -0.0985
vn 0.2618 -0.9604 -0.0951
vn 0.0810 -0.9948 -0.0613
vn 0.2677 -0.9617 -0.0595
vn 0.0829 -0.9965 -0.0139
vn 0.2698 -0.9628 -0.0139
vn 0.0764 -0.9897 0.1209
vn 0.2627 -0.9579 0.1159
vn 0.0684 -0.9767 0.2036
vn 0.2531 -0.9473 0.1962
vn 0.4376 -0.8922 0.1115
vn 0.4271 -0.8841 0.1895
vn 0.5957 -0.7960 0.1076
vn 0.5849 -0.7900 0.1837
vn 0.7321 -0.6731 0.1046
vn 0.7216 -0.6688 0.1789
vn 0.8430 -0.5280 0.1023
vn 0.8329 -0.5250 0.1754
vn 0.9253 -0.3657 0.1009
vn 0.9154 -0.3634 0.1731
vn 0.9764 -0.1914 0.1003
vn 0.9666 -0.1896 0.1722
vn 0.9949 -0.0106 0.1006
vn 0.9850 -0.0094 0.1726
vn 0.9801 0.1707 0.1017
vn 0.9697 0.1713 0.1743
vn 0.9322 0.3468 0.1037
vn 0.9211 0.3466 0.1773
vn 0.8524 0.5120 0.1065
vn 0.8406 0.5103 0.1815
vn 0.7427 0.6605 0.1101
vn 0.7304 0.6570 0.1868
vn 0.6061 0.7871 0.1142
vn 0.5936 0.7812 0.1931
vn 0.4464 0.8869 0.1190
vn 0.4345 0.8782 0.2001
vn 0.2685 0.9552 0.1241
vn 0.2580 0.9435 0.2078
vn 0.0781 0.9885 0.1295
vn 0.0700 0.9739 0.2157
vn -0.1181 0.9838 0.1349
vn -0.1227 0.9669 0.2237
vn -0.3124 0.9395 0.1402
vn -0.3128 0.9212 0.2315
vn -0.4967 0.8557 0.1450
vn -0.4921 0.8372 0.2385
vn -0.6623 0.7343 0.1492
vn -0.6526 0.7172 0.2446
vn -0.8007 0.5793 0.1525
vn -0.7864 0.5652 0.2494
vn -0.9046 0.3972 0.1547
vn -0.8866 0.3874 0.2526
vn -0.9681 0.1962 0.1556
vn -0.9480 0.1918 0.2540
vn -0.9878 -0.0140 0.1553
vn -0.9672 -0.0125 0.2536
vn -0.9627 -0.2228 0.1536
vn -0.9436 -0.2158 0.2513
vn -0.8947 -0.4204 0.1508
vn -0.8786 -0.4085 0.2473
vn -0.7883 -0.5975 0.1469
vn -0.7763 -0.5822 0.2418
vn -0.6495 -0.7469 0.1423
vn -0.6422 -0.7296 0.2351
vn -0.4858 -0.8632 0.1371
vn -0.4833 -0.8454 0.2276
vn -0.3051 -0.9432 0.1317
vn -0.3068 -0.9261 0.2196
vn -0.1151 -0.9853 0.1262
vn -0.1205 -0.9699 0.2115
vn -0.1100 -0.9938 -0.0140
vn -0.1114 -0.9918 -0.0632
vn -0.1164 -0.9879 -0.1021
vn -0.1257 -0.9845 -0.1226
vn -0.1401 -0.9834 -0.1149
vn -0.1559 -0.9837 -0.0890
vn -0.1673 -0.9836 -0.0671
vn -0.1747 -0.9831 -0.0555
vn -0.1809 -0.9824 -0.0470
vn -0.1876 -0.9818 -0.0286
vn -0.1932 -0.9811 -0.0079
vn -0.1951 -0.9808 -0.0000
vn -0.3827 -0.9239 -0.0000
vn -0.5555 -0.8315 -0.0000
vn -0.5556 -0.8315 -0.0000
vn -0.7070 -0.7072 -0.0001
vn -0.7071 -0.7071 -0.0000
vn -0.8314 -0.5557 -0.0002
vn -0.8315 -0.5556 -0.0000
vn -0.9238 -0.3829 -0.0003
vn -0.9239 -0.3827 -0.0000
vn -0.9808 -0.1952 -0.0004
vn -0.9808 -0.1951 -0.0000
vn -1.0000 -0.0001 -0.0004
vn -1.0000 0.0000 -0.0000
vn -0.9808 0.1951 -0.0004
vn -0.9808 0.1951 -0.0000
vn -0.9238 0.3828 -0.0004
vn -0.9239 0.3827 -0.0000
vn -0.8314 0.5557 -0.0003
vn -0.8315 0.5556 -0.0000
vn -0.7070 0.7072 -0.0002
vn -0.7071 0.7071 -0.0000
vn -0.5554 0.8316 -0.0001
vn -0.5556 0.8315 -0.0000
vn -0.3826 0.9239 -0.0000
vn -0.3827 0.9239 -0.0000
vn 0.9808 0.1951 -0.0000
vn 0.9239 0.3827 -0.0000
vn 0.8315 0.5556 -0.0000
vn 0.7071 0.7071 -0.0000
vn 0.5556 0.8315 -0.0000
vn 0.3827 0.9239 -0.0000
vn 0.1951 0.9808 -0.0000
vn 0.0000 1.0000 -0.0000
vn -0.1951 0.9808 -0.0000
vn -0.0147 -0.0102 -0.9998
vn -0.0135 -0.0131 -0.9998
vn -0.0145 -0.0127 -0.9998
vn -0.0155 -0.0120 -0.9998
vn -0.0165 -0.0112 -0.9998
vn -0.0173 -0.0103 -0.9998
vn -0.0179 -0.0094 -0.9998
vn -0.0183 -0.0086 -0.9998
vn -0.0184 -0.0080 -0.9998
vn -0.0185 -0.0077 -0.9998
vn -0.0185 -0.0076 -0.9998
vn -0.0186 -0.0078 -0.9998
vn -0.0186 -0.0079 -0.9998
vn -0.0185 -0.0078 -0.9998
vn -0.0182 -0.0077 -0.9998
vn -0.0175 -0.0076 -0.9998
vn -0.0165 -0.0076 -0.9998
vn -0.0152 -0.0078 -0.9999
vn -0.0140 -0.0083 -0.9999
vn -0.0129 -0.0089 -0.9999
vn -0.0119 -0.0096 -0.9999
vn -0.0112 -0.0104 -0.9999
vn -0.0108 -0.0111 -0.9999
vn -0.0105 -0.0117 -0.9999
vn -0.0105 -0.0121 -0.9999
vn -0.0105 -0.0125 -0.9999
vn -0.0106 -0.0127 -0.9999
vn -0.0107 -0.0129 -0.9999
vn -0.0110 -0.0131 -0.9999
vn -0.0113 -0.0133 -0.9998
vn -0.0119 -0.0133 -0.9998
vn -0.0126 -0.0133 -0.9998
vn 0.0000 0.0000 1.0000
vn 0.1897 -0.9815 -0.0267
vn 0.0034 -1.0000 -0.0004
vn -0.0085 -1.0000 0.0015
vn 0.2008 -0.9795 -0.0182
vn 0.3672 -0.9288 -0.0510
vn 0.0041 -1.0000 0.0002
vn 0.5225 -0.8496 -0.0721
vn 0.3766 -0.9258 -0.0336
vn 0.2020 -0.9794 0.0043
vn 0.0038 -1.0000 0.0009
vn 0.6562 -0.7491 -0.0905
vn 0.2001 -0.9794 0.0277
vn 0.0026 -1.0000 0.0009
vn 0.7688 -0.6306 -0.1068
vn 0.7739 -0.6295 -0.0694
vn 0.1953 -0.9797 0.0459
vn 0.0005 -1.0000 -0.0001
vn 0.8600 -0.4957 -0.1211
vn 0.1890 -0.9805 0.0529
vn -0.0017 -1.0000 -0.0012
vn 0.9290 -0.3453 -0.1334
vn 0.9335 -0.3478 -0.0872
vn 0.1838 -0.9818 0.0471
vn -0.0009 -1.0000 -0.0004
vn 0.9732 -0.1798 -0.1432
vn 0.1836 -0.9822 0.0400
vn -0.0013 -1.0000 -0.0004
vn 0.1840 -0.9823 0.0338
vn -0.0016 -1.0000 -0.0004
vn 0.1854 -0.9823 0.0252
vn -0.0003 -1.0000 -0.0000
vn 0.1884 -0.9819 0.0198
vn -0.0009 -1.0000 -0.0000
vn 0.1899 -0.9817 0.0160
vn -0.0017 -1.0000 -0.0000
vn 0.1914 -0.9815 0.0080
vn 0.1942 -0.9810 0.0014
vn 0.3812 -0.9245 0.0032
vn 0.5535 -0.8328 0.0056
vn 0.7047 -0.7095 0.0085
vn 0.8291 -0.5590 0.0118
vn 0.9220 -0.3869 0.0153
vn 0.9797 -0.1996 0.0186
vn 0.9998 -0.0043 0.0212
vn 1.0000 -0.0002 -0.0000
vn 0.9812 0.1915 0.0228
vn 0.9809 0.1947 0.0002
vn 0.9246 0.3804 0.0230
vn 0.9240 0.3823 0.0004
vn 0.8318 0.5547 0.0217
vn 0.8316 0.5553 0.0005
vn 0.7065 0.7074 0.0188
vn 0.7072 0.7071 0.0006
vn 0.5540 0.8324 0.0148
vn 0.5555 0.8315 0.0004
vn 0.3806 0.9247 0.0099
vn 0.3825 0.9239 0.0003
vn 0.1930 0.9812 0.0048
vn 0.1950 0.9808 -0.0000
vn -0.0014 1.0000 -0.0000
vn -0.1955 0.9807 -0.0041
vn -0.3821 0.9241 -0.0071
vn -0.5542 0.8324 -0.0090
vn -0.7053 0.7088 -0.0099
vn -0.8298 0.5580 -0.0098
vn -0.9227 0.3855 -0.0091
vn -0.9802 0.1978 -0.0080
vn -1.0000 0.0024 -0.0068
vn -0.9811 -0.1933 -0.0056
vn -0.9244 -0.3815 -0.0045
vn -0.8319 -0.5549 -0.0036
vn -0.7073 -0.7069 -0.0029
vn -0.5556 -0.8314 -0.0023
vn -0.3827 -0.9239 -0.0017
vn -0.1951 -0.9808 -0.0009
vn -0.1956 -0.9807 -0.0071
vn -0.1935 -0.9810 -0.0152
vn -0.1917 -0.9813 -0.0192
vn -0.1924 -0.9810 -0.0258
vn -0.1922 -0.9807 -0.0354
vn -0.1931 -0.9803 -0.0429
vn -0.1974 -0.9788 -0.0541
vn -0.2012 -0.9777 -0.0601
vn -0.2062 -0.9772 -0.0510
vn -0.2104 -0.9771 -0.0304
vn -0.2122 -0.9772 -0.0046
vn -0.2113 -0.9772 0.0201
vn -0.2224 -0.9744 0.0336
vn -0.4320 -0.9008 0.0431
vn -0.4398 -0.8954 0.0689
vn -0.6392 -0.7661 0.0671
vn -0.6412 -0.7601 0.1049
vn -0.8091 -0.5808 0.0897
vn -0.8047 -0.5774 0.1379
vn -0.9242 -0.3663 0.1083
vn -0.9152 -0.3679 0.1644
vn -0.9815 -0.1482 0.1214
vn -0.9709 -0.1551 0.1826
vn -0.9902 0.0547 0.1285
vn -0.9804 0.0439 0.1923
vn -0.9635 0.2338 0.1304
vn -0.9557 0.2211 0.1944
vn -0.9069 0.3761 0.1899
vn -0.8401 0.5119 0.1794
vn -0.6554 0.7493 0.0949
vn -0.7574 0.6322 0.1635
vn -0.6576 0.7399 0.1420
vn -0.5371 0.8356 0.1150
vn -0.3825 0.9224 0.0537
vn -0.3913 0.9166 0.0824
vn 0.9887 -0.0001 -0.1499
vn 0.9696 0.1917 -0.1520
vn 0.9951 -0.0070 -0.0989
vn 0.9087 0.3904 -0.1477
vn 0.9780 0.1827 -0.1009
vn 0.7993 0.5856 -0.1351
vn 0.9199 0.3796 -0.0988
vn 0.6393 0.7607 -0.1125
vn 0.8138 0.5740 -0.0913
vn 0.4370 0.8959 -0.0800
vn 0.6570 0.7499 -0.0770
vn 0.2118 0.9765 -0.0401
vn 0.4567 0.8879 -0.0560
vn -0.0123 0.9999 0.0028
vn 0.2311 0.9725 -0.0297
vn -0.2163 0.9753 0.0446
vn 0.0044 1.0000 -0.0009
vn -0.2034 0.9787 0.0276
vn -0.0003 0.0006 -1.0000
vn -0.0002 0.0009 -1.0000
vn 0.0000 0.0009 -1.0000
vn 0.0000 0.0008 -1.0000
vn 0.0000 0.0007 -1.0000
vn 0.0000 0.0006 -1.0000
vn 0.0000 0.0005 -1.0000
vn 0.0000 0.0004 -1.0000
vn 0.0000 0.0003 -1.0000
vn -0.0002 0.0003 -1.0000
vn -0.0003 0.0003 -1.0000
vn -0.0004 0.0003 -1.0000
vn -0.0005 0.0003 -1.0000
vn -0.0005 0.0004 -1.0000
vn -0.0006 0.0004 -1.0000
vn 0.6319 0.1812 -0.7536
vn 0.6578 -0.0770 -0.7492
vn -0.0006 0.0007 -1.0000
vn -0.0006 0.0008 -1.0000
vn -0.0005 0.0008 -1.0000
vn -0.0005 0.0009 -1.0000
vn -0.0004 0.0009 -1.0000
vn -0.0003 0.0009 -1.0000
vn 0.0002 -0.0008 1.0000
vn 0.0003 -0.0006 1.0000
vn 0.0000 -0.0008 1.0000
vn 0.0000 -0.0007 1.0000
vn 0.0000 -0.0006 1.0000
vn 0.0000 -0.0005 1.0000
vn 0.0000 -0.0004 1.0000
vn 0.0000 -0.0003 1.0000
vn 0.0002 -0.0003 1.0000
vn 0.0003 -0.0003 1.0000
vn 0.0004 -0.0003 1.0000
vn 0.0005 -0.0004 1.0000
vn 0.6275 0.1825 0.7570
vn 0.6504 0.0522 0.7578
vn 0.6542 -0.0741 0.7527
vn 0.6400 -0.1966 0.7428
vn 0.0006 -0.0007 1.0000
vn 0.0005 -0.0007 1.0000
vn 0.0005 -0.0008 1.0000
vn 0.0004 -0.0008 1.0000
vn 0.0003 -0.0008 1.0000
vn 0.6546 0.0500 -0.7543
vn 0.8677 0.0583 -0.4937
vn 0.7788 0.4179 -0.4678
vn 0.8451 0.2280 -0.4836
vn 0.6866 0.5970 -0.4150
vn 0.7931 0.4034 -0.4563
vn 0.5523 0.7631 -0.3357
vn 0.7056 0.5792 -0.4083
vn 0.3773 0.8970 -0.2304
vn 0.5777 0.7439 -0.3361
vn 0.1740 0.9790 -0.1066
vn 0.4095 0.8803 -0.2396
vn -0.0361 0.9991 0.0223
vn 0.2111 0.9695 -0.1244
vn -0.2315 0.9623 0.1426
vn 0.0013 1.0000 -0.0017
vn -0.3993 0.8832 0.2460
vn -0.1985 0.9732 0.1160
vn -0.5358 0.7772 0.3299
vn -0.3737 0.9012 0.2194
vn -0.6432 0.6557 0.3954
vn -0.5185 0.7989 0.3048
vn -0.7255 0.5252 0.4448
vn -0.7225 0.5462 0.4239
vn -0.7863 0.3884 0.4804
vn -0.8281 0.2460 0.5037
vn -0.8515 0.0971 0.5153
vn -0.8553 -0.0591 0.5147
vn -0.8645 -0.0571 0.4994
vn -0.8366 -0.2228 0.5004
vn -0.7905 -0.3930 0.4698
vn -0.8442 -0.2283 0.4851
vn -0.7108 -0.5644 0.4198
vn -0.7935 -0.4061 0.4533
vn -0.5921 -0.7270 0.3476
vn -0.7060 -0.5839 0.4009
vn -0.4333 -0.8650 0.2530
vn -0.5768 -0.7492 0.3256
vn -0.2419 -0.9601 0.1406
vn -0.4072 -0.8843 0.2285
vn -0.0345 -0.9992 0.0200
vn -0.2082 -0.9712 0.1160
vn 0.0010 -1.0000 -0.0012
vn 0.0020 -1.0000 -0.0021
vn -0.2089 -0.9724 0.1039
vn 0.0026 -1.0000 -0.0023
vn -0.2095 -0.9740 0.0865
vn 0.0031 -1.0000 -0.0020
vn -0.2099 -0.9755 0.0661
vn 0.0035 -1.0000 -0.0015
vn -0.2102 -0.9767 0.0438
vn 0.0038 -1.0000 -0.0007
vn -0.2103 -0.9774 0.0204
vn 0.0038 -1.0000 0.0001
vn -0.2104 -0.9776 -0.0034
vn 0.0037 -1.0000 0.0010
vn -0.2103 -0.9773 -0.0272
vn 0.0034 -1.0000 0.0017
vn -0.2102 -0.9764 -0.0504
vn 0.0030 -1.0000 0.0022
vn -0.2099 -0.9750 -0.0724
vn 0.0025 -1.0000 0.0023
vn -0.2094 -0.9735 -0.0923
vn 0.0017 -1.0000 0.0019
vn -0.2088 -0.9719 -0.1086
vn 0.0006 -1.0000 0.0007
vn -0.2081 -0.9709 -0.1186
vn -0.2413 -0.9601 -0.1412
vn -0.0346 -0.9992 -0.0202
vn -0.4320 -0.8653 -0.2542
vn -0.4061 -0.8837 -0.2329
vn -0.5899 -0.7279 -0.3496
vn -0.5743 -0.7486 -0.3315
vn -0.7080 -0.5658 -0.4226
vn -0.7021 -0.5836 -0.4080
vn -0.7873 -0.3950 -0.4735
vn -0.7886 -0.4065 -0.4613
vn -0.8332 -0.2254 -0.5050
vn -0.8386 -0.2297 -0.4939
vn -0.8519 -0.0620 -0.5200
vn -0.8589 -0.2248 -0.4602
vn -0.8482 0.0939 -0.5213
vn -0.8794 -0.0509 -0.4733
vn -0.8252 0.2425 -0.5102
vn -0.9027 0.1234 -0.4123
vn -0.7839 0.3850 -0.4871
vn -0.7236 0.5220 -0.4516
vn -0.7301 0.5559 -0.3975
vn -0.6420 0.6530 -0.4019
vn -0.6315 0.6748 -0.3818
vn -0.5352 0.7751 -0.3357
vn -0.5174 0.7964 -0.3131
vn -0.3992 0.8820 -0.2505
vn -0.3734 0.8998 -0.2257
vn -0.2318 0.9618 -0.1454
vn -0.1986 0.9728 -0.1196
vn -0.0366 0.9991 -0.0230
vn 0.0010 1.0000 0.0013
vn 0.1731 0.9790 0.1079
vn 0.2103 0.9693 0.1273
vn 0.3756 0.8970 0.2332
vn 0.4079 0.8795 0.2452
vn 0.5496 0.7634 0.3394
vn 0.5746 0.7429 0.3434
vn 0.6831 0.5981 0.4191
vn 0.7013 0.5786 0.4165
vn 0.7750 0.4201 0.4721
vn 0.7878 0.4037 0.4651
vn 0.8395 0.2294 0.4925
vn 0.8609 -0.1008 0.4987
vn 0.8378 -0.2553 0.4826
vn 0.7877 -0.4079 0.4618
vn 0.8051 -0.4160 0.4229
vn 0.7195 -0.5535 0.4194
vn 0.6386 -0.6784 0.3634
vn 0.6256 -0.6904 0.3632
vn 0.5032 -0.8136 0.2914
vn 0.5219 -0.7998 0.2965
vn 0.3501 -0.9145 0.2027
vn 0.3757 -0.9018 0.2134
vn 0.1680 -0.9810 0.0974
vn 0.1999 -0.9732 0.1138
vn 0.2017 -0.9737 0.1063
vn 0.2030 -0.9749 0.0913
vn 0.2040 -0.9763 0.0722
vn 0.2048 -0.9775 0.0506
vn 0.2053 -0.9783 0.0274
vn 0.2055 -0.9786 0.0035
vn 0.2054 -0.9785 -0.0206
vn 0.2050 -0.9778 -0.0439
vn 0.2042 -0.9767 -0.0660
vn 0.2032 -0.9754 -0.0858
vn 0.2020 -0.9740 -0.1020
vn 0.2005 -0.9733 -0.1122
vn 0.1684 -0.9809 -0.0971
vn 0.3503 -0.9146 -0.2018
vn 0.5031 -0.8141 -0.2900
vn 0.3763 -0.9024 -0.2098
vn 0.6255 -0.6916 -0.3612
vn 0.5228 -0.8012 -0.2913
vn 0.7193 -0.5557 -0.4168
vn 0.6399 -0.6806 -0.3569
vn 0.7879 -0.4110 -0.4586
vn 0.8336 -0.2591 -0.4878
vn 0.8416 -0.2588 -0.4741
vn -0.6774 0.7355 -0.0115
vn -0.6748 0.7324 -0.0908
vn -0.3810 0.9232 -0.0510
vn -0.9319 0.2224 -0.2866
vn -0.9180 0.1932 -0.3465
vn -0.8877 0.3325 -0.3185
vn 0.2586 0.9589 -0.1171
vn 0.4469 0.8896 -0.0942
vn 0.4379 0.8920 -0.1122
vn -0.6685 0.7247 -0.1668
vn -0.3785 0.9157 -0.1353
vn -0.3800 0.9202 -0.0943
vn 0.2084 0.9770 -0.0456
vn 0.2147 0.9750 -0.0565
vn 0.3998 0.9150 -0.0544
vn 0.5994 0.7931 -0.1078
vn 0.6071 0.7894 -0.0911
vn 0.7441 0.6622 -0.0884
vn 0.1908 0.9814 0.0223
vn 0.1914 0.9814 0.0148
vn 0.3787 0.9250 0.0300
vn 0.3999 0.9068 0.1332
vn 0.5691 0.8053 0.1663
vn 0.5859 0.7881 0.1887
vn 0.5534 0.8255 0.1112
vn 0.5516 0.8300 0.0823
vn 0.7071 0.6994 0.1044
vn -0.6557 -0.7424 -0.1371
vn -0.6521 -0.7498 -0.1125
vn -0.7915 -0.6002 -0.1153
vn -0.8667 0.4623 0.1875
vn -0.8784 0.4696 0.0885
vn -0.6760 0.7337 0.0681
vn -0.1810 0.9823 -0.0492
vn 0.0207 0.9981 -0.0588
vn 0.0143 0.9988 -0.0474
vn 0.4066 0.9111 -0.0682
vn 0.5820 0.8092 -0.0805
vn 0.5748 0.8157 -0.0655
vn 0.2236 0.9729 0.0594
vn 0.2115 0.9747 0.0725
vn 0.4211 0.8963 0.1391
vn -0.9716 -0.1169 -0.2057
vn -0.9782 -0.1449 -0.1487
vn -0.9860 0.0582 -0.1563
vn -0.8182 0.5151 -0.2554
vn -0.7508 0.6195 -0.2292
vn -0.5016 0.8441 -0.1896
vn 0.6178 0.7712 0.1536
vn 0.6085 0.7631 0.2176
vn 0.7548 0.5984 0.2686
vn -0.9892 -0.0122 -0.1459
vn -0.9697 0.1945 -0.1476
vn -0.9702 0.1933 -0.1460
vn -0.9790 0.1960 -0.0556
vn -0.9783 0.1957 -0.0678
vn -0.9196 0.3869 -0.0677
vn -0.9719 0.2197 -0.0850
vn -0.9179 0.3942 -0.0444
vn -0.9099 0.4064 -0.0831
vn -0.7350 0.5604 0.3816
vn -0.7510 0.5760 0.3228
vn -0.5284 0.8181 0.2269
vn 0.8907 0.0510 -0.4517
vn 0.9206 0.0467 -0.3876
vn 0.8844 -0.2842 -0.3704
vn 0.8958 0.4281 0.1192
vn 0.9449 0.2306 0.2322
vn 0.9640 0.2333 0.1278
vn 0.8853 0.4248 -0.1893
vn 0.8987 0.4294 -0.0896
vn 0.9675 0.2341 -0.0961
vn 0.1925 0.9795 0.0586
vn 0.3794 0.9199 0.0991
vn 0.3867 0.9149 0.1158
vn -0.5045 0.8486 -0.1595
vn -0.5125 0.8485 -0.1323
vn -0.3565 0.9296 -0.0937
vn 0.9241 0.3821 -0.0036
vn 0.9809 0.1933 -0.0190
vn 0.9809 0.1947 -0.0033
vn 0.8400 -0.5336 -0.0985
vn 0.8435 -0.5304 -0.0850
vn 0.7321 -0.6756 -0.0868
vn -0.5049 0.8522 -0.1368
vn -0.3150 0.9429 -0.1084
vn -0.3221 0.9374 -0.1322
vn -0.8073 0.5858 -0.0707
vn -0.8087 0.5881 -0.0128
vn -0.6671 0.7449 -0.0127
vn 0.8683 0.2248 -0.4421
vn 0.7589 -0.6301 0.1645
vn 0.5070 -0.8522 0.1295
vn 0.5103 -0.8488 0.1384
vn 0.9998 -0.0146 0.0096
vn 0.9926 -0.0130 0.1209
vn 0.9746 -0.1902 0.1181
vn -0.9810 -0.1770 -0.0794
vn -0.9817 -0.1867 -0.0378
vn -0.9991 0.0105 -0.0412
vn 0.9145 -0.3223 0.2445
vn 0.9258 -0.3031 0.2260
vn 0.8583 -0.4709 0.2038
vn 0.6701 -0.7356 0.0992
vn 0.5339 -0.8435 0.0596
vn 0.5257 -0.8473 0.0753
vn -0.2031 0.9787 -0.0307
vn -0.1983 0.9785 -0.0558
vn 0.0037 1.0000 0.0015
vn 0.9764 -0.1938 -0.0958
vn 0.9262 -0.3677 -0.0837
vn 0.9240 -0.3700 -0.0967
vn 0.9274 0.3693 -0.0591
vn 0.9288 0.3635 -0.0718
vn 0.9809 0.1813 -0.0700
vn -0.7057 0.7084 -0.0122
vn -0.5538 0.8326 -0.0113
vn -0.7017 -0.7116 -0.0344
vn -0.6974 -0.7148 -0.0520
vn -0.8244 -0.5635 -0.0533
vn -0.9835 0.0643 -0.1693
vn -0.9564 0.0438 -0.2888
vn -0.9933 -0.0097 -0.1156
vn -0.6515 -0.7555 -0.0687
vn -0.7941 -0.6076 -0.0137
vn -0.7927 -0.6055 -0.0702
vn 0.9809 0.1858 -0.0576
vn 0.8318 -0.5551 -0.0035
vn 0.8327 -0.5533 -0.0195
vn 0.7095 -0.7044 -0.0204
vn 0.7921 -0.5981 0.1217
vn 0.8039 -0.5869 0.0965
vn 0.6806 -0.7284 0.0787
vn -0.8828 0.1162 0.4552
vn -0.8807 0.2861 0.3775
vn -0.8545 0.2730 0.4419
vn -0.3580 0.9304 -0.0789
vn -0.3482 0.9318 -0.1023
vn -0.1570 0.9828 -0.0978
vn -0.9181 0.3871 -0.0850
vn 0.9441 -0.1314 -0.3024
vn 0.9690 -0.1374 -0.2055
vn 0.9099 -0.2956 -0.2908
vn -0.5231 0.8463 -0.1013
vn -0.3621 0.9293 -0.0721
vn -0.1885 0.9817 -0.0274
vn -0.1902 0.9815 -0.0211
vn -0.0007 1.0000 -0.0000
vn -0.1286 0.9835 -0.1272
vn -0.1198 0.9872 -0.1049
vn 0.0772 0.9919 -0.1012
vn 0.9111 0.0470 0.4096
vn 0.8456 -0.4443 0.2959
vn 0.9802 0.1727 -0.0966
vn 0.9819 0.1703 -0.0834
vn 0.9965 -0.0117 -0.0829
vn -0.9768 -0.0417 0.2103
vn -0.9847 0.1435 0.0990
vn -0.9679 0.1396 0.2088
vn -0.9990 -0.0407 -0.0169
vn -0.9903 -0.0409 -0.1326
vn -0.9810 0.1428 -0.1317
vn -0.5321 0.8249 -0.1908
vn -0.3766 0.9102 -0.1724
vn 0.8599 0.2242 0.4585
vn -0.1987 0.9791 0.0423
vn 0.0039 1.0000 -0.0008
vn 0.0036 1.0000 -0.0016
vn 0.0021 1.0000 -0.0024
vn 0.0027 1.0000 -0.0025
vn 0.2152 0.9721 -0.0936
vn -0.7055 -0.7086 -0.0111
vn -0.8275 -0.5602 -0.0360
vn -0.8303 -0.5572 -0.0120
vn 0.5568 0.8307 -0.0053
vn 0.5603 0.8280 -0.0235
vn 0.7104 0.7034 -0.0219
vn -0.9730 0.0861 -0.2140
vn -0.9541 0.2545 -0.1580
vn -0.9362 0.2788 -0.2139
vn -0.9238 -0.2404 -0.2979
vn -0.9284 -0.2866 -0.2364
vn -0.9635 -0.0799 -0.2555
vn 0.8125 -0.5772 0.0813
vn 0.8218 -0.5678 0.0473
vn 0.6975 -0.7156 0.0370
vn 0.5520 0.8313 0.0658
vn 0.7062 0.7057 0.0567
vn 0.7062 0.7030 0.0842
vn 0.6655 0.7464 0.0039
vn 0.8149 0.5700 0.1049
vn 0.8227 0.5684 0.0053
vn 0.8807 -0.4657 -0.0868
vn 0.6814 -0.7318 0.0113
vn 0.6800 -0.7302 -0.0670
vn 0.8781 -0.4644 0.1155
vn 0.6725 -0.7217 0.1638
vn 0.6788 -0.7288 0.0893
vn -0.9239 0.3057 -0.2302
vn -0.7677 -0.6124 -0.1886
vn -0.7523 -0.6030 -0.2654
vn -0.8562 -0.4181 -0.3033
vn 0.8338 -0.5508 -0.0382
vn 0.8348 -0.5486 -0.0466
vn 0.7139 -0.6986 -0.0474
vn 0.5695 -0.8199 -0.0585
vn 0.4085 -0.9095 -0.0764
vn 0.4018 -0.9138 -0.0602
vn -0.6771 -0.7286 -0.1036
vn -0.7987 -0.5858 -0.1378
vn -0.8084 -0.5787 -0.1078
vn -0.7926 -0.5932 -0.1411
vn 0.8655 -0.5008 0.0119
vn 0.6628 -0.7487 0.0112
vn 0.9091 -0.3358 0.2466
vn 0.8467 -0.4834 0.2222
vn 0.9024 0.4306 0.0151
vn -0.3814 0.9244 -0.0064
vn -0.9973 -0.0155 -0.0724
vn -0.9800 0.1985 -0.0130
vn -0.9776 0.1976 -0.0723
vn -0.9889 -0.0139 -0.1477
vn -0.9927 -0.0149 -0.1199
vn -0.9732 0.1961 -0.1198
vn 0.4155 0.9057 -0.0844
vn 0.8498 0.5173 -0.1007
vn 0.9340 0.3471 -0.0845
vn 0.9313 0.3507 -0.0983
vn -0.3753 0.9063 0.1944
vn -0.1986 0.9764 0.0843
vn -0.1986 0.9748 0.1021
vn 0.8352 0.5485 -0.0395
vn 0.8372 0.5447 -0.0489
vn 0.9263 0.3738 -0.0476
vn 0.5646 0.8243 -0.0422
vn 0.7168 0.6955 -0.0505
vn 0.7134 0.6995 -0.0407
vn 0.8584 0.4436 0.2577
vn 0.8478 0.4761 0.2338
vn 0.9276 0.2792 0.2480
vn 0.9260 0.3356 0.1728
vn 0.9784 0.1567 0.1351
vn 0.9750 0.1358 0.1757
vn -0.6757 0.7242 -0.1380
vn -0.5148 0.8469 -0.1332
vn -0.8166 0.5660 -0.1131
vn -0.8216 0.5638 -0.0843
vn 0.9243 -0.3774 -0.0561
vn 0.9239 -0.3763 -0.0686
vn 0.8362 -0.5439 -0.0694
vn -0.9208 0.3862 -0.0553
vn -0.9999 -0.0004 -0.0137
vn -0.9799 0.1957 -0.0386
vn -0.9806 0.1953 -0.0137
vn -0.6931 -0.7182 -0.0617
vn -0.6869 -0.7228 -0.0756
vn -0.8164 -0.5722 -0.0784
vn -0.8213 -0.5670 -0.0636
vn -0.5182 0.8410 -0.1556
vn 0.9423 0.0441 0.3318
vn 0.9259 -0.3027 0.2259
vn -0.8140 0.5756 -0.0777
vn -0.8236 0.5655 -0.0433
vn -0.6987 0.7143 -0.0399
vn 0.4195 0.8871 0.1928
vn 0.4139 0.8820 0.2252
vn 0.5856 0.7462 0.3167
vn -0.8469 0.5316 -0.0093
vn -0.6523 0.7500 -0.1094
vn -0.5595 -0.8222 -0.1050
vn -0.5561 -0.8277 -0.0753
vn -0.7118 -0.6955 -0.0982
vn -0.8337 -0.5485 -0.0642
vn -0.9256 -0.3769 -0.0337
vn -0.9261 -0.3702 -0.0728
vn 0.8838 -0.4677 0.0147
vn 0.9720 0.2346 0.0163
vn -0.9189 -0.0459 0.3918
vn -0.1150 0.9913 -0.0640
vn -0.1135 0.9935 -0.0125
vn 0.0847 0.9963 -0.0125
vn -0.6665 0.7423 -0.0694
vn -0.9998 -0.0154 -0.0132
vn -0.6521 -0.7580 -0.0138
vn 0.0828 0.9946 -0.0620
vn 0.6123 0.7886 -0.0567
vn 0.6144 0.7889 -0.0125
vn 0.7504 0.6609 -0.0125
vn -0.1987 0.9780 0.0641
vn -0.7670 0.5906 0.2510
vn -0.6708 0.7273 0.1452
vn -0.5336 0.8275 0.1744
vn 0.8468 -0.5292 -0.0539
vn 0.7382 -0.6744 -0.0134
vn 0.7362 -0.6745 -0.0549
vn -0.9501 -0.0433 0.3089
vn -0.9074 0.2981 0.2963
vn 0.7485 0.6608 -0.0553
vn 0.9841 0.1693 -0.0528
vn 0.9855 0.1693 -0.0127
vn 0.9998 -0.0119 -0.0128
vn 0.8485 -0.5290 -0.0133
vn 0.9985 -0.0120 -0.0526
vn -0.8310 -0.4104 -0.3756
vn -0.8872 -0.2254 -0.4026
vn 0.3762 0.9234 0.0764
vn -0.1872 0.9816 -0.0382
vn -0.0013 1.0000 -0.0003
vn -0.5496 0.8347 -0.0349
vn -0.3756 0.9262 -0.0331
vn 0.0020 1.0000 -0.0081
vn 0.2022 0.9790 -0.0271
vn 0.1969 0.9804 -0.0071
vn -0.1675 0.9829 -0.0764
vn -0.5449 0.8369 -0.0523
vn -0.5405 0.8388 -0.0647
vn -0.3644 0.9291 -0.0630
vn -0.6648 -0.7351 -0.1329
vn -0.8189 -0.5737 -0.0173
vn -0.8083 -0.5742 -0.1302
vn -0.9215 -0.3570 -0.1526
vn 0.9170 -0.3465 0.1976
vn 0.8747 0.4093 0.2596
vn 0.9311 0.2452 0.2702
vn 0.9392 0.2117 0.2705
vn 0.8594 -0.5004 0.1052
vn 0.3675 -0.9262 0.0839
vn 0.3744 -0.9259 0.0500
vn 0.8326 0.5450 0.0986
vn 0.8322 0.5506 0.0660
vn 0.9250 0.3733 0.0716
vn 0.7225 0.5833 -0.3711
vn 0.7416 0.5920 -0.3157
vn 0.8395 0.4104 -0.3560
vn 0.9512 0.0440 -0.3054
vn 0.9773 0.0424 -0.2078
vn 0.8596 -0.2715 -0.4329
vn 0.6565 -0.7028 -0.2739
vn 0.7646 -0.6197 0.1771
vn 0.7772 -0.6090 0.1581
vn 0.6581 -0.7417 0.1297
vn 0.6888 -0.7219 0.0660
vn 0.9998 -0.0007 -0.0186
vn 0.9808 0.1914 -0.0377
vn 0.9989 -0.0025 -0.0461
vn 0.9993 -0.0014 -0.0374
vn 0.9902 -0.0442 0.1325
vn 0.9791 0.1698 0.1122
vn 0.9974 -0.0160 0.0708
vn 0.9934 -0.0296 0.1109
vn 0.6587 0.7473 0.0875
vn -0.2048 0.9788 -0.0010
vn 0.0049 1.0000 0.0012
vn 0.0052 1.0000 0.0001
vn 0.7077 -0.7065 -0.0039
vn -0.9334 0.1316 -0.3337
vn -0.6488 0.7001 -0.2981
vn -0.6594 0.7135 -0.2368
vn -0.9697 -0.0418 -0.2406
vn 0.6665 -0.7146 -0.2125
vn 0.8693 -0.4588 -0.1838
vn 0.6747 -0.7242 -0.1426
vn -0.9931 0.0373 -0.1109
vn -0.5321 0.8435 -0.0730
vn -0.5397 0.8400 -0.0560
vn -0.3717 0.9275 -0.0400
vn -0.9942 -0.0409 0.0997
vn -0.9893 0.1446 -0.0168
vn -0.6067 -0.7708 0.1943
vn -0.6143 -0.7782 0.1303
vn -0.7712 -0.6150 0.1644
vn 0.7222 -0.6858 -0.0902
vn 0.5884 -0.8018 -0.1043
vn 0.5809 -0.8086 -0.0937
vn 0.9771 -0.1950 -0.0850
vn 0.7360 0.5885 0.3347
vn 0.0031 1.0000 0.0023
vn 0.0026 1.0000 0.0025
vn 0.2148 0.9715 0.0997
vn -0.7374 -0.6387 -0.2200
vn -0.8482 -0.4871 -0.2079
vn -0.8543 -0.4473 -0.2648
vn -0.7822 -0.5843 -0.2162
vn -0.7546 -0.6068 -0.2499
vn -0.8651 -0.4040 -0.2973
vn -0.5546 -0.8311 -0.0423
vn -0.5561 -0.8309 -0.0191
vn -0.7083 -0.7055 -0.0243
vn 0.9815 -0.1914 0.0107
vn 0.2186 0.9758 0.0038
vn 0.4309 0.9005 0.0582
vn 0.4319 0.9019 0.0074
vn 0.2178 0.9748 -0.0478
vn 0.2184 0.9756 -0.0224
vn 0.4312 0.9012 -0.0436
vn 0.7118 -0.7013 -0.0392
vn 0.2129 0.9701 0.1168
vn 0.2176 0.9745 0.0551
vn 0.4244 0.8925 0.1526
vn 0.4283 0.8973 0.1072
vn 0.2183 0.9754 0.0298
vn 0.4154 0.8837 -0.2156
vn 0.6006 0.7571 -0.2569
vn 0.5889 0.7488 -0.3040
vn -0.9691 0.2461 -0.0144
vn -0.9345 -0.3553 -0.0188
vn 0.9793 -0.1945 -0.0561
vn 0.9808 0.1891 -0.0467
vn -0.8052 0.5753 -0.1441
vn -0.8054 0.5811 -0.1172
vn -0.6663 0.7368 -0.1148
vn 0.0032 1.0000 -0.0022
vn 0.2167 0.9736 -0.0718
vn 0.7597 0.6017 -0.2465
vn 0.8645 0.4179 -0.2793
vn 0.9683 0.1078 0.2255
vn 0.9832 -0.0652 0.1705
vn 0.9715 -0.0914 0.2188
vn -0.3698 0.9277 -0.0509
vn -0.9222 0.3848 -0.0383
vn 0.6437 -0.6871 0.3369
vn -0.9977 -0.0035 -0.0674
vn -0.9964 -0.0065 -0.0843
vn -0.9773 0.1943 -0.0850
vn -0.9052 0.3947 -0.1577
vn -0.9560 0.2416 -0.1662
vn 0.6467 -0.6906 -0.3238
vn 0.0537 0.9919 -0.1154
vn 0.2457 0.9631 -0.1095
vn 0.8990 0.3862 0.2064
vn 0.6383 0.7537 0.1564
vn 0.7651 0.5995 0.2348
vn 0.7929 0.5797 0.1876
vn 0.1990 0.9776 0.0680
vn -0.5352 0.8447 -0.0035
vn 0.7320 0.6747 -0.0945
vn 0.8463 0.5248 -0.0909
vn 0.5108 -0.8521 0.1137
vn 0.3584 -0.9312 0.0671
vn 0.3553 -0.9315 0.0781
vn -0.7893 0.5973 -0.1423
vn -0.8039 0.5860 -0.1020
vn -0.6793 0.7284 -0.0898
vn -0.3670 0.9287 -0.0520
vn 0.9963 -0.0095 -0.0852
vn -0.7343 -0.5929 -0.3305
vn -0.7164 -0.5850 -0.3802
vn -0.8067 -0.4051 -0.4303
vn -0.7216 -0.5877 0.3659
vn -0.8386 -0.4132 0.3551
vn -0.8138 -0.4071 0.4147
vn -0.8816 0.4717 -0.0150
vn -0.6190 -0.7830 0.0612
vn -0.7827 -0.6223 -0.0131
vn -0.7802 -0.6207 0.0775
vn 0.9247 0.3091 0.2221
vn 0.5586 0.8169 0.1440
vn 0.7154 0.6749 0.1809
vn -0.9807 -0.1645 -0.1054
vn -0.9962 0.0225 -0.0836
vn -0.8352 -0.5434 -0.0848
vn -0.5537 -0.8309 -0.0548
vn -0.7079 -0.7043 -0.0539
vn -0.7085 -0.7022 -0.0707
vn -0.6511 0.7410 -0.1642
vn -0.9569 0.1206 -0.2642
vn 0.9816 -0.1405 0.1295
vn 0.9852 -0.1412 -0.0974
vn 0.9498 -0.3124 0.0158
vn -0.8922 -0.3727 -0.2551
vn -0.1874 0.9818 -0.0312
vn 0.3887 0.9210 -0.0252
vn -0.3747 0.9045 -0.2037
vn -0.1986 0.9742 -0.1072
vn -0.6386 0.6864 -0.3480
vn 1.0000 -0.0002 -0.0031
vn 0.8800 0.4226 0.2169
vn 0.9182 0.2273 0.3243
vn 0.9767 -0.0024 0.2146
vn 0.9508 -0.1660 0.2617
vn 0.6635 -0.7113 0.2319
vn 0.9806 0.1816 0.0731
vn -0.3812 0.9237 0.0382
vn -0.9145 0.3880 -0.1151
vn -0.8094 0.5699 -0.1419
vn -0.9743 0.1932 -0.1159
vn -0.7250 -0.6670 -0.1717
vn -0.7163 -0.6841 -0.1374
vn -0.8418 -0.5137 -0.1661
vn -0.8384 -0.5320 -0.1188
vn -0.1422 0.9823 -0.1215
vn -0.6853 0.7198 -0.1102
vn 0.5907 0.8008 -0.0989
vn 0.0392 0.9949 -0.0932
vn 0.9805 0.1766 -0.0862
vn 0.7260 0.6833 -0.0771
vn 0.9976 -0.0072 -0.0689
vn 0.8377 -0.5391 -0.0875
vn 0.9651 0.0776 0.2501
vn 0.8717 -0.4545 0.1833
vn -0.8721 0.2827 -0.3993
vn 0.9799 -0.1939 -0.0459
vn 0.7158 -0.6960 -0.0573
vn -0.9655 0.2348 -0.1124
vn -0.6889 0.7216 -0.0687
vn 0.7099 0.6903 0.1400
vn 0.5527 0.8322 0.0443
vn -0.9327 0.1582 -0.3242
vn 0.8070 0.4025 0.4322
vn 0.8318 0.4076 0.3767
vn 0.7183 -0.6921 -0.0711
vn 0.6198 0.7733 -0.1337
vn 0.7840 0.6157 -0.0784
vn 0.7746 0.6102 -0.1663
vn 0.6113 0.7659 -0.1992
vn -0.8758 0.4682 -0.1178
vn -0.3780 0.9255 -0.0250
vn -0.1937 0.9810 -0.0136
vn -0.0017 1.0000 -0.0001
vn 0.8320 0.5548 -0.0040
vn -0.3559 0.9249 -0.1335
vn -0.3622 0.9220 -0.1366
vn 0.0016 1.0000 0.0006
vn 0.6532 -0.6991 0.2908
vn 0.9616 0.0462 0.2706
vn 0.7270 -0.6792 -0.1011
vn 0.5953 -0.7985 -0.0892
vn -0.6686 0.7301 -0.1409
vn 0.3942 0.9180 -0.0439
vn -0.1884 0.9796 -0.0700
vn -0.1851 0.9809 -0.0590
vn -0.6194 -0.7675 -0.1652
vn -0.6390 -0.7627 -0.0997
vn -0.6203 -0.7843 -0.0103
vn -0.7783 -0.6193 -0.1032
vn -0.5971 -0.7620 0.2505
vn -0.7570 -0.6063 0.2436
vn -0.7396 -0.5964 0.3118
vn -0.5866 -0.7539 0.2960
vn -0.6181 -0.7819 -0.0816
vn -0.6125 -0.7761 -0.1497
vn 0.5662 -0.8228 -0.0486
vn -0.8261 0.5608 -0.0546
vn -0.6959 0.7151 -0.0662
vn -0.6991 0.7130 -0.0536
vn -0.8285 0.5588 -0.0375
vn -0.6666 0.7348 -0.1249
vn -0.7703 0.6092 -0.1887
vn 0.9984 -0.0045 -0.0567
vn -0.1852 0.9815 -0.0494
vn -0.0020 1.0000 -0.0008
vn -0.0016 1.0000 -0.0008
vn -0.9150 0.3064 -0.2624
vn 0.9528 -0.2587 0.1587
vn 0.9628 -0.2397 0.1245
vn -0.3536 0.9286 -0.1126
vn 0.9686 -0.2254 0.1047
vn 0.9752 -0.2117 0.0651
vn 0.9157 -0.3979 0.0570
vn 0.7079 0.7063 -0.0046
vn 0.8335 0.5522 -0.0207
vn -0.9194 -0.3895 -0.0544
vn -0.9173 -0.3928 -0.0652
vn -0.9770 -0.2024 -0.0665
vn -0.9749 -0.2067 -0.0829
vn -0.9975 0.0683 -0.0168
vn -0.3852 -0.9187 -0.0867
vn -0.5667 -0.8135 -0.1304
vn -0.3944 -0.9123 -0.1103
vn -0.8446 0.4732 -0.2506
vn -0.8668 0.4544 -0.2054
vn -0.9783 -0.1999 -0.0551
vn -0.9214 -0.3868 -0.0372
vn -0.9035 -0.4284 -0.0135
vn -0.9736 -0.2279 -0.0133
vn -0.9015 -0.4269 -0.0713
vn -0.3727 0.9215 -0.1088
vn -0.3817 0.9223 -0.0602
vn -0.9712 -0.2271 -0.0721
vn -0.8986 -0.4227 -0.1176
vn -0.8306 0.5568 -0.0130
vn -0.4981 0.8670 -0.0126
vn -0.3106 0.9504 -0.0126
vn -0.4983 0.8644 -0.0678
vn -0.9795 -0.1980 -0.0381
vn -0.9232 -0.3841 -0.0128
vn -0.3115 0.9480 -0.0659
vn -0.5000 0.8588 -0.1118
vn 0.9808 -0.1950 -0.0031
vn 0.9240 -0.3824 -0.0032
vn 0.9243 -0.3812 -0.0189
vn -0.3806 -0.9243 -0.0293
vn -0.3788 -0.9247 -0.0375
vn -0.3019 -0.9532 -0.0140
vn -0.3027 -0.9508 -0.0652
vn -0.4853 -0.8742 -0.0139
vn -0.8974 -0.4170 -0.1443
vn -0.9671 -0.2246 -0.1191
vn -0.4854 -0.8717 -0.0670
vn -0.3066 -0.9459 -0.1058
vn 0.2764 0.9610 -0.0125
vn -0.9443 -0.2319 -0.2337
vn -0.9173 -0.2283 -0.3261
vn -0.9410 -0.0434 -0.3356
vn -0.9091 -0.0462 -0.4140
vn 0.2743 0.9598 -0.0601
vn 0.4548 0.8905 -0.0125
vn -0.1987 0.9775 -0.0703
vn -0.1987 0.9788 -0.0488
vn 0.5741 -0.8155 -0.0734
vn 0.2683 0.9584 -0.0976
vn 0.4527 0.8898 -0.0583
vn 0.8575 0.4151 0.3039
vn 0.8882 0.2246 0.4007
vn 0.5324 -0.8168 -0.2223
vn 0.5379 -0.8253 -0.1717
vn 0.3837 -0.9152 -0.1229
vn 0.3857 -0.9190 -0.0819
vn 0.5363 -0.8229 0.1876
vn 0.3805 -0.9090 0.1699
vn 0.3830 -0.9139 0.1344
vn 0.9704 0.0424 0.2378
vn 0.9905 0.0415 0.1310
vn 0.6023 -0.7981 -0.0136
vn -0.4878 -0.8661 -0.1093
vn -0.3147 -0.9406 -0.1276
vn 0.3813 -0.9106 -0.1596
vn 0.5268 -0.8080 -0.2638
vn 0.6002 -0.7979 -0.0562
vn 0.4447 -0.8956 -0.0137
vn 0.6480 -0.7474 0.1469
vn -0.5229 0.8080 0.2716
vn 0.8593 0.5113 -0.0125
vn -0.9642 -0.2209 -0.1465
vn -0.9008 -0.4106 -0.1417
vn 0.9383 0.3456 -0.0126
vn 0.8577 0.5114 -0.0541
vn 0.3787 -0.9058 -0.1900
vn 0.4425 -0.8949 -0.0578
vn -0.1986 0.9759 -0.0902
vn 0.9812 -0.1924 -0.0130
vn 0.9799 -0.1926 -0.0527
vn 0.9303 -0.3666 -0.0131
vn 0.8541 0.5130 -0.0862
vn 0.9368 0.3457 -0.0533
vn 0.9288 -0.3668 -0.0531
vn 0.9777 -0.1930 -0.0830
vn 0.0675 0.9902 -0.1221
vn 0.4370 -0.8948 -0.0920
vn -0.4939 -0.8594 -0.1326
vn -0.3283 -0.9368 -0.1211
vn 0.1892 0.9815 0.0282
vn 0.1881 0.9814 0.0382
vn 0.7170 0.5805 0.3859
vn 0.3852 -0.9180 0.0942
vn -0.9092 0.3903 -0.1446
vn -0.9079 -0.4041 -0.1114
vn -0.9655 -0.2166 -0.1445
vn 0.7381 0.6666 -0.1040
vn -0.3344 0.9338 -0.1276
vn 0.5252 -0.8054 0.2748
vn -0.3440 -0.9343 -0.0939
vn -0.5056 -0.8534 -0.1272
vn 0.9953 -0.0109 -0.0958
vn 0.4268 0.8984 -0.1039
vn -0.9706 -0.2118 -0.1140
vn -0.9139 -0.3978 -0.0809
vn -0.5269 0.8432 -0.1065
vn -0.6921 0.7170 -0.0829
vn -0.4185 -0.8964 -0.1461
vn -0.4148 -0.8910 -0.1846
vn -0.5942 -0.7590 -0.2661
vn -0.5836 -0.7513 -0.3081
vn 0.9300 0.3568 -0.0881
vn -0.5200 -0.8484 -0.0988
vn -0.3556 -0.9320 -0.0698
vn 0.0285 0.9969 -0.0738
vn 0.2324 0.9686 -0.0887
vn 0.9236 -0.3736 -0.0858
vn 0.4286 -0.8970 -0.1083
vn 0.4184 -0.9030 -0.0980
vn 0.8429 0.5329 -0.0742
vn 0.7208 0.6902 -0.0631
vn -0.5353 0.8408 -0.0811
vn -0.3631 -0.9300 -0.0576
vn -0.5311 -0.8442 -0.0727
vn 0.9784 -0.1953 -0.0684
vn 0.2223 0.9724 -0.0710
vn 0.8355 -0.5466 -0.0564
vn -0.8241 0.5624 -0.0672
vn 0.8397 0.5396 -0.0609
# 1216 vertex normals

o Group22992
g Group22992
s off
f 1//1 2//1 3//1 
f 1//1 3//1 4//1 
f 1//1 4//1 5//1 
f 1//1 5//1 6//1 
f 1//1 6//1 7//1 
f 1//1 7//1 8//1 
f 1//1 8//1 9//1 
f 1//1 9//1 10//1 
f 1//1 10//1 11//1 
f 1//1 11//1 12//1 
f 1//1 12//1 13//1 
f 1//1 13//1 14//1 
f 1//1 14//1 15//1 
f 1//1 15//1 16//1 
f 1//1 16//1 17//1 
f 1//1 17//1 18//1 
f 1//1 18//1 19//1 
f 1//1 19//1 20//1 
f 1//1 20//1 21//1 
f 1//1 21//1 22//1 
f 1//1 22//1 23//1 
f 1//1 23//1 24//1 
f 1//1 24//1 25//1 
f 1//1 25//1 26//1 
f 1//1 26//1 27//1 
f 1//1 27//1 28//1 
f 1//1 28//1 29//1 
f 1//1 29//1 30//1 
f 1//1 30//1 31//1 
f 1//1 31//1 32//1 
f 1//1 32//1 33//1 
f 1//1 33//1 2//1 
f 34//2 35//3 36//4 
f 36//4 35//3 37//5 
f 37//5 35//3 38//6 
f 38//6 35//3 39//7 
f 39//7 35//3 40//8 
f 40//8 35//3 41//9 
f 41//9 35//3 42//10 
f 42//10 35//3 43//11 
f 43//11 35//3 44//12 
f 44//12 35//3 45//13 
f 45//13 35//3 46//14 
f 46//14 35//3 47//15 
f 47//15 35//3 48//16 
f 48//16 35//3 49//17 
f 49//17 35//3 50//18 
f 50//18 35//3 51//19 
f 51//19 35//3 52//20 
f 52//20 35//3 53//21 
f 53//21 35//3 54//22 
f 54//22 35//3 55//23 
f 55//23 35//3 56//24 
f 56//24 35//3 57//25 
f 57//25 35//3 58//26 
f 58//26 35//3 59//27 
f 59//27 35//3 60//28 
f 60//28 35//3 61//29 
f 61//29 35//3 62//30 
f 62//30 35//3 63//31 
f 63//31 35//3 64//32 
f 64//32 35//3 65//33 
f 65//33 35//3 66//34 
f 66//34 35//3 34//2 
f 33//35 67//36 2//36 
f 33//35 68//35 67//36 
f 32//37 68//35 33//35 
f 68//35 69//38 67//36 
f 31//39 68//37 32//37 
f 70//40 71//41 69//38 
f 30//42 68//39 31//39 
f 72//43 73//44 71//41 
f 29//45 68//42 30//42 
f 74//46 75//47 73//44 
f 28//48 76//45 29//45 
f 77//49 78//50 75//47 
f 27//51 76//48 28//48 
f 79//52 80//53 78//50 
f 26//54 76//51 27//51 
f 81//55 82//56 80//53 
f 83//57 84//58 82//56 
f 85//59 86//60 84//58 
f 87//61 88//62 86//60 
f 89//63 90//64 88//62 
f 91//65 92//66 90//64 
f 93//67 34//68 92//66 
f 93//67 66//69 34//68 
f 93//70 65//71 66//69 
f 94//72 64//73 65//71 
f 94//74 63//75 64//73 
f 95//76 62//77 63//75 
f 95//78 61//79 62//77 
f 96//80 60//81 61//79 
f 96//82 59//83 60//81 
f 97//84 58//85 59//83 
f 97//86 57//87 58//85 
f 98//88 56//89 57//87 
f 98//90 55//91 56//89 
f 99//92 54//93 55//91 
f 99//94 53//95 54//93 
f 100//96 52//97 53//95 
f 100//98 51//99 52//97 
f 101//100 50//101 51//99 
f 101//102 49//103 50//101 
f 102//104 48//105 49//103 
f 102//106 47//107 48//105 
f 103//108 46//109 47//107 
f 103//110 45//111 46//109 
f 103//112 44//113 45//111 
f 104//114 43//115 44//113 
f 104//116 42//117 43//115 
f 105//118 41//119 42//117 
f 105//120 40//121 41//119 
f 106//122 39//123 40//121 
f 106//124 38//125 39//123 
f 107//126 37//127 38//125 
f 107//128 36//129 37//127 
f 92//66 36//129 107//128 
f 92//66 34//68 36//129 
f 90//64 92//66 107//128 
f 88//62 90//64 108//130 
f 86//60 88//62 109//131 
f 84//58 86//60 110//132 
f 82//56 84//58 111//133 
f 80//53 82//56 112//134 
f 78//50 80//53 113//135 
f 75//47 78//50 114//136 
f 73//44 75//47 115//137 
f 71//41 73//44 116//138 
f 69//38 71//41 117//139 
f 67//36 69//38 118//140 
f 2//36 67//36 119//141 
f 2//36 119//141 3//141 
f 3//141 119//142 4//142 
f 4//142 119//143 5//144 
f 5//144 119//145 6//146 
f 6//146 120//147 7//148 
f 7//148 120//149 8//150 
f 8//150 120//151 9//152 
f 9//152 121//153 10//154 
f 10//154 121//155 11//156 
f 11//156 121//157 12//158 
f 12//158 122//159 13//160 
f 13//160 122//161 14//162 
f 14//162 123//163 15//164 
f 15//164 123//165 16//166 
f 25//167 76//54 26//54 
f 24//168 124//167 25//167 
f 23//169 124//168 24//168 
f 22//170 124//169 23//169 
f 21//171 125//170 22//170 
f 20//172 125//171 21//171 
f 19//173 125//172 20//172 
f 18//174 125//173 19//173 
f 17//175 123//174 18//174 
f 16//166 123//175 17//175 
f 126//176 127//177 128//178 
f 126//176 128//178 129//179 
f 126//176 129//179 130//180 
f 126//176 130//180 131//181 
f 126//176 131//181 132//182 
f 126//176 132//182 133//183 
f 126//176 133//183 134//184 
f 126//176 134//184 135//185 
f 126//176 135//185 136//186 
f 126//176 136//186 137//185 
f 126//176 137//185 138//187 
f 126//176 138//187 139//188 
f 126//176 139//188 140//189 
f 126//176 140//189 141//190 
f 126//176 141//190 142//191 
f 126//176 142//191 143//192 
f 126//176 143//192 144//193 
f 126//176 144//193 145//194 
f 126//176 145//194 146//195 
f 126//176 146//195 147//196 
f 126//176 147//196 148//197 
f 126//176 148//197 149//198 
f 126//176 149//198 150//199 
f 126//176 150//199 151//200 
f 126//176 151//200 152//201 
f 126//176 152//201 153//202 
f 126//176 153//202 154//203 
f 126//176 154//203 155//204 
f 126//176 155//204 156//205 
f 126//176 156//205 157//206 
f 126//176 157//206 158//207 
f 126//176 158//207 127//177 
f 159//208 160//208 161//208 
f 161//208 160//208 162//208 
f 162//208 160//208 163//208 
f 163//208 160//208 164//208 
f 164//208 160//208 165//208 
f 165//208 160//208 166//208 
f 166//208 160//208 167//208 
f 167//208 160//208 168//208 
f 168//208 160//208 169//208 
f 169//208 160//208 170//208 
f 170//208 160//208 171//208 
f 171//208 160//208 172//208 
f 172//208 160//208 173//208 
f 173//208 160//208 174//208 
f 174//208 160//208 175//208 
f 175//208 160//208 176//208 
f 176//208 160//208 177//208 
f 177//208 160//208 178//208 
f 178//208 160//208 179//208 
f 179//208 160//208 180//208 
f 180//208 160//208 181//208 
f 181//208 160//208 182//208 
f 182//208 160//208 183//208 
f 183//208 160//208 184//208 
f 184//208 160//208 185//208 
f 185//208 160//208 186//208 
f 186//208 160//208 187//208 
f 187//208 160//208 188//208 
f 188//208 160//208 189//208 
f 189//208 160//208 190//208 
f 190//208 160//208 191//208 
f 191//208 160//208 159//208 
f 158//209 192//210 127//211 
f 158//209 193//212 192//210 
f 157//213 193//212 158//209 
f 193//212 194//214 192//210 
f 156//215 193//216 157//213 
f 195//217 196//218 194//214 
f 155//219 193//216 156//215 
f 197//220 198//221 196//218 
f 154//222 199//223 155//219 
f 200//224 201//225 198//221 
f 153//226 199//223 154//222 
f 202//227 203//228 201//225 
f 152//229 204//230 153//226 
f 205//231 206//232 203//228 
f 151//233 204//230 152//229 
f 207//234 208//235 206//232 
f 209//236 210//237 208//235 
f 211//238 212//239 210//237 
f 213//240 214//241 212//239 
f 215//242 216//243 214//241 
f 217//244 218//239 216//243 
f 219//245 159//36 218//239 
f 219//245 191//35 159//36 
f 219//246 190//37 191//35 
f 219//247 189//39 190//37 
f 219//248 188//42 189//39 
f 220//249 187//45 188//42 
f 220//250 186//48 187//45 
f 220//251 185//51 186//48 
f 220//252 184//253 185//51 
f 221//254 183//255 184//253 
f 221//256 182//257 183//255 
f 221//258 181//259 182//257 
f 221//260 180//261 181//259 
f 222//262 179//263 180//261 
f 222//264 178//265 179//263 
f 222//266 177//267 178//265 
f 223//268 176//174 177//267 
f 223//269 175//175 176//174 
f 223//270 174//166 175//175 
f 223//271 173//164 174//166 
f 224//272 172//162 173//164 
f 224//273 171//160 172//162 
f 224//274 170//158 171//160 
f 224//275 169//156 170//158 
f 225//276 168//154 169//156 
f 225//277 167//152 168//154 
f 225//278 166//150 167//152 
f 225//279 165//148 166//150 
f 226//280 164//146 165//148 
f 226//281 163//144 164//146 
f 226//282 162//142 163//144 
f 226//283 161//141 162//142 
f 218//239 161//141 226//283 
f 218//239 159//36 161//141 
f 216//243 218//239 226//283 
f 214//241 216//243 227//284 
f 212//239 214//241 228//285 
f 210//237 212//239 229//286 
f 208//235 210//237 230//287 
f 206//232 208//235 231//288 
f 203//228 206//232 232//289 
f 201//225 203//228 233//290 
f 198//221 201//225 234//291 
f 196//218 198//221 235//292 
f 194//214 196//218 236//293 
f 192//210 194//214 237//294 
f 127//211 192//210 238//295 
f 127//211 238//295 128//296 
f 128//296 238//297 129//298 
f 129//298 238//299 130//300 
f 130//300 238//301 131//302 
f 131//302 239//303 132//304 
f 132//304 239//305 133//306 
f 133//306 240//307 134//308 
f 134//308 240//309 135//310 
f 135//310 240//309 136//311 
f 136//311 240//309 137//312 
f 137//312 241//313 138//314 
f 138//314 241//313 139//315 
f 139//315 241//313 140//316 
f 140//316 242//317 141//318 
f 150//319 204//230 151//233 
f 149//320 243//321 150//319 
f 148//322 243//323 149//320 
f 147//324 243//325 148//322 
f 146//326 243//327 147//324 
f 145//328 244//329 146//326 
f 144//330 244//331 145//328 
f 143//332 244//333 144//330 
f 142//334 244//335 143//332 
f 141//318 242//336 142//334 
f 245//337 246//338 247//338 
f 245//337 247//338 248//339 
f 245//337 248//339 249//340 
f 245//337 249//340 250//340 
f 245//337 250//340 251//341 
f 245//337 251//341 252//341 
f 245//337 252//341 253//342 
f 245//337 253//342 254//342 
f 245//337 254//342 255//343 
f 245//337 255//343 256//343 
f 245//337 256//343 257//344 
f 245//337 257//344 258//344 
f 245//337 258//344 259//345 
f 245//337 259//345 260//345 
f 245//337 260//345 261//346 
f 245//337 261//346 262//347 
f 245//337 262//347 263//347 
f 245//337 263//347 264//348 
f 245//337 264//348 265//349 
f 245//337 265//349 266//350 
f 245//337 266//350 267//351 
f 245//337 267//351 268//352 
f 245//337 269//353 270//354 
f 245//337 270//354 271//354 
f 245//337 271//354 272//355 
f 245//337 272//355 273//356 
f 245//337 273//356 274//357 
f 245//337 274//357 275//358 
f 245//337 275//358 276//359 
f 245//337 276//359 246//338 
f 277//360 278//361 279//362 
f 279//362 278//361 280//362 
f 280//362 278//361 281//362 
f 281//362 278//361 282//363 
f 282//363 278//361 283//363 
f 283//363 278//361 284//364 
f 284//364 278//361 285//364 
f 285//364 278//361 286//365 
f 286//365 278//361 287//365 
f 287//365 278//361 288//366 
f 288//366 278//361 289//366 
f 289//366 278//361 290//367 
f 290//367 278//361 291//367 
f 291//367 278//361 292//367 
f 292//367 278//361 293//368 
f 293//368 278//361 294//369 
f 294//369 278//361 295//369 
f 295//369 278//361 296//370 
f 296//370 278//361 297//370 
f 297//370 278//361 298//371 
f 298//371 278//361 299//371 
f 299//371 278//361 300//372 
f 300//372 278//361 301//373 
f 301//373 278//361 302//374 
f 302//374 278//361 303//375 
f 303//375 278//361 304//376 
f 304//376 278//361 305//377 
f 305//377 278//361 306//378 
f 306//378 278//361 307//379 
f 307//379 278//361 308//379 
f 308//379 278//361 309//380 
f 309//380 278//361 277//360 
f 245//337 268//352 310//381 
f 268//352 311//382 310//381 
f 267//383 312//384 268//352 
f 266//385 312//386 267//383 
f 265//387 312//388 266//385 
f 264//389 312//390 265//387 
f 263//391 313//392 264//389 
f 262//393 313//394 263//391 
f 261//395 313//396 262//393 
f 260//397 313//398 261//395 
f 259//399 314//400 260//397 
f 258//401 314//402 259//399 
f 257//403 315//404 258//401 
f 256//405 315//404 257//403 
f 255//406 315//404 256//405 
f 254//407 315//404 255//406 
f 253//408 316//409 254//407 
f 252//410 316//409 253//408 
f 251//411 317//412 252//410 
f 250//413 317//414 251//411 
f 249//415 317//416 250//413 
f 248//417 317//418 249//415 
f 247//419 318//420 248//417 
f 246//421 318//422 247//419 
f 246//421 319//423 318//422 
f 319//423 320//424 321//425 
f 320//424 322//426 323//427 
f 322//426 324//428 325//429 
f 324//428 326//430 327//431 
f 326//430 328//432 329//433 
f 328//432 330//434 331//435 
f 330//434 332//436 333//437 
f 332//436 334//438 335//439 
f 334//438 336//440 337//441 
f 336//440 338//442 339//443 
f 338//442 340//444 341//445 
f 340//444 342//446 343//447 
f 342//446 279//448 343//447 
f 342//446 277//449 279//448 
f 343//447 279//448 280//450 
f 343//451 280//450 281//452 
f 343//453 281//452 282//454 
f 343//455 282//454 283//456 
f 344//457 283//456 284//458 
f 344//459 284//458 285//460 
f 345//461 285//460 286//462 
f 345//463 286//462 287//464 
f 346//465 287//464 288//466 
f 346//465 288//466 289//467 
f 346//468 289//467 290//469 
f 347//470 290//469 291//471 
f 347//472 291//471 292//473 
f 347//474 292//473 293//475 
f 348//476 293//475 294//477 
f 348//478 294//477 295//479 
f 348//480 295//479 296//481 
f 348//482 296//481 297//483 
f 349//484 297//483 298//485 
f 349//486 298//485 299//487 
f 350//488 299//487 300//372 
f 350//489 300//372 301//373 
f 350//489 301//373 302//374 
f 351//490 302//374 303//375 
f 351//491 303//375 304//492 
f 351//493 304//492 305//494 
f 352//495 305//494 306//496 
f 352//495 306//496 307//497 
f 352//498 307//497 308//499 
f 353//500 308//499 309//501 
f 353//502 309//501 277//449 
f 353//502 277//449 342//446 
f 354//503 342//446 340//444 
f 355//504 340//444 338//442 
f 356//505 338//442 336//440 
f 357//506 336//440 334//438 
f 358//507 334//438 332//436 
f 359//508 332//436 330//434 
f 360//509 330//434 328//432 
f 361//510 328//432 326//430 
f 362//511 326//430 324//428 
f 363//512 324//428 322//426 
f 364//513 322//426 320//424 
f 365//514 320//424 319//423 
f 276//515 365//514 319//423 
f 276//515 319//423 246//421 
f 275//516 365//514 276//515 
f 274//517 365//518 275//516 
f 273//519 365//520 274//517 
f 272//521 365//522 273//519 
f 271//523 365//522 272//521 
f 270//524 311//525 271//523 
f 269//353 311//525 270//524 
f 310//381 311//382 269//353 
f 245//337 310//381 269//353 
f 366//337 367//338 368//338 
f 366//337 368//338 369//339 
f 366//337 369//339 370//340 
f 366//337 370//340 371//340 
f 366//337 371//340 372//341 
f 366//337 372//341 373//341 
f 366//337 373//341 374//342 
f 366//337 374//342 375//342 
f 366//337 375//342 376//343 
f 366//337 376//343 377//343 
f 366//337 377//343 378//344 
f 366//337 378//344 379//344 
f 366//337 379//344 380//345 
f 366//337 380//345 381//345 
f 366//337 381//345 382//346 
f 366//337 382//346 383//347 
f 366//337 383//347 384//347 
f 366//337 384//347 385//348 
f 366//337 385//348 386//349 
f 366//337 386//349 387//350 
f 366//337 387//350 388//351 
f 366//337 388//351 389//352 
f 366//337 390//353 391//354 
f 366//337 391//354 392//354 
f 366//337 392//354 393//355 
f 366//337 393//355 394//356 
f 366//337 394//356 395//357 
f 366//337 395//357 396//358 
f 366//337 396//358 397//359 
f 366//337 397//359 367//338 
f 398//360 399//361 400//362 
f 400//362 399//361 401//362 
f 401//362 399//361 402//362 
f 402//362 399//361 403//363 
f 403//363 399//361 404//363 
f 404//363 399//361 405//364 
f 405//364 399//361 406//364 
f 406//364 399//361 407//365 
f 407//365 399//361 408//365 
f 408//365 399//361 409//366 
f 409//366 399//361 410//366 
f 410//366 399//361 411//367 
f 411//367 399//361 412//367 
f 412//367 399//361 413//367 
f 413//367 399//361 414//368 
f 414//368 399//361 415//369 
f 415//369 399//361 416//369 
f 416//369 399//361 417//370 
f 417//370 399//361 418//370 
f 418//370 399//361 419//371 
f 419//371 399//361 420//371 
f 420//371 399//361 421//372 
f 421//372 399//361 422//373 
f 422//373 399//361 423//374 
f 423//374 399//361 424//375 
f 424//375 399//361 425//376 
f 425//376 399//361 426//377 
f 426//377 399//361 427//378 
f 427//378 399//361 428//379 
f 428//379 399//361 429//379 
f 429//379 399//361 430//380 
f 430//380 399//361 398//360 
f 366//337 389//352 431//381 
f 389//352 432//382 431//381 
f 388//383 433//384 389//352 
f 387//385 433//386 388//383 
f 386//387 433//388 387//385 
f 385//389 433//390 386//387 
f 384//391 434//392 385//389 
f 383//393 434//394 384//391 
f 382//395 434//396 383//393 
f 381//397 434//398 382//395 
f 380//399 435//400 381//397 
f 379//401 435//402 380//399 
f 378//403 436//404 379//401 
f 377//405 436//404 378//403 
f 376//406 436//404 377//405 
f 375//407 436//404 376//406 
f 374//408 437//409 375//407 
f 373//410 437//409 374//408 
f 372//411 438//412 373//410 
f 371//413 438//414 372//411 
f 370//415 438//416 371//413 
f 369//417 438//418 370//415 
f 368//419 439//420 369//417 
f 367//421 439//422 368//419 
f 367//421 440//423 439//422 
f 440//423 441//424 442//425 
f 441//424 443//426 444//427 
f 443//426 445//428 446//429 
f 445//428 447//430 448//431 
f 447//430 449//432 450//433 
f 449//432 451//434 452//435 
f 451//434 453//436 454//437 
f 453//436 455//438 456//439 
f 455//438 457//440 458//441 
f 457//440 459//442 460//443 
f 459//442 461//444 462//445 
f 461//444 463//446 464//447 
f 463//446 400//448 464//447 
f 463//446 398//449 400//448 
f 464//447 400//448 401//450 
f 464//451 401//450 402//452 
f 464//453 402//452 403//454 
f 464//455 403//454 404//456 
f 465//457 404//456 405//458 
f 465//459 405//458 406//460 
f 466//461 406//460 407//462 
f 466//463 407//462 408//464 
f 467//465 408//464 409//466 
f 467//465 409//466 410//467 
f 467//468 410//467 411//469 
f 468//470 411//469 412//471 
f 468//472 412//471 413//473 
f 468//474 413//473 414//475 
f 469//476 414//475 415//477 
f 469//478 415//477 416//479 
f 469//480 416//479 417//481 
f 469//482 417//481 418//483 
f 470//484 418//483 419//485 
f 470//486 419//485 420//487 
f 471//488 420//487 421//372 
f 471//489 421//372 422//373 
f 471//489 422//373 423//374 
f 472//490 423//374 424//375 
f 472//491 424//375 425//492 
f 472//493 425//492 426//494 
f 473//495 426//494 427//496 
f 473//495 427//496 428//497 
f 473//498 428//497 429//499 
f 474//500 429//499 430//501 
f 474//502 430//501 398//449 
f 474//502 398//449 463//446 
f 475//503 463//446 461//444 
f 476//504 461//444 459//442 
f 477//505 459//442 457//440 
f 478//506 457//440 455//438 
f 479//507 455//438 453//436 
f 480//508 453//436 451//434 
f 481//509 451//434 449//432 
f 482//510 449//432 447//430 
f 483//511 447//430 445//428 
f 484//512 445//428 443//426 
f 485//513 443//426 441//424 
f 486//514 441//424 440//423 
f 397//515 486//514 440//423 
f 397//515 440//423 367//421 
f 396//516 486//514 397//515 
f 395//517 486//518 396//516 
f 394//519 487//520 395//517 
f 393//521 487//522 394//519 
f 392//523 487//522 393//521 
f 391//524 432//525 392//523 
f 390//353 432//525 391//524 
f 431//381 432//382 390//353 
f 366//337 431//381 390//353 
f 71//41 116//138 117//139 
f 85//59 87//61 86//60 
f 137//312 240//309 241//313 
f 202//227 205//231 203//228 
f 467//468 411//469 468//470 
f 484//512 483//511 445//428 
f 488//526 489//527 490//528 
f 445//428 448//431 446//429 
f 203//228 232//289 233//290 
f 491//529 492//530 493//531 
f 494//532 495//533 496//534 
f 84//58 110//132 111//133 
f 324//428 327//431 325//429 
f 358//507 357//506 334//438 
f 363//512 362//511 324//428 
f 497//526 498//527 499//528 
f 500//535 501//536 502//537 
f 479//507 478//506 455//438 
f 503//535 504//536 505//537 
f 346//468 290//469 347//470 
f 222//262 180//261 221//260 
f 208//235 230//287 231//288 
f 70//40 72//43 71//41 
f 506//538 507//539 508//540 
f 496//541 495//542 509//543 
f 99//92 55//91 98//90 
f 211//238 213//240 212//239 
f 510//544 511//545 512//546 
f 513//547 514//548 515//549 
f 516//550 517//551 518//552 
f 519//553 520//554 521//555 
f 103//108 47//107 102//106 
f 375//407 437//409 436//404 
f 522//556 523//557 524//558 
f 254//407 316//409 315//404 
f 525//556 526//557 527//558 
f 528//559 507//560 506//561 
f 14//162 122//161 123//163 
f 79//52 81//55 80//53 
f 529//562 530//563 531//564 
f 155//219 199//223 193//216 
f 532//565 533//566 534//567 
f 535//568 536//569 537//570 
f 491//571 493//572 538//573 
f 471//489 423//374 472//490 
f 539//574 540//575 541//576 
f 542//577 543//578 544//579 
f 545//580 546//581 547//582 
f 214//241 227//284 228//285 
f 548//583 549//584 550//585 
f 551//586 552//587 553//588 
f 554//589 555//590 556//591 
f 451//434 454//437 452//435 
f 489//527 500//535 502//537 
f 350//489 302//374 351//490 
f 557//574 558//575 559//576 
f 560//589 561//590 562//591 
f 563//586 564//587 565//588 
f 498//527 503//535 505//537 
f 330//434 333//437 331//435 
f 566//592 567//593 568//594 
f 569//595 570//596 571//597 
f 572//598 573//599 514//600 
f 574//601 575//602 576//603 
f 25//167 124//167 76//54 
f 577//604 578//605 579//606 
f 580//607 581//608 582//609 
f 95//76 63//75 94//74 
f 583//610 584//611 585//612 
f 586//613 587//614 588//615 
f 589//592 590//593 591//594 
f 592//595 593//596 594//597 
f 595//616 555//590 554//589 
f 389//352 433//384 432//382 
f 596//617 205//618 202//619 
f 597//620 598//621 599//622 
f 466//463 408//464 467//465 
f 455//438 458//441 456//439 
f 548//623 600//624 549//625 
f 225//276 169//156 224//275 
f 601//626 602//627 603//628 
f 604//629 213//630 211//631 
f 605//632 606//633 532//634 
f 142//334 242//336 244//335 
f 607//635 581//636 580//637 
f 608//638 609//639 610//640 
f 122//161 611//641 612//642 
f 117//643 116//644 613//645 
f 614//616 561//590 560//589 
f 268//352 312//384 311//382 
f 615//646 616//647 491//529 
f 194//214 236//293 237//294 
f 617//648 542//577 544//579 
f 75//47 114//136 115//137 
f 106//122 40//121 105//120 
f 618//649 619//650 620//651 
f 345//463 287//464 346//465 
f 334//438 337//441 335//439 
f 608//638 610//640 621//652 
f 622//653 623//654 72//655 
f 604//656 624//657 213//658 
f 220//249 188//42 219//248 
f 625//659 626//660 627//661 
f 443//426 446//429 444//427 
f 628//662 629//663 630//664 
f 546//581 631//665 547//582 
f 632//666 633//667 634//668 
f 481//509 480//508 451//434 
f 575//602 635//669 636//670 
f 637//671 638//672 510//673 
f 639//659 640//660 641//661 
f 322//426 325//429 323//427 
f 642//666 643//667 644//668 
f 360//509 359//508 330//434 
f 585//674 584//675 645//676 
f 101//100 51//99 100//98 
f 646//677 472//493 647//678 
f 477//505 476//504 459//442 
f 648//679 649//680 650//681 
f 97//84 59//83 96//82 
f 651//682 523//683 522//684 
f 652//685 653//686 654//687 
f 655//688 656//689 501//536 
f 646//677 657//690 472//490 
f 658//691 659//692 660//693 
f 661//694 553//695 662//696 
f 6//146 119//145 120//147 
f 118//697 663//698 664//699 
f 665//700 666//701 578//702 
f 18//174 123//174 125//173 
f 667//677 351//493 668//678 
f 356//505 355//504 338//442 
f 535//703 537//704 669//705 
f 670//706 671//707 672//708 
f 673//682 526//683 525//684 
f 674//685 675//686 676//687 
f 677//709 678//710 217//711 
f 510//712 512//713 679//714 
f 667//677 680//690 351//490 
f 681//688 682//689 504//536 
f 683//715 598//716 597//717 
f 146//326 244//329 243//327 
f 684//718 480//719 481//720 
f 685//721 686//722 479//723 
f 687//691 688//692 689//693 
f 690//694 565//695 691//696 
f 653//686 692//724 654//687 
f 693//725 458//726 694//727 
f 695//728 696//729 77//730 
f 697//731 81//732 79//733 
f 698//734 699//735 700//736 
f 519//553 521//555 701//737 
f 197//220 200//224 198//221 
f 199//223 702//738 195//739 
f 198//221 234//291 235//292 
f 616//647 492//530 491//529 
f 534//567 513//547 515//549 
f 703//740 601//626 704//741 
f 705//742 566//592 568//594 
f 488//526 490//528 706//743 
f 707//744 587//745 586//746 
f 708//747 709//748 710//749 
f 529//562 711//750 530//563 
f 712//751 649//752 648//753 
f 713//718 359//719 360//720 
f 714//721 715//722 358//723 
f 381//397 435//400 434//398 
f 551//754 553//755 661//756 
f 716//757 508//758 717//759 
f 506//760 508//761 716//762 
f 675//686 718//724 676//687 
f 719//725 337//726 720//727 
f 515//763 514//764 602//765 
f 516//766 518//767 721//768 
f 722//769 583//610 723//770 
f 631//665 724//771 725//772 
f 83//57 85//59 84//58 
f 726//773 727//774 728//775 
f 729//742 589//592 591//594 
f 497//526 499//528 730//743 
f 545//580 547//582 731//776 
f 664//777 732//778 611//779 
f 115//780 733//781 734//782 
f 116//644 735//783 613//645 
f 491//571 538//573 736//784 
f 533//566 513//547 534//567 
f 737//785 646//677 647//678 
f 685//721 738//786 686//722 
f 224//272 173//164 223//271 
f 550//787 549//788 739//789 
f 260//397 314//400 313//398 
f 563//754 565//755 690//756 
f 469//482 418//483 470//484 
f 740//790 741//791 742//792 
f 240//309 743//793 241//313 
f 744//794 491//571 736//784 
f 231//795 230//796 536//797 
f 745//798 600//799 548//800 
f 684//718 746//801 480//719 
f 570//596 747//802 571//597 
f 369//417 439//420 438//418 
f 625//659 748//803 626//660 
f 749//804 750//805 751//806 
f 586//613 588//615 752//807 
f 707//744 753//808 587//745 
f 104//114 44//113 103//112 
f 88//62 108//130 109//131 
f 618//649 754//809 619//650 
f 749//804 751//806 755//810 
f 756//811 757//812 758//813 
f 759//814 658//691 660//693 
f 760//815 658//816 759//817 
f 761//785 667//677 668//678 
f 714//721 762//786 715//722 
f 89//63 91//65 90//64 
f 763//818 764//819 765//820 
f 766//821 651//682 522//684 
f 748//803 766//821 767//822 
f 756//811 758//813 768//823 
f 769//824 770//825 771//826 
f 348//482 297//483 349//484 
f 772//790 773//791 774//792 
f 763//818 775//827 764//819 
f 769//824 771//826 776//828 
f 777//829 466//461 778//830 
f 459//442 462//445 460//443 
f 779//831 517//551 516//550 
f 636//832 637//671 517//833 
f 612//642 780//834 781//835 
f 612//836 781//837 665//838 
f 628//662 630//664 782//839 
f 528//840 783//841 507//842 
f 698//734 784//843 699//735 
f 80//53 112//134 113//135 
f 131//302 238//301 239//303 
f 237//844 236//845 615//846 
f 598//621 785//847 599//622 
f 534//848 515//849 703//850 
f 599//851 596//617 200//852 
f 599//851 200//852 197//853 
f 221//254 184//253 220//252 
f 679//854 512//855 786//856 
f 595//857 662//858 555//859 
f 632//860 569//861 633//667 
f 554//862 556//591 787//863 
f 392//523 432//525 487//522 
f 593//596 788//802 594//597 
f 713//718 789//801 359//719 
f 603//864 790//865 209//866 
f 207//234 209//236 208//235 
f 248//417 318//420 317//418 
f 639//659 791//803 640//660 
f 215//242 217//244 216//243 
f 677//709 217//711 215//867 
f 792//814 687//691 689//693 
f 793//815 687//816 792//817 
f 579//606 578//605 623//868 
f 716//869 696//870 695//871 
f 721//768 518//767 624//872 
f 679//873 786//874 677//875 
f 794//821 673//682 525//684 
f 791//803 794//821 795//822 
f 683//715 796//876 598//716 
f 797//877 796//878 683//879 
f 339//829 345//461 798//830 
f 338//442 341//445 339//443 
f 622//653 72//655 70//880 
f 29//45 76//45 68//42 
f 799//881 656//882 655//883 
f 693//884 799//881 692//724 
f 800//885 633//886 482//887 
f 483//511 482//510 447//430 
f 536//569 801//888 537//570 
f 637//889 550//890 638//891 
f 614//857 691//858 561//859 
f 642//860 592//861 643//667 
f 560//862 562//591 802//863 
f 271//523 311//525 365//522 
f 803//892 652//685 804//893 
f 446//894 448//895 651//896 
f 805//897 806//898 83//899 
f 807//900 607//635 580//637 
f 540//575 740//901 541//576 
f 540//902 808//903 740//904 
f 233//905 671//906 670//907 
f 616//908 234//909 492//910 
f 745//911 227//912 600//913 
f 226//280 165//148 225//279 
f 243//321 702//914 204//230 
f 150//319 243//321 204//230 
f 809//881 682//882 681//883 
f 719//884 809//881 718//724 
f 706//915 566//916 705//917 
f 660//918 659//919 570//920 
f 695//728 77//730 74//921 
f 74//46 77//49 75//47 
f 810//885 643//886 361//887 
f 362//511 361//510 326//430 
f 808//903 741//922 740//904 
f 468//474 414//475 469//476 
f 739//789 224//272 223//271 
f 511//545 222//264 512//546 
f 502//923 540//924 539//925 
f 706//915 490//926 566//916 
f 811//892 674//685 812//893 
f 325//894 327//895 673//896 
f 661//927 662//928 595//929 
f 385//389 434//392 433//390 
f 240//309 813//930 743//793 
f 238//301 813//931 239//303 
f 621//932 727//774 726//773 
f 716//869 717//933 696//870 
f 206//232 231//288 232//289 
f 671//707 535//568 672//708 
f 543//934 710//935 814//936 
f 708//747 710//749 543//578 
f 558//575 772//901 559//576 
f 558//902 815//903 772//904 
f 759//937 660//918 816//938 
f 816//939 569//595 632//940 
f 790//865 604//629 209//866 
f 817//941 721//942 790//943 
f 780//834 528//944 781//835 
f 732//778 731//776 780//945 
f 9//152 120//151 121//153 
f 121//153 664//777 611//779 
f 647//678 472//493 475//946 
f 475//503 474//502 463//446 
f 115//780 734//782 735//783 
f 546//947 818//948 631//949 
f 730//915 589//916 729//917 
f 689//918 688//919 593//920 
f 819//950 491//571 744//794 
f 615//951 491//529 819//950 
f 486//514 485//513 441//424 
f 432//525 820//952 487//522 
f 815//903 773//922 772//904 
f 347//474 293//475 348//476 
f 821//953 494//532 822//954 
f 723//770 583//610 585//612 
f 823//955 534//848 703//850 
f 532//956 534//957 823//958 
f 493//572 574//601 538//573 
f 513//959 572//598 514//600 
f 242//336 797//877 683//879 
f 241//313 743//793 797//960 
f 824//961 712//751 825//962 
f 822//954 494//532 496//534 
f 505//923 558//924 557//925 
f 730//915 499//926 589//916 
f 748//803 767//822 626//660 
f 552//587 760//815 759//817 
f 603//963 209//964 207//965 
f 596//617 603//963 205//618 
f 537//966 801//967 637//968 
f 635//669 637//969 636//670 
f 123//174 665//838 125//173 
f 124//168 577//604 579//606 
f 825//962 712//751 648//753 
f 826//970 607//635 807//900 
f 777//971 462//972 466//973 
f 464//455 404//456 465//457 
f 690//927 691//928 614//929 
f 264//389 313//392 312//390 
f 442//974 748//975 625//976 
f 441//424 444//427 442//425 
f 652//685 654//687 804//893 
f 804//977 489//527 488//526 
f 449//432 452//435 450//433 
f 450//978 652//979 803//980 
f 453//436 456//439 454//437 
f 653//686 693//884 692//724 
f 514//764 817//981 602//765 
f 514//548 573//982 817//983 
f 792//937 689//918 827//938 
f 827//939 592//595 642//940 
f 668//678 351//493 354//946 
f 354//503 353//502 342//446 
f 828//984 548//985 801//888 
f 828//986 745//798 548//800 
f 573//599 779//831 516//550 
f 575//602 636//670 576//603 
f 119//145 118//697 664//699 
f 67//36 118//140 119//141 
f 365//514 364//513 320//424 
f 311//525 829//952 365//522 
f 212//239 228//285 229//286 
f 229//987 745//988 828//989 
f 493//572 575//990 574//601 
f 672//991 535//703 669//705 
f 791//803 795//822 640//660 
f 564//587 793//815 792//817 
f 568//992 738//786 685//721 
f 571//993 747//994 746//801 
f 196//218 235//292 236//293 
f 236//845 616//995 615//846 
f 339//971 341//972 345//973 
f 343//455 283//456 344//457 
f 781//996 528//559 506//561 
f 665//838 781//837 666//997 
f 321//974 791//975 639//976 
f 320//424 323//427 321//425 
f 674//685 676//687 812//893 
f 812//977 498//527 497//526 
f 702//738 197//853 195//739 
f 195//217 197//220 196//218 
f 437//409 627//661 436//404 
f 435//400 551//754 661//756 
f 328//432 331//435 329//433 
f 329//978 674//979 811//980 
f 332//436 335//439 333//437 
f 675//686 719//884 718//724 
f 656//689 830//998 741//999 
f 656//882 467//468 830//1000 
f 117//643 613//645 663//698 
f 732//778 545//580 731//776 
f 754//809 105//120 619//650 
f 753//808 104//114 103//112 
f 124//167 579//1001 76//54 
f 76//45 622//653 70//880 
f 738//786 737//785 647//678 
f 539//1002 737//1003 567//593 
f 587//614 102//106 588//615 
f 750//805 101//100 100//98 
f 520//554 620//651 521//555 
f 709//748 707//744 586//746 
f 90//64 107//128 108//130 
f 754//809 106//122 105//120 
f 823//1004 703//1005 785//847 
f 703//740 704//741 785//847 
f 569//861 571//993 633//667 
f 633//886 684//718 481//720 
f 710//935 752//807 814//936 
f 584//675 749//804 755//810 
f 478//506 477//505 457//440 
f 738//786 647//1006 686//722 
f 786//1007 221//254 220//252 
f 678//710 220//249 219//248 
f 750//805 100//98 751//806 
f 757//812 99//92 98//90 
f 658//816 524//558 659//1008 
f 522//556 524//558 658//816 
f 86//60 109//131 110//132 
f 520//554 618//649 620//651 
f 591//992 762//786 714//721 
f 594//993 788//994 789//801 
f 831//1009 722//1010 724//771 
f 617//648 544//579 831//1011 
f 775//827 94//74 764//819 
f 91//65 93//67 92//66 
f 584//675 755//810 645//676 
f 495//542 756//811 768//823 
f 671//1012 231//1013 535//1014 
f 231//1013 536//1015 535//1014 
f 485//513 484//512 443//426 
f 554//862 787//863 820//952 
f 629//663 821//1016 630//664 
f 724//1017 722//769 723//770 
f 741//791 470//484 742//792 
f 657//690 471//489 472//490 
f 770//825 97//84 96//82 
f 757//812 98//90 758//813 
f 770//825 96//82 771//826 
f 775//827 95//76 94//74 
f 87//61 89//63 88//62 
f 581//608 765//820 582//609 
f 711//750 824//1018 530//563 
f 630//1019 821//953 822//954 
f 495//542 768//823 509//543 
f 649//680 769//824 776//828 
f 316//409 641//661 315//404 
f 314//400 563//754 690//756 
f 649//680 776//828 650//681 
f 581//608 763//818 765//820 
f 609//639 826//1020 610//640 
f 530//1021 824//961 825//962 
f 743//793 744//794 797//960 
f 797//877 605//632 796//878 
f 682//882 346//468 832//1000 
f 682//689 832//998 773//999 
f 610//1022 826//970 807//900 
f 727//774 805//1023 728//775 
f 542//577 708//747 543//578 
f 784//843 701//737 699//735 
f 602//1024 817//941 790//943 
f 602//627 790//1025 603//628 
f 784//843 519//553 701//737 
f 82//56 111//133 112//134 
f 694//727 777//829 778//830 
f 799//881 467//1026 656//882 
f 557//1002 761//1003 590//593 
f 762//786 761//785 668//678 
f 438//416 442//974 625//976 
f 437//409 625//659 627//661 
f 696//1027 621//932 726//773 
f 696//729 697//1028 77//730 
f 634//668 633//886 800//885 
f 556//591 800//885 787//863 
f 801//1029 548//583 550//585 
f 801//967 550//1030 637//968 
f 817//981 516//766 721//768 
f 573//982 516//1031 817//983 
f 592//861 594//993 643//667 
f 643//886 713//718 360//720 
f 733//781 700//736 734//782 
f 818//948 617//648 831//1011 
f 357//506 356//505 336//440 
f 762//786 668//1006 715//722 
f 512//1032 222//262 221//260 
f 512//855 221//256 786//856 
f 234//909 670//907 492//910 
f 492//530 670//1033 493//531 
f 78//50 113//135 114//136 
f 733//781 698//734 700//736 
f 783//841 628//662 507//842 
f 547//582 631//665 725//772 
f 687//816 527//558 688//1008 
f 525//556 527//558 687//816 
f 760//815 522//556 658//816 
f 766//821 522//684 767//822 
f 507//842 628//662 782//839 
f 507//539 529//562 508//540 
f 508//540 529//562 531//564 
f 508//758 608//638 717//759 
f 73//44 115//137 116//138 
f 116//644 115//780 735//783 
f 702//738 599//851 197//853 
f 597//620 599//622 702//914 
f 517//551 510//712 679//714 
f 637//671 510//673 517//833 
f 518//767 677//875 624//872 
f 624//657 677//709 215//867 
f 364//513 363//512 322//426 
f 560//862 802//863 829//952 
f 517//551 679//714 518//552 
f 518//767 679//873 677//875 
f 773//791 349//484 774//792 
f 680//690 350//489 351//490 
f 213//240 215//242 214//241 
f 624//657 215//867 213//658 
f 72//43 74//46 73//44 
f 623//654 74//921 72//655 
f 666//701 716//762 578//702 
f 578//605 716//869 695//871 
f 623//654 695//728 74//921 
f 578//605 695//871 623//868 
f 611//779 732//778 780//945 
f 611//641 780//834 612//642 
f 234//909 233//905 670//907 
f 201//225 233//290 234//291 
f 796//876 823//958 598//716 
f 598//621 823//1004 785//847 
f 230//796 828//989 536//797 
f 536//569 828//984 801//888 
f 549//788 224//272 739//789 
f 549//625 225//276 224//275 
f 678//710 219//248 217//711 
f 217//244 219//245 218//239 
f 76//45 70//880 68//42 
f 68//35 70//40 69//38 
f 69//38 117//139 118//140 
f 118//697 117//643 663//698 
f 457//440 460//443 458//441 
f 458//726 777//829 694//727 
f 600//624 225//276 549//625 
f 600//913 226//280 225//279 
f 122//161 612//642 123//163 
f 123//174 612//836 665//838 
f 740//901 657//1034 646//1035 
f 541//576 740//901 646//1035 
f 432//525 554//862 820//952 
f 433//384 554//589 432//382 
f 813//930 615//951 819//950 
f 237//844 615//846 813//931 
f 796//876 532//956 823//958 
f 605//632 532//634 796//878 
f 81//55 83//57 82//56 
f 728//1036 805//897 83//899 
f 660//1037 570//1038 569//1039 
f 816//1040 660//1037 569//1039 
f 243//321 597//620 702//914 
f 244//329 597//717 243//327 
f 692//724 799//881 655//883 
f 654//1041 692//724 500//535 
f 587//614 103//108 102//106 
f 753//808 103//112 587//745 
f 192//210 237//294 238//295 
f 238//301 237//844 813//931 
f 550//890 739//1042 638//891 
f 739//1043 223//268 511//1044 
f 720//727 339//829 798//830 
f 809//881 346//1026 682//882 
f 434//392 595//929 433//390 
f 433//384 595//616 554//589 
f 662//858 632//940 555//859 
f 555//590 632//666 634//668 
f 244//329 683//715 597//717 
f 242//336 683//879 244//335 
f 317//416 321//974 639//976 
f 316//409 639//659 641//661 
f 489//527 502//537 490//528 
f 490//926 502//923 539//925 
f 803//892 804//893 523//683 
f 523//557 804//977 488//526 
f 710//935 586//613 752//807 
f 709//748 586//746 710//749 
f 562//591 810//885 802//863 
f 644//668 643//886 810//885 
f 747//994 568//992 685//721 
f 705//742 568//594 747//802 
f 633//886 481//720 482//887 
f 482//510 481//509 449//432 
f 480//508 479//507 453//436 
f 746//801 479//723 480//719 
f 223//268 177//267 222//266 
f 511//1044 223//268 222//266 
f 125//170 577//1045 124//169 
f 22//170 125//170 124//169 
f 448//895 803//980 651//896 
f 651//682 803//892 523//683 
f 462//972 464//455 465//457 
f 461//444 464//447 462//445 
f 490//926 539//925 566//916 
f 566//592 539//1002 567//593 
f 659//919 706//915 705//917 
f 524//558 706//743 659//1008 
f 793//815 525//556 687//816 
f 794//821 525//684 795//822 
f 553//695 759//937 816//938 
f 552//587 759//817 553//588 
f 570//596 705//742 747//802 
f 659//919 705//917 570//920 
f 662//858 816//939 632//940 
f 553//695 816//938 662//696 
f 830//998 469//476 741//999 
f 741//791 469//482 470//484 
f 736//784 538//1046 533//1047 
f 606//633 533//1048 532//634 
f 476//504 475//503 461//444 
f 647//678 475//946 476//1049 
f 515//849 602//1024 601//1050 
f 703//850 515//849 601//1050 
f 209//236 211//238 210//237 
f 209//866 604//629 211//631 
f 434//392 661//927 595//929 
f 435//400 661//756 434//398 
f 337//726 339//829 720//727 
f 336//440 339//443 337//441 
f 227//912 226//280 600//913 
f 216//243 226//283 227//284 
f 120//151 664//777 121//153 
f 119//145 664//699 120//147 
f 772//901 680//1034 667//1035 
f 559//576 772//901 667//1035 
f 311//525 560//862 829//952 
f 312//384 560//589 311//382 
f 805//897 580//1051 806//898 
f 580//1051 582//1052 806//898 
f 199//223 195//739 193//216 
f 193//212 195//217 194//214 
f 543//934 814//936 583//1053 
f 722//1010 543//934 583//1053 
f 210//237 229//286 230//287 
f 230//796 229//987 828//989 
f 689//1037 593//1038 592//1039 
f 827//1040 689//1037 592//1039 
f 781//837 506//1054 666//997 
f 666//701 506//760 716//762 
f 718//724 809//881 681//883 
f 676//1041 718//724 503//535 
f 313//392 614//929 312//390 
f 312//384 614//616 560//589 
f 691//858 642//940 561//859 
f 561//590 642//666 644//668 
f 533//1047 538//1046 513//1055 
f 538//1046 572//1056 513//1055 
f 472//493 426//494 473//495 
f 472//493 473//495 475//946 
f 499//926 505//923 557//925 
f 498//527 505//537 499//528 
f 811//892 812//893 526//683 
f 526//557 812//977 497//526 
f 788//994 591//992 714//721 
f 729//742 591//594 788//802 
f 361//510 360//509 328//432 
f 643//886 360//720 361//887 
f 359//508 358//507 332//436 
f 789//801 358//723 359//719 
f 235//1057 234//909 616//908 
f 236//1058 235//1057 616//908 
f 327//895 811//980 673//896 
f 673//682 811//892 526//683 
f 340//444 343//447 341//445 
f 341//972 343//455 344//457 
f 499//926 557//925 589//916 
f 589//592 557//1002 590//593 
f 688//919 730//915 729//917 
f 527//558 730//743 688//1008 
f 565//695 792//937 827//938 
f 564//587 792//817 565//588 
f 688//919 729//917 593//920 
f 593//596 729//742 788//802 
f 565//695 827//938 691//696 
f 691//858 827//939 642//940 
f 447//430 450//433 448//431 
f 448//895 450//978 803//980 
f 832//998 348//476 773//999 
f 773//791 348//482 349//484 
f 436//404 627//661 551//586 
f 627//661 552//587 551//586 
f 452//1059 653//1060 652//979 
f 450//978 452//1059 652//979 
f 355//504 354//503 340//444 
f 668//678 354//946 355//1049 
f 313//392 690//927 614//929 
f 314//400 690//756 313//398 
f 444//1061 446//894 766//1062 
f 446//894 651//896 766//1062 
f 444//1061 766//1062 748//1063 
f 442//1064 444//1061 748//1063 
f 200//224 202//227 201//225 
f 200//852 596//617 202//619 
f 454//1065 693//725 653//1060 
f 452//1059 454//1065 653//1060 
f 454//1065 456//1066 693//725 
f 456//1066 458//726 693//725 
f 77//1067 697//731 79//733 
f 77//49 79//52 78//50 
f 351//493 305//494 352//495 
f 351//493 352//495 354//946 
f 731//1068 783//1069 528//1070 
f 780//1071 731//1068 528//1070 
f 537//966 637//968 635//1072 
f 575//1073 537//966 635//1072 
f 717//933 621//1074 696//870 
f 717//759 608//638 621//652 
f 576//1075 636//1076 573//1077 
f 572//1056 576//1075 573//1077 
f 670//1033 672//991 493//1078 
f 672//991 669//705 493//1078 
f 830//998 468//474 469//476 
f 467//468 468//470 830//1000 
f 743//793 819//950 744//794 
f 813//930 819//950 743//793 
f 790//943 721//942 604//1079 
f 721//942 624//1080 604//1079 
f 574//601 576//603 572//1081 
f 538//573 574//601 572//1081 
f 638//672 739//1043 511//1044 
f 638//672 511//1044 510//673 
f 677//1082 786//1083 678//1084 
f 786//1083 220//250 678//1084 
f 665//1085 578//1086 577//1045 
f 125//170 665//1085 577//1045 
f 326//430 329//433 327//431 
f 327//895 329//978 811//980 
f 315//404 641//661 563//586 
f 641//661 564//587 563//586 
f 331//1059 675//1060 674//979 
f 329//978 331//1059 674//979 
f 205//231 207//234 206//232 
f 205//618 603//963 207//965 
f 323//1061 325//894 794//1062 
f 325//894 673//896 794//1062 
f 323//1061 794//1062 791//1063 
f 321//1064 323//1061 791//1063 
f 613//1087 735//1088 546//1089 
f 735//1088 818//1090 546//1089 
f 331//1059 333//1065 675//1060 
f 333//1065 719//725 675//1060 
f 133//306 239//305 240//307 
f 239//305 813//1091 240//307 
f 333//1065 335//1066 719//725 
f 335//1066 337//726 719//725 
f 804//977 654//1041 489//527 
f 654//1041 500//535 489//527 
f 440//423 442//425 439//422 
f 439//420 442//1064 438//418 
f 631//665 831//1009 724//771 
f 818//948 831//1011 631//949 
f 232//1092 231//795 671//1093 
f 233//1094 232//1092 671//1093 
f 493//1095 669//1096 575//1073 
f 669//1096 537//966 575//1073 
f 571//993 746//801 684//718 
f 633//667 571//993 684//718 
f 613//1087 546//1089 545//1097 
f 663//1098 613//1087 545//1097 
f 619//1099 105//118 104//116 
f 105//118 42//117 104//116 
f 619//1099 104//116 753//1100 
f 620//1101 619//1099 753//1100 
f 744//794 606//1102 605//1103 
f 797//960 744//794 605//1103 
f 556//591 634//668 800//885 
f 555//590 634//668 556//591 
f 620//1101 753//1100 707//1104 
f 521//1105 620//1101 707//1104 
f 12//158 121//157 122//159 
f 121//157 611//1106 122//159 
f 588//1107 102//104 101//102 
f 102//104 49//103 101//102 
f 588//1107 101//102 750//1108 
f 752//1109 588//1107 750//1108 
f 663//1098 545//1097 732//1110 
f 664//1111 663//1098 732//1110 
f 832//998 347//474 348//476 
f 346//468 347//470 832//1000 
f 752//1109 750//1108 749//1112 
f 814//1113 752//1109 749//1112 
f 76//51 579//1114 622//1115 
f 579//1114 623//1116 622//1115 
f 465//459 406//460 466//461 
f 462//972 465//457 466//973 
f 228//1117 227//912 745//911 
f 229//1118 228//1117 745//911 
f 241//313 797//960 242//317 
f 140//316 241//313 242//317 
f 107//126 38//125 106//124 
f 108//1119 107//126 106//124 
f 109//1120 108//1119 754//1121 
f 108//1119 106//124 754//1121 
f 746//801 685//721 479//723 
f 747//994 685//721 746//801 
f 701//1122 521//1105 709//1123 
f 521//1105 707//1104 709//1123 
f 524//558 488//526 706//743 
f 523//557 488//526 524//558 
f 583//610 814//1113 584//611 
f 814//1113 749//1112 584//611 
f 109//1120 754//1121 618//1124 
f 110//1125 109//1120 618//1124 
f 100//96 53//95 99//94 
f 751//1126 100//96 99//94 
f 693//1127 694//1128 799//1129 
f 694//1128 778//1130 799//1129 
f 755//1131 751//1126 757//1132 
f 751//1126 99//94 757//1132 
f 501//1133 808//903 540//902 
f 502//1134 501//1133 540//902 
f 812//977 676//1041 498//527 
f 676//1041 503//535 498//527 
f 319//423 321//425 318//422 
f 318//420 321//1064 317//418 
f 728//1036 83//899 81//1135 
f 697//1028 728//1036 81//1135 
f 645//1136 755//1131 756//1137 
f 755//1131 757//1132 756//1137 
f 539//1002 541//1138 737//1003 
f 541//1138 646//1139 737//1003 
f 626//660 767//822 760//815 
f 767//822 522//556 760//815 
f 787//1140 800//1141 483//1142 
f 800//1141 482//1143 483//1142 
f 594//993 789//801 713//718 
f 643//667 594//993 713//718 
f 647//1144 476//1145 477//1146 
f 686//722 647//1144 477//1146 
f 567//1147 737//785 738//786 
f 568//1148 567//1147 738//786 
f 627//661 626//660 552//587 
f 626//660 760//815 552//587 
f 764//1149 94//72 93//70 
f 94//72 65//71 93//70 
f 110//1125 618//1124 520//1150 
f 111//1151 110//1125 520//1150 
f 787//1140 483//1142 484//1152 
f 820//1153 787//1140 484//1152 
f 765//1154 764//1149 91//1155 
f 764//1149 93//70 91//1155 
f 785//847 603//1156 596//617 
f 599//851 785//847 596//617 
f 436//404 551//1157 435//402 
f 379//401 436//404 435//402 
f 98//88 57//87 97//86 
f 758//1158 98//88 97//86 
f 701//1122 709//1123 708//1159 
f 699//1160 701//1122 708//1159 
f 758//1158 97//86 770//1161 
f 768//1162 758//1158 770//1161 
f 500//535 655//688 501//536 
f 692//724 655//883 500//535 
f 645//1136 756//1137 495//533 
f 494//532 645//1136 495//533 
f 487//520 820//1153 485//1163 
f 820//1153 484//1152 485//1163 
f 582//1052 765//1154 89//1164 
f 765//1154 91//1155 89//1164 
f 562//591 644//668 810//885 
f 561//590 644//668 562//591 
f 501//536 656//689 808//1165 
f 656//689 741//999 808//1165 
f 96//80 61//79 95//78 
f 771//1166 96//80 95//78 
f 776//1167 771//1166 775//1168 
f 771//1166 95//78 775//1168 
f 509//1169 768//1162 769//1170 
f 768//1162 770//1161 769//1170 
f 776//1167 775//1168 763//1171 
f 650//1172 776//1167 763//1171 
f 344//459 285//460 345//461 
f 341//972 344//457 345//973 
f 821//1016 585//674 494//1173 
f 585//674 645//676 494//1173 
f 806//898 582//1052 87//1174 
f 582//1052 89//1164 87//1174 
f 799//1129 778//1130 467//465 
f 778//1130 466//463 467//465 
f 111//1151 520//1150 519//1175 
f 112//1176 111//1151 519//1175 
f 636//1076 517//1177 779//1178 
f 573//1077 636//1076 779//1178 
f 712//751 509//1169 649//752 
f 509//1169 769//1170 649//752 
f 789//801 714//721 358//723 
f 788//994 714//721 789//801 
f 742//1179 470//486 471//488 
f 470//486 420//487 471//488 
f 742//1179 471//488 657//1034 
f 740//901 742//1179 657//1034 
f 526//557 497//526 527//558 
f 527//558 497//526 730//743 
f 607//635 650//1172 581//636 
f 650//1172 763//1171 581//636 
f 438//412 625//659 437//409 
f 373//410 438//412 437//409 
f 479//723 686//722 478//1180 
f 686//722 477//1146 478//1180 
f 831//1009 544//1181 722//1010 
f 544//1181 543//934 722//1010 
f 700//1182 699//1160 542//1183 
f 699//1160 708//1159 542//1183 
f 719//1127 720//1128 809//1129 
f 720//1128 798//1130 809//1129 
f 505//1134 504//1133 558//902 
f 504//1133 815//903 558//902 
f 496//541 509//543 712//1184 
f 824//1018 496//541 712//1184 
f 557//1002 559//1138 761//1003 
f 559//1138 667//1139 761//1003 
f 629//663 723//1185 821//1016 
f 723//1185 585//674 821//1016 
f 475//1186 473//498 474//500 
f 473//498 429//499 474//500 
f 640//660 795//822 793//815 
f 795//822 525//556 793//815 
f 802//1140 810//1141 362//1142 
f 810//1141 361//1143 362//1142 
f 668//1144 355//1145 356//1146 
f 715//722 668//1144 356//1146 
f 113//1187 112//1176 784//1188 
f 112//1176 519//1175 784//1188 
f 590//1147 761//785 762//786 
f 591//1148 590//1147 762//786 
f 640//660 793//815 564//587 
f 641//661 640//660 564//587 
f 648//679 650//681 607//1189 
f 826//1020 648//679 607//1189 
f 802//1140 362//1142 363//1152 
f 829//1153 802//1140 363//1152 
f 601//626 603//628 704//741 
f 785//847 704//741 603//1156 
f 315//404 563//1157 314//402 
f 258//401 315//404 314//402 
f 153//226 204//230 199//223 
f 204//230 702//738 199//223 
f 736//784 533//1047 606//1102 
f 744//794 736//784 606//1102 
f 503//535 681//688 504//536 
f 718//724 681//883 503//535 
f 365//520 829//1153 364//1163 
f 829//1153 363//1152 364//1163 
f 711//750 822//1190 824//1018 
f 822//1190 496//541 824//1018 
f 504//536 682//689 815//1165 
f 682//689 773//999 815//1165 
f 700//1182 542//1183 617//1191 
f 734//1192 700//1182 617//1191 
f 724//1017 723//770 629//1193 
f 725//1194 724//1017 629//1193 
f 458//1195 460//1196 777//1197 
f 460//1196 462//1198 777//1197 
f 609//639 825//1199 826//1020 
f 825//1199 648//679 826//1020 
f 113//1187 784//1188 698//1200 
f 114//1201 113//1187 698//1200 
f 809//1129 798//1130 346//465 
f 798//1130 345//463 346//465 
f 782//1202 630//1019 711//1203 
f 630//1019 822//954 711//1203 
f 727//774 807//1204 805//1023 
f 807//1204 580//607 805//1023 
f 487//520 485//1163 486//518 
f 395//517 487//520 486//518 
f 349//486 299//487 350//488 
f 774//1179 349//486 350//488 
f 774//1179 350//488 680//1034 
f 772//901 774//1179 680//1034 
f 806//1205 87//61 85//59 
f 83//1206 806//1205 85//59 
f 317//412 639//659 316//409 
f 252//410 317//412 316//409 
f 358//723 715//722 357//1180 
f 715//722 356//1146 357//1180 
f 734//1192 617//1191 818//1090 
f 735//1088 734//1192 818//1090 
f 530//1021 825//962 609//1207 
f 531//1208 530//1021 609//1207 
f 725//1194 629//1193 628//1209 
f 783//1069 725//1194 628//1209 
f 115//1210 114//1201 733//1211 
f 114//1201 698//1200 733//1211 
f 621//1074 610//1022 727//1212 
f 610//1022 807//900 727//1212 
f 507//560 782//1202 529//1213 
f 782//1202 711//1203 529//1213 
f 354//1186 352//498 353//500 
f 352//498 308//499 353//500 
f 696//729 726//1214 697//1028 
f 726//1214 728//1036 697//1028 
f 731//1068 547//1215 783//1069 
f 547//1215 725//1194 783//1069 
f 531//1208 609//1207 608//1216 
f 508//761 531//1208 608//1216 
# 0 polygons - 1648 triangles

#
# object Sphere__18_
#

v  1.3354 267.4862 -10.9273
v  14.8361 263.3880 -11.5419
v  14.5404 261.9890 2.7559
v  2.5019 271.1037 -23.8761
v  -11.4286 272.9736 2.7559
v  29.1339 260.2852 2.7559
v  14.8361 263.3880 17.0536
v  29.1339 261.9890 -11.8376
v  -15.5901 287.9532 -32.0202
v  -18.8400 284.7033 -21.8779
v  -12.5389 291.0044 -38.9169
v  -5.6422 287.9532 -41.9681
v  -21.1019 282.4414 -9.9939
v  4.5001 284.7033 -45.2180
v  3.8144 276.9011 -35.4249
v  -21.9046 281.6387 2.7559
v  16.3841 282.4414 -47.4799
v  -10.7535 273.9555 15.8172
v  -21.1019 282.4414 15.5056
v  29.1339 281.6387 -48.2826
v  42.1952 273.9555 -37.1315
v  -18.8400 284.7033 27.3896
v  41.8836 282.4414 -47.4799
v  3.8144 276.9011 40.9366
v  -15.5901 287.9532 37.5319
v  53.7676 284.7033 -45.2180
v  42.8170 267.4862 -25.0426
v  43.7274 261.9890 2.7559
v  57.4544 266.2858 2.7559
v  69.6963 272.9736 2.7559
v  67.3146 276.9011 -22.5637
v  80.1723 281.6387 2.7559
v  79.3696 282.4414 -9.9939
v  77.1077 284.7033 -21.8779
v  73.8578 287.9532 -32.0202
v  63.9099 287.9532 -41.9681
v  70.8066 291.0044 -38.9169
v  29.1339 261.9890 17.3493
v  43.4316 263.3880 17.0536
v  55.7658 271.1037 29.3878
v  29.1339 272.9736 43.3183
v  41.8836 282.4415 52.9916
v  29.1339 281.6387 53.7943
v  16.3841 282.4415 52.9916
v  4.5001 284.7033 50.7297
v  -5.6422 287.9532 47.4798
v  -12.5389 291.0044 44.4286
v  53.7676 284.7033 50.7297
v  63.9099 287.9532 47.4798
v  70.8066 291.0044 44.4286
v  73.8578 287.9532 37.5319
v  69.0212 273.9555 15.8172
v  77.1077 284.7033 27.3896
v  79.3696 282.4414 15.5056
v  14.7876 402.0575 -11.5905
v  29.1339 405.0691 2.7558
v  29.1339 403.4558 -11.8870
v  2.4116 394.3235 -23.9664
v  14.4909 403.4558 2.7558
v  -5.7454 377.4283 -42.1201
v  -9.1823 388.5112 -22.6475
v  4.4174 380.6831 -45.3809
v  -12.6849 374.3605 -39.0629
v  -15.7421 377.4283 -32.1235
v  29.1339 399.1477 -25.6617
v  16.3415 382.9500 -47.6474
v  -19.0029 380.6831 -21.9607
v  42.2395 391.4709 -37.2733
v  29.1339 383.7552 -48.4530
v  -21.2694 382.9500 -10.0365
v  41.9262 382.9500 -47.6474
v  -22.0750 383.7552 2.7558
v  -10.8952 391.4709 15.8616
v  54.5371 388.5112 -35.5603
v  53.8503 380.6831 -45.3809
v  -21.2694 382.9500 15.5481
v  -19.0029 380.6831 27.4723
v  -15.7421 377.4283 37.6351
v  3.7306 388.5112 41.0720
v  -5.7454 377.4283 47.6318
v  -12.6849 374.3605 44.5746
v  4.4174 380.6831 50.8926
v  16.3415 382.9500 53.1591
v  29.1339 392.4529 43.4618
v  29.1339 383.7552 53.9647
v  41.9262 382.9500 53.1591
v  53.8503 380.6831 50.8926
v  1.2433 397.9473 16.4844
v  29.1339 403.4558 17.3987
v  64.0132 377.4283 47.6318
v  55.8561 394.3235 29.4781
v  70.9526 374.3605 44.5746
v  74.0098 377.4283 37.6351
v  43.4801 402.0575 17.1021
v  77.2706 380.6831 27.4723
v  69.1629 391.4709 15.8616
v  79.5371 382.9500 15.5481
v  43.7767 403.4558 2.7558
v  57.5514 399.1477 2.7558
v  69.8399 392.4528 2.7558
v  80.3427 383.7552 2.7558
v  74.0098 377.4283 -32.1235
v  70.9526 374.3605 -39.0629
v  64.0132 377.4283 -42.1201
v  77.2706 380.6831 -21.9607
v  79.5371 382.9500 -10.0365
v  69.1629 391.4709 -10.3499
v  43.4801 402.0575 -11.5905
v  -15.5901 297.9011 47.4798
v  -26.6422 307.3575 40.9366
v  -18.8400 308.0434 50.7297
v  -29.5878 292.7898 15.8172
v  -21.1019 319.9275 52.9916
v  -22.0548 332.6772 53.9445
v  -37.2575 304.3566 2.7558
v  -21.2694 345.3467 53.1591
v  -29.7885 345.6610 42.7849
v  -19.0029 357.2749 50.8926
v  -32.4396 306.0452 -23.8761
v  -15.7421 367.4504 47.6318
v  -32.6171 359.2802 29.4781
v  -15.5901 297.9011 -41.9681
v  -26.6422 307.3575 -35.4249
v  -18.8400 308.0434 -45.2180
v  -21.1019 319.9274 -47.4799
v  -26.8264 357.9640 -35.5603
v  -22.0750 332.5492 -48.4530
v  -21.2694 345.3467 -47.6474
v  -29.7885 372.5726 15.8616
v  -29.7885 372.5726 -10.3498
v  -19.0029 357.2749 -45.3809
v  -15.7421 367.4504 -42.1201
v  73.8578 297.9011 47.4798
v  67.3146 307.3577 58.5319
v  77.1077 308.0434 50.7297
v  42.8170 304.8787 67.9468
v  79.3696 319.9275 52.9916
v  80.3226 332.6772 53.9445
v  16.0726 292.7898 61.4775
v  79.5371 345.3467 53.1591
v  69.1629 345.6610 61.6782
v  77.2706 357.2749 50.8926
v  2.5019 306.0452 64.3293
v  74.0098 367.4504 47.6318
v  55.8561 359.2802 64.5068
v  -10.7535 319.6158 61.4775
v  -10.8952 345.6610 61.6782
v  42.2396 372.5726 61.6782
v  16.0281 372.5726 61.6782
v  88.8374 292.1147 2.7559
v  90.7073 306.0452 29.3878
v  95.5252 304.3566 2.7559
v  99.8221 318.0837 2.7558
v  100.1345 332.6772 16.8788
v  101.5258 332.6772 2.7558
v  87.8555 319.6158 42.6432
v  100.0285 347.1986 2.7558
v  95.7118 360.9765 2.7558
v  94.5114 360.4528 16.4844
v  88.0563 345.6610 42.7849
v  89.0378 373.2488 2.7558
v  85.0941 370.8636 28.1591
v  73.8578 297.9011 -41.9681
v  84.9100 307.3576 -35.4249
v  77.1077 308.0434 -45.2180
v  87.8555 292.7898 -10.3055
v  79.3696 319.9274 -47.4799
v  89.0378 332.5492 -37.9501
v  80.3427 332.5492 -48.4530
v  79.5371 345.3467 -47.6474
v  100.0285 332.5492 -11.8870
v  77.2706 357.2749 -45.3809
v  88.0563 345.6609 -37.2732
v  74.0098 367.4504 -42.1201
v  90.8848 359.2802 -23.9664
v  85.0941 370.8636 -22.6474
v  -9.0469 307.3575 -53.0203
v  16.0726 292.7898 -55.9658
v  -11.5721 332.5492 -57.1482
v  29.1339 304.3566 -63.6355
v  55.7658 306.0452 -58.8176
v  2.4116 359.2801 -58.9951
v  67.3146 307.3576 -53.0203
v  67.4500 357.9641 -53.2044
v  16.0282 372.5726 -56.1666
v  42.2395 372.5726 -56.1666
v  39.6923 241.9793 -38.8525
v  49.6697 238.9505 -39.3067
v  49.4512 237.9166 -28.7402
v  41.5243 248.9371 -56.9570
v  30.2592 246.0346 -28.7402
v  60.2362 236.6575 -28.7402
v  49.6697 238.9505 -18.1737
v  60.2362 237.9166 -39.5252
v  27.1838 257.1050 -54.4408
v  24.7820 254.7033 -46.9454
v  29.4387 259.3600 -59.5377
v  34.5356 257.1050 -61.7927
v  23.1104 253.0316 -38.1627
v  42.0311 254.7032 -64.1944
v  22.5172 252.4384 -28.7402
v  50.8138 253.0316 -65.8660
v  23.1104 253.0316 -19.3178
v  60.2362 252.4384 -66.4593
v  70.3485 241.9793 -49.2841
v  24.7820 254.7033 -10.5351
v  69.6587 253.0316 -65.8660
v  41.5243 248.9371 -0.5234
v  27.1838 257.1050 -3.0396
v  78.4414 254.7032 -64.1944
v  78.9482 248.9371 -56.9570
v  80.7802 241.9793 -38.8525
v  71.0213 237.9166 -28.7402
v  81.1660 241.0921 -28.7402
v  90.2132 246.0346 -28.7402
v  97.9553 252.4384 -28.7402
v  97.3620 253.0316 -38.1627
v  95.6904 254.7033 -46.9454
v  93.2887 257.1050 -54.4408
v  85.9369 257.1050 -61.7927
v  91.0337 259.3600 -59.5377
v  60.2362 237.9166 -17.9552
v  70.8027 238.9505 -18.1737
v  79.9181 244.6527 -9.0583
v  60.2362 246.0346 1.2368
v  69.6587 253.0316 8.3856
v  60.2362 252.4384 8.9789
v  50.8138 253.0316 8.3856
v  42.0311 254.7033 6.7140
v  34.5356 257.1050 4.3122
v  29.4387 259.3600 2.0573
v  78.4414 254.7033 6.7140
v  85.9369 257.1050 4.3122
v  91.0337 259.3600 2.0573
v  93.2887 257.1050 -3.0396
v  95.6904 254.7033 -10.5351
v  97.3620 253.0316 -19.3178
v  49.6339 341.4318 -39.3426
v  60.2362 343.6574 -28.7402
v  60.2362 342.4652 -39.5618
v  40.4876 335.7161 -48.4888
v  49.4146 342.4652 -28.7402
v  34.4593 323.2300 -61.9050
v  41.9699 325.6354 -64.3148
v  29.3308 320.9628 -59.6456
v  27.0714 323.2300 -54.5171
v  69.9217 333.6079 -58.3230
v  50.7823 327.3107 -65.9898
v  24.6616 325.6354 -47.0065
v  60.2362 327.9058 -66.5852
v  22.9866 327.3107 -38.1942
v  69.6901 327.3107 -65.9898
v  22.3912 327.9058 -28.7402
v  30.6534 333.6079 -19.0546
v  78.5025 325.6354 -64.3148
v  22.9866 327.3107 -19.2863
v  24.6616 325.6354 -10.4739
v  27.0714 323.2300 -2.9633
v  34.4593 323.2300 4.4246
v  29.3308 320.9628 2.1652
v  41.9699 325.6354 6.8344
v  50.7823 327.3107 8.5094
v  60.2362 334.3336 1.3428
v  60.2362 327.9058 9.1048
v  69.6901 327.3107 8.5094
v  78.5025 325.6354 6.8344
v  39.6242 338.3942 -18.5944
v  60.2362 342.4652 -17.9187
v  86.0131 323.2300 4.4246
v  79.9848 335.7161 -8.9916
v  91.1416 320.9628 2.1652
v  93.4010 323.2300 -2.9633
v  70.8386 341.4318 -18.1379
v  95.8108 325.6354 -10.4739
v  97.4858 327.3107 -19.2863
v  71.0578 342.4652 -28.7402
v  81.2377 339.2813 -28.7402
v  90.3193 334.3336 -28.7402
v  98.0812 327.9058 -28.7402
v  93.4010 323.2300 -54.5171
v  91.1416 320.9628 -59.6456
v  86.0131 323.2300 -61.9050
v  88.5531 331.4206 -47.5141
v  95.8108 325.6354 -47.0065
v  97.4858 327.3107 -38.1942
v  70.3821 338.3942 -49.3522
v  27.1838 264.4568 4.3122
v  19.0159 271.4454 -0.5234
v  24.7820 271.9523 6.7140
v  16.8391 260.6794 -19.0875
v  23.1104 280.7350 8.3856
v  22.4061 290.1575 9.0899
v  22.9866 299.5207 8.5094
v  16.6907 299.7529 0.8426
v  24.6616 308.3360 6.8344
v  14.7314 270.4756 -48.4221
v  27.0714 315.8560 4.4246
v  14.6003 309.8179 -8.9916
v  27.1838 264.4568 -61.7927
v  24.7820 271.9523 -64.1944
v  23.1104 280.7350 -65.8660
v  18.8798 308.8452 -57.0571
v  22.3912 290.0629 -66.5852
v  22.9866 299.5207 -65.9898
v  16.6907 319.6415 -19.0546
v  16.6907 319.6415 -38.4257
v  24.6616 308.3360 -64.3148
v  27.0714 315.8560 -61.9050
v  93.2887 264.4568 4.3122
v  88.4530 271.4455 12.4801
v  95.6904 271.9523 6.7140
v  70.3485 269.6135 19.4380
v  97.3620 280.7350 8.3856
v  98.0663 290.1575 9.0899
v  50.5836 260.6794 14.6570
v  97.4858 299.5207 8.5094
v  89.8190 299.7529 14.8053
v  95.8108 308.3360 6.8344
v  93.4010 315.8560 4.4246
v  79.9848 309.8179 16.8957
v  30.7582 280.5047 14.6570
v  30.6534 299.7529 14.8053
v  69.9218 319.6415 14.8053
v  50.5506 319.6415 14.8053
v  104.3591 260.1805 -28.7402
v  105.7410 270.4756 -9.0583
v  109.3016 269.2277 -28.7402
v  112.4771 279.3724 -28.7402
v  112.7080 290.1575 -18.3029
v  113.7362 290.1575 -28.7402
v  103.6334 280.5047 0.7378
v  112.6296 300.8893 -28.7402
v  109.4395 311.0716 -28.7402
v  108.5524 310.6845 -18.5944
v  103.7818 299.7529 0.8426
v  104.5072 320.1412 -28.7402
v  101.5927 318.3784 -9.9664
v  93.2887 264.4568 -61.7927
v  103.6334 260.6794 -38.3929
v  95.6904 271.9523 -64.1944
v  97.3620 280.7350 -65.8660
v  104.5072 290.0629 -58.8232
v  98.0812 290.0629 -66.5852
v  97.4858 299.5207 -65.9898
v  112.6296 290.0629 -39.5618
v  95.8108 308.3360 -64.3148
v  93.4010 315.8560 -61.9050
v  101.5927 318.3784 -47.5141
v  32.0194 271.4454 -69.9605
v  30.1532 290.0629 -73.0112
v  60.2362 269.2277 -77.8055
v  79.9181 270.4756 -74.2450
v  40.4876 309.8179 -74.3761
v  88.5531 308.8454 -70.0966
v  50.5507 319.6415 -72.2858
v  69.9217 319.6415 -72.2858
v  7.0151 246.7037 -74.2856
v  16.9925 243.6750 -74.7398
v  16.7740 242.6410 -64.1733
v  8.8471 253.6615 -92.3901
v  -2.4179 250.7590 -64.1733
v  27.5591 241.3819 -64.1733
v  16.9925 243.6750 -53.6068
v  27.5591 242.6410 -74.9583
v  -5.4934 261.8294 -89.8739
v  -7.8951 259.4277 -82.3784
v  -3.2384 264.0844 -94.9708
v  1.8584 261.8294 -97.2257
v  -9.5668 257.7561 -73.5957
v  9.3539 259.4277 -99.6275
v  -10.1600 257.1628 -64.1733
v  18.1366 257.7561 -101.2991
v  -9.5668 257.7561 -54.7508
v  27.5591 257.1628 -101.8923
v  37.6714 246.7037 -84.7172
v  -7.8951 259.4277 -45.9681
v  36.9815 257.7561 -101.2991
v  8.8471 253.6616 -35.9565
v  -5.4934 261.8294 -38.4726
v  45.7642 259.4277 -99.6275
v  38.3442 242.6410 -64.1733
v  48.4888 245.8165 -64.1733
v  57.5360 250.7590 -64.1733
v  55.7759 253.6615 -82.8852
v  65.2781 257.1628 -64.1733
v  64.6849 257.7561 -73.5957
v  63.0132 259.4277 -82.3784
v  60.6115 261.8294 -89.8739
v  53.2597 261.8294 -97.2257
v  58.3566 264.0844 -94.9708
v  27.5591 242.6410 -53.3882
v  38.1256 243.6750 -53.6068
v  47.2409 249.3771 -44.4914
v  27.5591 250.7590 -34.1963
v  36.9815 257.7561 -27.0475
v  27.5590 257.1628 -26.4542
v  18.1366 257.7561 -27.0475
v  9.3539 259.4277 -28.7191
v  1.8584 261.8294 -31.1208
v  -3.2384 264.0844 -33.3758
v  45.7642 259.4277 -28.7191
v  53.2597 261.8294 -31.1208
v  58.3566 264.0844 -33.3758
v  60.6115 261.8294 -38.4726
v  63.0132 259.4277 -45.9681
v  64.6849 257.7561 -54.7508
v  16.9567 346.1562 -74.7757
v  27.5591 348.3819 -64.1733
v  27.5591 347.1896 -74.9948
v  7.8104 340.4405 -83.9219
v  16.7375 347.1896 -64.1733
v  1.7821 327.9544 -97.3381
v  9.2928 330.3598 -99.7479
v  -3.3463 325.6872 -95.0787
v  -5.6057 327.9544 -89.9502
v  37.2446 338.3323 -93.7561
v  18.1051 332.0351 -101.4229
v  -8.0156 330.3598 -82.4396
v  27.5591 332.6302 -102.0183
v  -9.6906 332.0351 -73.6272
v  37.0130 332.0351 -101.4229
v  -10.2859 332.6302 -64.1733
v  -2.0237 338.3323 -54.4877
v  45.8253 330.3598 -99.7479
v  -9.6906 332.0351 -54.7194
v  -8.0156 330.3599 -45.9070
v  -5.6057 327.9544 -38.3964
v  1.7821 327.9545 -31.0085
v  -3.3463 325.6872 -33.2679
v  9.2928 330.3599 -28.5987
v  18.1051 332.0351 -26.9237
v  27.5591 339.0580 -34.0903
v  27.5590 332.6302 -26.3283
v  37.0130 332.0351 -26.9237
v  45.8253 330.3599 -28.5987
v  6.9471 343.1186 -54.0274
v  27.5591 347.1896 -53.3517
v  53.3360 327.9545 -31.0085
v  47.3077 340.4405 -44.4247
v  58.4644 325.6872 -33.2679
v  60.7238 327.9544 -38.3964
v  38.1614 346.1562 -53.5709
v  63.1337 330.3599 -45.9070
v  64.8087 332.0351 -54.7194
v  38.3806 347.1896 -64.1733
v  48.5605 344.0057 -64.1733
v  57.6421 339.0580 -64.1733
v  65.4040 332.6302 -64.1733
v  60.7238 327.9544 -89.9502
v  58.4644 325.6872 -95.0787
v  53.3360 327.9544 -97.3381
v  55.8759 336.1451 -82.9471
v  63.1337 330.3598 -82.4396
v  64.8087 332.0351 -73.6272
v  37.7049 343.1186 -84.7853
v  -5.4934 269.1812 -31.1208
v  -13.6613 276.1698 -35.9565
v  -7.8951 276.6768 -28.7191
v  -15.8381 265.4039 -54.5206
v  -9.5668 285.4594 -27.0475
v  -10.2710 294.8819 -26.3432
v  -9.6906 304.2451 -26.9237
v  -15.9865 304.4774 -34.5905
v  -8.0156 313.0604 -28.5987
v  -17.9457 275.2000 -83.8552
v  -5.6057 320.5804 -31.0085
v  -18.0769 314.5424 -44.4247
v  -5.4934 269.1812 -97.2257
v  -7.8951 276.6767 -99.6275
v  -9.5668 285.4594 -101.2991
v  -13.7974 313.5696 -92.4901
v  -10.2859 294.7873 -102.0183
v  -9.6906 304.2451 -101.4229
v  -15.9865 324.3659 -54.4877
v  -15.9865 324.3659 -73.8588
v  -8.0156 313.0604 -99.7479
v  -5.6057 320.5804 -97.3381
v  60.6115 269.1812 -31.1208
v  46.2710 266.6651 -22.9529
v  63.0132 276.6768 -28.7191
v  64.6849 285.4594 -27.0475
v  27.5590 264.9049 -20.0504
v  65.3892 294.8819 -26.3432
v  64.8087 304.2451 -26.9237
v  57.1418 304.4774 -20.6277
v  63.1337 313.0604 -28.5987
v  7.8772 275.2000 -18.6685
v  60.7238 320.5804 -31.0085
v  47.3077 314.5424 -18.5374
v  -1.9190 285.2292 -20.7761
v  -2.0237 304.4774 -20.6277
v  37.2446 324.3659 -20.6277
v  17.8735 324.3659 -20.6277
v  71.6819 264.9049 -64.1733
v  73.0638 275.2000 -44.4914
v  76.6244 273.9521 -64.1733
v  79.7999 284.0969 -64.1733
v  80.0308 294.8819 -53.7360
v  81.0591 294.8819 -64.1733
v  70.9562 285.2292 -34.6953
v  79.9525 305.6137 -64.1733
v  76.7623 315.7960 -64.1733
v  75.8752 315.4090 -54.0274
v  71.1046 304.4774 -34.5905
v  71.8300 324.8656 -64.1733
v  68.9155 323.1029 -45.3994
v  60.6115 269.1812 -97.2257
v  68.7794 266.6651 -82.8852
v  63.0132 276.6767 -99.6275
v  70.9562 285.2292 -93.6513
v  64.6849 285.4594 -101.2991
v  65.4040 294.7873 -102.0183
v  64.8087 304.2451 -101.4229
v  79.9525 294.7874 -74.9948
v  63.1337 313.0604 -99.7479
v  60.7238 320.5804 -97.3381
v  68.9155 323.1029 -82.9471
v  -0.6578 276.1698 -105.3936
v  -2.5240 294.7873 -108.4443
v  27.5591 273.9521 -113.2386
v  47.2409 275.2000 -109.6781
v  7.8104 314.5424 -109.8092
v  55.8759 313.5698 -105.5297
v  17.8735 324.3659 -107.7188
v  37.2446 324.3659 -107.7188
v  28.6687 297.4911 -27.8289
v  38.6461 294.4623 -28.2831
v  38.4276 293.4284 -17.7166
v  30.5007 304.4489 -45.9334
v  19.2356 301.5464 -17.7166
v  49.2126 292.1693 -17.7166
v  38.6461 294.4624 -7.1501
v  49.2126 293.4284 -28.5016
v  16.1602 312.6168 -43.4172
v  13.7584 310.2151 -35.9217
v  18.4151 314.8718 -48.5141
v  23.5120 312.6168 -50.7690
v  12.0868 308.5435 -27.1390
v  31.0075 310.2151 -53.1708
v  11.4935 307.9502 -17.7166
v  39.7901 308.5435 -54.8424
v  12.0868 308.5435 -8.2941
v  49.2126 307.9502 -55.4357
v  59.3249 297.4911 -38.2605
v  13.7584 310.2151 0.4886
v  58.6351 308.5435 -54.8424
v  30.5007 304.4489 10.5002
v  16.1602 312.6168 7.9840
v  67.4177 310.2151 -53.1708
v  59.9977 293.4284 -17.7166
v  70.1424 296.6039 -17.7166
v  79.1896 301.5464 -17.7166
v  77.4294 304.4489 -36.4285
v  86.9317 307.9502 -17.7166
v  86.3384 308.5435 -27.1390
v  84.6668 310.2151 -35.9217
v  82.2650 312.6168 -43.4172
v  74.9132 312.6168 -50.7690
v  80.0101 314.8718 -48.5141
v  49.2126 293.4284 -6.9316
v  59.7791 294.4624 -7.1501
v  68.8945 300.1645 1.9653
v  49.2126 301.5464 12.2604
v  58.6351 308.5435 19.4092
v  49.2126 307.9502 20.0025
v  39.7901 308.5435 19.4092
v  31.0075 310.2151 17.7376
v  23.5120 312.6168 15.3359
v  18.4151 314.8718 13.0809
v  67.4177 310.2151 17.7376
v  74.9132 312.6168 15.3359
v  80.0101 314.8718 13.0809
v  82.2650 312.6168 7.9840
v  84.6668 310.2151 0.4886
v  86.3384 308.5435 -8.2941
v  38.6102 396.9436 -28.3190
v  49.2126 399.1693 -17.7166
v  49.2126 397.9770 -28.5382
v  29.4640 391.2279 -37.4652
v  38.3910 397.9770 -17.7166
v  23.4357 378.7418 -50.8814
v  30.9463 381.1472 -53.2912
v  18.3072 376.4746 -48.6220
v  16.0478 378.7418 -43.4935
v  49.2126 394.7931 -38.7181
v  39.7587 382.8225 -54.9662
v  13.6380 381.1472 -35.9829
v  58.8981 389.1197 -47.2994
v  49.2126 383.4176 -55.5616
v  11.9630 382.8225 -27.1705
v  58.6665 382.8225 -54.9662
v  11.3676 383.4176 -17.7166
v  19.6298 389.1198 -8.0310
v  67.9864 386.9324 -46.0335
v  67.4789 381.1472 -53.2912
v  11.9630 382.8225 -8.2627
v  13.6380 381.1472 0.5497
v  16.0478 378.7419 8.0603
v  23.4357 378.7419 15.4482
v  18.3072 376.4746 13.1888
v  30.9463 381.1472 17.8580
v  39.7587 382.8225 19.5330
v  49.2126 389.8454 12.3664
v  49.2126 383.4176 20.1284
v  58.6665 382.8225 19.5330
v  67.4789 381.1472 17.8580
v  28.6006 393.9060 -7.5707
v  49.2126 397.9770 -6.8951
v  74.9895 378.7419 15.4482
v  68.9612 391.2279 2.0320
v  80.1180 376.4746 13.1888
v  82.3774 378.7419 8.0603
v  59.8150 396.9436 -7.1142
v  84.7872 381.1472 0.5497
v  86.4622 382.8225 -8.2627
v  60.0341 397.9770 -17.7166
v  70.2141 394.7932 -17.7166
v  79.2956 389.8454 -17.7166
v  87.0576 383.4176 -17.7166
v  82.3774 378.7418 -43.4935
v  80.1180 376.4746 -48.6220
v  74.9895 378.7418 -50.8814
v  84.7872 381.1472 -35.9829
v  86.4622 382.8225 -27.1705
v  16.1602 319.9686 15.3359
v  7.9923 326.9572 10.5002
v  13.7584 327.4641 17.7376
v  5.8154 316.1913 -8.0639
v  12.0868 336.2468 19.4092
v  11.3825 345.6693 20.1135
v  11.9630 355.0325 19.5330
v  5.6670 355.2647 11.8662
v  13.6380 363.8478 17.8580
v  3.7078 325.9874 -37.3985
v  16.0478 371.3678 15.4482
v  3.5767 365.3297 2.0320
v  16.1602 319.9686 -50.7690
v  13.7584 327.4641 -53.1708
v  12.0868 336.2468 -54.8424
v  7.8562 364.3571 -46.0335
v  11.3676 345.5747 -55.5616
v  11.9630 355.0325 -54.9662
v  5.6670 375.1533 -8.0310
v  5.6670 375.1533 -27.4021
v  13.6380 363.8478 -53.2912
v  16.0478 371.3678 -50.8814
v  82.2650 319.9686 15.3359
v  77.4294 326.9573 23.5037
v  84.6668 327.4641 17.7376
v  59.3249 325.1253 30.4616
v  86.3384 336.2468 19.4092
v  87.0427 345.6693 20.1135
v  39.5599 316.1913 25.6806
v  86.4622 355.0325 19.5330
v  78.7954 355.2647 25.8289
v  84.7872 363.8478 17.8580
v  82.3774 371.3678 15.4482
v  68.9612 365.3297 27.9193
v  19.7346 336.0165 25.6806
v  19.6298 355.2647 25.8289
v  58.8982 375.1533 25.8289
v  39.5270 375.1533 25.8289
v  93.3355 315.6923 -17.7166
v  94.7174 325.9874 1.9653
v  98.2779 324.7395 -17.7166
v  101.4535 334.8842 -17.7166
v  101.6844 345.6693 -7.2793
v  102.7126 345.6693 -17.7166
v  92.6098 336.0165 11.7614
v  101.6060 356.4011 -17.7166
v  98.4159 366.5834 -17.7166
v  97.5287 366.1964 -7.5707
v  92.7581 355.2647 11.8662
v  93.4836 375.6530 -17.7166
v  90.5690 373.8903 1.0572
v  82.2650 319.9686 -50.7690
v  92.6098 316.1913 -27.3693
v  84.6668 327.4641 -53.1708
v  86.3384 336.2468 -54.8424
v  93.4836 345.5747 -47.7996
v  87.0576 345.5747 -55.5616
v  86.4622 355.0325 -54.9662
v  101.6060 345.5747 -28.5381
v  84.7872 363.8478 -53.2912
v  82.3774 371.3678 -50.8814
v  90.5690 373.8903 -36.4904
v  20.9958 326.9572 -58.9369
v  19.1296 345.5747 -61.9876
v  49.2126 324.7395 -66.7819
v  68.8945 325.9874 -63.2214
v  29.4640 365.3297 -63.3525
v  77.5294 364.3572 -59.0730
v  39.5271 375.1533 -61.2621
v  58.8981 375.1533 -61.2621
v  -11.2562 286.4416 -59.1798
v  0.5203 282.8668 -59.7160
v  0.2624 281.6464 -47.2441
v  -9.0938 294.6541 -80.5489
v  -22.3902 291.2282 -47.2441
v  12.9921 280.1602 -47.2441
v  0.5203 282.8668 -34.7723
v  12.9921 281.6464 -59.9739
v  -26.0202 304.2948 -77.5790
v  -28.8550 301.4600 -68.7320
v  -23.3586 306.9563 -83.5949
v  -17.3427 304.2948 -86.2564
v  -30.8280 299.4869 -58.3656
v  -8.4957 301.4600 -89.0913
v  -31.5283 298.7867 -47.2441
v  1.8707 299.4869 -91.0643
v  -21.8012 292.0847 -35.8509
v  -30.8280 299.4869 -36.1227
v  12.9921 298.7867 -91.7645
v  24.3854 292.0847 -82.0375
v  -28.8550 301.4600 -25.7563
v  24.1136 299.4869 -91.0643
v  -9.0938 294.6541 -13.9394
v  -26.0202 304.2948 -16.9093
v  34.4799 301.4600 -89.0913
v  24.9278 286.4416 -71.4925
v  25.7219 281.6464 -47.2441
v  37.6959 285.3945 -47.2441
v  48.3744 291.2282 -47.2441
v  46.2968 294.6541 -69.3301
v  57.5125 298.7867 -47.2441
v  56.8123 299.4869 -58.3656
v  54.8392 301.4600 -68.7320
v  52.0044 304.2948 -77.5790
v  43.3270 304.2948 -86.2564
v  49.3429 306.9563 -83.5949
v  12.9921 281.6464 -34.5144
v  25.4639 282.8668 -34.7723
v  36.2230 289.5971 -24.0133
v  12.9921 291.2282 -11.8619
v  24.1136 299.4869 -3.4240
v  12.9921 298.7867 -2.7238
v  1.8707 299.4869 -3.4240
v  -8.4957 301.4600 -5.3970
v  -17.3427 304.2948 -8.2318
v  -23.3586 306.9564 -10.8934
v  34.4799 301.4600 -5.3970
v  43.3270 304.2948 -8.2318
v  49.3429 306.9564 -10.8934
v  52.0044 304.2948 -16.9093
v  47.7855 292.0847 -35.8509
v  54.8392 301.4600 -25.7563
v  56.8123 299.4869 -36.1227
v  0.4780 403.8269 -59.7583
v  12.9921 406.4539 -47.2442
v  12.9921 405.0467 -60.0170
v  -10.3175 397.0806 -70.5538
v  0.2192 405.0467 -47.2442
v  -17.4328 382.3431 -86.3890
v  -20.4307 392.0106 -69.4032
v  -8.5678 385.1823 -89.2334
v  -23.4860 379.6671 -83.7223
v  -26.1528 382.3431 -77.6690
v  12.9921 401.2887 -72.0325
v  1.8335 387.1596 -91.2105
v  -28.9971 385.1823 -68.8041
v  24.4241 394.5923 -82.1612
v  12.9921 387.8620 -91.9132
v  -30.9742 387.1596 -58.4028
v  24.1507 387.1596 -91.2105
v  -31.6769 387.8620 -47.2442
v  -21.9249 394.5923 -35.8121
v  35.1512 392.0106 -80.6670
v  34.5521 385.1823 -89.2334
v  -30.9742 387.1596 -36.0856
v  -28.9971 385.1823 -25.6842
v  -26.1528 382.3431 -16.8193
v  -9.1669 392.0107 -13.8214
v  -17.4328 382.3431 -8.0993
v  -23.4860 379.6671 -10.7661
v  -8.5678 385.1823 -5.2549
v  1.8335 387.1596 -3.2779
v  12.9921 395.4489 -11.7367
v  12.9921 387.8620 -2.5752
v  24.1507 387.1596 -3.2779
v  34.5521 385.1823 -5.2549
v  -11.3365 400.2416 -35.2689
v  12.9921 405.0467 -34.4713
v  43.4170 382.3431 -8.0993
v  36.3017 397.0806 -23.9346
v  49.4702 379.6671 -10.7661
v  52.1370 382.3431 -16.8193
v  25.5063 403.8269 -34.7300
v  54.9814 385.1823 -25.6842
v  47.9091 394.5923 -35.8121
v  56.9584 387.1596 -36.0856
v  25.7650 405.0467 -47.2442
v  37.7805 401.2887 -47.2442
v  48.4996 395.4489 -47.2442
v  57.6611 387.8620 -47.2442
v  52.1370 382.3431 -77.6690
v  49.4702 379.6671 -83.7223
v  43.4170 382.3431 -86.3890
v  54.9814 385.1823 -68.8041
v  56.9584 387.1596 -58.4028
v  -26.0202 312.9722 -8.2319
v  -35.6609 321.2209 -13.9394
v  -28.8550 321.8193 -5.3970
v  -38.2302 308.5137 -35.8509
v  -30.8280 332.1856 -3.4240
v  -31.6593 343.3071 -2.5927
v  -44.9204 318.6033 -47.2442
v  -30.9742 354.3586 -3.2779
v  -38.4053 354.6328 -12.3272
v  -28.9971 364.7635 -5.2549
v  -40.7178 320.0763 -70.4750
v  -26.1528 373.6395 -8.0993
v  -40.8726 366.5126 -23.9346
v  -26.0202 312.9722 -86.2564
v  -28.8550 321.8193 -89.0913
v  -30.8280 332.1856 -91.0643
v  -35.8215 365.3645 -80.6670
v  -31.6769 343.1955 -91.9131
v  -30.9742 354.3586 -91.2105
v  -38.4053 378.1075 -35.8121
v  -38.4053 378.1075 -58.6761
v  -28.9971 364.7634 -89.2334
v  -26.1528 373.6395 -86.3890
v  52.0044 312.9722 -8.2319
v  46.2968 321.2211 1.4088
v  54.8392 321.8193 -5.3970
v  24.9278 319.0588 9.6213
v  56.8123 332.1856 -3.4240
v  57.6436 343.3071 -2.5927
v  1.5989 308.5137 3.9782
v  56.9584 354.3586 -3.2779
v  47.9091 354.6328 4.1533
v  54.9814 364.7635 -5.2549
v  -10.2387 320.0763 6.4658
v  52.1370 373.6395 -8.0993
v  36.3017 366.5126 6.6206
v  -21.8012 331.9138 3.9782
v  -21.9249 354.6328 4.1533
v  24.4242 378.1075 4.1533
v  1.5601 378.1075 4.1533
v  65.0710 307.9248 -47.2441
v  66.7021 320.0763 -24.0133
v  70.9047 318.6033 -47.2441
v  74.6528 330.5774 -47.2442
v  74.9254 343.3071 -34.9248
v  76.1390 343.3071 -47.2442
v  64.2145 331.9138 -12.4508
v  74.8329 355.9740 -47.2442
v  71.0675 367.9923 -47.2442
v  70.0204 367.5355 -35.2688
v  64.3896 354.6328 -12.3272
v  65.2458 378.6974 -47.2442
v  61.8058 376.6167 -25.0851
v  52.0044 312.9722 -86.2564
v  61.6451 310.0023 -69.3301
v  54.8392 321.8193 -89.0913
v  64.2145 331.9138 -82.0375
v  56.8123 332.1856 -91.0643
v  57.6611 343.1955 -91.9131
v  56.9584 354.3586 -91.2105
v  64.3896 354.6327 -82.1612
v  74.8329 343.1955 -60.0170
v  54.9814 364.7634 -89.2334
v  52.1370 373.6395 -86.3890
v  61.8058 376.6167 -69.4032
v  -20.3126 321.2209 -95.8971
v  1.5989 308.5137 -98.4665
v  -22.5153 343.1955 -99.4979
v  24.3854 308.5137 -98.4665
v  36.2230 320.0762 -100.9541
v  -10.3175 366.5126 -101.1089
v  46.4149 365.3647 -96.0578
v  1.5602 378.1075 -98.6416
v  24.4241 378.1075 -98.6416
v  62.9206 277.0186 -0.6635
v  72.8980 273.9899 -1.1177
v  72.6795 272.9560 9.4488
v  64.7526 283.9765 -18.7680
v  53.4876 281.0740 9.4488
v  83.4646 271.6968 9.4488
v  72.8980 273.9899 20.0153
v  83.4646 272.9560 -1.3363
v  50.4121 292.1444 -16.2519
v  48.0104 289.7426 -8.7564
v  52.6671 294.3994 -21.3487
v  57.7639 292.1444 -23.6037
v  46.3387 288.0710 0.0263
v  65.2594 289.7426 -26.0054
v  45.7455 287.4778 9.4488
v  74.0421 288.0710 -27.6770
v  46.3387 288.0710 18.8712
v  83.4646 287.4778 -28.2703
v  93.5769 277.0186 -11.0952
v  48.0104 289.7427 27.6539
v  92.8870 288.0710 -27.6770
v  64.7526 283.9765 37.6656
v  50.4121 292.1444 35.1494
v  101.6697 289.7426 -26.0054
v  102.1765 283.9765 -18.7680
v  104.0085 277.0186 -0.6635
v  94.2496 272.9560 9.4488
v  104.3943 276.1315 9.4488
v  113.4415 281.0740 9.4488
v  121.1836 287.4778 9.4488
v  120.5904 288.0710 0.0263
v  118.9187 289.7426 -8.7564
v  116.5170 292.1444 -16.2519
v  109.1652 292.1444 -23.6037
v  114.2620 294.3994 -21.3487
v  83.4646 272.9560 20.2338
v  94.0311 273.9899 20.0153
v  103.1464 279.6921 29.1307
v  83.4646 281.0740 39.4257
v  92.8870 288.0710 46.5746
v  83.4646 287.4778 47.1678
v  74.0421 288.0710 46.5746
v  65.2594 289.7427 44.9030
v  57.7639 292.1444 42.5012
v  52.6671 294.3994 40.2463
v  101.6697 289.7427 44.9030
v  109.1652 292.1444 42.5012
v  114.2620 294.3994 40.2463
v  116.5170 292.1444 35.1494
v  118.9187 289.7427 27.6539
v  120.5904 288.0710 18.8712
v  72.8622 376.4712 -1.1536
v  83.4646 378.6968 9.4487
v  83.4646 377.5046 -1.3728
v  63.7159 370.7554 -10.2999
v  72.6430 377.5046 9.4487
v  57.6876 358.2694 -23.7160
v  65.1983 360.6748 -26.1259
v  52.5592 356.0022 -21.4566
v  50.2998 358.2694 -16.3282
v  93.1501 368.6473 -20.1340
v  74.0106 362.3501 -27.8009
v  47.8899 360.6748 -8.8175
v  83.4646 362.9452 -28.3962
v  46.2149 362.3501 -0.0052
v  92.9185 362.3501 -27.8009
v  45.6196 362.9452 9.4487
v  53.8818 368.6473 19.1343
v  101.7308 360.6748 -26.1259
v  46.2149 362.3501 18.9027
v  47.8899 360.6748 27.7150
v  50.2998 358.2694 35.2257
v  57.6876 358.2694 42.6135
v  52.5592 356.0022 40.3541
v  65.1983 360.6748 45.0234
v  74.0106 362.3501 46.6984
v  83.4646 369.3730 39.5318
v  83.4646 362.9452 47.2937
v  92.9185 362.3501 46.6984
v  101.7308 360.6748 45.0234
v  62.8526 373.4336 19.5946
v  83.4646 377.5046 20.2703
v  109.2415 358.2694 42.6135
v  103.2132 370.7554 29.1974
v  114.3699 356.0022 40.3541
v  116.6293 358.2694 35.2257
v  94.0669 376.4712 20.0511
v  119.0392 360.6748 27.7150
v  120.7142 362.3501 18.9027
v  94.2861 377.5046 9.4487
v  104.4660 374.3207 9.4487
v  113.5476 369.3730 9.4487
v  121.3095 362.9452 9.4487
v  116.6293 358.2694 -16.3282
v  114.3699 356.0022 -21.4566
v  109.2415 358.2694 -23.7160
v  111.7814 366.4600 -9.3251
v  119.0392 360.6748 -8.8175
v  120.7142 362.3501 -0.0052
v  93.6104 373.4336 -11.1632
v  50.4121 299.4962 42.5012
v  42.2442 306.4848 37.6656
v  48.0104 306.9917 44.9030
v  40.0674 295.7188 19.1015
v  46.3387 315.7744 46.5746
v  45.6345 325.1969 47.2789
v  46.2149 334.5601 46.6984
v  39.9190 334.7923 39.0315
v  47.8899 343.3754 45.0234
v  37.9598 305.5150 -10.2331
v  50.2998 350.8954 42.6135
v  37.8286 344.8573 29.1974
v  50.4121 299.4962 -23.6037
v  48.0104 306.9917 -26.0054
v  46.3387 315.7744 -27.6770
v  42.1081 343.8846 -18.8681
v  45.6196 325.1023 -28.3962
v  46.2149 334.5601 -27.8009
v  39.9190 354.6809 19.1343
v  39.9190 354.6809 -0.2368
v  47.8899 343.3753 -26.1259
v  50.2998 350.8954 -23.7160
v  116.5170 299.4962 42.5012
v  102.1765 296.9800 50.6691
v  118.9187 306.9917 44.9030
v  120.5904 315.7744 46.5746
v  83.4645 295.2199 53.5716
v  121.2946 325.1969 47.2789
v  120.7142 334.5601 46.6984
v  113.0473 334.7923 52.9943
v  119.0392 343.3754 45.0234
v  63.7827 305.5150 54.9535
v  116.6293 350.8954 42.6135
v  103.2132 344.8573 55.0847
v  53.9865 315.5441 52.8459
v  53.8818 334.7923 52.9943
v  93.1501 354.6809 52.9943
v  73.7790 354.6809 52.9943
v  127.5874 295.2199 9.4488
v  128.9693 305.5150 29.1306
v  132.5299 304.2671 9.4488
v  135.7054 314.4118 9.4488
v  135.9363 325.1968 19.8861
v  136.9646 325.1968 9.4488
v  126.8617 315.5441 38.9268
v  135.8580 335.9286 9.4488
v  132.6678 346.1110 9.4488
v  131.7807 345.7239 19.5946
v  127.0101 334.7923 39.0315
v  127.7355 355.1806 9.4488
v  124.8210 353.4178 28.2226
v  116.5170 299.4962 -23.6037
v  124.6849 296.9800 -9.2632
v  118.9187 306.9917 -26.0054
v  126.8617 315.5441 -20.0293
v  120.5904 315.7744 -27.6770
v  121.3095 325.1023 -28.3962
v  120.7142 334.5601 -27.8009
v  135.8580 325.1023 -1.3728
v  119.0392 343.3753 -26.1259
v  116.6293 350.8954 -23.7160
v  124.8210 353.4178 -9.3251
v  55.2477 306.4848 -31.7716
v  53.3815 325.1023 -34.8222
v  83.4646 304.2671 -39.6166
v  103.1464 305.5150 -36.0560
v  63.7159 344.8573 -36.1872
v  111.7814 343.8847 -31.9077
v  73.7790 354.6809 -34.0968
v  93.1501 354.6809 -34.0968
v  68.8261 326.2312 1.3050
v  78.8036 323.2025 0.8507
v  78.5850 322.1686 11.4173
v  70.6581 333.1891 -16.7996
v  59.3931 330.2866 11.4173
v  89.3701 320.9094 11.4173
v  78.8036 323.2025 21.9838
v  89.3701 322.1686 0.6322
v  56.3176 341.3570 -14.2834
v  53.9159 338.9552 -6.7879
v  58.5726 343.6119 -19.3802
v  63.6694 341.3570 -21.6352
v  52.2443 337.2836 1.9948
v  71.1649 338.9552 -24.0369
v  51.6510 336.6904 11.4173
v  79.9476 337.2836 -25.7086
v  52.2443 337.2836 20.8397
v  89.3701 336.6903 -26.3018
v  99.4824 326.2312 -9.1267
v  53.9159 338.9552 29.6224
v  98.7925 337.2836 -25.7086
v  70.6581 333.1891 39.6341
v  56.3176 341.3570 37.1179
v  107.5752 338.9552 -24.0369
v  100.1552 322.1686 11.4173
v  110.2999 325.3441 11.4173
v  119.3470 330.2866 11.4173
v  117.5869 333.1891 -7.2947
v  127.0891 336.6904 11.4173
v  126.4959 337.2836 1.9948
v  124.8243 338.9552 -6.7879
v  122.4225 341.3570 -14.2834
v  115.0707 341.3570 -21.6352
v  120.1676 343.6119 -19.3802
v  89.3701 322.1686 22.2023
v  99.9366 323.2025 21.9838
v  109.0520 328.9047 31.0991
v  89.3701 330.2866 41.3942
v  98.7925 337.2836 48.5431
v  89.3701 336.6904 49.1363
v  79.9476 337.2836 48.5431
v  71.1649 338.9552 46.8714
v  63.6694 341.3570 44.4697
v  58.5726 343.6119 42.2147
v  107.5752 338.9552 46.8714
v  115.0707 341.3570 44.4697
v  120.1676 343.6119 42.2147
v  122.4225 341.3570 37.1179
v  124.8243 338.9552 29.6224
v  126.4959 337.2836 20.8397
v  78.7677 425.6837 0.8149
v  89.3701 427.9094 11.4172
v  89.3701 426.7172 0.5957
v  69.6214 419.9680 -8.3314
v  78.5485 426.7172 11.4172
v  63.5932 407.4820 -21.7475
v  71.1038 409.8874 -24.1574
v  58.4647 405.2148 -19.4881
v  56.2053 407.4820 -14.3597
v  89.3701 423.5333 -9.5842
v  79.9161 411.5627 -25.8324
v  53.7955 409.8874 -6.8490
v  99.0556 417.8599 -18.1655
v  89.3701 412.1577 -26.4277
v  52.1204 411.5627 1.9633
v  98.8240 411.5627 -25.8324
v  51.5251 412.1577 11.4172
v  59.7873 417.8599 21.1028
v  108.1439 415.6726 -16.8996
v  107.6364 409.8874 -24.1574
v  52.1204 411.5627 20.8712
v  53.7955 409.8874 29.6835
v  56.2053 407.4820 37.1942
v  63.5932 407.4820 44.5820
v  58.4647 405.2148 42.3226
v  71.1038 409.8874 46.9919
v  79.9161 411.5627 48.6669
v  89.3701 418.5856 41.5003
v  89.3701 412.1578 49.2622
v  98.8240 411.5627 48.6669
v  107.6364 409.8874 46.9919
v  68.7581 422.6461 21.5631
v  89.3701 426.7172 22.2388
v  115.1470 407.4820 44.5820
v  109.1187 419.9680 31.1659
v  120.2755 405.2148 42.3226
v  122.5348 407.4820 37.1942
v  99.9724 425.6837 22.0196
v  124.9447 409.8874 29.6835
v  126.6197 411.5627 20.8712
v  100.1916 426.7172 11.4172
v  110.3716 423.5333 11.4172
v  119.4531 418.5856 11.4172
v  127.2150 412.1577 11.4172
v  122.5348 407.4820 -14.3597
v  120.2755 405.2148 -19.4881
v  115.1470 407.4820 -21.7475
v  124.9447 409.8874 -6.8490
v  126.6197 411.5627 1.9633
v  56.3176 348.7088 44.4697
v  48.1497 355.6974 39.6341
v  53.9159 356.2043 46.8714
v  45.9729 344.9314 21.0700
v  52.2443 364.9870 48.5431
v  51.5400 374.4094 49.2473
v  52.1204 383.7726 48.6669
v  45.8245 384.0049 41.0000
v  53.7955 392.5880 46.9919
v  43.8653 354.7275 -8.2646
v  56.2053 400.1080 44.5820
v  43.7342 394.0699 31.1659
v  56.3176 348.7088 -21.6352
v  53.9159 356.2043 -24.0369
v  52.2443 364.9870 -25.7086
v  48.0136 393.0972 -16.8996
v  51.5251 374.3149 -26.4277
v  52.1204 383.7726 -25.8324
v  45.8245 403.8935 21.1028
v  45.8245 403.8935 1.7317
v  53.7955 392.5879 -24.1574
v  56.2053 400.1080 -21.7475
v  122.4225 348.7088 44.4697
v  117.5869 355.6975 52.6376
v  124.8243 356.2043 46.8714
v  99.4824 353.8655 59.5955
v  126.4959 364.9870 48.5431
v  127.2002 374.4094 49.2473
v  79.7174 344.9314 54.8144
v  126.6197 383.7726 48.6669
v  118.9529 384.0049 54.9628
v  124.9447 392.5880 46.9919
v  122.5348 400.1080 44.5820
v  109.1187 394.0699 57.0532
v  59.8920 364.7567 54.8144
v  59.7873 384.0049 54.9628
v  99.0556 403.8935 54.9628
v  79.6845 403.8935 54.9628
v  133.4929 344.4325 11.4173
v  134.8748 354.7275 31.0991
v  138.4354 353.4796 11.4173
v  141.6109 363.6244 11.4173
v  141.8419 374.4094 21.8546
v  142.8701 374.4094 11.4172
v  132.7672 364.7567 40.8953
v  141.7635 385.1412 11.4172
v  138.5733 395.3235 11.4172
v  137.6862 394.9365 21.5631
v  132.9156 384.0049 41.0000
v  133.6411 404.3932 11.4172
v  130.7265 402.6304 30.1911
v  122.4225 348.7088 -21.6352
v  132.7672 344.9314 1.7645
v  124.8243 356.2043 -24.0369
v  126.4959 364.9870 -25.7086
v  133.6411 374.3149 -18.6658
v  127.2150 374.3149 -26.4277
v  126.6197 383.7726 -25.8324
v  141.7635 374.3149 0.5957
v  124.9447 392.5879 -24.1574
v  122.5348 400.1080 -21.7475
v  130.7265 402.6304 -7.3566
v  61.1533 355.6974 -29.8031
v  79.7173 344.9314 -31.9799
v  68.3686 374.3149 -37.7860
v  109.0520 354.7275 -34.0875
v  69.6214 394.0699 -34.2187
v  117.6869 393.0973 -29.9392
v  79.6846 403.8935 -32.1283
v  99.0556 403.8935 -32.1283
v  33.3931 285.2864 70.5963
v  43.3705 282.2577 70.1421
v  43.1520 281.2238 80.7086
v  35.2251 292.2443 52.4918
v  23.9600 289.3417 80.7086
v  53.9370 279.9646 80.7086
v  43.3705 282.2577 91.2751
v  53.9370 281.2238 69.9236
v  20.8846 300.4122 55.0080
v  18.4828 298.0104 62.5034
v  23.1395 302.6671 49.9111
v  28.2364 300.4122 47.6562
v  16.8112 296.3388 71.2861
v  35.7319 298.0104 45.2544
v  16.2179 295.7455 80.7086
v  44.5146 296.3388 43.5828
v  16.8112 296.3388 90.1311
v  53.9370 295.7455 42.9895
v  64.0493 285.2864 60.1647
v  18.4828 298.0104 98.9137
v  63.3595 296.3388 43.5828
v  35.2251 292.2443 108.9254
v  20.8846 300.4122 106.4092
v  72.1422 298.0104 45.2544
v  64.7221 281.2238 80.7086
v  74.8668 284.3993 80.7086
v  83.9140 289.3417 80.7086
v  82.1538 292.2443 61.9967
v  91.6561 295.7455 80.7086
v  91.0628 296.3388 71.2861
v  89.3912 298.0104 62.5034
v  86.9895 300.4122 55.0080
v  79.6376 300.4122 47.6562
v  84.7345 302.6671 49.9111
v  53.9370 281.2238 91.4936
v  64.5035 282.2577 91.2751
v  73.6189 287.9598 100.3905
v  53.9370 289.3418 110.6856
v  63.3595 296.3388 117.8344
v  53.9370 295.7455 118.4277
v  44.5146 296.3388 117.8344
v  35.7319 298.0104 116.1628
v  28.2364 300.4122 113.7610
v  23.1395 302.6671 111.5061
v  72.1422 298.0104 116.1628
v  79.6376 300.4122 113.7610
v  84.7345 302.6671 111.5061
v  86.9895 300.4122 106.4092
v  89.3912 298.0104 98.9137
v  91.0628 296.3388 90.1311
v  43.3346 384.7389 70.1062
v  53.9370 386.9646 80.7086
v  53.9370 385.7723 69.8870
v  34.1884 379.0232 60.9600
v  43.1154 385.7724 80.7086
v  28.1601 366.5372 47.5438
v  35.6707 368.9426 45.1340
v  23.0316 364.2700 49.8032
v  20.7722 366.5372 54.9317
v  63.6225 376.9151 51.1258
v  44.4831 370.6179 43.4590
v  18.3624 368.9426 62.4423
v  53.9370 371.2130 42.8636
v  16.6874 370.6179 71.2547
v  63.3909 370.6179 43.4590
v  16.0920 371.2130 80.7086
v  24.3542 376.9151 90.3942
v  72.2033 368.9426 45.1340
v  16.6874 370.6179 90.1625
v  18.3624 368.9426 98.9749
v  20.7722 366.5372 106.4855
v  28.1601 366.5372 113.8734
v  23.0316 364.2700 111.6140
v  35.6707 368.9426 116.2832
v  44.4831 370.6179 117.9582
v  53.9370 377.6408 110.7916
v  53.9370 371.2130 118.5536
v  63.3909 370.6179 117.9582
v  72.2033 368.9426 116.2832
v  33.3250 381.7014 90.8544
v  53.9370 385.7724 91.5301
v  79.7139 366.5372 113.8734
v  73.6856 379.0232 100.4572
v  84.8424 364.2700 111.6140
v  87.1018 366.5372 106.4855
v  64.5394 384.7390 91.3110
v  89.5116 368.9426 98.9749
v  91.1866 370.6179 90.1625
v  64.7585 385.7724 80.7086
v  74.9385 382.5885 80.7086
v  84.0200 377.6408 80.7086
v  91.7820 371.2130 80.7086
v  87.1018 366.5372 54.9317
v  84.8424 364.2700 49.8032
v  79.7139 366.5372 47.5438
v  82.2539 374.7278 61.9347
v  89.5116 368.9426 62.4423
v  91.1866 370.6179 71.2547
v  64.0829 381.7014 60.0966
v  20.8846 307.7640 113.7610
v  12.7167 314.7526 108.9254
v  18.4828 315.2595 116.1628
v  5.7588 312.9207 90.8209
v  16.8112 324.0422 117.8344
v  16.1069 333.4646 118.5387
v  10.5398 303.9866 71.0559
v  16.6874 342.8279 117.9582
v  10.3915 343.0601 110.2914
v  18.3624 351.6431 116.2832
v  8.4322 313.7827 61.0267
v  20.7722 359.1632 113.8734
v  8.3011 353.1251 100.4572
v  20.8846 307.7640 47.6561
v  18.4828 315.2595 45.2544
v  16.8112 324.0422 43.5828
v  12.5806 352.1524 52.3917
v  16.0920 333.3701 42.8636
v  16.6874 342.8278 43.4590
v  10.3915 362.9487 90.3942
v  10.3915 362.9487 71.0231
v  18.3624 351.6431 45.1340
v  20.7722 359.1631 47.5438
v  86.9895 307.7640 113.7610
v  82.1538 314.7527 121.9289
v  89.3912 315.2595 116.1628
v  64.0493 312.9207 128.8868
v  91.0628 324.0422 117.8344
v  91.7671 333.4646 118.5387
v  44.2843 303.9866 124.1058
v  91.1866 342.8279 117.9582
v  83.5198 343.0601 124.2541
v  89.5116 351.6431 116.2832
v  87.1018 359.1632 113.8734
v  73.6856 353.1251 126.3445
v  24.4590 323.8119 124.1058
v  24.3542 343.0601 124.2541
v  63.6226 362.9487 124.2541
v  44.2514 362.9487 124.2541
v  98.0599 303.4876 80.7086
v  99.4418 313.7827 100.3905
v  103.0023 312.5348 80.7086
v  106.1779 322.6796 80.7086
v  106.4088 333.4646 91.1459
v  107.4370 333.4646 80.7086
v  97.3342 323.8119 110.1866
v  106.3304 344.1964 80.7086
v  103.1403 354.3787 80.7086
v  102.2531 353.9917 90.8544
v  97.4826 343.0601 110.2914
v  98.2080 363.4484 80.7086
v  95.2934 361.6856 99.4824
v  86.9895 307.7640 47.6561
v  95.1573 314.7527 52.4918
v  89.3912 315.2595 45.2544
v  91.0628 324.0422 43.5828
v  102.1152 323.3523 60.1646
v  91.7820 333.3701 42.8636
v  91.1866 342.8278 43.4590
v  89.5116 351.6431 45.1340
v  102.2531 343.5208 60.0966
v  87.1018 359.1631 47.5438
v  95.2934 361.6856 61.9347
v  25.7202 314.7526 39.4883
v  23.8540 333.3701 36.4376
v  53.9370 312.5348 31.6432
v  73.6189 313.7827 35.2038
v  34.1884 353.1251 35.0727
v  82.2539 352.1525 39.3521
v  44.2515 362.9487 37.1630
v  63.6225 362.9487 37.1630
v  -32.7487 292.3730 6.4231
v  -22.7712 289.3442 5.9689
v  -22.9898 288.3103 16.5354
v  -30.9167 299.3308 -11.6814
v  -42.1817 296.4283 16.5354
v  -12.2047 287.0511 16.5354
v  -22.7712 289.3442 27.1019
v  -12.2047 288.3103 5.7503
v  -45.2572 307.4987 -9.1653
v  -47.6589 305.0970 -1.6698
v  -43.0022 309.7537 -14.2621
v  -37.9054 307.4987 -16.5171
v  -49.3305 303.4254 7.1129
v  -30.4099 305.0970 -18.9188
v  -49.9238 302.8321 16.5354
v  -21.6272 303.4254 -20.5904
v  -49.3305 303.4254 25.9578
v  -12.2047 302.8321 -21.1837
v  -2.0924 292.3730 -4.0086
v  -47.6589 305.0970 34.7405
v  -2.7823 303.4254 -20.5904
v  -30.9167 299.3308 44.7522
v  -45.2572 307.4987 42.2360
v  6.0004 305.0970 -18.9188
v  6.5072 299.3308 -11.6814
v  8.3392 292.3730 6.4231
v  -1.4196 288.3103 16.5354
v  8.7251 291.4858 16.5354
v  17.7723 296.4283 16.5354
v  25.5143 302.8321 16.5354
v  24.9211 303.4254 7.1129
v  23.2495 305.0970 -1.6698
v  20.8477 307.4987 -9.1653
v  13.4959 307.4987 -16.5171
v  18.5928 309.7537 -14.2621
v  -12.2047 288.3103 27.3204
v  -1.6382 289.3442 27.1019
v  7.4772 295.0464 36.2173
v  -12.2047 296.4283 46.5124
v  -2.7823 303.4254 53.6612
v  -12.2047 302.8321 54.2544
v  -21.6272 303.4254 53.6612
v  -30.4099 305.0970 51.9896
v  -37.9054 307.4987 49.5878
v  -43.0022 309.7537 47.3329
v  6.0004 305.0970 51.9896
v  13.4959 307.4987 49.5878
v  18.5928 309.7537 47.3329
v  20.8477 307.4987 42.2360
v  23.2495 305.0970 34.7405
v  24.9211 303.4254 25.9578
v  -22.8071 391.8255 5.9330
v  -12.2047 394.0511 16.5354
v  -12.2047 392.8589 5.7138
v  -31.9533 386.1097 -3.2133
v  -23.0263 392.8589 16.5354
v  -37.9816 373.6237 -16.6294
v  -30.4710 376.0291 -19.0393
v  -43.1101 371.3565 -14.3700
v  -45.3695 373.6237 -9.2416
v  -2.5192 384.0016 -13.0474
v  -21.6587 377.7044 -20.7143
v  -47.7793 376.0291 -1.7309
v  -12.2047 378.2995 -21.3096
v  -49.4544 377.7044 7.0814
v  -2.7508 377.7044 -20.7143
v  -50.0497 378.2995 16.5353
v  -41.7875 384.0016 26.2209
v  6.0616 376.0291 -19.0393
v  -49.4544 377.7044 25.9893
v  -47.7793 376.0291 34.8016
v  -45.3695 373.6237 42.3123
v  -37.9816 373.6237 49.7001
v  -43.1101 371.3565 47.4407
v  -30.4710 376.0291 52.1100
v  -21.6587 377.7044 53.7850
v  -12.2047 384.7273 46.6184
v  -12.2047 378.2995 54.3803
v  -2.7508 377.7044 53.7850
v  6.0616 376.0291 52.1100
v  -32.8167 388.7879 26.6812
v  -12.2047 392.8589 27.3569
v  13.5722 373.6237 49.7001
v  7.5439 386.1097 36.2840
v  18.7007 371.3565 47.4407
v  20.9601 373.6237 42.3123
v  -1.6024 391.8255 27.1377
v  23.3699 376.0291 34.8016
v  25.0449 377.7044 25.9893
v  -1.3832 392.8589 16.5354
v  8.7968 389.6750 16.5354
v  17.8783 384.7273 16.5354
v  25.6403 378.2995 16.5354
v  20.9601 373.6237 -9.2416
v  18.7007 371.3565 -14.3700
v  13.5722 373.6237 -16.6294
v  16.1121 381.8143 -2.2385
v  23.3699 376.0291 -1.7309
v  25.0449 377.7044 7.0814
v  -2.0589 388.7879 -4.0766
v  -45.2572 314.8505 49.5878
v  -53.4251 321.8391 44.7522
v  -47.6589 322.3460 51.9896
v  -55.6019 311.0731 26.1881
v  -49.3305 331.1287 53.6612
v  -50.0348 340.5511 54.3655
v  -49.4544 349.9144 53.7850
v  -55.7503 350.1466 46.1181
v  -47.7793 358.7297 52.1100
v  -57.7095 320.8693 -3.1465
v  -45.3695 366.2497 49.7001
v  -57.8406 360.2116 36.2840
v  -45.2572 314.8505 -16.5171
v  -47.6589 322.3460 -18.9188
v  -49.3305 331.1287 -20.5904
v  -53.5612 359.2389 -11.7815
v  -50.0497 340.4566 -21.3096
v  -49.4544 349.9144 -20.7143
v  -55.7503 370.0352 26.2209
v  -55.7503 370.0352 6.8498
v  -47.7793 358.7296 -19.0393
v  -45.3695 366.2497 -16.6294
v  20.8477 314.8505 49.5878
v  16.0121 321.8392 57.7557
v  23.2495 322.3460 51.9896
v  -2.0924 320.0072 64.7136
v  24.9211 331.1287 53.6612
v  25.6254 340.5511 54.3655
v  -21.8574 311.0732 59.9325
v  25.0449 349.9144 53.7850
v  17.3781 350.1466 60.0809
v  23.3699 358.7297 52.1100
v  20.9601 366.2497 49.7001
v  7.5439 360.2116 62.1713
v  -41.6827 330.8984 59.9325
v  -41.7875 350.1466 60.0809
v  -2.5191 370.0352 60.0809
v  -21.8903 370.0352 60.0809
v  31.9181 310.5742 16.5354
v  33.3001 320.8693 36.2173
v  36.8606 319.6214 16.5354
v  40.0361 329.7661 16.5354
v  40.2671 340.5511 26.9727
v  41.2953 340.5511 16.5354
v  31.1924 330.8984 46.0134
v  40.1887 351.2830 16.5354
v  36.9986 361.4653 16.5354
v  36.1114 361.0782 26.6812
v  31.3408 350.1466 46.1181
v  32.0663 370.5349 16.5354
v  29.1517 368.7722 35.3092
v  20.8477 314.8505 -16.5171
v  29.0156 321.8392 -11.6814
v  23.2495 322.3460 -18.9188
v  24.9211 331.1287 -20.5904
v  35.9735 330.4388 -4.0086
v  25.6403 340.4566 -21.3096
v  25.0449 349.9144 -20.7143
v  23.3699 358.7296 -19.0393
v  36.1114 350.6073 -4.0766
v  20.9601 366.2497 -16.6294
v  29.1517 368.7721 -2.2385
v  -40.4215 321.8391 -24.6850
v  -42.2878 340.4566 -27.7356
v  -12.2047 319.6214 -32.5300
v  7.4772 320.8693 -28.9694
v  -31.9533 360.2116 -29.1006
v  16.1121 359.2390 -24.8211
v  -21.8902 370.0352 -27.0102
v  -2.5192 370.0352 -27.0102
v  -21.7250 292.7667 64.6908
v  -11.7476 289.7380 64.2366
v  -11.9661 288.7040 74.8031
v  -19.8930 299.7245 46.5863
v  -31.1581 296.8220 74.8031
v  -1.1811 287.4449 74.8031
v  -11.7476 289.7380 85.3696
v  -1.1811 288.7040 64.0181
v  -34.2336 307.8925 49.1024
v  -36.6353 305.4907 56.5979
v  -31.9786 310.1474 44.0056
v  -26.8817 307.8924 41.7506
v  -38.3069 303.8191 65.3806
v  -19.3862 305.4907 39.3489
v  -38.9002 303.2258 74.8031
v  -10.6036 303.8191 37.6773
v  -38.3069 303.8191 84.2255
v  -1.1811 303.2258 37.0840
v  8.9312 292.7667 54.2591
v  -36.6353 305.4907 93.0082
v  8.2414 303.8191 37.6773
v  -19.8930 299.7245 103.0199
v  -34.2336 307.8925 100.5037
v  17.0240 305.4907 39.3489
v  17.5308 299.7245 46.5863
v  19.3628 292.7667 64.6908
v  9.6040 288.7040 74.8031
v  19.7487 291.8795 74.8031
v  28.7959 296.8220 74.8031
v  36.5380 303.2258 74.8031
v  35.9447 303.8191 65.3806
v  34.2731 305.4907 56.5979
v  31.8713 307.8925 49.1024
v  24.5195 307.8924 41.7506
v  29.6164 310.1474 44.0056
v  -1.1811 288.7040 85.5881
v  9.3854 289.7380 85.3696
v  18.5008 295.4401 94.4850
v  -1.1811 296.8220 104.7801
v  8.2414 303.8191 111.9289
v  -1.1811 303.2258 112.5222
v  -10.6036 303.8191 111.9289
v  -19.3862 305.4907 110.2573
v  -26.8817 307.8925 107.8555
v  -31.9786 310.1474 105.6006
v  17.0240 305.4907 110.2573
v  24.5195 307.8925 107.8555
v  29.6164 310.1474 105.6006
v  31.8713 307.8925 100.5037
v  34.2731 305.4907 93.0082
v  35.9447 303.8191 84.2255
v  -11.7835 392.2192 64.2007
v  -1.1811 394.4449 74.8031
v  -1.1811 393.2526 63.9815
v  -20.9297 386.5035 55.0544
v  -12.0027 393.2526 74.8031
v  -26.9580 374.0175 41.6383
v  -19.4474 376.4229 39.2285
v  -32.0865 371.7502 43.8977
v  -34.3459 374.0175 49.0262
v  -1.1811 390.0688 53.8016
v  -10.6350 378.0981 37.5534
v  -36.7557 376.4229 56.5368
v  8.5044 384.3954 45.2203
v  -1.1811 378.6932 36.9581
v  -38.4307 378.0981 65.3491
v  8.2728 378.0981 37.5534
v  -39.0261 378.6932 74.8031
v  -30.7639 384.3954 84.4886
v  17.5927 382.2081 46.4862
v  17.0852 376.4229 39.2285
v  -38.4307 378.0981 84.2570
v  -36.7557 376.4229 93.0694
v  -34.3459 374.0175 100.5800
v  -26.9580 374.0175 107.9678
v  -32.0865 371.7502 105.7085
v  -19.4474 376.4229 110.3777
v  -10.6350 378.0981 112.0527
v  -1.1811 385.1211 104.8861
v  -1.1811 378.6932 112.6481
v  8.2728 378.0981 112.0527
v  17.0852 376.4229 110.3777
v  -21.7931 389.1816 84.9489
v  -1.1811 393.2526 85.6246
v  24.5958 374.0175 107.9678
v  18.5675 386.5035 94.5517
v  29.7243 371.7502 105.7085
v  31.9837 374.0175 100.5800
v  9.4213 392.2192 85.4054
v  34.3935 376.4229 93.0694
v  36.0685 378.0981 84.2570
v  9.6404 393.2526 74.8031
v  19.8204 390.0688 74.8031
v  28.9019 385.1210 74.8031
v  36.6639 378.6932 74.8031
v  31.9837 374.0175 49.0262
v  29.7243 371.7502 43.8977
v  24.5958 374.0175 41.6383
v  34.3935 376.4229 56.5368
v  36.0685 378.0981 65.3491
v  -34.2336 315.2443 107.8555
v  -42.4014 322.2328 103.0199
v  -36.6353 322.7397 110.2573
v  -44.5783 311.4669 84.4558
v  -38.3069 331.5225 111.9289
v  -39.0112 340.9449 112.6332
v  -38.4307 350.3081 112.0527
v  -44.7267 350.5403 104.3859
v  -36.7557 359.1234 110.3777
v  -46.6859 321.2630 55.1212
v  -34.3459 366.6434 107.9678
v  -46.8170 360.6054 94.5517
v  -34.2336 315.2443 41.7506
v  -36.6353 322.7397 39.3489
v  -38.3069 331.5224 37.6773
v  -42.5375 359.6327 46.4862
v  -39.0261 340.8503 36.9581
v  -38.4307 350.3081 37.5534
v  -44.7267 370.4289 84.4886
v  -44.7267 370.4289 65.1176
v  -36.7557 359.1234 39.2285
v  -34.3459 366.6434 41.6383
v  31.8713 315.2443 107.8555
v  27.0357 322.2330 116.0234
v  34.2731 322.7397 110.2573
v  8.9312 320.4010 122.9813
v  35.9447 331.5225 111.9289
v  36.6490 340.9449 112.6332
v  -10.8338 311.4669 118.2003
v  36.0685 350.3081 112.0527
v  28.4017 350.5403 118.3486
v  34.3935 359.1234 110.3777
v  31.9837 366.6434 107.9678
v  18.5675 360.6054 120.4390
v  -30.6591 331.2922 118.2003
v  -30.7639 350.5403 118.3486
v  8.5045 370.4290 118.3486
v  -10.8667 370.4290 118.3486
v  42.9418 310.9679 74.8031
v  44.3237 321.2630 94.4850
v  47.8842 320.0151 74.8031
v  51.0598 330.1599 74.8031
v  51.2907 340.9449 85.2404
v  52.3189 340.9449 74.8031
v  42.2161 331.2922 104.2811
v  51.2123 351.6767 74.8031
v  48.0222 361.8590 74.8031
v  47.1350 361.4720 84.9489
v  42.3644 350.5403 104.3859
v  43.0899 370.9286 74.8031
v  40.1753 369.1659 93.5769
v  31.8713 315.2443 41.7506
v  40.0392 322.2329 46.5863
v  34.2731 322.7397 39.3489
v  35.9447 331.5224 37.6773
v  46.9971 330.8326 54.2591
v  36.6639 340.8503 36.9581
v  36.0685 350.3081 37.5534
v  34.3935 359.1234 39.2285
v  47.1350 351.0010 54.1911
v  31.9837 366.6434 41.6383
v  40.1753 369.1659 56.0292
v  -29.3979 322.2328 33.5827
v  -31.2641 340.8503 30.5321
v  -1.1811 320.0151 25.7377
v  18.5008 321.2630 29.2983
v  -20.9297 360.6053 29.1672
v  27.1358 359.6328 33.4466
v  -10.8666 370.4289 31.2575
v  8.5044 370.4289 31.2575
v  4.6529 338.8297 8.3916
v  14.6303 335.8009 7.9374
v  14.4118 334.7670 18.5039
v  6.4849 345.7875 -9.7129
v  -4.7801 342.8850 18.5039
v  25.1968 333.5079 18.5039
v  14.6303 335.8010 29.0704
v  25.1969 334.7670 7.7188
v  -7.8556 353.9554 -7.1968
v  -10.2573 351.5537 0.2987
v  -5.6006 356.2104 -12.2936
v  -0.5038 353.9554 -14.5486
v  -11.9290 349.8820 9.0814
v  6.9917 351.5536 -16.9503
v  -12.5222 349.2888 18.5039
v  15.7744 349.8820 -18.6219
v  -11.9290 349.8820 27.9263
v  25.1969 349.2888 -19.2152
v  35.3091 338.8297 -2.0401
v  -10.2573 351.5537 36.7090
v  34.6193 349.8820 -18.6219
v  6.4849 345.7875 46.7207
v  -7.8556 353.9554 44.2045
v  43.4020 351.5536 -16.9503
v  35.9819 334.7670 18.5039
v  46.1266 337.9425 18.5039
v  55.1738 342.8850 18.5039
v  53.4137 345.7875 -0.2081
v  62.9159 349.2888 18.5039
v  62.3227 349.8820 9.0814
v  60.6510 351.5537 0.2987
v  58.2493 353.9554 -7.1968
v  50.8975 353.9554 -14.5486
v  55.9943 356.2104 -12.2936
v  25.1969 334.7670 29.2889
v  35.7634 335.8010 29.0704
v  44.8787 341.5031 38.1858
v  25.1968 342.8850 48.4808
v  34.6193 349.8820 55.6297
v  25.1968 349.2888 56.2229
v  15.7744 349.8820 55.6297
v  6.9917 351.5537 53.9581
v  -0.5038 353.9554 51.5563
v  -5.6006 356.2104 49.3014
v  43.4020 351.5537 53.9581
v  50.8975 353.9554 51.5563
v  55.9943 356.2104 49.3014
v  58.2493 353.9554 44.2045
v  60.6510 351.5537 36.7090
v  62.3227 349.8820 27.9263
v  14.5945 438.2822 7.9015
v  25.1968 440.5079 18.5038
v  25.1969 439.3156 7.6823
v  5.4482 432.5665 -1.2448
v  14.3752 439.3156 18.5038
v  -0.5801 420.0804 -14.6609
v  6.9306 422.4858 -17.0708
v  -5.7085 417.8132 -12.4015
v  -7.9679 420.0804 -7.2731
v  25.1969 436.1317 -2.4976
v  15.7429 424.1611 -18.7458
v  -10.3778 422.4858 0.2376
v  34.8824 430.4583 -11.0789
v  25.1969 424.7562 -19.3411
v  -12.0528 424.1611 9.0499
v  34.6508 424.1611 -18.7458
v  -12.6481 424.7562 18.5038
v  -4.3859 430.4583 28.1894
v  43.9707 428.2710 -9.8130
v  43.4631 422.4858 -17.0708
v  -12.0528 424.1611 27.9578
v  -10.3778 422.4858 36.7701
v  -7.9679 420.0804 44.2808
v  -0.5801 420.0804 51.6686
v  -5.7085 417.8132 49.4092
v  6.9306 422.4858 54.0785
v  15.7429 424.1611 55.7535
v  25.1968 431.1840 48.5869
v  25.1968 424.7562 56.3488
v  34.6508 424.1611 55.7535
v  43.4631 422.4858 54.0785
v  4.5849 435.2446 28.6497
v  25.1968 439.3156 29.3254
v  50.9738 420.0804 51.6686
v  44.9455 432.5665 38.2525
v  56.1022 417.8132 49.4092
v  58.3616 420.0804 44.2808
v  35.7992 438.2822 29.1062
v  60.7715 422.4858 36.7701
v  62.4465 424.1611 27.9578
v  36.0184 439.3156 18.5038
v  46.1983 436.1317 18.5039
v  55.2799 431.1840 18.5039
v  63.0418 424.7562 18.5039
v  58.3616 420.0804 -7.2731
v  56.1022 417.8132 -12.4015
v  50.9738 420.0804 -14.6609
v  60.7715 422.4858 0.2376
v  62.4465 424.1611 9.0499
v  -7.8556 361.3072 51.5563
v  -16.0235 368.2958 46.7207
v  -10.2573 368.8027 53.9581
v  -18.2003 357.5298 28.1566
v  -11.9290 377.5854 55.6297
v  -12.6332 387.0079 56.3340
v  -12.0528 396.3711 55.7535
v  -18.3487 396.6033 48.0866
v  -10.3778 405.1864 54.0785
v  -20.3079 367.3260 -1.1780
v  -7.9679 412.7064 51.6686
v  -20.4391 406.6683 38.2525
v  -7.8556 361.3072 -14.5486
v  -10.2573 368.8027 -16.9503
v  -11.9290 377.5854 -18.6220
v  -16.1596 405.6956 -9.8130
v  -12.6481 386.9133 -19.3411
v  -12.0528 396.3711 -18.7458
v  -18.3487 416.4919 28.1894
v  -18.3487 416.4919 8.8183
v  -10.3778 405.1863 -17.0708
v  -7.9679 412.7064 -14.6609
v  58.2493 361.3072 51.5563
v  53.4137 368.2959 59.7242
v  60.6510 368.8027 53.9581
v  35.3091 366.4639 66.6821
v  62.3227 377.5854 55.6297
v  63.0269 387.0079 56.3340
v  15.5442 357.5298 61.9010
v  62.4465 396.3711 55.7535
v  54.7796 396.6033 62.0494
v  60.7715 405.1864 54.0785
v  58.3616 412.7064 51.6686
v  44.9455 406.6683 64.1398
v  -4.2812 377.3551 61.9010
v  -4.3859 396.6033 62.0494
v  34.8824 416.4919 62.0494
v  15.5113 416.4919 62.0494
v  69.3197 357.0309 18.5039
v  70.7016 367.3260 38.1858
v  74.2622 366.0781 18.5039
v  77.4377 376.2228 18.5039
v  77.6686 387.0079 28.9412
v  78.6968 387.0079 18.5039
v  68.5940 377.3551 47.9819
v  77.5903 397.7397 18.5039
v  74.4001 407.9220 18.5039
v  73.5130 407.5350 28.6497
v  68.7424 396.6033 48.0866
v  69.4678 416.9916 18.5039
v  66.5533 415.2289 37.2777
v  58.2493 361.3072 -14.5486
v  68.5940 357.5298 8.8511
v  60.6510 368.8027 -16.9503
v  62.3227 377.5854 -18.6220
v  69.4678 386.9133 -11.5792
v  63.0418 386.9133 -19.3411
v  62.4465 396.3711 -18.7458
v  77.5903 386.9133 7.6823
v  60.7715 405.1863 -17.0708
v  58.3616 412.7064 -14.6609
v  66.5533 415.2289 -0.2700
v  -3.0200 368.2958 -22.7165
v  15.5441 357.5298 -24.8933
v  4.1954 386.9133 -30.6994
v  44.8787 367.3260 -27.0009
v  5.4482 406.6683 -27.1321
v  53.5137 405.6957 -22.8526
v  15.5113 416.4919 -25.0417
v  34.8824 416.4919 -25.0417
v  14.4910 332.5492 -68.1388
v  12.9922 355.9740 -109.0849
v  37.7805 343.1955 -105.3195
v  12.9921 330.5773 -108.9048
v  14.7876 346.9005 72.2458
v  29.1338 332.6772 75.1478
v  -40.3561 346.9004 17.1021
v  -37.4441 332.5492 -25.6617
v  -41.5544 318.0836 2.7558
v  57.5514 332.5492 -63.8221
v  0.4780 355.7139 13.3713
v  12.9921 343.3071 15.9027
v  89.3701 385.1412 -40.9762
v  110.3716 374.3149 -37.7860
v  89.3701 363.6243 -40.8236
v  25.1969 397.7397 -33.8896
v  46.1983 386.9133 -30.6994
v  25.1968 376.2227 -33.7370
v  -23.0263 340.4566 -35.8581
v  43.1155 333.3701 28.3152
v  -12.0026 340.8503 22.4097
v  16.7375 294.7873 -116.5667
v  49.4147 290.0629 -81.1336
v  38.3911 345.5747 -70.1100
v  72.6430 325.1023 -42.9447
v  -47.6233 355.7139 -34.7300
v  -45.0832 343.1955 -72.0325
v  -48.6685 330.5773 -47.2442
v  29.1338 318.0836 73.4441
v  -22.8071 351.0626 67.8907
v  -12.2047 340.5512 70.0354
v  53.9370 333.4646 134.2086
v  -11.7835 351.4564 126.1584
v  -1.1811 340.9449 128.3031
v  49.2126 345.6693 35.7834
v  60.2362 290.1575 24.7598
v  89.3701 374.4094 64.9172
v  14.5945 397.5193 69.8591
v  25.1968 387.0079 72.0039
v  2.5817 343.9761 91.3110
v  4.7337 333.3701 59.7071
v  1.6961 322.6795 80.7086
v  8.8809 300.6689 -18.1378
v  11.0329 290.0629 -49.7417
v  7.9954 279.3724 -28.7402
v  -2.1427 356.1807 -7.1142
v  0.0093 345.5747 -38.7181
v  -3.0283 334.8842 -17.7166
v  38.0148 384.9209 22.0196
v  40.1668 374.3149 -9.5842
v  37.1292 363.6243 11.4172
v  -26.1584 397.5193 29.1062
v  -24.0064 386.9133 -2.4976
v  -27.0440 376.2228 18.5039
v  -63.5600 351.0626 27.1377
v  -61.4080 340.4566 -4.4661
v  -64.4456 329.7661 16.5354
v  -52.5364 351.4564 85.4054
v  -50.3844 340.8503 53.8016
v  -53.4220 330.1598 74.8031
v  32.1093 335.7083 20.0511
v  34.2613 325.1023 -11.5527
v  31.2237 314.4117 9.4488
v  -23.7962 305.3933 -53.5709
v  -21.6442 294.7873 -85.1748
v  -24.6818 284.0968 -64.1733
v  70.2141 345.5747 -66.9199
v  48.5605 294.7873 -113.3765
v  19.8204 340.8503 25.5998
v  81.2377 290.0629 -77.9435
v  74.9385 333.3701 31.5053
v  8.7968 340.4566 -32.6679
v  104.4660 325.1023 -39.7545
v  43.4801 346.9005 72.2458
v  -11.7962 343.1955 -105.3195
v  12.9921 330.5773 14.4165
v  43.7767 332.5492 -68.1388
v  29.1339 347.1986 -68.1388
v  83.4645 325.1969 62.9487
v  27.5590 294.8819 -10.6733
v  93.5769 304.6529 57.6270
v  37.6714 274.3380 -15.9951
v  -1.1811 351.6767 22.4097
v  -12.2047 351.2830 -35.8581
v  53.9370 344.1964 28.3152
v  83.4646 335.9286 -42.9447
v  49.2126 356.4011 -70.1100
v  27.5591 305.6137 -116.5667
v  60.2362 300.8893 -81.1336
# 1980 vertices

vn -0.3828 -0.1887 0.9043
vn -0.1982 -0.1982 0.9599
vn -0.2033 0.0000 0.9791
vn -0.3670 -0.3670 0.8547
vn -0.3890 0.0000 0.9212
vn 0.0000 0.0000 1.0000
vn -0.1982 0.1982 0.9599
vn -0.1887 -0.3828 0.9043
vn 0.0000 -0.2033 0.9791
vn -0.6201 -0.4805 0.6201
vn -0.4964 -0.4964 0.7122
vn -0.6647 -0.3411 0.6647
vn -0.5774 -0.5774 0.5774
vn -0.4805 -0.6201 0.6201
vn -0.5509 -0.1805 0.8148
vn -0.6960 -0.1769 0.6960
vn -0.3411 -0.6647 0.6647
vn -0.3492 -0.5273 0.7746
vn -0.5596 0.0000 0.8288
vn -0.7071 0.0000 0.7071
vn -0.1769 -0.6960 0.6960
vn -0.1805 -0.5509 0.8148
vn -0.5509 0.1805 0.8148
vn -0.6960 0.1769 0.6960
vn 0.0000 -0.7071 0.7071
vn 0.0000 -0.5596 0.8288
vn -0.5273 0.3492 0.7746
vn -0.6647 0.3411 0.6647
vn 0.1769 -0.6960 0.6960
vn 0.1805 -0.5509 0.8148
vn -0.3492 0.5273 0.7746
vn -0.6201 0.4805 0.6201
vn 0.3411 -0.6647 0.6647
vn 0.3492 -0.5273 0.7746
vn 0.1982 -0.1982 0.9599
vn 0.2033 0.0000 0.9791
vn 0.3890 0.0000 0.9212
vn 0.3828 -0.1887 0.9043
vn 0.5596 0.0000 0.8288
vn 0.5509 -0.1805 0.8148
vn 0.7071 0.0000 0.7071
vn 0.6960 -0.1769 0.6960
vn 0.5273 -0.3492 0.7746
vn 0.6647 -0.3411 0.6647
vn 0.6201 -0.4805 0.6201
vn 0.4805 -0.6201 0.6201
vn 0.5774 -0.5774 0.5774
vn 0.0000 0.2033 0.9791
vn 0.1982 0.1982 0.9599
vn 0.1887 0.3828 0.9043
vn 0.0000 0.3890 0.9212
vn 0.1769 0.6960 0.6960
vn 0.0000 0.7071 0.7071
vn 0.0000 0.5596 0.8288
vn -0.1769 0.6960 0.6960
vn -0.1805 0.5509 0.8148
vn -0.3411 0.6647 0.6647
vn -0.4805 0.6201 0.6201
vn -0.5774 0.5774 0.5774
vn 0.3411 0.6647 0.6647
vn 0.1805 0.5509 0.8148
vn 0.4805 0.6201 0.6201
vn 0.4964 0.4964 0.7122
vn 0.5774 0.5774 0.5774
vn 0.6201 0.4805 0.6201
vn 0.5273 0.3492 0.7746
vn 0.6647 0.3411 0.6647
vn 0.5509 0.1805 0.8148
vn 0.6960 0.1769 0.6960
vn 0.3828 0.1887 0.9043
vn -0.1972 -0.1972 -0.9603
vn 0.0000 0.0000 -1.0000
vn 0.0000 -0.2014 -0.9795
vn -0.1885 -0.3823 -0.9046
vn -0.3823 -0.1885 -0.9046
vn -0.2014 0.0000 -0.9795
vn -0.4804 -0.6199 -0.6205
vn -0.5271 -0.3496 -0.7746
vn -0.3414 -0.6646 -0.6647
vn -0.5771 -0.5771 -0.5779
vn -0.6199 -0.4804 -0.6205
vn -0.1805 -0.5507 -0.8150
vn -0.1769 -0.6961 -0.6959
vn -0.6646 -0.3414 -0.6647
vn 0.0000 -0.5594 -0.8289
vn 0.0000 -0.7072 -0.7070
vn -0.6961 -0.1769 -0.6959
vn -0.5507 -0.1805 -0.8150
vn 0.1805 -0.5507 -0.8150
vn 0.1769 -0.6961 -0.6959
vn -0.7072 0.0000 -0.7070
vn -0.5594 0.0000 -0.8289
vn 0.3496 -0.5271 -0.7746
vn 0.3414 -0.6646 -0.6647
vn -0.6961 0.1769 -0.6959
vn -0.5507 0.1805 -0.8150
vn -0.6646 0.3414 -0.6647
vn -0.5271 0.3496 -0.7746
vn -0.6199 0.4804 -0.6205
vn -0.3496 0.5271 -0.7746
vn -0.4804 0.6199 -0.6205
vn -0.5771 0.5771 -0.5779
vn -0.3414 0.6646 -0.6647
vn -0.1769 0.6961 -0.6959
vn -0.1805 0.5507 -0.8150
vn 0.0000 0.7072 -0.7070
vn 0.1769 0.6961 -0.6959
vn 0.0000 0.5594 -0.8289
vn 0.3414 0.6646 -0.6647
vn 0.1805 0.5507 -0.8150
vn -0.1972 0.1972 -0.9603
vn 0.0000 0.2014 -0.9795
vn 0.4804 0.6199 -0.6205
vn 0.4962 0.4962 -0.7124
vn 0.5771 0.5771 -0.5779
vn 0.6199 0.4804 -0.6205
vn 0.1885 0.3823 -0.9046
vn 0.1972 0.1972 -0.9603
vn 0.6646 0.3414 -0.6647
vn 0.5271 0.3496 -0.7746
vn 0.6961 0.1769 -0.6959
vn 0.5507 0.1805 -0.8150
vn 0.3823 0.1885 -0.9046
vn 0.2014 0.0000 -0.9795
vn 0.3883 0.0000 -0.9215
vn 0.5594 0.0000 -0.8289
vn 0.7072 0.0000 -0.7070
vn 0.6199 -0.4804 -0.6205
vn 0.5771 -0.5771 -0.5779
vn 0.4804 -0.6199 -0.6205
vn 0.6646 -0.3414 -0.6647
vn 0.6961 -0.1769 -0.6959
vn 0.5271 -0.3496 -0.7746
vn 0.5507 -0.1805 -0.8150
vn 0.3823 -0.1885 -0.9046
vn 0.1972 -0.1972 -0.9603
vn -0.6201 0.6201 0.4805
vn -0.7746 0.5273 0.3492
vn -0.6647 0.6647 0.3411
vn -0.7746 0.3492 0.5273
vn -0.6950 0.6950 0.1840
vn -0.8148 0.1805 0.5509
vn -0.7071 0.7071 0.0090
vn -0.8288 0.0000 0.5596
vn -0.6962 0.6962 -0.1751
vn -0.8306 0.5568 0.0086
vn -0.8148 -0.1805 0.5509
vn -0.6646 0.6646 -0.3414
vn -0.8163 0.5490 -0.1794
vn -0.7122 -0.4964 0.4964
vn -0.6200 0.6200 -0.4809
vn -0.7125 0.4959 -0.4964
vn -0.6201 -0.6201 0.4805
vn -0.7746 -0.5273 0.3492
vn -0.6647 -0.6647 0.3411
vn -0.6947 -0.6947 0.1867
vn -0.8290 -0.5591 0.0095
vn -0.7071 -0.7071 0.0100
vn -0.8154 -0.5501 -0.1805
vn -0.6960 -0.6960 -0.1768
vn -0.7749 0.3492 -0.5269
vn -0.8153 0.1805 -0.5502
vn -0.8292 0.0000 -0.5590
vn -0.8153 -0.1805 -0.5502
vn -0.7749 -0.3492 -0.5269
vn -0.7750 -0.5266 -0.3494
vn -0.6646 -0.6646 -0.3414
vn -0.6200 -0.6200 -0.4809
vn 0.6201 0.6201 0.4805
vn 0.5273 0.7746 0.3492
vn 0.6647 0.6647 0.3411
vn 0.3492 0.7746 0.5273
vn 0.6950 0.6950 0.1840
vn 0.1805 0.8148 0.5509
vn 0.7071 0.7071 0.0090
vn 0.0000 0.8288 0.5596
vn 0.6962 0.6962 -0.1751
vn 0.5568 0.8306 0.0086
vn -0.1805 0.8148 0.5509
vn 0.6646 0.6646 -0.3414
vn 0.5490 0.8163 -0.1794
vn -0.4964 0.7122 0.4964
vn 0.6200 0.6200 -0.4809
vn 0.4959 0.7125 -0.4964
vn -0.5488 0.8146 0.1878
vn -0.5568 0.8306 0.0086
vn -0.5490 0.8163 -0.1794
vn 0.3492 0.7749 -0.5269
vn 0.1805 0.8153 -0.5502
vn 0.0000 0.8292 -0.5590
vn -0.1805 0.8153 -0.5502
vn -0.3492 0.7749 -0.5269
vn -0.5266 0.7750 -0.3494
vn 0.8288 0.0000 0.5596
vn 0.8148 0.1805 0.5509
vn 0.9212 0.0000 0.3890
vn 0.7122 0.4964 0.4964
vn 0.9043 0.1887 0.3828
vn 0.9783 -0.0003 0.2073
vn 0.9593 0.1947 0.2044
vn 1.0000 -0.0009 0.0070
vn 0.8146 0.5488 0.1878
vn 0.9797 -0.0006 -0.2005
vn 0.9804 0.1967 0.0069
vn 0.9216 0.0000 -0.3881
vn 0.9607 0.1949 -0.1976
vn 0.8306 0.5568 0.0086
vn 0.8292 0.0000 -0.5590
vn 0.9047 0.1886 -0.3820
vn 0.8163 0.5490 -0.1794
vn 0.8153 0.1805 -0.5502
vn 0.7750 0.5266 -0.3494
vn 0.7749 0.3492 -0.5269
vn 0.6201 -0.6201 0.4805
vn 0.7746 -0.5273 0.3492
vn 0.6647 -0.6647 0.3411
vn 0.7746 -0.3492 0.5273
vn 0.6947 -0.6947 0.1867
vn 0.8148 -0.1805 0.5509
vn 0.8134 -0.5498 0.1898
vn 0.7071 -0.7071 0.0100
vn 0.9043 -0.1887 0.3828
vn 0.6960 -0.6960 -0.1768
vn 0.8290 -0.5591 0.0095
vn 0.9591 -0.1962 0.2040
vn 0.6646 -0.6646 -0.3414
vn 0.8154 -0.5501 -0.1805
vn 0.9798 -0.1998 0.0076
vn 0.6200 -0.6200 -0.4809
vn 0.7125 -0.4959 -0.4964
vn 0.9606 -0.1966 -0.1965
vn 0.9047 -0.1886 -0.3820
vn 0.7749 -0.3492 -0.5269
vn 0.8153 -0.1805 -0.5502
vn -0.5273 -0.7746 0.3492
vn -0.3492 -0.7746 0.5273
vn -0.1805 -0.8148 0.5509
vn -0.5498 -0.8134 0.1898
vn 0.0000 -0.8288 0.5596
vn -0.5591 -0.8290 0.0095
vn 0.1805 -0.8148 0.5509
vn -0.5501 -0.8154 -0.1805
vn 0.4964 -0.7122 0.4964
vn -0.4959 -0.7125 -0.4964
vn 0.5273 -0.7746 0.3492
vn 0.5591 -0.8290 0.0095
vn 0.5501 -0.8154 -0.1805
vn -0.3492 -0.7749 -0.5269
vn -0.1805 -0.8153 -0.5502
vn 0.0000 -0.8292 -0.5590
vn 0.1805 -0.8153 -0.5502
vn 0.3492 -0.7749 -0.5269
vn 0.5266 -0.7750 -0.3494
vn 0.5488 0.8146 0.1878
vn -0.1887 0.3828 0.9043
vn -0.3828 0.1887 0.9043
vn 0.0000 -0.3883 -0.9215
vn -0.3883 0.0000 -0.9215
vn 0.0000 0.3883 -0.9215
vn 0.0000 -0.3890 0.9212
vn -0.3818 -0.9048 -0.1886
vn -0.1998 -0.9798 0.0076
vn -0.3883 -0.9215 0.0086
vn 0.0000 -0.9798 -0.1999
vn 0.1966 -0.9606 -0.1965
vn 0.1998 -0.9798 0.0076
vn -0.1949 0.9607 -0.1976
vn -0.3847 0.9230 0.0076
vn -0.1967 0.9804 0.0069
vn -0.9797 -0.0006 -0.2005
vn -0.9606 -0.1966 -0.1965
vn -0.9798 -0.1998 0.0076
vn 0.0000 -0.9216 -0.3881
vn 0.1886 -0.9047 -0.3820
vn -0.9593 0.1947 0.2044
vn -0.9038 0.3803 0.1963
vn -0.9230 0.3847 0.0076
vn -0.1887 0.9043 0.3828
vn 0.0000 0.9782 0.2076
vn -0.1947 0.9593 0.2044
vn 0.0000 0.9216 -0.3881
vn 0.0000 0.9796 -0.2010
vn 0.0000 -0.9212 0.3890
vn -0.1887 -0.9043 0.3828
vn -0.1962 -0.9591 0.2040
vn 0.1962 -0.9591 0.2040
vn 0.0000 -0.9783 0.2070
vn 0.0000 -1.0000 0.0073
vn 0.9230 0.3847 0.0076
vn -0.9216 0.0000 -0.3881
vn -0.3670 0.8547 0.3670
vn -0.3803 0.9038 0.1963
vn -0.9215 -0.3883 0.0086
vn -0.9047 -0.1886 -0.3820
vn 0.1887 -0.9043 0.3828
vn 0.3883 -0.9215 0.0086
vn 0.9048 -0.3818 -0.1886
vn 0.1947 0.9593 0.2044
vn 0.3847 0.9230 0.0076
vn 0.1967 0.9804 0.0069
vn 0.3663 0.8553 -0.3665
vn 0.1949 0.9607 -0.1976
vn 0.3799 0.9055 -0.1889
vn -0.9804 0.1967 0.0069
vn -0.3821 -0.9029 0.1970
vn -0.9043 0.1887 0.3828
vn -0.9043 -0.1887 0.3828
vn -0.9212 0.0000 0.3890
vn -0.9783 -0.0003 0.2073
vn -0.8547 -0.3670 0.3670
vn -0.9591 -0.1962 0.2040
vn -0.9029 -0.3821 0.1970
vn -0.1886 0.9047 -0.3820
vn 0.3803 0.9038 0.1963
vn 0.8553 -0.3663 -0.3665
vn 0.9029 -0.3821 0.1970
vn -0.3669 0.3669 -0.8549
vn 0.9055 0.3799 -0.1889
vn 0.1886 0.9047 -0.3820
vn -0.1886 -0.9047 -0.3820
vn -0.3663 -0.8553 -0.3665
vn -0.1966 -0.9606 -0.1965
vn -0.8553 0.3663 -0.3665
vn -0.9607 0.1949 -0.1976
vn -0.9055 0.3799 -0.1889
vn -0.9047 0.1886 -0.3820
vn 0.3670 -0.8547 0.3670
vn 0.3821 -0.9029 0.1970
vn 0.3663 -0.8553 -0.3665
vn 0.3818 -0.9048 -0.1886
vn -0.8553 -0.3663 -0.3665
vn -0.9048 -0.3818 -0.1886
vn 0.3669 -0.3669 -0.8549
vn 0.8553 0.3663 -0.3665
vn 0.8547 0.3670 0.3670
vn 0.9038 0.3803 0.1963
vn -0.3670 -0.8547 0.3670
vn -0.3663 0.8553 -0.3665
vn -0.3799 0.9055 -0.1889
vn 0.8547 -0.3670 0.3670
vn -0.8547 0.3670 0.3670
vn 0.3670 -0.3670 0.8547
vn 0.0000 0.9212 0.3890
vn 0.1887 0.9043 0.3828
vn -0.3670 0.3670 0.8547
vn 0.3669 0.3669 -0.8549
vn 0.3670 0.3670 0.8547
vn 0.3670 0.8547 0.3670
vn 0.9215 -0.3883 0.0086
vn 0.1885 -0.3823 -0.9046
# 350 vertex normals

o Sphere__18_
g Sphere__18_
s off
f 833//1217 834//1218 835//1219 
f 836//1220 834//1218 833//1217 
f 833//1217 835//1219 837//1221 
f 834//1218 838//1222 835//1219 
f 839//1223 837//1221 835//1219 
f 836//1224 840//1225 834//1218 
f 834//1218 840//1225 838//1222 
f 841//1226 836//1227 842//1228 
f 843//1229 836//1227 841//1226 
f 843//1229 844//1230 836//1227 
f 842//1228 837//1231 845//1232 
f 844//1230 846//1233 847//1234 
f 845//1232 837//1235 848//1236 
f 846//1233 849//1237 847//1238 
f 850//1239 851//1240 848//1236 
f 849//1237 852//1241 853//1242 
f 850//1243 854//1244 851//1240 
f 852//1241 855//1245 853//1246 
f 856//1247 857//1248 854//1244 
f 855//1245 858//1249 853//1250 
f 840//1225 859//1251 860//1252 
f 840//1225 860//1252 838//1222 
f 859//1251 861//1253 860//1252 
f 859//1254 862//1255 861//1253 
f 863//1256 864//1257 862//1255 
f 863//1256 865//1258 864//1257 
f 863//1259 866//1260 865//1258 
f 863//1259 867//1261 866//1260 
f 858//1249 868//1262 863//1259 
f 868//1262 867//1261 863//1259 
f 868//1262 869//1263 867//1261 
f 870//1264 835//1219 838//1222 
f 871//1265 870//1264 838//1222 
f 872//1266 870//1264 871//1265 
f 873//1267 839//1223 870//1264 
f 870//1264 839//1223 835//1219 
f 874//1268 875//1269 873//1270 
f 875//1269 876//1271 873//1272 
f 876//1271 877//1273 856//1247 
f 877//1273 878//1274 856//1247 
f 878//1274 857//1248 856//1247 
f 878//1274 879//1275 857//1248 
f 880//1276 874//1268 873//1277 
f 881//1278 880//1276 872//1279 
f 882//1280 881//1278 872//1279 
f 882//1280 872//1279 883//1281 
f 883//1281 884//1282 885//1283 
f 885//1283 884//1284 886//1285 
f 884//1286 871//1265 860//1252 
f 871//1265 838//1222 860//1252 
f 884//1286 860//1252 861//1253 
f 884//1284 861//1253 862//1255 
f 886//1285 884//1284 862//1255 
f 886//1285 862//1255 864//1257 
f 887//1287 888//1288 889//1289 
f 890//1290 887//1287 889//1289 
f 890//1291 891//1292 887//1287 
f 887//1287 891//1292 888//1288 
f 892//1293 893//1294 894//1295 
f 895//1296 893//1294 892//1293 
f 895//1296 896//1297 893//1294 
f 894//1295 897//1298 898//1299 
f 896//1297 899//1300 893//1294 
f 898//1299 900//1301 901//1302 
f 899//1300 902//1303 893//1304 
f 900//1305 903//1306 901//1302 
f 902//1303 904//1307 905//1308 
f 906//1309 907//1310 903//1306 
f 904//1307 908//1311 905//1312 
f 908//1311 909//1313 905//1314 
f 909//1313 910//1315 911//1316 
f 910//1315 912//1317 911//1316 
f 910//1315 913//1318 912//1317 
f 911//1316 912//1317 914//1319 
f 911//1316 914//1319 915//1320 
f 916//1321 915//1320 917//1322 
f 918//1323 916//1324 917//1322 
f 919//1325 916//1326 918//1323 
f 891//1292 920//1327 921//1328 
f 891//1292 921//1328 888//1288 
f 922//1329 923//1330 919//1325 
f 924//1331 923//1330 922//1329 
f 924//1331 925//1332 923//1330 
f 923//1333 926//1334 921//1328 
f 926//1334 888//1288 921//1328 
f 925//1332 927//1335 928//1336 
f 927//1335 929//1337 928//1338 
f 928//1339 930//1340 926//1334 
f 926//1334 930//1340 888//1288 
f 928//1339 931//1341 930//1340 
f 928//1338 932//1342 931//1341 
f 929//1337 932//1342 928//1338 
f 929//1337 933//1343 932//1342 
f 934//1344 935//1345 936//1346 
f 934//1344 936//1346 906//1309 
f 906//1309 936//1346 907//1310 
f 937//1347 934//1344 906//1309 
f 938//1348 937//1347 939//1349 
f 933//1343 938//1348 939//1350 
f 933//1343 939//1350 932//1342 
f 932//1342 940//1351 931//1341 
f 931//1341 940//1352 930//1340 
f 930//1340 940//1352 889//1289 
f 930//1340 889//1289 888//1288 
f 857//1248 879//1275 941//1353 
f 857//1248 941//1353 942//1354 
f 854//1244 857//1248 942//1354 
f 942//1354 941//1353 943//1355 
f 851//1240 854//1244 944//1356 
f 942//1354 943//1355 945//1357 
f 848//1236 851//1240 944//1358 
f 942//1354 945//1357 946//1359 
f 845//1232 848//1236 947//1360 
f 948//1361 949//1362 946//1359 
f 842//1228 845//1232 947//1363 
f 950//1364 949//1365 948//1361 
f 841//1226 842//1228 951//1366 
f 952//1367 953//1368 950//1364 
f 843//1229 841//1226 951//1366 
f 843//1229 951//1366 954//1369 
f 954//1369 955//1370 956//1371 
f 956//1371 955//1370 957//1372 
f 957//1372 958//1373 959//1374 
f 958//1375 960//1376 959//1374 
f 913//1318 953//1368 952//1367 
f 913//1318 910//1315 953//1368 
f 910//1315 909//1313 961//1377 
f 909//1313 908//1311 961//1378 
f 908//1311 904//1307 961//1379 
f 904//1307 902//1303 962//1380 
f 902//1303 899//1300 962//1381 
f 958//1382 963//1383 960//1376 
f 899//1300 896//1297 958//1382 
f 958//1382 964//1384 963//1383 
f 896//1297 964//1384 958//1382 
f 896//1297 895//1296 964//1384 
f 881//1278 882//1280 965//1385 
f 881//1278 965//1385 966//1386 
f 880//1276 881//1278 966//1386 
f 966//1386 965//1385 967//1387 
f 874//1268 880//1276 968//1388 
f 966//1386 967//1387 969//1389 
f 875//1269 874//1268 968//1390 
f 966//1386 969//1389 970//1391 
f 876//1271 875//1269 971//1392 
f 972//1393 973//1394 970//1391 
f 877//1273 876//1271 971//1395 
f 974//1396 973//1397 972//1393 
f 878//1274 877//1273 975//1398 
f 976//1399 977//1400 974//1396 
f 879//1275 878//1274 975//1398 
f 879//1275 975//1398 941//1353 
f 941//1353 978//1401 943//1355 
f 943//1355 978//1401 945//1357 
f 945//1357 979//1402 946//1359 
f 979//1403 948//1361 946//1359 
f 924//1331 977//1400 976//1399 
f 924//1331 922//1329 977//1400 
f 922//1329 919//1325 980//1404 
f 919//1325 918//1323 980//1405 
f 918//1323 917//1322 980//1406 
f 917//1322 915//1320 981//1407 
f 915//1320 914//1319 981//1408 
f 979//1409 950//1364 948//1361 
f 914//1319 912//1317 979//1409 
f 979//1409 952//1367 950//1364 
f 912//1317 952//1367 979//1409 
f 912//1317 913//1318 952//1367 
f 886//1285 864//1257 982//1410 
f 886//1285 982//1410 983//1411 
f 885//1283 886//1285 983//1411 
f 983//1411 982//1410 984//1412 
f 883//1281 885//1283 983//1413 
f 983//1414 984//1412 985//1415 
f 882//1280 883//1281 983//1413 
f 882//1280 983//1413 965//1385 
f 986//1416 985//1415 987//1417 
f 965//1385 988//1418 967//1387 
f 989//1419 986//1420 987//1417 
f 967//1387 988//1418 969//1389 
f 990//1421 991//1422 989//1419 
f 969//1389 992//1423 970//1391 
f 993//1424 991//1425 990//1421 
f 992//1426 972//1393 970//1391 
f 933//1343 994//1427 993//1424 
f 933//1343 929//1337 994//1427 
f 992//1428 974//1396 972//1393 
f 929//1337 927//1335 994//1429 
f 994//1429 976//1399 974//1396 
f 927//1335 925//1332 994//1429 
f 925//1332 976//1399 994//1429 
f 925//1332 924//1331 976//1399 
f 867//1261 869//1263 995//1430 
f 867//1261 995//1430 996//1431 
f 866//1260 867//1261 996//1431 
f 996//1431 995//1430 997//1432 
f 865//1258 866//1260 998//1433 
f 996//1431 997//1432 999//1434 
f 864//1257 865//1258 998//1435 
f 864//1257 998//1435 982//1410 
f 1000//1436 999//1434 1001//1437 
f 982//1410 998//1438 984//1412 
f 1002//1439 1000//1440 1001//1437 
f 984//1412 1003//1441 985//1415 
f 1004//1442 1005//1443 1002//1439 
f 985//1415 1003//1444 987//1417 
f 1006//1445 1007//1446 1004//1442 
f 1003//1447 989//1419 987//1417 
f 935//1345 1007//1446 1006//1445 
f 935//1345 934//1344 1007//1446 
f 1007//1448 990//1421 989//1419 
f 934//1344 937//1347 1008//1449 
f 1008//1450 993//1424 990//1421 
f 937//1347 938//1348 1008//1450 
f 938//1348 993//1424 1008//1450 
f 938//1348 933//1343 993//1424 
f 844//1230 843//1229 954//1369 
f 844//1230 954//1369 1009//1451 
f 846//1233 844//1230 1009//1451 
f 1009//1451 954//1369 956//1371 
f 849//1237 846//1233 1010//1452 
f 1009//1451 956//1371 957//1372 
f 852//1241 849//1237 1010//1453 
f 1011//1454 957//1372 959//1374 
f 855//1245 852//1241 1012//1455 
f 960//1376 1011//1456 959//1374 
f 858//1249 855//1245 1012//1457 
f 963//1383 1011//1458 960//1376 
f 868//1262 858//1249 1013//1459 
f 964//1384 1014//1460 963//1383 
f 869//1263 868//1262 1013//1459 
f 869//1263 1013//1459 995//1430 
f 995//1430 1015//1461 997//1432 
f 997//1432 1015//1461 999//1434 
f 999//1434 1016//1462 1001//1437 
f 1016//1463 1002//1439 1001//1437 
f 895//1296 1014//1460 964//1384 
f 895//1296 892//1293 1014//1460 
f 892//1293 894//1295 1017//1464 
f 894//1295 898//1299 1017//1465 
f 898//1299 901//1302 1017//1466 
f 901//1302 903//1306 1018//1467 
f 903//1306 907//1310 1018//1468 
f 1016//1469 1004//1442 1002//1439 
f 907//1310 936//1346 1016//1469 
f 1016//1469 1006//1445 1004//1442 
f 936//1346 1006//1445 1016//1469 
f 936//1346 935//1345 1006//1445 
f 1019//1217 1020//1218 1021//1219 
f 1022//1220 1020//1218 1019//1217 
f 1019//1217 1021//1219 1023//1221 
f 1020//1218 1024//1222 1021//1219 
f 1025//1223 1023//1221 1021//1219 
f 1022//1224 1026//1225 1020//1218 
f 1020//1218 1026//1225 1024//1222 
f 1027//1226 1022//1234 1028//1228 
f 1029//1229 1022//1234 1027//1226 
f 1029//1229 1030//1230 1022//1234 
f 1028//1228 1023//1231 1031//1232 
f 1030//1230 1032//1233 1022//1234 
f 1031//1232 1023//1235 1033//1236 
f 1032//1233 1034//1237 1022//1238 
f 1023//1239 1035//1240 1033//1236 
f 1034//1237 1036//1241 1037//1242 
f 1023//1243 1038//1244 1035//1240 
f 1036//1241 1039//1245 1037//1246 
f 1040//1247 1041//1248 1038//1244 
f 1039//1245 1042//1249 1043//1250 
f 1026//1225 1044//1251 1045//1252 
f 1026//1225 1045//1252 1024//1222 
f 1044//1251 1046//1253 1045//1252 
f 1044//1254 1047//1255 1046//1253 
f 1044//1256 1048//1257 1047//1255 
f 1044//1256 1049//1258 1048//1257 
f 1044//1259 1050//1260 1049//1258 
f 1043//1250 1051//1261 1050//1260 
f 1042//1249 1052//1262 1043//1250 
f 1052//1262 1051//1261 1043//1250 
f 1052//1262 1053//1263 1051//1261 
f 1054//1264 1021//1219 1024//1222 
f 1055//1265 1054//1264 1024//1222 
f 1056//1266 1054//1264 1055//1265 
f 1057//1267 1025//1223 1054//1264 
f 1054//1264 1025//1223 1021//1219 
f 1058//1268 1059//1269 1057//1270 
f 1059//1269 1060//1271 1057//1272 
f 1060//1271 1061//1273 1040//1247 
f 1061//1273 1062//1274 1040//1247 
f 1062//1274 1041//1248 1040//1247 
f 1062//1274 1063//1275 1041//1248 
f 1064//1276 1058//1268 1057//1277 
f 1065//1278 1064//1276 1056//1279 
f 1066//1280 1065//1278 1056//1279 
f 1066//1280 1056//1279 1067//1281 
f 1067//1281 1056//1279 1068//1283 
f 1068//1283 1056//1284 1069//1285 
f 1056//1286 1055//1265 1045//1252 
f 1055//1265 1024//1222 1045//1252 
f 1056//1286 1045//1252 1046//1253 
f 1056//1284 1046//1253 1047//1255 
f 1069//1285 1056//1284 1047//1255 
f 1069//1285 1047//1255 1048//1257 
f 1070//1287 1071//1288 1072//1289 
f 1073//1290 1070//1287 1072//1289 
f 1073//1291 1074//1292 1070//1287 
f 1070//1287 1074//1292 1071//1288 
f 1075//1293 1073//1294 1076//1295 
f 1077//1296 1073//1294 1075//1293 
f 1077//1296 1078//1297 1073//1294 
f 1076//1295 1079//1298 1080//1299 
f 1078//1297 1081//1300 1073//1294 
f 1080//1299 1079//1301 1082//1302 
f 1081//1300 1083//1303 1073//1304 
f 1079//1305 1084//1306 1082//1302 
f 1083//1303 1085//1307 1086//1308 
f 1079//1309 1087//1310 1084//1306 
f 1085//1307 1088//1311 1086//1312 
f 1088//1311 1089//1313 1086//1314 
f 1089//1313 1090//1315 1086//1316 
f 1090//1315 1091//1317 1086//1316 
f 1090//1315 1092//1318 1091//1317 
f 1086//1316 1091//1317 1093//1319 
f 1086//1316 1093//1319 1094//1320 
f 1095//1321 1094//1320 1096//1322 
f 1097//1323 1095//1324 1096//1322 
f 1098//1325 1095//1326 1097//1323 
f 1074//1292 1099//1327 1100//1328 
f 1074//1292 1100//1328 1071//1288 
f 1101//1329 1102//1330 1098//1325 
f 1103//1331 1102//1330 1101//1329 
f 1103//1331 1104//1332 1102//1330 
f 1102//1333 1105//1334 1100//1328 
f 1105//1334 1071//1288 1100//1328 
f 1104//1332 1106//1335 1102//1330 
f 1106//1335 1107//1337 1102//1338 
f 1102//1339 1108//1340 1105//1334 
f 1105//1334 1108//1340 1071//1288 
f 1102//1339 1109//1341 1108//1340 
f 1102//1338 1110//1342 1109//1341 
f 1107//1337 1110//1342 1102//1338 
f 1107//1337 1111//1343 1110//1342 
f 1112//1344 1113//1345 1114//1346 
f 1112//1344 1114//1346 1115//1349 
f 1115//1349 1114//1346 1087//1310 
f 1116//1347 1112//1344 1115//1349 
f 1117//1348 1116//1347 1115//1349 
f 1111//1343 1117//1348 1115//1350 
f 1111//1343 1115//1350 1110//1342 
f 1110//1342 1115//1351 1109//1341 
f 1109//1341 1118//1352 1108//1340 
f 1108//1340 1118//1352 1072//1289 
f 1108//1340 1072//1289 1071//1288 
f 1041//1248 1063//1275 1119//1353 
f 1041//1248 1119//1353 1120//1354 
f 1038//1244 1041//1248 1120//1354 
f 1120//1354 1119//1353 1121//1355 
f 1035//1240 1038//1244 1122//1356 
f 1120//1354 1121//1355 1123//1357 
f 1033//1236 1035//1240 1122//1358 
f 1120//1354 1123//1357 1124//1359 
f 1031//1232 1033//1236 1122//1360 
f 1125//1361 1126//1362 1124//1359 
f 1028//1228 1031//1232 1122//1363 
f 1127//1364 1126//1365 1125//1361 
f 1027//1226 1028//1228 1128//1366 
f 1129//1367 1130//1368 1127//1364 
f 1029//1229 1027//1226 1128//1366 
f 1029//1229 1128//1366 1131//1369 
f 1131//1369 1128//1370 1132//1371 
f 1132//1371 1128//1370 1133//1372 
f 1133//1372 1134//1373 1135//1374 
f 1134//1375 1136//1376 1135//1374 
f 1092//1318 1130//1368 1129//1367 
f 1092//1318 1090//1315 1130//1368 
f 1090//1315 1089//1313 1137//1377 
f 1089//1313 1088//1311 1137//1378 
f 1088//1311 1085//1307 1137//1379 
f 1085//1307 1083//1303 1138//1380 
f 1083//1303 1081//1300 1138//1381 
f 1134//1382 1139//1383 1136//1376 
f 1081//1300 1078//1297 1134//1382 
f 1134//1382 1140//1384 1139//1383 
f 1078//1297 1140//1384 1134//1382 
f 1078//1297 1077//1296 1140//1384 
f 1065//1278 1066//1280 1141//1385 
f 1065//1278 1141//1385 1142//1386 
f 1064//1276 1065//1278 1142//1386 
f 1142//1386 1141//1385 1143//1387 
f 1058//1268 1064//1276 1144//1388 
f 1142//1386 1143//1387 1145//1389 
f 1059//1269 1058//1268 1144//1390 
f 1142//1386 1145//1389 1146//1391 
f 1060//1271 1059//1269 1147//1392 
f 1148//1393 1149//1394 1146//1391 
f 1061//1273 1060//1271 1147//1395 
f 1150//1396 1149//1397 1148//1393 
f 1062//1274 1061//1273 1147//1398 
f 1151//1399 1152//1400 1150//1396 
f 1063//1275 1062//1274 1147//1398 
f 1063//1275 1147//1398 1119//1353 
f 1119//1353 1153//1401 1121//1355 
f 1121//1355 1153//1401 1123//1357 
f 1123//1357 1154//1402 1124//1359 
f 1154//1403 1125//1361 1124//1359 
f 1103//1331 1152//1400 1151//1399 
f 1103//1331 1101//1329 1152//1400 
f 1101//1329 1098//1325 1155//1404 
f 1098//1325 1097//1323 1155//1405 
f 1097//1323 1096//1322 1155//1406 
f 1096//1322 1094//1320 1156//1407 
f 1094//1320 1093//1319 1156//1408 
f 1154//1409 1127//1364 1125//1361 
f 1093//1319 1091//1317 1154//1409 
f 1154//1409 1129//1367 1127//1364 
f 1091//1317 1129//1367 1154//1409 
f 1091//1317 1092//1318 1129//1367 
f 1069//1285 1048//1257 1157//1410 
f 1069//1285 1157//1410 1158//1411 
f 1068//1283 1069//1285 1158//1411 
f 1158//1411 1157//1410 1159//1412 
f 1067//1281 1068//1283 1158//1413 
f 1158//1414 1159//1412 1160//1415 
f 1066//1280 1067//1281 1158//1413 
f 1066//1280 1158//1413 1141//1385 
f 1161//1416 1160//1415 1162//1417 
f 1141//1385 1163//1418 1143//1387 
f 1164//1419 1161//1420 1162//1417 
f 1143//1387 1163//1418 1145//1389 
f 1165//1421 1166//1422 1164//1419 
f 1145//1389 1167//1423 1146//1391 
f 1168//1424 1166//1425 1165//1421 
f 1167//1426 1148//1393 1146//1391 
f 1111//1343 1169//1427 1168//1424 
f 1111//1343 1107//1337 1169//1427 
f 1167//1428 1150//1396 1148//1393 
f 1107//1337 1106//1335 1169//1429 
f 1169//1429 1151//1399 1150//1396 
f 1106//1335 1104//1332 1169//1429 
f 1104//1332 1151//1399 1169//1429 
f 1104//1332 1103//1331 1151//1399 
f 1051//1261 1053//1263 1170//1430 
f 1051//1261 1170//1430 1171//1431 
f 1050//1260 1051//1261 1171//1431 
f 1171//1431 1170//1430 1172//1432 
f 1049//1258 1050//1260 1171//1433 
f 1171//1431 1172//1432 1173//1434 
f 1048//1257 1049//1258 1171//1435 
f 1048//1257 1171//1435 1157//1410 
f 1174//1436 1173//1434 1175//1437 
f 1157//1410 1171//1438 1159//1412 
f 1176//1439 1174//1440 1175//1437 
f 1159//1412 1177//1441 1160//1415 
f 1178//1442 1174//1443 1176//1439 
f 1160//1415 1177//1444 1162//1417 
f 1179//1445 1180//1449 1178//1442 
f 1177//1447 1164//1419 1162//1417 
f 1113//1345 1180//1449 1179//1445 
f 1113//1345 1112//1344 1180//1449 
f 1180//1448 1165//1421 1164//1419 
f 1112//1344 1116//1347 1180//1449 
f 1180//1450 1168//1424 1165//1421 
f 1116//1347 1117//1348 1180//1450 
f 1117//1348 1168//1424 1180//1450 
f 1117//1348 1111//1343 1168//1424 
f 1030//1230 1029//1229 1131//1369 
f 1030//1230 1131//1369 1181//1451 
f 1032//1233 1030//1230 1181//1451 
f 1181//1451 1131//1369 1132//1371 
f 1034//1237 1032//1233 1181//1452 
f 1181//1451 1132//1371 1133//1372 
f 1036//1241 1034//1237 1181//1453 
f 1182//1454 1133//1372 1135//1374 
f 1039//1245 1036//1241 1183//1455 
f 1136//1376 1182//1456 1135//1374 
f 1042//1249 1039//1245 1183//1457 
f 1139//1383 1182//1458 1136//1376 
f 1052//1262 1042//1249 1184//1459 
f 1140//1384 1185//1460 1139//1383 
f 1053//1263 1052//1262 1184//1459 
f 1053//1263 1184//1459 1170//1430 
f 1170//1430 1184//1461 1172//1432 
f 1172//1432 1184//1461 1173//1434 
f 1173//1434 1186//1462 1175//1437 
f 1186//1463 1176//1439 1175//1437 
f 1077//1296 1185//1460 1140//1384 
f 1077//1296 1075//1293 1185//1460 
f 1075//1293 1076//1295 1187//1464 
f 1076//1295 1080//1299 1187//1465 
f 1080//1299 1082//1302 1187//1466 
f 1082//1302 1084//1306 1188//1467 
f 1084//1306 1087//1310 1188//1468 
f 1186//1469 1178//1442 1176//1439 
f 1087//1310 1114//1346 1186//1469 
f 1186//1469 1179//1445 1178//1442 
f 1114//1346 1179//1445 1186//1469 
f 1114//1346 1113//1345 1179//1445 
f 1189//1217 1190//1218 1191//1219 
f 1192//1220 1190//1218 1189//1217 
f 1189//1217 1191//1219 1193//1221 
f 1190//1218 1194//1222 1191//1219 
f 1195//1223 1193//1221 1191//1219 
f 1192//1224 1196//1225 1190//1218 
f 1190//1218 1196//1225 1194//1222 
f 1197//1226 1192//1234 1198//1228 
f 1199//1229 1192//1234 1197//1226 
f 1199//1229 1200//1230 1192//1234 
f 1198//1228 1193//1231 1201//1232 
f 1200//1230 1202//1233 1192//1234 
f 1201//1232 1193//1235 1203//1236 
f 1202//1233 1204//1237 1192//1238 
f 1193//1239 1205//1240 1203//1236 
f 1204//1237 1206//1241 1207//1242 
f 1193//1243 1208//1244 1205//1240 
f 1206//1241 1209//1245 1207//1246 
f 1210//1247 1211//1248 1208//1244 
f 1209//1245 1212//1249 1207//1250 
f 1196//1225 1207//1251 1213//1252 
f 1196//1225 1213//1252 1194//1222 
f 1207//1251 1214//1253 1213//1252 
f 1207//1254 1215//1255 1214//1253 
f 1216//1256 1217//1257 1215//1255 
f 1216//1256 1218//1258 1217//1257 
f 1216//1259 1219//1260 1218//1258 
f 1216//1259 1220//1261 1219//1260 
f 1212//1249 1221//1262 1216//1259 
f 1221//1262 1220//1261 1216//1259 
f 1221//1262 1222//1263 1220//1261 
f 1223//1264 1191//1219 1194//1222 
f 1224//1265 1223//1264 1194//1222 
f 1225//1266 1223//1264 1224//1265 
f 1226//1267 1195//1223 1223//1264 
f 1223//1264 1195//1223 1191//1219 
f 1227//1268 1228//1269 1226//1270 
f 1228//1269 1229//1271 1226//1272 
f 1229//1271 1230//1273 1210//1247 
f 1230//1273 1231//1274 1210//1247 
f 1231//1274 1211//1248 1210//1247 
f 1231//1274 1232//1275 1211//1248 
f 1233//1276 1227//1268 1226//1277 
f 1234//1278 1233//1276 1225//1279 
f 1235//1280 1234//1278 1225//1279 
f 1235//1280 1225//1279 1236//1281 
f 1236//1281 1225//1279 1237//1283 
f 1237//1283 1225//1284 1238//1285 
f 1225//1286 1224//1265 1213//1252 
f 1224//1265 1194//1222 1213//1252 
f 1225//1286 1213//1252 1214//1253 
f 1225//1284 1214//1253 1215//1255 
f 1238//1285 1225//1284 1215//1255 
f 1238//1285 1215//1255 1217//1257 
f 1239//1287 1240//1288 1241//1289 
f 1242//1290 1239//1287 1241//1289 
f 1242//1291 1243//1292 1239//1287 
f 1239//1287 1243//1292 1240//1288 
f 1244//1293 1242//1294 1245//1295 
f 1246//1296 1242//1294 1244//1293 
f 1246//1296 1247//1297 1242//1294 
f 1245//1295 1248//1298 1249//1299 
f 1247//1297 1250//1300 1242//1294 
f 1249//1299 1248//1301 1251//1302 
f 1250//1300 1252//1303 1242//1304 
f 1248//1305 1253//1306 1251//1302 
f 1252//1303 1254//1307 1255//1308 
f 1248//1309 1256//1310 1253//1306 
f 1254//1307 1257//1311 1255//1312 
f 1257//1311 1258//1313 1255//1314 
f 1258//1313 1259//1315 1255//1316 
f 1259//1315 1260//1317 1255//1316 
f 1259//1315 1261//1318 1260//1317 
f 1255//1316 1260//1317 1262//1319 
f 1255//1316 1262//1319 1263//1320 
f 1264//1321 1263//1320 1265//1322 
f 1266//1323 1264//1324 1265//1322 
f 1267//1325 1264//1326 1266//1323 
f 1243//1292 1268//1327 1269//1328 
f 1243//1292 1269//1328 1240//1288 
f 1270//1329 1271//1330 1267//1325 
f 1272//1331 1271//1330 1270//1329 
f 1272//1331 1273//1332 1271//1330 
f 1271//1333 1274//1334 1269//1328 
f 1274//1334 1240//1288 1269//1328 
f 1273//1332 1275//1335 1271//1330 
f 1275//1335 1276//1337 1271//1338 
f 1271//1339 1277//1340 1274//1334 
f 1274//1334 1277//1340 1240//1288 
f 1271//1339 1278//1341 1277//1340 
f 1271//1338 1279//1342 1278//1341 
f 1276//1337 1279//1342 1271//1338 
f 1276//1337 1280//1343 1279//1342 
f 1281//1344 1282//1345 1283//1346 
f 1281//1344 1283//1346 1284//1349 
f 1284//1349 1283//1346 1256//1310 
f 1285//1347 1281//1344 1284//1349 
f 1286//1348 1285//1347 1284//1349 
f 1280//1343 1286//1348 1284//1350 
f 1280//1343 1284//1350 1279//1342 
f 1279//1342 1284//1351 1278//1341 
f 1278//1341 1287//1352 1277//1340 
f 1277//1340 1287//1352 1241//1289 
f 1277//1340 1241//1289 1240//1288 
f 1211//1248 1232//1275 1288//1353 
f 1211//1248 1288//1353 1289//1354 
f 1208//1244 1211//1248 1289//1354 
f 1289//1354 1288//1353 1290//1355 
f 1205//1240 1208//1244 1291//1356 
f 1289//1354 1290//1355 1292//1357 
f 1203//1236 1205//1240 1291//1358 
f 1289//1354 1292//1357 1293//1359 
f 1201//1232 1203//1236 1291//1360 
f 1294//1361 1295//1362 1293//1359 
f 1198//1228 1201//1232 1291//1363 
f 1296//1364 1295//1365 1294//1361 
f 1197//1226 1198//1228 1297//1366 
f 1298//1367 1299//1368 1296//1364 
f 1199//1229 1197//1226 1297//1366 
f 1199//1229 1297//1366 1300//1369 
f 1300//1369 1297//1370 1301//1371 
f 1301//1371 1297//1370 1302//1372 
f 1302//1372 1303//1373 1304//1374 
f 1303//1375 1305//1376 1304//1374 
f 1261//1318 1299//1368 1298//1367 
f 1261//1318 1259//1315 1299//1368 
f 1259//1315 1258//1313 1306//1377 
f 1258//1313 1257//1311 1306//1378 
f 1257//1311 1254//1307 1306//1379 
f 1254//1307 1252//1303 1307//1380 
f 1252//1303 1250//1300 1307//1381 
f 1303//1382 1308//1383 1305//1376 
f 1250//1300 1247//1297 1303//1382 
f 1303//1382 1309//1384 1308//1383 
f 1247//1297 1309//1384 1303//1382 
f 1247//1297 1246//1296 1309//1384 
f 1234//1278 1235//1280 1310//1385 
f 1234//1278 1310//1385 1311//1388 
f 1233//1276 1234//1278 1311//1388 
f 1311//1388 1310//1385 1312//1387 
f 1227//1268 1233//1276 1311//1388 
f 1311//1470 1312//1387 1313//1389 
f 1228//1269 1227//1268 1314//1390 
f 1311//1470 1313//1389 1315//1391 
f 1229//1271 1228//1269 1314//1392 
f 1316//1393 1317//1394 1315//1391 
f 1230//1273 1229//1271 1314//1395 
f 1318//1396 1317//1397 1316//1393 
f 1231//1274 1230//1273 1319//1398 
f 1320//1399 1321//1400 1318//1396 
f 1232//1275 1231//1274 1319//1398 
f 1232//1275 1319//1398 1288//1353 
f 1288//1353 1322//1401 1290//1355 
f 1290//1355 1322//1401 1292//1357 
f 1292//1357 1323//1402 1293//1359 
f 1323//1403 1294//1361 1293//1359 
f 1272//1331 1321//1400 1320//1399 
f 1272//1331 1270//1329 1321//1400 
f 1270//1329 1267//1325 1324//1404 
f 1267//1325 1266//1323 1324//1405 
f 1266//1323 1265//1322 1324//1406 
f 1265//1322 1263//1320 1325//1407 
f 1263//1320 1262//1319 1325//1408 
f 1323//1409 1296//1364 1294//1361 
f 1262//1319 1260//1317 1323//1409 
f 1323//1409 1298//1367 1296//1364 
f 1260//1317 1298//1367 1323//1409 
f 1260//1317 1261//1318 1298//1367 
f 1238//1285 1217//1257 1326//1410 
f 1238//1285 1326//1410 1327//1411 
f 1237//1283 1238//1285 1327//1411 
f 1327//1411 1326//1410 1328//1412 
f 1236//1281 1237//1283 1327//1413 
f 1327//1414 1328//1412 1329//1415 
f 1235//1280 1236//1281 1327//1413 
f 1235//1280 1327//1413 1310//1385 
f 1330//1416 1329//1415 1331//1417 
f 1310//1385 1332//1418 1312//1387 
f 1333//1419 1330//1420 1331//1417 
f 1312//1387 1332//1418 1313//1389 
f 1334//1421 1335//1422 1333//1419 
f 1313//1389 1336//1423 1315//1391 
f 1337//1424 1335//1425 1334//1421 
f 1336//1426 1316//1393 1315//1391 
f 1280//1343 1338//1427 1337//1424 
f 1280//1343 1276//1337 1338//1427 
f 1336//1428 1318//1396 1316//1393 
f 1276//1337 1275//1335 1338//1429 
f 1338//1429 1320//1399 1318//1396 
f 1275//1335 1273//1332 1338//1429 
f 1273//1332 1320//1399 1338//1429 
f 1273//1332 1272//1331 1320//1399 
f 1220//1261 1222//1263 1339//1430 
f 1220//1261 1339//1430 1340//1433 
f 1219//1260 1220//1261 1340//1433 
f 1340//1433 1339//1430 1341//1432 
f 1218//1258 1219//1260 1340//1433 
f 1342//1436 1341//1432 1343//1434 
f 1217//1257 1218//1258 1340//1435 
f 1217//1257 1340//1435 1326//1410 
f 1342//1436 1343//1434 1344//1437 
f 1326//1410 1340//1438 1328//1412 
f 1345//1439 1342//1440 1344//1437 
f 1328//1412 1346//1441 1329//1415 
f 1347//1442 1342//1443 1345//1439 
f 1329//1415 1346//1444 1331//1417 
f 1348//1445 1349//1449 1347//1442 
f 1346//1447 1333//1419 1331//1417 
f 1282//1345 1349//1449 1348//1445 
f 1282//1345 1281//1344 1349//1449 
f 1349//1448 1334//1421 1333//1419 
f 1281//1344 1285//1347 1349//1449 
f 1349//1450 1337//1424 1334//1421 
f 1285//1347 1286//1348 1349//1450 
f 1286//1348 1337//1424 1349//1450 
f 1286//1348 1280//1343 1337//1424 
f 1200//1230 1199//1229 1300//1369 
f 1200//1230 1300//1369 1350//1451 
f 1202//1233 1200//1230 1350//1451 
f 1350//1451 1300//1369 1301//1371 
f 1204//1237 1202//1233 1350//1452 
f 1350//1451 1301//1371 1302//1372 
f 1206//1241 1204//1237 1350//1453 
f 1351//1454 1302//1372 1304//1374 
f 1209//1245 1206//1241 1352//1455 
f 1305//1376 1351//1456 1304//1374 
f 1212//1249 1209//1245 1352//1457 
f 1308//1383 1351//1458 1305//1376 
f 1221//1262 1212//1249 1353//1459 
f 1309//1384 1354//1460 1308//1383 
f 1222//1263 1221//1262 1353//1459 
f 1222//1263 1353//1459 1339//1430 
f 1339//1430 1353//1461 1341//1432 
f 1341//1432 1353//1461 1343//1434 
f 1343//1434 1355//1462 1344//1437 
f 1355//1463 1345//1439 1344//1437 
f 1246//1296 1354//1460 1309//1384 
f 1246//1296 1244//1293 1354//1460 
f 1244//1293 1245//1295 1356//1464 
f 1245//1295 1249//1299 1356//1465 
f 1249//1299 1251//1302 1356//1466 
f 1251//1302 1253//1306 1357//1467 
f 1253//1306 1256//1310 1357//1468 
f 1355//1469 1347//1442 1345//1439 
f 1256//1310 1283//1346 1355//1469 
f 1355//1469 1348//1445 1347//1442 
f 1283//1346 1348//1445 1355//1469 
f 1283//1346 1282//1345 1348//1445 
f 1358//1217 1359//1218 1360//1219 
f 1361//1220 1359//1218 1358//1217 
f 1358//1217 1360//1219 1362//1221 
f 1359//1218 1363//1222 1360//1219 
f 1364//1223 1362//1221 1360//1219 
f 1361//1224 1365//1225 1359//1218 
f 1359//1218 1365//1225 1363//1222 
f 1366//1226 1361//1234 1367//1228 
f 1368//1229 1361//1234 1366//1226 
f 1368//1229 1369//1230 1361//1234 
f 1367//1228 1362//1231 1370//1232 
f 1369//1230 1371//1233 1361//1234 
f 1370//1232 1362//1235 1372//1236 
f 1371//1233 1373//1237 1361//1238 
f 1362//1239 1374//1240 1372//1236 
f 1373//1237 1375//1241 1376//1242 
f 1362//1243 1377//1244 1374//1240 
f 1375//1241 1378//1245 1376//1246 
f 1379//1247 1380//1248 1377//1244 
f 1378//1245 1381//1249 1376//1250 
f 1365//1225 1376//1251 1382//1252 
f 1365//1225 1382//1252 1363//1222 
f 1376//1251 1383//1253 1382//1252 
f 1376//1254 1384//1255 1383//1253 
f 1385//1256 1386//1257 1384//1255 
f 1385//1256 1387//1258 1386//1257 
f 1385//1259 1388//1260 1387//1258 
f 1385//1259 1389//1261 1388//1260 
f 1381//1249 1390//1262 1385//1259 
f 1390//1262 1389//1261 1385//1259 
f 1390//1262 1391//1263 1389//1261 
f 1392//1264 1360//1219 1363//1222 
f 1393//1265 1392//1264 1363//1222 
f 1394//1266 1392//1264 1393//1265 
f 1395//1267 1364//1223 1392//1264 
f 1392//1264 1364//1223 1360//1219 
f 1396//1268 1397//1269 1395//1270 
f 1397//1269 1398//1271 1395//1272 
f 1398//1271 1399//1273 1379//1247 
f 1399//1273 1400//1274 1379//1247 
f 1400//1274 1380//1248 1379//1247 
f 1400//1274 1401//1275 1380//1248 
f 1402//1276 1396//1268 1395//1277 
f 1403//1278 1402//1276 1394//1279 
f 1404//1280 1403//1278 1394//1279 
f 1404//1280 1394//1279 1405//1281 
f 1405//1281 1394//1279 1406//1283 
f 1406//1283 1394//1284 1407//1285 
f 1394//1286 1393//1265 1382//1252 
f 1393//1265 1363//1222 1382//1252 
f 1394//1286 1382//1252 1383//1253 
f 1394//1284 1383//1253 1384//1255 
f 1407//1285 1394//1284 1384//1255 
f 1407//1285 1384//1255 1386//1257 
f 1408//1287 1409//1288 1410//1289 
f 1411//1290 1408//1287 1410//1289 
f 1411//1291 1412//1292 1408//1287 
f 1408//1287 1412//1292 1409//1288 
f 1413//1293 1411//1294 1414//1295 
f 1415//1296 1411//1294 1413//1293 
f 1415//1296 1416//1297 1411//1294 
f 1414//1295 1417//1298 1418//1299 
f 1416//1297 1419//1300 1411//1294 
f 1418//1299 1420//1301 1421//1302 
f 1419//1300 1422//1303 1411//1304 
f 1420//1305 1423//1306 1421//1302 
f 1422//1303 1424//1307 1425//1308 
f 1426//1309 1427//1310 1423//1306 
f 1424//1307 1428//1311 1425//1312 
f 1428//1311 1429//1313 1425//1314 
f 1429//1313 1430//1315 1425//1316 
f 1430//1315 1431//1317 1425//1316 
f 1430//1315 1432//1318 1431//1317 
f 1425//1316 1431//1317 1433//1319 
f 1425//1316 1433//1319 1434//1320 
f 1435//1321 1434//1320 1436//1322 
f 1437//1323 1435//1324 1436//1322 
f 1438//1325 1435//1326 1437//1323 
f 1412//1292 1439//1327 1440//1328 
f 1412//1292 1440//1328 1409//1288 
f 1441//1329 1442//1330 1438//1325 
f 1443//1331 1442//1330 1441//1329 
f 1443//1331 1444//1332 1442//1330 
f 1442//1333 1445//1334 1440//1328 
f 1445//1334 1409//1288 1440//1328 
f 1444//1332 1446//1335 1442//1330 
f 1446//1335 1447//1337 1442//1338 
f 1442//1339 1448//1340 1445//1334 
f 1445//1334 1448//1340 1409//1288 
f 1442//1339 1449//1341 1448//1340 
f 1442//1338 1450//1342 1449//1341 
f 1447//1337 1450//1342 1442//1338 
f 1447//1337 1451//1343 1450//1342 
f 1452//1344 1453//1345 1454//1346 
f 1452//1344 1454//1346 1426//1309 
f 1426//1309 1454//1346 1427//1310 
f 1455//1347 1452//1344 1426//1309 
f 1456//1348 1455//1347 1426//1349 
f 1451//1343 1456//1348 1426//1350 
f 1451//1343 1426//1350 1450//1342 
f 1450//1342 1417//1351 1449//1341 
f 1449//1341 1417//1352 1448//1340 
f 1448//1340 1417//1352 1410//1289 
f 1448//1340 1410//1289 1409//1288 
f 1380//1248 1401//1275 1457//1353 
f 1380//1248 1457//1353 1458//1354 
f 1377//1244 1380//1248 1458//1354 
f 1458//1354 1457//1353 1459//1355 
f 1374//1240 1377//1244 1460//1356 
f 1458//1354 1459//1355 1461//1357 
f 1372//1236 1374//1240 1460//1358 
f 1458//1354 1461//1357 1462//1359 
f 1370//1232 1372//1236 1460//1360 
f 1463//1361 1464//1362 1462//1359 
f 1367//1228 1370//1232 1460//1363 
f 1465//1364 1464//1365 1463//1361 
f 1366//1226 1367//1228 1466//1366 
f 1467//1367 1468//1368 1465//1364 
f 1368//1229 1366//1226 1466//1366 
f 1368//1229 1466//1366 1469//1369 
f 1469//1369 1466//1366 1470//1371 
f 1470//1371 1466//1366 1471//1372 
f 1471//1372 1472//1373 1473//1374 
f 1472//1375 1474//1376 1473//1374 
f 1432//1318 1468//1368 1467//1367 
f 1432//1318 1430//1315 1468//1368 
f 1430//1315 1429//1313 1475//1377 
f 1429//1313 1428//1311 1475//1378 
f 1428//1311 1424//1307 1475//1379 
f 1424//1307 1422//1303 1476//1380 
f 1422//1303 1419//1300 1476//1381 
f 1472//1382 1477//1383 1474//1376 
f 1419//1300 1416//1297 1472//1382 
f 1472//1382 1478//1384 1477//1383 
f 1416//1297 1478//1384 1472//1382 
f 1416//1297 1415//1296 1478//1384 
f 1403//1278 1404//1280 1479//1385 
f 1403//1278 1479//1385 1480//1386 
f 1402//1276 1403//1278 1480//1386 
f 1480//1386 1479//1385 1481//1387 
f 1396//1268 1402//1276 1482//1388 
f 1480//1386 1481//1387 1483//1389 
f 1397//1269 1396//1268 1482//1390 
f 1480//1386 1483//1389 1484//1391 
f 1398//1271 1397//1269 1485//1392 
f 1486//1393 1487//1394 1484//1391 
f 1399//1273 1398//1271 1485//1395 
f 1488//1396 1487//1397 1486//1393 
f 1400//1274 1399//1273 1485//1398 
f 1489//1399 1490//1400 1488//1396 
f 1401//1275 1400//1274 1485//1398 
f 1401//1275 1485//1398 1457//1353 
f 1457//1353 1491//1401 1459//1355 
f 1459//1355 1491//1401 1461//1357 
f 1461//1357 1492//1402 1462//1359 
f 1492//1403 1463//1361 1462//1359 
f 1443//1331 1490//1400 1489//1399 
f 1443//1331 1441//1329 1490//1400 
f 1441//1329 1438//1325 1493//1404 
f 1438//1325 1437//1323 1493//1405 
f 1437//1323 1436//1322 1493//1406 
f 1436//1322 1434//1320 1494//1407 
f 1434//1320 1433//1319 1494//1408 
f 1492//1409 1465//1364 1463//1361 
f 1433//1319 1431//1317 1492//1409 
f 1492//1409 1467//1367 1465//1364 
f 1431//1317 1467//1367 1492//1409 
f 1431//1317 1432//1318 1467//1367 
f 1407//1285 1386//1257 1495//1410 
f 1407//1285 1495//1410 1496//1411 
f 1406//1283 1407//1285 1496//1411 
f 1496//1411 1495//1410 1497//1412 
f 1405//1281 1406//1283 1496//1413 
f 1496//1414 1497//1412 1498//1415 
f 1404//1280 1405//1281 1496//1413 
f 1404//1280 1496//1413 1479//1385 
f 1499//1416 1498//1415 1500//1417 
f 1479//1385 1501//1418 1481//1387 
f 1502//1419 1499//1420 1500//1417 
f 1481//1387 1501//1418 1483//1389 
f 1503//1421 1504//1422 1502//1419 
f 1483//1389 1505//1423 1484//1391 
f 1506//1424 1504//1425 1503//1421 
f 1505//1426 1486//1393 1484//1391 
f 1451//1343 1507//1427 1506//1424 
f 1451//1343 1447//1337 1507//1427 
f 1505//1428 1488//1396 1486//1393 
f 1447//1337 1446//1335 1507//1429 
f 1507//1429 1489//1399 1488//1396 
f 1446//1335 1444//1332 1507//1429 
f 1444//1332 1489//1399 1507//1429 
f 1444//1332 1443//1331 1489//1399 
f 1389//1261 1391//1263 1508//1430 
f 1389//1261 1508//1430 1509//1431 
f 1388//1260 1389//1261 1509//1431 
f 1509//1431 1508//1430 1510//1432 
f 1387//1258 1388//1260 1509//1433 
f 1509//1431 1510//1432 1511//1434 
f 1386//1257 1387//1258 1509//1435 
f 1386//1257 1509//1435 1495//1410 
f 1512//1436 1511//1434 1513//1437 
f 1495//1410 1509//1438 1497//1412 
f 1514//1439 1512//1440 1513//1437 
f 1497//1412 1515//1441 1498//1415 
f 1516//1442 1512//1443 1514//1439 
f 1498//1415 1515//1444 1500//1417 
f 1517//1445 1518//1449 1516//1442 
f 1515//1447 1502//1419 1500//1417 
f 1453//1345 1518//1449 1517//1445 
f 1453//1345 1452//1344 1518//1449 
f 1518//1448 1503//1421 1502//1419 
f 1452//1344 1455//1347 1518//1449 
f 1518//1450 1506//1424 1503//1421 
f 1455//1347 1456//1348 1518//1450 
f 1456//1348 1506//1424 1518//1450 
f 1456//1348 1451//1343 1506//1424 
f 1369//1230 1368//1229 1469//1369 
f 1369//1230 1469//1369 1519//1451 
f 1371//1233 1369//1230 1519//1451 
f 1519//1451 1469//1369 1470//1371 
f 1373//1237 1371//1233 1519//1452 
f 1519//1451 1470//1371 1471//1372 
f 1375//1241 1373//1237 1519//1453 
f 1520//1454 1471//1372 1473//1374 
f 1378//1245 1375//1241 1521//1455 
f 1474//1376 1520//1456 1473//1374 
f 1381//1249 1378//1245 1521//1457 
f 1477//1383 1520//1458 1474//1376 
f 1390//1262 1381//1249 1522//1459 
f 1478//1384 1523//1460 1477//1383 
f 1391//1263 1390//1262 1522//1459 
f 1391//1263 1522//1459 1508//1430 
f 1508//1430 1522//1461 1510//1432 
f 1510//1432 1522//1461 1511//1434 
f 1511//1434 1524//1462 1513//1437 
f 1524//1463 1514//1439 1513//1437 
f 1415//1296 1523//1460 1478//1384 
f 1415//1296 1413//1293 1523//1460 
f 1413//1293 1414//1295 1525//1464 
f 1414//1295 1418//1299 1525//1465 
f 1418//1299 1421//1302 1525//1466 
f 1421//1302 1423//1306 1526//1467 
f 1423//1306 1427//1310 1526//1468 
f 1524//1469 1516//1442 1514//1439 
f 1427//1310 1454//1346 1524//1469 
f 1524//1469 1517//1445 1516//1442 
f 1454//1346 1517//1445 1524//1469 
f 1454//1346 1453//1345 1517//1445 
f 1527//1217 1528//1218 1529//1219 
f 1530//1220 1528//1218 1527//1217 
f 1527//1217 1529//1219 1531//1221 
f 1528//1218 1532//1222 1529//1219 
f 1533//1223 1531//1221 1529//1219 
f 1530//1224 1534//1225 1528//1218 
f 1528//1218 1534//1225 1532//1222 
f 1535//1226 1530//1234 1536//1228 
f 1537//1229 1530//1234 1535//1226 
f 1537//1229 1538//1230 1530//1234 
f 1536//1228 1531//1231 1539//1232 
f 1538//1230 1540//1233 1530//1234 
f 1539//1232 1531//1235 1541//1236 
f 1540//1233 1542//1237 1530//1238 
f 1543//1239 1544//1240 1541//1236 
f 1542//1237 1545//1241 1546//1242 
f 1543//1243 1547//1244 1544//1240 
f 1545//1241 1548//1245 1546//1246 
f 1549//1247 1550//1248 1547//1244 
f 1548//1245 1551//1249 1546//1250 
f 1534//1225 1552//1251 1553//1252 
f 1534//1225 1553//1252 1532//1222 
f 1552//1251 1554//1253 1553//1252 
f 1552//1254 1555//1255 1554//1253 
f 1556//1256 1557//1257 1555//1255 
f 1556//1256 1558//1258 1557//1257 
f 1556//1259 1559//1260 1558//1258 
f 1556//1259 1560//1261 1559//1260 
f 1551//1249 1561//1262 1556//1259 
f 1561//1262 1560//1261 1556//1259 
f 1561//1262 1562//1263 1560//1261 
f 1563//1264 1529//1219 1532//1222 
f 1564//1265 1563//1264 1532//1222 
f 1565//1266 1563//1264 1564//1265 
f 1566//1267 1533//1223 1563//1264 
f 1563//1264 1533//1223 1529//1219 
f 1567//1268 1568//1269 1566//1270 
f 1568//1269 1569//1271 1566//1272 
f 1569//1271 1570//1273 1549//1247 
f 1570//1273 1571//1274 1549//1247 
f 1571//1274 1550//1248 1549//1247 
f 1571//1274 1572//1275 1550//1248 
f 1573//1276 1567//1268 1566//1277 
f 1574//1278 1573//1276 1565//1279 
f 1575//1280 1574//1278 1565//1279 
f 1575//1280 1565//1279 1576//1281 
f 1576//1281 1577//1282 1578//1283 
f 1578//1283 1577//1284 1579//1285 
f 1577//1286 1564//1265 1553//1252 
f 1564//1265 1532//1222 1553//1252 
f 1577//1286 1553//1252 1554//1253 
f 1577//1284 1554//1253 1555//1255 
f 1579//1285 1577//1284 1555//1255 
f 1579//1285 1555//1255 1557//1257 
f 1580//1287 1581//1288 1582//1289 
f 1583//1290 1580//1287 1582//1289 
f 1583//1291 1584//1292 1580//1287 
f 1580//1287 1584//1292 1581//1288 
f 1585//1293 1586//1294 1587//1295 
f 1588//1296 1586//1294 1585//1293 
f 1588//1296 1589//1297 1586//1294 
f 1587//1295 1590//1298 1591//1299 
f 1589//1297 1592//1300 1586//1294 
f 1591//1299 1593//1301 1594//1302 
f 1592//1300 1595//1303 1586//1304 
f 1593//1305 1596//1306 1594//1302 
f 1595//1303 1597//1307 1598//1308 
f 1599//1309 1600//1310 1596//1306 
f 1597//1307 1601//1311 1598//1312 
f 1601//1311 1602//1313 1598//1314 
f 1602//1313 1603//1315 1604//1316 
f 1603//1315 1605//1317 1604//1316 
f 1603//1315 1606//1318 1605//1317 
f 1604//1316 1605//1317 1607//1319 
f 1604//1316 1607//1319 1608//1320 
f 1609//1321 1608//1320 1610//1322 
f 1611//1323 1609//1324 1610//1322 
f 1612//1325 1609//1326 1611//1323 
f 1584//1292 1613//1327 1614//1328 
f 1584//1292 1614//1328 1581//1288 
f 1615//1329 1616//1330 1612//1325 
f 1617//1331 1616//1330 1615//1329 
f 1617//1331 1618//1332 1616//1330 
f 1616//1333 1619//1334 1614//1328 
f 1619//1334 1581//1288 1614//1328 
f 1618//1332 1620//1335 1621//1336 
f 1620//1335 1622//1337 1621//1338 
f 1621//1339 1623//1340 1619//1334 
f 1619//1334 1623//1340 1581//1288 
f 1621//1339 1624//1341 1623//1340 
f 1621//1338 1625//1342 1624//1341 
f 1622//1337 1625//1342 1621//1338 
f 1622//1337 1626//1343 1625//1342 
f 1627//1344 1628//1345 1629//1346 
f 1627//1344 1629//1346 1599//1309 
f 1599//1309 1629//1346 1600//1310 
f 1630//1347 1627//1344 1599//1309 
f 1631//1348 1630//1347 1599//1349 
f 1626//1343 1631//1348 1599//1350 
f 1626//1343 1599//1350 1625//1342 
f 1625//1342 1590//1351 1624//1341 
f 1624//1341 1590//1352 1623//1340 
f 1623//1340 1590//1352 1582//1289 
f 1623//1340 1582//1289 1581//1288 
f 1550//1248 1572//1275 1632//1353 
f 1550//1248 1632//1353 1633//1354 
f 1547//1244 1550//1248 1633//1354 
f 1633//1354 1632//1353 1634//1355 
f 1544//1240 1547//1244 1635//1356 
f 1633//1354 1634//1355 1636//1357 
f 1541//1236 1544//1240 1635//1358 
f 1633//1354 1636//1357 1637//1359 
f 1539//1232 1541//1236 1638//1360 
f 1639//1361 1640//1362 1637//1359 
f 1536//1228 1539//1232 1638//1363 
f 1641//1364 1640//1365 1639//1361 
f 1535//1226 1536//1228 1642//1366 
f 1643//1367 1644//1368 1641//1364 
f 1537//1229 1535//1226 1642//1366 
f 1537//1229 1642//1366 1645//1369 
f 1645//1369 1642//1370 1646//1371 
f 1646//1371 1642//1370 1647//1372 
f 1647//1372 1648//1373 1649//1374 
f 1648//1375 1650//1376 1649//1374 
f 1606//1318 1644//1368 1643//1367 
f 1606//1318 1603//1315 1644//1368 
f 1603//1315 1602//1313 1651//1377 
f 1602//1313 1601//1311 1651//1378 
f 1601//1311 1597//1307 1651//1379 
f 1597//1307 1595//1303 1652//1380 
f 1595//1303 1592//1300 1652//1381 
f 1648//1382 1653//1383 1650//1376 
f 1592//1300 1589//1297 1648//1382 
f 1648//1382 1654//1384 1653//1383 
f 1589//1297 1654//1384 1648//1382 
f 1589//1297 1588//1296 1654//1384 
f 1574//1278 1575//1280 1655//1385 
f 1574//1278 1655//1385 1656//1386 
f 1573//1276 1574//1278 1656//1386 
f 1656//1386 1655//1385 1657//1387 
f 1567//1268 1573//1276 1658//1388 
f 1656//1386 1657//1387 1659//1389 
f 1568//1269 1567//1268 1658//1390 
f 1656//1386 1659//1389 1660//1391 
f 1569//1271 1568//1269 1661//1392 
f 1662//1393 1663//1394 1660//1391 
f 1570//1273 1569//1271 1661//1395 
f 1664//1396 1663//1397 1662//1393 
f 1571//1274 1570//1273 1665//1398 
f 1666//1399 1667//1400 1664//1396 
f 1572//1275 1571//1274 1665//1398 
f 1572//1275 1665//1398 1632//1353 
f 1632//1353 1668//1401 1634//1355 
f 1634//1355 1668//1401 1636//1357 
f 1636//1357 1669//1402 1637//1359 
f 1669//1403 1639//1361 1637//1359 
f 1617//1331 1667//1400 1666//1399 
f 1617//1331 1615//1329 1667//1400 
f 1615//1329 1612//1325 1670//1404 
f 1612//1325 1611//1323 1670//1405 
f 1611//1323 1610//1322 1670//1406 
f 1610//1322 1608//1320 1671//1407 
f 1608//1320 1607//1319 1671//1408 
f 1669//1409 1641//1364 1639//1361 
f 1607//1319 1605//1317 1669//1409 
f 1669//1409 1643//1367 1641//1364 
f 1605//1317 1643//1367 1669//1409 
f 1605//1317 1606//1318 1643//1367 
f 1579//1285 1557//1257 1672//1410 
f 1579//1285 1672//1410 1673//1411 
f 1578//1283 1579//1285 1673//1411 
f 1673//1411 1672//1410 1674//1412 
f 1576//1281 1578//1283 1673//1413 
f 1673//1414 1674//1412 1675//1415 
f 1575//1280 1576//1281 1673//1413 
f 1575//1280 1673//1413 1655//1385 
f 1676//1416 1675//1415 1677//1417 
f 1655//1385 1678//1418 1657//1387 
f 1679//1419 1676//1420 1677//1417 
f 1657//1387 1678//1418 1659//1389 
f 1680//1421 1681//1422 1679//1419 
f 1659//1389 1682//1423 1660//1391 
f 1683//1424 1681//1425 1680//1421 
f 1682//1426 1662//1393 1660//1391 
f 1626//1343 1684//1427 1683//1424 
f 1626//1343 1622//1337 1684//1427 
f 1682//1428 1664//1396 1662//1393 
f 1622//1337 1620//1335 1684//1429 
f 1684//1429 1666//1399 1664//1396 
f 1620//1335 1618//1332 1684//1429 
f 1618//1332 1666//1399 1684//1429 
f 1618//1332 1617//1331 1666//1399 
f 1560//1261 1562//1263 1685//1430 
f 1560//1261 1685//1430 1686//1433 
f 1559//1260 1560//1261 1686//1433 
f 1686//1433 1685//1430 1687//1432 
f 1558//1258 1559//1260 1686//1433 
f 1688//1436 1687//1432 1689//1434 
f 1557//1257 1558//1258 1686//1435 
f 1557//1257 1686//1435 1672//1410 
f 1688//1436 1689//1434 1690//1437 
f 1672//1410 1686//1438 1674//1412 
f 1691//1439 1692//1440 1690//1437 
f 1674//1412 1693//1441 1675//1415 
f 1694//1442 1692//1443 1691//1439 
f 1675//1415 1693//1444 1677//1417 
f 1695//1445 1696//1449 1694//1442 
f 1693//1447 1679//1419 1677//1417 
f 1628//1345 1696//1449 1695//1445 
f 1628//1345 1627//1344 1696//1449 
f 1696//1448 1680//1421 1679//1419 
f 1627//1344 1630//1347 1696//1449 
f 1696//1450 1683//1424 1680//1421 
f 1630//1347 1631//1348 1696//1450 
f 1631//1348 1683//1424 1696//1450 
f 1631//1348 1626//1343 1683//1424 
f 1538//1230 1537//1229 1645//1369 
f 1538//1230 1645//1369 1697//1451 
f 1540//1233 1538//1230 1697//1451 
f 1697//1451 1645//1369 1646//1371 
f 1542//1237 1540//1233 1698//1452 
f 1697//1451 1646//1371 1647//1372 
f 1545//1241 1542//1237 1698//1453 
f 1699//1454 1647//1372 1649//1374 
f 1548//1245 1545//1241 1700//1455 
f 1650//1376 1699//1456 1649//1374 
f 1551//1249 1548//1245 1700//1457 
f 1653//1383 1699//1458 1650//1376 
f 1561//1262 1551//1249 1701//1459 
f 1654//1384 1702//1460 1653//1383 
f 1562//1263 1561//1262 1701//1459 
f 1562//1263 1701//1459 1685//1430 
f 1685//1430 1701//1461 1687//1432 
f 1687//1432 1701//1461 1689//1434 
f 1689//1434 1703//1462 1690//1437 
f 1703//1463 1691//1439 1690//1437 
f 1588//1296 1702//1460 1654//1384 
f 1588//1296 1585//1293 1702//1460 
f 1585//1293 1587//1295 1704//1464 
f 1587//1295 1591//1299 1704//1465 
f 1591//1299 1594//1302 1704//1466 
f 1594//1302 1596//1306 1705//1467 
f 1596//1306 1600//1310 1705//1468 
f 1703//1469 1694//1442 1691//1439 
f 1600//1310 1629//1346 1703//1469 
f 1703//1469 1695//1445 1694//1442 
f 1629//1346 1695//1445 1703//1469 
f 1629//1346 1628//1345 1695//1445 
f 1706//1217 1707//1218 1708//1219 
f 1709//1220 1707//1218 1706//1217 
f 1706//1217 1708//1219 1710//1221 
f 1707//1218 1711//1222 1708//1219 
f 1712//1223 1710//1221 1708//1219 
f 1709//1224 1713//1225 1707//1218 
f 1707//1218 1713//1225 1711//1222 
f 1714//1226 1709//1234 1715//1228 
f 1716//1229 1709//1234 1714//1226 
f 1716//1229 1717//1230 1709//1234 
f 1715//1228 1710//1231 1718//1232 
f 1717//1230 1719//1233 1709//1234 
f 1718//1232 1710//1235 1720//1236 
f 1719//1233 1721//1237 1709//1238 
f 1710//1239 1722//1240 1720//1236 
f 1721//1237 1723//1241 1724//1242 
f 1710//1243 1725//1244 1722//1240 
f 1723//1241 1726//1245 1724//1246 
f 1727//1247 1728//1248 1725//1244 
f 1726//1245 1729//1249 1730//1250 
f 1713//1225 1731//1251 1732//1252 
f 1713//1225 1732//1252 1711//1222 
f 1731//1251 1733//1253 1732//1252 
f 1731//1254 1734//1255 1733//1253 
f 1731//1256 1735//1257 1734//1255 
f 1731//1256 1736//1258 1735//1257 
f 1731//1259 1737//1260 1736//1258 
f 1730//1250 1738//1261 1737//1260 
f 1729//1249 1739//1262 1730//1250 
f 1739//1262 1738//1261 1730//1250 
f 1739//1262 1740//1263 1738//1261 
f 1741//1264 1708//1219 1711//1222 
f 1742//1265 1741//1264 1711//1222 
f 1743//1266 1741//1264 1742//1265 
f 1744//1267 1712//1223 1741//1264 
f 1741//1264 1712//1223 1708//1219 
f 1745//1268 1746//1269 1744//1270 
f 1746//1269 1747//1271 1744//1272 
f 1747//1271 1748//1273 1727//1247 
f 1748//1273 1749//1274 1727//1247 
f 1749//1274 1728//1248 1727//1247 
f 1749//1274 1750//1275 1728//1248 
f 1751//1276 1745//1268 1744//1277 
f 1752//1278 1751//1276 1743//1279 
f 1753//1280 1752//1278 1743//1279 
f 1753//1280 1743//1279 1754//1281 
f 1754//1281 1743//1279 1755//1283 
f 1755//1283 1743//1284 1756//1285 
f 1743//1286 1742//1265 1732//1252 
f 1742//1265 1711//1222 1732//1252 
f 1743//1286 1732//1252 1733//1253 
f 1743//1284 1733//1253 1734//1255 
f 1756//1285 1743//1284 1734//1255 
f 1756//1285 1734//1255 1735//1257 
f 1757//1287 1758//1288 1759//1289 
f 1760//1290 1757//1287 1759//1289 
f 1760//1291 1761//1292 1757//1287 
f 1757//1287 1761//1292 1758//1288 
f 1762//1293 1760//1294 1763//1295 
f 1764//1296 1760//1294 1762//1293 
f 1764//1296 1765//1297 1760//1294 
f 1763//1295 1766//1298 1767//1299 
f 1765//1297 1768//1300 1760//1294 
f 1767//1299 1766//1301 1769//1302 
f 1768//1300 1770//1303 1760//1304 
f 1766//1305 1771//1306 1769//1302 
f 1770//1303 1772//1307 1773//1308 
f 1766//1309 1774//1310 1771//1306 
f 1772//1307 1775//1311 1773//1312 
f 1775//1311 1776//1313 1773//1314 
f 1776//1313 1777//1315 1773//1316 
f 1777//1315 1778//1317 1773//1316 
f 1777//1315 1779//1318 1778//1317 
f 1773//1316 1778//1317 1780//1319 
f 1773//1316 1780//1319 1781//1320 
f 1782//1321 1781//1320 1783//1322 
f 1784//1323 1782//1324 1783//1322 
f 1785//1325 1782//1326 1784//1323 
f 1761//1292 1786//1327 1787//1328 
f 1761//1292 1787//1328 1758//1288 
f 1788//1329 1789//1330 1785//1325 
f 1790//1331 1789//1330 1788//1329 
f 1790//1331 1791//1332 1789//1330 
f 1789//1333 1792//1334 1787//1328 
f 1792//1334 1758//1288 1787//1328 
f 1791//1332 1793//1335 1789//1330 
f 1793//1335 1794//1337 1789//1338 
f 1789//1339 1795//1340 1792//1334 
f 1792//1334 1795//1340 1758//1288 
f 1789//1339 1796//1341 1795//1340 
f 1789//1338 1797//1342 1796//1341 
f 1794//1337 1797//1342 1789//1338 
f 1794//1337 1798//1343 1797//1342 
f 1799//1344 1800//1345 1801//1346 
f 1799//1344 1801//1346 1802//1349 
f 1802//1349 1801//1346 1774//1310 
f 1803//1347 1799//1344 1802//1349 
f 1804//1348 1803//1347 1802//1349 
f 1798//1343 1804//1348 1802//1350 
f 1798//1343 1802//1350 1797//1342 
f 1797//1342 1802//1351 1796//1341 
f 1796//1341 1805//1352 1795//1340 
f 1795//1340 1805//1352 1759//1289 
f 1795//1340 1759//1289 1758//1288 
f 1728//1248 1750//1275 1806//1353 
f 1728//1248 1806//1353 1807//1354 
f 1725//1244 1728//1248 1807//1354 
f 1807//1354 1806//1353 1808//1355 
f 1722//1240 1725//1244 1809//1356 
f 1807//1354 1808//1355 1810//1357 
f 1720//1236 1722//1240 1809//1358 
f 1807//1354 1810//1357 1811//1359 
f 1718//1232 1720//1236 1809//1360 
f 1812//1361 1813//1362 1811//1359 
f 1715//1228 1718//1232 1809//1363 
f 1814//1364 1813//1365 1812//1361 
f 1714//1226 1715//1228 1815//1366 
f 1816//1367 1817//1368 1814//1364 
f 1716//1229 1714//1226 1815//1366 
f 1716//1229 1815//1366 1818//1369 
f 1818//1369 1815//1370 1819//1371 
f 1819//1371 1815//1370 1820//1372 
f 1820//1372 1821//1373 1822//1374 
f 1821//1375 1823//1376 1822//1374 
f 1779//1318 1817//1368 1816//1367 
f 1779//1318 1777//1315 1817//1368 
f 1777//1315 1776//1313 1824//1377 
f 1776//1313 1775//1311 1824//1378 
f 1775//1311 1772//1307 1824//1379 
f 1772//1307 1770//1303 1825//1380 
f 1770//1303 1768//1300 1825//1381 
f 1821//1382 1826//1383 1823//1376 
f 1768//1300 1765//1297 1821//1382 
f 1821//1382 1827//1384 1826//1383 
f 1765//1297 1827//1384 1821//1382 
f 1765//1297 1764//1296 1827//1384 
f 1752//1278 1753//1280 1828//1385 
f 1752//1278 1828//1385 1829//1388 
f 1751//1276 1752//1278 1829//1388 
f 1829//1388 1828//1385 1830//1387 
f 1745//1268 1751//1276 1829//1388 
f 1829//1470 1830//1387 1831//1389 
f 1746//1269 1745//1268 1832//1390 
f 1829//1470 1831//1389 1833//1391 
f 1747//1271 1746//1269 1832//1392 
f 1834//1393 1835//1394 1833//1391 
f 1748//1273 1747//1271 1832//1395 
f 1836//1396 1835//1397 1834//1393 
f 1749//1274 1748//1273 1837//1398 
f 1838//1399 1839//1400 1836//1396 
f 1750//1275 1749//1274 1837//1398 
f 1750//1275 1837//1398 1806//1353 
f 1806//1353 1840//1401 1808//1355 
f 1808//1355 1840//1401 1810//1357 
f 1810//1357 1841//1402 1811//1359 
f 1841//1403 1812//1361 1811//1359 
f 1790//1331 1839//1400 1838//1399 
f 1790//1331 1788//1329 1839//1400 
f 1788//1329 1785//1325 1842//1404 
f 1785//1325 1784//1323 1842//1405 
f 1784//1323 1783//1322 1842//1406 
f 1783//1322 1781//1320 1843//1407 
f 1781//1320 1780//1319 1843//1408 
f 1841//1409 1814//1364 1812//1361 
f 1780//1319 1778//1317 1841//1409 
f 1841//1409 1816//1367 1814//1364 
f 1778//1317 1816//1367 1841//1409 
f 1778//1317 1779//1318 1816//1367 
f 1756//1285 1735//1257 1844//1410 
f 1756//1285 1844//1410 1845//1411 
f 1755//1283 1756//1285 1845//1411 
f 1845//1411 1844//1410 1846//1412 
f 1754//1281 1755//1283 1845//1413 
f 1845//1414 1846//1412 1847//1415 
f 1753//1280 1754//1281 1845//1413 
f 1753//1280 1845//1413 1828//1385 
f 1848//1416 1847//1415 1849//1417 
f 1828//1385 1850//1418 1830//1387 
f 1851//1419 1848//1420 1849//1417 
f 1830//1387 1850//1418 1831//1389 
f 1852//1421 1853//1422 1851//1419 
f 1831//1389 1854//1423 1833//1391 
f 1855//1424 1853//1425 1852//1421 
f 1854//1426 1834//1393 1833//1391 
f 1798//1343 1856//1427 1855//1424 
f 1798//1343 1794//1337 1856//1427 
f 1854//1428 1836//1396 1834//1393 
f 1794//1337 1793//1335 1856//1429 
f 1856//1429 1838//1399 1836//1396 
f 1793//1335 1791//1332 1856//1429 
f 1791//1332 1838//1399 1856//1429 
f 1791//1332 1790//1331 1838//1399 
f 1738//1261 1740//1263 1857//1430 
f 1738//1261 1857//1430 1858//1433 
f 1737//1260 1738//1261 1858//1433 
f 1858//1433 1857//1430 1859//1432 
f 1736//1258 1737//1260 1858//1433 
f 1860//1436 1859//1432 1861//1434 
f 1735//1257 1736//1258 1858//1435 
f 1735//1257 1858//1435 1844//1410 
f 1860//1436 1861//1434 1862//1437 
f 1844//1410 1858//1438 1846//1412 
f 1863//1439 1860//1440 1862//1437 
f 1846//1412 1864//1441 1847//1415 
f 1865//1442 1860//1443 1863//1439 
f 1847//1415 1864//1444 1849//1417 
f 1866//1445 1867//1449 1865//1442 
f 1864//1447 1851//1419 1849//1417 
f 1800//1345 1867//1449 1866//1445 
f 1800//1345 1799//1344 1867//1449 
f 1867//1448 1852//1421 1851//1419 
f 1799//1344 1803//1347 1867//1449 
f 1867//1450 1855//1424 1852//1421 
f 1803//1347 1804//1348 1867//1450 
f 1804//1348 1855//1424 1867//1450 
f 1804//1348 1798//1343 1855//1424 
f 1717//1230 1716//1229 1818//1369 
f 1717//1230 1818//1369 1868//1451 
f 1719//1233 1717//1230 1868//1451 
f 1868//1451 1818//1369 1819//1371 
f 1721//1237 1719//1233 1868//1452 
f 1868//1451 1819//1371 1820//1372 
f 1723//1241 1721//1237 1868//1453 
f 1869//1454 1820//1372 1822//1374 
f 1726//1245 1723//1241 1870//1455 
f 1823//1376 1869//1456 1822//1374 
f 1729//1249 1726//1245 1870//1457 
f 1826//1383 1869//1458 1823//1376 
f 1739//1262 1729//1249 1871//1459 
f 1827//1384 1872//1460 1826//1383 
f 1740//1263 1739//1262 1871//1459 
f 1740//1263 1871//1459 1857//1430 
f 1857//1430 1871//1461 1859//1432 
f 1859//1432 1871//1461 1861//1434 
f 1861//1434 1873//1462 1862//1437 
f 1873//1463 1863//1439 1862//1437 
f 1764//1296 1872//1460 1827//1384 
f 1764//1296 1762//1293 1872//1460 
f 1762//1293 1763//1295 1874//1464 
f 1763//1295 1767//1299 1874//1465 
f 1767//1299 1769//1302 1874//1466 
f 1769//1302 1771//1306 1875//1467 
f 1771//1306 1774//1310 1875//1468 
f 1873//1469 1865//1442 1863//1439 
f 1774//1310 1801//1346 1873//1469 
f 1873//1469 1866//1445 1865//1442 
f 1801//1346 1866//1445 1873//1469 
f 1801//1346 1800//1345 1866//1445 
f 1876//1217 1877//1218 1878//1219 
f 1879//1220 1877//1218 1876//1217 
f 1876//1217 1878//1219 1880//1221 
f 1877//1218 1881//1222 1878//1219 
f 1882//1223 1880//1221 1878//1219 
f 1879//1224 1883//1225 1877//1218 
f 1877//1218 1883//1225 1881//1222 
f 1884//1226 1879//1234 1885//1228 
f 1886//1229 1879//1234 1884//1226 
f 1886//1229 1887//1230 1879//1234 
f 1885//1228 1880//1231 1888//1232 
f 1887//1230 1889//1233 1879//1234 
f 1888//1232 1880//1235 1890//1236 
f 1889//1233 1891//1237 1879//1238 
f 1880//1239 1892//1240 1890//1236 
f 1891//1237 1893//1241 1894//1242 
f 1880//1243 1895//1244 1892//1240 
f 1893//1241 1896//1245 1894//1246 
f 1897//1247 1898//1248 1895//1244 
f 1896//1245 1899//1249 1894//1250 
f 1883//1225 1894//1251 1900//1252 
f 1883//1225 1900//1252 1881//1222 
f 1894//1251 1901//1253 1900//1252 
f 1894//1254 1902//1255 1901//1253 
f 1903//1256 1904//1257 1902//1255 
f 1903//1256 1905//1258 1904//1257 
f 1903//1259 1906//1260 1905//1258 
f 1903//1259 1907//1261 1906//1260 
f 1899//1249 1908//1262 1903//1259 
f 1908//1262 1907//1261 1903//1259 
f 1908//1262 1909//1263 1907//1261 
f 1910//1264 1878//1219 1881//1222 
f 1911//1265 1910//1264 1881//1222 
f 1912//1266 1910//1264 1911//1265 
f 1913//1267 1882//1223 1910//1264 
f 1910//1264 1882//1223 1878//1219 
f 1914//1268 1915//1269 1913//1270 
f 1915//1269 1916//1271 1913//1272 
f 1916//1271 1917//1273 1897//1247 
f 1917//1273 1918//1274 1897//1247 
f 1918//1274 1898//1248 1897//1247 
f 1918//1274 1919//1275 1898//1248 
f 1920//1276 1914//1268 1913//1277 
f 1921//1278 1920//1276 1912//1279 
f 1922//1280 1921//1278 1912//1279 
f 1922//1280 1912//1279 1923//1281 
f 1923//1281 1912//1279 1924//1283 
f 1924//1283 1912//1284 1925//1285 
f 1912//1286 1911//1265 1900//1252 
f 1911//1265 1881//1222 1900//1252 
f 1912//1286 1900//1252 1901//1253 
f 1912//1284 1901//1253 1902//1255 
f 1925//1285 1912//1284 1902//1255 
f 1925//1285 1902//1255 1904//1257 
f 1926//1287 1927//1288 1928//1289 
f 1929//1290 1926//1287 1928//1289 
f 1929//1291 1930//1292 1926//1287 
f 1926//1287 1930//1292 1927//1288 
f 1931//1293 1929//1294 1932//1295 
f 1933//1296 1929//1294 1931//1293 
f 1933//1296 1934//1297 1929//1294 
f 1932//1295 1935//1298 1936//1299 
f 1934//1297 1937//1300 1929//1294 
f 1936//1299 1938//1301 1939//1302 
f 1937//1300 1940//1303 1929//1304 
f 1938//1305 1941//1306 1939//1302 
f 1940//1303 1942//1307 1943//1308 
f 1944//1309 1945//1310 1941//1306 
f 1942//1307 1946//1311 1943//1312 
f 1946//1311 1947//1313 1943//1314 
f 1947//1313 1948//1315 1943//1316 
f 1948//1315 1949//1317 1943//1316 
f 1948//1315 1950//1318 1949//1317 
f 1943//1316 1949//1317 1951//1319 
f 1943//1316 1951//1319 1952//1320 
f 1953//1321 1952//1320 1954//1322 
f 1955//1323 1953//1324 1954//1322 
f 1956//1325 1953//1326 1955//1323 
f 1930//1292 1957//1327 1958//1328 
f 1930//1292 1958//1328 1927//1288 
f 1959//1329 1960//1330 1956//1325 
f 1961//1331 1960//1330 1959//1329 
f 1961//1331 1962//1332 1960//1330 
f 1960//1333 1963//1334 1958//1328 
f 1963//1334 1927//1288 1958//1328 
f 1962//1332 1964//1335 1960//1330 
f 1964//1335 1965//1337 1960//1338 
f 1960//1339 1966//1340 1963//1334 
f 1963//1334 1966//1340 1927//1288 
f 1960//1339 1967//1341 1966//1340 
f 1960//1338 1968//1342 1967//1341 
f 1965//1337 1968//1342 1960//1338 
f 1965//1337 1969//1343 1968//1342 
f 1970//1344 1971//1345 1972//1346 
f 1970//1344 1972//1346 1944//1309 
f 1944//1309 1972//1346 1945//1310 
f 1973//1347 1970//1344 1944//1309 
f 1974//1348 1973//1347 1944//1349 
f 1969//1343 1974//1348 1944//1350 
f 1969//1343 1944//1350 1968//1342 
f 1968//1342 1935//1351 1967//1341 
f 1967//1341 1935//1352 1966//1340 
f 1966//1340 1935//1352 1928//1289 
f 1966//1340 1928//1289 1927//1288 
f 1898//1248 1919//1275 1975//1353 
f 1898//1248 1975//1353 1976//1354 
f 1895//1244 1898//1248 1976//1354 
f 1976//1354 1975//1353 1977//1355 
f 1892//1240 1895//1244 1978//1356 
f 1976//1354 1977//1355 1979//1357 
f 1890//1236 1892//1240 1978//1358 
f 1976//1354 1979//1357 1980//1359 
f 1888//1232 1890//1236 1978//1360 
f 1981//1361 1982//1362 1980//1359 
f 1885//1228 1888//1232 1978//1363 
f 1983//1364 1982//1365 1981//1361 
f 1884//1226 1885//1228 1984//1366 
f 1985//1367 1986//1368 1983//1364 
f 1886//1229 1884//1226 1984//1366 
f 1886//1229 1984//1366 1987//1369 
f 1987//1369 1984//1366 1988//1371 
f 1988//1371 1984//1366 1989//1372 
f 1989//1372 1990//1373 1991//1374 
f 1990//1375 1992//1376 1991//1374 
f 1950//1318 1986//1368 1985//1367 
f 1950//1318 1948//1315 1986//1368 
f 1948//1315 1947//1313 1993//1377 
f 1947//1313 1946//1311 1993//1378 
f 1946//1311 1942//1307 1993//1379 
f 1942//1307 1940//1303 1994//1380 
f 1940//1303 1937//1300 1994//1381 
f 1990//1382 1995//1383 1992//1376 
f 1937//1300 1934//1297 1990//1382 
f 1990//1382 1996//1384 1995//1383 
f 1934//1297 1996//1384 1990//1382 
f 1934//1297 1933//1296 1996//1384 
f 1921//1278 1922//1280 1997//1385 
f 1921//1278 1997//1385 1998//1386 
f 1920//1276 1921//1278 1998//1386 
f 1998//1386 1997//1385 1999//1387 
f 1914//1268 1920//1276 2000//1388 
f 1998//1386 1999//1387 2001//1389 
f 1915//1269 1914//1268 2000//1390 
f 1998//1386 2001//1389 2002//1391 
f 1916//1271 1915//1269 2003//1392 
f 2004//1393 2005//1394 2002//1391 
f 1917//1273 1916//1271 2003//1395 
f 2006//1396 2005//1397 2004//1393 
f 1918//1274 1917//1273 2003//1398 
f 2007//1399 2008//1400 2006//1396 
f 1919//1275 1918//1274 2003//1398 
f 1919//1275 2003//1398 1975//1353 
f 1975//1353 2009//1401 1977//1355 
f 1977//1355 2009//1401 1979//1357 
f 1979//1357 2010//1402 1980//1359 
f 2010//1403 1981//1361 1980//1359 
f 1961//1331 2008//1400 2007//1399 
f 1961//1331 1959//1329 2008//1400 
f 1959//1329 1956//1325 2011//1404 
f 1956//1325 1955//1323 2011//1405 
f 1955//1323 1954//1322 2011//1406 
f 1954//1322 1952//1320 2012//1407 
f 1952//1320 1951//1319 2012//1408 
f 2010//1409 1983//1364 1981//1361 
f 1951//1319 1949//1317 2010//1409 
f 2010//1409 1985//1367 1983//1364 
f 1949//1317 1985//1367 2010//1409 
f 1949//1317 1950//1318 1985//1367 
f 1925//1285 1904//1257 2013//1410 
f 1925//1285 2013//1410 2014//1411 
f 1924//1283 1925//1285 2014//1411 
f 2014//1411 2013//1410 2015//1412 
f 1923//1281 1924//1283 2014//1413 
f 2014//1414 2015//1412 2016//1415 
f 1922//1280 1923//1281 2014//1413 
f 1922//1280 2014//1413 1997//1385 
f 2017//1416 2016//1415 2018//1417 
f 1997//1385 2019//1418 1999//1387 
f 2020//1419 2017//1420 2018//1417 
f 1999//1387 2019//1418 2001//1389 
f 2021//1421 2022//1422 2020//1419 
f 2001//1389 2023//1423 2002//1391 
f 2024//1424 2022//1425 2021//1421 
f 2023//1426 2004//1393 2002//1391 
f 1969//1343 2025//1427 2024//1424 
f 1969//1343 1965//1337 2025//1427 
f 2023//1428 2006//1396 2004//1393 
f 1965//1337 1964//1335 2025//1429 
f 2025//1429 2007//1399 2006//1396 
f 1964//1335 1962//1332 2025//1429 
f 1962//1332 2007//1399 2025//1429 
f 1962//1332 1961//1331 2007//1399 
f 1907//1261 1909//1263 2026//1430 
f 1907//1261 2026//1430 2027//1431 
f 1906//1260 1907//1261 2027//1431 
f 2027//1431 2026//1430 2028//1432 
f 1905//1258 1906//1260 2027//1433 
f 2027//1431 2028//1432 2029//1434 
f 1904//1257 1905//1258 2027//1435 
f 1904//1257 2027//1435 2013//1410 
f 2030//1436 2029//1434 2031//1437 
f 2013//1410 2027//1438 2015//1412 
f 2032//1439 2030//1440 2031//1437 
f 2015//1412 2033//1441 2016//1415 
f 2034//1442 2030//1443 2032//1439 
f 2016//1415 2033//1444 2018//1417 
f 2035//1445 2036//1449 2034//1442 
f 2033//1447 2020//1419 2018//1417 
f 1971//1345 2036//1449 2035//1445 
f 1971//1345 1970//1344 2036//1449 
f 2036//1448 2021//1421 2020//1419 
f 1970//1344 1973//1347 2036//1449 
f 2036//1450 2024//1424 2021//1421 
f 1973//1347 1974//1348 2036//1450 
f 1974//1348 2024//1424 2036//1450 
f 1974//1348 1969//1343 2024//1424 
f 1887//1230 1886//1229 1987//1369 
f 1887//1230 1987//1369 2037//1451 
f 1889//1233 1887//1230 2037//1451 
f 2037//1451 1987//1369 1988//1371 
f 1891//1237 1889//1233 2038//1452 
f 2037//1451 1988//1371 1989//1372 
f 1893//1241 1891//1237 2038//1453 
f 2039//1454 1989//1372 1991//1374 
f 1896//1245 1893//1241 2038//1455 
f 1992//1376 2039//1456 1991//1374 
f 1899//1249 1896//1245 2038//1457 
f 1995//1383 2039//1458 1992//1376 
f 1908//1262 1899//1249 2040//1459 
f 1996//1384 2041//1460 1995//1383 
f 1909//1263 1908//1262 2040//1459 
f 1909//1263 2040//1459 2026//1430 
f 2026//1430 2040//1461 2028//1432 
f 2028//1432 2040//1461 2029//1434 
f 2029//1434 2042//1462 2031//1437 
f 2042//1463 2032//1439 2031//1437 
f 1933//1296 2041//1460 1996//1384 
f 1933//1296 1931//1293 2041//1460 
f 1931//1293 1932//1295 2043//1464 
f 1932//1295 1936//1299 2043//1465 
f 1936//1299 1939//1302 2043//1466 
f 1939//1302 1941//1306 2044//1467 
f 1941//1306 1945//1310 2044//1468 
f 2042//1469 2034//1442 2032//1439 
f 1945//1310 1972//1346 2042//1469 
f 2042//1469 2035//1445 2034//1442 
f 1972//1346 2035//1445 2042//1469 
f 1972//1346 1971//1345 2035//1445 
f 2045//1217 2046//1218 2047//1219 
f 2048//1220 2046//1218 2045//1217 
f 2045//1217 2047//1219 2049//1221 
f 2046//1218 2050//1222 2047//1219 
f 2051//1223 2049//1221 2047//1219 
f 2048//1224 2052//1225 2046//1218 
f 2046//1218 2052//1225 2050//1222 
f 2053//1226 2048//1234 2054//1228 
f 2055//1229 2048//1234 2053//1226 
f 2055//1229 2056//1230 2048//1234 
f 2054//1228 2049//1231 2057//1232 
f 2056//1230 2058//1233 2048//1234 
f 2057//1232 2049//1235 2059//1236 
f 2058//1233 2060//1237 2048//1238 
f 2049//1239 2061//1240 2059//1236 
f 2060//1237 2062//1241 2063//1242 
f 2049//1243 2064//1244 2061//1240 
f 2062//1241 2065//1245 2063//1246 
f 2066//1247 2067//1248 2064//1244 
f 2065//1245 2068//1249 2063//1250 
f 2052//1225 2063//1251 2069//1252 
f 2052//1225 2069//1252 2050//1222 
f 2063//1251 2070//1253 2069//1252 
f 2063//1254 2071//1255 2070//1253 
f 2072//1256 2073//1257 2071//1255 
f 2072//1256 2074//1258 2073//1257 
f 2072//1259 2075//1260 2074//1258 
f 2072//1259 2076//1261 2075//1260 
f 2068//1249 2077//1262 2072//1259 
f 2077//1262 2076//1261 2072//1259 
f 2077//1262 2078//1263 2076//1261 
f 2079//1264 2047//1219 2050//1222 
f 2080//1265 2079//1264 2050//1222 
f 2081//1266 2079//1264 2080//1265 
f 2082//1267 2051//1223 2079//1264 
f 2079//1264 2051//1223 2047//1219 
f 2083//1268 2084//1269 2082//1270 
f 2084//1269 2085//1271 2082//1272 
f 2085//1271 2086//1273 2066//1247 
f 2086//1273 2087//1274 2066//1247 
f 2087//1274 2067//1248 2066//1247 
f 2087//1274 2088//1275 2067//1248 
f 2089//1276 2083//1268 2082//1277 
f 2090//1278 2089//1276 2081//1279 
f 2091//1280 2090//1278 2081//1279 
f 2091//1280 2081//1279 2092//1281 
f 2092//1281 2081//1279 2093//1283 
f 2093//1283 2081//1284 2094//1285 
f 2081//1286 2080//1265 2069//1252 
f 2080//1265 2050//1222 2069//1252 
f 2081//1286 2069//1252 2070//1253 
f 2081//1284 2070//1253 2071//1255 
f 2094//1285 2081//1284 2071//1255 
f 2094//1285 2071//1255 2073//1257 
f 2095//1287 2096//1288 2097//1289 
f 2098//1290 2095//1287 2097//1289 
f 2098//1291 2099//1292 2095//1287 
f 2095//1287 2099//1292 2096//1288 
f 2100//1293 2098//1294 2101//1295 
f 2102//1296 2098//1294 2100//1293 
f 2102//1296 2103//1297 2098//1294 
f 2101//1295 2104//1298 2105//1299 
f 2103//1297 2106//1300 2098//1294 
f 2105//1299 2104//1301 2107//1302 
f 2106//1300 2108//1303 2098//1304 
f 2104//1305 2109//1306 2107//1302 
f 2108//1303 2110//1307 2111//1308 
f 2104//1309 2112//1310 2109//1306 
f 2110//1307 2113//1311 2111//1312 
f 2113//1311 2114//1313 2111//1314 
f 2114//1313 2115//1315 2111//1316 
f 2115//1315 2116//1317 2111//1316 
f 2115//1315 2117//1318 2116//1317 
f 2111//1316 2116//1317 2118//1319 
f 2111//1316 2118//1319 2119//1320 
f 2120//1321 2119//1320 2121//1322 
f 2122//1323 2120//1324 2121//1322 
f 2123//1325 2120//1326 2122//1323 
f 2099//1292 2124//1327 2125//1328 
f 2099//1292 2125//1328 2096//1288 
f 2126//1329 2127//1330 2123//1325 
f 2128//1331 2127//1330 2126//1329 
f 2128//1331 2129//1332 2127//1330 
f 2127//1333 2130//1334 2125//1328 
f 2130//1334 2096//1288 2125//1328 
f 2129//1332 2131//1335 2127//1330 
f 2131//1335 2132//1337 2127//1338 
f 2127//1339 2133//1340 2130//1334 
f 2130//1334 2133//1340 2096//1288 
f 2127//1339 2134//1341 2133//1340 
f 2127//1338 2135//1342 2134//1341 
f 2132//1337 2135//1342 2127//1338 
f 2132//1337 2136//1343 2135//1342 
f 2137//1344 2138//1345 2139//1346 
f 2137//1344 2139//1346 2140//1349 
f 2140//1349 2139//1346 2112//1310 
f 2141//1347 2137//1344 2140//1349 
f 2142//1348 2141//1347 2140//1349 
f 2136//1343 2142//1348 2140//1350 
f 2136//1343 2140//1350 2135//1342 
f 2135//1342 2140//1351 2134//1341 
f 2134//1341 2143//1352 2133//1340 
f 2133//1340 2143//1352 2097//1289 
f 2133//1340 2097//1289 2096//1288 
f 2067//1248 2088//1275 2144//1353 
f 2067//1248 2144//1353 2145//1354 
f 2064//1244 2067//1248 2145//1354 
f 2145//1354 2144//1353 2146//1355 
f 2061//1240 2064//1244 2147//1356 
f 2145//1354 2146//1355 2148//1357 
f 2059//1236 2061//1240 2147//1358 
f 2145//1354 2148//1357 2149//1359 
f 2057//1232 2059//1236 2150//1360 
f 2151//1361 2152//1362 2149//1359 
f 2054//1228 2057//1232 2150//1363 
f 2153//1364 2152//1365 2151//1361 
f 2053//1226 2054//1228 2154//1366 
f 2155//1367 2156//1368 2153//1364 
f 2055//1229 2053//1226 2154//1366 
f 2055//1229 2154//1366 2157//1369 
f 2157//1369 2154//1370 2158//1371 
f 2158//1371 2154//1370 2159//1372 
f 2159//1372 2160//1373 2161//1374 
f 2160//1375 2162//1376 2161//1374 
f 2117//1318 2156//1368 2155//1367 
f 2117//1318 2115//1315 2156//1368 
f 2115//1315 2114//1313 2163//1377 
f 2114//1313 2113//1311 2163//1378 
f 2113//1311 2110//1307 2163//1379 
f 2110//1307 2108//1303 2164//1380 
f 2108//1303 2106//1300 2164//1381 
f 2160//1382 2165//1383 2162//1376 
f 2106//1300 2103//1297 2160//1382 
f 2160//1382 2166//1384 2165//1383 
f 2103//1297 2166//1384 2160//1382 
f 2103//1297 2102//1296 2166//1384 
f 2090//1278 2091//1280 2167//1385 
f 2090//1278 2167//1385 2168//1386 
f 2089//1276 2090//1278 2168//1386 
f 2168//1386 2167//1385 2169//1387 
f 2083//1268 2089//1276 2170//1388 
f 2168//1386 2169//1387 2171//1389 
f 2084//1269 2083//1268 2170//1390 
f 2168//1386 2171//1389 2172//1391 
f 2085//1271 2084//1269 2173//1392 
f 2174//1393 2175//1394 2172//1391 
f 2086//1273 2085//1271 2173//1395 
f 2176//1396 2175//1397 2174//1393 
f 2087//1274 2086//1273 2173//1398 
f 2177//1399 2178//1400 2176//1396 
f 2088//1275 2087//1274 2173//1398 
f 2088//1275 2173//1398 2144//1353 
f 2144//1353 2179//1401 2146//1355 
f 2146//1355 2179//1401 2148//1357 
f 2148//1357 2180//1402 2149//1359 
f 2180//1403 2151//1361 2149//1359 
f 2128//1331 2178//1400 2177//1399 
f 2128//1331 2126//1329 2178//1400 
f 2126//1329 2123//1325 2181//1404 
f 2123//1325 2122//1323 2181//1405 
f 2122//1323 2121//1322 2181//1406 
f 2121//1322 2119//1320 2182//1407 
f 2119//1320 2118//1319 2182//1408 
f 2180//1409 2153//1364 2151//1361 
f 2118//1319 2116//1317 2180//1409 
f 2180//1409 2155//1367 2153//1364 
f 2116//1317 2155//1367 2180//1409 
f 2116//1317 2117//1318 2155//1367 
f 2094//1285 2073//1257 2183//1410 
f 2094//1285 2183//1410 2184//1411 
f 2093//1283 2094//1285 2184//1411 
f 2184//1411 2183//1410 2185//1412 
f 2092//1281 2093//1283 2184//1413 
f 2184//1414 2185//1412 2186//1415 
f 2091//1280 2092//1281 2184//1413 
f 2091//1280 2184//1413 2167//1385 
f 2187//1416 2186//1415 2188//1417 
f 2167//1385 2189//1418 2169//1387 
f 2190//1419 2187//1420 2188//1417 
f 2169//1387 2189//1418 2171//1389 
f 2191//1421 2192//1422 2190//1419 
f 2171//1389 2193//1423 2172//1391 
f 2194//1424 2192//1425 2191//1421 
f 2193//1426 2174//1393 2172//1391 
f 2136//1343 2195//1427 2194//1424 
f 2136//1343 2132//1337 2195//1427 
f 2193//1428 2176//1396 2174//1393 
f 2132//1337 2131//1335 2195//1429 
f 2195//1429 2177//1399 2176//1396 
f 2131//1335 2129//1332 2195//1429 
f 2129//1332 2177//1399 2195//1429 
f 2129//1332 2128//1331 2177//1399 
f 2076//1261 2078//1263 2196//1430 
f 2076//1261 2196//1430 2197//1431 
f 2075//1260 2076//1261 2197//1431 
f 2197//1431 2196//1430 2198//1432 
f 2074//1258 2075//1260 2197//1433 
f 2197//1431 2198//1432 2199//1434 
f 2073//1257 2074//1258 2197//1435 
f 2073//1257 2197//1435 2183//1410 
f 2200//1436 2199//1434 2201//1437 
f 2183//1410 2200//1438 2185//1412 
f 2202//1439 2200//1440 2201//1437 
f 2185//1412 2200//1441 2186//1415 
f 2203//1442 2200//1443 2202//1439 
f 2186//1415 2204//1444 2188//1417 
f 2205//1445 2206//1449 2203//1442 
f 2204//1447 2190//1419 2188//1417 
f 2138//1345 2206//1449 2205//1445 
f 2138//1345 2137//1344 2206//1449 
f 2206//1448 2191//1421 2190//1419 
f 2137//1344 2141//1347 2206//1449 
f 2206//1450 2194//1424 2191//1421 
f 2141//1347 2142//1348 2206//1450 
f 2142//1348 2194//1424 2206//1450 
f 2142//1348 2136//1343 2194//1424 
f 2056//1230 2055//1229 2157//1369 
f 2056//1230 2157//1369 2207//1451 
f 2058//1233 2056//1230 2207//1451 
f 2207//1451 2157//1369 2158//1371 
f 2060//1237 2058//1233 2207//1452 
f 2207//1451 2158//1371 2159//1372 
f 2062//1241 2060//1237 2207//1453 
f 2208//1454 2159//1372 2161//1374 
f 2065//1245 2062//1241 2209//1455 
f 2162//1376 2208//1456 2161//1374 
f 2068//1249 2065//1245 2209//1457 
f 2165//1383 2208//1458 2162//1376 
f 2077//1262 2068//1249 2210//1459 
f 2166//1384 2211//1460 2165//1383 
f 2078//1263 2077//1262 2210//1459 
f 2078//1263 2210//1459 2196//1430 
f 2196//1430 2210//1461 2198//1432 
f 2198//1432 2210//1461 2199//1434 
f 2199//1434 2212//1462 2201//1437 
f 2212//1463 2202//1439 2201//1437 
f 2102//1296 2211//1460 2166//1384 
f 2102//1296 2100//1293 2211//1460 
f 2100//1293 2101//1295 2213//1464 
f 2101//1295 2105//1299 2213//1465 
f 2105//1299 2107//1302 2213//1466 
f 2107//1302 2109//1306 2214//1467 
f 2109//1306 2112//1310 2214//1468 
f 2212//1469 2203//1442 2202//1439 
f 2112//1310 2139//1346 2212//1469 
f 2212//1469 2205//1445 2203//1442 
f 2139//1346 2205//1445 2212//1469 
f 2139//1346 2138//1345 2205//1445 
f 2215//1217 2216//1218 2217//1219 
f 2218//1220 2216//1218 2215//1217 
f 2215//1217 2217//1219 2219//1221 
f 2216//1218 2220//1222 2217//1219 
f 2221//1223 2219//1221 2217//1219 
f 2218//1224 2222//1225 2216//1218 
f 2216//1218 2222//1225 2220//1222 
f 2223//1226 2218//1234 2224//1228 
f 2225//1229 2218//1234 2223//1226 
f 2225//1229 2226//1230 2218//1234 
f 2224//1228 2219//1231 2227//1232 
f 2226//1230 2228//1233 2218//1234 
f 2227//1232 2219//1235 2229//1236 
f 2228//1233 2230//1237 2218//1238 
f 2219//1239 2231//1240 2229//1236 
f 2230//1237 2232//1241 2233//1242 
f 2219//1243 2234//1244 2231//1240 
f 2232//1241 2235//1245 2233//1246 
f 2236//1247 2237//1248 2234//1244 
f 2235//1245 2238//1249 2239//1250 
f 2222//1225 2240//1251 2241//1252 
f 2222//1225 2241//1252 2220//1222 
f 2240//1251 2242//1253 2241//1252 
f 2240//1254 2243//1255 2242//1253 
f 2240//1256 2244//1257 2243//1255 
f 2240//1256 2245//1258 2244//1257 
f 2240//1259 2246//1260 2245//1258 
f 2239//1250 2247//1261 2246//1260 
f 2238//1249 2248//1262 2239//1250 
f 2248//1262 2247//1261 2239//1250 
f 2248//1262 2249//1263 2247//1261 
f 2250//1264 2217//1219 2220//1222 
f 2251//1265 2250//1264 2220//1222 
f 2252//1266 2250//1264 2251//1265 
f 2253//1267 2221//1223 2250//1264 
f 2250//1264 2221//1223 2217//1219 
f 2254//1268 2255//1269 2253//1270 
f 2255//1269 2256//1271 2253//1272 
f 2256//1271 2257//1273 2236//1247 
f 2257//1273 2258//1274 2236//1247 
f 2258//1274 2237//1248 2236//1247 
f 2258//1274 2259//1275 2237//1248 
f 2260//1276 2254//1268 2253//1277 
f 2261//1278 2260//1276 2252//1279 
f 2262//1280 2261//1278 2252//1279 
f 2262//1280 2252//1279 2263//1281 
f 2263//1281 2252//1279 2264//1283 
f 2264//1283 2252//1284 2265//1285 
f 2252//1286 2251//1265 2241//1252 
f 2251//1265 2220//1222 2241//1252 
f 2252//1286 2241//1252 2242//1253 
f 2252//1284 2242//1253 2243//1255 
f 2265//1285 2252//1284 2243//1255 
f 2265//1285 2243//1255 2244//1257 
f 2266//1287 2267//1288 2268//1289 
f 2269//1290 2266//1287 2268//1289 
f 2269//1291 2270//1292 2266//1287 
f 2266//1287 2270//1292 2267//1288 
f 2271//1293 2269//1294 2272//1295 
f 2273//1296 2269//1294 2271//1293 
f 2273//1296 2274//1297 2269//1294 
f 2272//1295 2275//1298 2276//1299 
f 2274//1297 2277//1300 2269//1294 
f 2276//1299 2275//1301 2278//1302 
f 2277//1300 2279//1303 2269//1304 
f 2275//1305 2280//1306 2278//1302 
f 2279//1303 2281//1307 2282//1308 
f 2275//1309 2283//1310 2280//1306 
f 2281//1307 2284//1311 2282//1312 
f 2284//1311 2285//1313 2282//1314 
f 2285//1313 2286//1315 2282//1316 
f 2286//1315 2287//1317 2282//1316 
f 2286//1315 2288//1318 2287//1317 
f 2282//1316 2287//1317 2289//1319 
f 2282//1316 2289//1319 2290//1320 
f 2291//1321 2290//1320 2292//1322 
f 2293//1323 2291//1324 2292//1322 
f 2294//1325 2291//1326 2293//1323 
f 2270//1292 2295//1327 2296//1328 
f 2270//1292 2296//1328 2267//1288 
f 2297//1329 2298//1330 2294//1325 
f 2299//1331 2298//1330 2297//1329 
f 2299//1331 2300//1332 2298//1330 
f 2298//1333 2301//1334 2296//1328 
f 2301//1334 2267//1288 2296//1328 
f 2300//1332 2302//1335 2298//1330 
f 2302//1335 2303//1337 2298//1338 
f 2298//1339 2304//1340 2301//1334 
f 2301//1334 2304//1340 2267//1288 
f 2298//1339 2305//1341 2304//1340 
f 2298//1338 2306//1342 2305//1341 
f 2303//1337 2306//1342 2298//1338 
f 2303//1337 2307//1343 2306//1342 
f 2308//1344 2309//1345 2310//1346 
f 2308//1344 2310//1346 2311//1349 
f 2311//1349 2310//1346 2283//1310 
f 2312//1347 2308//1344 2311//1349 
f 2313//1348 2312//1347 2311//1349 
f 2307//1343 2313//1348 2311//1350 
f 2307//1343 2311//1350 2306//1342 
f 2306//1342 2311//1351 2305//1341 
f 2305//1341 2314//1352 2304//1340 
f 2304//1340 2314//1352 2268//1289 
f 2304//1340 2268//1289 2267//1288 
f 2237//1248 2259//1275 2315//1353 
f 2237//1248 2315//1353 2316//1354 
f 2234//1244 2237//1248 2316//1354 
f 2316//1354 2315//1353 2317//1355 
f 2231//1240 2234//1244 2318//1356 
f 2316//1354 2317//1355 2319//1357 
f 2229//1236 2231//1240 2318//1358 
f 2316//1354 2319//1357 2320//1359 
f 2227//1232 2229//1236 2318//1360 
f 2321//1361 2322//1362 2320//1359 
f 2224//1228 2227//1232 2318//1363 
f 2323//1364 2322//1365 2321//1361 
f 2223//1226 2224//1228 2324//1366 
f 2325//1367 2326//1368 2323//1364 
f 2225//1229 2223//1226 2324//1366 
f 2225//1229 2324//1366 2327//1369 
f 2327//1369 2324//1370 2328//1371 
f 2328//1371 2324//1370 2329//1372 
f 2329//1372 2330//1373 2331//1374 
f 2330//1375 2332//1376 2331//1374 
f 2288//1318 2326//1368 2325//1367 
f 2288//1318 2286//1315 2326//1368 
f 2286//1315 2285//1313 2333//1377 
f 2285//1313 2284//1311 2333//1378 
f 2284//1311 2281//1307 2333//1379 
f 2281//1307 2279//1303 2334//1380 
f 2279//1303 2277//1300 2334//1381 
f 2330//1382 2335//1383 2332//1376 
f 2277//1300 2274//1297 2330//1382 
f 2330//1382 2336//1384 2335//1383 
f 2274//1297 2336//1384 2330//1382 
f 2274//1297 2273//1296 2336//1384 
f 2261//1278 2262//1280 2337//1385 
f 2261//1278 2337//1385 2338//1386 
f 2260//1276 2261//1278 2338//1386 
f 2338//1386 2337//1385 2339//1387 
f 2254//1268 2260//1276 2340//1388 
f 2338//1386 2339//1387 2341//1389 
f 2255//1269 2254//1268 2340//1390 
f 2338//1386 2341//1389 2342//1391 
f 2256//1271 2255//1269 2343//1392 
f 2344//1393 2345//1394 2342//1391 
f 2257//1273 2256//1271 2343//1395 
f 2346//1396 2345//1397 2344//1393 
f 2258//1274 2257//1273 2343//1398 
f 2347//1399 2348//1400 2346//1396 
f 2259//1275 2258//1274 2343//1398 
f 2259//1275 2343//1398 2315//1353 
f 2315//1353 2349//1401 2317//1355 
f 2317//1355 2349//1401 2319//1357 
f 2319//1357 2350//1402 2320//1359 
f 2350//1403 2321//1361 2320//1359 
f 2299//1331 2348//1400 2347//1399 
f 2299//1331 2297//1329 2348//1400 
f 2297//1329 2294//1325 2351//1404 
f 2294//1325 2293//1323 2351//1405 
f 2293//1323 2292//1322 2351//1406 
f 2292//1322 2290//1320 2352//1407 
f 2290//1320 2289//1319 2352//1408 
f 2350//1409 2323//1364 2321//1361 
f 2289//1319 2287//1317 2350//1409 
f 2350//1409 2325//1367 2323//1364 
f 2287//1317 2325//1367 2350//1409 
f 2287//1317 2288//1318 2325//1367 
f 2265//1285 2244//1257 2353//1410 
f 2265//1285 2353//1410 2354//1411 
f 2264//1283 2265//1285 2354//1411 
f 2354//1411 2353//1410 2355//1412 
f 2263//1281 2264//1283 2354//1413 
f 2354//1414 2355//1412 2356//1415 
f 2262//1280 2263//1281 2354//1413 
f 2262//1280 2354//1413 2337//1385 
f 2357//1416 2356//1415 2358//1417 
f 2337//1385 2359//1418 2339//1387 
f 2360//1419 2357//1420 2358//1417 
f 2339//1387 2359//1418 2341//1389 
f 2361//1421 2362//1422 2360//1419 
f 2341//1389 2363//1423 2342//1391 
f 2364//1424 2362//1425 2361//1421 
f 2363//1426 2344//1393 2342//1391 
f 2307//1343 2365//1427 2364//1424 
f 2307//1343 2303//1337 2365//1427 
f 2363//1428 2346//1396 2344//1393 
f 2303//1337 2302//1335 2365//1429 
f 2365//1429 2347//1399 2346//1396 
f 2302//1335 2300//1332 2365//1429 
f 2300//1332 2347//1399 2365//1429 
f 2300//1332 2299//1331 2347//1399 
f 2247//1261 2249//1263 2366//1430 
f 2247//1261 2366//1430 2367//1431 
f 2246//1260 2247//1261 2367//1431 
f 2367//1431 2366//1430 2368//1432 
f 2245//1258 2246//1260 2367//1433 
f 2367//1431 2368//1432 2369//1434 
f 2244//1257 2245//1258 2367//1435 
f 2244//1257 2367//1435 2353//1410 
f 2370//1436 2369//1434 2371//1437 
f 2353//1410 2370//1438 2355//1412 
f 2372//1439 2370//1440 2371//1437 
f 2355//1412 2370//1441 2356//1415 
f 2373//1442 2370//1443 2372//1439 
f 2356//1415 2374//1444 2358//1417 
f 2375//1445 2376//1449 2373//1442 
f 2374//1447 2360//1419 2358//1417 
f 2309//1345 2376//1449 2375//1445 
f 2309//1345 2308//1344 2376//1449 
f 2376//1448 2361//1421 2360//1419 
f 2308//1344 2312//1347 2376//1449 
f 2376//1450 2364//1424 2361//1421 
f 2312//1347 2313//1348 2376//1450 
f 2313//1348 2364//1424 2376//1450 
f 2313//1348 2307//1343 2364//1424 
f 2226//1230 2225//1229 2327//1369 
f 2226//1230 2327//1369 2377//1451 
f 2228//1233 2226//1230 2377//1451 
f 2377//1451 2327//1369 2328//1371 
f 2230//1237 2228//1233 2377//1452 
f 2377//1451 2328//1371 2329//1372 
f 2232//1241 2230//1237 2377//1453 
f 2378//1454 2329//1372 2331//1374 
f 2235//1245 2232//1241 2379//1455 
f 2332//1376 2378//1456 2331//1374 
f 2238//1249 2235//1245 2379//1457 
f 2335//1383 2378//1458 2332//1376 
f 2248//1262 2238//1249 2380//1459 
f 2336//1384 2381//1460 2335//1383 
f 2249//1263 2248//1262 2380//1459 
f 2249//1263 2380//1459 2366//1430 
f 2366//1430 2380//1459 2368//1432 
f 2368//1432 2380//1459 2369//1434 
f 2369//1434 2382//1462 2371//1437 
f 2382//1463 2372//1439 2371//1437 
f 2273//1296 2381//1460 2336//1384 
f 2273//1296 2271//1293 2381//1460 
f 2271//1293 2272//1295 2383//1464 
f 2272//1295 2276//1299 2383//1465 
f 2276//1299 2278//1302 2383//1466 
f 2278//1302 2280//1306 2384//1467 
f 2280//1306 2283//1310 2384//1468 
f 2382//1469 2373//1442 2372//1439 
f 2283//1310 2310//1346 2382//1469 
f 2382//1469 2375//1445 2373//1442 
f 2310//1346 2375//1445 2382//1469 
f 2310//1346 2309//1345 2375//1445 
f 2385//1217 2386//1218 2387//1219 
f 2388//1220 2386//1218 2385//1217 
f 2385//1217 2387//1219 2389//1221 
f 2386//1218 2390//1222 2387//1219 
f 2391//1223 2389//1221 2387//1219 
f 2388//1224 2392//1225 2386//1218 
f 2386//1218 2392//1225 2390//1222 
f 2393//1226 2388//1234 2394//1228 
f 2395//1229 2388//1234 2393//1226 
f 2395//1229 2396//1230 2388//1234 
f 2394//1228 2389//1231 2397//1232 
f 2396//1230 2398//1233 2388//1234 
f 2397//1232 2389//1235 2399//1236 
f 2398//1233 2400//1237 2388//1238 
f 2389//1239 2401//1240 2399//1236 
f 2400//1237 2402//1241 2403//1242 
f 2389//1243 2404//1244 2401//1240 
f 2402//1241 2405//1245 2403//1246 
f 2406//1247 2407//1248 2404//1244 
f 2405//1245 2408//1249 2409//1250 
f 2392//1225 2410//1251 2411//1252 
f 2392//1225 2411//1252 2390//1222 
f 2410//1251 2412//1253 2411//1252 
f 2410//1254 2413//1255 2412//1253 
f 2410//1256 2414//1257 2413//1255 
f 2410//1256 2415//1258 2414//1257 
f 2410//1259 2416//1260 2415//1258 
f 2409//1250 2417//1261 2416//1260 
f 2408//1249 2418//1262 2409//1250 
f 2418//1262 2417//1261 2409//1250 
f 2418//1262 2419//1263 2417//1261 
f 2420//1264 2387//1219 2390//1222 
f 2421//1265 2420//1264 2390//1222 
f 2422//1266 2420//1264 2421//1265 
f 2423//1267 2391//1223 2420//1264 
f 2420//1264 2391//1223 2387//1219 
f 2424//1268 2425//1269 2423//1270 
f 2425//1269 2426//1271 2423//1272 
f 2426//1271 2427//1273 2406//1247 
f 2427//1273 2428//1274 2406//1247 
f 2428//1274 2407//1248 2406//1247 
f 2428//1274 2429//1275 2407//1248 
f 2430//1276 2424//1268 2423//1277 
f 2431//1278 2430//1276 2422//1279 
f 2432//1280 2431//1278 2422//1279 
f 2432//1280 2422//1279 2433//1281 
f 2433//1281 2422//1279 2434//1283 
f 2434//1283 2422//1284 2435//1285 
f 2422//1286 2421//1265 2411//1252 
f 2421//1265 2390//1222 2411//1252 
f 2422//1286 2411//1252 2412//1253 
f 2422//1284 2412//1253 2413//1255 
f 2435//1285 2422//1284 2413//1255 
f 2435//1285 2413//1255 2414//1257 
f 2436//1287 2437//1288 2438//1289 
f 2439//1290 2436//1287 2438//1289 
f 2439//1291 2440//1292 2436//1287 
f 2436//1287 2440//1292 2437//1288 
f 2441//1293 2439//1294 2442//1295 
f 2443//1296 2439//1294 2441//1293 
f 2443//1296 2444//1297 2439//1294 
f 2442//1295 2445//1298 2446//1299 
f 2444//1297 2447//1300 2439//1294 
f 2446//1299 2448//1301 2449//1302 
f 2447//1300 2450//1303 2439//1304 
f 2448//1305 2451//1306 2449//1302 
f 2450//1303 2452//1307 2453//1308 
f 2454//1309 2455//1310 2451//1306 
f 2452//1307 2456//1311 2453//1312 
f 2456//1311 2457//1313 2453//1314 
f 2457//1313 2458//1315 2453//1316 
f 2458//1315 2459//1317 2453//1316 
f 2458//1315 2460//1318 2459//1317 
f 2453//1316 2459//1317 2461//1319 
f 2453//1316 2461//1319 2462//1320 
f 2463//1321 2462//1320 2464//1322 
f 2465//1323 2463//1324 2464//1322 
f 2466//1325 2463//1326 2465//1323 
f 2440//1292 2467//1327 2468//1328 
f 2440//1292 2468//1328 2437//1288 
f 2469//1329 2470//1330 2466//1325 
f 2471//1331 2470//1330 2469//1329 
f 2471//1331 2472//1332 2470//1330 
f 2470//1333 2473//1334 2468//1328 
f 2473//1334 2437//1288 2468//1328 
f 2472//1332 2474//1335 2470//1330 
f 2474//1335 2475//1337 2470//1338 
f 2470//1339 2476//1340 2473//1334 
f 2473//1334 2476//1340 2437//1288 
f 2470//1339 2477//1341 2476//1340 
f 2470//1338 2478//1342 2477//1341 
f 2475//1337 2478//1342 2470//1338 
f 2475//1337 2479//1343 2478//1342 
f 2480//1344 2481//1345 2482//1346 
f 2480//1344 2482//1346 2454//1309 
f 2454//1309 2482//1346 2455//1310 
f 2483//1347 2480//1344 2454//1309 
f 2484//1348 2483//1347 2454//1349 
f 2479//1343 2484//1348 2454//1350 
f 2479//1343 2454//1350 2478//1342 
f 2478//1342 2445//1351 2477//1341 
f 2477//1341 2445//1352 2476//1340 
f 2476//1340 2445//1352 2438//1289 
f 2476//1340 2438//1289 2437//1288 
f 2407//1248 2429//1275 2485//1353 
f 2407//1248 2485//1353 2486//1354 
f 2404//1244 2407//1248 2486//1354 
f 2486//1354 2485//1353 2487//1355 
f 2401//1240 2404//1244 2488//1356 
f 2486//1354 2487//1355 2489//1357 
f 2399//1236 2401//1240 2488//1358 
f 2486//1354 2489//1357 2490//1359 
f 2397//1232 2399//1236 2488//1360 
f 2491//1361 2492//1362 2490//1359 
f 2394//1228 2397//1232 2488//1363 
f 2493//1364 2492//1365 2491//1361 
f 2393//1226 2394//1228 2494//1366 
f 2495//1367 2496//1368 2493//1364 
f 2395//1229 2393//1226 2494//1366 
f 2395//1229 2494//1366 2497//1369 
f 2497//1369 2494//1366 2498//1371 
f 2498//1371 2494//1366 2499//1372 
f 2499//1372 2500//1373 2501//1374 
f 2500//1375 2502//1376 2501//1374 
f 2460//1318 2496//1368 2495//1367 
f 2460//1318 2458//1315 2496//1368 
f 2458//1315 2457//1313 2503//1377 
f 2457//1313 2456//1311 2503//1378 
f 2456//1311 2452//1307 2503//1379 
f 2452//1307 2450//1303 2504//1380 
f 2450//1303 2447//1300 2504//1381 
f 2500//1382 2505//1383 2502//1376 
f 2447//1300 2444//1297 2500//1382 
f 2500//1382 2506//1384 2505//1383 
f 2444//1297 2506//1384 2500//1382 
f 2444//1297 2443//1296 2506//1384 
f 2431//1278 2432//1280 2507//1385 
f 2431//1278 2507//1385 2508//1386 
f 2430//1276 2431//1278 2508//1386 
f 2508//1386 2507//1385 2509//1387 
f 2424//1268 2430//1276 2510//1388 
f 2508//1386 2509//1387 2511//1389 
f 2425//1269 2424//1268 2510//1390 
f 2508//1386 2511//1389 2512//1391 
f 2426//1271 2425//1269 2513//1392 
f 2514//1393 2515//1394 2512//1391 
f 2427//1273 2426//1271 2513//1395 
f 2516//1396 2515//1397 2514//1393 
f 2428//1274 2427//1273 2513//1398 
f 2517//1399 2518//1400 2516//1396 
f 2429//1275 2428//1274 2513//1398 
f 2429//1275 2513//1398 2485//1353 
f 2485//1353 2519//1401 2487//1355 
f 2487//1355 2519//1401 2489//1357 
f 2489//1357 2520//1402 2490//1359 
f 2520//1403 2491//1361 2490//1359 
f 2471//1331 2518//1400 2517//1399 
f 2471//1331 2469//1329 2518//1400 
f 2469//1329 2466//1325 2521//1404 
f 2466//1325 2465//1323 2521//1405 
f 2465//1323 2464//1322 2521//1406 
f 2464//1322 2462//1320 2522//1407 
f 2462//1320 2461//1319 2522//1408 
f 2520//1409 2493//1364 2491//1361 
f 2461//1319 2459//1317 2520//1409 
f 2520//1409 2495//1367 2493//1364 
f 2459//1317 2495//1367 2520//1409 
f 2459//1317 2460//1318 2495//1367 
f 2435//1285 2414//1257 2523//1410 
f 2435//1285 2523//1410 2524//1411 
f 2434//1283 2435//1285 2524//1411 
f 2524//1411 2523//1410 2525//1412 
f 2433//1281 2434//1283 2524//1413 
f 2524//1414 2525//1412 2526//1415 
f 2432//1280 2433//1281 2524//1413 
f 2432//1280 2524//1413 2507//1385 
f 2527//1416 2526//1415 2528//1417 
f 2507//1385 2529//1418 2509//1387 
f 2530//1419 2527//1420 2528//1417 
f 2509//1387 2529//1418 2511//1389 
f 2531//1421 2532//1422 2530//1419 
f 2511//1389 2533//1423 2512//1391 
f 2534//1424 2532//1425 2531//1421 
f 2533//1426 2514//1393 2512//1391 
f 2479//1343 2535//1427 2534//1424 
f 2479//1343 2475//1337 2535//1427 
f 2533//1428 2516//1396 2514//1393 
f 2475//1337 2474//1335 2535//1429 
f 2535//1429 2517//1399 2516//1396 
f 2474//1335 2472//1332 2535//1429 
f 2472//1332 2517//1399 2535//1429 
f 2472//1332 2471//1331 2517//1399 
f 2417//1261 2419//1263 2536//1430 
f 2417//1261 2536//1430 2537//1431 
f 2416//1260 2417//1261 2537//1431 
f 2537//1431 2536//1430 2538//1432 
f 2415//1258 2416//1260 2537//1433 
f 2537//1431 2538//1432 2539//1434 
f 2414//1257 2415//1258 2537//1435 
f 2414//1257 2537//1435 2523//1410 
f 2540//1436 2539//1434 2541//1437 
f 2523//1410 2540//1438 2525//1412 
f 2542//1439 2540//1440 2541//1437 
f 2525//1412 2540//1441 2526//1415 
f 2543//1442 2540//1443 2542//1439 
f 2526//1415 2544//1444 2528//1417 
f 2545//1445 2546//1449 2543//1442 
f 2544//1447 2530//1419 2528//1417 
f 2481//1345 2546//1449 2545//1445 
f 2481//1345 2480//1344 2546//1449 
f 2546//1448 2531//1421 2530//1419 
f 2480//1344 2483//1347 2546//1449 
f 2546//1450 2534//1424 2531//1421 
f 2483//1347 2484//1348 2546//1450 
f 2484//1348 2534//1424 2546//1450 
f 2484//1348 2479//1343 2534//1424 
f 2396//1230 2395//1229 2497//1369 
f 2396//1230 2497//1369 2547//1451 
f 2398//1233 2396//1230 2547//1451 
f 2547//1451 2497//1369 2498//1371 
f 2400//1237 2398//1233 2547//1452 
f 2547//1451 2498//1371 2499//1372 
f 2402//1241 2400//1237 2547//1453 
f 2548//1454 2499//1372 2501//1374 
f 2405//1245 2402//1241 2549//1455 
f 2502//1376 2548//1456 2501//1374 
f 2408//1249 2405//1245 2549//1457 
f 2505//1383 2548//1458 2502//1376 
f 2418//1262 2408//1249 2550//1459 
f 2506//1384 2551//1460 2505//1383 
f 2419//1263 2418//1262 2550//1459 
f 2419//1263 2550//1459 2536//1430 
f 2536//1430 2550//1461 2538//1432 
f 2538//1432 2550//1461 2539//1434 
f 2539//1434 2552//1462 2541//1437 
f 2552//1463 2542//1439 2541//1437 
f 2443//1296 2551//1460 2506//1384 
f 2443//1296 2441//1293 2551//1460 
f 2441//1293 2442//1295 2553//1464 
f 2442//1295 2446//1299 2553//1465 
f 2446//1299 2449//1302 2553//1466 
f 2449//1302 2451//1306 2554//1467 
f 2451//1306 2455//1310 2554//1468 
f 2552//1469 2543//1442 2542//1439 
f 2455//1310 2482//1346 2552//1469 
f 2552//1469 2545//1445 2543//1442 
f 2482//1346 2545//1445 2552//1469 
f 2482//1346 2481//1345 2545//1445 
f 2555//1217 2556//1218 2557//1219 
f 2558//1220 2556//1218 2555//1217 
f 2555//1217 2557//1219 2559//1221 
f 2556//1218 2560//1222 2557//1219 
f 2561//1223 2559//1221 2557//1219 
f 2558//1224 2562//1225 2556//1218 
f 2556//1218 2562//1225 2560//1222 
f 2563//1226 2558//1234 2564//1228 
f 2565//1229 2558//1234 2563//1226 
f 2565//1229 2566//1230 2558//1234 
f 2564//1228 2559//1231 2567//1232 
f 2566//1230 2568//1233 2558//1234 
f 2567//1232 2559//1235 2569//1236 
f 2568//1233 2570//1237 2558//1238 
f 2559//1239 2571//1240 2569//1236 
f 2570//1237 2572//1241 2573//1242 
f 2559//1243 2574//1244 2571//1240 
f 2572//1241 2575//1245 2573//1246 
f 2576//1247 2577//1248 2574//1244 
f 2575//1245 2578//1249 2573//1250 
f 2562//1225 2573//1251 2579//1252 
f 2562//1225 2579//1252 2560//1222 
f 2573//1251 2580//1253 2579//1252 
f 2573//1254 2581//1255 2580//1253 
f 2582//1256 2583//1257 2581//1255 
f 2582//1256 2584//1258 2583//1257 
f 2582//1259 2585//1260 2584//1258 
f 2582//1259 2586//1261 2585//1260 
f 2578//1249 2587//1262 2582//1259 
f 2587//1262 2586//1261 2582//1259 
f 2587//1262 2588//1263 2586//1261 
f 2589//1264 2557//1219 2560//1222 
f 2590//1265 2589//1264 2560//1222 
f 2591//1266 2589//1264 2590//1265 
f 2592//1267 2561//1223 2589//1264 
f 2589//1264 2561//1223 2557//1219 
f 2593//1268 2594//1269 2592//1270 
f 2594//1269 2595//1271 2592//1272 
f 2595//1271 2596//1273 2576//1247 
f 2596//1273 2597//1274 2576//1247 
f 2597//1274 2577//1248 2576//1247 
f 2597//1274 2598//1275 2577//1248 
f 2599//1276 2593//1268 2592//1277 
f 2600//1278 2599//1276 2591//1279 
f 2601//1280 2600//1278 2591//1279 
f 2601//1280 2591//1279 2602//1281 
f 2602//1281 2591//1279 2603//1283 
f 2603//1283 2591//1284 2604//1285 
f 2591//1286 2590//1265 2579//1252 
f 2590//1265 2560//1222 2579//1252 
f 2591//1286 2579//1252 2580//1253 
f 2591//1284 2580//1253 2581//1255 
f 2604//1285 2591//1284 2581//1255 
f 2604//1285 2581//1255 2583//1257 
f 2605//1287 2606//1288 2607//1289 
f 2608//1290 2605//1287 2607//1289 
f 2608//1291 2609//1292 2605//1287 
f 2605//1287 2609//1292 2606//1288 
f 2610//1293 2608//1294 2611//1295 
f 2612//1296 2608//1294 2610//1293 
f 2612//1296 2613//1297 2608//1294 
f 2611//1295 2614//1298 2615//1299 
f 2613//1297 2616//1300 2608//1294 
f 2615//1299 2617//1301 2618//1302 
f 2616//1300 2619//1303 2608//1304 
f 2617//1305 2620//1306 2618//1302 
f 2619//1303 2621//1307 2622//1308 
f 2623//1309 2624//1310 2620//1306 
f 2621//1307 2625//1311 2622//1312 
f 2625//1311 2626//1313 2622//1314 
f 2626//1313 2627//1315 2622//1316 
f 2627//1315 2628//1317 2622//1316 
f 2627//1315 2629//1318 2628//1317 
f 2622//1316 2628//1317 2630//1319 
f 2622//1316 2630//1319 2631//1320 
f 2632//1321 2631//1320 2633//1322 
f 2634//1323 2632//1324 2633//1322 
f 2635//1325 2632//1326 2634//1323 
f 2609//1292 2636//1327 2637//1328 
f 2609//1292 2637//1328 2606//1288 
f 2638//1329 2639//1330 2635//1325 
f 2640//1331 2639//1330 2638//1329 
f 2640//1331 2641//1332 2639//1330 
f 2639//1333 2642//1334 2637//1328 
f 2642//1334 2606//1288 2637//1328 
f 2641//1332 2643//1335 2639//1330 
f 2643//1335 2644//1337 2639//1338 
f 2639//1339 2645//1340 2642//1334 
f 2642//1334 2645//1340 2606//1288 
f 2639//1339 2646//1341 2645//1340 
f 2639//1338 2647//1342 2646//1341 
f 2644//1337 2647//1342 2639//1338 
f 2644//1337 2648//1343 2647//1342 
f 2649//1344 2650//1345 2651//1346 
f 2649//1344 2651//1346 2623//1309 
f 2623//1309 2651//1346 2624//1310 
f 2652//1347 2649//1344 2623//1309 
f 2653//1348 2652//1347 2623//1349 
f 2648//1343 2653//1348 2623//1350 
f 2648//1343 2623//1350 2647//1342 
f 2647//1342 2614//1351 2646//1341 
f 2646//1341 2614//1352 2645//1340 
f 2645//1340 2614//1352 2607//1289 
f 2645//1340 2607//1289 2606//1288 
f 2577//1248 2598//1275 2654//1353 
f 2577//1248 2654//1353 2655//1354 
f 2574//1244 2577//1248 2655//1354 
f 2655//1354 2654//1353 2656//1355 
f 2571//1240 2574//1244 2657//1356 
f 2655//1354 2656//1355 2658//1357 
f 2569//1236 2571//1240 2657//1358 
f 2655//1354 2658//1357 2659//1359 
f 2567//1232 2569//1236 2657//1360 
f 2660//1361 2661//1362 2659//1359 
f 2564//1228 2567//1232 2657//1363 
f 2662//1364 2661//1365 2660//1361 
f 2563//1226 2564//1228 2663//1366 
f 2664//1367 2665//1368 2662//1364 
f 2565//1229 2563//1226 2663//1366 
f 2565//1229 2663//1366 2666//1369 
f 2666//1369 2663//1370 2667//1371 
f 2667//1371 2663//1370 2668//1372 
f 2668//1372 2669//1373 2670//1374 
f 2669//1375 2671//1376 2670//1374 
f 2629//1318 2665//1368 2664//1367 
f 2629//1318 2627//1315 2665//1368 
f 2627//1315 2626//1313 2672//1377 
f 2626//1313 2625//1311 2672//1378 
f 2625//1311 2621//1307 2672//1379 
f 2621//1307 2619//1303 2673//1380 
f 2619//1303 2616//1300 2673//1381 
f 2669//1382 2674//1383 2671//1376 
f 2616//1300 2613//1297 2669//1382 
f 2669//1382 2675//1384 2674//1383 
f 2613//1297 2675//1384 2669//1382 
f 2613//1297 2612//1296 2675//1384 
f 2600//1278 2601//1280 2676//1385 
f 2600//1278 2676//1385 2677//1386 
f 2599//1276 2600//1278 2677//1386 
f 2677//1386 2676//1385 2678//1387 
f 2593//1268 2599//1276 2679//1388 
f 2677//1386 2678//1387 2680//1389 
f 2594//1269 2593//1268 2679//1390 
f 2677//1386 2680//1389 2681//1391 
f 2595//1271 2594//1269 2682//1392 
f 2683//1393 2684//1394 2681//1391 
f 2596//1273 2595//1271 2682//1395 
f 2685//1396 2684//1397 2683//1393 
f 2597//1274 2596//1273 2682//1398 
f 2686//1399 2687//1400 2685//1396 
f 2598//1275 2597//1274 2682//1398 
f 2598//1275 2682//1398 2654//1353 
f 2654//1353 2688//1401 2656//1355 
f 2656//1355 2688//1401 2658//1357 
f 2658//1357 2689//1402 2659//1359 
f 2689//1403 2660//1361 2659//1359 
f 2640//1331 2687//1400 2686//1399 
f 2640//1331 2638//1329 2687//1400 
f 2638//1329 2635//1325 2690//1404 
f 2635//1325 2634//1323 2690//1405 
f 2634//1323 2633//1322 2690//1406 
f 2633//1322 2631//1320 2691//1407 
f 2631//1320 2630//1319 2691//1408 
f 2689//1409 2662//1364 2660//1361 
f 2630//1319 2628//1317 2689//1409 
f 2689//1409 2664//1367 2662//1364 
f 2628//1317 2664//1367 2689//1409 
f 2628//1317 2629//1318 2664//1367 
f 2604//1285 2583//1257 2692//1410 
f 2604//1285 2692//1410 2693//1411 
f 2603//1283 2604//1285 2693//1411 
f 2693//1411 2692//1410 2694//1412 
f 2602//1281 2603//1283 2693//1413 
f 2693//1414 2694//1412 2695//1415 
f 2601//1280 2602//1281 2693//1413 
f 2601//1280 2693//1413 2676//1385 
f 2696//1416 2695//1415 2697//1417 
f 2676//1385 2698//1418 2678//1387 
f 2699//1419 2696//1420 2697//1417 
f 2678//1387 2698//1418 2680//1389 
f 2700//1421 2701//1422 2699//1419 
f 2680//1389 2702//1423 2681//1391 
f 2703//1424 2701//1425 2700//1421 
f 2702//1426 2683//1393 2681//1391 
f 2648//1343 2704//1427 2703//1424 
f 2648//1343 2644//1337 2704//1427 
f 2702//1428 2685//1396 2683//1393 
f 2644//1337 2643//1335 2704//1429 
f 2704//1429 2686//1399 2685//1396 
f 2643//1335 2641//1332 2704//1429 
f 2641//1332 2686//1399 2704//1429 
f 2641//1332 2640//1331 2686//1399 
f 2586//1261 2588//1263 2705//1430 
f 2586//1261 2705//1430 2706//1431 
f 2585//1260 2586//1261 2706//1431 
f 2706//1431 2705//1430 2707//1432 
f 2584//1258 2585//1260 2706//1433 
f 2706//1431 2707//1432 2708//1434 
f 2583//1257 2584//1258 2706//1435 
f 2583//1257 2706//1435 2692//1410 
f 2709//1436 2708//1434 2710//1437 
f 2692//1410 2706//1438 2694//1412 
f 2711//1439 2709//1440 2710//1437 
f 2694//1412 2712//1441 2695//1415 
f 2713//1442 2709//1443 2711//1439 
f 2695//1415 2712//1444 2697//1417 
f 2714//1445 2715//1449 2713//1442 
f 2712//1447 2699//1419 2697//1417 
f 2650//1345 2715//1449 2714//1445 
f 2650//1345 2649//1344 2715//1449 
f 2715//1448 2700//1421 2699//1419 
f 2649//1344 2652//1347 2715//1449 
f 2715//1450 2703//1424 2700//1421 
f 2652//1347 2653//1348 2715//1450 
f 2653//1348 2703//1424 2715//1450 
f 2653//1348 2648//1343 2703//1424 
f 2566//1230 2565//1229 2666//1369 
f 2566//1230 2666//1369 2716//1451 
f 2568//1233 2566//1230 2716//1451 
f 2716//1451 2666//1369 2667//1371 
f 2570//1237 2568//1233 2717//1452 
f 2716//1451 2667//1371 2668//1372 
f 2572//1241 2570//1237 2717//1453 
f 2718//1454 2668//1372 2670//1374 
f 2575//1245 2572//1241 2717//1455 
f 2671//1376 2718//1456 2670//1374 
f 2578//1249 2575//1245 2717//1457 
f 2674//1383 2718//1458 2671//1376 
f 2587//1262 2578//1249 2719//1459 
f 2675//1384 2720//1460 2674//1383 
f 2588//1263 2587//1262 2719//1459 
f 2588//1263 2719//1459 2705//1430 
f 2705//1430 2719//1461 2707//1432 
f 2707//1432 2719//1461 2708//1434 
f 2708//1434 2721//1462 2710//1437 
f 2721//1463 2711//1439 2710//1437 
f 2612//1296 2720//1460 2675//1384 
f 2612//1296 2610//1293 2720//1460 
f 2610//1293 2611//1295 2722//1464 
f 2611//1295 2615//1299 2722//1465 
f 2615//1299 2618//1302 2722//1466 
f 2618//1302 2620//1306 2723//1467 
f 2620//1306 2624//1310 2723//1468 
f 2721//1469 2713//1442 2711//1439 
f 2624//1310 2651//1346 2721//1469 
f 2721//1469 2714//1445 2713//1442 
f 2651//1346 2714//1445 2721//1469 
f 2651//1346 2650//1345 2714//1445 
f 856//1247 854//1244 850//1243 
f 856//1471 837//1472 839//1223 
f 894//1295 893//1294 897//1298 
f 890//1290 889//1289 897//1473 
f 1549//1471 1531//1472 1533//1223 
f 1549//1247 1547//1244 1543//1243 
f 1595//1303 1598//1308 1586//1304 
f 1583//1291 1613//1474 1584//1292 
f 2576//1471 2559//1472 2561//1223 
f 2576//1247 2574//1244 2559//1243 
f 1897//1247 1895//1244 1880//1243 
f 1897//1471 1880//1472 1882//1223 
f 2066//1471 2049//1472 2051//1223 
f 2066//1247 2064//1244 2049//1243 
f 1727//1247 1725//1244 1710//1243 
f 1727//1471 1710//1472 1712//1223 
f 1379//1247 1377//1244 1362//1243 
f 1379//1471 1362//1472 1364//1223 
f 1040//1471 1023//1472 1025//1223 
f 1040//1247 1038//1244 1023//1243 
f 2406//1247 2404//1244 2389//1243 
f 2406//1471 2389//1472 2391//1223 
f 2236//1247 2234//1244 2219//1243 
f 2236//1471 2219//1472 2221//1223 
f 1210//1247 1208//1244 1193//1243 
f 1210//1471 1193//1472 1195//1223 
f 1763//1295 1760//1294 1766//1298 
f 1760//1290 1759//1289 1805//1473 
f 2442//1295 2439//1294 2445//1298 
f 2439//1290 2438//1289 2445//1473 
f 1073//1290 1072//1289 1118//1473 
f 1076//1295 1073//1294 1079//1298 
f 2272//1295 2269//1294 2275//1298 
f 2269//1290 2268//1289 2314//1473 
f 1245//1295 1242//1294 1248//1298 
f 1242//1290 1241//1289 1287//1473 
f 1414//1295 1411//1294 1417//1298 
f 1411//1290 1410//1289 1417//1473 
f 1932//1295 1929//1294 1935//1298 
f 1929//1290 1928//1289 1935//1473 
f 2608//1291 2636//1474 2609//1292 
f 2619//1303 2622//1308 2608//1304 
f 2101//1295 2098//1294 2104//1298 
f 2098//1290 2097//1289 2143//1473 
f 920//1327 916//1475 921//1328 
f 911//1316 915//1320 916//1321 
f 849//1237 853//1242 847//1238 
f 836//1224 859//1476 840//1225 
f 1542//1237 1546//1242 1530//1238 
f 1530//1224 1552//1476 1534//1225 
f 1604//1316 1608//1320 1609//1321 
f 1613//1327 1609//1475 1614//1328 
f 1268//1327 1264//1475 1269//1328 
f 1255//1316 1263//1320 1264//1321 
f 1439//1327 1435//1475 1440//1328 
f 1425//1316 1434//1320 1435//1321 
f 2111//1316 2119//1320 2120//1321 
f 2124//1327 2120//1475 2125//1328 
f 1786//1327 1782//1475 1787//1328 
f 1773//1316 1781//1320 1782//1321 
f 2467//1327 2463//1475 2468//1328 
f 2453//1316 2462//1320 2463//1321 
f 1957//1327 1953//1475 1958//1328 
f 1943//1316 1952//1320 1953//1321 
f 1086//1316 1094//1320 1095//1321 
f 1099//1327 1095//1475 1100//1328 
f 2295//1327 2291//1475 2296//1328 
f 2282//1316 2290//1320 2291//1321 
f 2060//1237 2063//1242 2048//1238 
f 2048//1224 2063//1476 2052//1225 
f 1034//1237 1037//1242 1022//1238 
f 1022//1224 1037//1476 1026//1225 
f 1373//1237 1376//1242 1361//1238 
f 1361//1224 1376//1476 1365//1225 
f 2570//1237 2573//1242 2558//1238 
f 2558//1224 2573//1476 2562//1225 
f 2230//1237 2233//1242 2218//1238 
f 2218//1224 2233//1476 2222//1225 
f 1891//1237 1894//1242 1879//1238 
f 1879//1224 1894//1476 1883//1225 
f 1721//1237 1724//1242 1709//1238 
f 1709//1224 1724//1476 1713//1225 
f 1204//1237 1207//1242 1192//1238 
f 1192//1224 1207//1476 1196//1225 
f 2400//1237 2403//1242 2388//1238 
f 2388//1224 2403//1476 2392//1225 
f 2622//1316 2631//1320 2632//1321 
f 2636//1327 2632//1475 2637//1328 
f 902//1303 905//1308 893//1304 
f 890//1291 920//1474 891//1292 
f 872//1266 873//1267 870//1264 
f 880//1276 873//1277 872//1279 
f 836//1227 833//1217 837//1231 
f 842//1228 836//1227 837//1231 
f 1565//1266 1566//1267 1563//1264 
f 1573//1276 1566//1277 1565//1279 
f 1536//1228 1530//1234 1531//1231 
f 1530//1234 1527//1217 1531//1231 
f 2450//1303 2453//1308 2439//1304 
f 2439//1291 2467//1474 2440//1292 
f 2279//1303 2282//1308 2269//1304 
f 2269//1291 2295//1474 2270//1292 
f 1770//1303 1773//1308 1760//1304 
f 1760//1291 1786//1474 1761//1292 
f 1252//1303 1255//1308 1242//1304 
f 1242//1291 1268//1474 1243//1292 
f 1940//1303 1943//1308 1929//1304 
f 1929//1291 1957//1474 1930//1292 
f 1083//1303 1086//1308 1073//1304 
f 1073//1291 1099//1474 1074//1292 
f 1422//1303 1425//1308 1411//1304 
f 1411//1291 1439//1474 1412//1292 
f 2098//1291 2124//1474 2099//1292 
f 2108//1303 2111//1308 2098//1304 
f 1912//1266 1913//1267 1910//1264 
f 1920//1276 1913//1277 1912//1279 
f 2422//1266 2423//1267 2420//1264 
f 2430//1276 2423//1277 2422//1279 
f 2591//1266 2592//1267 2589//1264 
f 2599//1276 2592//1277 2591//1279 
f 2252//1266 2253//1267 2250//1264 
f 2260//1276 2253//1277 2252//1279 
f 1225//1266 1226//1267 1223//1264 
f 1233//1276 1226//1277 1225//1279 
f 1394//1266 1395//1267 1392//1264 
f 1402//1276 1395//1277 1394//1279 
f 1743//1266 1744//1267 1741//1264 
f 1751//1276 1744//1277 1743//1279 
f 1056//1266 1057//1267 1054//1264 
f 1064//1276 1057//1277 1056//1279 
f 2081//1266 2082//1267 2079//1264 
f 2089//1276 2082//1277 2081//1279 
f 2388//1234 2385//1217 2389//1231 
f 2394//1228 2388//1234 2389//1231 
f 1709//1234 1706//1217 1710//1231 
f 1715//1228 1709//1234 1710//1231 
f 2564//1228 2558//1234 2559//1231 
f 2558//1234 2555//1217 2559//1231 
f 1879//1234 1876//1217 1880//1231 
f 1885//1228 1879//1234 1880//1231 
f 2218//1234 2215//1217 2219//1231 
f 2224//1228 2218//1234 2219//1231 
f 1361//1234 1358//1217 1362//1231 
f 1367//1228 1361//1234 1362//1231 
f 1192//1234 1189//1217 1193//1231 
f 1198//1228 1192//1234 1193//1231 
f 1028//1228 1022//1234 1023//1231 
f 1022//1234 1019//1217 1023//1231 
f 2054//1228 2048//1234 2049//1231 
f 2048//1234 2045//1217 2049//1231 
f 1587//1295 1586//1294 1590//1298 
f 1583//1290 1582//1289 1590//1473 
f 1674//1412 1686//1438 1693//1441 
f 1694//1442 1696//1449 1692//1443 
f 2611//1295 2608//1294 2614//1298 
f 2608//1290 2607//1289 2614//1473 
f 1328//1412 1340//1438 1346//1441 
f 1347//1442 1349//1449 1342//1443 
f 1846//1412 1858//1438 1864//1441 
f 1865//1442 1867//1449 1860//1443 
f 999//1434 1015//1461 1016//1462 
f 963//1383 1014//1460 1011//1458 
f 1697//1451 1647//1372 1699//1454 
f 1689//1434 1701//1461 1703//1462 
f 957//1372 955//1370 958//1373 
f 942//1354 946//1359 949//1362 
f 1810//1357 1840//1401 1841//1402 
f 1836//1396 1839//1400 1835//1397 
f 1292//1357 1322//1401 1323//1402 
f 1318//1396 1321//1400 1317//1397 
f 945//1357 978//1401 979//1402 
f 966//1386 970//1391 973//1394 
f 2029//1434 2040//1461 2042//1462 
f 2037//1451 1989//1372 2039//1454 
f 2716//1451 2668//1372 2718//1454 
f 2708//1434 2719//1461 2721//1462 
f 1861//1434 1871//1461 1873//1462 
f 1826//1383 1872//1460 1869//1458 
f 1173//1434 1184//1461 1186//1462 
f 1139//1383 1185//1460 1182//1458 
f 1511//1434 1522//1461 1524//1462 
f 1477//1383 1523//1460 1520//1458 
f 2539//1434 2550//1461 2552//1462 
f 2505//1383 2551//1460 2548//1458 
f 2369//1434 2380//1459 2382//1462 
f 2335//1383 2381//1460 2378//1458 
f 2199//1434 2210//1461 2212//1462 
f 2165//1383 2211//1460 2208//1458 
f 1343//1434 1353//1461 1355//1462 
f 1308//1383 1354//1460 1351//1458 
f 1647//1372 1642//1370 1648//1373 
f 1633//1354 1637//1359 1640//1362 
f 1636//1357 1668//1401 1669//1402 
f 1656//1386 1660//1391 1663//1394 
f 1014//1477 2724//1478 1011//1479 
f 852//1241 1010//1453 1012//1455 
f 2159//1372 2154//1370 2160//1373 
f 2145//1354 2149//1359 2152//1362 
f 2499//1372 2494//1366 2500//1373 
f 2486//1354 2490//1359 2492//1362 
f 1820//1372 1815//1370 1821//1373 
f 1807//1354 1811//1359 1813//1362 
f 1471//1372 1466//1366 1472//1373 
f 1458//1354 1462//1359 1464//1362 
f 1989//1372 1984//1366 1990//1373 
f 1976//1354 1980//1359 1982//1362 
f 2329//1372 2324//1370 2330//1373 
f 2316//1354 2320//1359 2322//1362 
f 1133//1372 1128//1370 1134//1373 
f 1120//1354 1124//1359 1126//1362 
f 1302//1372 1297//1370 1303//1373 
f 1289//1354 1293//1359 1295//1362 
f 2668//1372 2663//1370 2669//1373 
f 2655//1354 2659//1359 2661//1362 
f 2725//1480 2726//1481 2727//1482 
f 1594//1302 1705//1467 1704//1466 
f 2338//1386 2342//1391 2345//1394 
f 2319//1357 2349//1401 2350//1402 
f 2489//1357 2519//1401 2520//1402 
f 2508//1386 2512//1391 2515//1394 
f 1979//1357 2009//1401 2010//1402 
f 1998//1386 2002//1391 2005//1394 
f 2658//1357 2688//1401 2689//1402 
f 2677//1386 2681//1391 2684//1394 
f 1123//1357 1153//1401 1154//1402 
f 1142//1386 1146//1391 1149//1394 
f 1461//1357 1491//1401 1492//1402 
f 1480//1386 1484//1391 1487//1394 
f 2148//1357 2179//1401 2180//1402 
f 2168//1386 2172//1391 2175//1394 
f 2728//1483 978//1484 2729//1485 
f 917//1322 981//1407 980//1406 
f 2730//1486 2731//1487 2732//1488 
f 904//1307 962//1380 961//1379 
f 901//1302 1018//1467 1017//1466 
f 1017//1489 1018//1490 2733//1481 
f 2734//1483 1668//1484 2735//1485 
f 1610//1322 1671//1407 1670//1406 
f 2736//1480 2737//1481 2738//1482 
f 1939//1302 2044//1467 2043//1466 
f 2739//1480 2740//1481 2741//1482 
f 2618//1302 2723//1467 2722//1466 
f 2381//1477 2742//1478 2378//1479 
f 2232//1241 2377//1453 2379//1455 
f 2211//1477 2743//1478 2208//1479 
f 2062//1241 2207//1453 2209//1455 
f 2551//1477 2744//1478 2548//1479 
f 2402//1241 2547//1453 2549//1455 
f 1354//1477 2745//1478 1351//1479 
f 1206//1241 1350//1453 1352//1455 
f 1185//1477 2746//1478 1182//1479 
f 1036//1241 1181//1453 1183//1455 
f 1523//1477 2747//1478 1520//1479 
f 1375//1241 1519//1453 1521//1455 
f 1872//1477 2748//1478 1869//1479 
f 1723//1241 1868//1453 1870//1455 
f 2749//1486 2750//1487 2751//1488 
f 1597//1307 1652//1380 1651//1379 
f 842//1228 947//1363 951//1366 
f 2732//1491 942//1492 949//1493 
f 975//1494 2752//1495 2729//1496 
f 875//1269 968//1390 971//1392 
f 989//1419 991//1422 986//1420 
f 994//1429 974//1396 992//1428 
f 2753//1483 2349//1484 2754//1485 
f 2292//1322 2352//1407 2351//1406 
f 2180//1483 2179//1484 2755//1485 
f 2121//1322 2182//1407 2181//1406 
f 2756//1483 2519//1484 2757//1485 
f 2464//1322 2522//1407 2521//1406 
f 1492//1483 1491//1484 2758//1485 
f 1436//1322 1494//1407 1493//1406 
f 1154//1483 1153//1484 2759//1485 
f 1096//1322 1156//1407 1155//1406 
f 2010//1483 2009//1484 2760//1485 
f 1954//1322 2012//1407 2011//1406 
f 2761//1483 2688//1484 2762//1485 
f 2633//1322 2691//1407 2690//1406 
f 1230//1273 1314//1395 1319//1398 
f 1311//1470 1315//1391 1317//1394 
f 1748//1273 1832//1395 1837//1398 
f 1829//1470 1833//1391 1835//1394 
f 1536//1228 1638//1363 1642//1366 
f 2751//1491 1633//1492 1640//1493 
f 1004//1442 1007//1446 1005//1443 
f 1007//1448 989//1419 1003//1447 
f 2763//1486 2764//1487 2765//1488 
f 2110//1307 2164//1380 2163//1379 
f 2766//1486 2767//1487 2768//1488 
f 1085//1307 1138//1380 1137//1379 
f 2769//1486 2770//1487 2771//1488 
f 1424//1307 1476//1380 1475//1379 
f 2772//1486 2773//1487 2774//1488 
f 1942//1307 1994//1380 1993//1379 
f 2775//1486 2776//1487 2777//1488 
f 2621//1307 2673//1380 2672//1379 
f 2281//1307 2334//1380 2333//1379 
f 2778//1486 2779//1487 2780//1488 
f 2781//1486 2782//1487 2783//1488 
f 2452//1307 2504//1380 2503//1379 
f 1772//1307 1825//1380 1824//1379 
f 2784//1486 2785//1487 2786//1488 
f 1254//1307 1307//1380 1306//1379 
f 2787//1486 2788//1487 2789//1488 
f 1421//1302 1526//1467 1525//1466 
f 1525//1489 1526//1490 2790//1481 
f 1251//1302 1357//1467 1356//1466 
f 1356//1489 1357//1490 2791//1481 
f 2553//1489 2554//1490 2792//1481 
f 2449//1302 2554//1467 2553//1466 
f 1187//1489 1188//1490 2793//1481 
f 1082//1302 1188//1467 1187//1466 
f 2213//1489 2214//1490 2794//1481 
f 2107//1302 2214//1467 2213//1466 
f 2278//1302 2384//1467 2383//1466 
f 2383//1489 2384//1490 2795//1481 
f 1769//1302 1875//1467 1874//1466 
f 1874//1489 1875//1490 2796//1481 
f 974//1396 977//1400 973//1397 
f 980//1497 2728//1483 2797//1498 
f 1551//1249 1700//1457 1701//1459 
f 2727//1499 1698//1500 2798//1501 
f 1665//1494 2799//1495 2735//1496 
f 1568//1269 1658//1390 1661//1392 
f 1684//1429 1664//1396 1682//1428 
f 1679//1419 1681//1422 1676//1420 
f 1885//1228 1978//1363 1984//1366 
f 2774//1491 1976//1492 1982//1493 
f 2394//1228 2488//1363 2494//1366 
f 2783//1491 2486//1492 2492//1493 
f 1028//1228 1122//1363 1128//1366 
f 2768//1491 1120//1492 1126//1493 
f 1367//1228 1460//1363 1466//1366 
f 2771//1491 1458//1492 1464//1493 
f 1715//1228 1809//1363 1815//1366 
f 2786//1491 1807//1492 1813//1493 
f 2564//1228 2657//1363 2663//1366 
f 2777//1491 2655//1492 2661//1493 
f 1198//1228 1291//1363 1297//1366 
f 2789//1491 1289//1492 1295//1493 
f 2224//1228 2318//1363 2324//1366 
f 2780//1491 2316//1492 2322//1493 
f 2800//1502 1012//1503 2801//1504 
f 858//1249 1012//1457 1013//1459 
f 1664//1396 1667//1400 1663//1397 
f 1670//1497 2734//1483 2735//1498 
f 2578//1249 2717//1457 2719//1459 
f 2741//1499 2717//1500 2718//1501 
f 2738//1499 2038//1500 2039//1501 
f 1899//1249 2038//1457 2040//1459 
f 1147//1494 1144//1495 2759//1496 
f 1059//1269 1144//1390 1147//1392 
f 1485//1494 1482//1495 2758//1496 
f 1397//1269 1482//1390 1485//1392 
f 2682//1494 2679//1495 2762//1496 
f 2594//1269 2679//1390 2682//1392 
f 2255//1269 2340//1390 2343//1392 
f 2343//1494 2340//1495 2754//1496 
f 2513//1494 2510//1495 2757//1496 
f 2425//1269 2510//1390 2513//1392 
f 2003//1494 2000//1495 2760//1496 
f 1915//1269 2000//1390 2003//1392 
f 2173//1494 2170//1495 2755//1496 
f 2084//1269 2170//1390 2173//1392 
f 2704//1429 2685//1396 2702//1428 
f 2699//1419 2701//1422 2696//1420 
f 1333//1419 1335//1422 1330//1420 
f 1338//1429 1318//1396 1336//1428 
f 1851//1419 1853//1422 1848//1420 
f 1856//1429 1836//1396 1854//1428 
f 1169//1429 1150//1396 1167//1428 
f 1164//1419 1166//1422 1161//1420 
f 2530//1419 2532//1422 2527//1420 
f 2535//1429 2516//1396 2533//1428 
f 2360//1419 2362//1422 2357//1420 
f 2365//1429 2346//1396 2363//1428 
f 1502//1419 1504//1422 1499//1420 
f 1507//1429 1488//1396 1505//1428 
f 2195//1429 2176//1396 2193//1428 
f 2190//1419 2192//1422 2187//1420 
f 2020//1419 2022//1422 2017//1420 
f 2025//1429 2006//1396 2023//1428 
f 2054//1228 2150//1363 2154//1366 
f 2765//1491 2145//1492 2152//1493 
f 1783//1322 1843//1407 1842//1406 
f 1842//1497 1841//1483 2802//1498 
f 1265//1322 1325//1407 1324//1406 
f 1324//1497 1323//1483 2803//1498 
f 1516//1442 1518//1449 1512//1443 
f 1518//1448 1502//1419 1515//1447 
f 1180//1448 1164//1419 1177//1447 
f 1178//1442 1180//1449 1174//1443 
f 2715//1448 2699//1419 2712//1447 
f 2713//1442 2715//1449 2709//1443 
f 2034//1442 2036//1449 2030//1443 
f 2036//1448 2020//1419 2033//1447 
f 2543//1442 2546//1449 2540//1443 
f 2526//1415 2540//1441 2544//1444 
f 2203//1442 2206//1449 2200//1443 
f 2186//1415 2200//1441 2204//1444 
f 2356//1415 2370//1441 2374//1444 
f 2373//1442 2376//1449 2370//1443 
f 984//1412 998//1438 1003//1441 
f 996//1431 999//1434 1000//1436 
f 2516//1396 2518//1400 2515//1397 
f 2521//1497 2756//1483 2757//1498 
f 1488//1396 1490//1400 1487//1397 
f 1493//1497 1492//1483 2758//1498 
f 2346//1396 2348//1400 2345//1397 
f 2351//1497 2753//1483 2754//1498 
f 2006//1396 2008//1400 2005//1397 
f 2011//1497 2010//1483 2760//1498 
f 2176//1396 2178//1400 2175//1397 
f 2181//1497 2180//1483 2755//1498 
f 1150//1396 1152//1400 1149//1397 
f 1155//1497 1154//1483 2759//1498 
f 2685//1396 2687//1400 2684//1397 
f 2690//1497 2761//1483 2762//1498 
f 2727//1503 2798//1478 2725//1504 
f 1653//1383 1702//1460 1699//1458 
f 1841//1483 1840//1484 2802//1485 
f 1837//1494 2804//1495 2802//1496 
f 1323//1483 1322//1484 2803//1485 
f 1319//1494 2805//1495 2803//1496 
f 965//1385 983//1413 988//1418 
f 991//1422 988//1505 986//1420 
f 961//1506 2731//1487 2730//1486 
f 910//1315 961//1377 953//1368 
f 941//1353 975//1398 978//1401 
f 975//1507 2729//1496 978//1508 
f 2792//1502 2549//1503 2806//1504 
f 2408//1249 2549//1457 2550//1459 
f 2238//1249 2379//1457 2380//1459 
f 2795//1502 2379//1503 2807//1504 
f 2068//1249 2209//1457 2210//1459 
f 2794//1502 2209//1503 2808//1504 
f 1729//1249 1870//1457 1871//1459 
f 2796//1502 1870//1503 2809//1504 
f 2790//1502 1521//1503 2810//1504 
f 1381//1249 1521//1457 1522//1459 
f 1212//1249 1352//1457 1353//1459 
f 2791//1502 1352//1503 2811//1504 
f 1042//1249 1183//1457 1184//1459 
f 2793//1502 1183//1503 2812//1504 
f 2738//1503 2039//1478 2736//1504 
f 1995//1383 2041//1460 2039//1458 
f 2741//1503 2718//1478 2739//1504 
f 2674//1383 2720//1460 2718//1458 
f 955//1370 2731//1509 958//1373 
f 961//1506 962//1510 2731//1487 
f 1681//1422 1678//1505 1676//1420 
f 1655//1385 1673//1413 1678//1418 
f 932//1342 939//1350 940//1351 
f 898//1299 897//1298 900//1301 
f 1603//1315 1651//1377 1644//1368 
f 1651//1506 2750//1487 2749//1486 
f 1013//1511 1012//1503 2800//1502 
f 1015//1461 2733//1512 1016//1462 
f 1696//1448 1679//1419 1693//1447 
f 1696//1449 1693//1513 1692//1443 
f 2752//1514 973//1515 2729//1516 
f 977//1517 2797//1518 973//1519 
f 1665//1507 2735//1496 1668//1508 
f 1632//1353 1665//1398 1668//1401 
f 1497//1412 1509//1438 1515//1441 
f 1509//1431 1511//1434 1512//1436 
f 1159//1412 1171//1438 1177//1441 
f 1171//1431 1173//1434 1174//1436 
f 2694//1412 2706//1438 2712//1441 
f 2706//1431 2708//1434 2709//1436 
f 2015//1412 2027//1438 2033//1441 
f 2027//1431 2029//1434 2030//1436 
f 923//1333 921//1328 916//1475 
f 919//1325 923//1330 916//1326 
f 1701//1461 2726//1512 1703//1462 
f 1704//1489 1705//1490 2726//1481 
f 1642//1370 2750//1509 1648//1373 
f 1651//1506 1652//1510 2750//1487 
f 950//1364 953//1368 949//1365 
f 2732//1491 949//1493 2730//1520 
f 1017//1489 2733//1481 2801//1480 
f 892//1293 1017//1464 1014//1460 
f 1625//1342 1599//1350 1590//1351 
f 1591//1299 1590//1298 1593//1301 
f 1853//1422 1850//1505 1848//1420 
f 1828//1385 1845//1413 1850//1418 
f 1479//1385 1496//1413 1501//1418 
f 1504//1422 1501//1505 1499//1420 
f 2362//1422 2359//1505 2357//1420 
f 2337//1385 2354//1413 2359//1418 
f 1166//1422 1163//1505 1161//1420 
f 1141//1385 1158//1413 1163//1418 
f 2701//1422 2698//1505 2696//1420 
f 2676//1385 2693//1413 2698//1418 
f 1997//1385 2014//1413 2019//1418 
f 2022//1422 2019//1505 2017//1420 
f 2192//1422 2189//1505 2187//1420 
f 2167//1385 2184//1413 2189//1418 
f 2507//1385 2524//1413 2529//1418 
f 2532//1422 2529//1505 2527//1420 
f 1335//1422 1332//1505 1330//1420 
f 1310//1385 1327//1413 1332//1418 
f 2724//1501 1009//1521 1011//1479 
f 1009//1451 957//1372 1011//1454 
f 947//1522 942//1492 2732//1491 
f 854//1244 942//1354 944//1356 
f 1993//1506 2773//1487 2772//1486 
f 1948//1315 1993//1377 1986//1368 
f 2115//1315 2163//1377 2156//1368 
f 2163//1506 2764//1487 2763//1486 
f 1090//1315 1137//1377 1130//1368 
f 1137//1506 2767//1487 2766//1486 
f 1475//1506 2770//1487 2769//1486 
f 1430//1315 1475//1377 1468//1368 
f 2627//1315 2672//1377 2665//1368 
f 2672//1506 2776//1487 2775//1486 
f 1824//1506 2785//1487 2784//1486 
f 1777//1315 1824//1377 1817//1368 
f 2333//1506 2779//1487 2778//1486 
f 2286//1315 2333//1377 2326//1368 
f 1306//1506 2788//1487 2787//1486 
f 1259//1315 1306//1377 1299//1368 
f 2503//1506 2782//1487 2781//1486 
f 2458//1315 2503//1377 2496//1368 
f 1667//1517 2735//1518 1663//1519 
f 2799//1514 1663//1515 2735//1516 
f 1867//1449 1864//1513 1860//1443 
f 1867//1448 1851//1419 1864//1447 
f 1349//1449 1346//1513 1342//1443 
f 1349//1448 1333//1419 1346//1447 
f 951//1523 947//1524 2732//1525 
f 951//1526 2732//1527 2731//1528 
f 980//1497 981//1529 2728//1483 
f 914//1319 979//1409 981//1408 
f 1975//1353 2003//1398 2009//1401 
f 2003//1507 2760//1496 2009//1508 
f 2485//1353 2513//1398 2519//1401 
f 2513//1507 2757//1496 2519//1508 
f 2315//1353 2343//1398 2349//1401 
f 2343//1507 2754//1496 2349//1508 
f 1457//1353 1485//1398 1491//1401 
f 1485//1507 2758//1496 1491//1508 
f 2682//1507 2762//1496 2688//1508 
f 2654//1353 2682//1398 2688//1401 
f 1147//1507 2759//1496 1153//1508 
f 1119//1353 1147//1398 1153//1401 
f 2173//1507 2755//1496 2179//1508 
f 2144//1353 2173//1398 2179//1401 
f 1612//1325 1616//1330 1609//1326 
f 1616//1333 1614//1328 1609//1475 
f 880//1276 966//1386 968//1388 
f 2752//1514 966//1530 973//1515 
f 1641//1364 1644//1368 1640//1365 
f 2751//1491 1640//1493 2749//1520 
f 1585//1293 1704//1464 1702//1460 
f 1704//1489 2726//1481 2725//1480 
f 2719//1461 2740//1512 2721//1462 
f 2722//1489 2723//1490 2740//1481 
f 2040//1461 2737//1512 2042//1462 
f 2043//1489 2044//1490 2737//1481 
f 1984//1366 2773//1509 1990//1373 
f 1993//1506 1994//1510 2773//1487 
f 2154//1370 2764//1509 2160//1373 
f 2163//1506 2164//1510 2764//1487 
f 1815//1370 2785//1509 1821//1373 
f 1824//1506 1825//1510 2785//1487 
f 2324//1370 2779//1509 2330//1373 
f 2333//1506 2334//1510 2779//1487 
f 1466//1366 2770//1509 1472//1373 
f 1475//1506 1476//1510 2770//1487 
f 2494//1366 2782//1509 2500//1373 
f 2503//1506 2504//1510 2782//1487 
f 1128//1370 2767//1509 1134//1373 
f 1137//1506 1138//1510 2767//1487 
f 2663//1370 2776//1509 2669//1373 
f 2672//1506 2673//1510 2776//1487 
f 1297//1370 2788//1509 1303//1373 
f 1306//1506 1307//1510 2788//1487 
f 1007//1531 1003//1447 1005//1513 
f 998//1438 1000//1532 1003//1441 
f 859//1254 863//1256 862//1255 
f 858//1249 863//1259 853//1250 
f 1968//1342 1944//1350 1935//1351 
f 1936//1299 1935//1298 1938//1301 
f 2478//1342 2454//1350 2445//1351 
f 2446//1299 2445//1298 2448//1301 
f 2647//1342 2623//1350 2614//1351 
f 2615//1299 2614//1298 2617//1301 
f 1450//1342 1426//1350 1417//1351 
f 1418//1299 1417//1298 1420//1301 
f 1547//1244 1633//1354 1635//1356 
f 1638//1522 1633//1492 2751//1491 
f 1871//1511 1870//1503 2796//1502 
f 1871//1461 2796//1512 1873//1462 
f 2380//1511 2379//1503 2795//1502 
f 2380//1459 2795//1512 2382//1462 
f 2550//1511 2549//1503 2792//1502 
f 2550//1461 2792//1512 2552//1462 
f 2210//1461 2794//1512 2212//1462 
f 2210//1511 2209//1503 2794//1502 
f 1353//1511 1352//1503 2791//1502 
f 1353//1461 2791//1512 1355//1462 
f 1522//1511 1521//1503 2790//1502 
f 1522//1461 2790//1512 1524//1462 
f 1184//1461 2793//1512 1186//1462 
f 1184//1511 1183//1503 2793//1502 
f 1642//1526 2751//1527 2750//1528 
f 1642//1523 1638//1524 2751//1525 
f 1839//1517 2802//1518 1835//1519 
f 2804//1514 1835//1515 2802//1516 
f 2510//1514 2515//1515 2757//1516 
f 2518//1517 2757//1518 2515//1519 
f 2687//1517 2762//1518 2684//1519 
f 2679//1514 2684//1515 2762//1516 
f 1321//1517 2803//1518 1317//1519 
f 2805//1514 1317//1515 2803//1516 
f 2000//1514 2005//1515 2760//1516 
f 2008//1517 2760//1518 2005//1519 
f 1482//1514 1487//1515 2758//1516 
f 1490//1517 2758//1518 1487//1519 
f 2348//1517 2754//1518 2345//1519 
f 2340//1514 2345//1515 2754//1516 
f 2178//1517 2755//1518 2175//1519 
f 2170//1514 2175//1515 2755//1516 
f 1152//1517 2759//1518 1149//1519 
f 1144//1514 1149//1515 2759//1516 
f 873//1267 856//1471 839//1223 
f 876//1271 856//1247 873//1272 
f 1607//1319 1669//1409 1671//1408 
f 1670//1497 1671//1529 2734//1483 
f 1686//1433 1687//1432 1688//1436 
f 1686//1438 1688//1532 1693//1441 
f 893//1304 905//1308 920//1474 
f 920//1533 911//1316 916//1321 
f 1573//1276 1656//1386 1658//1388 
f 2799//1514 1656//1530 1663//1515 
f 1956//1325 1960//1330 1953//1326 
f 1960//1333 1958//1328 1953//1475 
f 1098//1325 1102//1330 1095//1326 
f 1102//1333 1100//1328 1095//1475 
f 1438//1325 1442//1330 1435//1326 
f 1442//1333 1440//1328 1435//1475 
f 1271//1333 1269//1328 1264//1475 
f 1267//1325 1271//1330 1264//1326 
f 2123//1325 2127//1330 2120//1326 
f 2127//1333 2125//1328 2120//1475 
f 2635//1325 2639//1330 2632//1326 
f 2639//1333 2637//1328 2632//1475 
f 2298//1333 2296//1328 2291//1475 
f 2294//1325 2298//1330 2291//1326 
f 2466//1325 2470//1330 2463//1326 
f 2470//1333 2468//1328 2463//1475 
f 1789//1333 1787//1328 1782//1475 
f 1785//1325 1789//1330 1782//1326 
f 1551//1249 1556//1259 1546//1250 
f 1552//1254 1556//1256 1555//1255 
f 969//1389 988//1418 992//1423 
f 991//1534 992//1423 988//1505 
f 2662//1364 2665//1368 2661//1365 
f 2777//1491 2661//1493 2775//1520 
f 1814//1364 1817//1368 1813//1365 
f 2786//1491 1813//1493 2784//1520 
f 2323//1364 2326//1368 2322//1365 
f 2780//1491 2322//1493 2778//1520 
f 1296//1364 1299//1368 1295//1365 
f 2789//1491 1295//1493 2787//1520 
f 1465//1364 1468//1368 1464//1365 
f 2771//1491 1464//1493 2769//1520 
f 1983//1364 1986//1368 1982//1365 
f 2774//1491 1982//1493 2772//1520 
f 1127//1364 1130//1368 1126//1365 
f 2768//1491 1126//1493 2766//1520 
f 2153//1364 2156//1368 2152//1365 
f 2765//1491 2152//1493 2763//1520 
f 2493//1364 2496//1368 2492//1365 
f 2783//1491 2492//1493 2781//1520 
f 922//1329 980//1404 977//1400 
f 977//1535 980//1497 2797//1498 
f 1525//1489 2790//1481 2810//1480 
f 1413//1293 1525//1464 1523//1460 
f 2610//1293 2722//1464 2720//1460 
f 2722//1489 2740//1481 2739//1480 
f 1075//1293 1187//1464 1185//1460 
f 1187//1489 2793//1481 2812//1480 
f 2553//1489 2792//1481 2806//1480 
f 2441//1293 2553//1464 2551//1460 
f 2100//1293 2213//1464 2211//1460 
f 2213//1489 2794//1481 2808//1480 
f 1356//1489 2791//1481 2811//1480 
f 1244//1293 1356//1464 1354//1460 
f 2043//1489 2737//1481 2736//1480 
f 1931//1293 2043//1464 2041//1460 
f 1874//1489 2796//1481 2809//1480 
f 1762//1293 1874//1464 1872//1460 
f 2383//1489 2795//1481 2807//1480 
f 2271//1293 2383//1464 2381//1460 
f 1350//1451 1302//1372 1351//1454 
f 2745//1501 1350//1521 1351//1479 
f 2207//1451 2159//1372 2208//1454 
f 2743//1501 2207//1521 2208//1479 
f 1181//1451 1133//1372 1182//1454 
f 2746//1501 1181//1521 1182//1479 
f 1868//1451 1820//1372 1869//1454 
f 2748//1501 1868//1521 1869//1479 
f 2747//1501 1519//1521 1520//1479 
f 1519//1451 1471//1372 1520//1454 
f 2744//1501 2547//1521 2548//1479 
f 2547//1451 2499//1372 2548//1454 
f 2377//1451 2329//1372 2378//1454 
f 2742//1501 2377//1521 2378//1479 
f 1227//1268 1311//1388 1314//1390 
f 2805//1530 1311//1470 1317//1394 
f 1745//1268 1829//1388 1832//1390 
f 2804//1530 1829//1470 1835//1394 
f 1017//1464 2801//1536 1014//1537 
f 1014//1477 2801//1538 2724//1478 
f 953//1539 2730//1540 949//1541 
f 953//1542 961//1506 2730//1486 
f 1701//1543 2727//1502 2726//1544 
f 1700//1457 2727//1499 1701//1511 
f 2488//1522 2486//1492 2783//1491 
f 2404//1244 2486//1354 2488//1356 
f 1208//1244 1289//1354 1291//1356 
f 1291//1522 1289//1492 2789//1491 
f 1460//1522 1458//1492 2771//1491 
f 1377//1244 1458//1354 1460//1356 
f 1038//1244 1120//1354 1122//1356 
f 1122//1522 1120//1492 2768//1491 
f 1725//1244 1807//1354 1809//1356 
f 1809//1522 1807//1492 2786//1491 
f 1978//1522 1976//1492 2774//1491 
f 1895//1244 1976//1354 1978//1356 
f 2234//1244 2316//1354 2318//1356 
f 2318//1522 2316//1492 2780//1491 
f 2574//1244 2655//1354 2657//1356 
f 2657//1522 2655//1492 2777//1491 
f 907//1310 1016//1469 1018//1468 
f 1018//1545 1016//1463 2733//1546 
f 899//1300 958//1382 962//1381 
f 962//1547 958//1375 2731//1548 
f 1566//1267 1549//1471 1533//1223 
f 1569//1271 1549//1247 1566//1272 
f 1278//1341 1284//1351 1287//1352 
f 1284//1349 1256//1310 1248//1309 
f 2140//1349 2112//1310 2104//1309 
f 2134//1341 2140//1351 2143//1352 
f 1796//1341 1802//1351 1805//1352 
f 1802//1349 1774//1310 1766//1309 
f 1115//1349 1087//1310 1079//1309 
f 1109//1341 1115//1351 1118//1352 
f 2305//1341 2311//1351 2314//1352 
f 2311//1349 2283//1310 2275//1309 
f 1586//1304 1598//1308 1613//1474 
f 1613//1533 1604//1316 1609//1321 
f 906//1309 903//1306 900//1305 
f 939//1350 900//1549 940//1351 
f 2494//1526 2783//1527 2782//1528 
f 2494//1523 2488//1524 2783//1525 
f 1815//1523 1809//1524 2786//1525 
f 1815//1526 2786//1527 2785//1528 
f 2154//1526 2765//1527 2764//1528 
f 2154//1523 2147//1524 2765//1525 
f 1466//1523 1460//1524 2771//1525 
f 1466//1526 2771//1527 2770//1528 
f 1297//1523 1291//1524 2789//1525 
f 1297//1526 2789//1527 2788//1528 
f 1984//1526 2774//1527 2773//1528 
f 1984//1523 1978//1524 2774//1525 
f 2324//1523 2318//1524 2780//1525 
f 2324//1526 2780//1527 2779//1528 
f 1128//1526 2768//1527 2767//1528 
f 1128//1523 1122//1524 2768//1525 
f 2663//1526 2777//1527 2776//1528 
f 2663//1523 2657//1524 2777//1525 
f 2064//1244 2145//1354 2147//1356 
f 2147//1522 2145//1492 2765//1491 
f 2523//1410 2537//1435 2540//1438 
f 2537//1431 2539//1434 2540//1436 
f 2367//1431 2369//1434 2370//1436 
f 2353//1410 2367//1435 2370//1438 
f 2197//1431 2199//1434 2200//1436 
f 2183//1410 2197//1435 2200//1438 
f 2461//1319 2520//1409 2522//1408 
f 2521//1497 2522//1529 2756//1483 
f 2630//1319 2689//1409 2691//1408 
f 2690//1497 2691//1529 2761//1483 
f 2351//1497 2352//1529 2753//1483 
f 2289//1319 2350//1409 2352//1408 
f 1093//1319 1154//1409 1156//1408 
f 1155//1497 1156//1529 1154//1483 
f 1433//1319 1492//1409 1494//1408 
f 1493//1497 1494//1529 1492//1483 
f 1842//1497 1843//1529 1841//1483 
f 1780//1319 1841//1409 1843//1408 
f 1951//1319 2010//1409 2012//1408 
f 2011//1497 2012//1529 2010//1483 
f 1324//1497 1325//1529 1323//1483 
f 1262//1319 1323//1409 1325//1408 
f 2118//1319 2180//1409 2182//1408 
f 2181//1497 2182//1529 2180//1483 
f 1858//1438 1860//1532 1864//1441 
f 1858//1433 1859//1432 1860//1436 
f 1340//1438 1342//1532 1346//1441 
f 1340//1433 1341//1432 1342//1436 
f 2260//1276 2338//1386 2340//1388 
f 2340//1514 2338//1530 2345//1515 
f 1920//1276 1998//1386 2000//1388 
f 2000//1514 1998//1530 2005//1515 
f 2430//1276 2508//1386 2510//1388 
f 2510//1514 2508//1530 2515//1515 
f 2599//1276 2677//1386 2679//1388 
f 2679//1514 2677//1530 2684//1515 
f 1402//1276 1480//1386 1482//1388 
f 1482//1514 1480//1530 1487//1515 
f 1064//1276 1142//1386 1144//1388 
f 1144//1514 1142//1530 1149//1515 
f 2089//1276 2168//1386 2170//1388 
f 2170//1514 2168//1530 2175//1515 
f 1659//1389 1678//1418 1682//1423 
f 1681//1534 1682//1423 1678//1505 
f 2376//1449 2374//1513 2370//1443 
f 2376//1448 2360//1419 2374//1447 
f 2206//1448 2190//1419 2204//1447 
f 2206//1449 2204//1513 2200//1443 
f 2546//1449 2544//1513 2540//1443 
f 2546//1448 2530//1419 2544//1447 
f 1615//1329 1670//1404 1667//1400 
f 1667//1535 1670//1497 2735//1498 
f 994//1429 992//1428 991//1550 
f 993//1424 994//1427 991//1425 
f 1180//1531 1177//1447 1174//1513 
f 1171//1438 1174//1532 1177//1441 
f 1518//1531 1515//1447 1512//1513 
f 1509//1438 1512//1532 1515//1441 
f 2715//1531 2712//1447 2709//1513 
f 2706//1438 2709//1532 2712//1441 
f 2036//1531 2033//1447 2030//1513 
f 2027//1438 2030//1532 2033//1441 
f 2403//1476 2410//1251 2392//1225 
f 2409//1250 2416//1260 2410//1259 
f 1894//1254 1903//1256 1902//1255 
f 1899//1249 1903//1259 1894//1250 
f 1207//1254 1216//1256 1215//1255 
f 1212//1249 1216//1259 1207//1250 
f 2578//1249 2582//1259 2573//1250 
f 2573//1254 2582//1256 2581//1255 
f 2233//1476 2240//1251 2222//1225 
f 2239//1250 2246//1260 2240//1259 
f 1376//1254 1385//1256 1384//1255 
f 1381//1249 1385//1259 1376//1250 
f 2068//1249 2072//1259 2063//1250 
f 2063//1254 2072//1256 2071//1255 
f 1724//1476 1731//1251 1713//1225 
f 1730//1250 1737//1260 1731//1259 
f 1037//1476 1044//1251 1026//1225 
f 1043//1250 1050//1260 1044//1259 
f 1704//1464 2725//1536 1702//1537 
f 1702//1477 2725//1538 2798//1478 
f 1644//1542 1651//1506 2749//1486 
f 1644//1539 2749//1540 1640//1541 
f 1705//1545 1703//1463 2726//1546 
f 1600//1310 1703//1469 1705//1468 
f 1592//1300 1648//1382 1652//1381 
f 1652//1547 1648//1375 2750//1548 
f 983//1414 985//1415 986//1416 
f 983//1551 986//1416 988//1552 
f 1540//1233 1697//1451 1698//1452 
f 1698//1553 1697//1451 1699//1454 
f 2719//1543 2741//1502 2740//1544 
f 2717//1457 2741//1499 2719//1511 
f 2040//1543 2738//1502 2737//1544 
f 2038//1457 2738//1499 2040//1511 
f 1012//1503 2724//1478 2801//1504 
f 1012//1500 1009//1521 2724//1501 
f 1599//1309 1596//1306 1593//1305 
f 1599//1350 1593//1549 1590//1351 
f 981//1554 979//1403 2728//1555 
f 2728//1555 979//1402 978//1484 
f 2256//1271 2236//1247 2253//1272 
f 2253//1267 2236//1471 2221//1223 
f 2423//1267 2406//1471 2391//1223 
f 2426//1271 2406//1247 2423//1272 
f 1395//1267 1379//1471 1364//1223 
f 1398//1271 1379//1247 1395//1272 
f 1913//1267 1897//1471 1882//1223 
f 1916//1271 1897//1247 1913//1272 
f 1747//1271 1727//1247 1744//1272 
f 1744//1267 1727//1471 1712//1223 
f 2082//1267 2066//1471 2051//1223 
f 2085//1271 2066//1247 2082//1272 
f 1057//1267 1040//1471 1025//1223 
f 1060//1271 1040//1247 1057//1272 
f 1229//1271 1210//1247 1226//1272 
f 1226//1267 1210//1471 1195//1223 
f 2592//1267 2576//1471 2561//1223 
f 2595//1271 2576//1247 2592//1272 
f 2269//1304 2282//1308 2295//1474 
f 2295//1533 2282//1316 2291//1321 
f 2098//1304 2111//1308 2124//1474 
f 2124//1533 2111//1316 2120//1321 
f 1760//1304 1773//1308 1786//1474 
f 1786//1533 1773//1316 1782//1321 
f 1073//1304 1086//1308 1099//1474 
f 1099//1533 1086//1316 1095//1321 
f 2439//1304 2453//1308 2467//1474 
f 2467//1533 2453//1316 2463//1321 
f 1411//1304 1425//1308 1439//1474 
f 1439//1533 1425//1316 1435//1321 
f 1242//1304 1255//1308 1268//1474 
f 1268//1533 1255//1316 1264//1321 
f 2608//1304 2622//1308 2636//1474 
f 2636//1533 2622//1316 2632//1321 
f 1929//1304 1943//1308 1957//1474 
f 1957//1533 1943//1316 1953//1321 
f 866//1260 996//1431 998//1433 
f 998//1556 996//1431 1000//1436 
f 848//1236 944//1358 947//1360 
f 944//1358 942//1557 947//1522 
f 847//1238 853//1242 859//1476 
f 853//1250 863//1259 859//1558 
f 975//1494 968//1559 2752//1495 
f 968//1560 966//1530 2752//1514 
f 1683//1424 1684//1427 1681//1425 
f 1684//1429 1682//1428 1681//1550 
f 2680//1389 2698//1418 2702//1423 
f 2701//1534 2702//1423 2698//1505 
f 2171//1389 2189//1418 2193//1423 
f 2192//1534 2193//1423 2189//1505 
f 1166//1534 1167//1423 1163//1505 
f 1145//1389 1163//1418 1167//1423 
f 1313//1389 1332//1418 1336//1423 
f 1335//1534 1336//1423 1332//1505 
f 1483//1389 1501//1418 1505//1423 
f 1504//1534 1505//1423 1501//1505 
f 1831//1389 1850//1418 1854//1423 
f 1853//1534 1854//1423 1850//1505 
f 2341//1389 2359//1418 2363//1423 
f 2362//1534 2363//1423 2359//1505 
f 2511//1389 2529//1418 2533//1423 
f 2532//1534 2533//1423 2529//1505 
f 2001//1389 2019//1418 2023//1423 
f 2022//1534 2023//1423 2019//1505 
f 1010//1453 1009//1553 1012//1500 
f 846//1233 1009//1451 1010//1452 
f 877//1273 971//1395 975//1398 
f 971//1395 968//1559 975//1494 
f 1441//1329 1493//1404 1490//1400 
f 1490//1535 1493//1497 2758//1498 
f 1101//1329 1155//1404 1152//1400 
f 1152//1535 1155//1497 2759//1498 
f 2126//1329 2181//1404 2178//1400 
f 2178//1535 2181//1497 2755//1498 
f 1788//1329 1842//1404 1839//1400 
f 1839//1535 1842//1497 2802//1498 
f 1270//1329 1324//1404 1321//1400 
f 1321//1535 1324//1497 2803//1498 
f 2297//1329 2351//1404 2348//1400 
f 2348//1535 2351//1497 2754//1498 
f 2638//1329 2690//1404 2687//1400 
f 2687//1535 2690//1497 2762//1498 
f 2469//1329 2521//1404 2518//1400 
f 2518//1535 2521//1497 2757//1498 
f 1959//1329 2011//1404 2008//1400 
f 2008//1535 2011//1497 2760//1498 
f 1356//1464 2811//1536 1354//1537 
f 1354//1477 2811//1538 2745//1478 
f 2213//1464 2808//1536 2211//1537 
f 2211//1477 2808//1538 2743//1478 
f 2553//1464 2806//1536 2551//1537 
f 2551//1477 2806//1538 2744//1478 
f 2043//1464 2736//1536 2041//1537 
f 2041//1477 2736//1538 2039//1478 
f 1187//1464 2812//1536 1185//1537 
f 1185//1477 2812//1538 2746//1478 
f 1525//1464 2810//1536 1523//1537 
f 1523//1477 2810//1538 2747//1478 
f 2722//1464 2739//1536 2720//1537 
f 2720//1477 2739//1538 2718//1478 
f 1874//1464 2809//1536 1872//1537 
f 1872//1477 2809//1538 2748//1478 
f 2383//1464 2807//1536 2381//1537 
f 2381//1477 2807//1538 2742//1478 
f 2326//1542 2333//1506 2778//1486 
f 2326//1539 2778//1540 2322//1541 
f 1817//1542 1824//1506 2784//1486 
f 1817//1539 2784//1540 1813//1541 
f 1299//1542 1306//1506 2787//1486 
f 1299//1539 2787//1540 1295//1541 
f 1468//1539 2769//1540 1464//1541 
f 1468//1542 1475//1506 2769//1486 
f 1130//1542 1137//1506 2766//1486 
f 1130//1539 2766//1540 1126//1541 
f 2665//1542 2672//1506 2775//1486 
f 2665//1539 2775//1540 2661//1541 
f 1986//1539 2772//1540 1982//1541 
f 1986//1542 1993//1506 2772//1486 
f 2156//1542 2163//1506 2763//1486 
f 2156//1539 2763//1540 2152//1541 
f 2496//1539 2781//1540 2492//1541 
f 2496//1542 2503//1506 2781//1486 
f 1673//1414 1675//1415 1676//1416 
f 1673//1551 1676//1416 1678//1552 
f 905//1314 911//1316 920//1533 
f 909//1313 911//1316 905//1314 
f 1256//1310 1355//1469 1357//1468 
f 1357//1545 1355//1463 2791//1546 
f 2723//1545 2721//1463 2740//1546 
f 2624//1310 2721//1469 2723//1468 
f 1774//1310 1873//1469 1875//1468 
f 1875//1545 1873//1463 2796//1546 
f 2455//1310 2552//1469 2554//1468 
f 2554//1545 2552//1463 2792//1546 
f 2283//1310 2382//1469 2384//1468 
f 2384//1545 2382//1463 2795//1546 
f 1945//1310 2042//1469 2044//1468 
f 2044//1545 2042//1463 2737//1546 
f 1188//1545 1186//1463 2793//1546 
f 1087//1310 1186//1469 1188//1468 
f 1427//1310 1524//1469 1526//1468 
f 1526//1545 1524//1463 2790//1546 
f 2214//1545 2212//1463 2794//1546 
f 2112//1310 2212//1469 2214//1468 
f 1937//1300 1990//1382 1994//1381 
f 1994//1547 1990//1375 2773//1548 
f 2616//1300 2669//1382 2673//1381 
f 2673//1547 2669//1375 2776//1548 
f 2447//1300 2500//1382 2504//1381 
f 2504//1547 2500//1375 2782//1548 
f 2106//1300 2160//1382 2164//1381 
f 2164//1547 2160//1375 2764//1548 
f 1825//1547 1821//1375 2785//1548 
f 1768//1300 1821//1382 1825//1381 
f 1081//1300 1134//1382 1138//1381 
f 1138//1547 1134//1375 2767//1548 
f 1419//1300 1472//1382 1476//1381 
f 1476//1547 1472//1375 2770//1548 
f 2334//1547 2330//1375 2779//1548 
f 2277//1300 2330//1382 2334//1381 
f 1307//1547 1303//1375 2788//1548 
f 1250//1300 1303//1382 1307//1381 
f 850//1239 848//1236 837//1235 
f 856//1561 850//1239 837//1472 
f 2038//1553 2037//1451 2039//1454 
f 1889//1233 2037//1451 2038//1452 
f 2568//1233 2716//1451 2717//1452 
f 2717//1553 2716//1451 2718//1454 
f 1671//1554 1669//1403 2734//1555 
f 2734//1555 1669//1402 1668//1484 
f 893//1294 890//1290 897//1298 
f 893//1304 920//1474 890//1291 
f 923//1562 928//1339 926//1334 
f 925//1332 928//1336 923//1330 
f 883//1281 872//1279 884//1282 
f 872//1563 871//1265 884//1286 
f 1013//1543 2800//1502 2733//1544 
f 2801//1480 2733//1481 2800//1482 
f 1314//1395 2805//1559 1319//1494 
f 1314//1390 1311//1388 2805//1564 
f 1832//1395 2804//1559 1837//1494 
f 1832//1390 1829//1388 2804//1564 
f 1944//1309 1941//1306 1938//1305 
f 1944//1350 1938//1549 1935//1351 
f 2623//1309 2620//1306 2617//1305 
f 2623//1350 2617//1549 2614//1351 
f 2454//1309 2451//1306 2448//1305 
f 2454//1350 2448//1549 2445//1351 
f 1426//1309 1423//1306 1420//1305 
f 1426//1350 1420//1549 1417//1351 
f 1541//1236 1635//1358 1638//1360 
f 1635//1358 1633//1557 1638//1522 
f 1530//1238 1546//1242 1552//1476 
f 1546//1250 1556//1259 1552//1558 
f 1658//1560 1656//1530 2799//1514 
f 1665//1494 1658//1559 2799//1495 
f 1002//1439 1005//1443 1000//1440 
f 1005//1513 1003//1444 1000//1565 
f 940//1352 900//1566 897//1473 
f 940//1352 897//1473 889//1289 
f 1661//1395 1658//1559 1665//1494 
f 1570//1273 1661//1395 1665//1398 
f 2364//1424 2365//1427 2362//1425 
f 2365//1429 2363//1428 2362//1550 
f 2703//1424 2704//1427 2701//1425 
f 2704//1429 2702//1428 2701//1550 
f 2194//1424 2195//1427 2192//1425 
f 2195//1429 2193//1428 2192//1550 
f 1855//1424 1856//1427 1853//1425 
f 1856//1429 1854//1428 1853//1550 
f 2535//1429 2533//1428 2532//1550 
f 2534//1424 2535//1427 2532//1425 
f 1168//1424 1169//1427 1166//1425 
f 1169//1429 1167//1428 1166//1550 
f 1507//1429 1505//1428 1504//1550 
f 1506//1424 1507//1427 1504//1425 
f 1337//1424 1338//1427 1335//1425 
f 1338//1429 1336//1428 1335//1550 
f 2025//1429 2023//1428 2022//1550 
f 2024//1424 2025//1427 2022//1425 
f 1699//1458 1702//1477 2798//1479 
f 1698//1553 1699//1454 2798//1521 
f 973//1519 2797//1518 2729//1516 
f 2797//1498 2728//1483 2729//1485 
f 955//1370 951//1526 2731//1528 
f 954//1369 951//1366 955//1370 
f 995//1430 1013//1459 1015//1461 
f 1015//1461 1013//1543 2733//1544 
f 2275//1298 2269//1290 2314//1473 
f 2311//1349 2275//1309 2314//1549 
f 2140//1349 2104//1309 2143//1549 
f 2104//1298 2098//1290 2143//1473 
f 1248//1298 1242//1290 1287//1473 
f 1284//1349 1248//1309 1287//1549 
f 1115//1349 1079//1309 1118//1549 
f 1079//1298 1073//1290 1118//1473 
f 1766//1298 1760//1290 1805//1473 
f 1802//1349 1766//1309 1805//1549 
f 1806//1353 1837//1398 1840//1401 
f 1837//1507 2802//1496 1840//1508 
f 1288//1353 1319//1398 1322//1401 
f 1319//1507 2803//1496 1322//1508 
f 1598//1314 1604//1316 1613//1533 
f 1602//1313 1604//1316 1598//1314 
f 847//1238 859//1476 836//1224 
f 844//1230 847//1234 836//1227 
f 1700//1455 1698//1500 2727//1499 
f 1545//1241 1698//1453 1700//1455 
f 1688//1532 1692//1440 1693//1565 
f 1688//1436 1690//1437 1692//1440 
f 934//1344 1008//1449 1007//1446 
f 1008//1450 990//1421 1007//1448 
f 1549//1561 1543//1239 1531//1472 
f 1543//1239 1541//1236 1531//1235 
f 2405//1245 2409//1250 2403//1246 
f 2403//1246 2409//1250 2410//1558 
f 2233//1246 2239//1250 2240//1558 
f 2235//1245 2239//1250 2233//1246 
f 1039//1245 1043//1250 1037//1246 
f 1037//1246 1043//1250 1044//1558 
f 1724//1246 1730//1250 1731//1558 
f 1726//1245 1730//1250 1724//1246 
f 2524//1414 2526//1415 2527//1416 
f 2524//1551 2527//1416 2529//1552 
f 1158//1414 1160//1415 1161//1416 
f 1158//1551 1161//1416 1163//1552 
f 1496//1414 1498//1415 1499//1416 
f 1496//1551 1499//1416 1501//1552 
f 1327//1414 1329//1415 1330//1416 
f 1327//1551 1330//1416 1332//1552 
f 2014//1414 2016//1415 2017//1416 
f 2014//1551 2017//1416 2019//1552 
f 2354//1414 2356//1415 2357//1416 
f 2354//1551 2357//1416 2359//1552 
f 2184//1414 2186//1415 2187//1416 
f 2184//1551 2187//1416 2189//1552 
f 2693//1414 2695//1415 2696//1416 
f 2693//1551 2696//1416 2698//1552 
f 1845//1414 1847//1415 1848//1416 
f 1845//1551 1848//1416 1850//1552 
f 2059//1236 2147//1358 2150//1360 
f 2150//1363 2147//1524 2154//1523 
f 1352//1500 1350//1521 2745//1501 
f 1352//1503 2745//1478 2811//1504 
f 1521//1503 2747//1478 2810//1504 
f 1521//1500 1519//1521 2747//1501 
f 1183//1503 2746//1478 2812//1504 
f 1183//1500 1181//1521 2746//1501 
f 2379//1500 2377//1521 2742//1501 
f 2379//1503 2742//1478 2807//1504 
f 2549//1503 2744//1478 2806//1504 
f 2549//1500 2547//1521 2744//1501 
f 2209//1503 2743//1478 2808//1504 
f 2209//1500 2207//1521 2743//1501 
f 1870//1500 1868//1521 2748//1501 
f 1870//1503 2748//1478 2809//1504 
f 1586//1304 1613//1474 1583//1291 
f 1586//1294 1583//1290 1590//1298 
f 1618//1332 1621//1336 1616//1330 
f 1616//1562 1621//1339 1619//1334 
f 1576//1281 1565//1279 1577//1282 
f 1565//1563 1564//1265 1577//1286 
f 939//1349 906//1309 900//1549 
f 937//1347 906//1309 939//1349 
f 2691//1554 2689//1403 2761//1555 
f 2761//1555 2689//1402 2688//1484 
f 2522//1554 2520//1403 2756//1555 
f 2756//1555 2520//1402 2519//1484 
f 2753//1555 2350//1402 2349//1484 
f 2352//1554 2350//1403 2753//1555 
# 0 polygons - 3916 triangles

