# 3ds Max Wavefront OBJ Exporter v0.99 - (c)2007 guruware
# File Created: 18.07.2026 21:05:03

#
# object Group22992
#

v  19.5865 132.8825 -0.0000
v  15.6869 132.6617 -12.8472
v  13.3326 132.6322 -12.6003
v  11.1649 132.6090 -11.8692
v  9.2725 132.5927 -10.6820
v  7.7339 132.5839 -9.0843
v  6.6118 132.5832 -7.1375
v  5.9509 132.5910 -4.9164
v  5.7756 132.6076 -2.5064
v  6.0883 132.6329 -0.0000
v  6.8698 132.6664 2.5063
v  8.0826 132.7072 4.9164
v  9.6721 132.7541 7.1375
v  11.5710 132.8048 9.0843
v  13.7040 132.8572 10.6820
v  15.9896 132.9085 11.8692
v  18.3441 132.9563 12.6002
v  20.6835 132.9981 12.8471
v  22.9252 133.0319 12.6002
v  24.9901 133.0562 11.8692
v  26.8045 133.0703 10.6820
v  28.3018 133.0737 9.0843
v  29.4253 133.0670 7.1375
v  30.1304 133.0506 4.9164
v  30.3863 133.0256 2.5063
v  30.1791 132.9934 -0.0000
v  29.5110 132.9554 -2.5064
v  28.4029 132.9133 -4.9164
v  26.8926 132.8687 -7.1375
v  25.0351 132.8233 -9.0843
v  22.8994 132.7785 -10.6820
v  20.5681 132.7359 -11.8692
v  18.1315 132.6966 -12.6003
v  0.7480 -0.5606 -12.8471
v  0.7480 -0.5606 0.0000
v  -1.7583 -0.5606 -12.6003
v  -4.1683 -0.5606 -11.8692
v  -6.3894 -0.5606 -10.6820
v  -8.3363 -0.5606 -9.0843
v  -9.9340 -0.5606 -7.1375
v  -11.1212 -0.5606 -4.9164
v  -11.8522 -0.5606 -2.5063
v  -12.0991 -0.5606 0.0000
v  -11.8522 -0.5606 2.5064
v  -11.1212 -0.5606 4.9164
v  -9.9340 -0.5606 7.1375
v  -8.3363 -0.5606 9.0843
v  -6.3894 -0.5606 10.6820
v  -4.1683 -0.5606 11.8692
v  -1.7583 -0.5606 12.6003
v  0.7480 -0.5606 12.8471
v  3.2544 -0.5606 12.6003
v  5.6644 -0.5606 11.8692
v  7.8855 -0.5606 10.6820
v  9.8323 -0.5606 9.0843
v  11.4300 -0.5606 7.1375
v  12.6172 -0.5606 4.9164
v  13.3483 -0.5606 2.5064
v  13.5952 -0.5606 0.0000
v  13.3483 -0.5606 -2.5064
v  12.6172 -0.5606 -4.9164
v  11.4300 -0.5606 -7.1375
v  9.8323 -0.5606 -9.0843
v  7.8855 -0.5606 -10.6820
v  5.6644 -0.5606 -11.8692
v  3.2544 -0.5606 -12.6003
v  17.0261 123.4059 -12.8472
v  21.8535 123.4800 -11.8692
v  17.4002 114.1053 -12.8471
v  22.2147 114.1752 -11.8692
v  16.6216 104.7268 -12.8471
v  21.4852 104.7901 -11.8692
v  14.7312 95.2500 -12.8471
v  28.1756 123.6182 -7.1375
v  19.7035 95.3058 -11.8692
v  12.0352 85.6644 -12.8471
v  17.1431 85.7122 -11.8692
v  9.1806 75.9666 -12.8471
v  30.8361 123.7114 -2.5064
v  14.3965 76.0063 -11.8692
v  6.9164 66.1952 -12.8471
v  12.1516 66.2251 -11.8692
v  4.9503 56.5683 -12.8471
v  10.1367 56.5814 -11.8692
v  3.4192 47.0327 -12.8471
v  8.5630 47.0448 -11.8692
v  2.3960 37.4899 -12.8471
v  7.4867 37.4996 -11.8692
v  1.4777 27.9497 -12.8471
v  6.5116 27.9562 -11.8692
v  0.8546 18.4258 -12.8471
v  5.8187 18.4285 -11.8692
v  0.7480 8.9306 -12.8471
v  5.6644 8.9306 -11.8692
v  12.6172 8.9306 -4.9164
v  12.6213 8.9309 4.9164
v  5.6708 8.9310 11.8692
v  -1.7582 8.9307 12.6003
v  -9.9340 8.9306 7.1375
v  -11.8522 8.9306 -2.5064
v  -6.3894 8.9306 -10.6820
v  -4.0865 18.4244 -11.8692
v  -3.5060 27.9459 -11.8692
v  -4.8644 37.4831 -10.6820
v  -3.8572 47.0242 -10.6820
v  -0.0797 56.5610 -11.8692
v  1.9024 66.1828 -11.8692
v  4.2549 75.9517 -11.8692
v  7.2889 85.6436 -11.8692
v  8.2767 95.2207 -10.6820
v  12.1877 104.6916 -11.8692
v  13.0141 114.0625 -11.8692
v  12.6029 123.3566 -11.8692
v  7.6859 123.3559 -4.9164
v  7.9683 123.4097 -0.0000
v  13.5629 123.6020 9.0843
v  20.2276 123.7565 12.6002
v  31.5756 123.8202 4.9164
v  26.6799 123.8469 11.8692
v  7.4664 95.4233 4.9164
v  1.7521 85.6926 -4.9164
v  -1.2507 76.0987 2.5063
v  2.1715 27.9882 12.8471
v  1.1910 18.4445 12.8471
v  10.3427 18.4483 9.0843
v  13.4514 76.3272 12.8471
v  17.2957 66.4780 10.6820
v  21.9932 76.3223 9.0843
v  14.2027 47.1105 9.0843
v  8.4298 37.5520 11.8692
v  15.3286 37.5490 4.9164
v  22.5954 95.6907 12.6003
v  14.6999 86.0406 12.6003
v  23.6261 86.0770 10.6820
v  -6.7435 56.5664 -4.9164
v  -8.4508 47.0288 -4.9164
v  -9.1868 47.0389 -0.0000
v  -3.2979 66.3188 4.9164
v  5.8241 76.2511 10.6820
v  -11.3169 27.9526 -0.0000
v  -10.9344 18.4303 4.9164
v  -10.1999 27.9603 4.9164
v  12.7371 66.4798 12.6003
v  9.8985 56.6880 12.6003
v  2.4193 66.4096 10.6820
v  -2.5722 56.6281 9.0843
v  4.6583 56.6699 12.6003
v  26.2096 95.4258 -7.1375
v  32.0469 114.5232 4.9164
v  31.4187 105.1325 4.9164
v  31.3334 105.0573 -0.0000
v  -11.0297 18.4250 -4.9164
v  24.4939 76.2453 2.5063
v  21.9043 66.4076 2.5063
v  18.7131 66.2961 -7.1375
v  16.1778 47.0774 -4.9164
v  11.8825 37.5123 -9.0843
v  20.1303 105.1274 12.6002
v  17.9846 95.6466 12.6003
v  7.3413 104.7231 -4.9164
v  5.6693 95.2421 -7.1375
v  14.9184 37.5262 -4.9164
v  -4.7114 47.0702 9.0843
v  5.0050 47.1007 12.8471
v  -1.7461 37.5330 11.8692
v  -2.8984 27.9797 11.8692
v  -5.8795 56.6002 4.9164
v  -1.7960 76.0020 -4.9164
v  -2.1244 66.1897 -9.0843
v  -4.9529 66.2609 -0.0000
v  13.7999 27.9749 -4.9164
v  12.9307 18.4373 -4.9164
v  7.1860 27.9937 11.8692
v  14.0988 27.9915 4.9164
v  27.2589 114.5682 11.8692
v  30.0942 114.3596 -4.9164
v  26.6776 114.2635 -9.0843
v  27.1857 85.9436 -0.0000
v  22.5911 76.1373 -4.9164
v  17.4126 47.0996 2.5063
v  13.2720 95.5690 10.6820
v  -8.0686 18.4348 9.0843
v  10.7268 114.2334 4.9164
v  13.4193 104.9890 9.0843
v  -7.6876 27.9452 -9.0843
v  10.0580 47.1091 11.8692
v  3.3807 37.5447 12.8471
v  28.9493 95.5150 -2.5064
v  29.4439 104.9667 -4.9164
v  13.9989 18.4423 -0.0000
v  18.9465 56.6370 -2.5064
v  14.7010 56.5997 -9.0843
v  16.3607 114.3962 10.6820
v  26.5803 105.1908 11.8692
v  -10.3728 37.4943 -0.0000
v  -6.1622 37.5192 9.0843
v  -7.2442 27.9698 9.0843
v  31.9636 114.4504 -0.0000
v  8.2313 114.0790 -4.9164
v  17.8782 56.6833 7.1375
v  8.5671 104.8341 2.5063
v  29.7133 95.6324 4.9164
v  -7.8748 47.0533 4.9164
v  -9.1910 37.5056 4.9164
v  -9.5344 37.4865 -4.9164
v  -3.8092 18.4399 11.8692
v  7.5146 66.4558 12.6003
# 207 vertices

vn -0.0147 -0.0102 -0.9998
vn -0.0135 -0.0131 -0.9998
vn -0.0145 -0.0127 -0.9998
vn -0.0155 -0.0120 -0.9998
vn -0.0165 -0.0112 -0.9998
vn -0.0173 -0.0103 -0.9998
vn -0.0179 -0.0094 -0.9998
vn -0.0183 -0.0086 -0.9998
vn -0.0184 -0.0080 -0.9998
vn -0.0185 -0.0077 -0.9998
vn -0.0185 -0.0076 -0.9998
vn -0.0186 -0.0078 -0.9998
vn -0.0186 -0.0079 -0.9998
vn -0.0185 -0.0078 -0.9998
vn -0.0182 -0.0077 -0.9998
vn -0.0175 -0.0076 -0.9998
vn -0.0165 -0.0076 -0.9998
vn -0.0152 -0.0078 -0.9999
vn -0.0140 -0.0083 -0.9999
vn -0.0129 -0.0089 -0.9999
vn -0.0119 -0.0096 -0.9999
vn -0.0112 -0.0104 -0.9999
vn -0.0108 -0.0111 -0.9999
vn -0.0105 -0.0117 -0.9999
vn -0.0105 -0.0121 -0.9999
vn -0.0105 -0.0125 -0.9999
vn -0.0106 -0.0127 -0.9999
vn -0.0107 -0.0129 -0.9999
vn -0.0110 -0.0131 -0.9999
vn -0.0113 -0.0133 -0.9998
vn -0.0119 -0.0133 -0.9998
vn -0.0126 -0.0133 -0.9998
vn 0.0000 0.0000 1.0000
vn 0.1897 -0.9815 -0.0267
vn 0.0034 -1.0000 -0.0004
vn -0.0085 -1.0000 0.0015
vn 0.2008 -0.9795 -0.0182
vn 0.3672 -0.9288 -0.0510
vn 0.0041 -1.0000 0.0002
vn 0.5225 -0.8496 -0.0721
vn 0.3766 -0.9258 -0.0336
vn 0.2020 -0.9794 0.0043
vn 0.0038 -1.0000 0.0009
vn 0.6562 -0.7491 -0.0905
vn 0.2001 -0.9794 0.0277
vn 0.0026 -1.0000 0.0009
vn 0.7688 -0.6306 -0.1068
vn 0.7739 -0.6295 -0.0694
vn 0.1953 -0.9797 0.0459
vn 0.0005 -1.0000 -0.0001
vn 0.8600 -0.4957 -0.1211
vn 0.1890 -0.9805 0.0529
vn -0.0017 -1.0000 -0.0012
vn 0.9290 -0.3453 -0.1334
vn 0.9335 -0.3478 -0.0872
vn 0.1838 -0.9818 0.0471
vn -0.0009 -1.0000 -0.0004
vn 0.9732 -0.1798 -0.1432
vn 0.1836 -0.9822 0.0400
vn -0.0013 -1.0000 -0.0004
vn 0.1840 -0.9823 0.0338
vn -0.0016 -1.0000 -0.0004
vn 0.1854 -0.9823 0.0252
vn -0.0003 -1.0000 -0.0000
vn 0.1884 -0.9819 0.0198
vn -0.0009 -1.0000 -0.0000
vn 0.1899 -0.9817 0.0160
vn -0.0017 -1.0000 -0.0000
vn 0.1914 -0.9815 0.0080
vn 0.1942 -0.9810 0.0014
vn 0.0000 -1.0000 -0.0000
vn 0.1951 -0.9808 -0.0000
vn 0.3812 -0.9245 0.0032
vn 0.3827 -0.9239 -0.0000
vn 0.5535 -0.8328 0.0056
vn 0.5556 -0.8315 -0.0000
vn 0.7047 -0.7095 0.0085
vn 0.7071 -0.7071 -0.0000
vn 0.8291 -0.5590 0.0118
vn 0.8315 -0.5556 -0.0000
vn 0.9220 -0.3869 0.0153
vn 0.9239 -0.3827 -0.0000
vn 0.9797 -0.1996 0.0186
vn 0.9808 -0.1951 -0.0000
vn 0.9998 -0.0043 0.0212
vn 1.0000 -0.0002 -0.0000
vn 0.9812 0.1915 0.0228
vn 0.9809 0.1947 0.0002
vn 0.9246 0.3804 0.0230
vn 0.9240 0.3823 0.0004
vn 0.8318 0.5547 0.0217
vn 0.8316 0.5553 0.0005
vn 0.7065 0.7074 0.0188
vn 0.7072 0.7071 0.0006
vn 0.5540 0.8324 0.0148
vn 0.5555 0.8315 0.0004
vn 0.3806 0.9247 0.0099
vn 0.3825 0.9239 0.0003
vn 0.1930 0.9812 0.0048
vn 0.1950 0.9808 -0.0000
vn -0.0014 1.0000 -0.0000
vn 0.0000 1.0000 -0.0000
vn -0.1955 0.9807 -0.0041
vn -0.1951 0.9808 -0.0000
vn -0.3821 0.9241 -0.0071
vn -0.3827 0.9239 -0.0000
vn -0.5542 0.8324 -0.0090
vn -0.5556 0.8315 -0.0000
vn -0.7053 0.7088 -0.0099
vn -0.7071 0.7071 -0.0000
vn -0.8298 0.5580 -0.0098
vn -0.8315 0.5556 -0.0000
vn -0.9227 0.3855 -0.0091
vn -0.9239 0.3827 -0.0000
vn -0.9802 0.1978 -0.0080
vn -0.9808 0.1951 -0.0000
vn -1.0000 0.0024 -0.0068
vn -1.0000 0.0000 -0.0000
vn -0.9811 -0.1933 -0.0056
vn -0.9808 -0.1951 -0.0000
vn -0.9244 -0.3815 -0.0045
vn -0.9239 -0.3827 -0.0000
vn -0.8319 -0.5549 -0.0036
vn -0.8315 -0.5556 -0.0000
vn -0.7073 -0.7069 -0.0029
vn -0.7071 -0.7071 -0.0000
vn -0.5556 -0.8314 -0.0023
vn -0.5556 -0.8315 -0.0000
vn -0.3827 -0.9239 -0.0017
vn -0.3827 -0.9239 -0.0000
vn -0.1951 -0.9808 -0.0009
vn -0.1951 -0.9808 -0.0000
vn -0.1956 -0.9807 -0.0071
vn -0.1935 -0.9810 -0.0152
vn -0.1917 -0.9813 -0.0192
vn -0.1924 -0.9810 -0.0258
vn -0.1922 -0.9807 -0.0354
vn -0.1931 -0.9803 -0.0429
vn -0.1974 -0.9788 -0.0541
vn -0.2012 -0.9777 -0.0601
vn -0.2062 -0.9772 -0.0510
vn -0.2104 -0.9771 -0.0304
vn -0.2122 -0.9772 -0.0046
vn -0.2113 -0.9772 0.0201
vn -0.2224 -0.9744 0.0336
vn -0.4320 -0.9008 0.0431
vn -0.4398 -0.8954 0.0689
vn -0.6392 -0.7661 0.0671
vn -0.6412 -0.7601 0.1049
vn -0.8091 -0.5808 0.0897
vn -0.8047 -0.5774 0.1379
vn -0.9242 -0.3663 0.1083
vn -0.9152 -0.3679 0.1644
vn -0.9815 -0.1482 0.1214
vn -0.9709 -0.1551 0.1826
vn -0.9902 0.0547 0.1285
vn -0.9804 0.0439 0.1923
vn -0.9635 0.2338 0.1304
vn -0.9557 0.2211 0.1944
vn -0.9069 0.3761 0.1899
vn -0.8401 0.5119 0.1794
vn -0.6554 0.7493 0.0949
vn -0.7574 0.6322 0.1635
vn -0.6576 0.7399 0.1420
vn -0.5371 0.8356 0.1150
vn -0.3825 0.9224 0.0537
vn -0.3913 0.9166 0.0824
vn 0.9887 -0.0001 -0.1499
vn 0.9696 0.1917 -0.1520
vn 0.9951 -0.0070 -0.0989
vn 0.9087 0.3904 -0.1477
vn 0.9780 0.1827 -0.1009
vn 0.7993 0.5856 -0.1351
vn 0.9199 0.3796 -0.0988
vn 0.6393 0.7607 -0.1125
vn 0.8138 0.5740 -0.0913
vn 0.4370 0.8959 -0.0800
vn 0.6570 0.7499 -0.0770
vn 0.2118 0.9765 -0.0401
vn 0.4567 0.8879 -0.0560
vn -0.0123 0.9999 0.0028
vn 0.2311 0.9725 -0.0297
vn -0.2163 0.9753 0.0446
vn 0.0044 1.0000 -0.0009
vn -0.2034 0.9787 0.0276
vn -0.9319 0.2224 -0.2866
vn -0.9180 0.1932 -0.3465
vn -0.8877 0.3325 -0.3185
vn 0.1908 0.9814 0.0223
vn 0.1914 0.9814 0.0148
vn 0.3787 0.9250 0.0300
vn 0.3999 0.9068 0.1332
vn 0.5691 0.8053 0.1663
vn 0.5859 0.7881 0.1887
vn 0.5534 0.8255 0.1112
vn 0.5516 0.8300 0.0823
vn 0.7071 0.6994 0.1044
vn 0.2236 0.9729 0.0594
vn 0.2115 0.9747 0.0725
vn 0.4211 0.8963 0.1391
vn -0.9716 -0.1169 -0.2057
vn -0.9782 -0.1449 -0.1487
vn -0.9860 0.0582 -0.1563
vn -0.8182 0.5151 -0.2554
vn -0.7508 0.6195 -0.2292
vn -0.5016 0.8441 -0.1896
vn -0.9719 0.2197 -0.0850
vn -0.9179 0.3942 -0.0444
vn -0.9099 0.4064 -0.0831
vn 0.1925 0.9795 0.0586
vn 0.3794 0.9199 0.0991
vn 0.3867 0.9149 0.1158
vn -0.5045 0.8486 -0.1595
vn -0.5125 0.8485 -0.1323
vn -0.3565 0.9296 -0.0937
vn 0.7589 -0.6301 0.1645
vn 0.5070 -0.8522 0.1295
vn 0.5103 -0.8488 0.1384
vn 0.9998 -0.0146 0.0096
vn 0.9926 -0.0130 0.1209
vn 0.9746 -0.1902 0.1181
vn -0.9810 -0.1770 -0.0794
vn -0.9817 -0.1867 -0.0378
vn -0.9991 0.0105 -0.0412
vn 0.9145 -0.3223 0.2445
vn 0.9258 -0.3031 0.2260
vn 0.8583 -0.4709 0.2038
vn 0.6701 -0.7356 0.0992
vn 0.5339 -0.8435 0.0596
vn 0.5257 -0.8473 0.0753
vn -0.2031 0.9787 -0.0307
vn -0.1983 0.9785 -0.0558
vn 0.0037 1.0000 0.0015
vn -0.9835 0.0643 -0.1693
vn -0.9564 0.0438 -0.2888
vn 0.7921 -0.5981 0.1217
vn 0.8039 -0.5869 0.0965
vn 0.6806 -0.7284 0.0787
vn -0.5231 0.8463 -0.1013
vn -0.3621 0.9293 -0.0721
vn -0.1885 0.9817 -0.0274
vn -0.1902 0.9815 -0.0211
vn -0.0007 1.0000 -0.0000
vn -0.9730 0.0861 -0.2140
vn -0.9541 0.2545 -0.1580
vn -0.9362 0.2788 -0.2139
vn -0.9238 -0.2404 -0.2979
vn -0.9284 -0.2866 -0.2364
vn -0.9635 -0.0799 -0.2555
vn 0.8125 -0.5772 0.0813
vn 0.8218 -0.5678 0.0473
vn 0.6975 -0.7156 0.0370
vn 0.5520 0.8313 0.0658
vn 0.7062 0.7057 0.0567
vn 0.7062 0.7030 0.0842
vn 0.6655 0.7464 0.0039
vn 0.8149 0.5700 0.1049
vn 0.8227 0.5684 0.0053
vn 0.8655 -0.5008 0.0119
vn 0.6628 -0.7487 0.0112
vn 0.9091 -0.3358 0.2466
vn 0.8467 -0.4834 0.2222
vn 0.8584 0.4436 0.2577
vn 0.8478 0.4761 0.2338
vn 0.9276 0.2792 0.2480
vn 0.9260 0.3356 0.1728
vn 0.9784 0.1567 0.1351
vn 0.9750 0.1358 0.1757
vn -0.5182 0.8410 -0.1556
vn -0.8140 0.5756 -0.0777
vn -0.8236 0.5655 -0.0433
vn -0.6987 0.7143 -0.0399
vn -0.8469 0.5316 -0.0093
vn -0.6523 0.7500 -0.1094
vn -0.5595 -0.8222 -0.1050
vn -0.5561 -0.8277 -0.0753
vn -0.7118 -0.6955 -0.0982
vn -0.8337 -0.5485 -0.0642
vn -0.9256 -0.3769 -0.0337
vn -0.9261 -0.3702 -0.0728
vn 0.3762 0.9234 0.0764
vn -0.1872 0.9816 -0.0382
vn -0.0013 1.0000 -0.0003
vn -0.8189 -0.5737 -0.0173
vn -0.8083 -0.5742 -0.1302
vn -0.9215 -0.3570 -0.1526
vn 0.9170 -0.3465 0.1976
vn 0.8747 0.4093 0.2596
vn 0.9311 0.2452 0.2702
vn 0.9392 0.2117 0.2705
vn 0.8594 -0.5004 0.1052
vn 0.3675 -0.9262 0.0839
vn 0.3744 -0.9259 0.0500
vn 0.8326 0.5450 0.0986
vn 0.8322 0.5506 0.0660
vn 0.9250 0.3733 0.0716
vn 0.7646 -0.6197 0.1771
vn 0.7772 -0.6090 0.1581
vn 0.6581 -0.7417 0.1297
vn 0.6888 -0.7219 0.0660
vn 0.9902 -0.0442 0.1325
vn 0.9791 0.1698 0.1122
vn 0.9974 -0.0160 0.0708
vn 0.9934 -0.0296 0.1109
vn -0.2048 0.9788 -0.0010
vn 0.0049 1.0000 0.0012
vn 0.0052 1.0000 0.0001
vn 0.6587 0.7473 0.0875
vn -0.9931 0.0373 -0.1109
vn -0.5321 0.8435 -0.0730
vn -0.5397 0.8400 -0.0560
vn -0.3717 0.9275 -0.0400
vn -0.7374 -0.6387 -0.2200
vn -0.8482 -0.4871 -0.2079
vn -0.8543 -0.4473 -0.2648
vn -0.7822 -0.5843 -0.2162
vn -0.7546 -0.6068 -0.2499
vn -0.8651 -0.4040 -0.2973
vn -0.5546 -0.8311 -0.0423
vn -0.5561 -0.8309 -0.0191
vn -0.7083 -0.7055 -0.0243
vn 0.9815 -0.1914 0.0107
vn -0.9691 0.2461 -0.0144
vn -0.9345 -0.3553 -0.0188
vn 0.9683 0.1078 0.2255
vn 0.9832 -0.0652 0.1705
vn 0.9715 -0.0914 0.2188
vn -0.9052 0.3947 -0.1577
vn -0.9560 0.2416 -0.1662
vn 0.8990 0.3862 0.2064
vn 0.6383 0.7537 0.1564
vn 0.7651 0.5995 0.2348
vn 0.7929 0.5797 0.1876
vn 0.1990 0.9776 0.0680
vn -0.5352 0.8447 -0.0035
vn 0.5108 -0.8521 0.1137
vn 0.3584 -0.9312 0.0671
vn 0.3553 -0.9315 0.0781
vn -0.7893 0.5973 -0.1423
vn -0.8039 0.5860 -0.1020
vn -0.6793 0.7284 -0.0898
vn -0.3670 0.9287 -0.0520
vn 0.9247 0.3091 0.2221
vn 0.5586 0.8169 0.1440
vn 0.7154 0.6749 0.1809
vn -0.8352 -0.5434 -0.0848
vn -0.9807 -0.1645 -0.1054
vn -0.9962 0.0225 -0.0836
vn -0.5537 -0.8309 -0.0548
vn -0.7079 -0.7043 -0.0539
vn -0.7085 -0.7022 -0.0707
vn -0.6511 0.7410 -0.1642
vn -0.9569 0.1206 -0.2642
vn -0.8922 -0.3727 -0.2551
vn 0.9767 -0.0024 0.2146
vn 0.9508 -0.1660 0.2617
vn 0.9806 0.1816 0.0731
vn -0.7250 -0.6670 -0.1717
vn -0.7163 -0.6841 -0.1374
vn -0.8418 -0.5137 -0.1661
vn -0.8384 -0.5320 -0.1188
vn 0.9651 0.0776 0.2501
vn 0.8717 -0.4545 0.1833
vn -0.9655 0.2348 -0.1124
vn -0.6889 0.7216 -0.0687
vn 0.7099 0.6903 0.1400
vn 0.5527 0.8322 0.0443
vn -0.9327 0.1582 -0.3242
vn -0.3780 0.9255 -0.0250
vn -0.1937 0.9810 -0.0136
vn -0.0017 1.0000 -0.0001
vn -0.3559 0.9249 -0.1335
vn -0.3622 0.9220 -0.1366
vn 0.0016 1.0000 0.0006
vn 0.9616 0.0462 0.2706
vn -0.1884 0.9796 -0.0700
vn -0.1851 0.9809 -0.0590
vn -0.6390 -0.7627 -0.0997
vn -0.6194 -0.7675 -0.1652
vn -0.6666 0.7348 -0.1249
vn -0.7703 0.6092 -0.1887
vn -0.1852 0.9815 -0.0494
vn -0.0020 1.0000 -0.0008
vn -0.0016 1.0000 -0.0008
vn -0.9150 0.3064 -0.2624
vn 0.9628 -0.2397 0.1245
vn 0.9528 -0.2587 0.1587
vn -0.3536 0.9286 -0.1126
vn 0.9686 -0.2254 0.1047
vn 0.9752 -0.2117 0.0651
vn 0.9157 -0.3979 0.0570
vn -0.9975 0.0683 -0.0168
vn -0.3852 -0.9187 -0.0867
vn -0.5667 -0.8135 -0.1304
vn -0.3944 -0.9123 -0.1103
vn -0.8446 0.4732 -0.2506
vn -0.8668 0.4544 -0.2054
vn -0.3727 0.9215 -0.1088
vn -0.3817 0.9223 -0.0602
vn -0.3806 -0.9243 -0.0293
vn -0.3788 -0.9247 -0.0375
vn 0.6480 -0.7474 0.1469
vn 0.1892 0.9815 0.0282
vn 0.1881 0.9814 0.0382
vn -0.0012 1.0000 -0.0010
vn 0.3775 0.9249 0.0447
vn 0.3761 0.9249 0.0563
vn 0.3776 -0.9259 0.0075
vn 0.5175 -0.8499 0.0992
vn 0.3628 -0.9305 0.0504
vn -0.5483 0.8356 -0.0339
vn -0.9010 0.4198 -0.1095
vn -0.8868 0.4359 -0.1534
vn 0.3682 -0.9289 0.0397
vn 0.3724 -0.9275 0.0327
# 415 vertex normals

o Group22992
g Group22992
s off
f 1//1 2//2 3//3 
f 1//1 3//3 4//4 
f 1//1 4//4 5//5 
f 1//1 5//5 6//6 
f 1//1 6//6 7//7 
f 1//1 7//7 8//8 
f 1//1 8//8 9//9 
f 1//1 9//9 10//10 
f 1//1 10//10 11//11 
f 1//1 11//11 12//10 
f 1//1 12//10 13//12 
f 1//1 13//12 14//13 
f 1//1 14//13 15//14 
f 1//1 15//14 16//15 
f 1//1 16//15 17//16 
f 1//1 17//16 18//17 
f 1//1 18//17 19//18 
f 1//1 19//18 20//19 
f 1//1 20//19 21//20 
f 1//1 21//20 22//21 
f 1//1 22//21 23//22 
f 1//1 23//22 24//23 
f 1//1 24//23 25//24 
f 1//1 25//24 26//25 
f 1//1 26//25 27//26 
f 1//1 27//26 28//27 
f 1//1 28//27 29//28 
f 1//1 29//28 30//29 
f 1//1 30//29 31//30 
f 1//1 31//30 32//31 
f 1//1 32//31 33//32 
f 1//1 33//32 2//2 
f 34//33 35//33 36//33 
f 36//33 35//33 37//33 
f 37//33 35//33 38//33 
f 38//33 35//33 39//33 
f 39//33 35//33 40//33 
f 40//33 35//33 41//33 
f 41//33 35//33 42//33 
f 42//33 35//33 43//33 
f 43//33 35//33 44//33 
f 44//33 35//33 45//33 
f 45//33 35//33 46//33 
f 46//33 35//33 47//33 
f 47//33 35//33 48//33 
f 48//33 35//33 49//33 
f 49//33 35//33 50//33 
f 50//33 35//33 51//33 
f 51//33 35//33 52//33 
f 52//33 35//33 53//33 
f 53//33 35//33 54//33 
f 54//33 35//33 55//33 
f 55//33 35//33 56//33 
f 56//33 35//33 57//33 
f 57//33 35//33 58//33 
f 58//33 35//33 59//33 
f 59//33 35//33 60//33 
f 60//33 35//33 61//33 
f 61//33 35//33 62//33 
f 62//33 35//33 63//33 
f 63//33 35//33 64//33 
f 64//33 35//33 65//33 
f 65//33 35//33 66//33 
f 66//33 35//33 34//33 
f 33//34 67//35 2//36 
f 33//34 68//37 67//35 
f 32//38 68//37 33//34 
f 68//37 69//39 67//35 
f 31//40 68//41 32//38 
f 70//42 71//43 69//39 
f 30//44 68//41 31//40 
f 72//45 73//46 71//43 
f 29//47 74//48 30//44 
f 75//49 76//50 73//46 
f 28//51 74//48 29//47 
f 77//52 78//53 76//50 
f 27//54 79//55 28//51 
f 80//56 81//57 78//53 
f 26//58 79//55 27//54 
f 82//59 83//60 81//57 
f 84//61 85//62 83//60 
f 86//63 87//64 85//62 
f 88//65 89//66 87//64 
f 90//67 91//68 89//66 
f 92//69 93//64 91//68 
f 94//70 34//71 93//64 
f 94//70 66//72 34//71 
f 94//73 65//74 66//72 
f 94//75 64//76 65//74 
f 94//77 63//78 64//76 
f 95//79 62//80 63//78 
f 95//81 61//82 62//80 
f 95//83 60//84 61//82 
f 95//85 59//86 60//84 
f 96//87 58//88 59//86 
f 96//89 57//90 58//88 
f 96//91 56//92 57//90 
f 96//93 55//94 56//92 
f 97//95 54//96 55//94 
f 97//97 53//98 54//96 
f 97//99 52//100 53//98 
f 98//101 51//102 52//100 
f 98//103 50//104 51//102 
f 98//105 49//106 50//104 
f 98//107 48//108 49//106 
f 99//109 47//110 48//108 
f 99//111 46//112 47//110 
f 99//113 45//114 46//112 
f 99//115 44//116 45//114 
f 100//117 43//118 44//116 
f 100//119 42//120 43//118 
f 100//121 41//122 42//120 
f 100//123 40//124 41//122 
f 101//125 39//126 40//124 
f 101//127 38//128 39//126 
f 101//129 37//130 38//128 
f 101//131 36//132 37//130 
f 93//64 36//132 101//131 
f 93//64 34//71 36//132 
f 91//68 93//64 101//131 
f 89//66 91//68 102//133 
f 87//64 89//66 103//134 
f 85//62 87//64 104//135 
f 83//60 85//62 105//136 
f 81//57 83//60 106//137 
f 78//53 81//57 107//138 
f 76//50 78//53 108//139 
f 73//46 76//50 109//140 
f 71//43 73//46 110//141 
f 69//39 71//43 111//142 
f 67//35 69//39 112//143 
f 2//36 67//35 113//144 
f 2//36 113//144 3//145 
f 3//145 113//146 4//147 
f 4//147 113//148 5//149 
f 5//149 113//150 6//151 
f 6//151 114//152 7//153 
f 7//153 114//154 8//155 
f 8//155 115//156 9//157 
f 9//157 115//158 10//159 
f 10//159 115//158 11//160 
f 11//160 115//158 12//161 
f 12//161 116//162 13//163 
f 13//163 116//162 14//164 
f 14//164 116//162 15//165 
f 15//165 117//166 16//167 
f 25//168 79//55 26//58 
f 24//169 118//170 25//168 
f 23//171 118//172 24//169 
f 22//173 118//174 23//171 
f 21//175 118//176 22//173 
f 20//177 119//178 21//175 
f 19//179 119//180 20//177 
f 18//181 119//182 19//179 
f 17//183 119//184 18//181 
f 16//167 117//185 17//183 
f 77//52 80//56 78//53 
f 12//161 115//158 116//162 
f 78//53 107//138 108//139 
f 120//186 121//187 122//188 
f 83//60 105//136 106//137 
f 97//95 55//94 96//93 
f 123//189 124//190 125//191 
f 86//63 88//65 87//64 
f 126//192 127//193 128//194 
f 129//195 130//196 131//197 
f 30//44 74//48 68//41 
f 132//198 133//199 134//200 
f 135//201 136//202 137//203 
f 120//204 138//205 139//206 
f 89//66 102//133 103//134 
f 140//207 141//208 142//209 
f 143//210 144//211 127//212 
f 145//213 146//214 147//215 
f 148//216 80//217 77//218 
f 149//219 150//220 151//221 
f 140//222 152//223 141//224 
f 100//117 44//116 99//115 
f 153//225 154//226 155//227 
f 156//228 157//229 86//230 
f 158//231 159//232 132//233 
f 17//183 117//185 119//184 
f 160//234 161//235 120//186 
f 69//39 111//142 112//143 
f 156//236 162//237 157//238 
f 95//79 63//78 94//77 
f 146//214 163//239 164//240 
f 165//241 166//242 123//243 
f 135//244 137//245 167//246 
f 168//247 169//248 170//249 
f 171//250 172//251 92//252 
f 173//253 125//254 174//255 
f 175//256 150//257 149//258 
f 21//175 119//178 118//176 
f 72//45 75//49 73//46 
f 74//48 176//259 177//260 
f 73//46 109//140 110//141 
f 161//235 121//187 120//186 
f 134//200 126//192 128//194 
f 178//261 153//225 179//262 
f 128//263 127//264 154//265 
f 129//266 131//267 180//268 
f 120//204 139//206 181//269 
f 133//199 126//192 134//200 
f 99//109 48//108 98//107 
f 142//270 141//271 182//272 
f 115//158 183//273 116//162 
f 184//274 120//204 181//269 
f 106//275 105//276 136//277 
f 185//278 152//279 140//280 
f 186//281 130//196 129//195 
f 164//282 165//241 187//283 
f 6//151 113//150 114//152 
f 112//284 111//285 160//286 
f 150//220 188//287 151//221 
f 134//288 128//289 178//290 
f 189//291 148//216 75//292 
f 189//291 75//292 72//293 
f 96//87 59//86 95//85 
f 174//294 125//295 190//296 
f 82//59 84//61 83//60 
f 155//297 191//298 192//299 
f 90//67 92//69 91//68 
f 171//250 92//252 90//300 
f 180//268 131//267 162//301 
f 174//302 190//303 171//304 
f 193//305 194//306 175//307 
f 175//256 194//308 150//257 
f 136//202 195//309 137//203 
f 196//310 197//311 166//312 
f 108//313 169//314 168//315 
f 161//316 109//317 121//318 
f 185//319 102//320 152//321 
f 101//125 40//124 100//123 
f 118//170 198//322 79//55 
f 25//168 118//170 79//55 
f 182//272 99//109 98//107 
f 124//190 97//97 125//191 
f 115//158 199//323 183//273 
f 113//150 199//324 114//152 
f 81//57 106//137 107//138 
f 169//248 135//201 170//249 
f 191//298 156//228 192//299 
f 200//325 180//326 191//327 
f 201//328 120//204 184//274 
f 160//329 120//186 201//328 
f 202//330 134//288 178//290 
f 132//331 134//332 202//333 
f 138//205 145//213 139//206 
f 126//334 143//210 127//212 
f 116//162 183//273 193//335 
f 117//185 193//305 175//307 
f 148//216 155//336 80//217 
f 155//336 84//337 82//338 
f 203//339 204//340 196//341 
f 163//239 165//342 164//240 
f 127//264 200//343 154//265 
f 127//193 144//344 200//345 
f 205//346 185//278 140//280 
f 205//347 140//348 195//309 
f 144//211 186//281 129//195 
f 146//214 164//240 147//215 
f 87//64 103//134 104//135 
f 104//349 185//350 205//351 
f 138//205 146//352 145//213 
f 170//353 135//244 167//246 
f 111//285 161//354 160//286 
f 71//43 110//141 111//142 
f 176//259 72//293 177//260 
f 70//42 72//45 71//43 
f 178//261 179//262 188//287 
f 202//355 178//356 188//287 
f 190//357 96//87 95//85 
f 172//251 95//79 94//77 
f 169//358 106//359 135//360 
f 106//359 136//361 135//360 
f 183//273 184//274 193//335 
f 193//305 158//231 194//306 
f 154//362 200//325 191//327 
f 154//226 191//363 155//227 
f 195//364 140//207 142//209 
f 204//340 197//365 196//341 
f 144//344 129//366 200//345 
f 200//343 129//266 180//268 
f 125//295 96//89 190//296 
f 125//367 97//95 96//93 
f 109//317 168//315 121//318 
f 121//187 168//368 122//188 
f 149//219 151//221 198//322 
f 176//259 189//291 72//293 
f 165//241 123//243 187//283 
f 130//196 173//253 174//255 
f 131//267 171//304 162//301 
f 162//237 171//250 90//300 
f 130//196 174//255 131//197 
f 131//267 174//302 171//304 
f 88//65 90//67 89//66 
f 162//237 90//300 157//238 
f 109//317 108//313 168//315 
f 76//50 108//139 109//140 
f 194//308 202//333 150//257 
f 150//220 202//355 188//287 
f 105//276 205//351 136//277 
f 136//202 205//347 195//309 
f 141//271 99//109 182//272 
f 141//224 100//117 99//115 
f 172//251 94//77 92//252 
f 92//69 94//70 93//64 
f 152//223 100//117 141//224 
f 152//321 101//125 100//123 
f 199//323 160//329 201//328 
f 112//284 160//286 199//324 
f 194//308 132//331 202//333 
f 158//231 132//233 194//306 
f 119//178 149//258 118//176 
f 118//170 149//219 198//322 
f 113//150 112//284 199//324 
f 67//35 112//143 113//144 
f 197//311 206//369 166//312 
f 206//370 98//101 124//371 
f 119//178 175//256 149//258 
f 117//185 175//307 119//184 
f 98//101 52//100 97//99 
f 124//371 98//101 97//99 
f 181//269 139//372 133//373 
f 159//232 133//374 132//233 
f 128//289 154//362 153//375 
f 178//290 128//289 153//375 
f 84//61 86//63 85//62 
f 192//299 156//228 86//230 
f 102//320 101//125 152//321 
f 91//68 101//131 102//133 
f 74//48 177//260 68//41 
f 68//37 70//42 69//39 
f 85//62 104//135 105//136 
f 105//276 104//349 205//351 
f 133//373 139//372 126//376 
f 139//372 207//377 126//376 
f 111//378 110//379 161//316 
f 110//379 109//317 161//316 
f 75//49 77//52 76//50 
f 75//292 148//216 77//218 
f 203//339 196//341 163//380 
f 146//381 203//339 163//380 
f 147//382 164//383 144//384 
f 207//377 147//382 144//384 
f 168//368 170//353 138//385 
f 170//353 167//246 138//385 
f 183//273 201//328 184//274 
f 199//323 201//328 183//273 
f 180//326 162//386 156//387 
f 191//327 180//326 156//387 
f 145//213 147//215 207//388 
f 139//206 145//213 207//388 
f 166//242 206//370 124//371 
f 166//242 124//371 123//243 
f 171//389 190//390 172//391 
f 190//390 95//81 172//391 
f 80//56 82//59 81//57 
f 80//217 155//336 82//338 
f 114//154 199//392 115//156 
f 8//155 114//154 115//156 
f 107//393 106//275 169//394 
f 108//395 107//393 169//394 
f 138//396 167//397 146//381 
f 167//397 203//339 146//381 
f 184//274 159//398 158//399 
f 193//335 184//274 158//399 
f 103//400 102//320 185//319 
f 104//401 103//400 185//319 
f 116//162 193//335 117//166 
f 15//165 116//162 117//166 
f 188//287 155//402 148//216 
f 189//291 188//287 148//216 
f 164//383 187//403 186//404 
f 144//384 164//383 186//404 
f 153//225 155//227 179//262 
f 188//287 179//262 155//402 
f 28//51 79//55 74//48 
f 79//55 176//259 74//48 
f 181//269 133//373 159//398 
f 184//274 181//269 159//398 
f 163//239 196//310 165//342 
f 196//310 166//312 165//342 
f 79//55 198//322 176//259 
f 198//322 189//291 176//259 
f 207//377 144//384 143//405 
f 126//376 207//377 143//405 
f 168//368 138//385 122//188 
f 120//186 122//188 138//205 
f 187//403 173//406 130//407 
f 186//404 187//403 130//407 
f 68//41 177//260 70//408 
f 177//260 72//293 70//408 
f 204//340 142//270 197//365 
f 142//270 182//272 197//365 
f 192//409 86//410 84//337 
f 155//336 192//409 84//337 
f 187//403 123//189 173//406 
f 123//189 125//191 173//406 
f 198//322 151//221 189//291 
f 151//221 188//287 189//291 
f 182//411 98//105 206//369 
f 197//311 182//411 206//369 
f 137//245 204//412 203//413 
f 167//246 137//245 203//413 
f 86//230 157//229 88//414 
f 157//229 90//415 88//414 
f 137//245 195//364 204//412 
f 195//364 142//209 204//412 
# 0 polygons - 410 triangles

#
# object Sphere
#

v  -2.0794 125.9556 -19.5611
v  7.8981 122.9269 -20.0154
v  7.6795 121.8930 -9.4488
v  -1.2173 128.6291 -29.1307
v  -11.5124 130.0110 -9.4488
v  18.4646 120.6339 -9.4488
v  7.8981 122.9269 1.1177
v  18.4646 121.8930 -20.2339
v  -14.5879 141.0814 -35.1495
v  -16.9896 138.6797 -27.6540
v  -12.3329 143.3363 -40.2463
v  -7.2361 141.0814 -42.5013
v  -18.6612 137.0080 -18.8713
v  0.2594 138.6797 -44.9030
v  -0.2474 132.9135 -37.6657
v  -19.2545 136.4148 -9.4488
v  9.0421 137.0080 -46.5747
v  -11.0135 130.7367 0.2039
v  -18.6612 137.0080 -0.0264
v  18.4646 136.4148 -47.1679
v  28.1173 130.7367 -38.9269
v  -16.9896 138.6797 8.7563
v  27.8870 137.0080 -46.5747
v  -0.2474 132.9135 18.7680
v  -14.5879 141.0814 16.2518
v  36.6697 138.6797 -44.9030
v  39.0085 125.9556 -19.5611
v  29.2497 121.8930 -9.4488
v  39.3944 125.0685 -9.4488
v  48.4415 130.0110 -9.4488
v  46.6814 132.9135 -28.1608
v  56.1836 136.4148 -9.4488
v  55.5904 137.0080 -18.8713
v  53.9188 138.6797 -27.6540
v  51.5170 141.0814 -35.1495
v  44.1652 141.0814 -42.5013
v  49.2621 143.3363 -40.2463
v  18.4646 121.8930 1.3362
v  29.0311 122.9269 1.1177
v  38.1465 128.6291 10.2330
v  18.4646 130.0110 20.5281
v  27.8870 137.0080 27.6770
v  18.4646 136.4148 28.2702
v  9.0421 137.0080 27.6770
v  0.2594 138.6797 26.0053
v  -7.2361 141.0814 23.6036
v  -12.3329 143.3363 21.3487
v  36.6697 138.6797 26.0053
v  44.1652 141.0814 23.6036
v  49.2621 143.3363 21.3487
v  51.5170 141.0814 16.2518
v  47.9426 130.7367 0.2039
v  53.9188 138.6797 8.7563
v  55.5904 137.0080 -0.0264
v  7.8622 225.4082 -20.0512
v  18.4646 227.6339 -9.4489
v  18.4646 226.4416 -20.2704
v  -1.2841 219.6924 -29.1975
v  7.6430 226.4416 -9.4489
v  -7.3124 207.2064 -42.6136
v  -8.2037 211.9968 -36.1171
v  0.1983 209.6118 -45.0235
v  -12.4408 204.9392 -40.3542
v  -14.7002 207.2064 -35.2258
v  18.4646 223.2577 -30.4504
v  9.0106 211.2871 -46.6985
v  -17.1101 209.6118 -27.7151
v  -9.8523 215.3970 -28.2227
v  28.1501 217.5843 -39.0316
v  18.4646 211.8822 -47.2938
v  -18.7851 211.2871 -18.9028
v  27.9185 211.2871 -46.6985
v  -19.3804 211.8822 -9.4489
v  -11.1182 217.5843 0.2367
v  37.2384 215.3970 -37.7657
v  36.7309 209.6118 -45.0235
v  -18.7851 211.2871 0.0051
v  -17.1101 209.6118 8.8174
v  -14.7002 207.2064 16.3281
v  -0.3093 215.3970 18.8680
v  -7.3124 207.2064 23.7159
v  -12.4408 204.9392 21.4565
v  0.1983 209.6118 26.1258
v  9.0106 211.2871 27.8008
v  18.4646 218.3100 20.6342
v  18.4646 211.8822 28.3961
v  27.9185 211.2871 27.8008
v  36.7309 209.6118 26.1258
v  8.3187 222.3706 11.1631
v  18.4646 226.4416 1.3727
v  44.2415 207.2064 23.7159
v  38.2132 219.6925 10.2998
v  49.3700 204.9392 21.4565
v  51.6293 207.2064 16.3281
v  29.0669 225.4082 1.1535
v  54.0392 209.6118 8.8174
v  48.0473 217.5843 0.2367
v  55.7142 211.2871 0.0051
v  29.2861 226.4416 -9.4489
v  39.4661 223.2577 -9.4489
v  48.5476 218.3100 -9.4489
v  56.3095 211.8822 -9.4489
v  51.6293 207.2064 -35.2258
v  49.3700 204.9392 -40.3542
v  44.2415 207.2064 -42.6136
v  54.0392 209.6118 -27.7151
v  55.7142 211.2871 -18.9028
v  48.0473 217.5843 -19.1344
v  29.0669 225.4082 -20.0512
v  -14.5879 148.4332 23.6036
v  -22.7558 155.4218 18.7680
v  -16.9896 155.9287 26.0053
v  -24.9326 144.6558 0.2039
v  -18.6612 164.7114 27.6770
v  -19.3655 174.1339 28.3812
v  -30.6008 153.2041 -9.4489
v  -18.7851 183.4971 27.8008
v  -25.0810 183.7293 20.1339
v  -17.1101 192.3124 26.1258
v  -27.0402 154.4520 -29.1307
v  -14.7002 199.8324 23.7159
v  -27.1714 193.7943 10.2998
v  -14.5879 148.4332 -42.5013
v  -22.7558 155.4218 -37.6657
v  -16.9896 155.9287 -44.9030
v  -18.6612 164.7114 -46.5747
v  -25.8064 174.0393 -39.5319
v  -19.3804 174.0393 -47.2938
v  -18.7851 183.4971 -46.6985
v  -25.0810 203.6179 0.2367
v  -25.0810 203.6179 -19.1344
v  -22.8919 192.8216 -37.7657
v  -17.1101 192.3123 -45.0235
v  -14.7002 199.8324 -42.6136
v  51.5170 148.4332 23.6036
v  46.6814 155.4219 31.7715
v  53.9188 155.9287 26.0053
v  28.1172 144.6558 33.9483
v  55.5904 164.7114 27.6770
v  56.2947 174.1339 28.3812
v  8.8119 144.6558 33.9483
v  55.7142 183.4971 27.8008
v  48.0473 183.7293 34.0967
v  54.0392 192.3124 26.1258
v  -1.2173 154.4520 36.0559
v  51.6293 199.8324 23.7159
v  38.2132 193.7943 36.1871
v  -11.0135 164.4811 33.9483
v  -11.1182 183.7293 34.0967
v  28.1501 203.6179 34.0967
v  8.7790 203.6179 34.0967
v  -9.8523 192.8218 31.9076
v  62.5874 144.1569 -9.4488
v  61.8617 144.6558 0.2039
v  67.5299 153.2041 -9.4488
v  63.9693 154.4520 10.2330
v  70.7054 163.3488 -9.4488
v  70.9364 174.1339 0.9885
v  71.9646 174.1339 -9.4489
v  61.8617 164.4811 20.0292
v  70.8580 184.8656 -9.4489
v  67.6678 195.0480 -9.4489
v  66.7807 194.6609 0.6970
v  62.0101 183.7293 20.1339
v  62.7355 204.1176 -9.4489
v  59.8210 202.3548 9.3250
v  51.5170 148.4332 -42.5013
v  59.6849 145.9170 -28.1608
v  53.9188 155.9287 -44.9030
v  61.8617 164.4811 -38.9269
v  55.5904 164.7114 -46.5747
v  56.3095 174.0393 -47.2938
v  55.7142 183.4971 -46.6985
v  62.0101 183.7293 -39.0316
v  70.8580 174.0393 -20.2704
v  54.0392 192.3123 -45.0235
v  51.6293 199.8324 -42.6136
v  64.1005 193.7943 -29.1975
v  66.7807 184.1900 -30.0609
v  59.8210 202.3548 -28.2227
v  -9.7522 155.4218 -50.6692
v  8.8118 144.6558 -52.8460
v  -11.6185 174.0393 -53.7198
v  28.1173 144.6558 -52.8460
v  38.1465 154.4520 -54.9536
v  -1.2841 193.7943 -55.0848
v  46.6814 155.4219 -50.6692
v  48.5476 174.0393 -53.7198
v  8.7791 203.6179 -52.9944
v  28.1501 203.6179 -52.9944
v  46.7814 192.8217 -50.8053
v  17.9260 129.8043 -74.7704
v  24.4974 127.8095 -75.0696
v  24.3535 127.1286 -68.1103
v  19.1326 134.3869 -86.6944
v  11.7133 132.4752 -68.1103
v  31.4567 126.2993 -68.1103
v  24.4974 127.8095 -61.1509
v  31.4567 127.1286 -75.2135
v  9.6877 139.7664 -85.0372
v  8.1059 138.1846 -80.1005
v  11.1728 141.2516 -88.3941
v  14.5297 139.7664 -89.8793
v  7.0049 137.0836 -74.3161
v  19.4664 138.1846 -91.4611
v  6.6142 136.6929 -68.1103
v  25.2509 137.0836 -92.5621
v  7.0049 137.0836 -61.9044
v  31.4567 136.6929 -92.9528
v  38.1169 129.8043 -81.6409
v  8.1059 138.1846 -56.1200
v  37.6625 137.0836 -92.5621
v  19.1326 134.3869 -49.5261
v  9.6877 139.7664 -51.1833
v  43.4470 138.1846 -91.4611
v  43.7807 134.3869 -86.6944
v  44.9873 129.8043 -74.7704
v  38.5600 127.1286 -68.1103
v  45.2415 129.2200 -68.1103
v  51.2001 132.4752 -68.1103
v  56.2992 136.6929 -68.1103
v  55.9085 137.0836 -74.3161
v  54.8075 138.1846 -80.1005
v  53.2257 139.7664 -85.0372
v  48.3836 139.7664 -89.8793
v  51.7405 141.2516 -88.3941
v  31.4567 127.1286 -61.0070
v  38.4160 127.8095 -61.1509
v  44.4196 131.5651 -55.1474
v  31.4567 132.4753 -48.3668
v  37.6625 137.0836 -43.6585
v  31.4567 136.6929 -43.2677
v  25.2509 137.0836 -43.6585
v  19.4664 138.1846 -44.7594
v  14.5297 139.7664 -46.3413
v  11.1728 141.2516 -47.8264
v  43.4470 138.1846 -44.7594
v  48.3836 139.7664 -46.3413
v  51.7405 141.2516 -47.8264
v  53.2257 139.7664 -51.1833
v  54.8075 138.1846 -56.1200
v  55.9085 137.0836 -61.9044
v  24.4738 195.3057 -75.0932
v  31.4567 196.7716 -68.1103
v  31.4567 195.9864 -75.2376
v  18.4499 191.5412 -81.1171
v  24.3294 195.9864 -68.1103
v  14.4795 183.3177 -89.9532
v  19.4262 184.9019 -91.5404
v  11.1018 181.8244 -88.4652
v  9.6137 183.3177 -85.0875
v  31.4567 193.8894 -81.9423
v  25.2301 186.0053 -92.6436
v  8.0265 184.9019 -80.1408
v  37.8358 190.1528 -87.5941
v  31.4567 186.3972 -93.0357
v  6.9233 186.0053 -74.3368
v  37.6832 186.0053 -92.6436
v  6.5312 186.3972 -68.1103
v  11.9729 190.1528 -61.7312
v  43.8215 188.7122 -86.7603
v  43.4872 184.9019 -91.5404
v  6.9233 186.0053 -61.8837
v  8.0265 184.9019 -56.0797
v  9.6137 183.3177 -51.1331
v  14.4795 183.3177 -46.2673
v  11.1018 181.8244 -47.7554
v  19.4262 184.9019 -44.6801
v  25.2301 186.0053 -43.5769
v  31.4567 190.6307 -48.2970
v  31.4567 186.3972 -43.1848
v  37.6832 186.0053 -43.5769
v  43.4872 184.9019 -44.6801
v  17.8812 193.3051 -61.4280
v  31.4567 195.9864 -60.9830
v  48.4339 183.3177 -46.2673
v  44.4635 191.5412 -55.1034
v  51.8116 181.8244 -47.7554
v  53.2997 183.3177 -51.1331
v  38.4396 195.3057 -61.1273
v  54.8868 184.9019 -56.0797
v  55.9900 186.0053 -61.8837
v  38.5840 195.9864 -68.1103
v  45.2887 193.8894 -68.1103
v  51.2700 190.6307 -68.1103
v  56.3821 186.3972 -68.1103
v  53.2997 183.3177 -85.0875
v  51.8116 181.8244 -88.4652
v  48.4339 183.3177 -89.9532
v  54.8868 184.9019 -80.1408
v  55.9900 186.0053 -74.3368
v  9.6877 144.6085 -46.3413
v  4.3082 149.2113 -49.5261
v  8.1059 149.5452 -44.7594
v  2.8745 142.1206 -61.7528
v  7.0049 155.3296 -43.6585
v  6.5410 161.5354 -43.1946
v  -0.8587 147.7507 -68.1103
v  6.9233 167.7022 -43.5769
v  2.7767 167.8552 -48.6265
v  8.0265 173.5082 -44.6801
v  1.4863 148.5726 -81.0731
v  9.6137 178.4610 -46.2673
v  1.4000 174.4842 -55.1034
v  9.6877 144.6085 -89.8793
v  8.1059 149.5452 -91.4611
v  7.0049 155.3296 -92.5621
v  4.2185 173.8436 -86.7603
v  6.5312 161.4732 -93.0357
v  6.9233 167.7022 -92.6436
v  2.7767 180.9542 -61.7312
v  2.7767 180.9542 -74.4893
v  8.0265 173.5082 -91.5404
v  9.6137 178.4610 -89.9532
v  53.2257 144.6085 -46.3413
v  43.7807 142.9513 -40.9617
v  54.8075 149.5452 -44.7594
v  55.9085 155.3296 -43.6585
v  31.4567 141.7920 -39.0501
v  56.3723 161.5354 -43.1946
v  55.9900 167.7022 -43.5769
v  50.9405 167.8552 -39.4303
v  54.8868 173.5082 -44.6801
v  18.4938 148.5726 -38.1399
v  53.2997 178.4610 -46.2673
v  44.4635 174.4842 -38.0535
v  12.0419 155.1780 -39.5280
v  11.9729 167.8552 -39.4303
v  37.8358 180.9542 -39.4303
v  25.0776 180.9542 -39.4303
v  60.5169 141.7920 -68.1103
v  61.4270 148.5726 -55.1474
v  63.7721 147.7507 -68.1103
v  65.8636 154.4322 -68.1103
v  66.0157 161.5354 -61.2360
v  66.6929 161.5354 -68.1103
v  60.0389 155.1780 -48.6954
v  65.9640 168.6036 -68.1103
v  63.8629 175.3099 -68.1103
v  63.2787 175.0550 -61.4280
v  60.1367 167.8552 -48.6265
v  60.6144 181.2833 -68.1103
v  58.6949 180.1223 -55.7454
v  53.2257 144.6085 -89.8793
v  58.6052 149.2114 -86.6944
v  54.8075 149.5452 -91.4611
v  60.0389 142.1206 -74.4677
v  55.9085 155.3296 -92.5621
v  60.6144 161.4732 -87.9236
v  56.3821 161.4732 -93.0357
v  55.9900 167.7022 -92.6436
v  65.9640 161.4732 -75.2375
v  54.8868 173.5082 -91.5404
v  53.2997 178.4610 -89.9532
v  58.6949 180.1223 -80.4751
v  12.8725 149.2113 -95.2588
v  11.6434 161.4732 -97.2680
v  31.4567 147.7507 -100.4257
v  44.4196 148.5726 -98.0806
v  18.4499 174.4842 -98.1670
v  50.1067 173.8437 -95.3484
v  25.0776 180.9542 -96.7902
v  37.8358 180.9542 -96.7902
v  62.5041 173.3499 -42.0674
v  67.8845 171.7166 -42.3124
v  67.7667 171.1591 -36.6142
v  63.4920 177.1020 -51.8305
v  57.4172 175.5368 -36.6142
v  73.5827 170.4801 -36.6142
v  67.8845 171.7166 -30.9161
v  73.5827 171.1591 -42.4302
v  55.7587 181.5067 -50.4737
v  54.4635 180.2115 -46.4316
v  56.9747 182.7227 -53.2222
v  59.7232 181.5067 -54.4382
v  53.5620 179.3101 -41.6954
v  63.7653 180.2115 -55.7334
v  53.2421 178.9902 -36.6142
v  68.5015 179.3101 -56.6349
v  53.5620 179.3101 -31.5330
v  73.5827 178.9901 -56.9548
v  79.0359 173.3499 -47.6928
v  54.4635 180.2115 -26.7968
v  78.6639 179.3101 -56.6349
v  63.4920 177.1021 -21.3979
v  55.7587 181.5067 -22.7548
v  83.4001 180.2115 -55.7334
v  84.6613 173.3499 -42.0674
v  79.3987 171.1591 -36.6142
v  84.8694 172.8715 -36.6142
v  89.7482 175.5368 -36.6142
v  93.9232 178.9902 -36.6142
v  93.6033 179.3101 -41.6954
v  92.7019 180.2115 -46.4316
v  91.4067 181.5067 -50.4737
v  87.4421 181.5067 -54.4382
v  90.1907 182.7227 -53.2222
v  73.5827 171.1591 -30.7982
v  79.2808 171.7166 -30.9161
v  84.1964 174.7916 -26.0005
v  73.5827 175.5368 -20.4487
v  78.6639 179.3101 -16.5936
v  73.5827 178.9902 -16.2736
v  68.5015 179.3101 -16.5936
v  63.7653 180.2115 -17.4950
v  59.7232 181.5067 -18.7902
v  56.9747 182.7227 -20.0062
v  83.4001 180.2115 -17.4950
v  87.4421 181.5067 -18.7902
v  90.1907 182.7227 -20.0062
v  91.4067 181.5067 -22.7548
v  92.7019 180.2115 -26.7968
v  93.6033 179.3101 -31.5330
v  67.8652 226.9812 -42.3317
v  73.5827 228.1814 -36.6142
v  73.5827 227.5385 -42.4499
v  62.9329 223.8989 -47.2640
v  67.7470 227.5385 -36.6142
v  59.6821 217.1656 -54.4988
v  63.7323 218.4627 -55.7984
v  56.9165 215.9430 -53.2804
v  55.6981 217.1656 -50.5148
v  73.5827 225.8215 -47.9396
v  68.4845 219.3662 -56.7016
v  54.3985 218.4627 -46.4646
v  83.7067 221.5825 -51.8845
v  73.5827 219.6871 -57.0227
v  53.4953 219.3662 -41.7124
v  78.6808 219.3662 -56.7016
v  53.1742 219.6871 -36.6142
v  57.6297 222.7620 -31.3911
v  83.4330 218.4627 -55.7984
v  53.4953 219.3662 -31.5160
v  54.3985 218.4627 -26.7639
v  55.6981 217.1656 -22.7136
v  59.6821 217.1656 -18.7296
v  56.9165 215.9430 -19.9480
v  63.7323 218.4627 -17.4301
v  68.4845 219.3662 -16.5268
v  73.5827 223.1534 -20.3915
v  73.5827 219.6871 -16.2058
v  78.6808 219.3662 -16.5268
v  83.4330 218.4627 -17.4301
v  62.4674 225.3431 -31.1429
v  73.5827 227.5385 -30.7785
v  87.4833 217.1656 -18.7296
v  84.2324 223.8989 -25.9645
v  90.2489 215.9430 -19.9480
v  91.4673 217.1656 -22.7136
v  79.3002 226.9812 -30.8967
v  92.7668 218.4627 -26.7639
v  93.6701 219.3662 -31.5160
v  79.4184 227.5385 -36.6142
v  84.9080 225.8215 -36.6142
v  89.8054 223.1534 -36.6142
v  93.9911 219.6871 -36.6142
v  91.4673 217.1656 -50.5148
v  90.2489 215.9430 -53.2804
v  87.4833 217.1656 -54.4988
v  92.7668 218.4627 -46.4646
v  93.6701 219.3662 -41.7124
v  55.7587 185.4713 -18.7902
v  51.3540 189.2400 -21.3979
v  54.4635 189.5133 -17.4950
v  50.1801 183.4343 -31.4088
v  53.5620 194.2495 -16.5936
v  53.1822 199.3307 -16.2138
v  53.4953 204.3800 -16.5268
v  50.1001 204.5052 -20.6613
v  54.3985 209.1338 -17.4301
v  49.0436 188.7170 -47.2280
v  55.6981 213.1891 -18.7296
v  48.9728 209.9329 -25.9645
v  55.7587 185.4713 -54.4382
v  54.4635 189.5133 -55.7334
v  53.5620 194.2495 -56.6349
v  51.2806 209.4084 -51.8845
v  53.1742 199.2797 -57.0227
v  53.4953 204.3800 -56.7016
v  50.1001 215.2304 -31.3911
v  50.1001 215.2304 -41.8373
v  54.3985 209.1338 -55.7984
v  55.6981 213.1890 -54.4988
v  91.4067 185.4713 -18.7902
v  83.6734 184.1144 -14.3855
v  92.7019 189.5133 -17.4950
v  93.6033 194.2495 -16.5936
v  79.0359 188.2521 -10.6334
v  93.9831 199.3307 -16.2138
v  93.6701 204.3800 -16.5268
v  89.5356 204.5052 -13.1316
v  92.7668 209.1338 -17.4301
v  62.9689 188.7170 -12.0751
v  91.4673 213.1891 -18.7296
v  84.2324 209.9329 -12.0044
v  57.6297 204.5052 -13.1316
v  78.8058 215.2304 -13.1316
v  68.3596 215.2304 -13.1316
v  97.3766 183.1652 -36.6142
v  98.1218 188.7170 -26.0005
v  100.0419 188.0440 -36.6142
v  101.7543 193.5147 -36.6142
v  102.4333 199.3307 -36.6142
v  96.9853 194.1254 -20.7178
v  101.8366 205.1180 -36.6142
v  100.1163 210.6090 -36.6142
v  99.6379 210.4003 -31.1429
v  97.0653 204.5052 -20.6613
v  97.4565 215.4999 -36.6142
v  91.4067 185.4713 -54.4382
v  96.9853 183.4343 -41.8196
v  92.7019 189.5133 -55.7334
v  93.6033 194.2495 -56.6349
v  97.4565 199.2797 -52.8369
v  93.9911 199.2797 -57.0227
v  93.6701 204.3800 -56.7016
v  101.8366 199.2797 -42.4499
v  92.7668 209.1338 -55.7984
v  91.4673 213.1890 -54.4988
v  95.8848 214.5493 -46.7383
v  58.3663 189.2400 -58.8429
v  57.3600 199.2797 -60.4880
v  73.5827 188.0440 -63.0734
v  84.1964 188.7170 -61.1533
v  62.9329 209.9329 -61.2241
v  88.8530 209.4084 -58.9163
v  68.3596 215.2304 -60.0968
v  78.8057 215.2304 -60.0968
v  -5.8972 191.1714 -15.0453
v  -0.3754 189.4952 -15.2967
v  -0.4963 188.9230 -9.4489
v  -4.8833 195.0221 -25.0649
v  -11.1177 193.4157 -9.4489
v  5.4724 188.2261 -9.4489
v  -0.3754 189.4952 -3.6010
v  5.4724 188.9230 -15.4176
v  -12.8198 199.5424 -23.6724
v  -14.1490 198.2132 -19.5241
v  -11.5718 200.7904 -26.4931
v  -8.7511 199.5424 -27.7411
v  -15.0741 197.2881 -14.6635
v  -4.6028 198.2132 -29.0703
v  -15.4024 196.9598 -9.4489
v  0.2578 197.2881 -29.9954
v  -15.0741 197.2881 -4.2342
v  5.4724 196.9598 -30.3237
v  11.0689 191.1714 -20.8185
v  -14.1490 198.2132 0.6264
v  10.6871 197.2881 -29.9954
v  -4.8833 195.0221 6.1672
v  -12.8198 199.5424 4.7746
v  15.5477 198.2132 -29.0703
v  11.4412 188.9230 -9.4489
v  17.0556 190.6804 -9.4489
v  22.0626 193.4157 -9.4489
v  21.0885 195.0221 -19.8046
v  26.3473 196.9598 -9.4489
v  26.0190 197.2881 -14.6635
v  25.0939 198.2132 -19.5241
v  23.7647 199.5424 -23.6724
v  19.6959 199.5424 -27.7411
v  22.5167 200.7904 -26.4931
v  5.4724 188.9230 -3.4801
v  11.3203 189.4952 -3.6010
v  16.3650 192.6509 1.4437
v  5.4724 193.4157 7.1413
v  10.6871 197.2881 11.0977
v  5.4724 196.9598 11.4260
v  0.2578 197.2881 11.0977
v  -4.6028 198.2132 10.1726
v  -8.7511 199.5424 8.8434
v  -11.5718 200.7904 7.5954
v  15.5477 198.2132 10.1726
v  19.6959 199.5424 8.8434
v  22.5167 200.7904 7.5954
v  23.7647 199.5424 4.7746
v  25.0939 198.2132 0.6264
v  26.0190 197.2881 -4.2342
v  -0.3952 246.2114 -15.3165
v  5.4724 247.4431 -9.4489
v  5.4724 246.7833 -15.4378
v  -5.4570 243.0481 -20.3783
v  -0.5166 246.7833 -9.4489
v  -8.7933 236.1380 -27.8032
v  -4.6367 237.4692 -29.1369
v  -11.6315 234.8832 -26.5528
v  -12.8819 236.1380 -23.7146
v  5.4724 245.0212 -21.0717
v  0.2404 238.3963 -30.0639
v  -14.2156 237.4692 -19.5580
v  10.8327 241.8814 -25.8209
v  5.4725 238.7257 -30.3934
v  -15.1426 238.3964 -14.6810
v  10.7045 238.3963 -30.0639
v  -15.4721 238.7257 -9.4489
v  -10.8996 241.8814 -4.0886
v  15.8624 240.6709 -25.1203
v  15.5815 237.4692 -29.1369
v  -15.1426 238.3964 -4.2168
v  -14.2156 237.4692 0.6602
v  -12.8819 236.1380 4.8169
v  -8.7933 236.1380 8.9055
v  -11.6315 234.8832 7.6551
v  -4.6367 237.4692 10.2392
v  0.2404 238.3964 11.1662
v  5.4724 242.2831 7.2000
v  5.4724 238.7257 11.4957
v  10.7045 238.3964 11.1662
v  15.5815 237.4692 10.2392
v  -5.9349 244.5303 -3.8338
v  5.4724 246.7833 -3.4599
v  19.7382 236.1380 8.9055
v  16.4019 243.0481 1.4806
v  22.5764 234.8832 7.6551
v  23.8268 236.1380 4.8169
v  11.3401 246.2114 -3.5812
v  25.1605 237.4692 0.6602
v  26.0875 238.3964 -4.2168
v  11.4614 246.7833 -9.4489
v  17.0953 245.0212 -9.4489
v  22.1213 242.2831 -9.4489
v  26.4170 238.7257 -9.4489
v  23.8268 236.1380 -23.7146
v  22.5764 234.8832 -26.5528
v  19.7382 236.1380 -27.8032
v  25.1605 237.4692 -19.5580
v  26.0875 238.3964 -14.6810
v  -12.8198 203.6111 8.8434
v  -17.3401 207.4788 6.1672
v  -14.1490 207.7594 10.1726
v  -18.5449 201.5206 -4.1068
v  -15.0741 212.6200 11.0977
v  -15.4639 217.8346 11.4874
v  -15.1426 223.0165 11.1662
v  -18.6270 223.1451 6.9231
v  -14.2156 227.8952 10.2392
v  -19.7113 206.9421 -20.3414
v  -12.8819 232.0570 8.9055
v  -19.7838 228.7153 1.4806
v  -12.8198 203.6111 -27.7411
v  -14.1490 207.7594 -29.0703
v  -15.0741 212.6200 -29.9954
v  -17.4154 228.1770 -25.1203
v  -15.4721 217.7823 -30.3934
v  -15.1426 223.0165 -30.0639
v  -18.6270 234.1520 -4.0886
v  -18.6270 234.1520 -14.8091
v  -14.2156 227.8952 -29.1369
v  -12.8819 232.0570 -27.8032
v  23.7647 203.6111 8.8434
v  21.0885 207.4789 13.3637
v  25.0939 207.7594 10.1726
v  11.0689 206.4650 17.2144
v  26.0190 212.6200 11.0977
v  26.4088 217.8346 11.4874
v  0.1304 201.5206 14.5684
v  26.0875 223.0165 11.1662
v  21.8444 223.1451 14.6505
v  25.1605 227.8952 10.2392
v  23.8268 232.0570 8.9055
v  16.4019 228.7153 15.8074
v  -10.8416 212.4925 14.5684
v  -10.8996 223.1451 14.6505
v  10.8327 234.1520 14.6505
v  0.1122 234.1520 14.6505
v  29.8914 201.2445 -9.4489
v  30.6561 206.9421 1.4437
v  32.6267 206.2515 -9.4489
v  34.3841 211.8659 -9.4489
v  35.0809 217.8346 -9.4489
v  29.4897 212.4925 6.8652
v  34.4685 223.7739 -9.4489
v  32.7030 229.4091 -9.4489
v  32.2120 229.1949 -3.8338
v  29.5719 223.1451 6.9231
v  29.9733 234.4285 -9.4489
v  23.7647 203.6111 -27.7411
v  29.4897 201.5206 -14.7910
v  25.0939 207.7594 -29.0703
v  26.0190 212.6200 -29.9954
v  29.9733 217.7823 -26.0977
v  26.4170 217.7823 -30.3934
v  26.0875 223.0165 -30.0639
v  34.4685 217.7823 -15.4378
v  25.1605 227.8952 -29.1369
v  23.8268 232.0570 -27.8032
v  28.3603 233.4530 -19.8389
v  -10.1436 207.4788 -32.2614
v  0.1303 201.5206 -33.4662
v  -6.1504 217.7823 -36.6794
v  16.3650 206.9421 -34.6326
v  -5.4570 228.7153 -34.7052
v  21.1438 228.1771 -32.3368
v  0.1122 234.1520 -33.5483
v  10.8327 234.1520 -33.5483
v  11.7166 173.3499 20.1373
v  17.0971 171.7166 19.8924
v  16.9793 171.1591 25.5905
v  12.7046 177.1020 10.3742
v  6.6297 175.5368 25.5905
v  22.7953 170.4801 25.5905
v  17.0971 171.7166 31.2887
v  22.7953 171.1591 19.7745
v  4.9713 181.5067 11.7311
v  3.6761 180.2115 15.7731
v  6.1873 182.7227 8.9825
v  8.9358 181.5067 7.7665
v  2.7746 179.3101 20.5093
v  12.9779 180.2115 6.4713
v  2.4547 178.9902 25.5905
v  17.7141 179.3101 5.5699
v  2.7746 179.3101 30.6717
v  22.7953 178.9901 5.2499
v  28.2485 173.3499 14.5119
v  3.6761 180.2115 35.4079
v  27.8765 179.3101 5.5699
v  12.7046 177.1021 40.8069
v  4.9713 181.5067 39.4500
v  32.6127 180.2115 6.4713
v  33.8739 173.3499 20.1373
v  28.6113 171.1591 25.5905
v  34.0820 172.8715 25.5905
v  38.9608 175.5368 25.5905
v  43.1358 178.9902 25.5905
v  42.8159 179.3101 20.5093
v  41.9145 180.2115 15.7731
v  40.6193 181.5067 11.7311
v  36.6547 181.5067 7.7665
v  39.4033 182.7227 8.9825
v  22.7953 171.1591 31.4065
v  28.4934 171.7166 31.2887
v  33.4090 174.7916 36.2043
v  22.7953 175.5368 41.7561
v  27.8765 179.3101 45.6112
v  22.7953 178.9902 45.9311
v  17.7141 179.3101 45.6112
v  12.9779 180.2115 44.7097
v  8.9358 181.5067 43.4145
v  6.1873 182.7227 42.1985
v  32.6127 180.2115 44.7097
v  36.6547 181.5067 43.4145
v  39.4033 182.7227 42.1985
v  40.6193 181.5067 39.4500
v  41.9145 180.2115 35.4079
v  42.8159 179.3101 30.6717
v  17.0778 226.9812 19.8730
v  22.7953 228.1814 25.5905
v  22.7953 227.5385 19.7548
v  12.1455 223.8989 14.9408
v  16.9596 227.5385 25.5905
v  8.8947 217.1656 7.7059
v  12.9449 218.4627 6.4064
v  6.1291 215.9430 8.9243
v  4.9107 217.1656 11.6899
v  22.7953 225.8215 14.2651
v  17.6971 219.3661 5.5031
v  3.6111 218.4627 15.7401
v  32.9193 221.5825 10.3202
v  22.7953 219.6871 5.1820
v  2.7079 219.3662 20.4923
v  27.8934 219.3661 5.5031
v  2.3868 219.6871 25.5905
v  6.8423 222.7620 30.8136
v  32.6456 218.4627 6.4064
v  2.7079 219.3662 30.6887
v  3.6111 218.4627 35.4409
v  4.9107 217.1656 39.4911
v  8.8947 217.1656 43.4751
v  6.1291 215.9430 42.2567
v  12.9449 218.4627 44.7747
v  17.6971 219.3662 45.6779
v  22.7953 223.1534 41.8132
v  22.7953 219.6871 45.9990
v  27.8934 219.3662 45.6779
v  32.6456 218.4627 44.7747
v  11.6800 225.3431 31.0618
v  22.7953 227.5385 31.4262
v  36.6959 217.1656 43.4751
v  33.4450 223.8989 36.2402
v  39.4615 215.9430 42.2567
v  40.6799 217.1656 39.4911
v  28.5128 226.9812 31.3080
v  41.9794 218.4627 35.4409
v  42.8827 219.3662 30.6887
v  28.6310 227.5385 25.5905
v  34.1206 225.8215 25.5905
v  39.0180 223.1534 25.5905
v  43.2037 219.6871 25.5905
v  40.6799 217.1656 11.6899
v  39.4615 215.9430 8.9243
v  36.6959 217.1656 7.7059
v  41.9794 218.4627 15.7401
v  42.8827 219.3662 20.4923
v  4.9713 185.4713 43.4145
v  0.5666 189.2400 40.8068
v  3.6761 189.5133 44.7097
v  -0.6073 183.4343 30.7959
v  2.7746 194.2495 45.6112
v  2.3948 199.3307 45.9910
v  2.7079 204.3800 45.6779
v  -0.6873 204.5052 41.5435
v  3.6111 209.1338 44.7747
v  -1.7438 188.7170 14.9768
v  4.9107 213.1891 43.4751
v  -1.8146 209.9329 36.2402
v  4.9713 185.4713 7.7665
v  3.6761 189.5133 6.4713
v  2.7746 194.2495 5.5699
v  0.4932 209.4084 10.3202
v  2.3868 199.2797 5.1820
v  2.7079 204.3800 5.5031
v  -0.6873 215.2304 30.8136
v  -0.6873 215.2304 20.3675
v  3.6111 209.1338 6.4064
v  4.9107 213.1890 7.7059
v  40.6193 185.4713 43.4145
v  38.0116 189.2400 47.8192
v  41.9145 189.5133 44.7097
v  28.2485 188.2521 51.5713
v  42.8159 194.2495 45.6112
v  43.1957 199.3307 45.9910
v  17.5899 183.4343 48.9931
v  42.8827 204.3800 45.6779
v  38.7482 204.5052 49.0731
v  41.9794 209.1338 44.7747
v  40.6799 213.1891 43.4751
v  33.4450 209.9329 50.2004
v  6.8988 194.1254 48.9931
v  6.8423 204.5052 49.0731
v  28.0184 215.2304 49.0731
v  17.5722 215.2304 49.0731
v  46.5892 183.1652 25.5905
v  47.3344 188.7170 36.2043
v  49.2545 188.0440 25.5905
v  50.9669 193.5147 25.5905
v  51.6459 199.3307 25.5905
v  46.1978 194.1254 41.4870
v  51.0492 205.1180 25.5905
v  49.3289 210.6090 25.5905
v  48.8505 210.4003 31.0618
v  46.2779 204.5052 41.5435
v  46.6691 215.4999 25.5905
v  40.6193 185.4713 7.7665
v  45.0240 184.1144 15.4998
v  41.9145 189.5133 6.4713
v  42.8159 194.2495 5.5699
v  43.2037 199.2797 5.1820
v  42.8827 204.3800 5.5031
v  49.3289 199.2797 14.2651
v  41.9794 209.1338 6.4064
v  40.6799 213.1890 7.7059
v  45.0974 214.5493 15.4664
v  7.5789 189.2400 3.3618
v  6.5726 199.2797 1.7167
v  22.7953 188.0440 -0.8687
v  33.4090 188.7170 1.0514
v  12.1455 209.9329 0.9807
v  38.0656 209.4084 3.2884
v  17.5722 215.2304 2.1079
v  28.0183 215.2304 2.1079
v  45.4851 129.8043 27.5918
v  52.0564 127.8096 27.2926
v  51.9125 127.1286 34.2519
v  46.6917 134.3869 15.6678
v  39.2723 132.4753 34.2519
v  59.0157 126.2993 34.2519
v  52.0564 127.8096 41.2113
v  59.0157 127.1286 27.1487
v  37.2467 139.7664 17.3250
v  35.6649 138.1846 22.2617
v  38.7319 141.2516 13.9681
v  42.0888 139.7664 12.4829
v  34.5639 137.0836 28.0461
v  47.0255 138.1846 10.9011
v  34.1732 136.6929 34.2519
v  52.8099 137.0836 9.8001
v  34.5639 137.0836 40.4578
v  59.0157 136.6929 9.4094
v  65.3732 132.9532 14.8371
v  35.6649 138.1846 46.2422
v  65.2216 137.0836 9.8001
v  46.6917 134.3869 52.8361
v  37.2467 139.7664 51.1789
v  71.0060 138.1846 10.9011
v  65.6759 129.8043 20.7213
v  66.1190 127.1286 34.2519
v  72.8005 129.2200 34.2519
v  78.7592 132.4753 34.2519
v  77.5999 134.3869 21.9279
v  83.8583 136.6929 34.2519
v  83.4675 137.0836 28.0461
v  82.3666 138.1846 22.2617
v  80.7847 139.7664 17.3250
v  75.9427 139.7664 12.4829
v  79.2996 141.2516 13.9681
v  59.0157 127.1286 41.3552
v  65.9751 127.8096 41.2113
v  71.9786 131.5651 47.2148
v  59.0157 132.4753 53.9954
v  65.2216 137.0836 58.7037
v  59.0157 136.6929 59.0945
v  52.8099 137.0836 58.7037
v  47.0255 138.1846 57.6028
v  42.0888 139.7664 56.0209
v  38.7319 141.2516 54.5358
v  71.0060 138.1846 57.6028
v  75.9427 139.7664 56.0209
v  79.2996 141.2516 54.5358
v  80.7847 139.7664 51.1789
v  82.3666 138.1846 46.2422
v  83.4675 137.0836 40.4578
v  52.0328 195.3057 27.2690
v  59.0157 196.7716 34.2519
v  59.0157 195.9864 27.1247
v  46.0089 191.5412 21.2451
v  51.8884 195.9864 34.2519
v  42.0386 183.3177 12.4090
v  46.9852 184.9019 10.8218
v  38.6608 181.8244 13.8970
v  37.1728 183.3177 17.2747
v  59.0157 193.8894 20.4199
v  52.7892 186.0053 9.7186
v  35.5856 184.9019 22.2214
v  65.3948 190.1528 14.7681
v  59.0158 186.3972 9.3265
v  34.4824 186.0053 28.0254
v  65.2423 186.0053 9.7186
v  34.0903 186.3972 34.2519
v  39.5319 190.1528 40.6310
v  71.3806 188.7122 15.6019
v  71.0463 184.9019 10.8218
v  34.4824 186.0053 40.4785
v  35.5856 184.9019 46.2825
v  37.1728 183.3177 51.2291
v  42.0386 183.3177 56.0949
v  38.6608 181.8245 54.6068
v  46.9852 184.9019 57.6821
v  52.7892 186.0053 58.7853
v  59.0157 190.6307 54.0652
v  59.0157 186.3972 59.1774
v  65.2423 186.0053 58.7853
v  71.0463 184.9019 57.6821
v  45.4403 193.3051 40.9342
v  59.0157 195.9864 41.3792
v  75.9929 183.3177 56.0949
v  72.0226 191.5412 47.2588
v  79.3706 181.8245 54.6068
v  80.8587 183.3177 51.2291
v  65.9987 195.3057 41.2349
v  82.4459 184.9019 46.2825
v  83.5491 186.0053 40.4785
v  66.1430 195.9864 34.2519
v  72.8477 193.8894 34.2519
v  78.8290 190.6307 34.2519
v  83.9412 186.3972 34.2519
v  80.8587 183.3177 17.2747
v  79.3706 181.8244 13.8970
v  75.9929 183.3177 12.4090
v  82.4459 184.9019 22.2214
v  83.5491 186.0053 28.0254
v  37.2467 144.6085 56.0209
v  31.8672 149.2113 52.8361
v  35.6649 149.5452 57.6028
v  27.2846 148.0048 40.9121
v  34.5639 155.3296 58.7037
v  34.1001 161.5354 59.1676
v  30.4335 142.1206 27.8945
v  34.4824 167.7023 58.7853
v  30.3358 167.8552 53.7357
v  35.5856 173.5082 57.6821
v  29.0454 148.5726 21.2891
v  37.1728 178.4610 56.0949
v  28.9590 174.4842 47.2588
v  37.2467 144.6085 12.4829
v  35.6649 149.5452 10.9011
v  34.5639 155.3296 9.8001
v  31.7776 173.8436 15.6019
v  34.0903 161.4732 9.3265
v  34.4824 167.7022 9.7186
v  30.3358 180.9542 40.6311
v  30.3358 180.9542 27.8729
v  35.5856 173.5082 10.8218
v  37.1728 178.4610 12.4090
v  80.7847 144.6085 56.0209
v  77.5999 149.2114 61.4005
v  82.3666 149.5452 57.6028
v  65.6759 148.0048 65.9831
v  83.4675 155.3296 58.7037
v  83.9314 161.5354 59.1676
v  52.6583 142.1206 62.8342
v  83.5491 167.7023 58.7853
v  78.4995 167.8552 62.9319
v  82.4459 173.5082 57.6821
v  80.8587 178.4610 56.0949
v  72.0226 174.4842 64.3087
v  39.6009 155.1780 62.8342
v  39.5319 167.8552 62.9319
v  65.3949 180.9542 62.9319
v  52.6366 180.9542 62.9319
v  88.0759 141.7920 34.2519
v  88.9861 148.5726 47.2148
v  91.3312 147.7507 34.2519
v  93.4226 154.4322 34.2519
v  93.5747 161.5354 41.1262
v  94.2519 161.5354 34.2519
v  87.5980 155.1780 53.6668
v  93.5231 168.6036 34.2519
v  91.4220 175.3099 34.2519
v  90.8377 175.0550 40.9342
v  87.6957 167.8552 53.7357
v  88.1735 181.2833 34.2519
v  86.2539 180.1223 46.6168
v  80.7847 144.6085 12.4829
v  86.1643 142.9513 21.9279
v  82.3666 149.5452 10.9011
v  87.5980 155.1780 14.8371
v  83.4675 155.3296 9.8001
v  83.9412 161.4732 9.3265
v  83.5491 167.7022 9.7186
v  90.8377 168.1586 20.6765
v  91.4220 161.4732 20.4199
v  82.4459 173.5082 10.8218
v  80.8587 178.4610 12.4090
v  86.2539 180.1223 21.8871
v  40.4316 149.2113 7.1034
v  39.2025 161.4732 5.0942
v  59.0157 147.7507 1.9365
v  71.9786 148.5726 4.2816
v  46.0089 174.4842 4.1952
v  77.6658 173.8437 7.0138
v  52.6367 180.9542 5.5720
v  65.3948 180.9542 5.5720
v  -11.9165 126.6547 4.6784
v  -5.3451 124.6599 4.3792
v  -5.4891 123.9790 11.3386
v  -10.7099 131.2373 -7.2456
v  -18.1293 129.3256 11.3386
v  1.6142 123.1497 11.3386
v  -5.3451 124.6599 18.2979
v  1.6142 123.9790 4.2353
v  -20.1548 136.6168 -5.5884
v  -21.7367 135.0350 -0.6517
v  -18.6697 138.1020 -8.9453
v  -15.3128 136.6168 -10.4304
v  -22.8376 133.9340 5.1327
v  -10.3761 135.0350 -12.0123
v  -23.2284 133.5433 11.3386
v  -4.5916 133.9340 -13.1132
v  -22.8376 133.9340 17.5444
v  1.6142 133.5433 -13.5040
v  7.9717 129.8036 -8.0763
v  -21.7367 135.0350 23.3288
v  7.8200 133.9340 -13.1132
v  -10.7099 131.2373 29.9227
v  -20.1548 136.6168 28.2655
v  13.6044 135.0350 -12.0123
v  8.2743 126.6547 -2.1921
v  8.7175 123.9790 11.3386
v  15.3989 126.0704 11.3386
v  21.3576 129.3256 11.3386
v  20.1983 131.2373 -0.9855
v  26.4567 133.5433 11.3386
v  26.0660 133.9340 5.1327
v  24.9650 135.0350 -0.6517
v  23.3832 136.6168 -5.5884
v  18.5411 136.6168 -10.4304
v  21.8980 138.1020 -8.9453
v  1.6142 123.9790 18.4418
v  8.5735 124.6599 18.2979
v  14.5771 128.4155 24.3014
v  1.6142 129.3256 31.0820
v  7.8200 133.9340 35.7904
v  1.6142 133.5433 36.1811
v  -4.5916 133.9340 35.7904
v  -10.3761 135.0350 34.6894
v  -15.3128 136.6168 33.1076
v  -18.6697 138.1020 31.6224
v  13.6044 135.0350 34.6894
v  18.5411 136.6168 33.1076
v  21.8980 138.1020 31.6224
v  23.3832 136.6168 28.2655
v  24.9650 135.0350 23.3288
v  26.0660 133.9340 17.5444
v  -5.3688 192.1561 4.3556
v  1.6142 193.6220 11.3385
v  1.6142 192.8367 4.2113
v  -11.3927 188.3916 -1.6683
v  -5.5131 192.8367 11.3385
v  -15.3630 180.1681 -10.5044
v  -10.4164 181.7523 -12.0916
v  -18.7407 178.6748 -9.0164
v  -20.2288 180.1681 -5.6386
v  1.6142 190.7398 -2.4935
v  -4.6124 182.8557 -13.1948
v  -21.8160 181.7523 -0.6920
v  7.9932 187.0032 -8.1453
v  1.6142 183.2476 -13.5869
v  -22.9192 182.8557 5.1120
v  7.8407 182.8557 -13.1948
v  -23.3113 183.2476 11.3385
v  -17.8696 187.0032 17.7177
v  13.9790 185.5626 -7.3115
v  13.6447 181.7523 -12.0916
v  -22.9192 182.8557 17.5651
v  -21.8160 181.7523 23.3691
v  -20.2288 180.1681 28.3157
v  -15.3630 180.1681 33.1815
v  -18.7407 178.6748 31.6934
v  -10.4164 181.7523 34.7687
v  -4.6124 182.8557 35.8719
v  1.6142 187.4811 31.1518
v  1.6142 183.2476 36.2640
v  7.8407 182.8557 35.8719
v  13.6447 181.7523 34.7687
v  -11.9613 190.1555 18.0208
v  1.6142 192.8367 18.4658
v  18.5914 180.1681 33.1815
v  14.6210 188.3916 24.3454
v  21.9691 178.6748 31.6934
v  23.4572 180.1681 28.3157
v  8.5971 192.1561 18.3215
v  25.0443 181.7523 23.3691
v  26.1475 182.8557 17.5651
v  8.7415 192.8367 11.3385
v  15.4462 190.7398 11.3385
v  21.4275 187.4811 11.3385
v  26.5396 183.2476 11.3385
v  23.4572 180.1681 -5.6386
v  21.9691 178.6748 -9.0164
v  18.5914 180.1681 -10.5044
v  25.0443 181.7523 -0.6920
v  26.1475 182.8557 5.1120
v  -20.1548 141.4589 33.1076
v  -25.5344 146.0617 29.9227
v  -21.7367 146.3956 34.6894
v  -30.1169 144.8552 17.9987
v  -22.8376 152.1800 35.7903
v  -23.3015 158.3858 36.2542
v  -26.9681 138.9710 4.9811
v  -22.9192 164.5526 35.8719
v  -27.0658 164.7056 30.8224
v  -21.8160 170.3586 34.7687
v  -28.3562 145.4229 -1.6243
v  -20.2288 175.3114 33.1815
v  -28.4425 171.3346 24.3454
v  -20.1548 141.4589 -10.4304
v  -21.7367 146.3956 -12.0123
v  -22.8376 152.1800 -13.1132
v  -25.6240 170.6940 -7.3115
v  -23.3113 158.3235 -13.5869
v  -22.9192 164.5526 -13.1948
v  -27.0658 177.8046 17.7177
v  -27.0658 177.8046 4.9595
v  -21.8160 170.3586 -12.0916
v  -20.2288 175.3114 -10.5044
v  23.3832 141.4589 33.1076
v  13.9382 139.8017 38.4871
v  24.9650 146.3956 34.6894
v  26.0660 152.1800 35.7903
v  1.6142 138.6424 40.3988
v  26.5298 158.3858 36.2542
v  26.1475 164.5526 35.8719
v  21.0980 164.7056 40.0185
v  25.0443 170.3586 34.7687
v  -11.3487 145.4229 41.3089
v  23.4572 175.3114 33.1815
v  14.6210 171.3346 41.3953
v  -17.8006 152.0284 39.9208
v  -17.8696 164.7056 40.0185
v  7.9933 177.8046 40.0185
v  -4.7649 177.8046 40.0185
v  30.6744 138.6424 11.3386
v  31.5845 145.4229 24.3014
v  33.9296 144.6011 11.3386
v  36.0210 151.2826 11.3386
v  36.1731 158.3858 18.2128
v  36.8503 158.3858 11.3385
v  30.1964 152.0284 30.7534
v  36.1215 165.4540 11.3385
v  34.0204 172.1603 11.3385
v  33.4361 171.9054 18.0208
v  30.2941 164.7056 30.8224
v  30.7719 178.1337 11.3385
v  28.8523 176.9727 23.7034
v  23.3832 141.4589 -10.4304
v  28.7627 139.8017 -0.9855
v  24.9650 146.3956 -12.0123
v  30.1964 152.0284 -8.0763
v  26.0660 152.1800 -13.1132
v  26.5396 158.3235 -13.5869
v  26.1475 164.5526 -13.1948
v  36.1215 158.3236 4.2113
v  25.0443 170.3586 -12.0916
v  23.4572 175.3114 -10.5044
v  28.8523 176.9727 -1.0263
v  -16.9700 146.0617 -15.8100
v  -18.1991 158.3235 -17.8192
v  1.6142 144.6010 -20.9769
v  14.5771 145.4229 -18.6318
v  -11.3927 171.3346 -18.7182
v  20.2642 170.6940 -15.8996
v  -4.7649 177.8046 -17.3414
v  7.9932 177.8046 -17.3414
v  -21.8377 129.8043 -28.6681
v  -15.2664 127.8096 -28.9672
v  -15.4103 127.1286 -22.0079
v  -20.6311 134.3869 -40.5920
v  -28.0505 132.4753 -22.0079
v  -8.3071 126.2993 -22.0079
v  -15.2664 127.8096 -15.0486
v  -8.3071 127.1286 -29.1111
v  -30.0761 139.7664 -38.9349
v  -31.6579 138.1846 -33.9982
v  -28.5909 141.2516 -42.2917
v  -25.2340 139.7664 -43.7769
v  -32.7589 137.0836 -28.2137
v  -20.2974 138.1846 -45.3587
v  -33.1496 136.6929 -22.0079
v  -14.5129 137.0836 -46.4597
v  -32.7589 137.0836 -15.8021
v  -8.3071 136.6929 -46.8504
v  -1.6469 129.8043 -35.5385
v  -31.6579 138.1846 -10.0176
v  -2.1013 137.0836 -46.4597
v  -20.6311 134.3869 -3.4238
v  -30.0761 139.7664 -5.0809
v  3.6832 138.1846 -45.3587
v  4.0170 134.3869 -40.5920
v  5.2236 129.8043 -28.6681
v  -1.2038 127.1286 -22.0079
v  5.4777 129.2200 -22.0079
v  11.4363 132.4753 -22.0079
v  16.5354 136.6929 -22.0079
v  16.1447 137.0836 -28.2137
v  15.0438 138.1846 -33.9982
v  13.4619 139.7664 -38.9349
v  8.6199 139.7664 -43.7769
v  11.9768 141.2516 -42.2917
v  -8.3071 127.1286 -14.9047
v  -1.3478 127.8096 -15.0486
v  4.6558 131.5651 -9.0450
v  -8.3071 132.4753 -2.2645
v  -2.1013 137.0836 2.4439
v  -8.3071 136.6929 2.8346
v  -14.5129 137.0836 2.4439
v  -20.2974 138.1846 1.3429
v  -25.2340 139.7664 -0.2389
v  -28.5909 141.2516 -1.7241
v  3.6832 138.1846 1.3429
v  8.6199 139.7664 -0.2389
v  11.9768 141.2516 -1.7241
v  13.4619 139.7664 -5.0809
v  15.0438 138.1846 -10.0176
v  16.1447 137.0836 -15.8021
v  -15.2900 195.3057 -28.9908
v  -8.3071 196.7716 -22.0079
v  -8.3071 195.9864 -29.1352
v  -21.3139 191.5412 -35.0147
v  -15.4344 195.9864 -22.0079
v  -25.2843 183.3177 -43.8509
v  -20.3376 184.9019 -45.4381
v  -28.6620 181.8244 -42.3628
v  -30.1501 183.3177 -38.9851
v  -8.3071 193.8894 -35.8399
v  -14.5336 186.0053 -46.5413
v  -31.7372 184.9019 -34.0384
v  -1.9280 190.1528 -41.4917
v  -8.3071 186.3972 -46.9334
v  -32.8404 186.0053 -28.2345
v  -2.0805 186.0053 -46.5413
v  -33.2325 186.3972 -22.0079
v  -27.7909 190.1528 -15.6288
v  4.0577 188.7122 -40.6580
v  3.7234 184.9019 -45.4381
v  -32.8404 186.0053 -15.7814
v  -31.7372 184.9019 -9.9774
v  -30.1501 183.3177 -5.0307
v  -25.2843 183.3177 -0.1649
v  -28.6620 181.8245 -1.6530
v  -20.3376 184.9019 1.4222
v  -14.5336 186.0053 2.5254
v  -8.3071 190.6307 -2.1946
v  -8.3071 186.3972 2.9175
v  -2.0805 186.0053 2.5254
v  3.7234 184.9019 1.4222
v  -21.8826 193.3051 -15.3256
v  -8.3071 195.9864 -14.8806
v  8.6701 183.3177 -0.1649
v  4.6998 191.5412 -9.0011
v  12.0478 181.8245 -1.6530
v  13.5359 183.3177 -5.0307
v  -1.3242 195.3057 -15.0250
v  15.1231 184.9019 -9.9774
v  16.2263 186.0053 -15.7814
v  -1.1798 195.9864 -22.0079
v  5.5249 193.8894 -22.0079
v  11.5062 190.6307 -22.0079
v  16.6184 186.3972 -22.0079
v  13.5359 183.3177 -38.9851
v  12.0478 181.8244 -42.3628
v  8.6701 183.3177 -43.8509
v  15.1231 184.9019 -34.0384
v  16.2263 186.0053 -28.2345
v  -30.0761 144.6085 -0.2389
v  -35.4556 149.2113 -3.4238
v  -31.6579 149.5452 1.3429
v  -36.8893 142.1206 -15.6504
v  -32.7589 155.3296 2.4439
v  -33.2227 161.5354 2.9077
v  -40.6225 147.7507 -22.0079
v  -32.8404 167.7023 2.5254
v  -36.9870 167.8552 -2.5241
v  -31.7372 173.5082 1.4222
v  -38.2774 148.5726 -34.9708
v  -30.1501 178.4610 -0.1649
v  -38.3638 174.4842 -9.0011
v  -30.0761 144.6085 -43.7769
v  -31.6579 149.5452 -45.3587
v  -32.7589 155.3296 -46.4597
v  -35.5452 173.8436 -40.6579
v  -33.2325 161.4732 -46.9334
v  -32.8404 167.7022 -46.5413
v  -36.9870 180.9542 -15.6288
v  -36.9870 180.9542 -28.3870
v  -31.7372 173.5082 -45.4381
v  -30.1501 178.4610 -43.8509
v  13.4619 144.6085 -0.2389
v  4.0170 142.9513 5.1406
v  15.0438 149.5452 1.3429
v  16.1447 155.3296 2.4439
v  -8.3071 141.7920 7.0523
v  16.6086 161.5354 2.9077
v  16.2263 167.7023 2.5254
v  11.1767 167.8552 6.6721
v  15.1231 173.5082 1.4222
v  -21.2700 148.5726 7.9624
v  13.5359 178.4610 -0.1649
v  4.6998 174.4842 8.0488
v  -27.7219 155.1780 6.5743
v  -27.7909 167.8552 6.6721
v  -1.9280 180.9542 6.6721
v  -14.6862 180.9542 6.6721
v  20.7531 141.7920 -22.0079
v  21.6633 148.5726 -9.0450
v  24.0083 147.7507 -22.0079
v  26.0998 154.4322 -22.0079
v  26.2519 161.5354 -15.1337
v  26.9291 161.5354 -22.0079
v  20.2752 155.1780 -2.5931
v  26.2003 168.6036 -22.0079
v  24.0992 175.3099 -22.0079
v  23.5149 175.0550 -15.3256
v  20.3729 167.8552 -2.5241
v  20.8507 181.2834 -22.0079
v  18.9311 180.1223 -9.6431
v  13.4619 144.6085 -43.7769
v  18.8414 142.9513 -34.3320
v  15.0438 149.5452 -45.3587
v  20.2752 155.1780 -41.4227
v  16.1447 155.3296 -46.4597
v  16.6184 161.4732 -46.9334
v  16.2263 167.7022 -46.5413
v  26.2003 161.4732 -29.1352
v  15.1231 173.5082 -45.4381
v  13.5359 178.4610 -43.8509
v  18.9311 180.1223 -34.3727
v  -26.8912 149.2113 -49.1564
v  -28.1204 161.4732 -51.1656
v  -8.3071 147.7507 -54.3233
v  4.6558 148.5726 -51.9782
v  -21.3139 174.4842 -52.0646
v  10.3430 173.8437 -49.2461
v  -14.6862 180.9542 -50.6879
v  -1.9280 180.9542 -50.6879
v  -14.5909 172.5919 -41.8328
v  -9.0534 170.9109 -42.0849
v  -9.1747 170.3371 -36.2205
v  -13.5741 176.4535 -51.8808
v  -19.8262 174.8426 -36.2205
v  -3.1890 169.6383 -36.2205
v  -9.0534 170.9109 -30.3561
v  -3.1890 170.3371 -42.2062
v  -21.5331 180.9866 -50.4843
v  -22.8660 179.6537 -46.3243
v  -20.2816 182.2381 -53.3131
v  -17.4528 180.9866 -54.5646
v  -23.7938 178.7259 -41.4500
v  -13.2928 179.6537 -55.8976
v  -24.1230 178.3967 -36.2205
v  -8.4184 178.7259 -56.8253
v  -23.7938 178.7259 -30.9911
v  -3.1890 178.3967 -57.1546
v  2.4233 172.5919 -47.6224
v  -22.8660 179.6537 -26.1167
v  2.0405 178.7259 -56.8253
v  -13.5741 176.4535 -20.5602
v  -21.5331 180.9866 -21.9567
v  6.9149 179.6537 -55.8976
v  2.7967 170.3371 -36.2205
v  8.4270 172.0995 -36.2205
v  13.4482 174.8426 -36.2205
v  12.4713 176.4535 -46.6056
v  17.7451 178.3967 -36.2205
v  17.4158 178.7259 -41.4500
v  16.4881 179.6537 -46.3243
v  15.1551 180.9866 -50.4843
v  11.0749 180.9866 -54.5646
v  13.9036 182.2381 -53.3131
v  -3.1890 170.3371 -30.2348
v  2.6754 170.9109 -30.3561
v  7.7345 174.0756 -25.2971
v  -3.1890 174.8426 -19.5833
v  2.0405 178.7259 -15.6157
v  -3.1890 178.3967 -15.2864
v  -8.4184 178.7259 -15.6157
v  -13.2928 179.6537 -16.5435
v  -17.4528 180.9866 -17.8764
v  -20.2816 182.2381 -19.1279
v  6.9149 179.6537 -16.5435
v  11.0749 180.9866 -17.8764
v  13.9036 182.2381 -19.1279
v  15.1551 180.9866 -21.9567
v  16.4881 179.6537 -26.1167
v  17.4158 178.7259 -30.9911
v  -9.0733 227.7879 -42.1048
v  -3.1890 229.0232 -36.2205
v  -3.1890 228.3615 -42.2265
v  -14.1494 224.6157 -47.1810
v  -9.1950 228.3615 -36.2205
v  -17.4951 217.6860 -54.6269
v  -13.3267 219.0210 -55.9644
v  -20.3414 216.4277 -53.3730
v  -21.5954 217.6860 -50.5267
v  -3.1890 226.5944 -47.8763
v  -8.4359 219.9507 -56.8940
v  -22.9329 219.0210 -46.3583
v  2.1865 223.4457 -52.6389
v  -3.1890 220.2810 -57.2244
v  -23.8625 219.9507 -41.4674
v  2.0579 219.9507 -56.8940
v  -24.1929 220.2810 -36.2205
v  -19.6074 223.4457 -30.8450
v  7.2305 222.2318 -51.9363
v  6.9488 219.0210 -55.9644
v  -23.8625 219.9507 -30.9736
v  -22.9329 219.0210 -26.0827
v  -21.5954 217.6860 -21.9143
v  -17.4951 217.6860 -17.8141
v  -20.3414 216.4277 -19.0680
v  -13.3267 219.0210 -16.4766
v  -8.4359 219.9507 -15.5470
v  -3.1890 223.8485 -19.5245
v  -3.1890 220.2810 -15.2166
v  2.0579 219.9507 -15.5470
v  6.9488 219.0210 -16.4766
v  -14.6286 226.1021 -30.5896
v  -3.1890 228.3615 -30.2146
v  11.1172 217.6860 -17.8141
v  7.7715 224.6157 -25.2600
v  13.9635 216.4277 -19.0680
v  15.2175 217.6860 -21.9143
v  2.6953 227.7879 -30.3362
v  16.5549 219.0210 -26.0827
v  17.4845 219.9507 -30.9736
v  2.8170 228.3615 -36.2205
v  8.4668 226.5944 -36.2205
v  13.5071 223.8485 -36.2205
v  17.8150 220.2810 -36.2205
v  15.2175 217.6860 -50.5267
v  13.9635 216.4277 -53.3730
v  11.1172 217.6860 -54.6269
v  16.5549 219.0210 -46.3583
v  17.4845 219.9507 -41.4674
v  -21.5331 185.0669 -17.8764
v  -26.0662 188.9455 -20.5602
v  -22.8660 189.2269 -16.5435
v  -27.2744 182.9704 -30.8633
v  -23.7938 194.1013 -15.6157
v  -24.1846 199.3307 -15.2248
v  -23.8625 204.5273 -15.5470
v  -27.3567 204.6562 -19.8021
v  -22.9329 209.4198 -16.4766
v  -28.4441 188.4073 -47.1439
v  -21.5954 213.5934 -17.8141
v  -28.5169 210.2423 -25.2600
v  -21.5331 185.0669 -54.5646
v  -22.8660 189.2269 -55.8976
v  -23.7938 194.1013 -56.8253
v  -26.1418 209.7024 -51.9363
v  -24.1929 199.2782 -57.2244
v  -23.8625 204.5273 -56.8940
v  -27.3567 215.6943 -30.8450
v  -27.3567 215.6943 -41.5960
v  -22.9329 209.4198 -55.9644
v  -21.5954 213.5934 -54.6269
v  15.1551 185.0669 -17.8764
v  12.4713 188.9456 -13.3433
v  16.4881 189.2269 -16.5435
v  2.4233 187.9288 -9.4816
v  17.4158 194.1013 -15.6157
v  17.8067 199.3307 -15.2248
v  -8.5462 182.9704 -12.1351
v  17.4845 204.5273 -15.5470
v  13.2294 204.6562 -12.0528
v  16.5549 209.4198 -16.4766
v  15.2175 213.5934 -17.8141
v  7.7715 210.2423 -10.8926
v  -19.5493 193.9735 -12.1351
v  -19.6074 204.6562 -12.0528
v  2.1865 215.6944 -12.0528
v  -8.5645 215.6944 -12.0528
v  21.2992 182.6935 -36.2205
v  22.0661 188.4073 -25.2971
v  24.0423 187.7147 -36.2205
v  25.8047 193.3450 -36.2205
v  26.5035 199.3307 -36.2205
v  20.8964 193.9735 -19.8602
v  25.8893 205.2869 -36.2205
v  24.1188 210.9380 -36.2205
v  23.6264 210.7232 -30.5896
v  20.9788 204.6562 -19.8021
v  21.3814 215.9717 -36.2205
v  15.1551 185.0669 -54.5646
v  19.6883 183.6704 -46.6056
v  16.4881 189.2269 -55.8976
v  17.4158 194.1013 -56.8253
v  17.8150 199.2782 -57.2244
v  17.4845 204.5273 -56.8940
v  24.1188 199.2782 -47.8763
v  16.5549 209.4198 -55.9644
v  15.2175 213.5934 -54.6269
v  19.7638 214.9933 -46.6400
v  -18.8493 188.9455 -59.0978
v  -8.5462 182.9704 -60.3059
v  -14.8448 199.2782 -63.5283
v  7.7345 188.4073 -61.4756
v  -14.1494 210.2423 -61.5484
v  12.5269 209.7025 -59.1733
v  -8.5644 215.6943 -60.3883
v  2.1865 215.6943 -60.3883
v  28.5769 125.9556 -29.9928
v  -2.1474 222.3706 0.6970
v  7.6430 174.0393 -61.8423
v  7.8622 184.6453 41.9064
v  18.4646 174.1339 44.0511
v  -32.8907 184.6453 1.1535
v  -30.7387 174.0393 -30.4503
v  -33.9289 174.0393 -20.2704
v  39.4661 174.0393 -58.6521
v  -33.7763 163.3488 -9.4489
v  -29.7136 164.0216 11.0951
v  18.4646 163.3488 42.7920
v  24.3294 161.4732 -102.6176
v  -15.4344 161.4732 -56.5153
v  -5.5131 158.3235 -23.1688
v  51.8885 161.4732 -0.2554
v  29.0669 184.6453 41.9064
v  52.0328 168.4585 68.0755
v  59.0157 161.5354 69.4881
v  -3.1890 205.2869 -65.2988
v  8.4668 199.2782 -63.5283
v  -3.1890 193.3450 -65.2141
v  5.4725 223.7739 -38.4450
v  17.0953 217.7823 -36.6794
v  5.4724 211.8658 -38.3605
v  -32.2094 165.3089 18.3215
v  -30.7921 158.3235 -2.4934
v  -32.7927 151.2825 11.3385
v  -42.1307 168.4585 -15.0250
v  -40.7133 161.4732 -35.8399
v  -42.7140 154.4322 -22.0079
v  25.1921 168.4585 41.2349
v  26.6095 161.4732 20.4199
v  24.6089 154.4322 34.2519
v  -2.3669 168.4585 -61.1273
v  -0.9496 161.4732 -81.9423
v  -2.9502 154.4322 -68.1103
v  5.5249 161.4732 -54.4142
v  15.4462 158.3235 -21.0677
v  45.2887 161.4732 -100.5165
v  72.8477 161.4732 1.8457
v  29.2861 174.0393 -61.8423
v  18.4646 153.2041 -58.5142
v  18.4646 184.8656 -61.8423
v  -3.1890 199.3307 -6.5281
v  5.4724 217.8346 20.1596
v  22.7953 199.3307 54.4412
v  -31.6911 205.1646 -30.3362
v  -30.4968 199.2782 -47.8763
v  -32.1826 193.3450 -36.2205
v  -22.9491 223.6520 -3.5812
v  -21.7581 217.7823 -21.0717
v  -23.4392 211.8658 -9.4489
v  45.8886 204.9992 -30.8967
v  47.0491 199.2797 -47.9396
v  45.4110 193.5147 -36.6142
v  -4.8988 204.9992 31.3080
v  -3.7383 199.2797 14.2651
v  -5.3764 193.5147 25.5905
v  59.0157 154.4322 68.6588
v  84.9080 199.2797 -63.1478
v  34.1206 199.2797 -0.9431
v  -5.3688 165.3089 45.1622
v  1.6142 158.3858 46.5747
v  -15.2900 168.4585 11.8157
v  -8.3071 161.5355 13.2283
v  24.4738 168.4585 -34.2867
v  31.4567 161.5354 -32.8741
v  8.2743 144.8552 43.0697
v  38.1169 148.0048 -36.3791
v  -1.6469 148.0048 9.7232
v  73.5827 199.3307 -7.7635
v  31.4567 168.6036 -102.6176
v  1.6142 165.4540 -23.1688
v  -8.3071 168.6036 -56.5153
v  59.0158 168.6036 -0.2554
v  -2.0794 164.0215 -57.6271
v  73.5827 205.1180 -64.8682
v  22.7953 205.1180 -2.6634
v  28.5769 153.5899 38.7294
# 1620 vertices

vn -0.3828 -0.1887 0.9043
vn -0.1982 -0.1982 0.9599
vn -0.2033 0.0000 0.9791
vn -0.3670 -0.3670 0.8547
vn -0.3890 0.0000 0.9212
vn 0.0000 0.0000 1.0000
vn -0.1982 0.1982 0.9599
vn -0.1887 -0.3828 0.9043
vn 0.0000 -0.2033 0.9791
vn -0.6201 -0.4805 0.6201
vn -0.4964 -0.4964 0.7122
vn -0.6647 -0.3411 0.6647
vn -0.5774 -0.5774 0.5774
vn -0.4805 -0.6201 0.6201
vn -0.5509 -0.1805 0.8148
vn -0.6960 -0.1769 0.6960
vn -0.3411 -0.6647 0.6647
vn -0.3492 -0.5273 0.7746
vn -0.5596 0.0000 0.8288
vn -0.7071 0.0000 0.7071
vn -0.1769 -0.6960 0.6960
vn -0.1805 -0.5509 0.8148
vn -0.5509 0.1805 0.8148
vn -0.6960 0.1769 0.6960
vn 0.0000 -0.7071 0.7071
vn 0.0000 -0.5596 0.8288
vn -0.5273 0.3492 0.7746
vn -0.6647 0.3411 0.6647
vn 0.1769 -0.6960 0.6960
vn 0.1805 -0.5509 0.8148
vn -0.3492 0.5273 0.7746
vn -0.6201 0.4805 0.6201
vn 0.3411 -0.6647 0.6647
vn 0.3492 -0.5273 0.7746
vn 0.1982 -0.1982 0.9599
vn 0.2033 0.0000 0.9791
vn 0.3890 0.0000 0.9212
vn 0.3828 -0.1887 0.9043
vn 0.5596 0.0000 0.8288
vn 0.5509 -0.1805 0.8148
vn 0.7071 0.0000 0.7071
vn 0.6960 -0.1769 0.6960
vn 0.5273 -0.3492 0.7746
vn 0.6647 -0.3411 0.6647
vn 0.6201 -0.4805 0.6201
vn 0.4805 -0.6201 0.6201
vn 0.5774 -0.5774 0.5774
vn 0.0000 0.2033 0.9791
vn 0.1982 0.1982 0.9599
vn 0.1887 0.3828 0.9043
vn 0.0000 0.3890 0.9212
vn 0.1769 0.6960 0.6960
vn 0.0000 0.7071 0.7071
vn 0.0000 0.5596 0.8288
vn -0.1769 0.6960 0.6960
vn -0.1805 0.5509 0.8148
vn -0.3411 0.6647 0.6647
vn -0.4805 0.6201 0.6201
vn -0.5774 0.5774 0.5774
vn 0.3411 0.6647 0.6647
vn 0.1805 0.5509 0.8148
vn 0.4805 0.6201 0.6201
vn 0.4964 0.4964 0.7122
vn 0.5774 0.5774 0.5774
vn 0.6201 0.4805 0.6201
vn 0.5273 0.3492 0.7746
vn 0.6647 0.3411 0.6647
vn 0.5509 0.1805 0.8148
vn 0.6960 0.1769 0.6960
vn 0.3828 0.1887 0.9043
vn -0.1972 -0.1972 -0.9603
vn 0.0000 0.0000 -1.0000
vn 0.0000 -0.2014 -0.9795
vn -0.1885 -0.3823 -0.9046
vn -0.3823 -0.1885 -0.9046
vn -0.2014 0.0000 -0.9795
vn -0.4804 -0.6199 -0.6205
vn -0.4962 -0.4962 -0.7124
vn -0.3414 -0.6646 -0.6647
vn -0.5771 -0.5771 -0.5779
vn -0.6199 -0.4804 -0.6205
vn -0.1805 -0.5507 -0.8150
vn -0.1769 -0.6961 -0.6959
vn -0.6646 -0.3414 -0.6647
vn -0.5271 -0.3496 -0.7746
vn 0.0000 -0.5594 -0.8289
vn 0.0000 -0.7072 -0.7070
vn -0.6961 -0.1769 -0.6959
vn -0.5507 -0.1805 -0.8150
vn 0.1805 -0.5507 -0.8150
vn 0.1769 -0.6961 -0.6959
vn -0.7072 0.0000 -0.7070
vn -0.5594 0.0000 -0.8289
vn 0.3496 -0.5271 -0.7746
vn 0.3414 -0.6646 -0.6647
vn -0.6961 0.1769 -0.6959
vn -0.5507 0.1805 -0.8150
vn -0.6646 0.3414 -0.6647
vn -0.5271 0.3496 -0.7746
vn -0.6199 0.4804 -0.6205
vn -0.3496 0.5271 -0.7746
vn -0.4804 0.6199 -0.6205
vn -0.5771 0.5771 -0.5779
vn -0.3414 0.6646 -0.6647
vn -0.1769 0.6961 -0.6959
vn -0.1805 0.5507 -0.8150
vn 0.0000 0.7072 -0.7070
vn 0.1769 0.6961 -0.6959
vn 0.0000 0.5594 -0.8289
vn 0.3414 0.6646 -0.6647
vn 0.1805 0.5507 -0.8150
vn -0.1972 0.1972 -0.9603
vn 0.0000 0.2014 -0.9795
vn 0.4804 0.6199 -0.6205
vn 0.4962 0.4962 -0.7124
vn 0.5771 0.5771 -0.5779
vn 0.6199 0.4804 -0.6205
vn 0.1885 0.3823 -0.9046
vn 0.1972 0.1972 -0.9603
vn 0.6646 0.3414 -0.6647
vn 0.5271 0.3496 -0.7746
vn 0.6961 0.1769 -0.6959
vn 0.5507 0.1805 -0.8150
vn 0.3823 0.1885 -0.9046
vn 0.2014 0.0000 -0.9795
vn 0.3883 0.0000 -0.9215
vn 0.5594 0.0000 -0.8289
vn 0.7072 0.0000 -0.7070
vn 0.6199 -0.4804 -0.6205
vn 0.5771 -0.5771 -0.5779
vn 0.4804 -0.6199 -0.6205
vn 0.6646 -0.3414 -0.6647
vn 0.6961 -0.1769 -0.6959
vn 0.5271 -0.3496 -0.7746
vn 0.5507 -0.1805 -0.8150
vn 0.3823 -0.1885 -0.9046
vn 0.1972 -0.1972 -0.9603
vn -0.6201 0.6201 0.4805
vn -0.7746 0.5273 0.3492
vn -0.6647 0.6647 0.3411
vn -0.7746 0.3492 0.5273
vn -0.6950 0.6950 0.1840
vn -0.8148 0.1805 0.5509
vn -0.7071 0.7071 0.0090
vn -0.8288 0.0000 0.5596
vn -0.6962 0.6962 -0.1751
vn -0.8306 0.5568 0.0086
vn -0.8148 -0.1805 0.5509
vn -0.6646 0.6646 -0.3414
vn -0.8163 0.5490 -0.1794
vn -0.7122 -0.4964 0.4964
vn -0.6200 0.6200 -0.4809
vn -0.7125 0.4959 -0.4964
vn -0.6201 -0.6201 0.4805
vn -0.7746 -0.5273 0.3492
vn -0.6647 -0.6647 0.3411
vn -0.6947 -0.6947 0.1867
vn -0.8290 -0.5591 0.0095
vn -0.7071 -0.7071 0.0100
vn -0.8154 -0.5501 -0.1805
vn -0.6960 -0.6960 -0.1768
vn -0.7749 0.3492 -0.5269
vn -0.8153 0.1805 -0.5502
vn -0.8292 0.0000 -0.5590
vn -0.8153 -0.1805 -0.5502
vn -0.7749 -0.3492 -0.5269
vn -0.7750 -0.5266 -0.3494
vn -0.6646 -0.6646 -0.3414
vn -0.6200 -0.6200 -0.4809
vn 0.6201 0.6201 0.4805
vn 0.5273 0.7746 0.3492
vn 0.6647 0.6647 0.3411
vn 0.3492 0.7746 0.5273
vn 0.6950 0.6950 0.1840
vn 0.1805 0.8148 0.5509
vn 0.7071 0.7071 0.0090
vn 0.0000 0.8288 0.5596
vn 0.6962 0.6962 -0.1751
vn 0.5568 0.8306 0.0086
vn -0.1805 0.8148 0.5509
vn 0.6646 0.6646 -0.3414
vn 0.5490 0.8163 -0.1794
vn -0.4964 0.7122 0.4964
vn 0.6200 0.6200 -0.4809
vn 0.4959 0.7125 -0.4964
vn -0.5488 0.8146 0.1878
vn -0.5568 0.8306 0.0086
vn -0.5490 0.8163 -0.1794
vn 0.3492 0.7749 -0.5269
vn 0.1805 0.8153 -0.5502
vn 0.0000 0.8292 -0.5590
vn -0.1805 0.8153 -0.5502
vn -0.3492 0.7749 -0.5269
vn -0.5266 0.7750 -0.3494
vn 0.8288 0.0000 0.5596
vn 0.8148 0.1805 0.5509
vn 0.9212 0.0000 0.3890
vn 0.7122 0.4964 0.4964
vn 0.9043 0.1887 0.3828
vn 0.9783 -0.0003 0.2073
vn 0.9593 0.1947 0.2044
vn 1.0000 -0.0009 0.0070
vn 0.8146 0.5488 0.1878
vn 0.9797 -0.0006 -0.2005
vn 0.9804 0.1967 0.0069
vn 0.9216 0.0000 -0.3881
vn 0.9607 0.1949 -0.1976
vn 0.8306 0.5568 0.0086
vn 0.8292 0.0000 -0.5590
vn 0.9047 0.1886 -0.3820
vn 0.8163 0.5490 -0.1794
vn 0.8153 0.1805 -0.5502
vn 0.7750 0.5266 -0.3494
vn 0.7749 0.3492 -0.5269
vn 0.6201 -0.6201 0.4805
vn 0.7746 -0.3492 0.5273
vn 0.6647 -0.6647 0.3411
vn 0.8134 -0.5498 0.1898
vn 0.6947 -0.6947 0.1867
vn 0.8148 -0.1805 0.5509
vn 0.7071 -0.7071 0.0100
vn 0.9043 -0.1887 0.3828
vn 0.6960 -0.6960 -0.1768
vn 0.8290 -0.5591 0.0095
vn 0.9591 -0.1962 0.2040
vn 0.6646 -0.6646 -0.3414
vn 0.8154 -0.5501 -0.1805
vn 0.9798 -0.1998 0.0076
vn 0.6200 -0.6200 -0.4809
vn 0.7125 -0.4959 -0.4964
vn 0.9606 -0.1966 -0.1965
vn 0.9047 -0.1886 -0.3820
vn 0.7749 -0.3492 -0.5269
vn 0.8153 -0.1805 -0.5502
vn -0.5273 -0.7746 0.3492
vn -0.3492 -0.7746 0.5273
vn -0.1805 -0.8148 0.5509
vn -0.5498 -0.8134 0.1898
vn 0.0000 -0.8288 0.5596
vn -0.5591 -0.8290 0.0095
vn 0.1805 -0.8148 0.5509
vn -0.5501 -0.8154 -0.1805
vn 0.4964 -0.7122 0.4964
vn -0.4959 -0.7125 -0.4964
vn 0.5273 -0.7746 0.3492
vn 0.5591 -0.8290 0.0095
vn 0.5501 -0.8154 -0.1805
vn -0.3492 -0.7749 -0.5269
vn -0.1805 -0.8153 -0.5502
vn 0.0000 -0.8292 -0.5590
vn 0.1805 -0.8153 -0.5502
vn 0.3492 -0.7749 -0.5269
vn 0.5266 -0.7750 -0.3494
vn 0.5488 0.8146 0.1878
vn 0.7746 -0.5273 0.3492
vn -0.1887 0.3828 0.9043
vn -0.3828 0.1887 0.9043
vn 0.0000 -0.3883 -0.9215
vn -0.3883 0.0000 -0.9215
vn 0.0000 0.3883 -0.9215
vn 0.0000 -0.3890 0.9212
vn -0.3818 -0.9048 -0.1886
vn -0.1998 -0.9798 0.0076
vn -0.3883 -0.9215 0.0086
vn -0.1949 0.9607 -0.1976
vn -0.3847 0.9230 0.0076
vn -0.1967 0.9804 0.0069
vn -0.9797 -0.0006 -0.2005
vn -0.9606 -0.1966 -0.1965
vn -0.9798 -0.1998 0.0076
vn 0.0000 -0.9216 -0.3881
vn 0.1886 -0.9047 -0.3820
vn 0.1966 -0.9606 -0.1965
vn -0.9593 0.1947 0.2044
vn -0.9038 0.3803 0.1963
vn -0.9230 0.3847 0.0076
vn -0.1887 0.9043 0.3828
vn 0.0000 0.9782 0.2076
vn -0.1947 0.9593 0.2044
vn 0.0000 0.9216 -0.3881
vn 0.0000 0.9796 -0.2010
vn 0.0000 -0.9798 -0.1999
vn 0.1998 -0.9798 0.0076
vn 0.1962 -0.9591 0.2040
vn 0.0000 -0.9783 0.2070
vn 0.0000 -1.0000 0.0073
vn 0.9230 0.3847 0.0076
vn -0.9216 0.0000 -0.3881
vn 0.9048 -0.3818 -0.1886
vn -0.3670 0.8547 0.3670
vn -0.3803 0.9038 0.1963
vn 0.0000 -0.9212 0.3890
vn -0.1887 -0.9043 0.3828
vn -0.1962 -0.9591 0.2040
vn -0.9215 -0.3883 0.0086
vn -0.9047 -0.1886 -0.3820
vn 0.1887 -0.9043 0.3828
vn 0.3883 -0.9215 0.0086
vn 0.1947 0.9593 0.2044
vn 0.3847 0.9230 0.0076
vn 0.1967 0.9804 0.0069
vn 0.3663 0.8553 -0.3665
vn 0.1949 0.9607 -0.1976
vn 0.3799 0.9055 -0.1889
vn -0.9804 0.1967 0.0069
vn -0.3821 -0.9029 0.1970
vn -0.9043 0.1887 0.3828
vn -0.9043 -0.1887 0.3828
vn -0.9212 0.0000 0.3890
vn -0.9783 -0.0003 0.2073
vn -0.8547 -0.3670 0.3670
vn -0.9591 -0.1962 0.2040
vn -0.9029 -0.3821 0.1970
vn -0.1886 0.9047 -0.3820
vn 0.9029 -0.3821 0.1970
vn 0.3803 0.9038 0.1963
vn -0.3669 0.3669 -0.8549
vn 0.9055 0.3799 -0.1889
vn 0.1886 0.9047 -0.3820
vn -0.1886 -0.9047 -0.3820
vn -0.3663 -0.8553 -0.3665
vn -0.1966 -0.9606 -0.1965
vn -0.8553 0.3663 -0.3665
vn -0.9607 0.1949 -0.1976
vn -0.9055 0.3799 -0.1889
vn -0.9047 0.1886 -0.3820
vn 0.3663 -0.8553 -0.3665
vn 0.3818 -0.9048 -0.1886
vn -0.8553 -0.3663 -0.3665
vn -0.9048 -0.3818 -0.1886
vn 0.3669 -0.3669 -0.8549
vn 0.8553 0.3663 -0.3665
vn 0.8547 0.3670 0.3670
vn 0.9038 0.3803 0.1963
vn -0.3663 0.8553 -0.3665
vn -0.3799 0.9055 -0.1889
vn 0.8553 -0.3663 -0.3665
vn -0.8547 0.3670 0.3670
vn 0.3670 -0.3670 0.8547
vn 0.0000 0.9212 0.3890
vn 0.1887 0.9043 0.3828
vn -0.3670 -0.8547 0.3670
vn 0.9215 -0.3883 0.0086
vn -0.3670 0.3670 0.8547
vn 0.3669 0.3669 -0.8549
vn 0.3670 0.3670 0.8547
vn 0.3670 -0.8547 0.3670
vn 0.3821 -0.9029 0.1970
vn 0.1885 -0.3823 -0.9046
vn 0.3670 0.8547 0.3670
vn -1.0000 -0.0009 0.0070
vn -0.3823 0.1885 -0.9046
vn 0.1887 -0.3828 0.9043
vn 0.8547 -0.3670 0.3670
vn -0.3669 -0.3669 -0.8549
# 355 vertex normals

o Sphere
g Sphere
s off
f 208//416 209//417 210//418 
f 211//419 209//417 208//416 
f 208//416 210//418 212//420 
f 209//417 213//421 210//418 
f 214//422 212//420 210//418 
f 211//423 215//424 209//417 
f 209//417 215//424 213//421 
f 216//425 211//426 217//427 
f 218//428 211//426 216//425 
f 218//428 219//429 211//426 
f 217//427 212//430 220//431 
f 219//429 221//432 222//433 
f 220//431 212//434 223//435 
f 221//432 224//436 222//437 
f 225//438 226//439 223//435 
f 224//436 227//440 228//441 
f 225//442 229//443 226//439 
f 227//440 230//444 228//445 
f 231//446 232//447 229//443 
f 230//444 233//448 228//449 
f 215//424 234//450 235//451 
f 215//424 235//451 213//421 
f 234//450 236//452 235//451 
f 234//453 237//454 236//452 
f 238//455 239//456 237//454 
f 238//455 240//457 239//456 
f 238//458 241//459 240//457 
f 238//458 242//460 241//459 
f 233//448 243//461 238//458 
f 243//461 242//460 238//458 
f 243//461 244//462 242//460 
f 245//463 210//418 213//421 
f 246//464 245//463 213//421 
f 247//465 245//463 246//464 
f 248//466 214//422 245//463 
f 245//463 214//422 210//418 
f 249//467 250//468 248//469 
f 250//468 251//470 248//471 
f 251//470 252//472 231//446 
f 252//472 253//473 231//446 
f 253//473 232//447 231//446 
f 253//473 254//474 232//447 
f 255//475 249//467 248//476 
f 256//477 255//475 247//478 
f 257//479 256//477 247//478 
f 257//479 247//478 258//480 
f 258//480 259//481 260//482 
f 260//482 259//483 261//484 
f 259//485 246//464 235//451 
f 246//464 213//421 235//451 
f 259//485 235//451 236//452 
f 259//483 236//452 237//454 
f 261//484 259//483 237//454 
f 261//484 237//454 239//456 
f 262//486 263//487 264//488 
f 265//489 262//486 264//488 
f 265//490 266//491 262//486 
f 262//486 266//491 263//487 
f 267//492 268//493 269//494 
f 270//495 268//493 267//492 
f 270//495 271//496 268//493 
f 269//494 272//497 273//498 
f 271//496 274//499 275//500 
f 273//498 276//501 277//502 
f 274//499 278//503 275//504 
f 276//505 279//506 277//502 
f 278//503 280//507 281//508 
f 282//509 283//510 279//506 
f 280//507 284//511 281//512 
f 284//511 285//513 281//514 
f 285//513 286//515 287//516 
f 286//515 288//517 287//516 
f 286//515 289//518 288//517 
f 287//516 288//517 290//519 
f 287//516 290//519 291//520 
f 292//521 291//520 293//522 
f 294//523 292//524 293//522 
f 295//525 292//526 294//523 
f 266//491 296//527 297//528 
f 266//491 297//528 263//487 
f 298//529 299//530 295//525 
f 300//531 299//530 298//529 
f 300//531 301//532 299//530 
f 299//533 302//534 297//528 
f 302//534 263//487 297//528 
f 301//532 303//535 304//536 
f 303//535 305//537 304//538 
f 304//539 306//540 302//534 
f 302//534 306//540 263//487 
f 304//539 307//541 306//540 
f 304//538 308//542 307//541 
f 305//537 308//542 304//538 
f 305//537 309//543 308//542 
f 310//544 311//545 312//546 
f 310//544 312//546 282//509 
f 282//509 312//546 283//510 
f 313//547 310//544 282//509 
f 314//548 313//547 315//549 
f 309//543 314//548 315//550 
f 309//543 315//550 308//542 
f 308//542 316//551 307//541 
f 307//541 316//552 306//540 
f 306//540 316//552 264//488 
f 306//540 264//488 263//487 
f 232//447 254//474 317//553 
f 232//447 317//553 318//554 
f 229//443 232//447 318//554 
f 318//554 317//553 319//555 
f 226//439 229//443 320//556 
f 318//554 319//555 321//557 
f 223//435 226//439 320//558 
f 318//554 321//557 322//559 
f 220//431 223//435 323//560 
f 324//561 325//562 322//559 
f 217//427 220//431 323//563 
f 326//564 325//565 324//561 
f 216//425 217//427 327//566 
f 328//567 329//568 326//564 
f 218//428 216//425 327//566 
f 218//428 327//566 330//569 
f 330//569 331//570 332//571 
f 332//571 331//570 333//572 
f 333//572 334//573 335//574 
f 334//575 336//576 335//574 
f 289//518 329//568 328//567 
f 289//518 286//515 329//568 
f 286//515 285//513 337//577 
f 285//513 284//511 337//578 
f 284//511 280//507 337//579 
f 280//507 278//503 338//580 
f 278//503 274//499 338//581 
f 339//582 340//583 336//576 
f 274//499 271//496 339//582 
f 339//582 341//584 340//583 
f 271//496 341//584 339//582 
f 271//496 270//495 341//584 
f 256//477 257//479 342//585 
f 256//477 342//585 343//586 
f 255//475 256//477 343//586 
f 343//586 342//585 344//587 
f 249//467 255//475 345//588 
f 343//586 344//587 346//589 
f 250//468 249//467 345//590 
f 343//586 346//589 347//591 
f 251//470 250//468 348//592 
f 349//593 350//594 347//591 
f 252//472 251//470 348//595 
f 351//596 350//597 349//593 
f 253//473 252//472 352//598 
f 353//599 354//600 351//596 
f 254//474 253//473 352//598 
f 254//474 352//598 317//553 
f 317//553 355//601 319//555 
f 319//555 355//601 321//557 
f 321//557 356//602 322//559 
f 356//603 324//561 322//559 
f 300//531 354//600 353//599 
f 300//531 298//529 354//600 
f 298//529 295//525 357//604 
f 295//525 294//523 357//605 
f 294//523 293//522 357//606 
f 293//522 291//520 358//607 
f 291//520 290//519 358//608 
f 359//609 326//564 324//561 
f 290//519 288//517 359//609 
f 359//609 328//567 326//564 
f 288//517 328//567 359//609 
f 288//517 289//518 328//567 
f 261//484 239//456 360//610 
f 261//484 360//610 361//611 
f 260//482 261//484 361//611 
f 361//611 360//610 362//612 
f 258//480 260//482 363//613 
f 363//614 362//612 364//615 
f 257//479 258//480 363//613 
f 257//479 363//613 342//585 
f 365//616 364//615 366//617 
f 342//585 367//618 344//587 
f 368//619 365//620 366//617 
f 344//587 367//618 346//589 
f 369//621 370//622 368//619 
f 346//589 371//623 347//591 
f 372//624 370//625 369//621 
f 371//626 349//593 347//591 
f 309//543 373//627 372//624 
f 309//543 305//537 373//627 
f 371//628 351//596 349//593 
f 305//537 303//535 373//629 
f 373//629 353//599 351//596 
f 303//535 301//532 373//629 
f 301//532 353//599 373//629 
f 301//532 300//531 353//599 
f 242//460 244//462 374//630 
f 242//460 374//630 375//631 
f 241//459 242//460 375//631 
f 375//631 374//630 376//632 
f 240//457 241//459 375//631 
f 377//633 376//632 378//634 
f 239//456 240//457 375//635 
f 239//456 375//635 360//610 
f 377//633 378//634 379//636 
f 360//610 375//637 362//612 
f 380//638 381//639 379//636 
f 362//612 382//640 364//615 
f 383//641 381//642 380//638 
f 364//615 382//643 366//617 
f 384//644 385//645 383//641 
f 386//646 368//619 366//617 
f 311//545 385//645 384//644 
f 311//545 310//544 385//645 
f 385//647 369//621 368//619 
f 310//544 313//547 387//648 
f 387//649 372//624 369//621 
f 313//547 314//548 387//649 
f 314//548 372//624 387//649 
f 314//548 309//543 372//624 
f 219//429 218//428 330//569 
f 219//429 330//569 388//650 
f 221//432 219//429 388//650 
f 388//650 330//569 332//571 
f 224//436 221//432 389//651 
f 388//650 332//571 333//572 
f 227//440 224//436 389//652 
f 390//653 333//572 335//574 
f 230//444 227//440 391//654 
f 336//576 390//655 335//574 
f 233//448 230//444 391//656 
f 340//583 390//657 336//576 
f 243//461 233//448 392//658 
f 341//584 393//659 340//583 
f 244//462 243//461 392//658 
f 244//462 392//658 374//630 
f 374//630 394//660 376//632 
f 376//632 394//660 378//634 
f 378//634 395//661 379//636 
f 395//662 380//638 379//636 
f 270//495 393//659 341//584 
f 270//495 267//492 393//659 
f 267//492 269//494 396//663 
f 269//494 273//498 396//664 
f 273//498 277//502 396//665 
f 277//502 279//506 397//666 
f 279//506 283//510 397//667 
f 398//668 383//641 380//638 
f 283//510 312//546 398//668 
f 398//668 384//644 383//641 
f 312//546 384//644 398//668 
f 312//546 311//545 384//644 
f 399//416 400//417 401//418 
f 402//419 400//417 399//416 
f 399//416 401//418 403//420 
f 400//417 404//421 401//418 
f 405//422 403//420 401//418 
f 402//423 406//424 400//417 
f 400//417 406//424 404//421 
f 407//425 402//433 408//427 
f 409//428 402//433 407//425 
f 409//428 410//429 402//433 
f 408//427 403//430 411//431 
f 410//429 412//432 402//433 
f 411//431 403//434 413//435 
f 412//432 414//436 402//437 
f 403//438 415//439 413//435 
f 414//436 416//440 417//441 
f 403//442 418//443 415//439 
f 416//440 419//444 417//445 
f 420//446 421//447 418//443 
f 419//444 422//448 423//449 
f 406//424 424//450 425//451 
f 406//424 425//451 404//421 
f 424//450 426//452 425//451 
f 424//453 427//454 426//452 
f 424//455 428//456 427//454 
f 424//455 429//457 428//456 
f 424//458 430//459 429//457 
f 423//449 431//460 430//459 
f 422//448 432//461 423//449 
f 432//461 431//460 423//449 
f 432//461 433//462 431//460 
f 434//463 401//418 404//421 
f 435//464 434//463 404//421 
f 436//465 434//463 435//464 
f 437//466 405//422 434//463 
f 434//463 405//422 401//418 
f 438//467 439//468 437//469 
f 439//468 440//470 437//471 
f 440//470 441//472 420//446 
f 441//472 442//473 420//446 
f 442//473 421//447 420//446 
f 442//473 443//474 421//447 
f 444//475 438//467 437//476 
f 445//477 444//475 436//478 
f 446//479 445//477 436//478 
f 446//479 436//478 447//480 
f 447//480 436//478 448//482 
f 448//482 436//483 449//484 
f 436//485 435//464 425//451 
f 435//464 404//421 425//451 
f 436//485 425//451 426//452 
f 436//483 426//452 427//454 
f 449//484 436//483 427//454 
f 449//484 427//454 428//456 
f 450//486 451//487 452//488 
f 453//489 450//486 452//488 
f 453//490 454//491 450//486 
f 450//486 454//491 451//487 
f 455//492 453//500 456//494 
f 457//495 453//500 455//492 
f 457//495 458//496 453//500 
f 456//494 459//497 460//498 
f 458//496 461//499 453//500 
f 460//498 462//501 463//502 
f 461//499 464//503 453//504 
f 462//505 465//506 463//502 
f 464//503 466//507 467//508 
f 468//509 469//510 465//506 
f 466//507 470//511 467//512 
f 470//511 471//513 467//514 
f 471//513 472//515 467//516 
f 472//515 473//517 467//516 
f 472//515 474//518 473//517 
f 467//516 473//517 475//519 
f 467//516 475//519 476//520 
f 477//521 476//520 478//522 
f 479//523 477//524 478//522 
f 480//525 477//526 479//523 
f 454//491 481//527 482//528 
f 454//491 482//528 451//487 
f 483//529 484//530 480//525 
f 485//531 484//530 483//529 
f 485//531 486//532 484//530 
f 484//533 487//534 482//528 
f 487//534 451//487 482//528 
f 486//532 488//535 484//530 
f 488//535 489//537 484//538 
f 484//539 490//540 487//534 
f 487//534 490//540 451//487 
f 484//539 491//541 490//540 
f 484//538 492//542 491//541 
f 489//537 492//542 484//538 
f 489//537 493//543 492//542 
f 494//544 495//545 496//546 
f 494//544 496//546 468//509 
f 468//509 496//546 469//510 
f 497//547 494//544 468//509 
f 498//548 497//547 468//549 
f 493//543 498//548 468//550 
f 493//543 468//550 492//542 
f 492//542 459//551 491//541 
f 491//541 459//552 490//540 
f 490//540 459//552 452//488 
f 490//540 452//488 451//487 
f 421//447 443//474 499//553 
f 421//447 499//553 500//554 
f 418//443 421//447 500//554 
f 500//554 499//553 501//555 
f 415//439 418//443 502//556 
f 500//554 501//555 503//557 
f 413//435 415//439 502//558 
f 500//554 503//557 504//559 
f 411//431 413//435 505//560 
f 506//561 507//562 504//559 
f 408//427 411//431 505//563 
f 508//564 507//565 506//561 
f 407//425 408//427 509//566 
f 510//567 511//568 508//564 
f 409//428 407//425 509//566 
f 409//428 509//566 512//569 
f 512//569 509//570 513//571 
f 513//571 509//570 514//572 
f 514//572 515//573 516//574 
f 515//575 517//576 516//574 
f 474//518 511//568 510//567 
f 474//518 472//515 511//568 
f 472//515 471//513 518//577 
f 471//513 470//511 518//578 
f 470//511 466//507 518//579 
f 466//507 464//503 519//580 
f 464//503 461//499 519//581 
f 515//582 520//583 517//576 
f 461//499 458//496 515//582 
f 515//582 521//584 520//583 
f 458//496 521//584 515//582 
f 458//496 457//495 521//584 
f 445//477 446//479 522//585 
f 445//477 522//585 523//588 
f 444//475 445//477 523//588 
f 523//588 522//585 524//587 
f 438//467 444//475 523//588 
f 523//669 524//587 525//589 
f 439//468 438//467 526//590 
f 523//669 525//589 527//591 
f 440//470 439//468 526//592 
f 528//593 529//594 527//591 
f 441//472 440//470 526//595 
f 530//596 529//597 528//593 
f 442//473 441//472 531//598 
f 532//599 533//600 530//596 
f 443//474 442//473 531//598 
f 443//474 531//598 499//553 
f 499//553 534//601 501//555 
f 501//555 534//601 503//557 
f 503//557 535//602 504//559 
f 535//603 506//561 504//559 
f 485//531 533//600 532//599 
f 485//531 483//529 533//600 
f 483//529 480//525 536//604 
f 480//525 479//523 536//605 
f 479//523 478//522 536//606 
f 478//522 476//520 537//607 
f 476//520 475//519 537//608 
f 535//609 508//564 506//561 
f 475//519 473//517 535//609 
f 535//609 510//567 508//564 
f 473//517 510//567 535//609 
f 473//517 474//518 510//567 
f 449//484 428//456 538//610 
f 449//484 538//610 539//611 
f 448//482 449//484 539//611 
f 539//611 538//610 540//612 
f 447//480 448//482 539//613 
f 539//614 540//612 541//615 
f 446//479 447//480 539//613 
f 446//479 539//613 522//585 
f 542//616 541//615 543//617 
f 522//585 544//618 524//587 
f 545//619 542//620 543//617 
f 524//587 544//618 525//589 
f 546//621 547//622 545//619 
f 525//589 548//623 527//591 
f 549//624 547//625 546//621 
f 548//626 528//593 527//591 
f 493//543 550//627 549//624 
f 493//543 489//537 550//627 
f 548//628 530//596 528//593 
f 489//537 488//535 550//629 
f 550//629 532//599 530//596 
f 488//535 486//532 550//629 
f 486//532 532//599 550//629 
f 486//532 485//531 532//599 
f 431//460 433//462 551//630 
f 431//460 551//630 552//670 
f 430//459 431//460 552//670 
f 552//670 551//630 553//632 
f 429//457 430//459 554//631 
f 552//670 553//632 555//634 
f 428//456 429//457 554//635 
f 428//456 554//635 538//610 
f 556//633 555//634 557//636 
f 538//610 554//637 540//612 
f 558//638 556//639 557//636 
f 540//612 559//640 541//615 
f 560//641 556//642 558//638 
f 541//615 559//643 543//617 
f 561//644 562//648 560//641 
f 559//646 545//619 543//617 
f 495//545 562//648 561//644 
f 495//545 494//544 562//648 
f 562//647 546//621 545//619 
f 494//544 497//547 562//648 
f 562//649 549//624 546//621 
f 497//547 498//548 562//649 
f 498//548 549//624 562//649 
f 498//548 493//543 549//624 
f 410//429 409//428 512//569 
f 410//429 512//569 563//650 
f 412//432 410//429 563//650 
f 563//650 512//569 513//571 
f 414//436 412//432 563//651 
f 563//650 513//571 514//572 
f 416//440 414//436 563//652 
f 564//653 514//572 516//574 
f 419//444 416//440 565//654 
f 517//576 564//655 516//574 
f 422//448 419//444 565//656 
f 520//583 564//657 517//576 
f 432//461 422//448 566//658 
f 521//584 567//659 520//583 
f 433//462 432//461 566//658 
f 433//462 566//658 551//630 
f 551//630 566//660 553//632 
f 553//632 566//660 555//634 
f 555//634 568//661 557//636 
f 568//662 558//638 557//636 
f 457//495 567//659 521//584 
f 457//495 455//492 567//659 
f 455//492 456//494 569//663 
f 456//494 460//498 569//664 
f 460//498 463//502 569//665 
f 463//502 465//506 570//666 
f 465//506 469//510 570//667 
f 568//668 560//641 558//638 
f 469//510 496//546 568//668 
f 568//668 561//644 560//641 
f 496//546 561//644 568//668 
f 496//546 495//545 561//644 
f 571//416 572//417 573//418 
f 574//419 572//417 571//416 
f 571//416 573//418 575//420 
f 572//417 576//421 573//418 
f 577//422 575//420 573//418 
f 574//423 578//424 572//417 
f 572//417 578//424 576//421 
f 579//425 574//433 580//427 
f 581//428 574//433 579//425 
f 581//428 582//429 574//433 
f 580//427 575//430 583//431 
f 582//429 584//432 574//433 
f 583//431 575//434 585//435 
f 584//432 586//436 574//437 
f 575//438 587//439 585//435 
f 586//436 588//440 589//441 
f 575//442 590//443 587//439 
f 588//440 591//444 589//445 
f 592//446 593//447 590//443 
f 591//444 594//448 589//449 
f 578//424 595//450 596//451 
f 578//424 596//451 576//421 
f 595//450 597//452 596//451 
f 595//453 598//454 597//452 
f 595//455 599//456 598//454 
f 595//455 600//457 599//456 
f 595//458 601//459 600//457 
f 589//449 602//460 601//459 
f 594//448 603//461 589//449 
f 603//461 602//460 589//449 
f 603//461 604//462 602//460 
f 605//463 573//418 576//421 
f 606//464 605//463 576//421 
f 607//465 605//463 606//464 
f 608//466 577//422 605//463 
f 605//463 577//422 573//418 
f 609//467 610//468 608//469 
f 610//468 611//470 608//471 
f 611//470 612//472 592//446 
f 612//472 613//473 592//446 
f 613//473 593//447 592//446 
f 613//473 614//474 593//447 
f 615//475 609//467 608//476 
f 616//477 615//475 607//478 
f 617//479 616//477 607//478 
f 617//479 607//478 618//480 
f 618//480 607//478 619//482 
f 619//482 607//483 620//484 
f 607//485 606//464 596//451 
f 606//464 576//421 596//451 
f 607//485 596//451 597//452 
f 607//483 597//452 598//454 
f 620//484 607//483 598//454 
f 620//484 598//454 599//456 
f 621//486 622//487 623//488 
f 624//489 621//486 623//488 
f 624//490 625//491 621//486 
f 621//486 625//491 622//487 
f 626//492 624//500 627//494 
f 628//495 624//500 626//492 
f 628//495 629//496 624//500 
f 627//494 630//497 631//498 
f 629//496 632//499 624//500 
f 631//498 633//501 634//502 
f 632//499 635//503 624//504 
f 633//505 636//506 634//502 
f 635//503 637//507 638//508 
f 633//509 639//510 636//506 
f 637//507 640//511 638//512 
f 640//511 641//513 638//514 
f 641//513 642//515 638//516 
f 642//515 643//517 638//516 
f 642//515 644//518 643//517 
f 638//516 643//517 645//519 
f 638//516 645//519 646//520 
f 647//521 646//520 648//522 
f 649//523 647//524 648//522 
f 650//525 647//526 649//523 
f 625//491 651//527 652//528 
f 625//491 652//528 622//487 
f 653//529 654//530 650//525 
f 655//531 654//530 653//529 
f 655//531 656//532 654//530 
f 654//533 657//534 652//528 
f 657//534 622//487 652//528 
f 656//532 658//535 654//530 
f 658//535 659//537 654//538 
f 654//539 660//540 657//534 
f 657//534 660//540 622//487 
f 654//539 661//541 660//540 
f 654//538 662//542 661//541 
f 659//537 662//542 654//538 
f 659//537 663//543 662//542 
f 664//544 665//545 666//546 
f 664//544 666//546 633//509 
f 633//509 666//546 639//510 
f 667//547 664//544 633//509 
f 668//548 667//547 633//549 
f 663//543 668//548 633//550 
f 663//543 633//550 662//542 
f 662//542 630//551 661//541 
f 661//541 630//552 660//540 
f 660//540 630//552 623//488 
f 660//540 623//488 622//487 
f 593//447 614//474 669//553 
f 593//447 669//553 670//554 
f 590//443 593//447 670//554 
f 670//554 669//553 671//555 
f 587//439 590//443 672//556 
f 670//554 671//555 673//557 
f 585//435 587//439 672//558 
f 670//554 673//557 674//559 
f 583//431 585//435 672//560 
f 675//561 676//562 674//559 
f 580//427 583//431 672//563 
f 677//564 676//565 675//561 
f 579//425 580//427 678//566 
f 679//567 680//568 677//564 
f 581//428 579//425 678//566 
f 581//428 678//566 681//569 
f 681//569 678//570 682//571 
f 682//571 678//570 683//572 
f 683//572 684//573 685//574 
f 684//575 686//576 685//574 
f 644//518 680//568 679//567 
f 644//518 642//515 680//568 
f 642//515 641//513 687//577 
f 641//513 640//511 687//578 
f 640//511 637//507 687//579 
f 637//507 635//503 688//580 
f 635//503 632//499 688//581 
f 684//582 689//583 686//576 
f 632//499 629//496 684//582 
f 684//582 690//584 689//583 
f 629//496 690//584 684//582 
f 629//496 628//495 690//584 
f 616//477 617//479 691//585 
f 616//477 691//585 692//588 
f 615//475 616//477 692//588 
f 692//588 691//585 693//587 
f 609//467 615//475 692//588 
f 692//669 693//587 694//589 
f 610//468 609//467 695//590 
f 692//669 694//589 696//591 
f 611//470 610//468 695//592 
f 697//593 698//594 696//591 
f 612//472 611//470 695//595 
f 699//596 698//597 697//593 
f 613//473 612//472 700//598 
f 701//599 702//600 699//596 
f 614//474 613//473 700//598 
f 614//474 700//598 669//553 
f 669//553 700//601 671//555 
f 671//555 700//601 673//557 
f 673//557 703//602 674//559 
f 703//603 675//561 674//559 
f 655//531 702//600 701//599 
f 655//531 653//529 702//600 
f 653//529 650//525 704//604 
f 650//525 649//523 704//605 
f 649//523 648//522 704//606 
f 648//522 646//520 705//607 
f 646//520 645//519 705//608 
f 703//609 677//564 675//561 
f 645//519 643//517 703//609 
f 703//609 679//567 677//564 
f 643//517 679//567 703//609 
f 643//517 644//518 679//567 
f 620//484 599//456 706//610 
f 620//484 706//610 707//611 
f 619//482 620//484 707//611 
f 707//611 706//610 708//612 
f 618//480 619//482 707//613 
f 707//614 708//612 709//615 
f 617//479 618//480 707//613 
f 617//479 707//613 691//585 
f 707//616 709//615 710//617 
f 691//585 711//618 693//587 
f 712//619 707//620 710//617 
f 693//587 711//618 694//589 
f 713//621 714//622 712//619 
f 694//589 715//623 696//591 
f 716//624 714//625 713//621 
f 715//626 697//593 696//591 
f 663//543 714//627 716//624 
f 663//543 659//537 714//627 
f 715//628 699//596 697//593 
f 659//537 658//535 714//629 
f 714//629 701//599 699//596 
f 658//535 656//532 714//629 
f 656//532 701//599 714//629 
f 656//532 655//531 701//599 
f 602//460 604//462 717//630 
f 602//460 717//630 718//670 
f 601//459 602//460 718//670 
f 718//670 717//630 719//632 
f 600//457 601//459 718//631 
f 718//670 719//632 720//634 
f 599//456 600//457 718//635 
f 599//456 718//635 706//610 
f 721//633 720//634 722//636 
f 706//610 718//637 708//612 
f 723//638 721//639 722//636 
f 708//612 724//640 709//615 
f 725//641 721//642 723//638 
f 709//615 724//643 710//617 
f 726//644 727//648 725//641 
f 724//646 712//619 710//617 
f 665//545 727//648 726//644 
f 665//545 664//544 727//648 
f 727//647 713//621 712//619 
f 664//544 667//547 727//648 
f 727//649 716//624 713//621 
f 667//547 668//548 727//649 
f 668//548 716//624 727//649 
f 668//548 663//543 716//624 
f 582//429 581//428 681//569 
f 582//429 681//569 728//650 
f 584//432 582//429 728//650 
f 728//650 681//569 682//571 
f 586//436 584//432 728//651 
f 728//650 682//571 683//572 
f 588//440 586//436 728//652 
f 729//653 683//572 685//574 
f 591//444 588//440 730//654 
f 686//576 729//655 685//574 
f 594//448 591//444 730//656 
f 689//583 729//657 686//576 
f 603//461 594//448 731//658 
f 690//584 732//659 689//583 
f 604//462 603//461 731//658 
f 604//462 731//658 717//630 
f 717//630 731//660 719//632 
f 719//632 731//660 720//634 
f 720//634 733//661 722//636 
f 733//662 723//638 722//636 
f 628//495 732//659 690//584 
f 628//495 626//492 732//659 
f 626//492 627//494 734//663 
f 627//494 631//498 734//664 
f 631//498 634//502 734//665 
f 634//502 636//506 735//666 
f 636//506 639//510 735//667 
f 733//668 725//641 723//638 
f 639//510 666//546 733//668 
f 733//668 726//644 725//641 
f 666//546 726//644 733//668 
f 666//546 665//545 726//644 
f 736//416 737//417 738//418 
f 739//419 737//417 736//416 
f 736//416 738//418 740//420 
f 737//417 741//421 738//418 
f 742//422 740//420 738//418 
f 739//423 743//424 737//417 
f 737//417 743//424 741//421 
f 744//425 739//433 745//427 
f 746//428 739//433 744//425 
f 746//428 747//429 739//433 
f 745//427 740//430 748//431 
f 747//429 749//432 739//433 
f 748//431 740//434 750//435 
f 749//432 751//436 739//437 
f 740//438 752//439 750//435 
f 751//436 753//440 754//441 
f 740//442 755//443 752//439 
f 753//440 756//444 754//445 
f 757//446 758//447 755//443 
f 756//444 759//448 754//449 
f 743//424 754//450 760//451 
f 743//424 760//451 741//421 
f 754//450 761//452 760//451 
f 754//453 762//454 761//452 
f 763//455 764//456 762//454 
f 763//455 765//457 764//456 
f 763//458 766//459 765//457 
f 763//458 767//460 766//459 
f 759//448 768//461 763//458 
f 768//461 767//460 763//458 
f 768//461 769//462 767//460 
f 770//463 738//418 741//421 
f 771//464 770//463 741//421 
f 772//465 770//463 771//464 
f 773//466 742//422 770//463 
f 770//463 742//422 738//418 
f 774//467 775//468 773//469 
f 775//468 776//470 773//471 
f 776//470 777//472 757//446 
f 777//472 778//473 757//446 
f 778//473 758//447 757//446 
f 778//473 779//474 758//447 
f 780//475 774//467 773//476 
f 781//477 780//475 772//478 
f 782//479 781//477 772//478 
f 782//479 772//478 783//480 
f 783//480 772//478 784//482 
f 784//482 772//483 785//484 
f 772//485 771//464 760//451 
f 771//464 741//421 760//451 
f 772//485 760//451 761//452 
f 772//483 761//452 762//454 
f 785//484 772//483 762//454 
f 785//484 762//454 764//456 
f 786//486 787//487 788//488 
f 789//489 786//486 788//488 
f 789//490 790//491 786//486 
f 786//486 790//491 787//487 
f 791//492 789//500 792//494 
f 793//495 789//500 791//492 
f 793//495 794//496 789//500 
f 792//494 795//497 796//498 
f 794//496 797//499 789//500 
f 796//498 798//501 799//502 
f 797//499 800//503 789//504 
f 798//505 801//506 799//502 
f 800//503 802//507 803//508 
f 804//509 805//510 801//506 
f 802//507 806//511 803//512 
f 806//511 807//513 803//514 
f 807//513 808//515 803//516 
f 808//515 809//517 803//516 
f 808//515 810//518 809//517 
f 803//516 809//517 811//519 
f 803//516 811//519 812//520 
f 813//521 812//520 814//522 
f 815//523 813//524 814//522 
f 816//525 813//526 815//523 
f 790//491 817//527 818//528 
f 790//491 818//528 787//487 
f 819//529 820//530 816//525 
f 821//531 820//530 819//529 
f 821//531 822//532 820//530 
f 820//533 823//534 818//528 
f 823//534 787//487 818//528 
f 822//532 824//535 820//530 
f 824//535 825//537 820//538 
f 820//539 826//540 823//534 
f 823//534 826//540 787//487 
f 820//539 827//541 826//540 
f 820//538 828//542 827//541 
f 825//537 828//542 820//538 
f 825//537 829//543 828//542 
f 830//544 831//545 832//546 
f 830//544 832//546 804//509 
f 804//509 832//546 805//510 
f 833//547 830//544 804//509 
f 834//548 833//547 804//549 
f 829//543 834//548 804//550 
f 829//543 804//550 828//542 
f 828//542 795//551 827//541 
f 827//541 795//552 826//540 
f 826//540 795//552 788//488 
f 826//540 788//488 787//487 
f 758//447 779//474 835//553 
f 758//447 835//553 836//554 
f 755//443 758//447 836//554 
f 836//554 835//553 837//555 
f 752//439 755//443 838//556 
f 836//554 837//555 839//557 
f 750//435 752//439 838//558 
f 836//554 839//557 840//559 
f 748//431 750//435 838//560 
f 841//561 842//562 840//559 
f 745//427 748//431 838//563 
f 843//564 842//565 841//561 
f 744//425 745//427 844//566 
f 845//567 846//568 843//564 
f 746//428 744//425 844//566 
f 746//428 844//566 847//569 
f 847//569 844//566 848//571 
f 848//571 844//566 849//572 
f 849//572 850//573 851//574 
f 850//575 852//576 851//574 
f 810//518 846//568 845//567 
f 810//518 808//515 846//568 
f 808//515 807//513 853//577 
f 807//513 806//511 853//578 
f 806//511 802//507 853//579 
f 802//507 800//503 854//580 
f 800//503 797//499 854//581 
f 850//582 855//583 852//576 
f 797//499 794//496 850//582 
f 850//582 856//584 855//583 
f 794//496 856//584 850//582 
f 794//496 793//495 856//584 
f 781//477 782//479 857//585 
f 781//477 857//585 858//586 
f 780//475 781//477 858//586 
f 858//586 857//585 859//587 
f 774//467 780//475 860//588 
f 858//586 859//587 861//589 
f 775//468 774//467 860//590 
f 858//586 861//589 862//591 
f 776//470 775//468 863//592 
f 864//593 865//594 862//591 
f 777//472 776//470 863//595 
f 866//596 865//597 864//593 
f 778//473 777//472 863//598 
f 867//599 868//600 866//596 
f 779//474 778//473 863//598 
f 779//474 863//598 835//553 
f 835//553 869//601 837//555 
f 837//555 869//601 839//557 
f 839//557 870//602 840//559 
f 870//603 841//561 840//559 
f 821//531 868//600 867//599 
f 821//531 819//529 868//600 
f 819//529 816//525 871//604 
f 816//525 815//523 871//605 
f 815//523 814//522 871//606 
f 814//522 812//520 872//607 
f 812//520 811//519 872//608 
f 870//609 843//564 841//561 
f 811//519 809//517 870//609 
f 870//609 845//567 843//564 
f 809//517 845//567 870//609 
f 809//517 810//518 845//567 
f 785//484 764//456 873//610 
f 785//484 873//610 874//611 
f 784//482 785//484 874//611 
f 874//611 873//610 875//612 
f 783//480 784//482 874//613 
f 874//614 875//612 876//615 
f 782//479 783//480 874//613 
f 782//479 874//613 857//585 
f 874//616 876//615 877//617 
f 857//585 878//618 859//587 
f 879//619 874//620 877//617 
f 859//587 878//618 861//589 
f 880//621 881//622 879//619 
f 861//589 882//623 862//591 
f 883//624 881//625 880//621 
f 882//626 864//593 862//591 
f 829//543 881//627 883//624 
f 829//543 825//537 881//627 
f 882//628 866//596 864//593 
f 825//537 824//535 881//629 
f 881//629 867//599 866//596 
f 824//535 822//532 881//629 
f 822//532 867//599 881//629 
f 822//532 821//531 867//599 
f 767//460 769//462 884//630 
f 767//460 884//630 885//670 
f 766//459 767//460 885//670 
f 885//670 884//630 886//632 
f 765//457 766//459 885//631 
f 885//670 886//632 887//634 
f 764//456 765//457 885//635 
f 764//456 885//635 873//610 
f 888//633 887//634 889//636 
f 873//610 885//637 875//612 
f 890//638 888//639 889//636 
f 875//612 891//640 876//615 
f 892//641 888//642 890//638 
f 876//615 891//643 877//617 
f 893//644 894//648 892//641 
f 891//646 879//619 877//617 
f 831//545 894//648 893//644 
f 831//545 830//544 894//648 
f 894//647 880//621 879//619 
f 830//544 833//547 894//648 
f 894//649 883//624 880//621 
f 833//547 834//548 894//649 
f 834//548 883//624 894//649 
f 834//548 829//543 883//624 
f 747//429 746//428 847//569 
f 747//429 847//569 895//650 
f 749//432 747//429 895//650 
f 895//650 847//569 848//571 
f 751//436 749//432 896//651 
f 895//650 848//571 849//572 
f 753//440 751//436 896//652 
f 897//653 849//572 851//574 
f 756//444 753//440 896//654 
f 852//576 897//655 851//574 
f 759//448 756//444 896//656 
f 855//583 897//657 852//576 
f 768//461 759//448 898//658 
f 856//584 899//659 855//583 
f 769//462 768//461 898//658 
f 769//462 898//658 884//630 
f 884//630 898//660 886//632 
f 886//632 898//660 887//634 
f 887//634 900//661 889//636 
f 900//662 890//638 889//636 
f 793//495 899//659 856//584 
f 793//495 791//492 899//659 
f 791//492 792//494 901//663 
f 792//494 796//498 901//664 
f 796//498 799//502 901//665 
f 799//502 801//506 902//666 
f 801//506 805//510 902//667 
f 900//668 892//641 890//638 
f 805//510 832//546 900//668 
f 900//668 893//644 892//641 
f 832//546 893//644 900//668 
f 832//546 831//545 893//644 
f 903//416 904//417 905//418 
f 906//419 904//417 903//416 
f 903//416 905//418 907//420 
f 904//417 908//421 905//418 
f 909//422 907//420 905//418 
f 906//423 910//424 904//417 
f 904//417 910//424 908//421 
f 911//425 906//433 912//427 
f 913//428 906//433 911//425 
f 913//428 914//429 906//433 
f 912//427 907//430 915//431 
f 914//429 916//432 906//433 
f 915//431 907//434 917//435 
f 916//432 918//436 906//437 
f 907//438 919//439 917//435 
f 918//436 920//440 921//441 
f 907//442 922//443 919//439 
f 920//440 923//444 921//445 
f 924//446 925//447 922//443 
f 923//444 926//448 921//449 
f 910//424 927//450 928//451 
f 910//424 928//451 908//421 
f 927//450 929//452 928//451 
f 927//453 930//454 929//452 
f 927//455 931//456 930//454 
f 927//455 932//457 931//456 
f 927//458 933//459 932//457 
f 921//449 934//460 933//459 
f 926//448 935//461 921//449 
f 935//461 934//460 921//449 
f 935//461 936//462 934//460 
f 937//463 905//418 908//421 
f 938//464 937//463 908//421 
f 939//465 937//463 938//464 
f 940//466 909//422 937//463 
f 937//463 909//422 905//418 
f 941//467 942//468 940//469 
f 942//468 943//470 940//471 
f 943//470 944//472 924//446 
f 944//472 945//473 924//446 
f 945//473 925//447 924//446 
f 945//473 946//474 925//447 
f 947//475 941//467 940//476 
f 948//477 947//475 939//478 
f 949//479 948//477 939//478 
f 949//479 939//478 950//480 
f 950//480 939//478 951//482 
f 951//482 939//483 952//484 
f 939//485 938//464 928//451 
f 938//464 908//421 928//451 
f 939//485 928//451 929//452 
f 939//483 929//452 930//454 
f 952//484 939//483 930//454 
f 952//484 930//454 931//456 
f 953//486 954//487 955//488 
f 956//489 953//486 955//488 
f 956//490 957//491 953//486 
f 953//486 957//491 954//487 
f 958//492 956//500 959//494 
f 960//495 956//500 958//492 
f 960//495 961//496 956//500 
f 959//494 962//497 963//498 
f 961//496 964//499 956//500 
f 963//498 965//501 966//502 
f 964//499 967//503 956//504 
f 965//505 968//506 966//502 
f 967//503 969//507 970//508 
f 965//509 971//510 968//506 
f 969//507 972//511 970//512 
f 972//511 973//513 970//514 
f 973//513 974//515 970//516 
f 974//515 975//517 970//516 
f 974//515 976//518 975//517 
f 970//516 975//517 977//519 
f 970//516 977//519 978//520 
f 979//521 978//520 980//522 
f 981//523 979//524 980//522 
f 982//525 979//526 981//523 
f 957//491 983//527 984//528 
f 957//491 984//528 954//487 
f 985//529 986//530 982//525 
f 987//531 986//530 985//529 
f 987//531 988//532 986//530 
f 986//533 989//534 984//528 
f 989//534 954//487 984//528 
f 988//532 990//535 986//530 
f 990//535 991//537 986//538 
f 986//539 992//540 989//534 
f 989//534 992//540 954//487 
f 986//539 993//541 992//540 
f 986//538 994//542 993//541 
f 991//537 994//542 986//538 
f 991//537 995//543 994//542 
f 996//544 997//545 998//546 
f 996//544 998//546 965//509 
f 965//509 998//546 971//510 
f 999//547 996//544 965//509 
f 1000//548 999//547 965//549 
f 995//543 1000//548 965//550 
f 995//543 965//550 994//542 
f 994//542 962//551 993//541 
f 993//541 962//552 992//540 
f 992//540 962//552 955//488 
f 992//540 955//488 954//487 
f 925//447 946//474 1001//553 
f 925//447 1001//553 1002//554 
f 922//443 925//447 1002//554 
f 1002//554 1001//553 1003//555 
f 919//439 922//443 1004//556 
f 1002//554 1003//555 1005//557 
f 917//435 919//439 1004//558 
f 1002//554 1005//557 1006//559 
f 915//431 917//435 1004//560 
f 1007//561 1008//562 1006//559 
f 912//427 915//431 1004//563 
f 1009//564 1008//565 1007//561 
f 911//425 912//427 1010//566 
f 1011//567 1012//568 1009//564 
f 913//428 911//425 1010//566 
f 913//428 1010//566 1013//569 
f 1013//569 1010//570 1014//571 
f 1014//571 1010//570 1015//572 
f 1015//572 1016//573 1017//574 
f 1016//575 1018//576 1017//574 
f 976//518 1012//568 1011//567 
f 976//518 974//515 1012//568 
f 974//515 973//513 1019//577 
f 973//513 972//511 1019//578 
f 972//511 969//507 1019//579 
f 969//507 967//503 1020//580 
f 967//503 964//499 1020//581 
f 1016//582 1021//583 1018//576 
f 964//499 961//496 1016//582 
f 1016//582 1022//584 1021//583 
f 961//496 1022//584 1016//582 
f 961//496 960//495 1022//584 
f 948//477 949//479 1023//585 
f 948//477 1023//585 1024//586 
f 947//475 948//477 1024//586 
f 1024//586 1023//585 1025//587 
f 941//467 947//475 1026//588 
f 1024//586 1025//587 1027//589 
f 942//468 941//467 1026//590 
f 1024//586 1027//589 1028//591 
f 943//470 942//468 1029//592 
f 1030//593 1031//594 1028//591 
f 944//472 943//470 1029//595 
f 1032//596 1031//597 1030//593 
f 945//473 944//472 1029//598 
f 1033//599 1034//600 1032//596 
f 946//474 945//473 1029//598 
f 946//474 1029//598 1001//553 
f 1001//553 1035//601 1003//555 
f 1003//555 1035//601 1005//557 
f 1005//557 1036//602 1006//559 
f 1036//603 1007//561 1006//559 
f 987//531 1034//600 1033//599 
f 987//531 985//529 1034//600 
f 985//529 982//525 1037//604 
f 982//525 981//523 1037//605 
f 981//523 980//522 1037//606 
f 980//522 978//520 1038//607 
f 978//520 977//519 1038//608 
f 1036//609 1009//564 1007//561 
f 977//519 975//517 1036//609 
f 1036//609 1011//567 1009//564 
f 975//517 1011//567 1036//609 
f 975//517 976//518 1011//567 
f 952//484 931//456 1039//610 
f 952//484 1039//610 1040//611 
f 951//482 952//484 1040//611 
f 1040//611 1039//610 1041//612 
f 950//480 951//482 1040//613 
f 1040//614 1041//612 1042//615 
f 949//479 950//480 1040//613 
f 949//479 1040//613 1023//585 
f 1040//616 1042//615 1043//617 
f 1023//585 1044//618 1025//587 
f 1045//619 1040//620 1043//617 
f 1025//587 1044//618 1027//589 
f 1046//621 1047//622 1045//619 
f 1027//589 1048//623 1028//591 
f 1049//624 1047//625 1046//621 
f 1048//626 1030//593 1028//591 
f 995//543 1047//627 1049//624 
f 995//543 991//537 1047//627 
f 1048//628 1032//596 1030//593 
f 991//537 990//535 1047//629 
f 1047//629 1033//599 1032//596 
f 990//535 988//532 1047//629 
f 988//532 1033//599 1047//629 
f 988//532 987//531 1033//599 
f 934//460 936//462 1050//630 
f 934//460 1050//630 1051//631 
f 933//459 934//460 1051//631 
f 1051//631 1050//630 1052//632 
f 932//457 933//459 1051//631 
f 1051//633 1052//632 1053//634 
f 931//456 932//457 1051//635 
f 931//456 1051//635 1039//610 
f 1051//633 1053//634 1054//636 
f 1039//610 1051//637 1041//612 
f 1055//638 1056//639 1054//636 
f 1041//612 1056//640 1042//615 
f 1057//641 1056//642 1055//638 
f 1042//615 1056//643 1043//617 
f 1058//644 1059//648 1057//641 
f 1056//646 1045//619 1043//617 
f 997//545 1059//648 1058//644 
f 997//545 996//544 1059//648 
f 1059//647 1046//621 1045//619 
f 996//544 999//547 1059//648 
f 1059//649 1049//624 1046//621 
f 999//547 1000//548 1059//649 
f 1000//548 1049//624 1059//649 
f 1000//548 995//543 1049//624 
f 914//429 913//428 1013//569 
f 914//429 1013//569 1060//650 
f 916//432 914//429 1060//650 
f 1060//650 1013//569 1014//571 
f 918//436 916//432 1060//651 
f 1060//650 1014//571 1015//572 
f 920//440 918//436 1060//652 
f 1061//653 1015//572 1017//574 
f 923//444 920//440 1062//654 
f 1018//576 1061//655 1017//574 
f 926//448 923//444 1062//656 
f 1021//583 1061//657 1018//576 
f 935//461 926//448 1063//658 
f 1022//584 1064//659 1021//583 
f 936//462 935//461 1063//658 
f 936//462 1063//658 1050//630 
f 1050//630 1063//660 1052//632 
f 1052//632 1063//660 1053//634 
f 1053//634 1065//661 1054//636 
f 1065//662 1055//638 1054//636 
f 960//495 1064//659 1022//584 
f 960//495 958//492 1064//659 
f 958//492 959//494 1066//663 
f 959//494 963//498 1066//664 
f 963//498 966//502 1066//665 
f 966//502 968//506 1067//666 
f 968//506 971//510 1067//667 
f 1065//668 1057//641 1055//638 
f 971//510 998//546 1065//668 
f 1065//668 1058//644 1057//641 
f 998//546 1058//644 1065//668 
f 998//546 997//545 1058//644 
f 1068//416 1069//417 1070//418 
f 1071//419 1069//417 1068//416 
f 1068//416 1070//418 1072//420 
f 1069//417 1073//421 1070//418 
f 1074//422 1072//420 1070//418 
f 1071//423 1075//424 1069//417 
f 1069//417 1075//424 1073//421 
f 1076//425 1071//433 1077//427 
f 1078//428 1071//433 1076//425 
f 1078//428 1079//429 1071//433 
f 1077//427 1072//430 1080//431 
f 1079//429 1081//432 1071//433 
f 1080//431 1072//434 1082//435 
f 1081//432 1083//436 1071//437 
f 1072//438 1084//439 1082//435 
f 1083//436 1085//440 1086//441 
f 1072//442 1087//443 1084//439 
f 1085//440 1088//444 1086//445 
f 1089//446 1090//447 1087//443 
f 1088//444 1091//448 1086//449 
f 1075//424 1092//450 1093//451 
f 1075//424 1093//451 1073//421 
f 1092//450 1094//452 1093//451 
f 1092//453 1095//454 1094//452 
f 1096//455 1097//456 1095//454 
f 1096//455 1098//457 1097//456 
f 1096//458 1099//459 1098//457 
f 1096//458 1100//460 1099//459 
f 1091//448 1101//461 1096//458 
f 1101//461 1100//460 1096//458 
f 1101//461 1102//462 1100//460 
f 1103//463 1070//418 1073//421 
f 1104//464 1103//463 1073//421 
f 1105//465 1103//463 1104//464 
f 1106//466 1074//422 1103//463 
f 1103//463 1074//422 1070//418 
f 1107//467 1108//468 1106//469 
f 1108//468 1109//470 1106//471 
f 1109//470 1110//472 1089//446 
f 1110//472 1111//473 1089//446 
f 1111//473 1090//447 1089//446 
f 1111//473 1112//474 1090//447 
f 1113//475 1107//467 1106//476 
f 1114//477 1113//475 1105//478 
f 1115//479 1114//477 1105//478 
f 1115//479 1105//478 1116//480 
f 1116//480 1105//478 1117//482 
f 1117//482 1105//483 1118//484 
f 1105//485 1104//464 1093//451 
f 1104//464 1073//421 1093//451 
f 1105//485 1093//451 1094//452 
f 1105//483 1094//452 1095//454 
f 1118//484 1105//483 1095//454 
f 1118//484 1095//454 1097//456 
f 1119//486 1120//487 1121//488 
f 1122//489 1119//486 1121//488 
f 1122//490 1123//491 1119//486 
f 1119//486 1123//491 1120//487 
f 1124//492 1122//500 1125//494 
f 1126//495 1122//500 1124//492 
f 1126//495 1127//496 1122//500 
f 1125//494 1128//497 1129//498 
f 1127//496 1130//499 1122//500 
f 1129//498 1131//501 1132//502 
f 1130//499 1133//503 1122//504 
f 1131//505 1134//506 1132//502 
f 1133//503 1135//507 1136//508 
f 1137//509 1138//510 1134//506 
f 1135//507 1139//511 1136//512 
f 1139//511 1140//513 1136//514 
f 1140//513 1141//515 1136//516 
f 1141//515 1142//517 1136//516 
f 1141//515 1143//518 1142//517 
f 1136//516 1142//517 1144//519 
f 1136//516 1144//519 1145//520 
f 1146//521 1145//520 1147//522 
f 1148//523 1146//524 1147//522 
f 1149//525 1146//526 1148//523 
f 1123//491 1150//527 1151//528 
f 1123//491 1151//528 1120//487 
f 1152//529 1153//530 1149//525 
f 1154//531 1153//530 1152//529 
f 1154//531 1155//532 1153//530 
f 1153//533 1156//534 1151//528 
f 1156//534 1120//487 1151//528 
f 1155//532 1157//535 1153//530 
f 1157//535 1158//537 1153//538 
f 1153//539 1159//540 1156//534 
f 1156//534 1159//540 1120//487 
f 1153//539 1160//541 1159//540 
f 1153//538 1161//542 1160//541 
f 1158//537 1161//542 1153//538 
f 1158//537 1162//543 1161//542 
f 1163//544 1164//545 1165//546 
f 1163//544 1165//546 1137//509 
f 1137//509 1165//546 1138//510 
f 1166//547 1163//544 1137//509 
f 1167//548 1166//547 1137//549 
f 1162//543 1167//548 1137//550 
f 1162//543 1137//550 1161//542 
f 1161//542 1128//551 1160//541 
f 1160//541 1128//552 1159//540 
f 1159//540 1128//552 1121//488 
f 1159//540 1121//488 1120//487 
f 1090//447 1112//474 1168//553 
f 1090//447 1168//553 1169//554 
f 1087//443 1090//447 1169//554 
f 1169//554 1168//553 1170//555 
f 1084//439 1087//443 1171//556 
f 1169//554 1170//555 1172//557 
f 1082//435 1084//439 1171//558 
f 1169//554 1172//557 1173//559 
f 1080//431 1082//435 1174//560 
f 1175//561 1176//562 1173//559 
f 1077//427 1080//431 1174//563 
f 1177//564 1176//565 1175//561 
f 1076//425 1077//427 1178//566 
f 1179//567 1180//568 1177//564 
f 1078//428 1076//425 1178//566 
f 1078//428 1178//566 1181//569 
f 1181//569 1178//570 1182//571 
f 1182//571 1178//570 1183//572 
f 1183//572 1184//573 1185//574 
f 1184//575 1186//576 1185//574 
f 1143//518 1180//568 1179//567 
f 1143//518 1141//515 1180//568 
f 1141//515 1140//513 1187//577 
f 1140//513 1139//511 1187//578 
f 1139//511 1135//507 1187//579 
f 1135//507 1133//503 1188//580 
f 1133//503 1130//499 1188//581 
f 1184//582 1189//583 1186//576 
f 1130//499 1127//496 1184//582 
f 1184//582 1190//584 1189//583 
f 1127//496 1190//584 1184//582 
f 1127//496 1126//495 1190//584 
f 1114//477 1115//479 1191//585 
f 1114//477 1191//585 1192//586 
f 1113//475 1114//477 1192//586 
f 1192//586 1191//585 1193//587 
f 1107//467 1113//475 1194//588 
f 1192//586 1193//587 1195//589 
f 1108//468 1107//467 1194//590 
f 1192//586 1195//589 1196//591 
f 1109//470 1108//468 1197//592 
f 1198//593 1199//594 1196//591 
f 1110//472 1109//470 1197//595 
f 1200//596 1199//597 1198//593 
f 1111//473 1110//472 1197//598 
f 1201//599 1202//600 1200//596 
f 1112//474 1111//473 1197//598 
f 1112//474 1197//598 1168//553 
f 1168//553 1203//601 1170//555 
f 1170//555 1203//601 1172//557 
f 1172//557 1204//602 1173//559 
f 1204//603 1175//561 1173//559 
f 1154//531 1202//600 1201//599 
f 1154//531 1152//529 1202//600 
f 1152//529 1149//525 1205//604 
f 1149//525 1148//523 1205//605 
f 1148//523 1147//522 1205//606 
f 1147//522 1145//520 1206//607 
f 1145//520 1144//519 1206//608 
f 1204//609 1177//564 1175//561 
f 1144//519 1142//517 1204//609 
f 1204//609 1179//567 1177//564 
f 1142//517 1179//567 1204//609 
f 1142//517 1143//518 1179//567 
f 1118//484 1097//456 1207//610 
f 1118//484 1207//610 1208//611 
f 1117//482 1118//484 1208//611 
f 1208//611 1207//610 1209//612 
f 1116//480 1117//482 1208//613 
f 1208//614 1209//612 1210//615 
f 1115//479 1116//480 1208//613 
f 1115//479 1208//613 1191//585 
f 1211//616 1210//615 1212//617 
f 1191//585 1213//618 1193//587 
f 1214//619 1211//620 1212//617 
f 1193//587 1213//618 1195//589 
f 1215//621 1216//622 1214//619 
f 1195//589 1217//623 1196//591 
f 1218//624 1216//625 1215//621 
f 1217//626 1198//593 1196//591 
f 1162//543 1219//627 1218//624 
f 1162//543 1158//537 1219//627 
f 1217//628 1200//596 1198//593 
f 1158//537 1157//535 1219//629 
f 1219//629 1201//599 1200//596 
f 1157//535 1155//532 1219//629 
f 1155//532 1201//599 1219//629 
f 1155//532 1154//531 1201//599 
f 1100//460 1102//462 1220//630 
f 1100//460 1220//630 1221//631 
f 1099//459 1100//460 1221//631 
f 1221//631 1220//630 1222//632 
f 1098//457 1099//459 1221//631 
f 1223//633 1222//632 1224//634 
f 1097//456 1098//457 1221//635 
f 1097//456 1221//635 1207//610 
f 1223//633 1224//634 1225//636 
f 1207//610 1221//637 1209//612 
f 1226//638 1227//639 1225//636 
f 1209//612 1228//640 1210//615 
f 1229//641 1227//642 1226//638 
f 1210//615 1228//643 1212//617 
f 1230//644 1231//648 1229//641 
f 1227//646 1214//619 1212//617 
f 1164//545 1231//648 1230//644 
f 1164//545 1163//544 1231//648 
f 1231//647 1215//621 1214//619 
f 1163//544 1166//547 1231//648 
f 1231//649 1218//624 1215//621 
f 1166//547 1167//548 1231//649 
f 1167//548 1218//624 1231//649 
f 1167//548 1162//543 1218//624 
f 1079//429 1078//428 1181//569 
f 1079//429 1181//569 1232//650 
f 1081//432 1079//429 1232//650 
f 1232//650 1181//569 1182//571 
f 1083//436 1081//432 1232//651 
f 1232//650 1182//571 1183//572 
f 1085//440 1083//436 1232//652 
f 1233//653 1183//572 1185//574 
f 1088//444 1085//440 1234//654 
f 1186//576 1233//655 1185//574 
f 1091//448 1088//444 1234//656 
f 1189//583 1233//657 1186//576 
f 1101//461 1091//448 1235//658 
f 1190//584 1236//659 1189//583 
f 1102//462 1101//461 1235//658 
f 1102//462 1235//658 1220//630 
f 1220//630 1235//660 1222//632 
f 1222//632 1235//660 1224//634 
f 1224//634 1237//661 1225//636 
f 1237//662 1226//638 1225//636 
f 1126//495 1236//659 1190//584 
f 1126//495 1124//492 1236//659 
f 1124//492 1125//494 1238//663 
f 1125//494 1129//498 1238//664 
f 1129//498 1132//502 1238//665 
f 1132//502 1134//506 1239//666 
f 1134//506 1138//510 1239//667 
f 1237//668 1229//641 1226//638 
f 1138//510 1165//546 1237//668 
f 1237//668 1230//644 1229//641 
f 1165//546 1230//644 1237//668 
f 1165//546 1164//545 1230//644 
f 1240//416 1241//417 1242//418 
f 1243//419 1241//417 1240//416 
f 1240//416 1242//418 1244//420 
f 1241//417 1245//421 1242//418 
f 1246//422 1244//420 1242//418 
f 1243//423 1247//424 1241//417 
f 1241//417 1247//424 1245//421 
f 1248//425 1243//433 1249//427 
f 1250//428 1243//433 1248//425 
f 1250//428 1251//429 1243//433 
f 1249//427 1244//430 1252//431 
f 1251//429 1253//432 1243//433 
f 1252//431 1244//434 1254//435 
f 1253//432 1255//436 1243//437 
f 1244//438 1256//439 1254//435 
f 1255//436 1257//440 1258//441 
f 1244//442 1259//443 1256//439 
f 1257//440 1260//444 1258//445 
f 1261//446 1262//447 1259//443 
f 1260//444 1263//448 1258//449 
f 1247//424 1264//450 1265//451 
f 1247//424 1265//451 1245//421 
f 1264//450 1266//452 1265//451 
f 1264//453 1267//454 1266//452 
f 1268//455 1269//456 1267//454 
f 1268//455 1270//457 1269//456 
f 1268//458 1271//459 1270//457 
f 1268//458 1272//460 1271//459 
f 1263//448 1273//461 1268//458 
f 1273//461 1272//460 1268//458 
f 1273//461 1274//462 1272//460 
f 1275//463 1242//418 1245//421 
f 1276//464 1275//463 1245//421 
f 1277//465 1275//463 1276//464 
f 1278//466 1246//422 1275//463 
f 1275//463 1246//422 1242//418 
f 1279//467 1280//468 1278//469 
f 1280//468 1281//470 1278//471 
f 1281//470 1282//472 1261//446 
f 1282//472 1283//473 1261//446 
f 1283//473 1262//447 1261//446 
f 1283//473 1284//474 1262//447 
f 1285//475 1279//467 1278//476 
f 1286//477 1285//475 1277//478 
f 1287//479 1286//477 1277//478 
f 1287//479 1277//478 1288//480 
f 1288//480 1277//478 1289//482 
f 1289//482 1277//483 1290//484 
f 1277//485 1276//464 1265//451 
f 1276//464 1245//421 1265//451 
f 1277//485 1265//451 1266//452 
f 1277//483 1266//452 1267//454 
f 1290//484 1277//483 1267//454 
f 1290//484 1267//454 1269//456 
f 1291//486 1292//487 1293//488 
f 1294//489 1291//486 1293//488 
f 1294//490 1295//491 1291//486 
f 1291//486 1295//491 1292//487 
f 1296//492 1294//500 1297//494 
f 1298//495 1294//500 1296//492 
f 1298//495 1299//496 1294//500 
f 1297//494 1300//497 1301//498 
f 1299//496 1302//499 1294//500 
f 1301//498 1303//501 1304//502 
f 1302//499 1305//503 1294//504 
f 1303//505 1306//506 1304//502 
f 1305//503 1307//507 1308//508 
f 1309//509 1310//510 1306//506 
f 1307//507 1311//511 1308//512 
f 1311//511 1312//513 1308//514 
f 1312//513 1313//515 1308//516 
f 1313//515 1314//517 1308//516 
f 1313//515 1315//518 1314//517 
f 1308//516 1314//517 1316//519 
f 1308//516 1316//519 1317//520 
f 1318//521 1317//520 1319//522 
f 1320//523 1318//524 1319//522 
f 1321//525 1318//526 1320//523 
f 1295//491 1322//527 1323//528 
f 1295//491 1323//528 1292//487 
f 1324//529 1325//530 1321//525 
f 1326//531 1325//530 1324//529 
f 1326//531 1327//532 1325//530 
f 1325//533 1328//534 1323//528 
f 1328//534 1292//487 1323//528 
f 1327//532 1329//535 1325//530 
f 1329//535 1330//537 1325//538 
f 1325//539 1331//540 1328//534 
f 1328//534 1331//540 1292//487 
f 1325//539 1332//541 1331//540 
f 1325//538 1333//542 1332//541 
f 1330//537 1333//542 1325//538 
f 1330//537 1334//543 1333//542 
f 1335//544 1336//545 1337//546 
f 1335//544 1337//546 1309//509 
f 1309//509 1337//546 1310//510 
f 1338//547 1335//544 1309//509 
f 1339//548 1338//547 1309//549 
f 1334//543 1339//548 1309//550 
f 1334//543 1309//550 1333//542 
f 1333//542 1300//551 1332//541 
f 1332//541 1300//552 1331//540 
f 1331//540 1300//552 1293//488 
f 1331//540 1293//488 1292//487 
f 1262//447 1284//474 1340//553 
f 1262//447 1340//553 1341//554 
f 1259//443 1262//447 1341//554 
f 1341//554 1340//553 1342//555 
f 1256//439 1259//443 1343//556 
f 1341//554 1342//555 1344//557 
f 1254//435 1256//439 1343//558 
f 1341//554 1344//557 1345//559 
f 1252//431 1254//435 1346//560 
f 1347//561 1348//562 1345//559 
f 1249//427 1252//431 1346//563 
f 1349//564 1348//565 1347//561 
f 1248//425 1249//427 1350//566 
f 1351//567 1352//568 1349//564 
f 1250//428 1248//425 1350//566 
f 1250//428 1350//566 1353//569 
f 1353//569 1350//566 1354//571 
f 1354//571 1350//566 1355//572 
f 1355//572 1356//573 1357//574 
f 1356//575 1358//576 1357//574 
f 1315//518 1352//568 1351//567 
f 1315//518 1313//515 1352//568 
f 1313//515 1312//513 1359//577 
f 1312//513 1311//511 1359//578 
f 1311//511 1307//507 1359//579 
f 1307//507 1305//503 1360//580 
f 1305//503 1302//499 1360//581 
f 1356//582 1361//583 1358//576 
f 1302//499 1299//496 1356//582 
f 1356//582 1362//584 1361//583 
f 1299//496 1362//584 1356//582 
f 1299//496 1298//495 1362//584 
f 1286//477 1287//479 1363//585 
f 1286//477 1363//585 1364//588 
f 1285//475 1286//477 1364//588 
f 1364//588 1363//585 1365//587 
f 1279//467 1285//475 1364//588 
f 1364//669 1365//587 1366//589 
f 1280//468 1279//467 1367//590 
f 1364//669 1366//589 1368//591 
f 1281//470 1280//468 1367//592 
f 1369//593 1370//594 1368//591 
f 1282//472 1281//470 1367//595 
f 1371//596 1370//597 1369//593 
f 1283//473 1282//472 1372//598 
f 1373//599 1374//600 1371//596 
f 1284//474 1283//473 1372//598 
f 1284//474 1372//598 1340//553 
f 1340//553 1375//601 1342//555 
f 1342//555 1375//601 1344//557 
f 1344//557 1376//602 1345//559 
f 1376//603 1347//561 1345//559 
f 1326//531 1374//600 1373//599 
f 1326//531 1324//529 1374//600 
f 1324//529 1321//525 1377//604 
f 1321//525 1320//523 1377//605 
f 1320//523 1319//522 1377//606 
f 1319//522 1317//520 1378//607 
f 1317//520 1316//519 1378//608 
f 1376//609 1349//564 1347//561 
f 1316//519 1314//517 1376//609 
f 1376//609 1351//567 1349//564 
f 1314//517 1351//567 1376//609 
f 1314//517 1315//518 1351//567 
f 1290//484 1269//456 1379//610 
f 1290//484 1379//610 1380//611 
f 1289//482 1290//484 1380//611 
f 1380//611 1379//610 1381//612 
f 1288//480 1289//482 1380//613 
f 1380//614 1381//612 1382//615 
f 1287//479 1288//480 1380//613 
f 1287//479 1380//613 1363//585 
f 1383//616 1382//615 1384//617 
f 1363//585 1385//618 1365//587 
f 1386//619 1383//620 1384//617 
f 1365//587 1385//618 1366//589 
f 1387//621 1388//622 1386//619 
f 1366//589 1389//623 1368//591 
f 1390//624 1388//625 1387//621 
f 1389//626 1369//593 1368//591 
f 1334//543 1391//627 1390//624 
f 1334//543 1330//537 1391//627 
f 1389//628 1371//596 1369//593 
f 1330//537 1329//535 1391//629 
f 1391//629 1373//599 1371//596 
f 1329//535 1327//532 1391//629 
f 1327//532 1373//599 1391//629 
f 1327//532 1326//531 1373//599 
f 1272//460 1274//462 1392//630 
f 1272//460 1392//630 1393//631 
f 1271//459 1272//460 1393//631 
f 1393//631 1392//630 1394//632 
f 1270//457 1271//459 1393//631 
f 1395//633 1394//632 1396//634 
f 1269//456 1270//457 1393//635 
f 1269//456 1393//635 1379//610 
f 1395//633 1396//634 1397//636 
f 1379//610 1393//637 1381//612 
f 1398//638 1395//639 1397//636 
f 1381//612 1399//640 1382//615 
f 1400//641 1395//642 1398//638 
f 1382//615 1399//643 1384//617 
f 1401//644 1402//648 1400//641 
f 1399//646 1386//619 1384//617 
f 1336//545 1402//648 1401//644 
f 1336//545 1335//544 1402//648 
f 1402//647 1387//621 1386//619 
f 1335//544 1338//547 1402//648 
f 1402//649 1390//624 1387//621 
f 1338//547 1339//548 1402//649 
f 1339//548 1390//624 1402//649 
f 1339//548 1334//543 1390//624 
f 1251//429 1250//428 1353//569 
f 1251//429 1353//569 1403//650 
f 1253//432 1251//429 1403//650 
f 1403//650 1353//569 1354//571 
f 1255//436 1253//432 1403//651 
f 1403//650 1354//571 1355//572 
f 1257//440 1255//436 1403//652 
f 1404//653 1355//572 1357//574 
f 1260//444 1257//440 1405//654 
f 1358//576 1404//655 1357//574 
f 1263//448 1260//444 1405//656 
f 1361//583 1404//657 1358//576 
f 1273//461 1263//448 1406//658 
f 1362//584 1407//659 1361//583 
f 1274//462 1273//461 1406//658 
f 1274//462 1406//658 1392//630 
f 1392//630 1406//660 1394//632 
f 1394//632 1406//660 1396//634 
f 1396//634 1408//661 1397//636 
f 1408//662 1398//638 1397//636 
f 1298//495 1407//659 1362//584 
f 1298//495 1296//492 1407//659 
f 1296//492 1297//494 1409//663 
f 1297//494 1301//498 1409//664 
f 1301//498 1304//502 1409//665 
f 1304//502 1306//506 1410//666 
f 1306//506 1310//510 1410//667 
f 1408//668 1400//641 1398//638 
f 1310//510 1337//546 1408//668 
f 1408//668 1401//644 1400//641 
f 1337//546 1401//644 1408//668 
f 1337//546 1336//545 1401//644 
f 1411//416 1412//417 1413//418 
f 1414//419 1412//417 1411//416 
f 1411//416 1413//418 1415//420 
f 1412//417 1416//421 1413//418 
f 1417//422 1415//420 1413//418 
f 1414//423 1418//424 1412//417 
f 1412//417 1418//424 1416//421 
f 1419//425 1414//433 1420//427 
f 1421//428 1414//433 1419//425 
f 1421//428 1422//429 1414//433 
f 1420//427 1415//430 1423//431 
f 1422//429 1424//432 1414//433 
f 1423//431 1415//434 1425//435 
f 1424//432 1426//436 1414//437 
f 1415//438 1427//439 1425//435 
f 1426//436 1428//440 1429//441 
f 1415//442 1430//443 1427//439 
f 1428//440 1431//444 1429//445 
f 1432//446 1433//447 1430//443 
f 1431//444 1434//448 1435//449 
f 1418//424 1436//450 1437//451 
f 1418//424 1437//451 1416//421 
f 1436//450 1438//452 1437//451 
f 1436//453 1439//454 1438//452 
f 1436//455 1440//456 1439//454 
f 1436//455 1441//457 1440//456 
f 1436//458 1442//459 1441//457 
f 1435//449 1443//460 1442//459 
f 1434//448 1444//461 1435//449 
f 1444//461 1443//460 1435//449 
f 1444//461 1445//462 1443//460 
f 1446//463 1413//418 1416//421 
f 1447//464 1446//463 1416//421 
f 1448//465 1446//463 1447//464 
f 1449//466 1417//422 1446//463 
f 1446//463 1417//422 1413//418 
f 1450//467 1451//468 1449//469 
f 1451//468 1452//470 1449//471 
f 1452//470 1453//472 1432//446 
f 1453//472 1454//473 1432//446 
f 1454//473 1433//447 1432//446 
f 1454//473 1455//474 1433//447 
f 1456//475 1450//467 1449//476 
f 1457//477 1456//475 1448//478 
f 1458//479 1457//477 1448//478 
f 1458//479 1448//478 1459//480 
f 1459//480 1448//478 1460//482 
f 1460//482 1448//483 1461//484 
f 1448//485 1447//464 1437//451 
f 1447//464 1416//421 1437//451 
f 1448//485 1437//451 1438//452 
f 1448//483 1438//452 1439//454 
f 1461//484 1448//483 1439//454 
f 1461//484 1439//454 1440//456 
f 1462//486 1463//487 1464//488 
f 1465//489 1462//486 1464//488 
f 1465//490 1466//491 1462//486 
f 1462//486 1466//491 1463//487 
f 1467//492 1465//500 1468//494 
f 1469//495 1465//500 1467//492 
f 1469//495 1470//496 1465//500 
f 1468//494 1471//497 1472//498 
f 1470//496 1473//499 1465//500 
f 1472//498 1474//501 1475//502 
f 1473//499 1476//503 1465//504 
f 1474//505 1477//506 1475//502 
f 1476//503 1478//507 1479//508 
f 1480//509 1481//510 1477//506 
f 1478//507 1482//511 1479//512 
f 1482//511 1483//513 1479//514 
f 1483//513 1484//515 1479//516 
f 1484//515 1485//517 1479//516 
f 1484//515 1486//518 1485//517 
f 1479//516 1485//517 1487//519 
f 1479//516 1487//519 1488//520 
f 1489//521 1488//520 1490//522 
f 1491//523 1489//524 1490//522 
f 1492//525 1489//526 1491//523 
f 1466//491 1493//527 1494//528 
f 1466//491 1494//528 1463//487 
f 1495//529 1496//530 1492//525 
f 1497//531 1496//530 1495//529 
f 1497//531 1498//532 1496//530 
f 1496//533 1499//534 1494//528 
f 1499//534 1463//487 1494//528 
f 1498//532 1500//535 1496//530 
f 1500//535 1501//537 1496//538 
f 1496//539 1502//540 1499//534 
f 1499//534 1502//540 1463//487 
f 1496//539 1503//541 1502//540 
f 1496//538 1504//542 1503//541 
f 1501//537 1504//542 1496//538 
f 1501//537 1505//543 1504//542 
f 1506//544 1507//545 1508//546 
f 1506//544 1508//546 1480//509 
f 1480//509 1508//546 1481//510 
f 1509//547 1506//544 1480//509 
f 1510//548 1509//547 1480//549 
f 1505//543 1510//548 1480//550 
f 1505//543 1480//550 1504//542 
f 1504//542 1471//551 1503//541 
f 1503//541 1471//552 1502//540 
f 1502//540 1471//552 1464//488 
f 1502//540 1464//488 1463//487 
f 1433//447 1455//474 1511//553 
f 1433//447 1511//553 1512//554 
f 1430//443 1433//447 1512//554 
f 1512//554 1511//553 1513//555 
f 1427//439 1430//443 1514//556 
f 1512//554 1513//555 1515//557 
f 1425//435 1427//439 1514//558 
f 1512//554 1515//557 1516//559 
f 1423//431 1425//435 1517//560 
f 1518//561 1519//562 1516//559 
f 1420//427 1423//431 1517//563 
f 1520//564 1519//565 1518//561 
f 1419//425 1420//427 1521//566 
f 1522//567 1523//568 1520//564 
f 1421//428 1419//425 1521//566 
f 1421//428 1521//566 1524//569 
f 1524//569 1521//570 1525//571 
f 1525//571 1521//570 1526//572 
f 1526//572 1527//573 1528//574 
f 1527//575 1529//576 1528//574 
f 1486//518 1523//568 1522//567 
f 1486//518 1484//515 1523//568 
f 1484//515 1483//513 1530//577 
f 1483//513 1482//511 1530//578 
f 1482//511 1478//507 1530//579 
f 1478//507 1476//503 1531//580 
f 1476//503 1473//499 1531//581 
f 1527//582 1532//583 1529//576 
f 1473//499 1470//496 1527//582 
f 1527//582 1533//584 1532//583 
f 1470//496 1533//584 1527//582 
f 1470//496 1469//495 1533//584 
f 1457//477 1458//479 1534//585 
f 1457//477 1534//585 1535//588 
f 1456//475 1457//477 1535//588 
f 1535//588 1534//585 1536//587 
f 1450//467 1456//475 1535//588 
f 1535//669 1536//587 1537//589 
f 1451//468 1450//467 1538//590 
f 1535//669 1537//589 1539//591 
f 1452//470 1451//468 1538//592 
f 1540//593 1541//594 1539//591 
f 1453//472 1452//470 1538//595 
f 1542//596 1541//597 1540//593 
f 1454//473 1453//472 1543//598 
f 1544//599 1545//600 1542//596 
f 1455//474 1454//473 1543//598 
f 1455//474 1543//598 1511//553 
f 1511//553 1546//601 1513//555 
f 1513//555 1546//601 1515//557 
f 1515//557 1547//602 1516//559 
f 1547//603 1518//561 1516//559 
f 1497//531 1545//600 1544//599 
f 1497//531 1495//529 1545//600 
f 1495//529 1492//525 1548//604 
f 1492//525 1491//523 1548//605 
f 1491//523 1490//522 1548//606 
f 1490//522 1488//520 1549//607 
f 1488//520 1487//519 1549//608 
f 1547//609 1520//564 1518//561 
f 1487//519 1485//517 1547//609 
f 1547//609 1522//567 1520//564 
f 1485//517 1522//567 1547//609 
f 1485//517 1486//518 1522//567 
f 1461//484 1440//456 1550//610 
f 1461//484 1550//610 1551//611 
f 1460//482 1461//484 1551//611 
f 1551//611 1550//610 1552//612 
f 1459//480 1460//482 1551//613 
f 1551//614 1552//612 1553//615 
f 1458//479 1459//480 1551//613 
f 1458//479 1551//613 1534//585 
f 1554//616 1553//615 1555//617 
f 1534//585 1556//618 1536//587 
f 1557//619 1554//620 1555//617 
f 1536//587 1556//618 1537//589 
f 1558//621 1559//622 1557//619 
f 1537//589 1560//623 1539//591 
f 1561//624 1559//625 1558//621 
f 1560//626 1540//593 1539//591 
f 1505//543 1562//627 1561//624 
f 1505//543 1501//537 1562//627 
f 1560//628 1542//596 1540//593 
f 1501//537 1500//535 1562//629 
f 1562//629 1544//599 1542//596 
f 1500//535 1498//532 1562//629 
f 1498//532 1544//599 1562//629 
f 1498//532 1497//531 1544//599 
f 1443//460 1445//462 1563//630 
f 1443//460 1563//630 1564//631 
f 1442//459 1443//460 1564//631 
f 1564//631 1563//630 1565//632 
f 1441//457 1442//459 1564//631 
f 1566//633 1565//632 1567//634 
f 1440//456 1441//457 1564//635 
f 1440//456 1564//635 1550//610 
f 1566//633 1567//634 1568//636 
f 1550//610 1564//637 1552//612 
f 1569//638 1566//639 1568//636 
f 1552//612 1570//640 1553//615 
f 1571//641 1566//642 1569//638 
f 1553//615 1570//643 1555//617 
f 1572//644 1573//648 1571//641 
f 1570//646 1557//619 1555//617 
f 1507//545 1573//648 1572//644 
f 1507//545 1506//544 1573//648 
f 1573//647 1558//621 1557//619 
f 1506//544 1509//547 1573//648 
f 1573//649 1561//624 1558//621 
f 1509//547 1510//548 1573//649 
f 1510//548 1561//624 1573//649 
f 1510//548 1505//543 1561//624 
f 1422//429 1421//428 1524//569 
f 1422//429 1524//569 1574//650 
f 1424//432 1422//429 1574//650 
f 1574//650 1524//569 1525//571 
f 1426//436 1424//432 1574//651 
f 1574//650 1525//571 1526//572 
f 1428//440 1426//436 1574//652 
f 1575//653 1526//572 1528//574 
f 1431//444 1428//440 1576//654 
f 1529//576 1575//655 1528//574 
f 1434//448 1431//444 1576//656 
f 1532//583 1575//657 1529//576 
f 1444//461 1434//448 1577//658 
f 1533//584 1578//659 1532//583 
f 1445//462 1444//461 1577//658 
f 1445//462 1577//658 1563//630 
f 1563//630 1577//660 1565//632 
f 1565//632 1577//660 1567//634 
f 1567//634 1579//661 1568//636 
f 1579//662 1569//638 1568//636 
f 1469//495 1578//659 1533//584 
f 1469//495 1467//492 1578//659 
f 1467//492 1468//494 1580//663 
f 1468//494 1472//498 1580//664 
f 1472//498 1475//502 1580//665 
f 1475//502 1477//506 1581//666 
f 1477//506 1481//510 1581//667 
f 1579//668 1571//641 1569//638 
f 1481//510 1508//546 1579//668 
f 1579//668 1572//644 1571//641 
f 1508//546 1572//644 1579//668 
f 1508//546 1507//545 1572//644 
f 1582//416 1583//417 1584//418 
f 1585//419 1583//417 1582//416 
f 1582//416 1584//418 1586//420 
f 1583//417 1587//421 1584//418 
f 1588//422 1586//420 1584//418 
f 1585//423 1589//424 1583//417 
f 1583//417 1589//424 1587//421 
f 1590//425 1585//433 1591//427 
f 1592//428 1585//433 1590//425 
f 1592//428 1593//429 1585//433 
f 1591//427 1586//430 1594//431 
f 1593//429 1595//432 1585//433 
f 1594//431 1586//434 1596//435 
f 1595//432 1597//436 1585//437 
f 1586//438 1598//439 1596//435 
f 1597//436 1599//440 1600//441 
f 1586//442 1601//443 1598//439 
f 1599//440 1602//444 1600//445 
f 1603//446 1604//447 1601//443 
f 1602//444 1605//448 1600//449 
f 1589//424 1600//450 1606//451 
f 1589//424 1606//451 1587//421 
f 1600//450 1607//452 1606//451 
f 1600//453 1608//454 1607//452 
f 1609//455 1610//456 1608//454 
f 1609//455 1611//457 1610//456 
f 1609//458 1612//459 1611//457 
f 1609//458 1613//460 1612//459 
f 1605//448 1614//461 1609//458 
f 1614//461 1613//460 1609//458 
f 1614//461 1615//462 1613//460 
f 1616//463 1584//418 1587//421 
f 1617//464 1616//463 1587//421 
f 1618//465 1616//463 1617//464 
f 1619//466 1588//422 1616//463 
f 1616//463 1588//422 1584//418 
f 1620//467 1621//468 1619//469 
f 1621//468 1622//470 1619//471 
f 1622//470 1623//472 1603//446 
f 1623//472 1624//473 1603//446 
f 1624//473 1604//447 1603//446 
f 1624//473 1625//474 1604//447 
f 1626//475 1620//467 1619//476 
f 1627//477 1626//475 1618//478 
f 1628//479 1627//477 1618//478 
f 1628//479 1618//478 1629//480 
f 1629//480 1618//478 1630//482 
f 1630//482 1618//483 1631//484 
f 1618//485 1617//464 1606//451 
f 1617//464 1587//421 1606//451 
f 1618//485 1606//451 1607//452 
f 1618//483 1607//452 1608//454 
f 1631//484 1618//483 1608//454 
f 1631//484 1608//454 1610//456 
f 1632//486 1633//487 1634//488 
f 1635//489 1632//486 1634//488 
f 1635//490 1636//491 1632//486 
f 1632//486 1636//491 1633//487 
f 1637//492 1635//500 1638//494 
f 1639//495 1635//500 1637//492 
f 1639//495 1640//496 1635//500 
f 1638//494 1641//497 1642//498 
f 1640//496 1643//499 1635//500 
f 1642//498 1644//501 1645//502 
f 1643//499 1646//503 1635//504 
f 1644//505 1647//506 1645//502 
f 1646//503 1648//507 1649//508 
f 1650//509 1651//510 1647//506 
f 1648//507 1652//511 1649//512 
f 1652//511 1653//513 1649//514 
f 1653//513 1654//515 1649//516 
f 1654//515 1655//517 1649//516 
f 1654//515 1656//518 1655//517 
f 1649//516 1655//517 1657//519 
f 1649//516 1657//519 1658//520 
f 1659//521 1658//520 1660//522 
f 1661//523 1659//524 1660//522 
f 1662//525 1659//526 1661//523 
f 1636//491 1663//527 1664//528 
f 1636//491 1664//528 1633//487 
f 1665//529 1666//530 1662//525 
f 1667//531 1666//530 1665//529 
f 1667//531 1668//532 1666//530 
f 1666//533 1669//534 1664//528 
f 1669//534 1633//487 1664//528 
f 1668//532 1670//535 1666//530 
f 1670//535 1671//537 1666//538 
f 1666//539 1672//540 1669//534 
f 1669//534 1672//540 1633//487 
f 1666//539 1673//541 1672//540 
f 1666//538 1674//542 1673//541 
f 1671//537 1674//542 1666//538 
f 1671//537 1675//543 1674//542 
f 1676//544 1677//545 1678//546 
f 1676//544 1678//546 1650//509 
f 1650//509 1678//546 1651//510 
f 1679//547 1676//544 1650//509 
f 1680//548 1679//547 1650//549 
f 1675//543 1680//548 1650//550 
f 1675//543 1650//550 1674//542 
f 1674//542 1641//551 1673//541 
f 1673//541 1641//552 1672//540 
f 1672//540 1641//552 1634//488 
f 1672//540 1634//488 1633//487 
f 1604//447 1625//474 1681//553 
f 1604//447 1681//553 1682//554 
f 1601//443 1604//447 1682//554 
f 1682//554 1681//553 1683//555 
f 1598//439 1601//443 1684//556 
f 1682//554 1683//555 1685//557 
f 1596//435 1598//439 1684//558 
f 1682//554 1685//557 1686//559 
f 1594//431 1596//435 1684//560 
f 1687//561 1688//562 1686//559 
f 1591//427 1594//431 1684//563 
f 1689//564 1688//565 1687//561 
f 1590//425 1591//427 1690//566 
f 1691//567 1692//568 1689//564 
f 1592//428 1590//425 1690//566 
f 1592//428 1690//566 1693//569 
f 1693//569 1690//570 1694//571 
f 1694//571 1690//570 1695//572 
f 1695//572 1696//573 1697//574 
f 1696//575 1698//576 1697//574 
f 1656//518 1692//568 1691//567 
f 1656//518 1654//515 1692//568 
f 1654//515 1653//513 1699//577 
f 1653//513 1652//511 1699//578 
f 1652//511 1648//507 1699//579 
f 1648//507 1646//503 1700//580 
f 1646//503 1643//499 1700//581 
f 1696//582 1701//583 1698//576 
f 1643//499 1640//496 1696//582 
f 1696//582 1702//584 1701//583 
f 1640//496 1702//584 1696//582 
f 1640//496 1639//495 1702//584 
f 1627//477 1628//479 1703//585 
f 1627//477 1703//585 1704//586 
f 1626//475 1627//477 1704//586 
f 1704//586 1703//585 1705//587 
f 1620//467 1626//475 1706//588 
f 1704//586 1705//587 1707//589 
f 1621//468 1620//467 1706//590 
f 1704//586 1707//589 1708//591 
f 1622//470 1621//468 1709//592 
f 1710//593 1711//594 1708//591 
f 1623//472 1622//470 1709//595 
f 1712//596 1711//597 1710//593 
f 1624//473 1623//472 1709//598 
f 1713//599 1714//600 1712//596 
f 1625//474 1624//473 1709//598 
f 1625//474 1709//598 1681//553 
f 1681//553 1715//601 1683//555 
f 1683//555 1715//601 1685//557 
f 1685//557 1716//602 1686//559 
f 1716//603 1687//561 1686//559 
f 1667//531 1714//600 1713//599 
f 1667//531 1665//529 1714//600 
f 1665//529 1662//525 1717//604 
f 1662//525 1661//523 1717//605 
f 1661//523 1660//522 1717//606 
f 1660//522 1658//520 1718//607 
f 1658//520 1657//519 1718//608 
f 1716//609 1689//564 1687//561 
f 1657//519 1655//517 1716//609 
f 1716//609 1691//567 1689//564 
f 1655//517 1691//567 1716//609 
f 1655//517 1656//518 1691//567 
f 1631//484 1610//456 1719//610 
f 1631//484 1719//610 1720//611 
f 1630//482 1631//484 1720//611 
f 1720//611 1719//610 1721//612 
f 1629//480 1630//482 1720//613 
f 1720//614 1721//612 1722//615 
f 1628//479 1629//480 1720//613 
f 1628//479 1720//613 1703//585 
f 1720//616 1722//615 1723//617 
f 1703//585 1724//618 1705//587 
f 1725//619 1720//620 1723//617 
f 1705//587 1724//618 1707//589 
f 1726//621 1727//622 1725//619 
f 1707//589 1728//623 1708//591 
f 1729//624 1727//625 1726//621 
f 1728//626 1710//593 1708//591 
f 1675//543 1727//627 1729//624 
f 1675//543 1671//537 1727//627 
f 1728//628 1712//596 1710//593 
f 1671//537 1670//535 1727//629 
f 1727//629 1713//599 1712//596 
f 1670//535 1668//532 1727//629 
f 1668//532 1713//599 1727//629 
f 1668//532 1667//531 1713//599 
f 1613//460 1615//462 1730//630 
f 1613//460 1730//630 1731//631 
f 1612//459 1613//460 1731//631 
f 1731//631 1730//630 1732//632 
f 1611//457 1612//459 1731//631 
f 1731//633 1732//632 1733//634 
f 1610//456 1611//457 1731//635 
f 1610//456 1731//635 1719//610 
f 1731//633 1733//634 1734//636 
f 1719//610 1731//637 1721//612 
f 1735//638 1736//639 1734//636 
f 1721//612 1736//640 1722//615 
f 1737//641 1736//642 1735//638 
f 1722//615 1736//643 1723//617 
f 1738//644 1739//648 1737//641 
f 1736//646 1725//619 1723//617 
f 1677//545 1739//648 1738//644 
f 1677//545 1676//544 1739//648 
f 1739//647 1726//621 1725//619 
f 1676//544 1679//547 1739//648 
f 1739//649 1729//624 1726//621 
f 1679//547 1680//548 1739//649 
f 1680//548 1729//624 1739//649 
f 1680//548 1675//543 1729//624 
f 1593//429 1592//428 1693//569 
f 1593//429 1693//569 1740//650 
f 1595//432 1593//429 1740//650 
f 1740//650 1693//569 1694//571 
f 1597//436 1595//432 1741//651 
f 1740//650 1694//571 1695//572 
f 1599//440 1597//436 1741//652 
f 1742//653 1695//572 1697//574 
f 1602//444 1599//440 1741//654 
f 1698//576 1742//655 1697//574 
f 1605//448 1602//444 1741//656 
f 1701//583 1742//657 1698//576 
f 1614//461 1605//448 1743//658 
f 1702//584 1744//659 1701//583 
f 1615//462 1614//461 1743//658 
f 1615//462 1743//658 1730//630 
f 1730//630 1743//658 1732//632 
f 1732//632 1743//658 1733//634 
f 1733//634 1745//661 1734//636 
f 1745//662 1735//638 1734//636 
f 1639//495 1744//659 1702//584 
f 1639//495 1637//492 1744//659 
f 1637//492 1638//494 1746//663 
f 1638//494 1642//498 1746//664 
f 1642//498 1645//502 1746//665 
f 1645//502 1647//506 1747//666 
f 1647//506 1651//510 1747//667 
f 1745//668 1737//641 1735//638 
f 1651//510 1678//546 1745//668 
f 1745//668 1738//644 1737//641 
f 1678//546 1738//644 1745//668 
f 1678//546 1677//545 1738//644 
f 231//446 229//443 225//442 
f 231//671 212//672 214//422 
f 269//494 268//493 272//497 
f 265//489 264//488 272//673 
f 1432//671 1415//672 1417//422 
f 1432//446 1430//443 1415//442 
f 1261//446 1259//443 1244//442 
f 1261//671 1244//672 1246//422 
f 420//671 403//672 405//422 
f 420//446 418//443 403//442 
f 1089//446 1087//443 1072//442 
f 1089//671 1072//672 1074//422 
f 1297//494 1294//500 1300//497 
f 1294//489 1293//488 1300//673 
f 464//503 467//508 453//504 
f 453//490 481//674 454//491 
f 1465//490 1493//674 1466//491 
f 1476//503 1479//508 1465//504 
f 1133//503 1136//508 1122//504 
f 1122//490 1150//674 1123//491 
f 296//527 292//675 297//528 
f 287//516 291//520 292//521 
f 224//436 228//441 222//437 
f 211//423 1748//676 215//424 
f 1603//446 1601//443 1586//442 
f 1603//671 1586//672 1588//422 
f 757//446 755//443 740//442 
f 757//671 740//672 742//422 
f 1646//503 1649//508 1635//504 
f 1635//490 1663//674 1636//491 
f 792//494 789//500 795//497 
f 789//489 788//488 795//673 
f 924//671 907//672 909//422 
f 924//446 922//443 907//442 
f 592//446 590//443 575//442 
f 592//671 575//672 577//422 
f 967//503 970//508 956//504 
f 956//490 983//674 957//491 
f 635//503 638//508 624//504 
f 624//490 651//674 625//491 
f 1322//527 1318//675 1323//528 
f 1308//516 1317//520 1318//521 
f 414//436 417//441 402//437 
f 402//423 417//676 406//424 
f 1426//436 1429//441 1414//437 
f 1414//423 1429//676 1418//424 
f 1255//436 1258//441 1243//437 
f 1243//423 1264//676 1247//424 
f 1083//436 1086//441 1071//437 
f 1071//423 1092//676 1075//424 
f 278//503 281//508 275//504 
f 265//490 1749//674 266//491 
f 467//516 476//520 477//521 
f 481//527 477//675 482//528 
f 1479//516 1488//520 1489//521 
f 1493//527 1489//675 1494//528 
f 1150//527 1146//675 1151//528 
f 1136//516 1145//520 1146//521 
f 817//527 813//675 818//528 
f 803//516 812//520 813//521 
f 247//465 248//466 245//463 
f 255//475 248//476 247//478 
f 1597//436 1600//441 1585//437 
f 1585//423 1600//676 1589//424 
f 751//436 754//441 739//437 
f 739//423 754//676 743//424 
f 918//436 921//441 906//437 
f 906//423 921//676 910//424 
f 586//436 589//441 574//437 
f 574//423 589//676 578//424 
f 211//426 208//416 212//430 
f 217//427 211//426 212//430 
f 1663//527 1659//675 1664//528 
f 1649//516 1658//520 1659//521 
f 651//527 647//675 652//528 
f 638//516 646//520 647//521 
f 970//516 978//520 979//521 
f 983//527 979//675 984//528 
f 1305//503 1308//508 1294//504 
f 1294//490 1322//674 1295//491 
f 436//465 437//466 434//463 
f 444//475 437//476 436//478 
f 1448//465 1449//466 1446//463 
f 1456//475 1449//476 1448//478 
f 1277//465 1278//466 1275//463 
f 1285//475 1278//476 1277//478 
f 1105//465 1106//466 1103//463 
f 1113//475 1106//476 1105//478 
f 1243//433 1240//416 1244//430 
f 1249//427 1243//433 1244//430 
f 1071//433 1068//416 1072//430 
f 1077//427 1071//433 1072//430 
f 1420//427 1414//433 1415//430 
f 1414//433 1411//416 1415//430 
f 408//427 402//433 403//430 
f 402//433 399//416 403//430 
f 800//503 803//508 789//504 
f 789//490 817//674 790//491 
f 1618//465 1619//466 1616//463 
f 1626//475 1619//476 1618//478 
f 772//465 773//466 770//463 
f 780//475 773//476 772//478 
f 939//465 940//466 937//463 
f 947//475 940//476 939//478 
f 607//465 608//466 605//463 
f 615//475 608//476 607//478 
f 1585//433 1582//416 1586//430 
f 1591//427 1585//433 1586//430 
f 739//433 736//416 740//430 
f 745//427 739//433 740//430 
f 574//433 571//416 575//430 
f 580//427 574//433 575//430 
f 912//427 906//433 907//430 
f 906//433 903//416 907//430 
f 383//641 385//645 381//642 
f 362//612 375//637 382//640 
f 453//489 452//488 459//673 
f 456//494 453//500 459//497 
f 1468//494 1465//500 1471//497 
f 1465//489 1464//488 1471//673 
f 1125//494 1122//500 1128//497 
f 1122//489 1121//488 1128//673 
f 1400//641 1402//648 1395//642 
f 1381//612 1393//637 1399//640 
f 1552//612 1564//637 1570//640 
f 1571//641 1573//648 1566//642 
f 1638//494 1635//500 1641//497 
f 1635//489 1634//488 1641//673 
f 627//494 624//500 630//497 
f 624//489 623//488 630//673 
f 959//494 956//500 962//497 
f 956//489 955//488 962//673 
f 378//634 394//660 395//661 
f 340//583 393//659 390//657 
f 333//572 331//570 334//573 
f 318//554 322//559 325//562 
f 321//557 355//601 356//602 
f 343//586 347//591 350//594 
f 1515//557 1546//601 1547//602 
f 1542//596 1545//600 1541//597 
f 503//557 534//601 535//602 
f 530//596 533//600 529//597 
f 1344//557 1375//601 1376//602 
f 1371//596 1374//600 1370//597 
f 555//634 566//660 568//661 
f 520//583 567//659 564//657 
f 1396//634 1406//660 1408//661 
f 1361//583 1407//659 1404//657 
f 1224//634 1235//660 1237//661 
f 1189//583 1236//659 1233//657 
f 1567//634 1577//660 1579//661 
f 1532//583 1578//659 1575//657 
f 393//677 1750//678 390//679 
f 227//440 389//652 391//654 
f 1733//634 1743//658 1745//661 
f 1740//650 1695//572 1742//653 
f 887//634 898//660 900//661 
f 895//650 849//572 897//653 
f 673//557 700//601 703//602 
f 699//596 702//600 698//597 
f 1751//680 355//681 1752//682 
f 293//522 358//607 357//606 
f 720//634 731//660 733//661 
f 689//583 732//659 729//657 
f 1053//634 1063//660 1065//661 
f 1021//583 1064//659 1061//657 
f 1183//572 1178//570 1184//573 
f 1169//554 1173//559 1176//562 
f 1526//572 1521//570 1527//573 
f 1512//554 1516//559 1519//562 
f 1355//572 1350//566 1356//573 
f 1341//554 1345//559 1348//562 
f 514//572 509//570 515//573 
f 500//554 504//559 507//562 
f 1753//683 1754//684 1755//685 
f 280//507 338//580 337//579 
f 277//502 397//666 396//665 
f 396//686 397//687 1756//688 
f 1172//557 1203//601 1204//602 
f 1192//586 1196//591 1199//594 
f 1695//572 1690//570 1696//573 
f 1682//554 1686//559 1688//562 
f 849//572 844//566 850//573 
f 836//554 840//559 842//562 
f 217//427 323//563 327//566 
f 1757//689 1758//690 325//691 
f 683//572 678//570 684//573 
f 670//554 674//559 676//562 
f 1015//572 1010//570 1016//573 
f 1002//554 1006//559 1008//562 
f 352//692 1759//693 1752//694 
f 250//468 345//590 348//592 
f 1704//586 1708//591 1711//594 
f 1685//557 1715//601 1716//602 
f 839//557 869//601 870//602 
f 858//586 862//591 865//594 
f 567//677 1760//678 564//679 
f 416//440 563//652 565//654 
f 1578//677 1761//678 1575//679 
f 1428//440 1574//652 1576//654 
f 1407//677 1762//678 1404//679 
f 1257//440 1403//652 1405//654 
f 1236//677 1763//678 1233//679 
f 1085//440 1232//652 1234//654 
f 368//619 370//622 365//620 
f 373//629 351//596 371//628 
f 1005//557 1035//601 1036//602 
f 1024//586 1028//591 1031//594 
f 351//596 354//600 350//597 
f 357//695 1751//680 1764//696 
f 1765//680 1203//681 1766//682 
f 1147//522 1206//607 1205//606 
f 1535//669 1539//591 1541//594 
f 1453//472 1538//595 1543//598 
f 523//669 527//591 529//594 
f 441//472 526//595 531//598 
f 1364//669 1368//591 1370//594 
f 1282//472 1367//595 1372//598 
f 1645//502 1747//666 1746//665 
f 1767//697 1768//688 1769//698 
f 1770//697 1771//688 1772//698 
f 799//502 902//666 901//665 
f 1773//683 1774//684 1775//685 
f 1307//507 1360//580 1359//579 
f 1776//683 1777//684 1778//685 
f 1478//507 1531//580 1530//579 
f 1135//507 1188//580 1187//579 
f 1779//683 1780//684 1781//685 
f 1782//683 1783//684 1784//685 
f 466//507 519//580 518//579 
f 732//677 730//678 729//679 
f 588//440 728//652 730//654 
f 1064//677 1062//678 1061//679 
f 920//440 1060//652 1062//654 
f 1580//686 1581//687 1785//688 
f 1475//502 1581//666 1580//665 
f 1304//502 1410//666 1409//665 
f 1409//686 1410//687 1786//688 
f 569//686 570//687 1787//688 
f 463//502 570//666 569//665 
f 1132//502 1239//666 1238//665 
f 1238//686 1239//687 1788//688 
f 1789//699 1790//700 1791//701 
f 233//448 391//656 392//658 
f 1716//680 1715//681 1792//682 
f 1660//522 1718//607 1717//606 
f 870//680 869//681 1793//682 
f 814//522 872//607 871//606 
f 408//427 505//563 509//566 
f 1784//689 500//690 507//691 
f 1420//427 1517//563 1521//566 
f 1778//689 1512//690 1519//691 
f 1036//680 1035//681 1794//682 
f 980//522 1038//607 1037//606 
f 1648//507 1700//580 1699//579 
f 1795//683 1796//684 1797//685 
f 1798//683 1799//684 1800//685 
f 802//507 854//580 853//579 
f 612//472 695//595 700//598 
f 692//669 696//591 698//594 
f 637//507 688//580 687//579 
f 1801//683 1802//684 1803//685 
f 1804//683 1805//684 1806//685 
f 969//507 1020//580 1019//579 
f 1108//468 1194//590 1197//592 
f 1197//692 1807//693 1766//694 
f 634//502 735//666 734//665 
f 734//686 735//687 1808//688 
f 1066//686 1067//687 1809//688 
f 966//502 1067//666 1066//665 
f 550//629 530//596 548//628 
f 545//619 547//622 542//620 
f 1562//629 1542//596 1560//628 
f 1557//619 1559//622 1554//620 
f 1386//619 1388//622 1383//620 
f 1391//629 1371//596 1389//628 
f 1214//619 1216//622 1211//620 
f 1219//629 1200//596 1217//628 
f 1249//427 1346//563 1350//566 
f 1775//689 1341//690 1348//691 
f 1077//427 1174//563 1178//566 
f 1781//689 1169//690 1176//691 
f 1319//522 1378//607 1377//606 
f 1377//695 1810//680 1811//696 
f 1490//522 1549//607 1548//606 
f 1548//695 1812//680 1813//696 
f 478//522 537//607 536//606 
f 536//695 1814//680 1815//696 
f 342//585 363//613 367//618 
f 370//622 367//702 365//620 
f 562//647 545//619 559//646 
f 560//641 562//648 556//642 
f 1591//427 1684//563 1690//566 
f 1797//689 1682//690 1688//691 
f 745//427 838//563 844//566 
f 1800//689 836//690 842//691 
f 337//703 1754//684 1753//683 
f 286//515 337//577 329//568 
f 1200//596 1202//600 1199//597 
f 1205//695 1765//680 1766//696 
f 385//645 386//704 381//642 
f 385//647 368//619 386//646 
f 580//427 672//563 678//566 
f 1803//689 670//690 676//691 
f 912//427 1004//563 1010//566 
f 1806//689 1002//690 1008//691 
f 317//553 352//598 355//601 
f 352//705 1752//694 355//706 
f 1231//647 1214//619 1227//646 
f 1229//641 1231//648 1227//642 
f 1810//680 1375//681 1811//682 
f 1372//692 1816//693 1811//694 
f 1814//680 534//681 1815//682 
f 531//692 1817//693 1815//694 
f 1812//680 1546//681 1813//682 
f 1543//692 1818//693 1813//694 
f 1605//448 1741//656 1743//658 
f 1769//707 1741//708 1742//709 
f 1621//468 1706//590 1709//592 
f 1709//692 1706//693 1792//694 
f 1772//707 896//708 897//709 
f 759//448 896//656 898//658 
f 863//692 860//693 1793//694 
f 775//468 860//590 863//592 
f 331//570 1754//710 334//573 
f 337//703 338//711 1754//684 
f 1725//619 1727//622 1720//620 
f 1727//629 1712//596 1728//628 
f 1029//692 1026//693 1794//694 
f 942//468 1026//590 1029//592 
f 879//619 881//622 874//620 
f 881//629 866//596 882//628 
f 308//542 315//550 316//551 
f 273//498 272//497 276//501 
f 712//619 714//622 707//620 
f 714//629 699//596 715//628 
f 1047//629 1032//596 1048//628 
f 1045//619 1047//622 1040//620 
f 892//641 894//648 888//642 
f 894//647 879//619 891//646 
f 392//712 1790//700 1789//699 
f 394//660 1756//713 395//661 
f 648//522 705//607 704//606 
f 704//695 703//680 1819//696 
f 422//448 565//656 566//658 
f 1787//699 565//700 1820//701 
f 1786//699 1405//700 1821//701 
f 1263//448 1405//656 1406//658 
f 1434//448 1576//656 1577//658 
f 1785//699 1576//700 1822//701 
f 1091//448 1234//656 1235//658 
f 1788//699 1234//700 1823//701 
f 727//647 712//619 724//646 
f 725//641 727//648 721//642 
f 1759//714 350//715 1752//716 
f 354//717 1764//718 350//719 
f 1712//596 1714//600 1711//597 
f 1717//695 1716//680 1792//696 
f 866//596 868//600 865//597 
f 871//695 870//680 1793//696 
f 299//533 297//528 292//675 
f 295//525 299//530 292//526 
f 1032//596 1034//600 1031//597 
f 1037//695 1036//680 1794//696 
f 1739//647 1725//619 1736//646 
f 1737//641 1739//648 1736//642 
f 326//564 329//568 325//565 
f 1757//689 325//691 1753//720 
f 396//686 1756//688 1791//697 
f 267//492 396//663 393//659 
f 1059//647 1045//619 1056//646 
f 1057//641 1059//648 1056//642 
f 1750//709 1824//721 390//679 
f 388//650 333//572 390//653 
f 703//680 700//681 1819//682 
f 700//692 695//693 1819//694 
f 323//722 1758//690 1757//689 
f 229//443 318//554 320//556 
f 540//612 554//637 559//640 
f 552//670 555//634 556//633 
f 327//723 323//724 1757//725 
f 327//726 1755//727 1754//728 
f 357//695 358//729 1751//680 
f 290//519 359//609 358//608 
f 375//637 377//730 382//640 
f 375//631 376//632 377//633 
f 594//448 730//656 731//658 
f 1808//699 730//700 1825//701 
f 926//448 1062//656 1063//658 
f 1809//699 1062//700 1826//701 
f 1701//583 1744//659 1742//657 
f 1769//700 1742//678 1767//701 
f 1772//700 897//678 1770//701 
f 855//583 899//659 897//657 
f 255//475 343//586 345//588 
f 1759//714 343//731 350//715 
f 1559//622 1556//702 1554//620 
f 1534//585 1551//613 1556//618 
f 547//622 544//702 542//620 
f 522//585 539//613 544//618 
f 1363//585 1380//613 1385//618 
f 1388//622 1385//702 1383//620 
f 1216//622 1213//702 1211//620 
f 1191//585 1208//613 1213//618 
f 1223//633 1225//636 1227//639 
f 1209//612 1221//637 1228//640 
f 234//453 238//455 237//454 
f 233//448 238//458 228//449 
f 472//515 518//577 511//568 
f 518//703 1783//684 1782//683 
f 1484//515 1530//577 1523//568 
f 1530//703 1777//684 1776//683 
f 1359//703 1774//684 1773//683 
f 1313//515 1359//577 1352//568 
f 1187//703 1780//684 1779//683 
f 1141//515 1187//577 1180//568 
f 1402//648 1399//704 1395//642 
f 1402//647 1386//619 1399//646 
f 1573//647 1557//619 1570//646 
f 1573//648 1570//704 1566//642 
f 1168//553 1197//598 1203//601 
f 1197//705 1766//694 1203//706 
f 248//466 231//671 214//422 
f 251//470 231//446 248//471 
f 275//504 281//508 1749//674 
f 296//732 287//516 292//521 
f 875//612 885//637 891//640 
f 885//670 887//634 888//633 
f 1521//570 1777//710 1527//573 
f 1530//703 1531//711 1777//684 
f 1178//570 1780//710 1184//573 
f 1187//703 1188//711 1780//684 
f 509//570 1783//710 515//573 
f 518//703 519//711 1783//684 
f 1350//566 1774//710 1356//573 
f 1359//703 1360//711 1774//684 
f 708//612 718//637 724//640 
f 718//670 720//634 721//633 
f 1333//542 1309//550 1300//551 
f 1301//498 1300//497 1303//501 
f 1129//498 1128//497 1131//501 
f 1161//542 1137//550 1128//551 
f 1504//542 1480//550 1471//551 
f 1472//498 1471//497 1474//501 
f 492//542 468//550 459//551 
f 460//498 459//497 462//501 
f 346//589 367//618 371//623 
f 370//733 371//623 367//702 
f 1727//622 1724//702 1720//620 
f 1703//585 1720//613 1724//618 
f 298//529 357//604 354//600 
f 354//734 357//695 1764//696 
f 857//585 874//613 878//618 
f 881//622 878//702 874//620 
f 1731//633 1734//636 1736//639 
f 1721//612 1731//637 1736//640 
f 566//660 1787//713 568//661 
f 566//712 565//700 1787//699 
f 1235//712 1234//700 1788//699 
f 1235//660 1788//713 1237//661 
f 1577//660 1785//713 1579//661 
f 1577//712 1576//700 1785//699 
f 1406//712 1405//700 1786//699 
f 1406//660 1786//713 1408//661 
f 396//663 1791//735 393//736 
f 393//677 1791//737 1750//678 
f 329//738 1753//739 325//740 
f 329//741 337//703 1753//683 
f 1047//622 1044//702 1040//620 
f 1023//585 1040//613 1044//618 
f 714//622 711//702 707//620 
f 691//585 707//613 711//618 
f 1041//612 1051//637 1056//640 
f 1051//633 1054//636 1056//639 
f 1816//714 1370//715 1811//716 
f 1374//717 1811//718 1370//719 
f 1545//717 1813//718 1541//719 
f 1818//714 1541//715 1813//716 
f 533//717 1815//718 529//719 
f 1817//714 529//715 1815//716 
f 1202//717 1766//718 1199//719 
f 1807//714 1199//715 1766//716 
f 1699//703 1796//684 1795//683 
f 1654//515 1699//577 1692//568 
f 853//703 1799//684 1798//683 
f 808//515 853//577 846//568 
f 283//510 398//668 397//667 
f 397//742 395//662 1756//743 
f 274//499 339//582 338//581 
f 338//744 334//575 1754//745 
f 974//515 1019//577 1012//568 
f 1019//703 1805//684 1804//683 
f 687//703 1802//684 1801//683 
f 642//515 687//577 680//568 
f 1321//525 1325//530 1318//526 
f 1325//533 1323//528 1318//675 
f 1492//525 1496//530 1489//526 
f 1496//533 1494//528 1489//675 
f 1153//533 1151//528 1146//675 
f 1149//525 1153//530 1146//526 
f 480//525 484//530 477//526 
f 484//533 482//528 477//675 
f 1681//553 1709//598 1715//601 
f 1709//705 1792//694 1715//706 
f 835//553 863//598 869//601 
f 863//705 1793//694 869//706 
f 282//509 279//506 276//505 
f 315//550 276//746 316//551 
f 1520//564 1523//568 1519//565 
f 1778//689 1519//691 1776//720 
f 508//564 511//568 507//565 
f 1784//689 507//691 1782//720 
f 1177//564 1180//568 1176//565 
f 1781//689 1176//691 1779//720 
f 1349//564 1352//568 1348//565 
f 1775//689 1348//691 1773//720 
f 1029//705 1794//694 1035//706 
f 1001//553 1029//598 1035//601 
f 1238//686 1788//688 1823//697 
f 1124//492 1238//663 1236//659 
f 1467//492 1580//663 1578//659 
f 1580//686 1785//688 1822//697 
f 455//492 569//663 567//659 
f 569//686 1787//688 1820//697 
f 1409//686 1786//688 1821//697 
f 1296//492 1409//663 1407//659 
f 1743//658 1768//713 1745//661 
f 1746//686 1747//687 1768//688 
f 1690//570 1796//710 1696//573 
f 1699//703 1700//711 1796//684 
f 898//660 1771//713 900//661 
f 901//686 902//687 1771//688 
f 844//566 1799//710 850//573 
f 853//703 854//711 1799//684 
f 1232//650 1183//572 1233//653 
f 1763//709 1232//721 1233//679 
f 1574//650 1526//572 1575//653 
f 1761//709 1574//721 1575//679 
f 1762//709 1403//721 1404//679 
f 1403//650 1355//572 1404//653 
f 563//650 514//572 564//653 
f 1760//709 563//721 564//679 
f 1279//467 1364//588 1367//590 
f 1816//731 1364//669 1370//594 
f 438//467 523//588 526//590 
f 1817//731 523//669 529//594 
f 1450//467 1535//588 1538//590 
f 1818//731 1535//669 1541//594 
f 373//629 371//628 370//747 
f 372//624 373//627 370//625 
f 1642//498 1641//497 1644//501 
f 1674//542 1650//550 1641//551 
f 678//570 1802//710 684//573 
f 687//703 688//711 1802//684 
f 1010//570 1805//710 1016//573 
f 1019//703 1020//711 1805//684 
f 828//542 804//550 795//551 
f 796//498 795//497 798//501 
f 418//443 500//554 502//556 
f 505//722 500//690 1784//689 
f 1430//443 1512//554 1514//556 
f 1517//722 1512//690 1778//689 
f 994//542 965//550 962//551 
f 963//498 962//497 965//501 
f 631//498 630//497 633//501 
f 662//542 633//550 630//551 
f 363//614 364//615 365//616 
f 363//748 365//616 367//749 
f 1521//726 1778//727 1777//728 
f 1521//723 1517//724 1778//725 
f 1178//723 1171//724 1781//725 
f 1178//726 1781//727 1780//728 
f 1350//726 1775//727 1774//728 
f 1350//723 1343//724 1775//725 
f 509//726 1784//727 1783//728 
f 509//723 505//724 1784//725 
f 1087//443 1169//554 1171//556 
f 1171//722 1169//690 1781//689 
f 1343//722 1341//690 1775//689 
f 1259//443 1341//554 1343//556 
f 1790//700 1750//678 1791//701 
f 1790//708 1824//721 1750//709 
f 1714//717 1792//718 1711//719 
f 1706//714 1711//715 1792//716 
f 1316//519 1376//609 1378//608 
f 1377//695 1378//729 1810//680 
f 1487//519 1547//609 1549//608 
f 1548//695 1549//729 1812//680 
f 1205//695 1206//729 1765//680 
f 1144//519 1204//609 1206//608 
f 475//519 535//609 537//608 
f 536//695 537//729 1814//680 
f 860//714 865//715 1793//716 
f 868//717 1793//718 865//719 
f 1063//660 1809//713 1065//661 
f 1063//712 1062//700 1809//699 
f 731//712 730//700 1808//699 
f 731//660 1808//713 733//661 
f 1393//637 1395//730 1399//640 
f 1393//631 1394//632 1395//633 
f 1564//631 1565//632 1566//633 
f 1564//637 1566//730 1570//640 
f 358//750 356//603 1751//751 
f 1751//751 356//602 355//681 
f 1113//475 1192//586 1194//588 
f 1807//714 1192//731 1199//715 
f 702//717 1819//718 698//719 
f 695//714 698//715 1819//716 
f 1034//717 1794//718 1031//719 
f 1026//714 1031//715 1794//716 
f 1666//533 1664//528 1659//675 
f 1662//525 1666//530 1659//526 
f 816//525 820//530 813//526 
f 820//533 818//528 813//675 
f 562//752 559//646 556//704 
f 554//637 556//730 559//640 
f 417//676 424//450 406//424 
f 423//449 430//459 424//458 
f 1092//453 1096//455 1095//454 
f 1091//448 1096//458 1086//449 
f 1264//453 1268//455 1267//454 
f 1263//448 1268//458 1258//449 
f 1429//676 1436//450 1418//424 
f 1435//449 1442//459 1436//458 
f 223//435 320//558 323//560 
f 320//558 1758//753 323//722 
f 222//437 228//441 1748//676 
f 228//449 238//458 234//754 
f 1689//564 1692//568 1688//565 
f 1797//689 1688//691 1795//720 
f 654//533 652//528 647//675 
f 650//525 654//530 647//526 
f 982//525 986//530 979//526 
f 986//533 984//528 979//675 
f 352//692 1827//755 1759//693 
f 1827//756 343//731 1759//714 
f 843//564 846//568 842//565 
f 1800//689 842//691 1798//720 
f 1746//686 1768//688 1767//697 
f 1637//492 1746//663 1744//659 
f 901//686 1771//688 1770//697 
f 791//492 901//663 899//659 
f 389//652 1824//757 1790//708 
f 221//432 388//650 389//651 
f 252//472 348//595 352//598 
f 348//595 1827//755 352//692 
f 1009//564 1012//568 1008//565 
f 1806//689 1008//691 1804//720 
f 677//564 680//568 676//565 
f 1803//689 676//691 1801//720 
f 734//686 1808//688 1825//697 
f 626//492 734//663 732//659 
f 958//492 1066//663 1064//659 
f 1066//686 1809//688 1826//697 
f 1601//443 1682//554 1684//556 
f 1684//722 1682//690 1797//689 
f 728//650 683//572 729//653 
f 730//709 728//721 729//679 
f 1060//650 1015//572 1061//653 
f 1062//709 1060//721 1061//679 
f 281//514 287//516 296//732 
f 285//513 287//516 281//514 
f 609//467 692//588 695//590 
f 695//731 692//669 698//594 
f 838//722 836//690 1800//689 
f 755//443 836//554 838//556 
f 1109//470 1089//446 1106//471 
f 1106//466 1089//671 1074//422 
f 1449//466 1432//671 1417//422 
f 1452//470 1432//446 1449//471 
f 437//466 420//671 405//422 
f 440//470 420//446 437//471 
f 1278//466 1261//671 1246//422 
f 1281//470 1261//446 1278//471 
f 377//633 379//636 381//639 
f 377//730 381//639 386//758 
f 225//438 223//435 212//434 
f 231//759 225//438 212//672 
f 453//504 467//508 481//674 
f 481//732 467//516 477//521 
f 1465//504 1479//508 1493//674 
f 1493//732 1479//516 1489//521 
f 1294//504 1308//508 1322//674 
f 1322//732 1308//516 1318//521 
f 1122//504 1136//508 1150//674 
f 1150//732 1136//516 1146//521 
f 922//443 1002//554 1004//556 
f 1004//722 1002//690 1806//689 
f 590//443 670//554 672//556 
f 672//722 670//690 1803//689 
f 1690//723 1684//724 1797//725 
f 1690//726 1797//727 1796//728 
f 268//493 265//489 272//497 
f 275//504 1749//674 265//490 
f 299//760 304//539 302//534 
f 301//532 304//536 299//530 
f 844//723 838//724 1800//725 
f 844//726 1800//727 1799//728 
f 258//480 247//478 259//481 
f 247//761 246//464 259//485 
f 392//762 1789//699 1756//763 
f 1791//697 1756//688 1789//698 
f 1717//695 1718//729 1716//680 
f 1657//519 1716//609 1718//608 
f 811//519 870//609 872//608 
f 871//695 872//729 870//680 
f 1010//726 1806//727 1805//728 
f 1010//723 1004//724 1806//725 
f 678//723 672//724 1803//725 
f 678//726 1803//727 1802//728 
f 1537//589 1556//618 1560//623 
f 1559//733 1560//623 1556//702 
f 1366//589 1385//618 1389//623 
f 1388//733 1389//623 1385//702 
f 547//733 548//623 544//702 
f 525//589 544//618 548//623 
f 1195//589 1213//618 1217//623 
f 1216//733 1217//623 1213//702 
f 1626//475 1704//586 1706//588 
f 1706//714 1704//731 1711//715 
f 977//519 1036//609 1038//608 
f 1037//695 1038//729 1036//680 
f 704//695 705//729 703//680 
f 645//519 703//609 705//608 
f 780//475 858//586 860//588 
f 860//714 858//731 865//715 
f 1324//529 1377//604 1374//600 
f 1374//734 1377//695 1811//696 
f 1495//529 1548//604 1545//600 
f 1545//734 1548//695 1813//696 
f 483//529 536//604 533//600 
f 533//734 536//695 1815//696 
f 1152//529 1205//604 1202//600 
f 1202//734 1205//695 1766//696 
f 316//552 276//764 272//673 
f 316//552 272//673 264//488 
f 1600//453 1609//455 1608//454 
f 1605//448 1609//458 1600//449 
f 894//752 891//646 888//704 
f 885//637 888//730 891//640 
f 754//453 763//455 762//454 
f 759//448 763//458 754//449 
f 1580//663 1822//735 1578//736 
f 1578//677 1822//737 1761//678 
f 1238//663 1823//735 1236//736 
f 1236//677 1823//737 1763//678 
f 569//663 1820//735 567//736 
f 567//677 1820//737 1760//678 
f 1409//663 1821//735 1407//736 
f 1407//677 1821//737 1762//678 
f 1523//741 1530//703 1776//683 
f 1523//738 1776//739 1519//740 
f 511//741 518//703 1782//683 
f 511//738 1782//739 507//740 
f 1352//738 1773//739 1348//740 
f 1352//741 1359//703 1773//683 
f 1180//741 1187//703 1779//683 
f 1180//738 1779//739 1176//740 
f 947//475 1024//586 1026//588 
f 1026//714 1024//731 1031//715 
f 350//719 1764//718 1752//716 
f 1764//696 1751//680 1752//682 
f 331//570 327//726 1754//728 
f 330//569 327//566 331//570 
f 374//630 392//658 394//660 
f 394//660 392//762 1756//763 
f 718//637 721//730 724//640 
f 727//752 724//646 721//704 
f 589//676 595//450 578//424 
f 589//449 601//459 595//458 
f 921//676 927//450 910//424 
f 921//449 933//459 927//458 
f 1310//510 1408//668 1410//667 
f 1410//742 1408//662 1786//743 
f 1581//742 1579//662 1785//743 
f 1481//510 1579//668 1581//667 
f 570//742 568//662 1787//743 
f 469//510 568//668 570//667 
f 1138//510 1237//668 1239//667 
f 1239//742 1237//662 1788//743 
f 1188//744 1184//575 1780//745 
f 1130//499 1184//582 1188//581 
f 1302//499 1356//582 1360//581 
f 1360//744 1356//575 1774//745 
f 1473//499 1527//582 1531//581 
f 1531//744 1527//575 1777//745 
f 461//499 515//582 519//581 
f 519//744 515//575 1783//745 
f 222//437 1748//676 211//423 
f 219//429 222//433 211//426 
f 1743//762 1769//699 1768//763 
f 1741//656 1769//707 1743//712 
f 310//544 387//648 385//645 
f 387//649 369//621 385//647 
f 898//762 1772//699 1771//763 
f 896//656 1772//707 898//712 
f 1538//595 1818//755 1543//692 
f 1538//590 1535//588 1818//765 
f 526//595 1817//755 531//692 
f 526//590 523//588 1817//765 
f 1367//595 1816//755 1372//692 
f 1367//590 1364//588 1816//765 
f 1309//509 1306//506 1303//505 
f 1309//550 1303//746 1300//551 
f 1137//509 1134//506 1131//505 
f 1137//550 1131//746 1128//551 
f 1480//509 1477//506 1474//505 
f 1480//550 1474//746 1471//551 
f 468//509 465//506 462//505 
f 468//550 462//746 459//551 
f 1622//470 1603//446 1619//471 
f 1619//466 1603//671 1588//422 
f 773//466 757//671 742//422 
f 776//470 757//446 773//471 
f 315//549 282//509 276//746 
f 313//547 282//509 315//549 
f 1635//504 1649//508 1663//674 
f 1663//732 1649//516 1659//521 
f 789//504 803//508 817//674 
f 817//732 803//516 813//521 
f 260//482 361//611 363//613 
f 361//611 362//612 363//614 
f 611//470 592//446 608//471 
f 608//466 592//671 577//422 
f 940//466 924//671 909//422 
f 943//470 924//446 940//471 
f 345//588 343//586 1827//765 
f 348//592 345//590 1827//756 
f 327//723 1757//725 1755//727 
f 1755//727 1757//725 1753//766 
f 624//504 638//508 651//674 
f 651//732 638//516 647//521 
f 956//504 970//508 983//674 
f 983//732 970//516 979//521 
f 549//624 550//627 547//625 
f 550//629 548//628 547//747 
f 1561//624 1562//627 1559//625 
f 1562//629 1560//628 1559//747 
f 1218//624 1219//627 1216//625 
f 1219//629 1217//628 1216//747 
f 1391//629 1389//628 1388//747 
f 1390//624 1391//627 1388//625 
f 397//742 398//668 395//662 
f 398//668 380//638 395//662 
f 339//582 336//576 334//575 
f 338//744 339//582 334//575 
f 1707//589 1724//618 1728//623 
f 1727//733 1728//623 1724//702 
f 1543//705 1813//694 1546//706 
f 1511//553 1543//598 1546//601 
f 531//705 1815//694 534//706 
f 499//553 531//598 534//601 
f 1340//553 1372//598 1375//601 
f 1372//705 1811//694 1375//706 
f 861//589 878//618 882//623 
f 881//733 882//623 878//702 
f 1665//529 1717//604 1714//600 
f 1714//734 1717//695 1792//696 
f 819//529 871//604 868//600 
f 868//734 871//695 1793//696 
f 1758//690 318//554 325//562 
f 320//556 318//554 1758//753 
f 386//646 366//617 382//643 
f 382//640 377//730 386//758 
f 359//609 324//561 356//603 
f 358//750 359//609 356//603 
f 694//589 711//618 715//623 
f 714//733 715//623 711//702 
f 1027//589 1044//618 1048//623 
f 1047//733 1048//623 1044//702 
f 1746//663 1767//735 1744//736 
f 1744//677 1767//737 1742//678 
f 1692//741 1699//703 1795//683 
f 1692//738 1795//739 1688//740 
f 419//444 423//449 417//445 
f 417//445 423//449 424//754 
f 1431//444 1435//449 1429//445 
f 1429//445 1435//449 1436//754 
f 539//614 541//615 542//616 
f 539//748 542//616 544//749 
f 1551//614 1553//615 1554//616 
f 1551//748 1554//616 1556//749 
f 1380//614 1382//615 1383//616 
f 1380//748 1383//616 1385//749 
f 1208//614 1210//615 1211//616 
f 1208//748 1211//616 1213//749 
f 901//663 1770//735 899//736 
f 899//677 1770//737 897//678 
f 846//738 1798//739 842//740 
f 846//741 853//703 1798//683 
f 985//529 1037//604 1034//600 
f 1034//734 1037//695 1794//696 
f 653//529 704//604 702//600 
f 702//734 704//695 1819//696 
f 1346//563 1343//724 1350//723 
f 1254//435 1343//558 1346//560 
f 1082//435 1171//558 1174//560 
f 1174//563 1171//724 1178//723 
f 565//700 1760//678 1820//701 
f 565//708 563//721 1760//709 
f 1234//708 1232//721 1763//709 
f 1234//700 1763//678 1823//701 
f 1576//700 1761//678 1822//701 
f 1576//708 1574//721 1761//709 
f 1405//700 1762//678 1821//701 
f 1405//708 1403//721 1762//709 
f 1749//674 296//527 266//491 
f 281//512 296//732 1749//767 
f 391//656 1790//707 392//712 
f 391//654 389//652 1790//708 
f 1651//510 1745//668 1747//667 
f 1747//742 1745//662 1768//743 
f 1700//744 1696//575 1796//745 
f 1643//499 1696//582 1700//581 
f 734//663 1825//735 732//736 
f 732//677 1825//737 730//678 
f 1066//663 1826//735 1064//736 
f 1064//677 1826//737 1062//678 
f 1012//741 1019//703 1804//683 
f 1012//738 1804//739 1008//740 
f 680//741 687//703 1801//683 
f 680//738 1801//739 676//740 
f 805//510 900//668 902//667 
f 902//742 900//662 1771//743 
f 797//499 850//582 854//581 
f 854//744 850//575 1799//745 
f 1748//676 234//450 215//424 
f 228//445 234//754 1748//768 
f 1765//751 1204//602 1203//681 
f 1206//750 1204//603 1765//751 
f 1378//750 1376//603 1810//751 
f 1810//751 1376//602 1375//681 
f 1549//750 1547//603 1812//751 
f 1812//751 1547//602 1546//681 
f 537//750 535//603 1814//751 
f 1814//751 535//602 534//681 
f 1595//432 1740//650 1741//651 
f 1741//757 1740//650 1742//653 
f 896//757 895//650 897//653 
f 749//432 895//650 896//651 
f 1228//730 1223//633 1227//639 
f 1227//646 1212//617 1228//643 
f 639//510 733//668 735//667 
f 735//742 733//662 1808//743 
f 1067//742 1065//662 1809//743 
f 971//510 1065//668 1067//667 
f 964//499 1016//582 1020//581 
f 1020//744 1016//575 1805//745 
f 688//744 684//575 1802//745 
f 632//499 684//582 688//581 
f 1221//631 1222//632 1223//633 
f 1221//769 1223//633 1228//730 
f 1650//509 1647//506 1644//505 
f 1650//550 1644//746 1641//551 
f 804//509 801//506 798//505 
f 804//550 798//746 795//551 
f 430//459 552//670 554//631 
f 554//769 552//670 556//633 
f 1824//757 388//650 390//653 
f 389//651 388//650 1824//757 
f 413//435 502//558 505//560 
f 502//558 500//753 505//722 
f 1425//435 1514//558 1517//560 
f 1514//558 1512//753 1517//722 
f 1243//437 1258//441 1264//676 
f 1258//449 1268//458 1264//754 
f 1086//449 1096//458 1092//754 
f 1071//437 1086//441 1092//676 
f 1197//692 1194//755 1807//693 
f 1194//756 1192//731 1807//714 
f 268//493 275//500 265//770 
f 271//496 275//500 268//493 
# 0 polygons - 3204 triangles

