# 3ds Max Wavefront OBJ Exporter v0.99 - (c)2007 guruware
# File Created: 18.07.2026 21:07:53

#
# object Group22992
#

v  0.0000 133.2378 -0.0000
v  0.0000 133.2378 -12.8472
v  -2.5064 133.2378 -12.6003
v  -4.9164 133.2378 -11.8692
v  -7.1375 133.2378 -10.6820
v  -9.0843 133.2378 -9.0843
v  -10.6820 133.2378 -7.1375
v  -11.8692 133.2378 -4.9164
v  -12.6003 133.2378 -2.5064
v  -12.8471 133.2378 -0.0000
v  -12.6003 133.2378 2.5063
v  -11.8692 133.2378 4.9164
v  -10.6820 133.2378 7.1375
v  -9.0843 133.2378 9.0843
v  -7.1375 133.2378 10.6820
v  -4.9164 133.2378 11.8692
v  -2.5063 133.2378 12.6002
v  0.0000 133.2378 12.8471
v  2.5064 133.2378 12.6002
v  4.9164 133.2378 11.8692
v  7.1375 133.2378 10.6820
v  9.0843 133.2378 9.0843
v  10.6820 133.2378 7.1375
v  11.8692 133.2378 4.9164
v  12.6003 133.2378 2.5063
v  12.8471 133.2378 -0.0000
v  12.6003 133.2378 -2.5064
v  11.8692 133.2378 -4.9164
v  10.6820 133.2378 -7.1375
v  9.0843 133.2378 -9.0843
v  7.1375 133.2378 -10.6820
v  4.9164 133.2378 -11.8692
v  2.5063 133.2378 -12.6003
v  0.0000 0.3843 -12.8471
v  0.0000 0.3843 -0.0000
v  -2.5064 0.3843 -12.6003
v  -4.9164 0.3843 -11.8692
v  -7.1375 0.3843 -10.6820
v  -9.0843 0.3843 -9.0843
v  -10.6820 0.3843 -7.1375
v  -11.8692 0.3843 -4.9164
v  -12.6003 0.3843 -2.5063
v  -12.8471 0.3843 0.0000
v  -12.6003 0.3843 2.5063
v  -11.8692 0.3843 4.9164
v  -10.6820 0.3843 7.1375
v  -9.0843 0.3843 9.0843
v  -7.1375 0.3843 10.6820
v  -4.9164 0.3843 11.8692
v  -2.5063 0.3843 12.6003
v  0.0000 0.3843 12.8471
v  2.5064 0.3843 12.6003
v  4.9164 0.3843 11.8692
v  7.1375 0.3843 10.6820
v  9.0843 0.3843 9.0843
v  10.6820 0.3843 7.1375
v  11.8692 0.3843 4.9164
v  12.6003 0.3843 2.5064
v  12.8471 0.3843 -0.0000
v  12.6003 0.3843 -2.5064
v  11.8692 0.3843 -4.9164
v  10.6820 0.3843 -7.1375
v  9.0843 0.3843 -9.0843
v  7.1375 0.3843 -10.6820
v  4.9164 0.3843 -11.8692
v  2.5063 0.3843 -12.6003
v  0.0000 123.7485 -12.8472
v  2.5063 123.7485 -12.6003
v  0.0000 114.0161 -15.5220
v  7.1375 123.7485 -10.6820
v  2.5063 114.0477 -14.9279
v  0.0000 104.2959 -18.0621
v  4.9164 104.3618 -16.3598
v  0.0006 94.6879 -18.3518
v  10.6820 123.7486 -7.1375
v  4.8445 94.7641 -16.8020
v  0.0013 85.0559 -16.3582
v  4.7892 85.1647 -15.1454
v  0.0018 75.3804 -12.0363
v  12.6003 123.7486 -2.5064
v  4.7490 75.5272 -11.3039
v  0.0019 65.7432 -6.8384
v  2.4075 65.8266 -6.9187
v  0.0018 56.1949 -2.4931
v  2.4024 56.2762 -2.7619
v  0.0018 46.7463 -0.2874
v  4.7186 46.8927 -0.6616
v  0.0018 37.4003 -0.7077
v  4.7379 37.5282 -1.2128
v  0.0017 28.1592 -3.4881
v  4.7754 28.2679 -3.9246
v  0.0013 19.0033 -7.8864
v  4.8398 19.0821 -7.9812
v  0.0000 9.8755 -12.8471
v  2.5063 9.8755 -12.6003
v  7.1375 9.8755 -10.6820
v  10.6820 9.8755 -7.1375
v  12.6003 9.8755 -2.5064
v  12.6003 9.8755 2.5063
v  9.0641 9.8726 9.1009
v  4.9001 9.8670 11.9398
v  0.0000 9.8573 13.0329
v  -4.8948 9.8446 12.2198
v  -9.0435 9.8322 9.6083
v  -11.8178 9.8235 5.5745
v  -12.7969 9.8084 0.8771
v  -11.8312 9.8082 -4.0199
v  -9.0664 9.8398 -8.5995
v  -2.5064 9.8755 -12.6003
v  -2.4567 18.9684 -7.1787
v  -4.7547 28.0638 -1.3308
v  -4.7203 37.2869 1.5156
v  -4.7026 46.6163 1.8213
v  -4.6980 56.0495 -0.6358
v  -4.7072 65.5894 -5.3239
v  -2.4134 75.3048 -11.7153
v  -2.4348 84.9936 -16.2661
v  -4.8308 94.5896 -18.0628
v  -2.5064 104.2556 -18.2589
v  -4.9164 113.9411 -15.3688
v  -4.9164 123.7231 -12.1488
v  -9.0843 123.6659 -9.9932
v  -11.8692 123.6077 -6.4660
v  -12.8471 123.5628 -2.0431
v  -11.8692 123.5417 2.6410
v  -9.0843 123.5491 6.8910
v  -2.5063 123.6085 11.0595
v  12.6003 123.7486 2.5063
v  10.6820 123.7486 7.1375
v  7.1375 123.7239 10.4107
v  2.5064 123.6668 11.7013
v  22.8571 142.8499 -1.9730
v  22.2542 142.6613 -6.8394
v  21.4099 142.9546 -6.8021
v  20.6105 143.2476 -6.5798
v  19.8871 143.5289 -6.1813
v  19.2679 143.7875 -5.6216
v  18.7767 144.0134 -4.9224
v  18.4328 144.1980 -4.1105
v  18.2492 144.3341 -3.2170
v  18.2327 144.4166 -2.2765
v  18.3840 144.4422 -1.3249
v  18.6972 144.4102 -0.3989
v  19.1597 144.3218 0.4660
v  19.7535 144.1805 1.2363
v  20.4559 143.9919 1.8827
v  21.2393 143.7632 2.3801
v  22.0741 143.5031 2.7095
v  22.9279 143.2217 2.8583
v  23.7681 142.9298 2.8207
v  24.5627 142.6384 2.5981
v  25.2815 142.3588 2.1992
v  25.8968 142.1015 1.6393
v  26.3856 141.8764 0.9399
v  26.7289 141.6920 0.1280
v  26.9331 141.4720 -1.7058
v  26.7859 141.4449 -2.6571
v  26.4776 141.4753 -3.5828
v  26.0197 141.5621 -4.4473
v  25.4297 141.7021 -5.2174
v  24.7299 141.8899 -5.8636
v  23.9470 142.1184 -6.3610
v  23.1109 142.3789 -6.6905
v  5.4623 95.6706 -2.9939
v  6.0215 95.8742 1.8697
v  4.6144 95.9652 -2.9568
v  3.8106 96.2597 -2.7348
v  3.0820 96.5427 -2.3366
v  2.4572 96.8033 -1.7773
v  1.9603 97.0312 -1.0785
v  1.6103 97.2178 -0.2669
v  1.4211 97.3559 0.6261
v  1.3995 97.4401 1.5663
v  1.5463 97.4673 2.5176
v  1.8555 97.4367 3.4434
v  2.3148 97.3494 4.3080
v  2.9066 97.2088 5.0782
v  3.6075 97.0206 5.7245
v  4.3908 96.7920 6.2219
v  5.2260 96.5317 6.5514
v  6.0814 96.2498 6.7002
v  6.9242 95.9570 6.6628
v  7.7222 95.6645 6.4404
v  8.4450 95.3834 6.0418
v  9.0653 95.1245 5.4822
v  9.5592 94.8975 4.7832
v  9.9084 94.7112 3.9716
v  10.0991 94.5726 3.0787
v  10.1241 94.4872 2.1387
v  9.9825 94.4582 1.1877
v  9.6791 94.4869 0.2623
v  9.2255 94.5722 -0.6019
v  8.6384 94.7112 -1.3718
v  7.9404 94.8983 -2.0179
v  7.1580 95.1267 -2.5152
v  6.3212 95.3875 -2.8448
v  26.9139 141.5555 -0.7654
v  27.6063 137.3929 -2.2488
v  27.2582 137.8063 1.3517
v  24.6826 138.8453 3.2352
v  20.0761 140.2367 0.8806
v  19.6268 139.9512 -4.5121
v  22.0928 135.1982 -5.7737
v  23.0497 138.6178 -6.4328
v  23.7094 134.6212 -6.0351
v  24.1171 130.7113 -5.6541
v  21.8068 131.5593 -4.9922
v  24.2104 126.9097 -5.2939
v  21.9077 127.7551 -4.6315
v  23.9517 123.2293 -4.9570
v  21.6539 124.0730 -4.2943
v  23.3179 119.6781 -4.6449
v  21.0229 120.5209 -3.9820
v  22.2969 116.2595 -4.3584
v  20.0026 117.1020 -3.6954
v  20.8862 112.9759 -4.0977
v  18.5906 113.8189 -3.4348
v  19.0910 109.8247 -3.8624
v  16.7922 110.6688 -3.1997
v  16.9263 106.8009 -3.6516
v  15.3200 107.3743 -3.3896
v  14.4185 103.8951 -3.4635
v  11.5102 104.9944 -2.2405
v  11.6111 101.0926 -3.2952
v  9.9920 101.6704 -3.0340
v  8.5772 98.3680 -3.1419
v  6.9465 98.9499 -2.8815
v  7.8883 102.5953 -0.5597
v  10.7479 105.6073 2.0642
v  6.8779 99.6645 5.5868
v  9.3466 98.8955 6.5622
v  13.1010 97.3819 3.8287
v  13.1279 97.1451 1.0417
v  11.7513 97.4093 -1.5200
v  14.0783 100.3241 -2.3199
v  16.0984 103.3567 -2.9859
v  20.0979 105.8430 -2.0299
v  20.7677 109.2874 -3.3850
v  22.5621 112.4388 -3.6204
v  23.9726 115.7225 -3.8811
v  24.9935 119.1411 -4.1676
v  25.6279 122.6921 -4.4797
v  27.3819 125.9518 -3.6722
v  27.2891 129.7533 -4.0323
v  26.8820 133.6629 -4.4133
v  24.7357 138.0773 -5.9548
v  2.4713 134.9115 -46.5295
v  -3.4807 135.8376 -46.2815
v  -3.4001 136.5836 -45.4784
v  -3.0943 137.2749 -44.7055
v  -2.5750 137.8846 -43.9931
v  -1.8622 138.3890 -43.3688
v  -0.9832 138.7687 -42.8566
v  0.0281 139.0088 -42.4766
v  1.1330 139.1001 -42.2432
v  2.2889 139.0394 -42.1651
v  3.4515 138.8289 -42.2455
v  4.5760 138.4770 -42.4810
v  5.6192 137.9975 -42.8622
v  6.5410 137.4091 -43.3742
v  7.3059 136.7343 -43.9974
v  7.8847 135.9996 -44.7073
v  8.2550 135.2328 -45.4770
v  8.4026 134.4636 -46.2768
v  8.3219 133.7214 -47.0760
v  8.0159 133.0344 -47.8443
v  7.4964 132.4289 -48.5524
v  6.7834 131.9279 -49.1731
v  5.9044 131.5504 -49.6830
v  4.8930 131.3109 -50.0625
v  2.6323 131.2766 -50.3778
v  1.4700 131.4833 -50.3013
v  0.3457 131.8309 -50.0704
v  -0.6973 132.3062 -49.6935
v  -1.6190 132.8912 -49.1851
v  -2.3839 133.5637 -48.5644
v  -2.9626 134.2979 -47.8549
v  -3.3330 135.0659 -47.0840
v  -8.6443 91.7137 -3.7726
v  -2.6940 90.8268 -3.9795
v  -8.5639 92.4628 -2.9661
v  -8.2582 93.1581 -2.1892
v  -7.7391 93.7725 -1.4719
v  -7.0265 94.2819 -0.8423
v  -6.1478 94.6668 -0.3247
v  -5.1366 94.9122 0.0610
v  -4.0320 95.0086 0.2997
v  -2.8763 94.9525 0.3826
v  -1.7139 94.7461 0.3064
v  -0.5896 94.3978 0.0747
v  0.4535 93.9212 -0.3035
v  1.3752 93.3346 -0.8136
v  2.1401 92.6611 -1.4354
v  2.7189 91.9266 -2.1451
v  3.0892 91.1593 -2.9153
v  3.2369 90.3887 -3.7166
v  3.1562 89.6441 -4.5183
v  2.8504 88.9541 -5.2898
v  2.3311 88.3450 -6.0016
v  1.6183 87.8395 -6.6270
v  0.7394 87.4573 -7.1418
v  -0.2717 87.2126 -7.5267
v  -1.3763 87.1149 -7.7668
v  -2.5319 87.1679 -7.8529
v  -3.6941 87.3697 -7.7816
v  -4.8182 87.7128 -7.5553
v  -5.8610 88.1843 -7.1825
v  -6.7826 88.7667 -6.6768
v  -7.5474 89.4375 -6.0578
v  -8.1261 90.1713 -5.3489
v  -8.4965 90.9399 -4.5772
v  3.7882 131.2183 -50.2972
v  1.1798 126.5160 -49.1655
v  5.6163 126.5361 -48.5963
v  8.0354 128.6695 -46.0288
v  7.0199 131.6731 -42.9599
v  5.3328 132.9439 -41.8167
v  -1.2722 133.7748 -41.7487
v  -3.6909 131.6320 -44.3261
v  -3.7718 130.8928 -45.1222
v  -4.0682 126.0699 -43.8352
v  -3.6807 127.4828 -42.2847
v  -4.3744 121.4736 -42.3111
v  -3.4665 123.4695 -40.0762
v  -4.6929 117.1600 -40.4911
v  -3.7847 119.1489 -38.2634
v  -5.0250 113.1627 -38.3399
v  -4.1166 115.1473 -36.1168
v  -5.3718 109.5026 -35.8359
v  -4.4633 111.4847 -33.6153
v  -5.7337 106.1897 -32.9671
v  -4.8252 108.1712 -30.7472
v  -6.1108 103.2281 -29.7319
v  -5.2023 105.2108 -27.5109
v  -6.5028 100.6121 -26.1351
v  -5.5945 102.5977 -23.9110
v  -6.9093 98.3283 -22.1905
v  -6.5214 99.7318 -20.6498
v  -7.3290 96.3528 -17.9232
v  -5.7075 98.8341 -15.0839
v  -7.7605 94.6468 -13.3740
v  -7.3732 96.0618 -11.8212
v  -8.2008 93.1443 -8.6116
v  -7.8139 94.5697 -7.0479
v  -5.7017 96.0376 -5.2262
v  -4.2478 97.7292 -9.6619
v  -0.3891 99.1647 -14.0751
v  2.5897 93.9519 -6.4207
v  3.6863 91.6841 -8.6970
v  0.1748 88.5733 -12.4388
v  -3.2494 88.7728 -12.6493
v  -6.3391 90.1991 -11.5139
v  -6.6640 92.3803 -15.6489
v  -6.8115 94.8247 -19.4845
v  -6.3917 96.8018 -23.7501
v  -5.9854 99.0867 -27.6935
v  -5.5934 101.7035 -31.2895
v  -5.2163 104.6653 -34.5244
v  -4.8544 107.9783 -37.3932
v  -4.5076 111.6378 -39.8978
v  -4.1754 115.6338 -42.0502
v  -3.8568 119.9461 -43.8717
v  -3.5505 124.5400 -45.3983
v  -3.2540 129.3591 -46.6893
v  -3.7009 139.4203 35.4781
v  3.7641 139.7347 34.5476
v  3.6696 140.1604 33.2460
v  3.2926 140.5631 32.0138
v  2.6474 140.9272 30.8988
v  1.7587 141.2385 29.9444
v  0.6609 141.4850 29.1874
v  -0.6040 141.6571 28.6574
v  -1.9874 141.7482 28.3746
v  -3.4361 141.7550 28.3494
v  -4.8944 141.6771 28.5829
v  -6.3062 141.5177 29.0660
v  -7.6173 141.2831 29.7790
v  -8.7773 140.9824 30.6947
v  -9.7416 140.6272 31.7775
v  -10.4731 140.2314 32.9853
v  -10.9437 139.8100 34.2722
v  -11.1354 139.3793 35.5884
v  -11.0407 138.9557 36.8835
v  -10.6634 138.5555 38.1084
v  -10.0179 138.1938 39.2162
v  -9.1291 137.8844 40.1647
v  -8.0311 137.6392 40.9180
v  -6.7661 137.4674 41.4470
v  -3.9343 137.3674 41.7613
v  -2.4763 137.4431 41.5341
v  -1.0647 137.6001 41.0587
v  0.2461 137.8323 40.3526
v  1.4059 138.1311 39.4429
v  2.3700 138.4849 38.3640
v  3.1015 138.8805 37.1570
v  3.5722 139.3025 35.8682
v  3.8249 67.0422 9.7972
v  -3.6375 66.7503 10.6604
v  3.7307 67.4697 8.4902
v  3.3539 67.8747 7.2511
v  2.7090 68.2414 6.1282
v  1.8207 68.5556 5.1651
v  0.7232 68.8051 4.3993
v  -0.5414 68.9802 3.8601
v  -1.9245 69.0743 3.5686
v  -3.3728 69.0837 3.5354
v  -4.8309 69.0081 3.7621
v  -6.2425 68.8507 4.2388
v  -7.5534 68.6178 4.9471
v  -8.7133 68.3181 5.8595
v  -9.6775 67.9637 6.9401
v  -10.4090 67.5680 8.1477
v  -10.8796 67.1463 9.4353
v  -11.0714 66.7148 10.7539
v  -10.9769 66.2899 12.0531
v  -10.5997 65.8879 13.2832
v  -9.9545 65.5242 14.3972
v  -9.0659 65.2123 15.3533
v  -7.9682 64.9643 16.1146
v  -6.7036 64.7896 16.6526
v  -5.3206 64.6948 16.9464
v  -3.8725 64.6837 16.9847
v  -2.4147 64.7566 16.7661
v  -1.0035 64.9109 16.2983
v  0.3071 65.1410 15.5987
v  1.4667 65.4382 14.6936
v  2.4308 65.7911 13.6175
v  3.1622 66.1864 12.4112
v  3.6330 66.6089 11.1213
v  -5.3828 137.3756 41.7319
v  -2.5878 131.2138 42.8801
v  -8.1456 131.3830 42.3444
v  -11.1576 132.6780 38.3746
v  -9.8591 134.3442 33.2847
v  -7.7343 135.0044 31.2731
v  -2.1022 135.4901 29.8071
v  0.5477 135.2404 30.5791
v  3.5591 133.9400 34.5651
v  3.6540 133.5182 35.8551
v  3.5517 127.3713 36.9533
v  3.0786 128.1858 34.4613
v  3.4638 121.3539 37.6631
v  2.3439 122.5172 34.1019
v  3.3940 115.4979 37.8881
v  2.2736 116.6573 34.3387
v  3.3444 109.8227 37.5704
v  2.2237 110.9795 34.0287
v  3.3163 104.3401 36.6746
v  2.1955 105.4955 33.1370
v  3.3104 99.0551 35.1819
v  2.1895 100.2101 31.6453
v  3.3269 93.9714 33.0881
v  2.2061 95.1272 29.5497
v  3.3654 89.0852 30.4019
v  2.2448 90.2426 26.8583
v  3.4251 84.3888 27.1458
v  2.9515 85.1979 24.6698
v  3.5045 79.8685 23.3609
v  3.0312 80.6803 20.8767
v  3.6011 75.5021 19.1140
v  3.1282 76.3178 16.6182
v  3.7107 71.2520 14.5181
v  3.2385 72.0736 12.0044
v  0.6051 72.9807 9.2226
v  -0.7726 77.3738 13.3761
v  -5.1653 81.7084 17.7041
v  -9.8006 72.0936 11.9008
v  -11.1942 70.8473 15.7066
v  -9.1864 69.3663 20.2413
v  -6.8223 68.9594 21.4933
v  -2.5307 68.9506 21.5340
v  1.3526 69.6490 19.4113
v  3.5191 70.8217 15.8329
v  2.2076 74.2566 22.9175
v  2.8427 79.0209 25.9505
v  2.7634 83.5421 29.7326
v  2.7038 88.2392 32.9867
v  2.6653 93.1258 35.6717
v  2.6488 98.2096 37.7650
v  2.6547 103.4946 39.2577
v  2.6828 108.9769 40.1544
v  2.7323 114.6514 40.4742
v  2.8021 120.5066 40.2516
v  2.8898 126.5227 39.5459
v  2.9918 132.6674 38.4541
v  1.2959 131.9154 40.7477
v  6.9052 85.1175 5.2335
v  10.2934 75.6904 5.1794
v  8.7994 85.1629 3.9306
v  -9.2499 100.1330 31.8386
v  -9.2331 95.0524 29.7357
v  -11.5910 93.4512 34.6237
v  21.1445 121.0847 3.4525
v  17.6199 114.6247 2.3621
v  21.8808 113.4258 5.6213
v  -9.1937 90.1741 27.0256
v  -11.2992 84.3160 27.3150
v  -11.3605 88.9986 30.6126
v  4.3008 107.4640 -30.3708
v  3.9235 104.5077 -27.1301
v  5.7850 101.5656 -30.0292
v  3.5309 101.9056 -23.5187
v  4.8377 97.4642 -21.6574
v  5.2452 99.7238 -25.6273
v  16.8995 111.2375 4.2338
v  18.7058 106.9779 6.0260
v  19.2262 110.5579 5.7074
v  11.4062 66.1947 7.0692
v  12.3417 56.6709 6.0233
v  12.3563 66.2038 2.7275
v  8.7648 37.7846 15.8191
v  10.5054 19.2404 8.6463
v  11.5450 28.5138 9.2104
v  6.9702 94.6514 4.0633
v  -2.4140 84.9136 6.4752
v  -2.4017 75.3698 10.6487
v  2.4078 75.4912 10.3200
v  -6.7420 111.4610 32.5230
v  -6.7708 105.9726 31.6447
v  -9.2438 105.4197 33.3263
v  -11.4002 37.2648 18.1735
v  -11.4672 28.0372 15.3237
v  -8.7823 28.1257 18.2355
v  -9.0843 113.7136 3.0814
v  -2.4667 104.0897 5.0796
v  -2.5063 113.7860 7.3942
v  -11.5971 94.4060 -12.3689
v  -10.3392 84.7617 -11.4733
v  -12.1703 84.7078 -7.2758
v  12.3831 94.7881 -2.6440
v  12.4970 85.2794 -3.9040
v  12.4029 94.8221 -7.2003
v  10.2705 47.1920 14.2290
v  11.4614 37.8142 11.4582
v  -4.7009 65.7798 15.6572
v  -2.3977 56.3563 20.2982
v  0.0014 65.9141 15.6543
v  12.5081 28.5032 4.5707
v  12.6779 19.2532 1.4621
v  11.7232 19.2243 -3.0153
v  3.0426 115.5489 -34.8044
v  2.6963 111.8786 -32.3110
v  4.6626 110.7798 -33.2365
v  -9.5402 87.1233 36.3542
v  -11.3949 83.4734 29.8913
v  -8.3798 82.2055 33.7796
v  -9.9659 128.1566 34.5051
v  -7.9316 122.7766 33.2718
v  -11.2589 121.2952 37.7899
v  -2.6909 125.0594 44.0009
v  -5.6888 118.9431 45.0026
v  -2.7793 119.0370 44.7258
v  20.6763 124.8812 1.5022
v  20.0539 121.3261 1.8150
v  3.7698 96.5069 -29.2313
v  4.9037 95.9732 -23.2351
v  2.4825 93.8874 -25.7528
v  -9.5794 92.0039 39.0574
v  -7.1736 86.7388 37.5388
v  -4.3769 91.5561 40.4461
v  -7.1948 107.4749 44.7115
v  -9.5900 102.3717 42.6464
v  -4.3875 101.9243 44.0338
v  0.8840 121.6800 -47.8922
v  2.8984 116.7638 -46.4214
v  0.5782 117.0749 -46.3773
v  6.7266 126.7789 -41.7475
v  4.7350 123.4135 -39.1220
v  7.3715 120.6343 -41.7520
v  -12.8471 113.7300 -5.8220
v  -12.4569 104.0369 -10.3068
v  -12.4201 104.0026 -5.6724
v  -12.0855 75.0412 -1.8818
v  -12.0746 75.0718 2.5944
v  -12.2739 65.4547 6.6181
v  -12.0294 55.9215 9.4689
v  -12.0335 55.9810 13.9519
v  22.9510 109.1901 4.6307
v  21.6970 105.6568 2.4298
v  -8.2506 125.2122 43.5145
v  -12.0547 46.5559 16.5987
v  -12.3309 37.1960 14.1804
v  11.4008 56.6125 2.0184
v  12.1214 47.1662 5.4527
v  11.4640 37.7423 2.9134
v  10.2698 47.0837 1.9657
v  4.1622 99.1131 -32.8384
v  1.8769 95.9468 -30.0610
v  0.0059 98.5830 -33.9162
v  3.3548 108.4951 -42.2683
v  4.9013 105.3861 -38.9439
v  0.7449 104.8568 -40.0209
v  7.0025 19.2032 12.5925
v  28.2806 133.3912 -1.8501
v  28.8774 129.5708 0.4266
v  28.6982 129.4779 -1.4685
v  22.1198 135.8798 2.7008
v  20.4571 132.4198 -0.1257
v  24.1978 131.4632 3.9121
v  0.0009 104.1255 5.6925
v  12.6003 114.0746 0.4746
v  11.8692 104.3327 0.1060
v  12.8471 104.3858 -4.2270
v  5.3217 121.6714 -47.3531
v  -6.8733 84.8219 4.6079
v  -10.5124 104.0015 -1.1537
v  -7.0209 104.0323 2.6163
v  24.7571 112.3375 4.3962
v  23.6822 108.5879 0.3239
v  25.6586 111.7545 1.0422
v  28.5830 122.2061 2.0207
v  27.1905 119.0391 3.8490
v  28.0911 118.4564 0.4950
v  -0.8227 129.2378 31.2311
v  -5.2067 123.1883 32.0226
v  -5.1164 129.2276 31.2471
v  8.7195 66.1358 11.0200
v  8.7159 56.6311 14.5907
v  11.3972 56.6764 10.4313
v  -5.7594 113.0801 45.2486
v  -1.4863 107.6708 44.1334
v  -2.8495 113.1775 44.9614
v  12.6003 114.1080 -4.1701
v  12.1213 66.1875 0.6073
v  10.2574 56.5644 0.3581
v  10.2750 66.1126 -3.1369
v  10.5253 94.8236 -11.6896
v  11.5596 85.2826 -8.3752
v  8.8516 85.2434 -12.3281
v  -11.3440 65.4324 2.0246
v  27.9645 133.7936 1.7524
v  -11.3876 37.1750 9.5973
v  -11.4610 27.9632 6.7064
v  -12.4064 27.9791 11.2866
v  -8.7762 27.9941 2.2599
v  -6.9842 18.9091 -4.5064
v  -10.4358 18.8627 -0.4208
v  11.5574 28.4547 0.4187
v  -8.7011 46.7161 21.3493
v  -4.7292 37.4903 22.1556
v  -4.7123 46.8479 22.5596
v  -8.7322 37.3686 20.9695
v  -4.7564 28.2308 19.5818
v  -7.0326 77.5387 30.4479
v  1.0672 82.7871 32.0352
v  -0.5551 129.1431 -40.1328
v  2.5660 124.2759 -38.4729
v  2.8705 128.9105 -39.9569
v  2.5805 112.4379 -44.6143
v  -1.1973 109.1257 -42.1604
v  0.2600 112.7551 -44.5638
v  -1.0333 111.6595 31.9373
v  -1.0677 100.8875 29.5618
v  0.2158 95.6511 27.9401
v  -6.7601 95.6051 28.0548
v  -9.1324 85.4913 23.7288
v  -10.0154 80.6331 20.9747
v  -6.9344 73.1871 26.1567
v  -9.0843 113.8597 -13.4796
v  -10.6172 104.0958 -14.4296
v  -11.8692 113.7850 -10.1335
v  -10.9114 110.1526 36.5089
v  -11.6017 103.8186 38.2140
v  -11.0988 108.5023 41.5552
v  -11.2641 126.4939 39.5847
v  -10.3298 119.7083 42.6458
v  7.1375 113.9424 7.1956
v  9.0290 104.2737 3.5841
v  10.6820 114.0172 4.4739
v  -1.5145 102.1875 43.2397
v  -1.5039 91.8189 39.6531
v  1.0075 87.4837 35.2908
v  19.9969 136.1204 -3.2989
v  20.0068 136.3444 -0.5095
v  1.0494 91.7167 -21.8186
v  -5.0477 95.3853 -25.0905
v  -5.3076 90.8974 24.8282
v  0.2547 90.7681 25.2440
v  -0.9516 86.2340 21.4873
v  28.9843 125.7645 0.7877
v  28.2087 122.0318 -1.6981
v  12.1211 47.2034 9.7589
v  12.4112 37.7996 6.9233
v  11.4470 75.7211 3.2087
v  12.4067 75.7490 -1.0992
v  11.4709 75.7254 -5.3647
v  -1.5097 116.1840 -34.6918
v  -2.2181 109.2034 -29.3270
v  -3.6079 106.0355 -26.4365
v  1.9572 105.6061 -26.2051
v  0.6168 90.0365 -17.2423
v  3.1234 99.6455 -19.5493
v  3.4673 97.0257 -15.8733
v  6.3530 113.0327 -37.0712
v  6.5241 107.8379 -36.1354
v  6.4823 110.1123 -40.1615
v  7.7419 123.7814 -44.8100
v  6.6107 117.8817 -44.7737
v  -9.5961 97.0855 41.1571
v  -11.6078 98.5318 36.7265
v  10.4710 94.7280 1.3004
v  4.8592 104.2029 5.5529
v  10.6820 114.1147 -8.7283
v  11.8692 104.4095 -8.8826
v  9.0843 104.4012 -13.1417
v  0.0010 46.9781 22.0049
v  2.4020 56.4859 19.0906
v  -11.8692 113.7047 -1.1847
v  -10.1986 55.9236 4.8592
v  -8.6847 46.5273 5.3779
v  -12.0475 46.5013 12.1695
v  -8.7166 37.2071 5.1388
v  -8.8246 94.3841 0.6584
v  -4.7756 94.4416 3.6490
v  -12.5168 94.3596 -7.9437
v  -12.1493 84.7071 -2.7658
v  -11.5412 94.3541 -3.3895
v  -10.4276 18.9339 12.6036
v  -12.3003 18.8532 4.2336
v  19.0148 102.8840 3.5119
v  -1.5441 105.4644 -39.6576
v  -2.2831 99.1900 -33.5536
v  2.4548 19.1467 15.1899
v  -6.9712 19.0018 15.1839
v  0.4392 103.3754 -22.3377
v  -4.0002 103.4252 -22.8337
v  -3.3945 101.3643 -18.5270
v  20.2969 124.7086 -2.2170
v  18.6507 117.7359 -1.6178
v  17.5462 114.2807 -2.1715
v  0.0015 94.5201 5.1215
v  2.4207 85.0164 6.6914
v  2.4419 94.5637 5.2086
v  -5.7281 81.9726 34.5014
v  -2.8783 86.7631 37.4802
v  16.1787 100.0913 3.6783
v  12.8691 105.1400 5.2751
v  -10.9351 78.5801 27.2496
v  -11.3088 75.0530 20.4361
v  -9.2995 73.5847 24.9326
v  7.1375 114.0941 -12.4995
v  -10.2274 46.6552 20.1128
v  -6.8249 56.2180 19.7905
v  23.2615 124.2193 4.2840
v  24.3149 120.1272 5.0742
v  26.5351 123.1118 4.4987
v  25.4149 134.8237 3.6377
v  27.3481 130.3386 3.3980
v  8.7798 75.6488 -8.9470
v  2.5064 113.8609 8.2182
v  4.5394 102.0711 -36.0772
v  6.1623 104.5219 -33.2698
v  -1.5204 96.9023 41.7474
v  -4.3934 96.6388 42.5424
v  0.3544 123.0482 32.4711
v  -11.3308 115.4205 38.0712
v  -8.0033 116.9031 33.5495
v  0.2837 117.1846 32.7189
v  -5.2781 117.3175 32.2923
v  1.4947 81.3322 18.8780
v  -0.8710 81.7245 17.6701
v  26.5556 115.0614 -1.0994
v  15.4744 111.5184 1.6689
v  15.7447 111.1317 -1.9367
v  13.1120 108.4848 0.9251
v  1.1059 119.7520 42.5530
v  0.3639 93.6091 -26.3107
v  -1.5498 96.2042 -30.2109
v  4.1758 93.3584 -19.6862
v  4.1299 93.1087 -13.5409
v  26.1718 115.6197 4.1357
v  23.2974 116.7074 5.3610
v  -3.7869 86.3026 21.2671
v  1.0361 113.8963 42.7773
v  0.3830 101.5430 -37.1529
v  -1.9060 102.1512 -36.7892
v  -1.8727 124.3066 -38.9888
v  -2.4497 19.0765 16.0917
v  0.0010 28.3358 19.1755
v  7.0544 116.2878 -39.9664
v  4.4179 119.0691 -37.3342
v  -1.0617 106.1735 31.0517
v  -6.7768 100.6861 30.1564
v  4.7218 47.0899 19.8129
v  -2.1905 119.9796 -37.1828
v  2.2486 119.9362 -36.6802
v  -11.4087 79.3898 24.7718
v  6.8654 75.6029 8.4060
v  4.7133 66.0377 14.0227
v  -2.5128 118.5303 -45.2114
v  16.9396 103.7990 5.9881
v  12.4672 101.5901 6.4146
v  -1.1315 101.3437 -18.2692
v  -2.8313 114.2171 -43.3909
v  27.0710 115.0375 0.7816
v  -8.9035 94.4875 -15.9420
v  11.5252 85.2365 0.4055
v  20.7487 132.0259 -3.7299
v  -10.4012 113.8379 42.9141
v  20.5794 128.6082 0.2364
v  24.3276 127.6490 4.2747
v  20.8568 128.2192 -3.3687
v  -1.8562 112.5179 -32.1940
v  2.3344 108.5631 -29.4450
v  1.1937 125.7691 41.8443
v  -12.2977 18.8819 8.7584
v  -10.2894 84.7501 1.3722
v  -10.2324 75.1485 6.5027
v  -8.6818 65.6482 13.9759
v  -6.8377 75.2521 9.3183
v  -10.2074 56.0866 17.5762
v  -11.3398 65.5334 10.8159
v  8.9629 19.1622 -6.3076
v  0.0009 37.6112 21.5844
v  -8.6889 65.4784 -2.1954
v  6.2933 113.5428 -42.9801
v  -7.1345 104.1685 -17.2937
v  19.6698 121.1552 -1.9045
v  19.0358 117.9065 2.1018
v  -6.9229 84.8647 -14.6600
v  -6.8647 75.1660 -9.7113
v  -10.2587 75.0719 -6.2290
v  -9.9154 76.2974 16.6357
v  -2.2066 123.1260 -46.7361
v  8.7293 47.0276 0.6982
v  6.8473 56.4350 -1.9865
v  27.4694 126.5273 3.7601
v  3.0335 95.3734 -11.2678
v  6.8609 65.9866 -5.7783
v  11.6891 19.2509 6.3318
v  8.8376 28.3722 -2.5634
v  8.7660 37.6482 0.0585
v  10.0019 102.3580 5.4394
# 833 vertices

vn 0.0000 0.0000 -1.0000
vn 0.0000 0.0000 1.0000
vn 0.1951 -0.9808 -0.0000
vn 0.0401 -0.9894 -0.1393
vn 0.0038 -1.0000 -0.0010
vn 0.2248 -0.9671 -0.1188
vn 0.3827 -0.9239 -0.0000
vn 0.1106 -0.9599 -0.2576
vn 0.5556 -0.8315 -0.0000
vn 0.4041 -0.9095 -0.0980
vn 0.2781 -0.9319 -0.2327
vn 0.1472 -0.9788 -0.1427
vn 0.7071 -0.7071 -0.0000
vn 0.5688 -0.8187 -0.0787
vn 0.4625 -0.8771 -0.1297
vn 0.1227 -0.9887 0.0867
vn 0.8315 -0.5556 -0.0000
vn 0.7138 -0.6977 -0.0615
vn 0.4523 -0.8899 0.0590
vn 0.0595 -0.9495 0.3080
vn 0.9239 -0.3827 -0.0000
vn 0.8340 -0.5498 -0.0461
vn 0.3984 -0.8816 0.2531
vn -0.0168 -0.8974 0.4409
vn 0.9808 -0.1951 -0.0000
vn 0.9247 -0.3795 -0.0316
vn 0.3194 -0.8651 0.3867
vn -0.0951 -0.8909 0.4441
vn 1.0000 0.0000 -0.0000
vn 0.9813 -0.1920 -0.0162
vn 0.0731 -0.9000 0.4297
vn -0.1758 -0.9301 0.3225
vn -0.0027 -0.9497 0.3130
vn -0.2443 -0.9653 0.0920
vn -0.0684 -0.9941 0.0840
vn -0.2691 -0.9489 -0.1650
vn -0.0992 -0.9801 -0.1718
vn -0.2404 -0.9035 -0.3548
vn -0.0794 -0.9316 -0.3547
vn -0.1506 -0.8797 -0.4510
vn 0.0124 -0.9038 -0.4277
vn -0.0475 -0.9666 -0.2518
vn 0.1372 -0.9643 -0.2264
vn 0.0000 -1.0000 -0.0000
vn 0.3239 -0.9262 -0.1928
vn 0.5052 -0.8491 -0.1542
vn 0.6715 -0.7321 -0.1147
vn 0.8115 -0.5790 -0.0786
vn 0.9157 -0.3988 -0.0492
vn 0.9787 -0.2034 -0.0268
vn 0.9999 -0.0038 -0.0097
vn 0.9815 0.1916 0.0049
vn 0.9808 0.1951 -0.0000
vn 0.9258 0.3775 0.0197
vn 0.9235 0.3837 -0.0003
vn 0.8371 0.5459 0.0362
vn 0.8311 0.5561 -0.0006
vn 0.7207 0.6910 0.0556
vn 0.7085 0.7058 -0.0000
vn 0.5803 0.8106 0.0786
vn 0.5597 0.8287 0.0024
vn 0.4204 0.9013 0.1047
vn 0.3904 0.9206 0.0067
vn 0.2456 0.9603 0.1326
vn 0.2067 0.9783 0.0127
vn 0.0603 0.9853 0.1598
vn 0.0144 0.9997 0.0199
vn -0.1303 0.9745 0.1828
vn -0.1799 0.9833 0.0273
vn -0.3205 0.9264 0.1975
vn -0.3690 0.9288 0.0335
vn -0.5032 0.8409 0.1994
vn -0.5454 0.8374 0.0368
vn -0.6700 0.7189 0.1851
vn -0.7013 0.7119 0.0360
vn -0.8111 0.5645 0.1530
vn -0.8293 0.5579 0.0307
vn -0.9163 0.3865 0.1046
vn -0.9231 0.3839 0.0218
vn -0.9807 0.1909 0.0428
vn -0.9808 0.1946 0.0098
vn -0.9995 -0.0136 -0.0273
vn -1.0000 -0.0052 -0.0062
vn -0.9736 -0.2071 -0.0958
vn -0.9795 -0.2000 -0.0240
vn -0.9129 -0.3777 -0.1550
vn -0.9246 -0.3790 -0.0380
vn -0.7242 -0.6488 -0.2337
vn -0.8417 -0.5383 -0.0424
vn -0.7349 -0.6773 -0.0332
vn -0.5836 -0.7705 -0.2564
vn -0.5880 -0.8087 -0.0160
vn -0.4057 -0.8737 -0.2685
vn -0.3945 -0.9189 -0.0033
vn -0.2258 -0.9370 -0.2667
vn -0.1951 -0.9808 -0.0000
vn -0.2994 -0.8359 -0.4601
vn -0.5158 -0.7908 -0.3297
vn -0.5510 -0.8223 -0.1423
vn -0.5407 -0.8359 0.0949
vn -0.4840 -0.8187 0.3089
vn -0.4130 -0.8021 0.4313
vn -0.1875 -0.8737 0.4489
vn -0.1237 -0.9381 0.3236
vn -0.0638 -0.9928 0.1016
vn -0.0304 -0.9895 -0.1411
vn -0.2267 -0.9333 -0.2787
vn -0.2937 -0.9404 -0.1716
vn -0.1682 -0.9857 -0.0091
vn -0.3357 -0.9415 -0.0287
vn -0.4718 -0.8638 -0.1768
vn -0.5114 -0.8578 -0.0522
vn -0.6415 -0.7483 -0.1692
vn -0.6740 -0.7355 -0.0692
vn -0.7904 -0.5949 -0.1462
vn -0.8123 -0.5785 -0.0736
vn -0.9058 -0.4098 -0.1075
vn -0.9169 -0.3941 -0.0622
vn -0.9772 -0.2047 -0.0558
vn -0.9806 -0.1927 -0.0352
vn -1.0000 0.0055 0.0038
vn -0.9999 0.0136 0.0038
vn -0.9763 0.2062 0.0649
vn -0.9759 0.2128 0.0486
vn -0.9138 0.3874 0.1217
vn -0.9137 0.3957 0.0923
vn -0.8215 0.5443 0.1699
vn -0.8206 0.5566 0.1291
vn -0.7072 0.6759 0.2071
vn -0.7034 0.6937 0.1549
vn -0.5668 0.8066 0.1675
vn -0.2711 0.9303 0.2471
vn -0.4136 0.8952 0.1662
vn 1.0000 0.0060 0.0016
vn 0.9239 0.3827 -0.0000
vn 0.9782 0.2065 0.0235
vn 0.8305 0.5571 0.0005
vn 0.9151 0.4001 0.0505
vn 0.6930 0.7209 0.0069
vn 0.8115 0.5785 0.0824
vn 0.5156 0.8564 0.0267
vn 0.6607 0.7412 0.1188
vn 0.3256 0.9437 0.0581
vn 0.4740 0.8665 0.1566
vn 0.1296 0.9872 0.0933
vn 0.2804 0.9408 0.1904
vn -0.0628 0.9900 0.1263
vn 0.0871 0.9720 0.2181
vn -0.2450 0.9576 0.1517
vn -0.0981 0.9664 0.2376
vn -0.0003 0.0006 -1.0000
vn -0.0002 0.0009 -1.0000
vn 0.0000 0.0009 -1.0000
vn 0.0000 0.0008 -1.0000
vn 0.0000 0.0007 -1.0000
vn 0.0000 0.0006 -1.0000
vn 0.0000 0.0005 -1.0000
vn 0.0000 0.0004 -1.0000
vn 0.0000 0.0003 -1.0000
vn -0.0002 0.0003 -1.0000
vn -0.0003 0.0003 -1.0000
vn -0.0004 0.0003 -1.0000
vn -0.0005 0.0003 -1.0000
vn -0.0005 0.0004 -1.0000
vn -0.0006 0.0004 -1.0000
vn 0.6319 0.1812 -0.7536
vn 0.6578 -0.0770 -0.7492
vn -0.0006 0.0007 -1.0000
vn -0.0006 0.0008 -1.0000
vn -0.0005 0.0008 -1.0000
vn -0.0005 0.0009 -1.0000
vn -0.0004 0.0009 -1.0000
vn -0.0003 0.0009 -1.0000
vn 0.0002 -0.0008 1.0000
vn 0.0003 -0.0006 1.0000
vn 0.0000 -0.0008 1.0000
vn 0.0000 -0.0007 1.0000
vn 0.0000 -0.0006 1.0000
vn 0.0000 -0.0005 1.0000
vn 0.0000 -0.0004 1.0000
vn 0.0000 -0.0003 1.0000
vn 0.0002 -0.0003 1.0000
vn 0.0003 -0.0003 1.0000
vn 0.0004 -0.0003 1.0000
vn 0.0005 -0.0004 1.0000
vn 0.6275 0.1825 0.7570
vn 0.6504 0.0522 0.7578
vn 0.6542 -0.0741 0.7527
vn 0.6400 -0.1966 0.7428
vn 0.0006 -0.0007 1.0000
vn 0.0005 -0.0007 1.0000
vn 0.0005 -0.0008 1.0000
vn 0.0004 -0.0008 1.0000
vn 0.0003 -0.0008 1.0000
vn 0.6546 0.0500 -0.7543
vn 0.8677 0.0583 -0.4937
vn 0.7788 0.4179 -0.4678
vn 0.8451 0.2280 -0.4836
vn 0.6866 0.5970 -0.4150
vn 0.7931 0.4034 -0.4563
vn 0.5523 0.7631 -0.3357
vn 0.7056 0.5792 -0.4083
vn 0.3773 0.8970 -0.2304
vn 0.5777 0.7439 -0.3361
vn 0.1740 0.9790 -0.1066
vn 0.4095 0.8803 -0.2396
vn -0.0361 0.9991 0.0223
vn 0.2111 0.9695 -0.1244
vn -0.2315 0.9623 0.1426
vn 0.0013 1.0000 -0.0017
vn -0.3993 0.8832 0.2460
vn -0.1985 0.9732 0.1160
vn -0.5358 0.7772 0.3299
vn -0.3737 0.9012 0.2194
vn -0.6432 0.6557 0.3954
vn -0.5185 0.7989 0.3048
vn -0.7255 0.5252 0.4448
vn -0.7225 0.5462 0.4239
vn -0.7863 0.3884 0.4804
vn -0.8281 0.2460 0.5037
vn -0.8515 0.0971 0.5153
vn -0.8553 -0.0591 0.5147
vn -0.8442 -0.2283 0.4851
vn -0.8366 -0.2228 0.5004
vn -0.7905 -0.3930 0.4698
vn -0.7108 -0.5644 0.4198
vn -0.7935 -0.4061 0.4533
vn -0.5921 -0.7270 0.3476
vn -0.7060 -0.5839 0.4009
vn -0.4333 -0.8650 0.2530
vn -0.5768 -0.7492 0.3256
vn -0.2419 -0.9601 0.1406
vn -0.4072 -0.8843 0.2285
vn -0.0345 -0.9992 0.0200
vn -0.2089 -0.9724 0.1039
vn 0.0010 -1.0000 -0.0012
vn 0.0020 -1.0000 -0.0021
vn 0.0026 -1.0000 -0.0023
vn -0.2095 -0.9740 0.0865
vn 0.0031 -1.0000 -0.0020
vn -0.2099 -0.9755 0.0661
vn 0.0035 -1.0000 -0.0015
vn -0.2102 -0.9767 0.0438
vn 0.0038 -1.0000 -0.0007
vn -0.2103 -0.9774 0.0204
vn 0.0038 -1.0000 0.0001
vn -0.2104 -0.9776 -0.0034
vn 0.0037 -1.0000 0.0010
vn -0.2103 -0.9773 -0.0272
vn 0.0034 -1.0000 0.0017
vn -0.2102 -0.9764 -0.0504
vn 0.0030 -1.0000 0.0022
vn -0.2099 -0.9750 -0.0724
vn 0.0025 -1.0000 0.0023
vn -0.2094 -0.9735 -0.0923
vn 0.0017 -1.0000 0.0019
vn -0.2088 -0.9719 -0.1086
vn 0.0006 -1.0000 0.0007
vn -0.2081 -0.9709 -0.1186
vn -0.2413 -0.9601 -0.1412
vn -0.0346 -0.9992 -0.0202
vn -0.4320 -0.8653 -0.2542
vn -0.4061 -0.8837 -0.2329
vn -0.5899 -0.7279 -0.3496
vn -0.5743 -0.7486 -0.3315
vn -0.7080 -0.5658 -0.4226
vn -0.7021 -0.5836 -0.4080
vn -0.7873 -0.3950 -0.4735
vn -0.8067 -0.4051 -0.4303
vn -0.8332 -0.2254 -0.5050
vn -0.8589 -0.2248 -0.4602
vn -0.8519 -0.0620 -0.5200
vn -0.8482 0.0939 -0.5213
vn -0.8794 -0.0509 -0.4733
vn -0.8252 0.2425 -0.5102
vn -0.9027 0.1234 -0.4123
vn -0.7839 0.3850 -0.4871
vn -0.7236 0.5220 -0.4516
vn -0.7301 0.5559 -0.3975
vn -0.6420 0.6530 -0.4019
vn -0.6315 0.6748 -0.3818
vn -0.5352 0.7751 -0.3357
vn -0.5174 0.7964 -0.3131
vn -0.3992 0.8820 -0.2505
vn -0.3734 0.8998 -0.2257
vn -0.2318 0.9618 -0.1454
vn -0.1986 0.9728 -0.1196
vn -0.0366 0.9991 -0.0230
vn 0.0010 1.0000 0.0013
vn 0.1731 0.9790 0.1079
vn 0.2103 0.9693 0.1273
vn 0.3756 0.8970 0.2332
vn 0.4079 0.8795 0.2452
vn 0.5496 0.7634 0.3394
vn 0.5746 0.7429 0.3434
vn 0.6831 0.5981 0.4191
vn 0.7013 0.5786 0.4165
vn 0.7750 0.4201 0.4721
vn 0.7878 0.4037 0.4651
vn 0.8395 0.2294 0.4925
vn 0.8609 -0.1008 0.4987
vn 0.8378 -0.2553 0.4826
vn 0.7877 -0.4079 0.4618
vn 0.8051 -0.4160 0.4229
vn 0.7195 -0.5535 0.4194
vn 0.6386 -0.6784 0.3634
vn 0.6256 -0.6904 0.3632
vn 0.5032 -0.8136 0.2914
vn 0.5219 -0.7998 0.2965
vn 0.3501 -0.9145 0.2027
vn 0.3757 -0.9018 0.2134
vn 0.1680 -0.9810 0.0974
vn 0.1999 -0.9732 0.1138
vn 0.2017 -0.9737 0.1063
vn 0.2030 -0.9749 0.0913
vn 0.2040 -0.9763 0.0722
vn 0.2048 -0.9775 0.0506
vn 0.2053 -0.9783 0.0274
vn 0.2055 -0.9786 0.0035
vn 0.2054 -0.9785 -0.0206
vn 0.2050 -0.9778 -0.0439
vn 0.2042 -0.9767 -0.0660
vn 0.2032 -0.9754 -0.0858
vn 0.2020 -0.9740 -0.1020
vn 0.2005 -0.9733 -0.1122
vn 0.1684 -0.9809 -0.0971
vn 0.3503 -0.9146 -0.2018
vn 0.5031 -0.8141 -0.2900
vn 0.3763 -0.9024 -0.2098
vn 0.6255 -0.6916 -0.3612
vn 0.5228 -0.8012 -0.2913
vn 0.7193 -0.5557 -0.4168
vn 0.6399 -0.6806 -0.3569
vn 0.7879 -0.4110 -0.4586
vn 0.8336 -0.2591 -0.4878
vn 0.8416 -0.2588 -0.4741
vn -0.2082 -0.9712 0.1160
vn -0.7886 -0.4065 -0.4613
vn -0.8386 -0.2297 -0.4939
vn -0.8645 -0.0571 0.4994
vn 0.4780 0.8567 -0.1938
vn 0.6596 0.7049 -0.2609
vn 0.6431 0.7497 -0.1559
vn -0.6774 0.7355 -0.0115
vn -0.6748 0.7324 -0.0908
vn -0.3810 0.9232 -0.0510
vn -0.6760 0.7337 0.0681
vn -0.6685 0.7247 -0.1668
vn -0.3785 0.9157 -0.1353
vn -0.3800 0.9202 -0.0943
vn 0.9039 0.4003 -0.1508
vn 0.9750 0.2148 -0.0570
vn 0.9735 0.2148 -0.0784
vn 0.7549 0.6495 0.0913
vn 0.8408 0.5299 0.1110
vn 0.9212 0.3776 0.0937
vn 0.4480 0.8939 -0.0168
vn -0.2085 0.9321 -0.2962
vn -0.1081 0.8915 -0.4399
vn 0.2072 0.8957 -0.3936
vn -0.8667 0.4623 0.1875
vn -0.8784 0.4696 0.0885
vn -0.7160 0.6888 0.1137
vn -0.7123 0.6565 0.2481
vn -0.5139 0.8053 0.2956
vn -0.7178 0.6638 0.2101
vn -0.3144 0.9391 0.1386
vn -0.3059 0.9098 0.2804
vn -0.7935 -0.5999 0.1022
vn -0.7861 -0.5678 0.2442
vn -0.8985 -0.3998 0.1812
vn 0.9998 -0.0028 0.0184
vn 0.9756 -0.2118 0.0570
vn 0.9778 -0.2086 0.0216
vn 0.8436 0.5358 -0.0350
vn 0.9221 0.3836 0.0519
vn -0.1855 0.8691 -0.4584
vn 0.0552 0.9430 -0.3280
vn 0.1382 0.8916 -0.4313
vn 0.9726 -0.2179 -0.0808
vn 0.9739 -0.2136 -0.0761
vn 0.8942 -0.4253 -0.1397
vn 0.6178 0.7712 0.1536
vn 0.6085 0.7631 0.2176
vn 0.7548 0.5984 0.2686
vn -0.7350 0.5604 0.3816
vn -0.7510 0.5760 0.3228
vn -0.5284 0.8181 0.2269
vn 0.8907 0.0510 -0.4517
vn 0.9206 0.0467 -0.3876
vn 0.8844 -0.2842 -0.3704
vn 0.8958 0.4281 0.1192
vn 0.9449 0.2306 0.2322
vn 0.9640 0.2333 0.1278
vn 0.8853 0.4248 -0.1893
vn 0.8987 0.4294 -0.0896
vn 0.9675 0.2341 -0.0961
vn -0.9739 -0.2188 -0.0612
vn -0.9765 -0.2152 -0.0102
vn -0.9999 -0.0022 0.0155
vn -0.9726 -0.2083 0.1029
vn -0.9712 -0.2007 0.1283
vn -1.0000 0.0005 0.0077
vn -0.9740 -0.1944 0.1162
vn -0.9787 -0.1907 0.0756
vn -1.0000 0.0066 -0.0066
vn 0.8683 0.2248 -0.4421
vn -0.9999 0.0089 -0.0056
vn -0.9710 0.2361 0.0364
vn -0.8716 0.4576 0.1756
vn -0.8773 0.4737 0.0775
vn 1.0000 0.0034 0.0015
vn 1.0000 0.0068 -0.0035
vn 0.9738 -0.2206 0.0551
vn 0.9751 -0.2219 0.0067
vn 0.8842 -0.4596 -0.0835
vn 0.8884 -0.4587 0.0190
vn 0.6108 0.7681 0.1924
vn -0.1463 0.9780 0.1489
vn 0.9759 0.2124 0.0502
vn 0.9761 0.2126 0.0444
vn 0.9999 -0.0051 0.0091
vn -0.5237 0.8010 -0.2900
vn -0.8358 0.5434 0.0781
vn -0.6065 0.7873 0.1112
vn -0.8828 0.1162 0.4552
vn -0.8807 0.2861 0.3775
vn -0.8545 0.2730 0.4419
vn 0.6877 0.6734 -0.2714
vn 0.7254 0.6625 -0.1868
vn 0.8271 0.5423 -0.1478
vn 0.9441 -0.1314 -0.3024
vn 0.9690 -0.1374 -0.2055
vn 0.9099 -0.2956 -0.2908
vn 1.0000 0.0020 0.0014
vn 0.9776 -0.2091 -0.0238
vn 0.9790 -0.1997 -0.0412
vn 0.8866 -0.4302 0.1699
vn 0.7443 -0.6448 0.1739
vn 0.7538 -0.6090 0.2468
vn 0.8314 -0.5548 0.0309
vn 0.8123 -0.5660 0.1405
vn 0.6904 -0.7005 0.1805
vn -0.8956 -0.3794 0.2322
vn -0.9049 -0.3664 0.2165
vn -0.9804 -0.1932 -0.0377
vn -0.9765 -0.1956 -0.0907
vn -1.0000 0.0052 -0.0065
vn -0.7446 -0.6128 -0.2647
vn -0.5928 -0.6888 -0.4173
vn -0.8164 -0.4897 -0.3061
vn 0.8811 -0.4468 -0.1552
vn -0.2967 0.9498 -0.0997
vn -0.0738 0.9850 0.1563
vn -0.0844 0.9915 -0.0987
vn -0.2841 0.9465 0.1531
vn -0.1056 0.9417 0.3193
vn 0.9111 0.0470 0.4096
vn 0.8456 -0.4443 0.2959
vn -0.9768 -0.0417 0.2103
vn -0.9847 0.1435 0.0990
vn -0.9679 0.1396 0.2088
vn -0.9990 -0.0407 -0.0169
vn -0.9903 -0.0409 -0.1326
vn -0.9810 0.1428 -0.1317
vn -0.5321 0.8249 -0.1908
vn -0.3766 0.9102 -0.1724
vn 0.8599 0.2242 0.4585
vn -0.6023 -0.7629 -0.2350
vn -0.7863 -0.6142 -0.0664
vn -0.7674 -0.6133 -0.1870
vn -0.1987 0.9791 0.0423
vn 0.0039 1.0000 -0.0008
vn 0.0036 1.0000 -0.0016
vn 0.0021 1.0000 -0.0024
vn 0.0027 1.0000 -0.0025
vn 0.2152 0.9721 -0.0936
vn 0.6194 0.7559 0.2121
vn 0.7755 0.6216 0.1103
vn 0.7822 0.6020 0.1604
vn 0.8807 -0.4657 -0.0868
vn 0.6814 -0.7318 0.0113
vn 0.6800 -0.7302 -0.0670
vn 0.8781 -0.4644 0.1155
vn 0.6725 -0.7217 0.1638
vn 0.6788 -0.7288 0.0893
vn -0.9239 0.3057 -0.2302
vn -0.7677 -0.6124 -0.1886
vn -0.7523 -0.6030 -0.2654
vn -0.8562 -0.4181 -0.3033
vn 0.9209 0.3890 -0.0249
vn 0.9741 -0.2221 -0.0433
vn 0.7891 0.6034 -0.1155
vn 0.7923 0.5754 -0.2028
vn 0.9015 0.4102 -0.1378
vn 0.9726 -0.2161 0.0857
vn 0.8957 -0.4147 0.1603
vn 0.9024 0.4306 0.0151
vn -0.3814 0.9244 -0.0064
vn 0.6286 0.7777 -0.0062
vn 0.7832 0.6217 0.0024
vn 0.4248 0.8695 0.2521
vn 0.4264 0.8921 0.1493
vn 0.6150 0.7771 0.1339
vn -0.3753 0.9063 0.1944
vn -0.1986 0.9764 0.0843
vn -0.1986 0.9748 0.1021
vn 0.8307 -0.5452 -0.1124
vn 0.8320 -0.5493 -0.0782
vn 0.7244 -0.6822 -0.0993
vn 0.7220 -0.6909 0.0382
vn 0.5511 -0.8054 0.2183
vn 0.2670 0.9599 -0.0855
vn 0.3595 0.8888 -0.2842
vn -1.0000 -0.0032 0.0059
vn -0.9788 0.2009 0.0386
vn -0.9772 0.2006 0.0688
vn -0.8374 -0.5068 0.2047
vn -0.7688 -0.6347 0.0782
vn -0.9313 -0.3617 0.0436
vn -0.7697 -0.6288 -0.1099
vn -0.9292 -0.3636 -0.0662
vn -0.7189 0.6912 -0.0737
vn -0.4449 0.8923 -0.0762
vn -0.9999 -0.0031 0.0169
vn -0.9760 0.2047 -0.0742
vn -0.9795 0.2011 -0.0146
vn -0.7416 0.6048 0.2903
vn -0.9998 0.0032 -0.0183
vn 0.3211 0.9063 0.2747
vn -0.5694 0.7476 0.3418
vn -0.3830 0.8490 0.3641
vn -0.1146 0.9918 -0.0572
vn 0.1302 0.9573 -0.2580
vn 0.0673 0.9968 -0.0435
vn 0.9423 0.0441 0.3318
vn 0.9259 -0.3027 0.2259
vn 0.4195 0.8871 0.1928
vn 0.4139 0.8820 0.2252
vn 0.5856 0.7462 0.3167
vn -1.0000 0.0034 -0.0014
vn 0.7173 -0.6817 -0.1440
vn 0.5850 -0.7920 -0.1745
vn -0.9697 0.2245 -0.0958
vn -0.9718 0.2334 -0.0330
vn -0.8817 0.4681 -0.0592
vn -0.3225 0.8865 -0.3319
vn 0.6379 -0.7130 0.2911
vn 0.0355 0.9872 0.1553
vn 0.0368 0.9570 0.2879
vn 0.8838 -0.4677 0.0147
vn 0.9720 0.2346 0.0163
vn -0.9189 -0.0459 0.3918
vn 0.9998 -0.0029 -0.0209
vn -0.1987 0.9780 0.0641
vn -0.7670 0.5906 0.2510
vn -0.6708 0.7273 0.1452
vn -0.5336 0.8275 0.1744
vn -0.9501 -0.0433 0.3089
vn -0.9074 0.2981 0.2963
vn -0.8310 -0.4104 -0.3756
vn -0.8872 -0.2254 -0.4026
vn 0.7225 0.5833 -0.3711
vn 0.7416 0.5920 -0.3157
vn 0.8395 0.4104 -0.3560
vn 0.9512 0.0440 -0.3054
vn 0.9773 0.0424 -0.2078
vn 0.8596 -0.2715 -0.4329
vn 0.6565 -0.7028 -0.2739
vn -0.9334 0.1316 -0.3337
vn -0.6488 0.7001 -0.2981
vn -0.6594 0.7135 -0.2368
vn -0.9697 -0.0418 -0.2406
vn 0.6665 -0.7146 -0.2125
vn 0.8693 -0.4588 -0.1838
vn 0.6747 -0.7242 -0.1426
vn 0.0756 0.9486 0.3073
vn 0.1587 0.9366 0.3123
vn 0.2379 0.9280 0.2868
vn -0.9942 -0.0409 0.0997
vn -0.9893 0.1446 -0.0168
vn -0.6067 -0.7708 0.1943
vn -0.6143 -0.7782 0.1303
vn -0.7712 -0.6150 0.1644
vn -0.9177 -0.3630 -0.1612
vn 0.5354 0.8420 -0.0661
vn 0.5401 0.8329 0.1207
vn 0.7360 0.5885 0.3347
vn 0.0031 1.0000 0.0023
vn 0.0026 1.0000 0.0025
vn 0.2148 0.9715 0.0997
vn 0.5138 0.7991 -0.3122
vn 0.4255 0.8283 -0.3646
vn 0.2186 0.9758 0.0038
vn 0.4309 0.9005 0.0582
vn 0.4319 0.9019 0.0074
vn 0.2178 0.9748 -0.0478
vn 0.2184 0.9756 -0.0224
vn 0.4312 0.9012 -0.0436
vn 0.2129 0.9701 0.1168
vn 0.2176 0.9745 0.0551
vn 0.4244 0.8925 0.1526
vn 0.4283 0.8973 0.1072
vn 0.2183 0.9754 0.0298
vn 0.4154 0.8837 -0.2156
vn 0.6006 0.7571 -0.2569
vn 0.5889 0.7488 -0.3040
vn -0.6419 -0.7577 0.1175
vn -0.6235 -0.7762 -0.0936
vn 0.9764 0.2141 -0.0295
vn 1.0000 -0.0004 0.0090
vn 0.9999 -0.0024 0.0141
vn 0.9765 0.2150 0.0148
vn 0.0032 1.0000 -0.0022
vn 0.2167 0.9736 -0.0718
vn 0.7597 0.6017 -0.2465
vn 0.8645 0.4179 -0.2793
vn 0.6437 -0.6871 0.3369
vn 0.6467 -0.6906 -0.3238
vn -0.9705 0.2187 0.1020
vn -0.9720 -0.1942 -0.1326
vn -0.9044 0.3975 -0.1549
vn -0.8824 0.4071 -0.2359
vn -0.7511 0.5724 -0.3290
vn -0.5481 0.7285 -0.4109
vn -0.5968 0.6995 -0.3930
vn -0.7971 0.5627 -0.2192
vn -0.7343 -0.5929 -0.3305
vn -0.7164 -0.5850 -0.3802
vn -0.7229 0.6418 -0.2560
vn -0.5196 0.8492 -0.0942
vn -0.5291 0.7914 -0.3062
vn -0.7245 0.5969 -0.3447
vn -0.7216 -0.5877 0.3659
vn -0.8386 -0.4132 0.3551
vn -0.8138 -0.4071 0.4147
vn -0.8816 0.4717 -0.0150
vn -0.6190 -0.7830 0.0612
vn -0.7827 -0.6223 -0.0131
vn -0.7802 -0.6207 0.0775
vn -0.8723 0.4217 -0.2476
vn 0.5818 -0.7644 -0.2779
vn 0.2737 0.9510 0.1439
vn -0.6891 -0.6297 0.3585
vn 0.9816 -0.1405 0.1295
vn 0.9852 -0.1412 -0.0974
vn 0.9498 -0.3124 0.0158
vn -0.4156 -0.8697 -0.2662
vn -0.4264 -0.8970 -0.1165
vn -0.4845 -0.8154 0.3167
vn -0.5117 -0.7509 0.4176
vn -0.6569 -0.6535 0.3760
vn -0.3747 0.9045 -0.2037
vn -0.1986 0.9742 -0.1072
vn -0.6386 0.6864 -0.3480
vn 0.8800 0.4226 0.2169
vn 0.9182 0.2273 0.3243
vn 0.5650 -0.7941 0.2239
vn 0.3328 -0.9411 0.0600
vn 0.3723 -0.8899 0.2637
vn 0.5922 -0.7430 0.3119
vn 0.6635 -0.7113 0.2319
vn -0.3812 0.9237 0.0382
vn 0.0925 -0.9805 -0.1734
vn 0.1252 -0.9894 0.0730
vn -0.8721 0.2827 -0.3993
vn -0.0140 0.9392 0.3431
vn -0.2860 0.9558 -0.0687
vn 0.4821 -0.8059 0.3437
vn 0.2449 -0.8819 0.4029
vn 0.8070 0.4025 0.4322
vn 0.8318 0.4076 0.3767
vn -0.3543 -0.8244 0.4415
vn 0.6198 0.7733 -0.1337
vn 0.7840 0.6157 -0.0784
vn 0.7746 0.6102 -0.1663
vn 0.6113 0.7659 -0.1992
vn -0.8758 0.4682 -0.1178
vn -0.9051 -0.3583 -0.2289
vn 0.9805 0.1946 0.0268
vn 0.9778 0.2047 0.0452
vn 0.3056 -0.8958 -0.3228
vn 0.3858 -0.8577 -0.3399
vn 0.1922 -0.9003 -0.3905
vn -0.9159 0.3817 0.1244
vn 0.3037 -0.9380 -0.1671
vn 0.1026 -0.9329 -0.3451
vn 0.6532 -0.6991 0.2908
vn 0.9768 0.2135 -0.0149
vn 0.9773 0.2102 0.0258
vn 1.0000 0.0068 -0.0059
vn 0.9999 0.0046 -0.0127
vn -0.6203 -0.7843 -0.0103
vn -0.7783 -0.6193 -0.1032
vn -0.5971 -0.7620 0.2505
vn -0.7570 -0.6063 0.2436
vn 0.1039 0.9902 -0.0933
vn 0.1122 0.9819 0.1523
vn -0.7396 -0.5964 0.3118
vn -0.5866 -0.7539 0.2960
vn -0.6181 -0.7819 -0.0816
vn -0.6125 -0.7761 -0.1497
vn -0.4583 -0.8804 0.1217
vn -0.6458 -0.7066 0.2893
vn 0.4192 -0.8318 0.3638
vn 0.9186 -0.3916 -0.0531
vn 0.9188 -0.3939 0.0255
vn -0.9212 0.3845 0.0593
vn -0.9202 0.3893 -0.0417
vn 0.9201 -0.3837 -0.0786
vn 0.2568 0.9660 -0.0295
vn 0.2284 0.9610 0.1560
vn 0.8048 0.5532 -0.2150
vn 0.3045 0.9248 -0.2282
vn -0.8306 0.5535 -0.0616
vn -0.9443 -0.2319 -0.2337
vn -0.9173 -0.2283 -0.3261
vn -0.9410 -0.0434 -0.3356
vn -0.9091 -0.0462 -0.4140
vn -0.1956 0.9113 0.3623
vn -0.1987 0.9775 -0.0703
vn -0.1987 0.9788 -0.0488
vn 0.2274 0.9338 0.2763
vn 0.9102 -0.4021 0.0992
vn -0.2210 -0.9662 -0.1328
vn -0.2593 -0.9589 0.1148
vn 0.8575 0.4151 0.3039
vn 0.8882 0.2246 0.4007
vn 0.9131 0.3939 -0.1049
vn 0.5324 -0.8168 -0.2223
vn 0.5379 -0.8253 -0.1717
vn 0.3837 -0.9152 -0.1229
vn 0.3857 -0.9190 -0.0819
vn -0.8067 -0.5108 0.2970
vn -0.9208 -0.3615 0.1463
vn -1.0000 0.0079 -0.0032
vn -0.9815 -0.1903 0.0204
vn 0.5363 -0.8229 0.1876
vn 0.3805 -0.9090 0.1699
vn 0.3830 -0.9139 0.1344
vn -0.9065 -0.4150 0.0784
vn -0.9053 -0.4230 -0.0379
vn 0.9704 0.0424 0.2378
vn 0.9905 0.0415 0.1310
vn 0.7797 -0.5826 0.2296
vn 0.3813 -0.9106 -0.1596
vn 0.5268 -0.8080 -0.2638
vn -0.4340 0.7918 -0.4297
vn -0.5229 0.8080 0.2716
vn 0.3787 -0.9058 -0.1900
vn 0.9039 0.4215 -0.0731
vn 0.9027 0.4301 0.0096
vn 0.8998 0.4291 0.0795
vn -0.6674 0.6964 -0.2638
vn -0.1986 0.9759 -0.0902
vn -0.3049 0.8979 0.3176
vn -0.8948 -0.4280 -0.1272
vn 1.0000 0.0081 -0.0044
vn -0.9759 -0.2125 0.0490
vn -0.3641 0.8171 -0.4470
vn -0.1244 0.9332 -0.3373
vn 0.9023 0.4182 0.1045
vn 0.9745 0.2142 -0.0665
vn 0.7170 0.5805 0.3859
vn -0.3080 -0.8932 0.3274
vn 0.7233 -0.6524 -0.2265
vn 0.7591 -0.6165 -0.2090
vn 0.3852 -0.9180 0.0942
vn -0.8808 0.4250 0.2088
vn -0.7870 -0.5305 0.3149
vn 0.9719 -0.2189 0.0861
vn 0.1810 -0.9387 0.2933
vn -0.9999 -0.0025 0.0151
vn 0.5252 -0.8054 0.2748
vn 0.9249 0.3738 0.0700
vn 0.8871 -0.4468 0.1160
vn 0.7387 -0.6733 0.0324
vn -0.9692 0.2308 0.0863
vn -0.7253 0.6838 -0.0805
vn -0.5071 0.8505 0.1395
vn 0.5443 -0.8376 0.0463
vn 0.5235 -0.8387 -0.1500
vn 0.5204 -0.8053 -0.2840
vn 0.7276 -0.6753 -0.1212
vn -0.9680 0.2160 -0.1278
vn -0.8765 0.4452 -0.1830
vn -0.9704 0.2101 -0.1190
vn -0.4185 -0.8964 -0.1461
vn -0.4148 -0.8910 -0.1846
vn -0.5942 -0.7590 -0.2661
vn -0.5836 -0.7513 -0.3081
# 791 vertex normals

o Group22992
g Group22992
s off
f 1//1 2//1 3//1 
f 1//1 3//1 4//1 
f 1//1 4//1 5//1 
f 1//1 5//1 6//1 
f 1//1 6//1 7//1 
f 1//1 7//1 8//1 
f 1//1 8//1 9//1 
f 1//1 9//1 10//1 
f 1//1 10//1 11//1 
f 1//1 11//1 12//1 
f 1//1 12//1 13//1 
f 1//1 13//1 14//1 
f 1//1 14//1 15//1 
f 1//1 15//1 16//1 
f 1//1 16//1 17//1 
f 1//1 17//1 18//1 
f 1//1 18//1 19//1 
f 1//1 19//1 20//1 
f 1//1 20//1 21//1 
f 1//1 21//1 22//1 
f 1//1 22//1 23//1 
f 1//1 23//1 24//1 
f 1//1 24//1 25//1 
f 1//1 25//1 26//1 
f 1//1 26//1 27//1 
f 1//1 27//1 28//1 
f 1//1 28//1 29//1 
f 1//1 29//1 30//1 
f 1//1 30//1 31//1 
f 1//1 31//1 32//1 
f 1//1 32//1 33//1 
f 1//1 33//1 2//1 
f 34//2 35//2 36//2 
f 36//2 35//2 37//2 
f 37//2 35//2 38//2 
f 38//2 35//2 39//2 
f 39//2 35//2 40//2 
f 40//2 35//2 41//2 
f 41//2 35//2 42//2 
f 42//2 35//2 43//2 
f 43//2 35//2 44//2 
f 44//2 35//2 45//2 
f 45//2 35//2 46//2 
f 46//2 35//2 47//2 
f 47//2 35//2 48//2 
f 48//2 35//2 49//2 
f 49//2 35//2 50//2 
f 50//2 35//2 51//2 
f 51//2 35//2 52//2 
f 52//2 35//2 53//2 
f 53//2 35//2 54//2 
f 54//2 35//2 55//2 
f 55//2 35//2 56//2 
f 56//2 35//2 57//2 
f 57//2 35//2 58//2 
f 58//2 35//2 59//2 
f 59//2 35//2 60//2 
f 60//2 35//2 61//2 
f 61//2 35//2 62//2 
f 62//2 35//2 63//2 
f 63//2 35//2 64//2 
f 64//2 35//2 65//2 
f 65//2 35//2 66//2 
f 66//2 35//2 34//2 
f 33//3 67//4 2//5 
f 33//3 68//6 67//4 
f 32//7 68//6 33//3 
f 68//6 69//8 67//4 
f 31//9 70//10 32//7 
f 71//11 72//12 69//8 
f 30//13 70//14 31//9 
f 73//15 74//16 72//12 
f 29//17 75//18 30//13 
f 76//19 77//20 74//16 
f 28//21 75//22 29//17 
f 78//23 79//24 77//20 
f 27//25 80//26 28//21 
f 81//27 82//28 79//24 
f 26//29 80//30 27//25 
f 83//31 84//32 82//28 
f 85//33 86//34 84//32 
f 87//35 88//36 86//34 
f 89//37 90//38 88//36 
f 91//39 92//40 90//38 
f 93//41 94//42 92//40 
f 95//43 34//44 94//42 
f 95//43 66//3 34//44 
f 96//45 65//7 66//3 
f 96//46 64//9 65//7 
f 97//47 63//13 64//9 
f 97//48 62//17 63//13 
f 98//49 61//21 62//17 
f 98//50 60//25 61//21 
f 99//51 59//29 60//25 
f 99//52 58//53 59//29 
f 99//54 57//55 58//53 
f 100//56 56//57 57//55 
f 100//58 55//59 56//57 
f 101//60 54//61 55//59 
f 101//62 53//63 54//61 
f 102//64 52//65 53//63 
f 102//66 51//67 52//65 
f 103//68 50//69 51//67 
f 103//70 49//71 50//69 
f 104//72 48//73 49//71 
f 104//74 47//75 48//73 
f 105//76 46//77 47//75 
f 105//78 45//79 46//77 
f 106//80 44//81 45//79 
f 106//82 43//83 44//81 
f 107//84 42//85 43//83 
f 107//86 41//87 42//85 
f 108//88 40//89 41//87 
f 108//88 39//90 40//89 
f 108//91 38//92 39//90 
f 109//93 37//94 38//92 
f 109//95 36//96 37//94 
f 94//42 36//96 109//95 
f 94//42 34//44 36//96 
f 92//40 94//42 109//95 
f 90//38 92//40 110//97 
f 88//36 90//38 111//98 
f 86//34 88//36 112//99 
f 84//32 86//34 113//100 
f 82//28 84//32 114//101 
f 79//24 82//28 115//102 
f 77//20 79//24 116//103 
f 74//16 77//20 117//104 
f 72//12 74//16 118//105 
f 69//8 72//12 119//106 
f 67//4 69//8 120//107 
f 2//5 67//4 121//108 
f 2//5 121//108 3//109 
f 3//109 121//108 4//110 
f 4//110 122//111 5//112 
f 5//112 122//113 6//114 
f 6//114 123//115 7//116 
f 7//116 123//117 8//118 
f 8//118 124//119 9//120 
f 9//120 124//121 10//122 
f 10//122 125//123 11//124 
f 11//124 125//125 12//126 
f 12//126 126//127 13//128 
f 13//128 126//129 14//130 
f 14//130 126//129 15//131 
f 15//131 127//132 16//133 
f 25//53 128//134 26//29 
f 24//135 128//136 25//53 
f 23//137 129//138 24//135 
f 22//139 129//140 23//137 
f 21//141 130//142 22//139 
f 20//143 130//144 21//141 
f 19//145 131//146 20//143 
f 18//147 131//148 19//145 
f 17//149 127//150 18//147 
f 16//133 127//132 17//149 
f 132//151 133//152 134//152 
f 132//151 134//152 135//153 
f 132//151 135//153 136//154 
f 132//151 136//154 137//154 
f 132//151 137//154 138//155 
f 132//151 138//155 139//155 
f 132//151 139//155 140//156 
f 132//151 140//156 141//156 
f 132//151 141//156 142//157 
f 132//151 142//157 143//157 
f 132//151 143//157 144//158 
f 132//151 144//158 145//158 
f 132//151 145//158 146//159 
f 132//151 146//159 147//159 
f 132//151 147//159 148//160 
f 132//151 148//160 149//161 
f 132//151 149//161 150//161 
f 132//151 150//161 151//162 
f 132//151 151//162 152//163 
f 132//151 152//163 153//164 
f 132//151 153//164 154//165 
f 132//151 154//165 155//166 
f 132//151 156//167 157//168 
f 132//151 157//168 158//168 
f 132//151 158//168 159//169 
f 132//151 159//169 160//170 
f 132//151 160//170 161//171 
f 132//151 161//171 162//172 
f 132//151 162//172 163//173 
f 132//151 163//173 133//152 
f 164//174 165//175 166//176 
f 166//176 165//175 167//176 
f 167//176 165//175 168//176 
f 168//176 165//175 169//177 
f 169//177 165//175 170//177 
f 170//177 165//175 171//178 
f 171//178 165//175 172//178 
f 172//178 165//175 173//179 
f 173//179 165//175 174//179 
f 174//179 165//175 175//180 
f 175//180 165//175 176//180 
f 176//180 165//175 177//181 
f 177//181 165//175 178//181 
f 178//181 165//175 179//181 
f 179//181 165//175 180//182 
f 180//182 165//175 181//183 
f 181//183 165//175 182//183 
f 182//183 165//175 183//184 
f 183//184 165//175 184//184 
f 184//184 165//175 185//185 
f 185//185 165//175 186//185 
f 186//185 165//175 187//186 
f 187//186 165//175 188//187 
f 188//187 165//175 189//188 
f 189//188 165//175 190//189 
f 190//189 165//175 191//190 
f 191//190 165//175 192//191 
f 192//191 165//175 193//192 
f 193//192 165//175 194//193 
f 194//193 165//175 195//193 
f 195//193 165//175 196//194 
f 196//194 165//175 164//174 
f 132//151 155//166 197//195 
f 155//166 198//196 197//195 
f 154//197 199//198 155//166 
f 153//199 199//200 154//197 
f 152//201 199//202 153//199 
f 151//203 199//204 152//201 
f 150//205 200//206 151//203 
f 149//207 200//208 150//205 
f 148//209 200//210 149//207 
f 147//211 200//212 148//209 
f 146//213 201//214 147//211 
f 145//215 201//216 146//213 
f 144//217 201//218 145//215 
f 143//219 201//218 144//217 
f 142//220 201//218 143//219 
f 141//221 201//218 142//220 
f 140//222 202//223 141//221 
f 139//224 202//223 140//222 
f 138//225 202//223 139//224 
f 137//226 202//227 138//225 
f 136//228 202//229 137//226 
f 135//230 202//231 136//228 
f 134//232 203//233 135//230 
f 133//234 203//235 134//232 
f 133//234 204//236 203//235 
f 204//236 205//237 203//235 
f 205//237 206//238 207//239 
f 206//238 208//240 209//241 
f 208//240 210//242 211//243 
f 210//242 212//244 213//245 
f 212//244 214//246 215//247 
f 214//246 216//248 217//249 
f 216//248 218//250 219//251 
f 218//250 220//252 221//253 
f 220//252 222//254 223//255 
f 222//254 224//256 225//257 
f 224//256 226//258 227//259 
f 226//258 166//260 227//259 
f 226//258 164//261 166//260 
f 227//259 166//260 167//262 
f 227//263 167//262 168//264 
f 227//265 168//264 169//266 
f 227//267 169//266 170//268 
f 228//269 170//268 171//270 
f 228//271 171//270 172//272 
f 228//271 172//272 173//273 
f 228//274 173//273 174//275 
f 229//276 174//275 175//277 
f 229//276 175//277 176//278 
f 229//279 176//278 177//280 
f 230//281 177//280 178//282 
f 230//283 178//282 179//284 
f 230//285 179//284 180//286 
f 231//287 180//286 181//288 
f 231//289 181//288 182//290 
f 231//291 182//290 183//292 
f 231//293 183//292 184//294 
f 232//295 184//294 185//296 
f 232//297 185//296 186//298 
f 232//299 186//298 187//186 
f 232//300 187//186 188//187 
f 232//300 188//187 189//188 
f 233//301 189//188 190//189 
f 233//302 190//189 191//303 
f 233//304 191//303 192//305 
f 234//306 192//305 193//307 
f 234//306 193//307 194//308 
f 234//309 194//308 195//310 
f 234//311 195//310 196//312 
f 234//313 196//312 164//261 
f 234//313 164//261 226//258 
f 235//314 226//258 224//256 
f 236//315 224//256 222//254 
f 237//316 222//254 220//252 
f 238//317 220//252 218//250 
f 239//318 218//250 216//248 
f 240//319 216//248 214//246 
f 241//320 214//246 212//244 
f 242//321 212//244 210//242 
f 243//322 210//242 208//240 
f 244//323 208//240 206//238 
f 245//324 206//238 205//237 
f 246//325 205//237 204//236 
f 163//326 246//325 204//236 
f 163//326 204//236 133//234 
f 162//327 246//325 163//326 
f 161//328 246//329 162//327 
f 160//330 246//331 161//328 
f 159//332 246//333 160//330 
f 158//334 246//333 159//332 
f 157//335 198//336 158//334 
f 156//167 198//336 157//335 
f 197//195 198//196 156//167 
f 132//151 197//195 156//167 
f 247//151 248//152 249//152 
f 247//151 249//152 250//153 
f 247//151 250//153 251//154 
f 247//151 251//154 252//154 
f 247//151 252//154 253//155 
f 247//151 253//155 254//155 
f 247//151 254//155 255//156 
f 247//151 255//156 256//156 
f 247//151 256//156 257//157 
f 247//151 257//157 258//157 
f 247//151 258//157 259//158 
f 247//151 259//158 260//158 
f 247//151 260//158 261//159 
f 247//151 261//159 262//159 
f 247//151 262//159 263//160 
f 247//151 263//160 264//161 
f 247//151 264//161 265//161 
f 247//151 265//161 266//162 
f 247//151 266//162 267//163 
f 247//151 267//163 268//164 
f 247//151 268//164 269//165 
f 247//151 269//165 270//166 
f 247//151 271//167 272//168 
f 247//151 272//168 273//168 
f 247//151 273//168 274//169 
f 247//151 274//169 275//170 
f 247//151 275//170 276//171 
f 247//151 276//171 277//172 
f 247//151 277//172 278//173 
f 247//151 278//173 248//152 
f 279//174 280//175 281//176 
f 281//176 280//175 282//176 
f 282//176 280//175 283//176 
f 283//176 280//175 284//177 
f 284//177 280//175 285//177 
f 285//177 280//175 286//178 
f 286//178 280//175 287//178 
f 287//178 280//175 288//179 
f 288//179 280//175 289//179 
f 289//179 280//175 290//180 
f 290//180 280//175 291//180 
f 291//180 280//175 292//181 
f 292//181 280//175 293//181 
f 293//181 280//175 294//181 
f 294//181 280//175 295//182 
f 295//182 280//175 296//183 
f 296//183 280//175 297//183 
f 297//183 280//175 298//184 
f 298//184 280//175 299//184 
f 299//184 280//175 300//185 
f 300//185 280//175 301//185 
f 301//185 280//175 302//186 
f 302//186 280//175 303//187 
f 303//187 280//175 304//188 
f 304//188 280//175 305//189 
f 305//189 280//175 306//190 
f 306//190 280//175 307//191 
f 307//191 280//175 308//192 
f 308//192 280//175 309//193 
f 309//193 280//175 310//193 
f 310//193 280//175 311//194 
f 311//194 280//175 279//174 
f 247//151 270//166 312//195 
f 270//166 313//196 312//195 
f 269//197 314//198 270//166 
f 268//199 314//200 269//197 
f 267//201 314//202 268//199 
f 266//203 314//204 267//201 
f 265//205 315//206 266//203 
f 264//207 315//208 265//205 
f 263//209 315//210 264//207 
f 262//211 315//212 263//209 
f 261//213 316//214 262//211 
f 260//215 316//216 261//213 
f 259//217 317//218 260//215 
f 258//219 317//218 259//217 
f 257//220 317//218 258//219 
f 256//221 317//218 257//220 
f 255//222 318//223 256//221 
f 254//224 318//223 255//222 
f 253//225 318//223 254//224 
f 252//226 318//227 253//225 
f 251//228 318//229 252//226 
f 250//230 318//231 251//228 
f 249//232 319//233 250//230 
f 248//234 319//337 249//232 
f 248//234 320//236 319//337 
f 320//236 321//237 322//235 
f 321//237 323//238 324//239 
f 323//238 325//240 326//241 
f 325//240 327//242 328//243 
f 327//242 329//244 330//245 
f 329//244 331//246 332//247 
f 331//246 333//248 334//249 
f 333//248 335//250 336//251 
f 335//250 337//252 338//253 
f 337//252 339//254 340//255 
f 339//254 341//256 342//257 
f 341//256 343//258 344//259 
f 343//258 281//260 344//259 
f 343//258 279//261 281//260 
f 344//259 281//260 282//262 
f 344//263 282//262 283//264 
f 344//265 283//264 284//266 
f 344//267 284//266 285//268 
f 345//338 285//268 286//270 
f 345//339 286//270 287//272 
f 346//271 287//272 288//273 
f 346//274 288//273 289//275 
f 347//276 289//275 290//277 
f 347//276 290//277 291//278 
f 347//279 291//278 292//280 
f 348//281 292//280 293//282 
f 348//283 293//282 294//284 
f 348//285 294//284 295//286 
f 349//287 295//286 296//288 
f 349//289 296//288 297//290 
f 349//291 297//290 298//292 
f 349//293 298//292 299//294 
f 350//295 299//294 300//296 
f 350//297 300//296 301//298 
f 350//299 301//298 302//186 
f 350//300 302//186 303//187 
f 350//300 303//187 304//188 
f 351//301 304//188 305//189 
f 351//302 305//189 306//303 
f 351//304 306//303 307//305 
f 352//306 307//305 308//307 
f 352//306 308//307 309//308 
f 352//309 309//308 310//310 
f 352//311 310//310 311//312 
f 352//313 311//312 279//261 
f 352//313 279//261 343//258 
f 353//314 343//258 341//256 
f 354//315 341//256 339//254 
f 355//316 339//254 337//252 
f 356//317 337//252 335//250 
f 357//318 335//250 333//248 
f 358//319 333//248 331//246 
f 359//320 331//246 329//244 
f 360//321 329//244 327//242 
f 361//322 327//242 325//240 
f 362//323 325//240 323//238 
f 363//324 323//238 321//237 
f 364//325 321//237 320//236 
f 278//326 364//325 320//236 
f 278//326 320//236 248//234 
f 277//327 364//325 278//326 
f 276//328 364//329 277//327 
f 275//330 364//331 276//328 
f 274//332 364//333 275//330 
f 273//334 364//333 274//332 
f 272//335 313//336 273//334 
f 271//167 313//336 272//335 
f 312//195 313//196 271//167 
f 247//151 312//195 271//167 
f 365//151 366//152 367//152 
f 365//151 367//152 368//153 
f 365//151 368//153 369//154 
f 365//151 369//154 370//154 
f 365//151 370//154 371//155 
f 365//151 371//155 372//155 
f 365//151 372//155 373//156 
f 365//151 373//156 374//156 
f 365//151 374//156 375//157 
f 365//151 375//157 376//157 
f 365//151 376//157 377//158 
f 365//151 377//158 378//158 
f 365//151 378//158 379//159 
f 365//151 379//159 380//159 
f 365//151 380//159 381//160 
f 365//151 381//160 382//161 
f 365//151 382//161 383//161 
f 365//151 383//161 384//162 
f 365//151 384//162 385//163 
f 365//151 385//163 386//164 
f 365//151 386//164 387//165 
f 365//151 387//165 388//166 
f 365//151 389//167 390//168 
f 365//151 390//168 391//168 
f 365//151 391//168 392//169 
f 365//151 392//169 393//170 
f 365//151 393//170 394//171 
f 365//151 394//171 395//172 
f 365//151 395//172 396//173 
f 365//151 396//173 366//152 
f 397//174 398//175 399//176 
f 399//176 398//175 400//176 
f 400//176 398//175 401//176 
f 401//176 398//175 402//177 
f 402//177 398//175 403//177 
f 403//177 398//175 404//178 
f 404//178 398//175 405//178 
f 405//178 398//175 406//179 
f 406//179 398//175 407//179 
f 407//179 398//175 408//180 
f 408//180 398//175 409//180 
f 409//180 398//175 410//181 
f 410//181 398//175 411//181 
f 411//181 398//175 412//181 
f 412//181 398//175 413//182 
f 413//182 398//175 414//183 
f 414//183 398//175 415//183 
f 415//183 398//175 416//184 
f 416//184 398//175 417//184 
f 417//184 398//175 418//185 
f 418//185 398//175 419//185 
f 419//185 398//175 420//186 
f 420//186 398//175 421//187 
f 421//187 398//175 422//188 
f 422//188 398//175 423//189 
f 423//189 398//175 424//190 
f 424//190 398//175 425//191 
f 425//191 398//175 426//192 
f 426//192 398//175 427//193 
f 427//193 398//175 428//193 
f 428//193 398//175 429//194 
f 429//194 398//175 397//174 
f 365//151 388//166 430//195 
f 388//166 431//196 430//195 
f 387//197 432//198 388//166 
f 386//199 432//200 387//197 
f 385//201 432//202 386//199 
f 384//203 432//204 385//201 
f 383//205 433//206 384//203 
f 382//207 433//208 383//205 
f 381//209 433//210 382//207 
f 380//211 433//212 381//209 
f 379//213 434//214 380//211 
f 378//215 434//216 379//213 
f 377//217 435//218 378//215 
f 376//219 435//218 377//217 
f 375//220 435//218 376//219 
f 374//221 435//218 375//220 
f 373//222 436//340 374//221 
f 372//224 436//340 373//222 
f 371//225 437//223 372//224 
f 370//226 437//227 371//225 
f 369//228 437//229 370//226 
f 368//230 437//231 369//228 
f 367//232 438//233 368//230 
f 366//234 438//337 367//232 
f 366//234 439//236 438//337 
f 439//236 440//237 441//235 
f 440//237 442//238 443//239 
f 442//238 444//240 445//241 
f 444//240 446//242 447//243 
f 446//242 448//244 449//245 
f 448//244 450//246 451//247 
f 450//246 452//248 453//249 
f 452//248 454//250 455//251 
f 454//250 456//252 457//253 
f 456//252 458//254 459//255 
f 458//254 460//256 461//257 
f 460//256 462//258 463//259 
f 462//258 399//260 463//259 
f 462//258 397//261 399//260 
f 463//259 399//260 400//262 
f 463//263 400//262 401//264 
f 463//265 401//264 402//266 
f 463//267 402//266 403//268 
f 464//338 403//268 404//270 
f 464//339 404//270 405//272 
f 465//271 405//272 406//273 
f 465//274 406//273 407//275 
f 466//276 407//275 408//277 
f 466//276 408//277 409//278 
f 466//279 409//278 410//280 
f 467//281 410//280 411//282 
f 467//283 411//282 412//284 
f 467//285 412//284 413//286 
f 468//287 413//286 414//288 
f 468//289 414//288 415//290 
f 468//291 415//290 416//292 
f 468//293 416//292 417//294 
f 469//295 417//294 418//296 
f 469//297 418//296 419//298 
f 470//299 419//298 420//186 
f 470//300 420//186 421//187 
f 470//300 421//187 422//188 
f 471//301 422//188 423//189 
f 471//302 423//189 424//303 
f 471//304 424//303 425//305 
f 472//306 425//305 426//307 
f 472//306 426//307 427//308 
f 472//309 427//308 428//310 
f 473//311 428//310 429//312 
f 473//313 429//312 397//261 
f 473//313 397//261 462//258 
f 474//314 462//258 460//256 
f 475//315 460//256 458//254 
f 476//316 458//254 456//252 
f 477//317 456//252 454//250 
f 478//318 454//250 452//248 
f 479//319 452//248 450//246 
f 480//320 450//246 448//244 
f 481//321 448//244 446//242 
f 482//322 446//242 444//240 
f 483//323 444//240 442//238 
f 484//324 442//238 440//237 
f 485//325 440//237 439//236 
f 396//326 485//325 439//236 
f 396//326 439//236 366//234 
f 395//327 485//325 396//326 
f 394//328 485//329 395//327 
f 393//330 486//331 394//328 
f 392//332 486//333 393//330 
f 391//334 486//333 392//332 
f 390//335 431//336 391//334 
f 389//167 431//336 390//335 
f 430//195 431//196 389//167 
f 365//151 430//195 389//167 
f 15//131 126//129 127//132 
f 74//16 117//104 118//105 
f 229//279 177//280 230//281 
f 244//323 243//322 208//240 
f 83//31 85//33 84//32 
f 487//341 488//342 489//343 
f 466//279 410//280 467//281 
f 483//323 482//322 444//240 
f 99//51 60//25 98//50 
f 86//34 112//99 113//100 
f 490//344 491//345 492//346 
f 444//240 447//243 445//241 
f 325//240 328//243 326//241 
f 357//318 356//317 335//250 
f 208//240 211//243 209//241 
f 493//347 494//345 495//346 
f 496//348 497//349 498//350 
f 478//318 477//317 454//250 
f 362//323 361//322 325//240 
f 499//344 500//345 501//346 
f 502//348 503//349 504//350 
f 347//279 292//280 348//281 
f 239//318 238//317 218//250 
f 505//348 506//349 507//350 
f 508//351 509//352 510//353 
f 511//354 512//355 513//356 
f 76//19 78//23 77//20 
f 514//357 487//341 489//343 
f 84//32 113//100 114//101 
f 515//358 516//359 517//360 
f 518//361 519//362 520//347 
f 374//221 436//340 435//218 
f 521//363 522//364 523//365 
f 105//76 47//75 104//74 
f 524//366 525//367 526//368 
f 527//369 528//370 529//371 
f 26//29 128//134 80//30 
f 530//372 531//373 532//374 
f 533//375 511//354 534//376 
f 535//377 536//378 537//379 
f 538//380 539//381 540//382 
f 87//35 89//37 88//36 
f 256//221 318//223 317//218 
f 541//361 542//362 543//347 
f 470//300 422//188 471//301 
f 544//383 545//384 546//385 
f 547//386 548//387 549//388 
f 550//389 551//390 552//391 
f 450//246 453//249 451//247 
f 491//345 496//348 498//350 
f 141//221 202//223 201//218 
f 553//361 554//362 493//347 
f 350//300 304//188 351//301 
f 555//383 556//384 557//385 
f 558//392 559//393 560//394 
f 561//395 562//396 563//397 
f 564//389 565//390 566//391 
f 567//386 568//387 569//388 
f 500//345 502//348 504//350 
f 331//246 334//249 332//247 
f 6//114 122//113 123//115 
f 570//398 571//399 572//400 
f 529//401 573//402 574//403 
f 575//404 576//405 577//406 
f 232//300 189//188 233//301 
f 578//383 506//384 579//385 
f 580//407 551//390 550//389 
f 388//166 432//198 431//196 
f 576//405 581//408 577//406 
f 582//409 522//410 521//411 
f 510//412 509//413 583//414 
f 584//415 585//416 586//417 
f 587//392 588//393 589//394 
f 590//395 591//396 592//397 
f 102//64 53//63 101//62 
f 593//418 512//355 511//354 
f 465//274 407//275 466//276 
f 454//250 457//253 455//251 
f 107//84 43//83 106//82 
f 88//36 111//98 112//99 
f 594//389 595//390 596//391 
f 597//386 598//387 599//388 
f 214//246 217//249 215//247 
f 494//345 505//348 507//350 
f 526//368 525//367 600//419 
f 601//420 602//421 603//422 
f 604//407 565//390 564//389 
f 270//166 314//198 313//196 
f 605//423 516//359 515//358 
f 524//366 606//424 607//425 
f 608//392 609//393 610//394 
f 611//395 612//396 613//397 
f 614//426 615//427 616//428 
f 442//238 445//241 443//239 
f 516//359 537//379 517//360 
f 617//429 618//430 619//431 
f 620//432 621//433 622//434 
f 480//320 479//319 450//246 
f 71//11 73//15 72//12 
f 601//435 603//436 623//437 
f 346//274 289//275 347//276 
f 335//250 338//253 336//251 
f 624//438 625//439 626//440 
f 627//441 628//442 629//443 
f 79//24 115//102 116//103 
f 573//444 630//445 575//404 
f 631//407 595//390 594//389 
f 155//166 199//198 198//196 
f 632//446 633//447 634//448 
f 635//449 636//450 637//451 
f 91//39 93//41 92//40 
f 538//380 540//382 638//452 
f 639//453 640//454 641//455 
f 642//456 643//457 640//454 
f 644//458 471//304 645//459 
f 476//316 475//315 458//254 
f 646//426 647//427 648//428 
f 323//238 326//241 324//239 
f 649//432 650//433 651//434 
f 359//320 358//319 331//246 
f 652//460 519//461 518//462 
f 653//463 654//464 655//465 
f 228//274 174//275 229//276 
f 218//250 221//253 219//251 
f 656//466 657//467 497//349 
f 644//458 658//468 471//301 
f 69//8 119//106 120//107 
f 659//469 660//470 661//471 
f 662//472 663//473 664//474 
f 665//475 549//476 666//477 
f 667//478 668//479 669//480 
f 22//139 130//142 129//140 
f 670//481 479//482 480//483 
f 671//484 672//485 478//486 
f 673//426 598//427 674//428 
f 206//238 209//241 207//239 
f 675//458 351//304 676//459 
f 355//316 354//315 339//254 
f 654//464 677//487 655//465 
f 678//488 457//489 679//490 
f 680//432 681//433 596//391 
f 241//320 240//319 214//246 
f 533//375 534//376 682//491 
f 584//415 683//492 585//416 
f 489//493 488//494 684//495 
f 531//373 685//496 686//497 
f 687//460 542//461 541//462 
f 688//463 689//464 690//465 
f 675//458 691//468 351//301 
f 692//466 693//467 503//349 
f 694//472 695//473 696//474 
f 697//475 569//476 698//477 
f 699//498 558//392 560//394 
f 490//344 492//346 700//499 
f 514//500 489//493 701//501 
f 667//502 702//503 668//504 
f 380//211 434//214 433//212 
f 547//505 549//506 665//507 
f 703//508 704//509 705//510 
f 627//511 629//512 76//19 
f 618//430 533//375 619//431 
f 536//378 706//513 707//514 
f 10//122 124//121 125//123 
f 570//515 572//516 708//517 
f 709//518 710//519 711//520 
f 710//519 712//521 632//522 
f 713//523 605//423 714//524 
f 715//525 716//526 717//527 
f 718//528 105//76 104//74 
f 633//447 719//529 634//448 
f 237//316 236//315 222//254 
f 720//458 233//304 237//459 
f 721//481 358//482 359//483 
f 722//484 356//485 357//486 
f 723//530 102//64 101//62 
f 718//531 104//72 724//532 
f 689//464 725//487 690//465 
f 726//488 338//489 727//490 
f 728//460 554//461 553//462 
f 729//463 730//464 494//465 
f 731//533 732//534 733//535 
f 714//524 605//423 515//358 
f 571//399 715//525 572//400 
f 72//12 118//105 119//106 
f 734//536 644//458 645//459 
f 671//484 735//537 672//485 
f 720//458 736//468 233//301 
f 505//348 737//467 506//349 
f 468//293 417//294 469//295 
f 738//538 739//539 740//540 
f 573//402 575//541 574//403 
f 516//359 535//377 537//379 
f 703//542 705//510 741//543 
f 30//13 75//18 70//14 
f 577//544 581//545 742//546 
f 743//547 639//453 641//455 
f 744//472 745//473 746//474 
f 747//475 599//476 748//477 
f 78//23 81//27 79//24 
f 628//442 749//548 629//443 
f 526//368 600//549 750//550 
f 18//147 127//150 131//148 
f 636//450 108//88 637//451 
f 92//40 109//95 110//97 
f 751//498 587//392 589//394 
f 499//344 501//346 752//499 
f 670//481 753//551 479//482 
f 562//396 754//552 563//397 
f 368//230 438//233 437//231 
f 614//426 755//553 615//427 
f 262//211 316//214 315//212 
f 567//505 569//506 697//507 
f 539//554 99//51 98//50 
f 593//418 100//58 512//355 
f 756//555 662//472 664//474 
f 757//556 662//557 756//558 
f 758//559 652//460 518//462 
f 755//553 758//559 759//560 
f 82//28 114//101 115//102 
f 630//445 576//405 575//404 
f 760//561 465//271 761//562 
f 458//254 461//257 459//255 
f 613//481 240//482 241//483 
f 762//551 238//485 239//486 
f 730//464 763//487 494//465 
f 764//488 221//489 765//490 
f 93//41 95//43 94//42 
f 539//381 98//49 540//382 
f 85//33 87//35 86//34 
f 583//414 584//415 586//417 
f 580//563 666//564 551//565 
f 620//566 561//567 621//433 
f 550//568 552//391 766//569 
f 391//334 431//336 486//333 
f 767//536 675//458 676//459 
f 722//484 768//537 356//485 
f 528//370 573//444 529//371 
f 77//20 116//103 117//104 
f 349//293 299//294 350//295 
f 769//538 770//539 691//540 
f 771//498 608//392 610//394 
f 493//347 495//346 772//499 
f 773//570 657//571 656//572 
f 678//573 773//570 677//487 
f 774//574 621//575 481//576 
f 482//322 481//321 446//242 
f 597//505 599//506 747//507 
f 147//211 201//214 200//212 
f 591//396 775//552 592//397 
f 721//481 776//551 358//482 
f 250//230 319//233 318//231 
f 646//426 777//553 647//427 
f 683//492 638//452 585//416 
f 89//37 91//39 90//38 
f 643//577 778//578 779//579 
f 523//365 718//531 724//532 
f 81//27 83//31 82//28 
f 686//497 624//438 626//440 
f 780//555 694//472 696//474 
f 781//556 694//557 780//558 
f 782//580 653//463 783//581 
f 445//582 447//583 652//584 
f 712//521 633//585 632//522 
f 112//99 111//98 635//449 
f 707//514 706//513 784//586 
f 706//513 511//587 784//586 
f 785//559 687//460 541//462 
f 777//553 785//559 786//560 
f 340//561 346//271 347//562 
f 339//254 342//257 340//255 
f 545//384 738//588 546//385 
f 545//589 787//590 738//591 
f 488//494 508//351 684//495 
f 788//592 789//593 617//429 
f 700//594 558//595 699//596 
f 664//597 663//598 562//599 
f 126//129 524//366 526//368 
f 124//121 708//517 125//123 
f 579//536 720//458 237//459 
f 762//551 609//537 238//485 
f 604//563 698//564 565//565 
f 649//566 590//567 650//433 
f 564//568 566//391 790//569 
f 273//334 313//336 364//333 
f 537//379 536//378 707//514 
f 789//593 618//430 617//429 
f 791//538 792//539 736//540 
f 231//293 184//294 232//295 
f 787//590 739//600 738//591 
f 467//285 413//286 468//287 
f 683//492 538//380 638//452 
f 511//354 513//356 534//376 
f 498//601 545//602 544//603 
f 700//594 492//604 558//595 
f 665//605 666//606 580//607 
f 384//203 433//206 432//204 
f 793//570 693//571 692//572 
f 726//573 793//570 725//487 
f 794//574 650//575 360//576 
f 361//322 360//321 327//242 
f 612//396 795//552 613//397 
f 613//481 762//551 240//482 
f 796//608 528//370 527//369 
f 660//609 796//608 527//369 
f 797//610 685//611 531//612 
f 530//613 797//610 531//612 
f 135//230 203//233 202//231 
f 673//426 798//553 598//427 
f 756//614 664//597 799//615 
f 799//616 561//395 620//617 
f 127//150 750//550 131//148 
f 130//142 667//478 669//480 
f 122//113 659//469 661//471 
f 67//4 120//107 121//108 
f 645//459 471//304 474//618 
f 474//314 473//313 462//258 
f 800//556 744//557 801//558 
f 801//555 744//472 746//474 
f 525//367 731//533 600//419 
f 607//425 713//523 714//524 
f 802//559 728//460 553//462 
f 798//553 802//559 800//560 
f 128//134 623//437 80//30 
f 75//18 703//542 741//543 
f 124//121 570//515 708//517 
f 122//113 661//471 123//115 
f 572//400 715//525 717//527 
f 606//424 713//523 607//425 
f 223//561 228//271 229//562 
f 222//254 225//257 223//255 
f 803//580 688//463 804//581 
f 326//582 328//583 687//584 
f 603//422 530//372 532//374 
f 704//509 627//511 705//510 
f 485//325 484//324 440//237 
f 431//336 805//619 486//333 
f 130//142 669//480 129//140 
f 128//134 601//435 623//437 
f 600//419 731//533 733//535 
f 702//503 514//500 668//504 
f 719//529 106//80 806//620 
f 719//621 107//84 106//82 
f 717//527 716//526 807//622 
f 716//526 808//623 807//622 
f 668//504 514//500 701//501 
f 602//421 530//372 603//422 
f 556//384 769//588 557//385 
f 556//589 693//590 769//591 
f 619//431 533//375 682//491 
f 509//413 584//415 583//414 
f 581//545 582//409 521//411 
f 710//519 632//522 711//520 
f 755//553 759//560 615//427 
f 548//387 757//556 756//558 
f 808//624 809//625 810//626 
f 807//627 808//624 810//626 
f 760//628 461//629 465//269 
f 463//267 403//268 464//338 
f 685//496 624//438 686//497 
f 684//495 508//351 510//353 
f 631//563 748//564 595//565 
f 680//566 611//567 681//433 
f 581//545 521//411 742//546 
f 639//453 642//456 640//454 
f 594//568 596//391 244//569 
f 158//334 198//336 246//333 
f 752//594 587//595 751//596 
f 696//597 695//598 591//599 
f 811//630 639//631 743//632 
f 809//633 811//630 743//632 
f 441//634 755//635 614//636 
f 440//237 443//239 441//235 
f 653//463 655//465 783//581 
f 783//637 491//345 490//344 
f 448//244 451//247 449//245 
f 449//638 653//639 782//640 
f 452//248 455//251 453//249 
f 654//464 678//573 677//487 
f 634//448 719//529 806//620 
f 522//364 718//531 523//365 
f 693//590 770//600 769//591 
f 348//285 295//286 349//287 
f 100//56 57//55 99//54 
f 512//355 100//56 99//54 
f 808//623 812//641 809//633 
f 812//641 811//630 809//633 
f 813//642 97//47 96//46 
f 97//47 64//9 96//46 
f 705//510 627//511 76//19 
f 73//15 76//19 74//16 
f 504//601 556//602 555//603 
f 752//594 501//604 587//595 
f 814//643 593//418 511//587 
f 706//513 814//643 511//587 
f 114//101 710//519 709//518 
f 815//644 114//101 709//518 
f 765//570 737//571 505//348 
f 764//573 765//570 763//487 
f 243//574 681//575 242//576 
f 243//322 242//321 210//242 
f 75//18 741//543 70//14 
f 68//6 71//11 69//8 
f 697//605 698//606 604//607 
f 266//203 315//206 314//204 
f 109//93 38//92 108//91 
f 110//97 109//93 108//91 
f 560//645 735//537 671//484 
f 563//646 754//647 753//551 
f 780//614 696//597 816//615 
f 816//616 590//395 649//617 
f 659//648 817//649 660//609 
f 817//649 796//608 660//609 
f 676//459 351//304 353//618 
f 353//314 352//313 343//258 
f 818//580 729//463 819//581 
f 209//582 211//583 728//584 
f 820//650 821//651 822//652 
f 821//651 815//644 822//652 
f 436//340 616//428 435//218 
f 434//214 547//505 665//507 
f 778//578 102//64 723//530 
f 779//579 778//578 723//530 
f 657//467 823//653 739//654 
f 657//571 466//279 823//655 
f 364//325 363//324 321//237 
f 313//336 824//619 364//333 
f 506//384 791//588 579//385 
f 506//589 737//590 791//591 
f 90//38 110//97 111//98 
f 111//98 636//450 635//449 
f 777//553 786//560 647//427 
f 568//387 781//556 780//558 
f 735//537 734//536 645//459 
f 544//656 734//657 559//393 
f 340//628 342//629 346//269 
f 344//267 285//268 345//338 
f 625//658 825//659 826//660 
f 626//661 625//658 826//660 
f 772//594 608//595 771//596 
f 746//597 745//598 612//599 
f 561//567 563//646 621//433 
f 621//575 670//481 480//483 
f 477//317 476//316 456//252 
f 735//537 645//662 672//485 
f 322//634 777//635 646//636 
f 321//237 324//239 322//235 
f 688//463 690//465 804//581 
f 804//637 500//345 499//344 
f 230//285 180//286 231//287 
f 737//590 792//600 791//591 
f 662//557 520//347 663//663 
f 518//361 520//347 662//557 
f 329//244 332//247 330//245 
f 330//638 688//639 803//640 
f 333//248 336//251 334//249 
f 689//464 726//573 725//487 
f 484//324 483//323 442//238 
f 550//568 766//569 805//619 
f 739//539 469//295 740//540 
f 658//468 470//300 471//301 
f 772//594 495//604 608//595 
f 507//601 506//602 578//603 
f 825//659 89//664 87//665 
f 826//660 825//659 87//665 
f 747//605 748//606 631//607 
f 151//203 200//206 199//204 
f 801//614 746//597 827//615 
f 827//616 611//395 680//617 
f 679//490 760//561 761//562 
f 773//570 466//666 657//571 
f 127//150 526//368 750//550 
f 126//129 526//368 127//132 
f 589//645 768//537 722//484 
f 592//646 775//647 776//551 
f 437//229 441//634 614//636 
f 436//340 614//426 616//428 
f 237//459 233//304 235//618 
f 235//314 234//313 226//258 
f 622//434 621//575 774//574 
f 552//391 774//574 766//569 
f 778//667 103//68 102//66 
f 103//68 51//67 102//66 
f 198//336 245//619 246//333 
f 246//325 245//324 205//237 
f 732//534 517//360 788//592 
f 517//360 789//593 788//592 
f 318//223 648//428 317//218 
f 316//214 567//505 697//507 
f 757//556 518//361 662//557 
f 758//559 518//462 759//560 
f 731//668 515//358 732//534 
f 515//358 517//360 732//534 
f 693//571 347//279 828//655 
f 693//467 828//653 770//654 
f 112//99 635//449 712//521 
f 113//100 112//99 712//521 
f 798//553 800//560 598//427 
f 598//387 800//556 801//558 
f 629//512 749//669 81//27 
f 749//669 829//670 81//27 
f 456//252 459//255 457//253 
f 457//489 760//561 679//490 
f 789//593 707//514 618//430 
f 707//514 784//586 618//430 
f 223//628 225//629 228//269 
f 227//267 170//268 228//269 
f 738//588 658//671 644//672 
f 546//385 738//588 644//672 
f 431//336 550//568 805//619 
f 432//198 550//389 431//196 
f 115//102 114//101 815//644 
f 821//673 115//102 815//644 
f 555//656 767//657 588//393 
f 768//537 767//536 676//459 
f 113//100 712//521 710//519 
f 114//101 113//100 710//519 
f 637//451 108//88 107//86 
f 108//88 41//87 107//86 
f 664//674 562//675 561//676 
f 799//677 664//674 561//676 
f 205//237 207//239 203//235 
f 203//634 798//635 673//636 
f 729//463 494//465 819//581 
f 819//637 494//345 493//347 
f 784//586 511//354 533//375 
f 618//430 784//586 533//375 
f 677//487 773//570 656//572 
f 655//678 677//487 496//348 
f 212//244 215//247 213//245 
f 213//638 729//639 818//640 
f 590//567 592//646 650//433 
f 650//575 721//481 359//483 
f 216//248 219//251 217//249 
f 730//464 764//573 763//487 
f 356//317 355//316 337//252 
f 768//537 676//662 356//485 
f 712//521 635//449 633//585 
f 635//449 637//679 633//585 
f 830//680 99//51 539//554 
f 513//681 830//680 539//554 
f 694//557 543//347 695//663 
f 541//361 543//347 694//557 
f 433//206 580//607 432//204 
f 432//198 580//407 550//389 
f 666//564 620//617 551//565 
f 551//390 620//432 622//434 
f 491//345 498//350 492//346 
f 492//604 498//601 544//603 
f 831//682 813//683 93//684 
f 813//683 96//45 93//684 
f 782//580 783//581 519//461 
f 519//362 783//637 490//344 
f 363//324 362//323 323//238 
f 564//568 790//569 824//619 
f 770//539 350//295 691//540 
f 691//468 350//300 351//301 
f 754//647 560//645 671//484 
f 699//498 560//394 754//552 
f 621//575 480//483 481//576 
f 481//321 480//320 448//244 
f 479//319 478//318 452//248 
f 753//551 478//486 479//482 
f 447//583 782//640 652//584 
f 652//460 782//580 519//461 
f 708//685 606//424 524//366 
f 125//125 708//685 524//366 
f 461//629 463//267 464//338 
f 460//256 463//259 461//257 
f 492//604 544//603 558//595 
f 558//392 544//656 559//393 
f 663//598 700//594 699//596 
f 520//347 700//499 663//663 
f 549//476 756//614 799//615 
f 548//387 756//558 549//388 
f 832//686 831//682 91//687 
f 831//682 93//684 91//687 
f 562//396 699//498 754//552 
f 663//598 699//596 562//599 
f 825//659 832//686 89//664 
f 832//686 91//687 89//664 
f 666//564 799//616 620//617 
f 549//476 799//615 666//477 
f 823//653 468//287 739//654 
f 739//539 468//293 469//295 
f 475//315 474//314 460//256 
f 645//459 474//618 475//688 
f 610//645 609//537 762//551 
f 613//646 795//647 762//551 
f 433//206 665//605 580//607 
f 434//214 665//507 433//212 
f 727//490 340//561 347//562 
f 793//570 347//666 693//571 
f 318//229 322//634 646//636 
f 318//223 646//426 648//428 
f 566//391 794//574 790//569 
f 651//434 650//575 794//574 
f 682//689 534//690 683//691 
f 534//690 538//692 683//691 
f 202//223 674//428 201//218 
f 201//214 597//505 747//507 
f 737//571 229//279 833//655 
f 737//467 833//653 792//654 
f 534//690 513//681 538//692 
f 513//681 539//554 538//692 
f 781//556 541//361 694//557 
f 785//559 541//462 786//560 
f 471//304 425//305 472//306 
f 471//304 472//306 474//618 
f 609//537 579//536 237//459 
f 578//656 579//657 609//393 
f 338//489 340//561 727//490 
f 337//252 340//255 338//253 
f 769//588 691//671 675//672 
f 557//385 769//588 675//672 
f 313//336 564//568 824//619 
f 314//198 564//389 313//196 
f 696//674 591//675 590//676 
f 816//677 696//674 590//676 
f 681//575 613//481 241//483 
f 611//567 613//646 681//433 
f 238//317 237//316 220//252 
f 609//537 237//662 238//485 
f 446//242 449//245 447//243 
f 447//583 449//638 782//640 
f 725//487 793//570 692//572 
f 690//678 725//487 502//348 
f 744//557 493//347 745//663 
f 553//361 493//347 744//557 
f 435//218 616//428 547//386 
f 616//428 548//387 547//386 
f 451//693 654//694 653//639 
f 449//638 451//693 653//639 
f 443//695 445//582 758//696 
f 445//582 652//584 758//696 
f 641//697 640//698 814//643 
f 640//698 643//577 779//579 
f 443//695 758//696 755//699 
f 441//700 443//695 755//699 
f 315//206 604//607 314//204 
f 314//198 604//407 564//389 
f 594//568 244//569 245//619 
f 245//324 244//323 206//238 
f 698//564 649//617 565//565 
f 565//390 649//432 651//434 
f 792//539 232//295 736//540 
f 736//468 232//300 233//301 
f 453//701 678//488 654//694 
f 451//693 453//701 654//694 
f 501//604 504//601 555//603 
f 500//345 504//350 501//346 
f 803//580 804//581 542//461 
f 542//362 804//637 499//344 
f 453//701 455//702 678//488 
f 455//702 457//489 678//488 
f 775//647 589//645 722//484 
f 751//498 589//394 775//552 
f 360//321 359//320 329//244 
f 650//575 359//483 360//576 
f 358//319 357//318 333//248 
f 776//551 357//486 358//482 
f 328//583 803//640 687//584 
f 687//460 803//580 542//461 
f 341//256 344//259 342//257 
f 342//629 344//267 345//338 
f 501//604 555//603 587//595 
f 587//392 555//656 588//393 
f 695//598 752//594 751//596 
f 543//347 752//499 695//663 
f 569//476 780//614 816//615 
f 568//387 780//558 569//388 
f 695//598 751//596 591//599 
f 591//396 751//498 775//552 
f 569//476 816//615 698//477 
f 698//564 816//616 649//617 
f 796//703 820//650 528//704 
f 820//650 822//652 528//704 
f 828//653 349//287 770//654 
f 770//539 349//293 350//295 
f 765//490 223//561 229//562 
f 765//570 229//666 737//571 
f 354//315 353//314 341//256 
f 676//459 353//618 354//688 
f 626//661 826//660 829//705 
f 749//548 626//661 829//705 
f 315//206 697//605 604//607 
f 316//214 697//507 315//212 
f 202//229 203//634 673//636 
f 202//223 673//426 674//428 
f 596//391 243//574 244//569 
f 596//391 681//575 243//574 
f 823//653 467//285 468//287 
f 466//279 467//281 823//655 
f 800//556 553//361 744//557 
f 802//559 553//462 800//560 
f 351//304 307//305 352//306 
f 351//304 352//306 353//618 
f 12//126 125//125 126//127 
f 125//125 524//366 126//127 
f 221//489 223//561 765//490 
f 220//252 223//255 221//253 
f 783//637 655//678 491//345 
f 655//678 496//348 491//345 
f 579//385 791//588 720//672 
f 791//588 736//671 720//672 
f 439//236 441//235 438//337 
f 438//233 441//700 437//231 
f 198//336 594//568 245//619 
f 199//198 594//389 198//196 
f 746//674 612//675 611//676 
f 827//677 746//674 611//676 
f 563//646 753//551 670//481 
f 621//433 563//646 670//481 
f 111//98 110//97 636//450 
f 110//97 108//91 636//450 
f 607//425 714//524 525//367 
f 524//366 607//425 525//367 
f 763//487 765//570 505//348 
f 494//678 763//487 505//348 
f 741//543 705//510 73//15 
f 705//510 76//19 73//15 
f 327//242 330//245 328//243 
f 328//583 330//638 803//640 
f 317//218 648//428 567//386 
f 648//428 568//387 567//386 
f 552//391 622//434 774//574 
f 551//390 622//434 552//391 
f 332//693 689//694 688//639 
f 330//638 332//693 688//639 
f 199//198 631//407 594//389 
f 200//206 631//607 199//204 
f 748//564 680//617 595//565 
f 595//390 680//432 596//391 
f 324//695 326//582 785//696 
f 326//582 687//584 785//696 
f 324//695 785//696 777//699 
f 322//700 324//695 777//699 
f 495//604 507//601 578//603 
f 494//345 507//350 495//346 
f 818//580 819//581 554//461 
f 554//362 819//637 493//347 
f 525//367 714//524 731//668 
f 714//524 515//358 731//668 
f 629//512 81//27 78//23 
f 76//19 629//512 78//23 
f 332//693 334//701 689//694 
f 334//701 726//488 689//694 
f 101//60 55//59 100//58 
f 593//418 101//60 100//58 
f 795//647 610//645 762//551 
f 771//498 610//394 795//552 
f 517//360 537//379 789//593 
f 537//379 707//514 789//593 
f 242//321 241//320 212//244 
f 681//575 241//483 242//576 
f 28//21 80//26 75//22 
f 80//26 703//508 75//22 
f 98//49 62//17 97//48 
f 540//382 98//49 97//48 
f 762//551 239//486 240//482 
f 240//319 239//318 216//248 
f 724//532 104//72 103//70 
f 104//72 49//71 103//70 
f 464//339 405//272 465//271 
f 461//629 464//338 465//269 
f 704//706 532//707 627//441 
f 532//707 628//442 627//441 
f 334//701 336//702 726//488 
f 336//702 338//489 726//488 
f 211//583 818//640 728//584 
f 728//460 818//580 554//461 
f 129//138 601//420 128//136 
f 24//135 129//138 128//136 
f 708//517 572//516 606//708 
f 572//516 717//709 606//708 
f 224//256 227//259 225//257 
f 225//629 227//267 228//269 
f 495//604 578//603 608//595 
f 608//392 578//656 609//393 
f 745//598 772//594 771//596 
f 493//347 772//499 745//663 
f 598//387 801//558 599//388 
f 599//476 801//614 827//615 
f 536//378 641//697 706//513 
f 641//697 814//643 706//513 
f 753//551 671//484 478//486 
f 754//647 671//484 753//551 
f 623//710 704//509 703//508 
f 80//26 623//710 703//508 
f 520//347 490//344 700//499 
f 519//362 490//344 520//347 
f 745//598 771//596 612//599 
f 612//396 771//498 795//552 
f 600//549 733//711 702//712 
f 750//550 600//549 702//712 
f 599//476 827//615 748//477 
f 748//564 827//616 680//617 
f 617//429 619//431 508//713 
f 488//342 617//429 508//713 
f 121//108 659//648 122//111 
f 4//110 121//108 122//111 
f 20//143 131//146 130//144 
f 131//146 667//502 130//144 
f 833//653 231//287 792//654 
f 792//539 231//293 232//295 
f 733//535 732//534 487//714 
f 732//534 788//592 487//714 
f 487//341 788//592 488//342 
f 788//592 617//429 488//342 
f 236//315 235//314 224//256 
f 237//459 235//618 236//688 
f 606//708 717//709 713//715 
f 717//709 807//627 713//715 
f 678//716 679//717 773//718 
f 679//717 761//719 773//718 
f 643//457 724//720 778//667 
f 724//720 103//68 778//667 
f 623//437 603//436 704//706 
f 603//436 532//707 704//706 
f 200//206 747//605 631//607 
f 201//214 747//507 200//212 
f 497//721 787//590 545//589 
f 498//722 497//721 545//589 
f 750//723 702//503 667//502 
f 131//146 750//723 667//502 
f 106//80 45//79 105//78 
f 806//620 106//80 105//78 
f 531//373 686//497 628//724 
f 532//374 531//373 628//724 
f 702//712 733//711 514//357 
f 733//711 487//341 514//357 
f 817//725 118//726 796//703 
f 118//726 820//650 796//703 
f 637//679 107//84 719//621 
f 633//585 637//679 719//621 
f 544//656 546//727 734//657 
f 546//727 644//728 734//657 
f 70//10 741//543 71//11 
f 741//543 73//15 71//11 
f 120//107 817//649 659//648 
f 121//108 120//107 659//648 
f 508//351 619//729 509//352 
f 619//729 682//689 509//352 
f 615//427 759//560 757//556 
f 759//560 518//361 757//556 
f 766//730 774//731 482//732 
f 774//731 481//733 482//732 
f 828//653 348//285 349//287 
f 347//279 348//281 828//655 
f 630//734 709//518 576//735 
f 709//518 711//520 576//735 
f 632//446 634//448 582//736 
f 711//737 632//446 582//736 
f 645//738 475//739 476//740 
f 672//485 645//738 476//740 
f 660//470 527//741 571//742 
f 661//471 660//470 571//742 
f 559//743 734//536 735//537 
f 560//744 559//743 735//537 
f 616//428 615//427 548//387 
f 615//427 757//556 548//387 
f 628//442 686//745 749//548 
f 686//745 626//661 749//548 
f 766//730 482//732 483//746 
f 805//747 766//730 483//746 
f 123//117 570//398 124//119 
f 8//118 123//117 124//119 
f 810//748 535//377 516//359 
f 605//423 810//748 516//359 
f 435//218 547//749 434//216 
f 378//215 435//218 434//216 
f 640//698 779//579 814//643 
f 814//643 779//579 593//418 
f 32//7 70//10 68//6 
f 70//10 71//11 68//6 
f 93//684 96//45 95//43 
f 96//45 66//3 95//43 
f 496//348 656//466 497//349 
f 677//487 656//572 496//348 
f 486//331 805//747 484//750 
f 805//747 483//746 484//750 
f 701//501 489//493 797//751 
f 489//493 684//495 797//751 
f 701//752 797//610 530//613 
f 602//753 701//752 530//613 
f 713//715 807//627 605//754 
f 807//627 810//626 605//754 
f 497//349 657//467 787//755 
f 657//467 739//654 787//755 
f 815//644 709//518 630//734 
f 822//652 815//644 630//734 
f 669//480 668//479 602//753 
f 668//479 701//752 602//753 
f 711//737 582//736 581//408 
f 576//405 711//737 581//408 
f 523//756 724//720 643//457 
f 642//456 523//756 643//457 
f 123//117 661//757 570//398 
f 661//757 571//399 570//398 
f 233//304 192//305 234//306 
f 233//304 234//306 235//618 
f 682//689 683//691 584//758 
f 509//352 682//689 584//758 
f 527//741 529//401 715//759 
f 571//742 527//741 715//759 
f 535//760 743//547 536//761 
f 743//547 641//455 536//761 
f 129//138 669//762 601//420 
f 669//762 602//421 601//420 
f 684//763 510//412 685//611 
f 797//610 684//763 685//611 
f 804//637 690//678 500//345 
f 690//678 502//348 500//345 
f 320//236 322//235 319//337 
f 319//233 322//700 318//231 
f 773//718 761//719 466//276 
f 761//719 465//274 466//276 
f 120//107 119//106 817//725 
f 119//106 118//726 817//725 
f 117//104 116//103 821//673 
f 116//103 115//102 821//673 
f 740//764 469//297 470//299 
f 469//297 419//298 470//299 
f 118//105 117//104 820//765 
f 117//104 821//673 820//765 
f 740//764 470//299 658//671 
f 738//588 740//764 658//671 
f 638//766 540//767 813//642 
f 540//767 97//47 813//642 
f 592//646 776//551 721//481 
f 650//433 592//646 721//481 
f 829//670 85//33 83//31 
f 81//27 829//670 83//31 
f 437//223 614//426 436//340 
f 372//224 437//223 436//340 
f 210//242 213//245 211//243 
f 211//583 213//638 818//640 
f 478//486 672//485 477//768 
f 672//485 476//740 477//768 
f 809//625 743//547 535//760 
f 810//626 809//625 535//760 
f 201//218 674//428 597//386 
f 674//428 598//387 597//386 
f 215//693 730//694 729//639 
f 213//638 215//693 729//639 
f 522//410 806//769 718//528 
f 806//769 105//76 718//528 
f 207//695 209//582 802//696 
f 209//582 728//584 802//696 
f 822//770 630//445 573//444 
f 528//370 822//770 573//444 
f 685//611 510//412 624//771 
f 510//412 583//414 624//771 
f 207//695 802//696 798//699 
f 203//700 207//695 798//699 
f 826//772 87//35 85//33 
f 829//670 826//772 85//33 
f 566//391 651//434 794//574 
f 565//390 651//434 566//391 
f 529//401 574//403 716//773 
f 715//759 529//401 716//773 
f 215//693 217//701 730//694 
f 217//701 764//488 730//694 
f 474//774 472//309 473//311 
f 472//309 428//310 473//311 
f 512//355 99//54 830//775 
f 513//356 512//355 830//775 
f 624//438 583//776 625//439 
f 583//776 586//777 625//439 
f 582//409 634//778 522//410 
f 634//778 806//769 522//410 
f 219//702 221//489 764//488 
f 217//701 219//702 764//488 
f 742//779 521//363 642//780 
f 521//363 523//365 642//780 
f 625//439 586//777 825//781 
f 586//777 832//782 825//781 
f 638//766 813//642 831//783 
f 585//784 638//766 831//783 
f 586//777 585//784 832//782 
f 585//784 831//783 832//782 
f 345//339 287//272 346//271 
f 342//629 345//338 346//269 
f 742//779 642//780 639//631 
f 811//630 742//779 639//631 
f 812//785 577//544 811//786 
f 577//544 742//546 811//786 
f 776//551 722//484 357//486 
f 775//647 722//484 776//551 
f 542//362 499//344 543//347 
f 543//347 499//344 752//499 
f 726//716 727//717 793//718 
f 727//717 347//276 793//718 
f 716//526 574//787 808//623 
f 574//787 812//641 808//623 
f 457//788 459//789 760//790 
f 459//789 461//791 760//790 
f 504//722 503//721 556//589 
f 503//721 693//590 556//589 
f 574//403 575//541 812//785 
f 575//541 577//544 812//785 
f 833//653 230//285 231//287 
f 229//279 230//281 833//655 
f 555//656 557//727 767//657 
f 557//727 675//728 767//657 
f 486//331 484//750 485//329 
f 394//328 486//331 485//329 
f 647//427 786//560 781//556 
f 786//560 541//361 781//556 
f 790//730 794//731 361//732 
f 794//731 360//733 361//732 
f 676//738 354//739 355//740 
f 356//485 676//738 355//740 
f 588//743 767//536 768//537 
f 589//744 588//743 768//537 
f 647//427 781//556 568//387 
f 648//428 647//427 568//387 
f 723//530 101//60 593//418 
f 779//579 723//530 593//418 
f 790//730 361//732 362//746 
f 824//747 790//730 362//746 
f 317//218 567//749 316//216 
f 260//215 317//218 316//216 
f 502//348 692//466 503//349 
f 725//487 692//572 502//348 
f 364//331 824//747 363//750 
f 824//747 362//746 363//750 
# 0 polygons - 1650 triangles

#
# object Sphere__8_
#

v  -14.2447 128.0816 -13.2619
v  -4.2673 125.0529 -13.7161
v  -4.4858 124.0190 -3.1496
v  -13.3827 130.7551 -22.8315
v  -23.6778 132.1370 -3.1496
v  6.2992 122.7599 -3.1496
v  -4.2673 125.0529 7.4169
v  6.2992 124.0190 -13.9347
v  -26.7532 143.2074 -28.8503
v  -29.1550 140.8057 -21.3548
v  -24.4983 145.4624 -33.9471
v  -19.4014 143.2074 -36.2021
v  -30.8266 139.1340 -12.5721
v  -11.9059 140.8057 -38.6038
v  -12.4127 135.0395 -31.3664
v  -31.4199 138.5408 -3.1496
v  -3.1232 139.1340 -40.2754
v  -23.1788 132.8627 6.5031
v  -30.8266 139.1340 6.2728
v  6.2992 138.5408 -40.8687
v  15.9519 132.8627 -32.6277
v  -29.1550 140.8057 15.0555
v  15.7217 139.1340 -40.2754
v  -12.4127 135.0395 25.0672
v  -26.7532 143.2074 22.5510
v  24.5044 140.8057 -38.6038
v  26.8432 128.0816 -13.2619
v  17.0843 124.0190 -3.1496
v  27.2290 127.1945 -3.1496
v  36.2762 132.1370 -3.1496
v  34.5160 135.0395 -21.8616
v  44.0183 138.5408 -3.1496
v  43.4250 139.1340 -12.5721
v  41.7534 140.8057 -21.3548
v  39.3517 143.2074 -28.8503
v  31.9999 143.2074 -36.2021
v  37.0967 145.4624 -33.9471
v  6.2992 124.0190 7.6354
v  16.8657 125.0529 7.4169
v  25.9811 130.7551 16.5323
v  6.2992 132.1370 26.8273
v  15.7217 139.1340 33.9762
v  6.2992 138.5408 34.5694
v  -3.1232 139.1340 33.9762
v  -11.9059 140.8057 32.3046
v  -19.4014 143.2074 29.9028
v  -24.4983 145.4624 27.6479
v  24.5044 140.8057 32.3046
v  31.9999 143.2074 29.9028
v  37.0967 145.4624 27.6479
v  39.3517 143.2074 22.5510
v  35.7772 132.8627 6.5031
v  41.7534 140.8057 15.0555
v  43.4250 139.1340 6.2728
v  -4.3032 227.5342 -13.7520
v  6.2992 229.7599 -3.1497
v  6.2992 228.5676 -13.9712
v  -13.4494 221.8185 -22.8983
v  -4.5224 228.5676 -3.1497
v  -19.4777 209.3324 -36.3144
v  -20.3690 214.1228 -29.8179
v  -11.9671 211.7378 -38.7243
v  -24.6062 207.0652 -34.0550
v  -26.8656 209.3324 -28.9266
v  6.2992 225.3837 -24.1511
v  -3.1547 213.4131 -40.3993
v  -29.2754 211.7378 -21.4159
v  -22.0176 217.5230 -21.9235
v  15.9847 219.7103 -32.7324
v  6.2992 214.0082 -40.9946
v  -30.9504 213.4131 -12.6036
v  15.7531 213.4131 -40.3993
v  -31.5458 214.0082 -3.1497
v  -23.2836 219.7103 6.5359
v  25.0731 217.5230 -31.4665
v  24.5655 211.7378 -38.7243
v  -30.9504 213.4131 6.3043
v  -29.2754 211.7378 15.1166
v  -26.8656 209.3324 22.6273
v  -12.4746 217.5230 25.1672
v  -19.4777 209.3324 30.0151
v  -24.6062 207.0652 27.7557
v  -11.9671 211.7378 32.4250
v  -3.1547 213.4131 34.1000
v  6.2992 220.4360 26.9334
v  6.2992 214.0082 34.6953
v  15.7531 213.4131 34.1000
v  24.5655 211.7378 32.4250
v  -3.8467 224.4966 17.4623
v  6.2992 228.5676 7.6719
v  32.0761 209.3324 30.0151
v  26.0478 221.8185 16.5990
v  37.2046 207.0652 27.7557
v  39.4640 209.3324 22.6273
v  16.9016 227.5342 7.4527
v  41.8738 211.7378 15.1166
v  35.8820 219.7103 6.5359
v  43.5488 213.4131 6.3043
v  17.1208 228.5676 -3.1497
v  27.3007 225.3837 -3.1497
v  36.3823 220.4360 -3.1496
v  44.1442 214.0082 -3.1496
v  39.4640 209.3324 -28.9266
v  37.2046 207.0652 -34.0550
v  32.0761 209.3324 -36.3144
v  41.8738 211.7378 -21.4159
v  43.5488 213.4131 -12.6036
v  35.8820 219.7103 -12.8352
v  16.9016 227.5342 -13.7520
v  -26.7532 150.5592 29.9028
v  -34.9211 157.5478 25.0672
v  -29.1550 158.0547 32.3046
v  -37.0980 146.7818 6.5031
v  -30.8266 166.8374 33.9762
v  -31.5309 176.2599 34.6805
v  -42.7661 155.3301 -3.1496
v  -30.9504 185.6231 34.1000
v  -37.2463 185.8553 26.4331
v  -29.2754 194.4384 32.4250
v  -39.2056 156.5780 -22.8315
v  -26.8656 201.9584 30.0151
v  -39.3367 195.9203 16.5990
v  -26.7532 150.5592 -36.2021
v  -34.9211 157.5478 -31.3664
v  -29.1550 158.0547 -38.6038
v  -30.8266 166.8374 -40.2755
v  -37.9718 176.1653 -33.2327
v  -31.5458 176.1653 -40.9946
v  -30.9504 185.6231 -40.3993
v  -37.2463 205.7439 6.5359
v  -37.2463 205.7439 -12.8352
v  -35.0572 194.9476 -31.4665
v  -29.2754 194.4384 -38.7243
v  -26.8656 201.9584 -36.3144
v  39.3517 150.5592 29.9028
v  34.5160 157.5479 38.0707
v  41.7534 158.0547 32.3046
v  15.9519 146.7818 40.2475
v  43.4250 166.8374 33.9762
v  26.8432 166.1476 45.0286
v  44.1293 176.2599 34.6805
v  -3.3534 146.7818 40.2475
v  43.5488 185.6231 34.1000
v  35.8820 185.8553 40.3959
v  41.8738 194.4384 32.4250
v  -13.3827 156.5780 42.3551
v  39.4640 201.9584 30.0151
v  26.0478 195.9203 42.4863
v  -23.1788 166.6071 40.2475
v  -23.2836 185.8553 40.3959
v  15.9848 205.7439 40.3959
v  -3.3864 205.7439 40.3959
v  -22.0176 194.9478 38.2068
v  50.4221 146.2829 -3.1496
v  49.6964 146.7818 6.5031
v  55.3646 155.3301 -3.1496
v  51.8040 156.5780 16.5323
v  58.5401 165.4748 -3.1496
v  58.7710 176.2599 7.2877
v  59.7992 176.2599 -3.1496
v  49.6964 166.6071 26.3284
v  58.6926 186.9917 -3.1496
v  55.5025 197.1740 -3.1496
v  54.6154 196.7870 6.9962
v  49.8448 185.8553 26.4331
v  50.5702 206.2436 -3.1496
v  47.6557 204.4809 15.6242
v  39.3517 150.5592 -36.2021
v  47.5196 148.0430 -21.8616
v  41.7534 158.0547 -38.6038
v  49.6964 166.6071 -32.6277
v  43.4250 166.8374 -40.2755
v  44.1442 176.1653 -40.9946
v  54.4774 155.7159 -13.2619
v  43.5488 185.6231 -40.3993
v  49.8448 185.8553 -32.7324
v  55.5025 176.1653 -24.1511
v  41.8738 194.4384 -38.7243
v  39.4640 201.9584 -36.3144
v  51.9351 195.9203 -22.8983
v  54.6154 186.3160 -23.7616
v  47.6557 204.4808 -21.9235
v  -21.9176 157.5478 -44.3700
v  -3.3535 146.7818 -46.5468
v  -23.7838 176.1653 -47.4206
v  15.9519 146.7818 -46.5468
v  25.9811 156.5780 -48.6544
v  -13.4494 195.9203 -48.7856
v  34.5160 157.5479 -44.3700
v  36.3823 176.1653 -47.4206
v  -3.3863 205.7439 -46.6952
v  15.9847 205.7439 -46.6952
v  34.6161 194.9478 -44.5061
v  22.2778 121.5870 18.3039
v  27.1754 120.1003 18.0809
v  27.0682 119.5927 23.2677
v  23.1771 125.0024 9.4169
v  17.6474 123.5776 23.2677
v  32.3622 118.9747 23.2677
v  27.1754 120.1003 28.4545
v  32.3622 119.5927 17.9736
v  16.1377 129.0118 10.6520
v  14.9588 127.8328 14.3313
v  17.2446 130.1187 8.1501
v  19.7465 129.0118 7.0432
v  14.1383 127.0123 18.6425
v  23.4258 127.8328 5.8643
v  13.8470 126.7211 23.2677
v  27.7370 127.0123 5.0437
v  14.1383 127.0123 27.8929
v  32.3622 126.7211 4.7525
v  37.3260 121.5870 13.1833
v  14.9588 127.8328 32.2041
v  36.9874 127.0123 5.0437
v  23.1771 125.0024 37.1185
v  16.1377 129.0118 35.8834
v  41.2986 127.8328 5.8643
v  42.4466 121.5870 18.3039
v  37.6563 119.5927 23.2677
v  42.6360 121.1515 23.2677
v  47.0770 123.5776 23.2677
v  50.8774 126.7211 23.2677
v  50.5862 127.0123 18.6425
v  49.7656 127.8328 14.3313
v  48.5867 129.0118 10.6520
v  44.9779 129.0118 7.0432
v  47.4798 130.1187 8.1501
v  32.3622 119.5928 28.5617
v  37.5490 120.1003 28.4545
v  42.0235 122.8993 32.9289
v  32.3622 123.5776 37.9825
v  36.9874 127.0123 41.4916
v  32.3622 126.7211 41.7829
v  27.7370 127.0123 41.4916
v  23.4258 127.8328 40.6711
v  19.7465 129.0118 39.4922
v  17.2446 130.1187 38.3853
v  41.2986 127.8328 40.6711
v  44.9779 129.0118 39.4922
v  47.4798 130.1187 38.3853
v  48.5867 129.0118 35.8834
v  49.7656 127.8328 32.2041
v  50.5862 127.0123 27.8929
v  27.1578 170.4053 18.0633
v  32.3622 171.4978 23.2677
v  32.3622 170.9125 17.9557
v  22.6682 167.5996 13.5737
v  27.0502 170.9125 23.2677
v  19.7091 161.4706 6.9881
v  23.3958 162.6513 5.8052
v  17.1917 160.3577 8.0972
v  16.0826 161.4706 10.6146
v  32.3622 169.3497 12.9587
v  27.7215 163.4736 4.9830
v  14.8997 162.6513 14.3013
v  41.5777 165.4911 9.3678
v  32.3622 163.7658 4.6907
v  14.0775 163.4736 18.6270
v  37.0029 163.4736 4.9830
v  13.7852 163.7658 23.2677
v  17.8409 166.5648 28.0220
v  41.3286 162.6513 5.8052
v  14.0775 163.4736 27.9083
v  14.8997 162.6513 32.2341
v  16.0826 161.4706 35.9208
v  19.7091 161.4706 39.5473
v  17.1917 160.3577 38.4382
v  23.3958 162.6513 40.7302
v  27.7215 163.4736 41.5524
v  32.3622 166.9210 38.0345
v  32.3622 163.7658 41.8447
v  37.0029 163.4736 41.5524
v  41.3286 162.6513 40.7302
v  22.2444 168.9142 28.2480
v  32.3622 170.9125 28.5797
v  45.0153 161.4706 39.5473
v  42.0562 167.5996 32.9617
v  47.5327 160.3577 38.4382
v  48.6418 161.4706 35.9208
v  37.5666 170.4053 28.4721
v  49.8247 162.6513 32.2341
v  50.6469 163.4736 27.9083
v  37.6742 170.9125 23.2677
v  42.6712 169.3497 23.2677
v  47.1291 166.9210 23.2677
v  50.9392 163.7658 23.2677
v  48.6418 161.4706 10.6146
v  47.5327 160.3577 8.0972
v  45.0153 161.4706 6.9881
v  49.8247 162.6513 14.3013
v  50.6469 163.4736 18.6270
v  16.1377 132.6206 39.4922
v  12.1284 136.0510 37.1185
v  14.9588 136.2999 40.6711
v  11.0598 130.7664 28.0059
v  14.1383 140.6110 41.4916
v  13.7925 145.2362 41.8374
v  14.0775 149.8324 41.5524
v  10.9870 149.9464 37.7890
v  14.8997 154.1595 40.7302
v  10.0253 135.5750 13.6064
v  16.0826 157.8509 39.5473
v  7.1534 150.3960 28.4721
v  16.1377 132.6205 7.0432
v  14.9588 136.2999 5.8643
v  14.1383 140.6110 5.0437
v  12.0616 154.4095 9.3678
v  13.7852 145.1898 4.6907
v  14.0775 149.8324 4.9830
v  10.9870 159.7091 28.0220
v  14.8997 154.1595 5.8052
v  16.0826 157.8509 6.9881
v  48.5867 132.6206 39.4922
v  46.2130 136.0511 43.5015
v  49.7656 136.2999 40.6711
v  37.3260 135.1518 46.9169
v  50.5862 140.6110 41.4916
v  50.9319 145.2362 41.8374
v  27.6240 130.7664 44.5701
v  50.6469 149.8324 41.5524
v  46.8835 149.9464 44.6429
v  49.8247 154.1595 40.7302
v  48.6418 157.8509 39.5473
v  37.1166 159.7091 44.6429
v  17.8923 140.4980 44.5701
v  17.8409 149.9464 44.6429
v  27.6078 159.7091 44.6429
v  54.0208 130.5214 23.2677
v  54.6991 135.5750 32.9289
v  56.4469 134.9624 23.2677
v  58.0057 139.9422 23.2677
v  58.6238 145.2362 23.2677
v  53.6646 140.4980 37.7376
v  58.0806 150.5042 23.2677
v  56.5146 155.5023 23.2677
v  56.0792 155.3124 28.2480
v  54.0935 159.9544 23.2677
v  48.5867 132.6205 7.0432
v  53.6646 130.7663 18.5295
v  49.7656 136.2999 5.8643
v  50.5862 140.6110 5.0437
v  54.0935 145.1898 8.5008
v  50.9392 145.1898 4.6907
v  50.6469 149.8324 4.9830
v  58.0806 145.1898 17.9557
v  49.8247 154.1595 5.8052
v  48.6418 157.8509 6.9881
v  52.6628 159.0891 14.0522
v  27.6240 130.7663 1.9653
v  22.0532 145.1898 -0.8847
v  42.0235 135.5750 0.9308
v  22.6682 154.8870 0.8664
v  46.2621 154.4096 2.9670
v  27.6079 159.7091 1.8925
v  44.8387 122.8418 -29.4387
v  51.7431 120.7459 -29.7530
v  51.5919 120.0304 -22.4410
v  46.1065 127.6566 -41.9670
v  38.3111 125.6481 -22.4410
v  59.0551 119.1591 -22.4410
v  51.7431 120.7459 -15.1289
v  59.0551 120.0304 -29.9042
v  36.1828 133.3088 -40.2258
v  34.5208 131.6468 -35.0389
v  37.7433 134.8692 -43.7528
v  41.2703 133.3088 -45.3133
v  33.3641 130.4901 -28.9613
v  46.4572 131.6468 -46.9753
v  32.9535 130.0795 -22.4410
v  52.5348 130.4901 -48.1320
v  33.3641 130.4901 -15.9206
v  59.0551 130.0795 -48.5426
v  65.7348 126.1503 -42.8398
v  34.5208 131.6468 -9.8430
v  65.5754 130.4901 -48.1320
v  46.1065 127.6566 -2.9149
v  36.1828 133.3088 -4.6561
v  71.6531 131.6468 -46.9753
v  66.0528 122.8418 -36.6574
v  66.5184 120.0304 -22.4410
v  73.5385 122.2279 -22.4410
v  79.7992 125.6481 -22.4410
v  78.5811 127.6566 -35.3896
v  85.1567 130.0795 -22.4410
v  84.7462 130.4901 -28.9613
v  83.5894 131.6468 -35.0389
v  81.9274 133.3088 -40.2258
v  76.8399 133.3088 -45.3133
v  80.3670 134.8692 -43.7528
v  59.0551 120.0304 -14.9777
v  66.3671 120.7459 -15.1289
v  72.6750 124.6918 -8.8211
v  59.0551 125.6481 -1.6969
v  65.5754 130.4901 3.2501
v  59.0551 130.0795 3.6606
v  52.5348 130.4901 3.2501
v  46.4572 131.6468 2.0933
v  41.2703 133.3088 0.4313
v  37.7433 134.8692 -1.1291
v  71.6531 131.6468 2.0933
v  76.8399 133.3088 0.4313
v  80.3670 134.8692 -1.1291
v  81.9274 133.3088 -4.6561
v  83.5894 131.6468 -9.8430
v  84.7462 130.4901 -15.9206
v  51.7183 191.6629 -29.7778
v  59.0551 193.2031 -22.4410
v  59.0551 192.3780 -29.9295
v  45.3891 187.7076 -36.1070
v  51.5666 192.3781 -22.4410
v  41.2175 179.0673 -45.3910
v  46.4149 180.7318 -47.0586
v  37.6686 177.4984 -43.8275
v  36.1051 179.0673 -40.2786
v  65.7575 186.2488 -42.9123
v  52.5130 181.8911 -48.2177
v  34.4375 180.7318 -35.0812
v  59.0551 182.3029 -48.6297
v  33.2784 181.8911 -28.9831
v  65.5972 181.8911 -48.2177
v  32.8664 182.3029 -22.4410
v  38.5838 186.2488 -15.7386
v  71.6954 180.7318 -47.0586
v  33.2784 181.8911 -15.8989
v  34.4375 180.7318 -9.8007
v  36.1051 179.0673 -4.6034
v  41.2175 179.0673 0.5090
v  37.6686 177.4984 -1.0545
v  46.4149 180.7319 2.1766
v  52.5130 181.8911 3.3358
v  59.0551 186.7510 -1.6235
v  59.0551 182.3029 3.7477
v  65.5972 181.8911 3.3358
v  71.6954 180.7319 2.1766
v  44.7916 189.5609 -15.4200
v  59.0551 192.3781 -14.9525
v  76.8927 179.0673 0.5090
v  72.7212 187.7076 -8.7749
v  80.4416 177.4984 -1.0545
v  82.0051 179.0673 -4.6034
v  66.3919 191.6629 -15.1041
v  83.6727 180.7318 -9.8007
v  84.8318 181.8911 -15.8989
v  66.5436 192.3781 -22.4410
v  73.5881 190.1748 -22.4410
v  79.8726 186.7510 -22.4410
v  85.2438 182.3029 -22.4410
v  82.0051 179.0673 -40.2786
v  80.4416 177.4984 -43.8275
v  76.8927 179.0673 -45.3910
v  78.6504 184.7352 -35.4325
v  83.6727 180.7318 -35.0812
v  84.8318 181.8911 -28.9831
v  66.0760 189.5609 -36.7045
v  36.1828 138.3963 0.4313
v  30.5307 143.2324 -2.9149
v  34.5208 143.5831 2.0933
v  25.7158 141.9647 -15.4433
v  33.3641 149.6608 3.2501
v  32.8767 156.1811 3.7374
v  29.0243 135.7823 -29.1207
v  33.2784 162.6604 3.3358
v  28.9216 162.8212 -1.9697
v  34.4375 168.7606 2.1767
v  27.5658 142.5612 -36.0608
v  36.1051 173.9645 0.5090
v  27.4751 169.7861 -8.7749
v  36.1828 138.3963 -45.3133
v  34.5208 143.5831 -46.9753
v  33.3641 149.6608 -48.1320
v  30.4365 169.1130 -42.0362
v  32.8664 156.1157 -48.6297
v  33.2784 162.6604 -48.2177
v  28.9216 176.5841 -15.7386
v  28.9216 176.5840 -29.1433
v  34.4375 168.7606 -47.0586
v  36.1051 173.9645 -45.3910
v  81.9274 138.3963 0.4313
v  78.5811 143.2325 6.0835
v  83.5894 143.5831 2.0933
v  66.0528 141.9647 10.8983
v  84.7462 149.6608 3.2501
v  85.2335 156.1811 3.7374
v  52.3755 135.7823 7.5899
v  84.8318 162.6604 3.3358
v  79.5264 162.8212 7.6925
v  83.6727 168.7606 2.1767
v  45.4353 142.5612 9.0483
v  82.0051 173.9645 0.5090
v  72.7212 169.7861 9.1391
v  38.6563 149.5014 7.5899
v  38.5838 162.8212 7.6925
v  65.7575 176.5841 7.6925
v  52.3527 176.5841 7.6925
v  89.5881 135.4370 -22.4410
v  90.5444 142.5612 -8.8211
v  93.0083 141.6977 -22.4410
v  95.2058 148.7179 -22.4410
v  95.3656 156.1811 -15.2183
v  96.0771 156.1811 -22.4410
v  89.0859 149.5014 -2.0422
v  95.3113 163.6075 -22.4410
v  93.1038 170.6537 -22.4410
v  92.4899 170.3858 -15.4200
v  89.1886 162.8212 -1.9697
v  89.6906 176.9299 -22.4410
v  87.6738 175.7100 -9.4495
v  81.9274 138.3963 -45.3133
v  87.5796 136.6551 -35.3896
v  83.5894 143.5831 -46.9753
v  89.0859 149.5014 -42.8398
v  84.7462 149.6608 -48.1320
v  85.2438 156.1157 -48.6297
v  84.8318 162.6604 -48.2177
v  92.4899 163.1399 -36.7045
v  93.1038 156.1157 -36.9740
v  83.6727 168.7606 -47.0586
v  82.0051 173.9645 -45.3910
v  87.6738 175.7100 -35.4325
v  39.5291 143.2324 -50.9654
v  52.3754 135.7823 -52.4718
v  38.2377 156.1157 -53.0765
v  59.0551 141.6977 -56.3942
v  72.6750 142.5612 -53.9303
v  45.3891 169.7861 -54.0210
v  78.6504 169.1131 -51.0596
v  52.3527 176.5840 -52.5745
v  65.7575 176.5840 -52.5745
v  -7.9172 122.8418 -64.8717
v  -1.0128 120.7459 -65.1861
v  -1.1640 120.0304 -57.8740
v  -6.6494 127.6566 -77.4001
v  -14.4448 125.6481 -57.8740
v  6.2992 119.1591 -57.8740
v  -1.0128 120.7459 -50.5620
v  6.2992 120.0304 -65.3373
v  -16.5731 133.3088 -75.6589
v  -18.2351 131.6468 -70.4720
v  -15.0127 134.8692 -79.1859
v  -11.4856 133.3088 -80.7463
v  -19.3918 130.4901 -64.3944
v  -6.2987 131.6468 -82.4083
v  -19.8024 130.0795 -57.8740
v  -0.2211 130.4900 -83.5651
v  -19.3918 130.4901 -51.3537
v  6.2992 130.0795 -83.9756
v  13.2969 122.8418 -72.0904
v  -18.2351 131.6468 -45.2761
v  12.8195 130.4900 -83.5651
v  -6.6494 127.6566 -38.3480
v  -16.5731 133.3088 -40.0892
v  18.8972 131.6468 -82.4083
v  19.2479 127.6566 -77.4001
v  20.5156 122.8418 -64.8717
v  13.7625 120.0304 -57.8740
v  20.7826 122.2279 -57.8740
v  27.0433 125.6481 -57.8740
v  32.4008 130.0795 -57.8740
v  31.9903 130.4901 -64.3944
v  30.8335 131.6468 -70.4720
v  29.1715 133.3088 -75.6589
v  24.0840 133.3088 -80.7463
v  27.6111 134.8692 -79.1859
v  6.2992 120.0304 -50.4108
v  13.6112 120.7459 -50.5620
v  19.9191 124.6918 -44.2542
v  6.2992 125.6481 -37.1300
v  12.8195 130.4901 -32.1830
v  6.2992 130.0795 -31.7724
v  -0.2211 130.4901 -32.1830
v  -6.2987 131.6468 -33.3397
v  -11.4856 133.3088 -35.0017
v  -15.0127 134.8692 -36.5622
v  18.8972 131.6468 -33.3397
v  24.0840 133.3088 -35.0017
v  27.6111 134.8692 -36.5622
v  29.1715 133.3088 -40.0892
v  30.8335 131.6468 -45.2761
v  31.9903 130.4901 -51.3537
v  -1.0376 191.6629 -65.2109
v  6.2992 193.2031 -57.8740
v  6.2992 192.3780 -65.3625
v  -7.3668 187.7076 -71.5401
v  -1.1893 192.3780 -57.8740
v  -11.5384 179.0673 -80.8241
v  -6.3410 180.7318 -82.4917
v  -15.0873 177.4984 -79.2606
v  -16.6508 179.0673 -75.7117
v  13.0016 186.2488 -78.3453
v  -0.2429 181.8911 -83.6508
v  -18.3184 180.7318 -70.5143
v  6.2992 182.3029 -84.0628
v  -19.4775 181.8911 -64.4162
v  12.8413 181.8911 -83.6508
v  -19.8895 182.3029 -57.8741
v  -14.1721 186.2488 -51.1716
v  18.9395 180.7318 -82.4917
v  -19.4775 181.8911 -51.3319
v  -18.3184 180.7318 -45.2338
v  -16.6508 179.0673 -40.0364
v  -11.5384 179.0673 -34.9240
v  -15.0873 177.4984 -36.4875
v  -6.3410 180.7318 -33.2564
v  -0.2429 181.8911 -32.0973
v  6.2992 186.7510 -37.0566
v  6.2992 182.3029 -31.6853
v  12.8413 181.8911 -32.0973
v  18.9395 180.7318 -33.2564
v  -7.9643 189.5609 -50.8531
v  6.2992 192.3780 -50.3855
v  24.1368 179.0673 -34.9240
v  19.9653 187.7076 -44.2080
v  27.6857 177.4984 -36.4875
v  29.2492 179.0673 -40.0364
v  13.6360 191.6629 -50.5372
v  30.9168 180.7318 -45.2338
v  32.0759 181.8911 -51.3319
v  13.7877 192.3780 -57.8740
v  20.8322 190.1748 -57.8740
v  27.1167 186.7510 -57.8740
v  32.4879 182.3029 -57.8740
v  29.2492 179.0673 -75.7117
v  27.6857 177.4984 -79.2606
v  24.1368 179.0673 -80.8241
v  25.8945 184.7352 -70.8655
v  30.9168 180.7318 -70.5143
v  32.0759 181.8911 -64.4162
v  13.3201 189.5609 -72.1375
v  -16.5731 138.3963 -35.0017
v  -22.2253 143.2324 -38.3480
v  -18.2351 143.5831 -33.3397
v  -23.7316 135.7823 -51.1944
v  -19.3918 149.6608 -32.1830
v  -19.8792 156.1811 -31.6956
v  -27.6540 141.6977 -57.8740
v  -19.4775 162.6604 -32.0973
v  -23.8343 162.8212 -37.4028
v  -18.3184 168.7606 -33.2564
v  -25.1901 142.5612 -71.4939
v  -16.6508 173.9645 -34.9240
v  -25.2808 169.7861 -44.2080
v  -16.5731 138.3963 -80.7463
v  -18.2351 143.5831 -82.4083
v  -19.3918 149.6608 -83.5651
v  -22.3194 169.1130 -77.4693
v  -19.8895 156.1157 -84.0628
v  -19.4775 162.6604 -83.6508
v  -23.8343 176.5840 -51.1716
v  -23.8343 176.5840 -64.5764
v  -18.3184 168.7606 -82.4917
v  -16.6508 173.9645 -80.8241
v  29.1715 138.3963 -35.0017
v  19.2479 136.6551 -29.3496
v  30.8335 143.5831 -33.3397
v  31.9903 149.6608 -32.1830
v  6.2992 135.4370 -27.3410
v  32.4776 156.1811 -31.6956
v  32.0759 162.6604 -32.0973
v  26.7705 162.8212 -27.7405
v  30.9168 168.7606 -33.2564
v  -7.3207 142.5612 -26.3847
v  29.2492 173.9645 -34.9240
v  19.9653 169.7861 -26.2940
v  -14.0996 149.5014 -27.8432
v  -14.1721 162.8212 -27.7405
v  13.0016 176.5840 -27.7405
v  -0.4032 176.5840 -27.7405
v  36.8322 135.4370 -57.8740
v  37.7885 142.5612 -44.2542
v  40.2524 141.6977 -57.8740
v  42.4499 148.7179 -57.8740
v  42.6097 156.1811 -50.6514
v  43.3212 156.1811 -57.8740
v  36.3300 149.5014 -37.4753
v  42.5555 163.6075 -57.8740
v  40.3479 170.6537 -57.8740
v  39.7340 170.3858 -50.8531
v  36.4327 162.8212 -37.4028
v  36.9347 176.9299 -57.8740
v  34.9179 175.7100 -44.8825
v  29.1715 138.3963 -80.7463
v  34.8237 143.2324 -77.4001
v  30.8335 143.5831 -82.4083
v  31.9903 149.6608 -83.5651
v  36.9347 156.1157 -78.6915
v  32.4879 156.1157 -84.0628
v  39.6385 149.1834 -72.0904
v  32.0759 162.6604 -83.6508
v  30.9168 168.7606 -82.4917
v  39.7340 163.1399 -72.1375
v  29.2492 173.9645 -80.8241
v  34.9179 175.7100 -70.8655
v  -13.2268 143.2323 -86.3985
v  -0.3805 135.7823 -87.9049
v  -14.5182 156.1157 -88.5095
v  19.9191 142.5612 -89.3633
v  -7.3668 169.7861 -89.4541
v  25.8945 169.1131 -86.4927
v  -0.4032 176.5840 -88.0076
v  13.0016 176.5840 -88.0076
v  -22.4841 170.4796 -7.3914
v  -15.5797 168.3837 -7.7058
v  -15.7310 167.6682 -0.3937
v  -21.2164 175.2944 -19.9198
v  -29.0118 173.2859 -0.3937
v  -8.2677 166.7969 -0.3937
v  -15.5797 168.3837 6.9183
v  -8.2677 167.6682 -7.8570
v  -31.1400 180.9466 -18.1786
v  -32.8020 179.2846 -12.9917
v  -29.5796 182.5070 -21.7056
v  -26.0526 180.9466 -23.2660
v  -33.9588 178.1278 -6.9141
v  -20.8657 179.2846 -24.9280
v  -34.3693 177.7173 -0.3937
v  -14.7880 178.1278 -26.0848
v  -33.9588 178.1278 6.1266
v  -8.2677 177.7173 -26.4953
v  -1.5880 173.7881 -20.7925
v  -32.8020 179.2846 12.2042
v  -1.7474 178.1278 -26.0848
v  -21.2164 175.2944 19.1323
v  -31.1400 180.9466 17.3911
v  4.3302 179.2846 -24.9280
v  -1.2700 170.4796 -14.6101
v  -0.8044 167.6682 -0.3937
v  6.2157 169.8657 -0.3937
v  12.4763 173.2859 -0.3937
v  11.2583 175.2944 -13.3424
v  17.8339 177.7173 -0.3937
v  17.4233 178.1278 -6.9141
v  16.2666 179.2846 -12.9917
v  14.6046 180.9466 -18.1786
v  9.5171 180.9466 -23.2660
v  13.0441 182.5070 -21.7056
v  -8.2677 167.6682 7.0695
v  -0.9557 168.3837 6.9183
v  5.3521 172.3296 13.2261
v  -8.2677 173.2859 20.3503
v  -1.7474 178.1279 25.2973
v  -8.2677 177.7173 25.7079
v  -14.7880 178.1279 25.2973
v  -20.8657 179.2846 24.1406
v  -26.0526 180.9466 22.4785
v  -29.5796 182.5070 20.9181
v  4.3302 179.2846 24.1406
v  9.5171 180.9466 22.4785
v  13.0441 182.5070 20.9181
v  14.6046 180.9466 17.3911
v  16.2666 179.2846 12.2042
v  17.4233 178.1278 6.1266
v  -15.6045 239.3007 -7.7306
v  -8.2677 240.8409 -0.3937
v  -8.2677 240.0158 -7.8823
v  -21.9338 235.3454 -14.0598
v  -15.7563 240.0158 -0.3937
v  -26.1053 226.7051 -23.3438
v  -20.9080 228.3696 -25.0114
v  -29.6542 225.1362 -21.7803
v  -31.2177 226.7051 -18.2314
v  -8.2677 237.8126 -14.9268
v  -14.8098 229.5289 -26.1705
v  -32.8853 228.3696 -13.0340
v  -1.5653 233.8866 -20.8650
v  -8.2677 229.9407 -26.5825
v  -34.0444 229.5289 -6.9359
v  -1.7256 229.5289 -26.1705
v  -34.4564 229.9407 -0.3938
v  -28.7390 233.8866 6.3087
v  4.7238 232.3730 -19.9890
v  4.3725 228.3696 -25.0114
v  -34.0444 229.5289 6.1484
v  -32.8853 228.3696 12.2465
v  -31.2177 226.7051 17.4439
v  -26.1053 226.7051 22.5563
v  -29.6542 225.1362 20.9928
v  -20.9080 228.3696 24.2239
v  -14.8098 229.5289 25.3830
v  -8.2677 234.3888 20.4237
v  -8.2677 229.9407 25.7950
v  -1.7256 229.5289 25.3830
v  4.3725 228.3696 24.2239
v  -22.5312 237.1987 6.6272
v  -8.2677 240.0158 7.0948
v  9.5699 226.7051 22.5563
v  5.3983 235.3454 13.2723
v  13.1188 225.1362 20.9928
v  14.6823 226.7051 17.4439
v  -0.9309 239.3007 6.9431
v  16.3499 228.3696 12.2465
v  17.5090 229.5289 6.1484
v  -0.7792 240.0158 -0.3937
v  6.2653 237.8126 -0.3937
v  12.5497 234.3888 -0.3937
v  17.9210 229.9407 -0.3937
v  14.6823 226.7051 -18.2314
v  13.1188 225.1362 -21.7803
v  9.5699 226.7051 -23.3438
v  16.3499 228.3696 -13.0340
v  17.5090 229.5289 -6.9359
v  -31.1400 186.0341 22.4785
v  -36.7922 190.8701 19.1323
v  -32.8020 191.2209 24.1406
v  -38.2985 183.4201 6.2859
v  -33.9588 197.2986 25.2973
v  -34.4461 203.8189 25.7847
v  -42.2209 189.3355 -0.3937
v  -34.0444 210.2982 25.3830
v  -38.4012 210.4590 20.0775
v  -32.8853 216.3984 24.2239
v  -39.7570 190.1990 -14.0136
v  -31.2177 221.6023 22.5563
v  -39.8478 217.4239 13.2723
v  -31.1400 186.0341 -23.2660
v  -32.8020 191.2209 -24.9280
v  -33.9588 197.2986 -26.0848
v  -36.8864 216.7508 -19.9890
v  -34.4564 203.7535 -26.5825
v  -34.0444 210.2982 -26.1705
v  -38.4012 224.2218 6.3087
v  -38.4012 224.2218 -7.0961
v  -32.8853 216.3984 -25.0114
v  -31.2177 221.6023 -23.3438
v  14.6046 186.0341 22.4785
v  11.2583 190.8702 28.1307
v  16.2666 191.2209 24.1406
v  -1.2700 189.6025 32.9456
v  17.4233 197.2986 25.2973
v  17.9107 203.8189 25.7847
v  -14.9474 183.4201 29.6371
v  17.5090 210.2982 25.3830
v  12.2036 210.4590 29.7398
v  16.3499 216.3984 24.2239
v  -21.8876 190.1990 31.0956
v  14.6823 221.6023 22.5563
v  5.3983 217.4239 31.1863
v  -28.6665 197.1392 29.6371
v  -28.7390 210.4590 29.7398
v  -1.5653 224.2218 29.7398
v  -14.9701 224.2218 29.7398
v  22.2653 183.0748 -0.3937
v  23.2216 190.1990 13.2261
v  25.6855 189.3355 -0.3937
v  27.8829 196.3557 -0.3937
v  28.0428 203.8189 6.8289
v  28.7543 203.8189 -0.3937
v  21.7631 197.1392 20.0050
v  27.9885 211.2453 -0.3937
v  25.7809 218.2915 -0.3937
v  25.1670 218.0236 6.6272
v  21.8658 210.4590 20.0775
v  22.3678 224.5677 -0.3937
v  20.3509 223.3478 12.5978
v  14.6046 186.0341 -23.2660
v  20.2567 184.2929 -13.3424
v  16.2666 191.2209 -24.9280
v  21.7631 197.1392 -20.7925
v  17.4233 197.2986 -26.0848
v  17.9210 203.7535 -26.5825
v  17.5090 210.2982 -26.1705
v  27.9885 203.7535 -7.8822
v  16.3499 216.3984 -25.0114
v  14.6823 221.6023 -23.3438
v  20.3509 223.3478 -13.3852
v  -27.7937 190.8701 -28.9182
v  -14.9474 183.4201 -30.4246
v  -29.0852 203.7535 -31.0292
v  -8.2677 189.3355 -34.3469
v  5.3521 190.1990 -31.8830
v  -21.9338 217.4239 -31.9738
v  11.3275 216.7509 -29.0124
v  -14.9701 224.2218 -30.5273
v  -1.5653 224.2218 -30.5273
v  -7.9172 127.9599 38.2779
v  -1.0128 125.8641 37.9635
v  -1.1640 125.1486 45.2756
v  -6.6494 132.7748 25.7495
v  -14.4448 130.7662 45.2756
v  6.2992 124.2773 45.2756
v  -1.0128 125.8641 52.5876
v  6.2992 125.1486 37.8123
v  -16.5731 138.4270 27.4907
v  -18.2351 136.7650 32.6776
v  -15.0127 139.9874 23.9637
v  -11.4856 138.4270 22.4033
v  -19.3918 135.6082 38.7552
v  -6.2987 136.7650 20.7413
v  -19.8024 135.1976 45.2756
v  -0.2211 135.6082 19.5845
v  -19.3918 135.6082 51.7959
v  6.2992 135.1976 19.1740
v  12.9789 131.2684 24.8768
v  -18.2351 136.7650 57.8735
v  12.8195 135.6082 19.5845
v  -6.6494 132.7748 64.8016
v  -16.5731 138.4270 63.0604
v  18.8972 136.7650 20.7413
v  13.2969 127.9599 31.0592
v  13.7625 125.1486 45.2756
v  20.7826 127.3460 45.2756
v  27.0433 130.7662 45.2756
v  25.8252 132.7748 32.3269
v  32.4008 135.1976 45.2756
v  31.9903 135.6082 38.7552
v  30.8335 136.7650 32.6776
v  29.1715 138.4270 27.4907
v  24.0840 138.4270 22.4033
v  27.6111 139.9874 23.9637
v  6.2992 125.1486 52.7388
v  13.6112 125.8641 52.5876
v  19.9191 129.8100 58.8954
v  6.2992 130.7662 66.0196
v  12.8195 135.6082 70.9666
v  6.2992 135.1977 71.3771
v  -0.2211 135.6082 70.9666
v  -6.2987 136.7650 69.8099
v  -11.4856 138.4270 68.1478
v  -15.0127 139.9874 66.5874
v  18.8972 136.7650 69.8099
v  24.0840 138.4270 68.1478
v  27.6111 139.9874 66.5874
v  29.1715 138.4270 63.0604
v  30.8335 136.7650 57.8735
v  31.9903 135.6082 51.7959
v  -1.0376 196.7811 37.9387
v  6.2992 198.3212 45.2756
v  6.2992 197.4962 37.7870
v  -7.3668 192.8258 31.6095
v  -1.1893 197.4962 45.2755
v  -11.5384 184.1854 22.3255
v  -6.3410 185.8500 20.6579
v  -15.0873 182.6165 23.8890
v  -16.6508 184.1854 27.4379
v  13.0016 191.3669 24.8043
v  -0.2429 187.0093 19.4988
v  -18.3184 185.8500 32.6353
v  6.2992 187.4211 19.0868
v  -19.4775 187.0093 38.7334
v  12.8413 187.0093 19.4988
v  -19.8895 187.4211 45.2755
v  -14.1721 191.3670 51.9780
v  18.9395 185.8500 20.6579
v  -19.4775 187.0093 51.8177
v  -18.3184 185.8500 57.9158
v  -16.6508 184.1855 63.1132
v  -11.5384 184.1855 68.2256
v  -15.0873 182.6165 66.6621
v  -6.3410 185.8500 69.8932
v  -0.2429 187.0093 71.0523
v  6.2992 191.8691 66.0930
v  6.2992 187.4211 71.4643
v  12.8413 187.0093 71.0523
v  18.9395 185.8500 69.8932
v  -7.9643 194.6790 52.2965
v  6.2992 197.4962 52.7641
v  24.1368 184.1855 68.2256
v  19.9653 192.8258 58.9416
v  27.6857 182.6165 66.6621
v  29.2492 184.1855 63.1132
v  13.6360 196.7811 52.6124
v  30.9168 185.8500 57.9158
v  32.0759 187.0093 51.8177
v  13.7877 197.4962 45.2756
v  20.8322 195.2930 45.2756
v  27.1167 191.8691 45.2756
v  32.4879 187.4211 45.2756
v  29.2492 184.1854 27.4379
v  27.6857 182.6165 23.8890
v  24.1368 184.1854 22.3255
v  25.8945 189.8533 32.2841
v  30.9168 185.8500 32.6353
v  32.0759 187.0093 38.7334
v  13.3201 194.6790 31.0120
v  -16.5731 143.5144 68.1478
v  -22.2253 148.3505 64.8016
v  -18.2351 148.7013 69.8099
v  -23.7316 140.9005 51.9552
v  -19.3918 154.7789 70.9666
v  -19.8792 161.2993 71.4540
v  -27.6540 146.8158 45.2756
v  -19.4775 167.7786 71.0523
v  -23.8343 167.9393 65.7468
v  -18.3184 173.8788 69.8932
v  -25.1901 147.6794 31.6557
v  -16.6508 179.0826 68.2256
v  -25.2808 174.9043 58.9416
v  -16.5731 143.5144 22.4033
v  -18.2351 148.7013 20.7413
v  -19.3918 154.7789 19.5845
v  -22.3194 174.2312 25.6803
v  -19.8895 161.2338 19.0868
v  -19.4775 167.7786 19.4988
v  -23.8343 181.7022 51.9780
v  -23.8343 181.7022 38.5732
v  -18.3184 173.8788 20.6579
v  -16.6508 179.0826 22.3255
v  29.1715 143.5144 68.1478
v  19.2479 141.7732 73.8000
v  30.8335 148.7013 69.8099
v  31.9903 154.7789 70.9666
v  6.2992 140.5552 75.8086
v  32.4776 161.2993 71.4540
v  32.0759 167.7786 71.0523
v  26.7705 167.9393 75.4091
v  30.9168 173.8788 69.8932
v  -7.3207 147.6794 76.7649
v  29.2492 179.0826 68.2256
v  19.9653 174.9043 76.8556
v  -14.0996 154.6196 75.3064
v  -14.1721 167.9393 75.4091
v  13.0016 181.7022 75.4091
v  -0.4032 181.7022 75.4091
v  36.8322 140.5552 45.2756
v  37.7885 147.6794 58.8954
v  40.2524 146.8158 45.2756
v  42.4499 153.8360 45.2756
v  42.6097 161.2992 52.4982
v  43.3212 161.2992 45.2756
v  36.3300 154.6196 65.6743
v  42.5555 168.7256 45.2756
v  40.3479 175.7718 45.2756
v  39.7340 175.5040 52.2965
v  36.4327 167.9393 65.7468
v  36.9347 182.0480 45.2756
v  34.9179 180.8282 58.2670
v  29.1715 143.5144 22.4033
v  34.8237 141.7732 32.3269
v  30.8335 148.7013 20.7413
v  36.3300 154.6196 24.8768
v  31.9903 154.7789 19.5845
v  32.4879 161.2338 19.0868
v  32.0759 167.7786 19.4988
v  39.7340 168.2581 31.0121
v  40.3479 161.2338 30.7425
v  30.9168 173.8788 20.6579
v  29.2492 179.0826 22.3255
v  34.9179 180.8282 32.2841
v  -13.2268 148.3505 16.7511
v  -0.3805 140.9005 15.2447
v  -14.5182 161.2338 14.6400
v  6.2992 146.8158 11.3223
v  19.9191 147.6794 13.7863
v  -7.3668 174.9043 13.6955
v  25.8945 174.2313 16.6569
v  -0.4032 181.7022 15.1420
v  13.0016 181.7022 15.1420
v  -41.5411 169.9334 -11.8536
v  -36.6435 168.4467 -12.0766
v  -36.7507 167.9392 -6.8898
v  -40.6418 173.3488 -20.7406
v  -46.1715 171.9241 -6.8898
v  -31.4567 167.3211 -6.8898
v  -36.6435 168.4467 -1.7030
v  -31.4567 167.9392 -12.1838
v  -47.6812 177.3582 -19.5055
v  -48.8601 176.1793 -15.8262
v  -46.5743 178.4651 -22.0074
v  -44.0724 177.3582 -23.1143
v  -49.6806 175.3587 -11.5150
v  -40.3931 176.1793 -24.2932
v  -49.9719 175.0675 -6.8898
v  -36.0819 175.3587 -25.1138
v  -49.6806 175.3587 -2.2646
v  -31.4567 175.0675 -25.4050
v  -26.4929 169.9334 -16.9742
v  -48.8601 176.1793 2.0466
v  -26.8315 175.3587 -25.1138
v  -40.6418 173.3488 6.9610
v  -47.6812 177.3582 5.7259
v  -22.5203 176.1793 -24.2932
v  -21.3723 169.9334 -11.8536
v  -26.1626 167.9392 -6.8898
v  -21.1829 169.4980 -6.8898
v  -16.7419 171.9241 -6.8898
v  -12.9415 175.0675 -6.8898
v  -13.2327 175.3587 -11.5150
v  -14.0533 176.1793 -15.8262
v  -15.2322 177.3582 -19.5055
v  -18.8410 177.3582 -23.1143
v  -16.3391 178.4651 -22.0074
v  -31.4567 167.9392 -1.5957
v  -26.2699 168.4467 -1.7030
v  -21.7954 171.2457 2.7715
v  -31.4567 171.9241 7.8250
v  -26.8315 175.3587 11.3342
v  -31.4567 175.0675 11.6254
v  -36.0819 175.3587 11.3342
v  -40.3931 176.1793 10.5136
v  -44.0724 177.3582 9.3347
v  -46.5743 178.4651 8.2278
v  -22.5203 176.1793 10.5136
v  -18.8410 177.3582 9.3347
v  -16.3391 178.4651 8.2278
v  -15.2322 177.3582 5.7259
v  -14.0533 176.1793 2.0466
v  -13.2327 175.3587 -2.2646
v  -36.6611 218.7517 -12.0942
v  -31.4567 219.8442 -6.8898
v  -31.4567 219.2590 -12.2018
v  -41.1507 215.9460 -16.5838
v  -36.7687 219.2590 -6.8898
v  -44.1098 209.8170 -23.1694
v  -40.4231 210.9977 -24.3523
v  -46.6272 208.7041 -22.0603
v  -47.7363 209.8170 -19.5429
v  -31.4567 217.6961 -17.1988
v  -36.0973 211.8201 -25.1745
v  -48.9192 210.9977 -15.8562
v  -22.2412 213.8375 -20.7897
v  -31.4567 212.1122 -25.4668
v  -49.7414 211.8201 -11.5305
v  -26.8160 211.8201 -25.1745
v  -50.0337 212.1122 -6.8898
v  -45.9780 214.9112 -2.1354
v  -22.4903 210.9977 -24.3523
v  -49.7414 211.8201 -2.2492
v  -48.9192 210.9978 2.0766
v  -47.7363 209.8170 5.7633
v  -44.1098 209.8170 9.3898
v  -46.6272 208.7041 8.2807
v  -40.4231 210.9978 10.5727
v  -36.0973 211.8201 11.3949
v  -31.4567 215.2674 7.8771
v  -31.4567 212.1122 11.6872
v  -26.8160 211.8201 11.3949
v  -22.4903 210.9978 10.5727
v  -41.5745 217.2607 -1.9095
v  -31.4567 219.2590 -1.5778
v  -18.8036 209.8170 9.3898
v  -21.7627 215.9460 2.8042
v  -16.2862 208.7041 8.2807
v  -15.1771 209.8170 5.7633
v  -26.2523 218.7517 -1.6854
v  -13.9942 210.9978 2.0766
v  -13.1720 211.8201 -2.2492
v  -26.1447 219.2590 -6.8898
v  -21.1477 217.6961 -6.8898
v  -16.6898 215.2674 -6.8898
v  -12.8797 212.1122 -6.8898
v  -15.1771 209.8170 -19.5429
v  -16.2862 208.7041 -22.0603
v  -18.8036 209.8170 -23.1694
v  -13.9942 210.9977 -15.8562
v  -13.1720 211.8201 -11.5305
v  -47.6812 180.9670 9.3347
v  -51.6905 184.3975 6.9610
v  -48.8601 184.6463 10.5136
v  -52.7591 179.1128 -2.1516
v  -49.6806 188.9575 11.3342
v  -50.0264 193.5827 11.6799
v  -49.7414 198.1788 11.3949
v  -52.8319 198.2928 7.6315
v  -48.9192 202.5060 10.5727
v  -53.7936 183.9214 -16.5511
v  -47.7363 206.1973 9.3898
v  -56.6655 198.7424 -1.6854
v  -47.6812 180.9670 -23.1143
v  -48.8601 184.6463 -24.2932
v  -49.6806 188.9575 -25.1138
v  -51.7573 202.7560 -20.7897
v  -50.0337 193.5363 -25.4668
v  -49.7414 198.1788 -25.1745
v  -52.8319 208.0555 -2.1354
v  -48.9192 202.5060 -24.3523
v  -47.7363 206.1973 -23.1694
v  -15.2322 180.9670 9.3347
v  -22.2716 179.7319 13.3440
v  -14.0533 184.6463 10.5136
v  -13.2327 188.9575 11.3342
v  -26.4929 183.4983 16.7594
v  -12.8870 193.5827 11.6799
v  -13.1720 198.1788 11.3949
v  -16.9354 198.2928 14.4854
v  -13.9942 202.5060 10.5727
v  -41.1179 183.9214 15.4471
v  -15.1771 206.1973 9.3898
v  -26.7023 208.0555 14.4854
v  -45.9780 198.2928 14.4854
v  -36.2111 208.0555 14.4854
v  -9.7981 178.8679 -6.8898
v  -9.1198 183.9214 2.7715
v  -7.3720 183.3089 -6.8898
v  -5.8132 188.2886 -6.8898
v  -5.1951 193.5827 -6.8898
v  -10.1543 188.8445 7.5801
v  -5.7383 198.8506 -6.8898
v  -7.3043 203.8488 -6.8898
v  -7.7397 203.6588 -1.9095
v  -9.7254 208.3008 -6.8898
v  -15.2322 180.9670 -23.1143
v  -10.1543 179.1128 -11.6280
v  -14.0533 184.6463 -24.2932
v  -13.2327 188.9575 -25.1138
v  -9.7254 193.5363 -21.6567
v  -12.8797 193.5363 -25.4668
v  -13.1720 198.1788 -25.1745
v  -5.7383 193.5363 -12.2018
v  -13.9942 202.5060 -24.3523
v  -15.1771 206.1973 -23.1694
v  -11.1561 207.4355 -16.1053
v  -36.1949 179.1128 -28.1922
v  -41.7657 193.5363 -31.0422
v  -21.7954 183.9214 -29.2267
v  -41.1507 203.2334 -29.2911
v  -17.5568 202.7560 -27.1904
v  -36.2110 208.0555 -28.2650
v  -48.7046 122.8418 -36.3678
v  -41.8002 120.7459 -36.6821
v  -41.9514 120.0304 -29.3701
v  -47.4368 127.6566 -48.8961
v  -55.2322 125.6481 -29.3701
v  -34.4882 119.1591 -29.3701
v  -41.8002 120.7459 -22.0581
v  -34.4882 120.0304 -36.8333
v  -57.3605 133.3088 -47.1549
v  -59.0225 131.6468 -41.9681
v  -55.8001 134.8692 -50.6820
v  -52.2730 133.3088 -52.2424
v  -60.1792 130.4901 -35.8904
v  -47.0861 131.6468 -53.9044
v  -60.5898 130.0795 -29.3701
v  -41.0085 130.4901 -55.0611
v  -60.1792 130.4901 -22.8498
v  -34.4882 130.0795 -55.4717
v  -27.8085 126.1503 -49.7689
v  -59.0225 131.6468 -16.7721
v  -27.9679 130.4901 -55.0611
v  -47.4368 127.6566 -9.8441
v  -57.3605 133.3088 -11.5853
v  -21.8902 131.6468 -53.9044
v  -27.4905 122.8418 -43.5865
v  -27.0249 120.0304 -29.3701
v  -20.0048 122.2279 -29.3701
v  -13.7441 125.6481 -29.3701
v  -14.9622 127.6566 -42.3188
v  -8.3866 130.0795 -29.3701
v  -8.7971 130.4901 -35.8904
v  -9.9539 131.6468 -41.9681
v  -11.6159 133.3088 -47.1549
v  -16.7034 133.3088 -52.2424
v  -13.1763 134.8692 -50.6820
v  -34.4882 120.0304 -21.9069
v  -27.1762 120.7459 -22.0581
v  -20.8683 124.6918 -15.7502
v  -34.4882 125.6481 -8.6260
v  -27.9679 130.4901 -3.6790
v  -34.4882 130.0795 -3.2685
v  -41.0085 130.4901 -3.6790
v  -47.0861 131.6468 -4.8358
v  -52.2730 133.3088 -6.4978
v  -55.8001 134.8692 -8.0582
v  -21.8902 131.6468 -4.8358
v  -16.7034 133.3088 -6.4978
v  -13.1763 134.8692 -8.0582
v  -11.6159 133.3088 -11.5853
v  -9.9539 131.6468 -16.7721
v  -8.7971 130.4901 -22.8498
v  -41.8250 191.6629 -36.7069
v  -34.4882 193.2031 -29.3701
v  -34.4882 192.3780 -36.8586
v  -48.1542 187.7076 -43.0362
v  -41.9767 192.3780 -29.3701
v  -52.3258 179.0673 -52.3201
v  -47.1284 180.7318 -53.9877
v  -55.8747 177.4984 -50.7566
v  -57.4382 179.0673 -47.2077
v  -34.4882 190.1748 -43.9031
v  -41.0303 181.8911 -55.1468
v  -59.1058 180.7318 -42.0104
v  -27.7858 186.2488 -49.8414
v  -34.4882 182.3029 -55.5588
v  -60.2649 181.8911 -35.9122
v  -27.9461 181.8911 -55.1468
v  -60.6769 182.3029 -29.3701
v  -54.9595 186.2488 -22.6677
v  -21.4967 184.7352 -48.9654
v  -21.8479 180.7318 -53.9877
v  -60.2649 181.8911 -22.8280
v  -59.1058 180.7318 -16.7299
v  -57.4382 179.0673 -11.5325
v  -52.3258 179.0673 -6.4201
v  -55.8747 177.4984 -7.9836
v  -47.1284 180.7319 -4.7525
v  -41.0303 181.8911 -3.5934
v  -34.4882 186.7510 -8.5527
v  -34.4882 182.3029 -3.1814
v  -27.9461 181.8911 -3.5934
v  -21.8479 180.7319 -4.7525
v  -48.7517 189.5609 -22.3492
v  -34.4882 192.3781 -21.8816
v  -16.6506 179.0673 -6.4201
v  -20.8221 187.7076 -15.7041
v  -13.1017 177.4984 -7.9836
v  -11.5382 179.0673 -11.5325
v  -27.1514 191.6629 -22.0333
v  -9.8706 180.7318 -16.7299
v  -8.7115 181.8911 -22.8280
v  -26.9997 192.3780 -29.3701
v  -19.9552 190.1748 -29.3701
v  -13.6707 186.7510 -29.3701
v  -8.2995 182.3029 -29.3701
v  -11.5382 179.0673 -47.2077
v  -13.1017 177.4984 -50.7566
v  -16.6506 179.0673 -52.3201
v  -9.8706 180.7318 -42.0104
v  -8.7115 181.8911 -35.9122
v  -57.3605 138.3963 -6.4978
v  -63.0127 143.2324 -9.8441
v  -59.0225 143.5831 -4.8358
v  -67.8275 141.9647 -22.3724
v  -60.1792 149.6608 -3.6791
v  -60.6666 156.1811 -3.1917
v  -64.5190 135.7823 -36.0498
v  -60.2649 162.6604 -3.5934
v  -64.6217 162.8212 -8.8988
v  -59.1058 168.7606 -4.7525
v  -65.9775 142.5612 -42.9900
v  -57.4382 173.9645 -6.4201
v  -66.0682 169.7861 -15.7041
v  -57.3605 138.3963 -52.2424
v  -59.0225 143.5831 -53.9044
v  -60.1792 149.6608 -55.0612
v  -63.1068 169.1130 -48.9654
v  -60.6769 156.1157 -55.5588
v  -60.2649 162.6604 -55.1468
v  -64.6217 176.5840 -22.6677
v  -64.6217 176.5840 -36.0725
v  -59.1058 168.7606 -53.9877
v  -57.4382 173.9645 -52.3201
v  -11.6159 138.3963 -6.4978
v  -21.5395 136.6551 -0.8456
v  -9.9539 143.5831 -4.8358
v  -8.7971 149.6608 -3.6791
v  -34.4882 135.4370 1.1629
v  -8.3098 156.1811 -3.1917
v  -8.7115 162.6604 -3.5934
v  -14.0169 162.8212 0.7634
v  -9.8706 168.7606 -4.7525
v  -48.1081 142.5612 2.1192
v  -11.5382 173.9645 -6.4201
v  -20.8221 169.7861 2.2099
v  -54.8870 149.5014 0.6607
v  -54.9595 162.8212 0.7634
v  -27.7858 176.5841 0.7634
v  -41.1906 176.5841 0.7634
v  -3.9552 135.4370 -29.3701
v  -2.9989 142.5612 -15.7502
v  -0.5350 141.6977 -29.3701
v  1.6625 148.7179 -29.3701
v  1.8223 156.1811 -22.1475
v  2.5338 156.1811 -29.3701
v  -4.4574 149.5014 -8.9713
v  1.7681 163.6075 -29.3701
v  -0.4395 170.6537 -29.3701
v  -1.0534 170.3858 -22.3492
v  -4.3547 162.8212 -8.8988
v  -3.8527 176.9299 -29.3701
v  -5.8695 175.7100 -16.3786
v  -11.6159 138.3963 -52.2424
v  -5.9637 136.6551 -42.3188
v  -9.9539 143.5831 -53.9044
v  -4.4574 149.5014 -49.7689
v  -8.7971 149.6608 -55.0612
v  -8.2995 156.1157 -55.5588
v  -8.7115 162.6604 -55.1468
v  -1.0534 163.1399 -43.6336
v  -0.4395 156.1157 -43.9031
v  -9.8706 168.7606 -53.9877
v  -11.5382 173.9645 -52.3201
v  -5.8695 175.7100 -42.3616
v  -54.0142 143.2324 -57.8946
v  -41.1679 135.7823 -59.4009
v  -55.3056 156.1157 -60.0056
v  -34.4882 141.6977 -63.3233
v  -20.8683 142.5612 -60.8594
v  -48.1542 169.7861 -60.9502
v  -14.8929 169.1131 -57.9888
v  -41.1906 176.5840 -59.5036
v  -27.7858 176.5840 -59.5036
v  -40.4387 127.9649 5.5873
v  -35.5411 126.4782 5.3644
v  -35.6484 125.9707 10.5512
v  -39.5395 131.3803 -3.2996
v  -45.0691 129.9556 10.5512
v  -30.3543 125.3526 10.5512
v  -35.5411 126.4782 15.7379
v  -30.3543 125.9707 5.2571
v  -46.5788 135.3897 -2.0645
v  -47.7577 134.2108 1.6148
v  -45.4719 136.4966 -4.5664
v  -42.9700 135.3897 -5.6733
v  -48.5783 133.3902 5.9260
v  -39.2907 134.2108 -6.8523
v  -48.8695 133.0990 10.5512
v  -34.9795 133.3902 -7.6728
v  -48.5783 133.3902 15.1764
v  -30.3543 133.0990 -7.9640
v  -25.3905 127.9649 0.4667
v  -47.7577 134.2108 19.4875
v  -25.7291 133.3902 -7.6728
v  -39.5395 131.3803 24.4019
v  -46.5788 135.3897 23.1668
v  -21.4180 134.2108 -6.8523
v  -20.2699 127.9649 5.5873
v  -25.0602 125.9707 10.5512
v  -20.0805 127.5295 10.5512
v  -15.6395 129.9556 10.5512
v  -11.8392 133.0990 10.5512
v  -12.1304 133.3902 5.9260
v  -12.9509 134.2108 1.6148
v  -14.1299 135.3897 -2.0645
v  -17.7387 135.3897 -5.6733
v  -15.2368 136.4966 -4.5664
v  -30.3543 125.9707 15.8452
v  -25.1675 126.4782 15.7379
v  -20.6931 129.2772 20.2124
v  -30.3543 129.9556 25.2660
v  -25.7291 133.3902 28.7751
v  -30.3543 133.0990 29.0663
v  -34.9795 133.3902 28.7751
v  -39.2907 134.2108 27.9546
v  -42.9700 135.3897 26.7756
v  -45.4719 136.4966 25.6687
v  -21.4180 134.2108 27.9546
v  -17.7387 135.3897 26.7756
v  -15.2368 136.4966 25.6687
v  -14.1299 135.3897 23.1668
v  -12.9509 134.2108 19.4875
v  -12.1304 133.3902 15.1764
v  -35.5587 176.7832 5.3468
v  -30.3543 177.8757 10.5511
v  -30.3543 177.2905 5.2392
v  -40.0483 173.9775 0.8571
v  -35.6663 177.2905 10.5511
v  -43.0075 167.8485 -5.7285
v  -39.3207 169.0293 -6.9114
v  -45.5249 166.7356 -4.6194
v  -46.6339 167.8485 -2.1020
v  -30.3543 175.7276 0.2421
v  -34.9950 169.8516 -7.7336
v  -47.8168 169.0293 1.5848
v  -21.1388 171.8690 -3.3488
v  -30.3543 170.1437 -8.0258
v  -48.6391 169.8516 5.9105
v  -25.7137 169.8516 -7.7336
v  -48.9313 170.1437 10.5511
v  -44.8756 172.9427 15.3055
v  -21.3880 169.0293 -6.9114
v  -48.6391 169.8516 15.1918
v  -47.8168 169.0293 19.5175
v  -46.6339 167.8485 23.2043
v  -43.0075 167.8485 26.8307
v  -45.5249 166.7356 25.7217
v  -39.3207 169.0293 28.0137
v  -34.9950 169.8516 28.8359
v  -30.3543 173.2989 25.3180
v  -30.3543 170.1437 29.1281
v  -25.7137 169.8516 28.8359
v  -21.3880 169.0293 28.0137
v  -40.4721 175.2922 15.5314
v  -30.3543 177.2905 15.8631
v  -17.7012 167.8485 26.8307
v  -20.6603 173.9775 20.2452
v  -15.1838 166.7356 25.7217
v  -14.0747 167.8485 23.2043
v  -25.1499 176.7832 15.7555
v  -12.8918 169.0293 19.5175
v  -12.0696 169.8516 15.1918
v  -25.0424 177.2905 10.5511
v  -20.0453 175.7276 10.5511
v  -15.5875 173.2989 10.5511
v  -11.7774 170.1437 10.5511
v  -14.0747 167.8485 -2.1020
v  -15.1838 166.7356 -4.6194
v  -17.7012 167.8485 -5.7285
v  -12.8918 169.0293 1.5848
v  -12.0696 169.8516 5.9105
v  -46.5788 138.9985 26.7756
v  -50.5882 142.4290 24.4019
v  -47.7577 142.6778 27.9546
v  -51.6567 137.1443 15.2894
v  -48.5783 146.9890 28.7751
v  -48.9240 151.6142 29.1208
v  -48.6391 156.2103 28.8359
v  -51.7295 156.3243 25.0725
v  -47.8168 160.5375 28.0137
v  -52.6913 141.9529 0.8899
v  -46.6339 164.2288 26.8307
v  -55.5631 156.7739 15.7555
v  -46.5788 138.9985 -5.6733
v  -47.7577 142.6778 -6.8523
v  -48.5783 146.9890 -7.6728
v  -50.6550 160.7874 -3.3487
v  -48.9313 151.5678 -8.0258
v  -48.6391 156.2103 -7.7336
v  -51.7295 166.0870 15.3055
v  -47.8168 160.5375 -6.9114
v  -46.6339 164.2288 -5.7285
v  -14.1299 138.9985 26.7756
v  -16.5035 142.4290 30.7850
v  -12.9509 142.6778 27.9546
v  -25.3905 141.5298 34.2004
v  -12.1304 146.9890 28.7751
v  -11.7847 151.6142 29.1208
v  -35.0925 137.1443 31.8535
v  -12.0696 156.2103 28.8359
v  -15.8330 156.3243 31.9264
v  -12.8918 160.5375 28.0137
v  -14.0747 164.2288 26.8307
v  -25.6000 166.0870 31.9264
v  -44.8242 146.8759 31.8535
v  -44.8756 156.3243 31.9264
v  -35.1087 166.0870 31.9264
v  -8.6957 136.8994 10.5512
v  -8.0174 141.9529 20.2124
v  -6.2696 141.3404 10.5512
v  -4.7108 146.3201 10.5512
v  -4.0928 151.6142 10.5512
v  -9.0520 146.8759 25.0210
v  -4.6360 156.8821 10.5512
v  -6.2019 161.8803 10.5511
v  -6.6374 161.6903 15.5315
v  -8.6230 166.3323 10.5511
v  -14.1299 138.9985 -5.6733
v  -9.0520 137.1443 5.8129
v  -12.9509 142.6778 -6.8523
v  -12.1304 146.9890 -7.6728
v  -8.6230 151.5678 -4.2157
v  -11.7774 151.5678 -8.0258
v  -12.0696 156.2103 -7.7336
v  -4.6360 151.5678 5.2392
v  -12.8918 160.5375 -6.9114
v  -14.0747 164.2288 -5.7285
v  -10.0537 165.4670 1.3356
v  -44.2051 142.4290 -9.6827
v  -45.1212 151.5678 -11.1802
v  -30.3543 141.3404 -13.5336
v  -20.6931 141.9529 -11.7858
v  -40.0483 161.2649 -11.8502
v  -16.4544 160.7875 -9.7495
v  -35.1087 166.0870 -10.8241
v  -3.8131 128.0817 17.3943
v  16.4115 128.0816 -23.6936
v  -14.3128 224.4966 6.9962
v  -4.5223 176.1653 -55.5431
v  -4.3032 186.7713 48.2057
v  6.2992 176.2599 50.3504
v  -45.0561 186.7713 7.4527
v  -42.9041 176.1653 -24.1511
v  -46.0942 176.1653 -13.9712
v  27.3007 176.1653 -52.3529
v  -45.9417 165.4748 -3.1496
v  -41.8790 166.1476 17.3943
v  6.2992 163.6075 -94.1303
v  20.8322 156.1157 -91.9227
v  6.2992 148.7178 -94.0247
v  51.5666 156.1157 -58.6972
v  -41.9767 156.1157 -65.6264
v  -1.1893 161.2338 9.0193
v  -15.7562 203.7535 -36.6500
v  6.2992 165.4748 49.0912
v  51.7183 163.4550 13.0969
v  59.0551 156.1811 14.5810
v  -15.6045 211.0928 35.1441
v  -8.2677 203.8189 36.6282
v  16.9016 186.7713 48.2057
v  -29.2386 168.5732 52.6124
v  -27.7494 161.2338 30.7425
v  -29.8515 153.8360 45.2756
v  -43.8056 211.0928 6.9431
v  -42.3164 203.7535 -14.9268
v  -44.4184 196.3556 -0.3937
v  -70.0260 163.4550 -22.0333
v  -68.5368 156.1157 -43.9031
v  -70.6389 148.7178 -29.3701
v  23.5173 163.4550 -15.1041
v  25.0065 156.1157 -36.9740
v  22.9044 148.7178 -22.4410
v  -29.2386 163.4550 -50.5372
v  -27.7494 156.1157 -72.4071
v  -29.8515 148.7178 -57.8740
v  -19.9552 156.1157 -63.4188
v  73.5881 156.1157 -56.4896
v  6.2653 203.7535 -34.4424
v  20.8322 161.2338 11.2269
v  17.1208 176.1653 -55.5431
v  6.2992 155.3301 -52.2150
v  6.2992 186.9917 -55.5431
v  42.6712 145.1898 -0.8847
v  32.3622 139.9421 -2.3758
v  -21.1477 193.5363 -31.0422
v  -31.4567 188.2886 -32.5333
v  -8.2338 156.1157 -91.9227
v  -8.2677 196.3556 35.7569
v  59.0551 148.7178 13.7097
v  -1.0376 168.5732 80.8134
v  6.2992 161.2993 82.2975
v  -41.8250 163.4550 6.1677
v  -34.4882 156.1811 7.6519
v  -1.0376 163.4550 -22.3362
v  6.2992 156.1811 -20.8521
v  32.3622 145.2362 49.5292
v  -30.3543 151.6142 36.8127
v  -55.6091 193.5363 -17.1988
v  -57.1002 188.2886 -6.8898
v  8.2098 145.1898 12.9587
v  6.7187 139.9422 23.2677
v  -54.5068 151.5678 0.2421
v  -55.9978 146.3201 10.5512
v  -20.0453 151.5678 -13.6013
v  13.2969 141.9647 -24.5347
v  13.2969 147.0828 78.6149
v  -27.4905 141.9647 3.9692
v  59.0551 163.6075 -58.6972
v  -34.4882 163.6075 -65.6264
v  -8.2677 211.2453 -36.6500
v  6.2992 168.7256 9.0193
v  -31.4567 193.5827 19.3718
v  -14.2447 166.1476 -51.3278
v  16.4115 155.7159 45.0286
# 1620 vertices

vn -0.3828 -0.1887 0.9043
vn -0.1982 -0.1982 0.9599
vn -0.2033 0.0000 0.9791
vn -0.3670 -0.3670 0.8547
vn -0.3890 0.0000 0.9212
vn 0.0000 0.0000 1.0000
vn -0.1982 0.1982 0.9599
vn -0.1887 -0.3828 0.9043
vn 0.0000 -0.2033 0.9791
vn -0.6201 -0.4805 0.6201
vn -0.4964 -0.4964 0.7122
vn -0.6647 -0.3411 0.6647
vn -0.5774 -0.5774 0.5774
vn -0.4805 -0.6201 0.6201
vn -0.5509 -0.1805 0.8148
vn -0.6960 -0.1769 0.6960
vn -0.3411 -0.6647 0.6647
vn -0.3492 -0.5273 0.7746
vn -0.5596 0.0000 0.8288
vn -0.7071 0.0000 0.7071
vn -0.1769 -0.6960 0.6960
vn -0.1805 -0.5509 0.8148
vn -0.5509 0.1805 0.8148
vn -0.6960 0.1769 0.6960
vn 0.0000 -0.7071 0.7071
vn 0.0000 -0.5596 0.8288
vn -0.5273 0.3492 0.7746
vn -0.6647 0.3411 0.6647
vn 0.1769 -0.6960 0.6960
vn 0.1805 -0.5509 0.8148
vn -0.3492 0.5273 0.7746
vn -0.6201 0.4805 0.6201
vn 0.3411 -0.6647 0.6647
vn 0.3492 -0.5273 0.7746
vn 0.1982 -0.1982 0.9599
vn 0.2033 0.0000 0.9791
vn 0.3890 0.0000 0.9212
vn 0.3828 -0.1887 0.9043
vn 0.5596 0.0000 0.8288
vn 0.5509 -0.1805 0.8148
vn 0.7071 0.0000 0.7071
vn 0.6960 -0.1769 0.6960
vn 0.5273 -0.3492 0.7746
vn 0.6647 -0.3411 0.6647
vn 0.6201 -0.4805 0.6201
vn 0.4805 -0.6201 0.6201
vn 0.5774 -0.5774 0.5774
vn 0.0000 0.2033 0.9791
vn 0.1982 0.1982 0.9599
vn 0.1887 0.3828 0.9043
vn 0.0000 0.3890 0.9212
vn 0.1769 0.6960 0.6960
vn 0.0000 0.7071 0.7071
vn 0.0000 0.5596 0.8288
vn -0.1769 0.6960 0.6960
vn -0.1805 0.5509 0.8148
vn -0.3411 0.6647 0.6647
vn -0.4805 0.6201 0.6201
vn -0.5774 0.5774 0.5774
vn 0.3411 0.6647 0.6647
vn 0.1805 0.5509 0.8148
vn 0.4805 0.6201 0.6201
vn 0.4964 0.4964 0.7122
vn 0.5774 0.5774 0.5774
vn 0.6201 0.4805 0.6201
vn 0.5273 0.3492 0.7746
vn 0.6647 0.3411 0.6647
vn 0.5509 0.1805 0.8148
vn 0.6960 0.1769 0.6960
vn 0.3828 0.1887 0.9043
vn -0.1972 -0.1972 -0.9603
vn 0.0000 0.0000 -1.0000
vn 0.0000 -0.2014 -0.9795
vn -0.1885 -0.3823 -0.9046
vn -0.3823 -0.1885 -0.9046
vn -0.2014 0.0000 -0.9795
vn -0.4804 -0.6199 -0.6205
vn -0.4962 -0.4962 -0.7124
vn -0.3414 -0.6646 -0.6647
vn -0.5771 -0.5771 -0.5779
vn -0.6199 -0.4804 -0.6205
vn -0.1805 -0.5507 -0.8150
vn -0.1769 -0.6961 -0.6959
vn -0.6646 -0.3414 -0.6647
vn -0.5271 -0.3496 -0.7746
vn 0.0000 -0.5594 -0.8289
vn 0.0000 -0.7072 -0.7070
vn -0.6961 -0.1769 -0.6959
vn -0.5507 -0.1805 -0.8150
vn 0.1805 -0.5507 -0.8150
vn 0.1769 -0.6961 -0.6959
vn -0.7072 0.0000 -0.7070
vn -0.5594 0.0000 -0.8289
vn 0.3496 -0.5271 -0.7746
vn 0.3414 -0.6646 -0.6647
vn -0.6961 0.1769 -0.6959
vn -0.5507 0.1805 -0.8150
vn -0.6646 0.3414 -0.6647
vn -0.5271 0.3496 -0.7746
vn -0.6199 0.4804 -0.6205
vn -0.3496 0.5271 -0.7746
vn -0.4804 0.6199 -0.6205
vn -0.5771 0.5771 -0.5779
vn -0.3414 0.6646 -0.6647
vn -0.1769 0.6961 -0.6959
vn -0.1805 0.5507 -0.8150
vn 0.0000 0.7072 -0.7070
vn 0.1769 0.6961 -0.6959
vn 0.0000 0.5594 -0.8289
vn 0.3414 0.6646 -0.6647
vn 0.1805 0.5507 -0.8150
vn -0.1972 0.1972 -0.9603
vn 0.0000 0.2014 -0.9795
vn 0.4804 0.6199 -0.6205
vn 0.4962 0.4962 -0.7124
vn 0.5771 0.5771 -0.5779
vn 0.6199 0.4804 -0.6205
vn 0.1885 0.3823 -0.9046
vn 0.1972 0.1972 -0.9603
vn 0.6646 0.3414 -0.6647
vn 0.5271 0.3496 -0.7746
vn 0.6961 0.1769 -0.6959
vn 0.5507 0.1805 -0.8150
vn 0.3823 0.1885 -0.9046
vn 0.2014 0.0000 -0.9795
vn 0.3883 0.0000 -0.9215
vn 0.5594 0.0000 -0.8289
vn 0.7072 0.0000 -0.7070
vn 0.6199 -0.4804 -0.6205
vn 0.5771 -0.5771 -0.5779
vn 0.4804 -0.6199 -0.6205
vn 0.6646 -0.3414 -0.6647
vn 0.6961 -0.1769 -0.6959
vn 0.5271 -0.3496 -0.7746
vn 0.5507 -0.1805 -0.8150
vn 0.3823 -0.1885 -0.9046
vn 0.1972 -0.1972 -0.9603
vn -0.6201 0.6201 0.4805
vn -0.7746 0.5273 0.3492
vn -0.6647 0.6647 0.3411
vn -0.7746 0.3492 0.5273
vn -0.6950 0.6950 0.1840
vn -0.8148 0.1805 0.5509
vn -0.7071 0.7071 0.0090
vn -0.8288 0.0000 0.5596
vn -0.6962 0.6962 -0.1751
vn -0.8306 0.5568 0.0086
vn -0.8148 -0.1805 0.5509
vn -0.6646 0.6646 -0.3414
vn -0.8163 0.5490 -0.1794
vn -0.7122 -0.4964 0.4964
vn -0.6200 0.6200 -0.4809
vn -0.7125 0.4959 -0.4964
vn -0.6201 -0.6201 0.4805
vn -0.7746 -0.5273 0.3492
vn -0.6647 -0.6647 0.3411
vn -0.6947 -0.6947 0.1867
vn -0.8290 -0.5591 0.0095
vn -0.7071 -0.7071 0.0100
vn -0.8154 -0.5501 -0.1805
vn -0.6960 -0.6960 -0.1768
vn -0.7749 0.3492 -0.5269
vn -0.8153 0.1805 -0.5502
vn -0.8292 0.0000 -0.5590
vn -0.8153 -0.1805 -0.5502
vn -0.7749 -0.3492 -0.5269
vn -0.7750 -0.5266 -0.3494
vn -0.6646 -0.6646 -0.3414
vn -0.6200 -0.6200 -0.4809
vn 0.6201 0.6201 0.4805
vn 0.5273 0.7746 0.3492
vn 0.6647 0.6647 0.3411
vn 0.3492 0.7746 0.5273
vn 0.6950 0.6950 0.1840
vn 0.1805 0.8148 0.5509
vn 0.5488 0.8146 0.1878
vn 0.7071 0.7071 0.0090
vn 0.0000 0.8288 0.5596
vn 0.6962 0.6962 -0.1751
vn 0.5568 0.8306 0.0086
vn -0.1805 0.8148 0.5509
vn 0.6646 0.6646 -0.3414
vn 0.5490 0.8163 -0.1794
vn -0.4964 0.7122 0.4964
vn 0.6200 0.6200 -0.4809
vn 0.4959 0.7125 -0.4964
vn -0.5488 0.8146 0.1878
vn -0.5568 0.8306 0.0086
vn -0.5490 0.8163 -0.1794
vn 0.3492 0.7749 -0.5269
vn 0.1805 0.8153 -0.5502
vn 0.0000 0.8292 -0.5590
vn -0.1805 0.8153 -0.5502
vn -0.3492 0.7749 -0.5269
vn -0.5266 0.7750 -0.3494
vn 0.8288 0.0000 0.5596
vn 0.8148 0.1805 0.5509
vn 0.9212 0.0000 0.3890
vn 0.7122 0.4964 0.4964
vn 0.9043 0.1887 0.3828
vn 0.9783 -0.0003 0.2073
vn 0.9593 0.1947 0.2044
vn 1.0000 -0.0009 0.0070
vn 0.8146 0.5488 0.1878
vn 0.9797 -0.0006 -0.2005
vn 0.9804 0.1967 0.0069
vn 0.9216 0.0000 -0.3881
vn 0.9607 0.1949 -0.1976
vn 0.8306 0.5568 0.0086
vn 0.8292 0.0000 -0.5590
vn 0.9047 0.1886 -0.3820
vn 0.8163 0.5490 -0.1794
vn 0.8153 0.1805 -0.5502
vn 0.7750 0.5266 -0.3494
vn 0.7749 0.3492 -0.5269
vn 0.6201 -0.6201 0.4805
vn 0.7746 -0.3492 0.5273
vn 0.6647 -0.6647 0.3411
vn 0.8134 -0.5498 0.1898
vn 0.6947 -0.6947 0.1867
vn 0.8148 -0.1805 0.5509
vn 0.7071 -0.7071 0.0100
vn 0.9043 -0.1887 0.3828
vn 0.6960 -0.6960 -0.1768
vn 0.8290 -0.5591 0.0095
vn 0.9591 -0.1962 0.2040
vn 0.6646 -0.6646 -0.3414
vn 0.8154 -0.5501 -0.1805
vn 0.9798 -0.1998 0.0076
vn 0.6200 -0.6200 -0.4809
vn 0.7125 -0.4959 -0.4964
vn 0.9606 -0.1966 -0.1965
vn 0.9047 -0.1886 -0.3820
vn 0.7749 -0.3492 -0.5269
vn 0.8153 -0.1805 -0.5502
vn -0.5273 -0.7746 0.3492
vn -0.3492 -0.7746 0.5273
vn -0.1805 -0.8148 0.5509
vn -0.5498 -0.8134 0.1898
vn 0.0000 -0.8288 0.5596
vn -0.5591 -0.8290 0.0095
vn 0.1805 -0.8148 0.5509
vn -0.5501 -0.8154 -0.1805
vn 0.4964 -0.7122 0.4964
vn -0.4959 -0.7125 -0.4964
vn 0.5273 -0.7746 0.3492
vn 0.5591 -0.8290 0.0095
vn 0.5501 -0.8154 -0.1805
vn -0.3492 -0.7749 -0.5269
vn -0.1805 -0.8153 -0.5502
vn 0.0000 -0.8292 -0.5590
vn 0.1805 -0.8153 -0.5502
vn 0.3492 -0.7749 -0.5269
vn 0.5266 -0.7750 -0.3494
vn 0.7746 -0.5273 0.3492
vn -0.1887 0.3828 0.9043
vn -0.3828 0.1887 0.9043
vn 0.0000 -0.3883 -0.9215
vn -0.3883 0.0000 -0.9215
vn 0.0000 0.3883 -0.9215
vn 0.0000 -0.3890 0.9212
vn -0.3818 -0.9048 -0.1886
vn -0.1998 -0.9798 0.0076
vn -0.3883 -0.9215 0.0086
vn -0.1949 0.9607 -0.1976
vn -0.3847 0.9230 0.0076
vn -0.1967 0.9804 0.0069
vn -0.9797 -0.0006 -0.2005
vn -0.9606 -0.1966 -0.1965
vn -0.9798 -0.1998 0.0076
vn 0.0000 -0.9216 -0.3881
vn 0.1886 -0.9047 -0.3820
vn 0.1966 -0.9606 -0.1965
vn -0.9593 0.1947 0.2044
vn -0.9038 0.3803 0.1963
vn -0.9230 0.3847 0.0076
vn 0.0000 -0.9798 -0.1999
vn 0.1998 -0.9798 0.0076
vn -0.1887 0.9043 0.3828
vn 0.0000 0.9782 0.2076
vn -0.1947 0.9593 0.2044
vn 0.0000 0.9216 -0.3881
vn 0.0000 0.9796 -0.2010
vn 0.1962 -0.9591 0.2040
vn 0.0000 -0.9783 0.2070
vn 0.0000 -1.0000 0.0073
vn 0.0000 -0.9212 0.3890
vn -0.1887 -0.9043 0.3828
vn -0.1962 -0.9591 0.2040
vn 0.9230 0.3847 0.0076
vn -0.9216 0.0000 -0.3881
vn -0.3670 0.8547 0.3670
vn -0.3803 0.9038 0.1963
vn -0.9215 -0.3883 0.0086
vn -0.9047 -0.1886 -0.3820
vn 0.1887 -0.9043 0.3828
vn 0.3883 -0.9215 0.0086
vn 0.1947 0.9593 0.2044
vn 0.3847 0.9230 0.0076
vn 0.1967 0.9804 0.0069
vn 0.3663 0.8553 -0.3665
vn 0.1949 0.9607 -0.1976
vn 0.3799 0.9055 -0.1889
vn -0.9804 0.1967 0.0069
vn -0.3821 -0.9029 0.1970
vn -0.9043 0.1887 0.3828
vn -0.9043 -0.1887 0.3828
vn -0.9212 0.0000 0.3890
vn -0.9783 -0.0003 0.2073
vn -0.8547 -0.3670 0.3670
vn -0.9591 -0.1962 0.2040
vn -0.9029 -0.3821 0.1970
vn -0.1886 0.9047 -0.3820
vn 0.3803 0.9038 0.1963
vn 0.9048 -0.3818 -0.1886
vn -0.3669 0.3669 -0.8549
vn 0.9055 0.3799 -0.1889
vn 0.1886 0.9047 -0.3820
vn -0.1886 -0.9047 -0.3820
vn -0.3663 -0.8553 -0.3665
vn -0.1966 -0.9606 -0.1965
vn -0.8553 0.3663 -0.3665
vn -0.9607 0.1949 -0.1976
vn -0.9055 0.3799 -0.1889
vn -0.9047 0.1886 -0.3820
vn 0.3663 -0.8553 -0.3665
vn 0.3818 -0.9048 -0.1886
vn -0.8553 -0.3663 -0.3665
vn -0.9048 -0.3818 -0.1886
vn 0.3669 -0.3669 -0.8549
vn 0.8553 0.3663 -0.3665
vn 0.9029 -0.3821 0.1970
vn 0.8547 0.3670 0.3670
vn 0.9038 0.3803 0.1963
vn -0.3663 0.8553 -0.3665
vn -0.3799 0.9055 -0.1889
vn 0.8547 -0.3670 0.3670
vn 0.3670 -0.8547 0.3670
vn 0.3821 -0.9029 0.1970
vn -0.8547 0.3670 0.3670
vn 0.3670 -0.3670 0.8547
vn 0.0000 0.9212 0.3890
vn 0.1887 0.9043 0.3828
vn -0.3670 -0.8547 0.3670
vn -0.3670 0.3670 0.8547
vn 0.3669 0.3669 -0.8549
vn 0.3670 0.3670 0.8547
vn 0.1885 -0.3823 -0.9046
vn 0.3670 0.8547 0.3670
vn 0.8553 -0.3663 -0.3665
vn -1.0000 -0.0009 0.0070
vn 0.9215 -0.3883 0.0086
vn -0.3823 0.1885 -0.9046
vn 0.1887 -0.3828 0.9043
vn -0.3669 -0.3669 -0.8549
# 355 vertex normals

o Sphere__8_
g Sphere__8_
s off
f 834//792 835//793 836//794 
f 837//795 835//793 834//792 
f 834//792 836//794 838//796 
f 835//793 839//797 836//794 
f 840//798 838//796 836//794 
f 837//799 841//800 835//793 
f 835//793 841//800 839//797 
f 842//801 837//802 843//803 
f 844//804 837//802 842//801 
f 844//804 845//805 837//802 
f 843//803 838//806 846//807 
f 845//805 847//808 848//809 
f 846//807 838//810 849//811 
f 847//808 850//812 848//813 
f 851//814 852//815 849//811 
f 850//812 853//816 854//817 
f 851//818 855//819 852//815 
f 853//816 856//820 854//821 
f 857//822 858//823 855//819 
f 856//820 859//824 854//825 
f 841//800 860//826 861//827 
f 841//800 861//827 839//797 
f 860//826 862//828 861//827 
f 860//829 863//830 862//828 
f 864//831 865//832 863//830 
f 864//831 866//833 865//832 
f 864//834 867//835 866//833 
f 864//834 868//836 867//835 
f 859//824 869//837 864//834 
f 869//837 868//836 864//834 
f 869//837 870//838 868//836 
f 871//839 836//794 839//797 
f 872//840 871//839 839//797 
f 873//841 871//839 872//840 
f 874//842 840//798 871//839 
f 871//839 840//798 836//794 
f 875//843 876//844 874//845 
f 876//844 877//846 874//847 
f 877//846 878//848 857//822 
f 878//848 879//849 857//822 
f 879//849 858//823 857//822 
f 879//849 880//850 858//823 
f 881//851 875//843 874//852 
f 882//853 881//851 873//854 
f 883//855 882//853 873//854 
f 883//855 873//854 884//856 
f 884//856 885//857 886//858 
f 886//858 885//859 887//860 
f 885//861 872//840 861//827 
f 872//840 839//797 861//827 
f 885//861 861//827 862//828 
f 885//859 862//828 863//830 
f 887//860 885//859 863//830 
f 887//860 863//830 865//832 
f 888//862 889//863 890//864 
f 891//865 888//862 890//864 
f 891//866 892//867 888//862 
f 888//862 892//867 889//863 
f 893//868 894//869 895//870 
f 896//871 894//869 893//868 
f 896//871 897//872 894//869 
f 895//870 898//873 899//874 
f 897//872 900//875 901//876 
f 899//874 902//877 903//878 
f 900//875 904//879 901//880 
f 902//881 905//882 903//878 
f 904//879 906//883 907//884 
f 908//885 909//886 905//882 
f 906//883 910//887 907//888 
f 910//887 911//889 907//890 
f 911//889 912//891 913//892 
f 912//891 914//893 913//892 
f 912//891 915//894 914//893 
f 913//892 914//893 916//895 
f 913//892 916//895 917//896 
f 918//897 917//896 919//898 
f 920//899 918//900 919//898 
f 921//901 918//902 920//899 
f 892//867 922//903 923//904 
f 892//867 923//904 889//863 
f 924//905 925//906 921//901 
f 926//907 925//906 924//905 
f 926//907 927//908 925//906 
f 925//909 928//910 923//904 
f 928//910 889//863 923//904 
f 927//908 929//911 930//912 
f 929//911 931//913 930//914 
f 930//915 932//916 928//910 
f 928//910 932//916 889//863 
f 930//915 933//917 932//916 
f 930//914 934//918 933//917 
f 931//913 934//918 930//914 
f 931//913 935//919 934//918 
f 936//920 937//921 938//922 
f 936//920 938//922 908//885 
f 908//885 938//922 909//886 
f 939//923 936//920 908//885 
f 940//924 939//923 941//925 
f 935//919 940//924 941//926 
f 935//919 941//926 934//918 
f 934//918 942//927 933//917 
f 933//917 942//928 932//916 
f 932//916 942//928 890//864 
f 932//916 890//864 889//863 
f 858//823 880//850 943//929 
f 858//823 943//929 944//930 
f 855//819 858//823 944//930 
f 944//930 943//929 945//931 
f 852//815 855//819 946//932 
f 944//930 945//931 947//933 
f 849//811 852//815 946//934 
f 944//930 947//933 948//935 
f 846//807 849//811 949//936 
f 950//937 951//938 948//935 
f 843//803 846//807 949//939 
f 952//940 951//941 950//937 
f 842//801 843//803 953//942 
f 954//943 955//944 952//940 
f 844//804 842//801 953//942 
f 844//804 953//942 956//945 
f 956//945 957//946 958//947 
f 958//947 957//946 959//948 
f 959//948 960//949 961//950 
f 960//951 962//952 961//950 
f 915//894 955//944 954//943 
f 915//894 912//891 955//944 
f 912//891 911//889 963//953 
f 911//889 910//887 963//954 
f 910//887 906//883 963//955 
f 906//883 904//879 964//956 
f 904//879 900//875 964//957 
f 965//958 966//959 962//952 
f 900//875 897//872 965//958 
f 965//958 967//960 966//959 
f 897//872 967//960 965//958 
f 897//872 896//871 967//960 
f 882//853 883//855 968//961 
f 882//853 968//961 969//962 
f 881//851 882//853 969//962 
f 969//962 968//961 970//963 
f 875//843 881//851 971//964 
f 969//962 970//963 972//965 
f 876//844 875//843 971//966 
f 973//967 972//965 974//968 
f 877//846 876//844 975//969 
f 976//970 977//971 974//968 
f 878//848 877//846 975//972 
f 978//973 977//974 976//970 
f 879//849 878//848 979//975 
f 980//976 981//977 978//973 
f 880//850 879//849 979//975 
f 880//850 979//975 943//929 
f 943//929 982//978 945//931 
f 945//931 982//978 947//933 
f 947//933 983//979 948//935 
f 983//980 950//937 948//935 
f 926//907 981//977 980//976 
f 926//907 924//905 981//977 
f 924//905 921//901 984//981 
f 921//901 920//899 984//982 
f 920//899 919//898 984//983 
f 919//898 917//896 985//984 
f 917//896 916//895 985//985 
f 986//986 952//940 950//937 
f 916//895 914//893 986//986 
f 986//986 954//943 952//940 
f 914//893 954//943 986//986 
f 914//893 915//894 954//943 
f 887//860 865//832 987//987 
f 887//860 987//987 988//988 
f 886//858 887//860 988//988 
f 988//988 987//987 989//989 
f 884//856 886//858 990//990 
f 990//991 989//989 991//992 
f 883//855 884//856 990//990 
f 883//855 990//990 968//961 
f 992//993 991//992 993//994 
f 968//961 994//995 970//963 
f 995//996 992//997 993//994 
f 970//963 994//995 972//965 
f 996//998 997//999 995//996 
f 972//965 998//1000 974//968 
f 999//1001 997//1002 996//998 
f 998//1003 976//970 974//968 
f 935//919 1000//1004 999//1001 
f 935//919 931//913 1000//1004 
f 998//1005 978//973 976//970 
f 931//913 929//911 1000//1006 
f 1000//1006 980//976 978//973 
f 929//911 927//908 1000//1006 
f 927//908 980//976 1000//1006 
f 927//908 926//907 980//976 
f 868//836 870//838 1001//1007 
f 868//836 1001//1007 1002//1008 
f 867//835 868//836 1002//1008 
f 1002//1008 1001//1007 1003//1009 
f 866//833 867//835 1002//1008 
f 1004//1010 1003//1009 1005//1011 
f 865//832 866//833 1002//1012 
f 865//832 1002//1012 987//987 
f 1004//1010 1005//1011 1006//1013 
f 987//987 1007//1014 989//989 
f 1008//1015 1009//1016 1006//1013 
f 989//989 1010//1017 991//992 
f 1011//1018 1009//1019 1008//1015 
f 991//992 1010//1020 993//994 
f 1012//1021 1013//1022 1011//1018 
f 1014//1023 995//996 993//994 
f 937//921 1013//1022 1012//1021 
f 937//921 936//920 1013//1022 
f 1013//1024 996//998 995//996 
f 936//920 939//923 1015//1025 
f 1015//1026 999//1001 996//998 
f 939//923 940//924 1015//1026 
f 940//924 999//1001 1015//1026 
f 940//924 935//919 999//1001 
f 845//805 844//804 956//945 
f 845//805 956//945 1016//1027 
f 847//808 845//805 1016//1027 
f 1016//1027 956//945 958//947 
f 850//812 847//808 1017//1028 
f 1016//1027 958//947 959//948 
f 853//816 850//812 1017//1029 
f 1018//1030 959//948 961//950 
f 856//820 853//816 1019//1031 
f 962//952 1018//1032 961//950 
f 859//824 856//820 1019//1033 
f 966//959 1018//1034 962//952 
f 869//837 859//824 1020//1035 
f 967//960 1021//1036 966//959 
f 870//838 869//837 1020//1035 
f 870//838 1020//1035 1001//1007 
f 1001//1007 1022//1037 1003//1009 
f 1003//1009 1022//1037 1005//1011 
f 1005//1011 1023//1038 1006//1013 
f 1023//1039 1008//1015 1006//1013 
f 896//871 1021//1036 967//960 
f 896//871 893//868 1021//1036 
f 893//868 895//870 1024//1040 
f 895//870 899//874 1024//1041 
f 899//874 903//878 1024//1042 
f 903//878 905//882 1025//1043 
f 905//882 909//886 1025//1044 
f 1026//1045 1011//1018 1008//1015 
f 909//886 938//922 1026//1045 
f 1026//1045 1012//1021 1011//1018 
f 938//922 1012//1021 1026//1045 
f 938//922 937//921 1012//1021 
f 1027//792 1028//793 1029//794 
f 1030//795 1028//793 1027//792 
f 1027//792 1029//794 1031//796 
f 1028//793 1032//797 1029//794 
f 1033//798 1031//796 1029//794 
f 1030//799 1034//800 1028//793 
f 1028//793 1034//800 1032//797 
f 1035//801 1030//809 1036//803 
f 1037//804 1030//809 1035//801 
f 1037//804 1038//805 1030//809 
f 1036//803 1031//806 1039//807 
f 1038//805 1040//808 1030//809 
f 1039//807 1031//810 1041//811 
f 1040//808 1042//812 1030//813 
f 1031//814 1043//815 1041//811 
f 1042//812 1044//816 1045//817 
f 1031//818 1046//819 1043//815 
f 1044//816 1047//820 1045//821 
f 1048//822 1049//823 1046//819 
f 1047//820 1050//824 1045//825 
f 1034//800 1051//826 1052//827 
f 1034//800 1052//827 1032//797 
f 1051//826 1053//828 1052//827 
f 1051//829 1054//830 1053//828 
f 1051//831 1055//832 1054//830 
f 1051//831 1056//833 1055//832 
f 1051//834 1057//835 1056//833 
f 1045//825 1058//836 1057//835 
f 1050//824 1059//837 1045//825 
f 1059//837 1058//836 1045//825 
f 1059//837 1060//838 1058//836 
f 1061//839 1029//794 1032//797 
f 1062//840 1061//839 1032//797 
f 1063//841 1061//839 1062//840 
f 1064//842 1033//798 1061//839 
f 1061//839 1033//798 1029//794 
f 1065//843 1066//844 1064//845 
f 1066//844 1067//846 1064//847 
f 1067//846 1068//848 1048//822 
f 1068//848 1069//849 1048//822 
f 1069//849 1049//823 1048//822 
f 1069//849 1070//850 1049//823 
f 1071//851 1065//843 1064//852 
f 1072//853 1071//851 1063//854 
f 1073//855 1072//853 1063//854 
f 1073//855 1063//854 1074//856 
f 1074//856 1063//854 1075//858 
f 1075//858 1063//859 1076//860 
f 1063//861 1062//840 1052//827 
f 1062//840 1032//797 1052//827 
f 1063//861 1052//827 1053//828 
f 1063//859 1053//828 1054//830 
f 1076//860 1063//859 1054//830 
f 1076//860 1054//830 1055//832 
f 1077//862 1078//863 1079//864 
f 1080//865 1077//862 1079//864 
f 1080//866 1081//867 1077//862 
f 1077//862 1081//867 1078//863 
f 1082//868 1080//876 1083//870 
f 1084//871 1080//876 1082//868 
f 1084//871 1085//872 1080//876 
f 1083//870 1086//873 1087//874 
f 1085//872 1088//875 1080//876 
f 1087//874 1089//877 1090//878 
f 1088//875 1091//879 1080//880 
f 1089//881 1092//882 1090//878 
f 1091//879 1093//883 1094//884 
f 1089//885 1095//886 1092//882 
f 1093//883 1096//887 1094//888 
f 1096//887 1097//889 1094//890 
f 1097//889 1098//891 1094//892 
f 1098//891 1099//893 1094//892 
f 1098//891 1100//894 1099//893 
f 1094//892 1099//893 1101//895 
f 1094//892 1101//895 1102//896 
f 1103//897 1102//896 1104//898 
f 1105//899 1103//900 1104//898 
f 1106//901 1103//902 1105//899 
f 1081//867 1107//903 1108//904 
f 1081//867 1108//904 1078//863 
f 1109//905 1110//906 1106//901 
f 1111//907 1110//906 1109//905 
f 1111//907 1112//908 1110//906 
f 1110//909 1113//910 1108//904 
f 1113//910 1078//863 1108//904 
f 1112//908 1114//911 1110//906 
f 1114//911 1115//913 1110//914 
f 1110//915 1116//916 1113//910 
f 1113//910 1116//916 1078//863 
f 1110//915 1117//917 1116//916 
f 1110//914 1118//918 1117//917 
f 1115//913 1118//918 1110//914 
f 1115//913 1119//919 1118//918 
f 1120//920 1121//921 1122//922 
f 1120//920 1122//922 1089//885 
f 1089//885 1122//922 1095//886 
f 1123//923 1120//920 1089//885 
f 1124//924 1123//923 1089//925 
f 1119//919 1124//924 1089//926 
f 1119//919 1089//926 1118//918 
f 1118//918 1086//927 1117//917 
f 1117//917 1086//928 1116//916 
f 1116//916 1086//928 1079//864 
f 1116//916 1079//864 1078//863 
f 1049//823 1070//850 1125//929 
f 1049//823 1125//929 1126//930 
f 1046//819 1049//823 1126//930 
f 1126//930 1125//929 1127//931 
f 1043//815 1046//819 1128//932 
f 1126//930 1127//931 1129//933 
f 1041//811 1043//815 1128//934 
f 1126//930 1129//933 1130//935 
f 1039//807 1041//811 1128//936 
f 1131//937 1132//938 1130//935 
f 1036//803 1039//807 1128//939 
f 1133//940 1132//941 1131//937 
f 1035//801 1036//803 1134//942 
f 1135//943 1136//944 1133//940 
f 1037//804 1035//801 1134//942 
f 1037//804 1134//942 1137//945 
f 1137//945 1134//946 1138//947 
f 1138//947 1134//946 1139//948 
f 1139//948 1140//949 1141//950 
f 1140//951 1142//952 1141//950 
f 1100//894 1136//944 1135//943 
f 1100//894 1098//891 1136//944 
f 1098//891 1097//889 1143//953 
f 1097//889 1096//887 1143//954 
f 1096//887 1093//883 1143//955 
f 1093//883 1091//879 1140//956 
f 1091//879 1088//875 1140//957 
f 1140//958 1144//959 1142//952 
f 1088//875 1085//872 1140//958 
f 1140//958 1145//960 1144//959 
f 1085//872 1145//960 1140//958 
f 1085//872 1084//871 1145//960 
f 1072//853 1073//855 1146//961 
f 1072//853 1146//961 1147//962 
f 1071//851 1072//853 1147//962 
f 1147//962 1146//961 1148//963 
f 1065//843 1071//851 1149//964 
f 1147//962 1148//963 1150//965 
f 1066//844 1065//843 1149//966 
f 1147//962 1150//965 1151//968 
f 1067//846 1066//844 1152//969 
f 1153//970 1154//971 1151//968 
f 1068//848 1067//846 1152//972 
f 1155//973 1154//974 1153//970 
f 1069//849 1068//848 1152//975 
f 1156//976 1157//981 1155//973 
f 1070//850 1069//849 1152//975 
f 1070//850 1152//975 1125//929 
f 1125//929 1158//978 1127//931 
f 1127//931 1158//978 1129//933 
f 1129//933 1159//979 1130//935 
f 1159//980 1131//937 1130//935 
f 1111//907 1157//981 1156//976 
f 1111//907 1109//905 1157//981 
f 1109//905 1106//901 1157//981 
f 1106//901 1105//899 1157//982 
f 1105//899 1104//898 1157//983 
f 1104//898 1102//896 1160//984 
f 1102//896 1101//895 1160//985 
f 1159//986 1133//940 1131//937 
f 1101//895 1099//893 1159//986 
f 1159//986 1135//943 1133//940 
f 1099//893 1135//943 1159//986 
f 1099//893 1100//894 1135//943 
f 1076//860 1055//832 1161//987 
f 1076//860 1161//987 1162//988 
f 1075//858 1076//860 1162//988 
f 1162//988 1161//987 1163//989 
f 1074//856 1075//858 1162//990 
f 1162//991 1163//989 1164//992 
f 1073//855 1074//856 1162//990 
f 1073//855 1162//990 1146//961 
f 1162//993 1164//992 1165//994 
f 1146//961 1166//995 1148//963 
f 1167//996 1162//997 1165//994 
f 1148//963 1166//995 1150//965 
f 1168//998 1169//999 1167//996 
f 1150//965 1166//1000 1151//968 
f 1170//1001 1169//1002 1168//998 
f 1166//1003 1153//970 1151//968 
f 1119//919 1169//1004 1170//1001 
f 1119//919 1115//913 1169//1004 
f 1166//1005 1155//973 1153//970 
f 1115//913 1114//911 1169//1006 
f 1169//1006 1156//976 1155//973 
f 1114//911 1112//908 1169//1006 
f 1112//908 1156//976 1169//1006 
f 1112//908 1111//907 1156//976 
f 1058//836 1060//838 1171//1007 
f 1058//836 1171//1007 1172//1046 
f 1057//835 1058//836 1172//1046 
f 1172//1046 1171//1007 1173//1009 
f 1056//833 1057//835 1172//1008 
f 1172//1046 1173//1009 1174//1011 
f 1055//832 1056//833 1172//1012 
f 1055//832 1172//1012 1161//987 
f 1175//1010 1174//1011 1176//1013 
f 1161//987 1172//1014 1163//989 
f 1177//1015 1175//1016 1176//1013 
f 1163//989 1178//1017 1164//992 
f 1179//1018 1175//1019 1177//1015 
f 1164//992 1178//1020 1165//994 
f 1180//1021 1181//1025 1179//1018 
f 1178//1023 1167//996 1165//994 
f 1121//921 1181//1025 1180//1021 
f 1121//921 1120//920 1181//1025 
f 1181//1024 1168//998 1167//996 
f 1120//920 1123//923 1181//1025 
f 1181//1026 1170//1001 1168//998 
f 1123//923 1124//924 1181//1026 
f 1124//924 1170//1001 1181//1026 
f 1124//924 1119//919 1170//1001 
f 1038//805 1037//804 1137//945 
f 1038//805 1137//945 1182//1027 
f 1040//808 1038//805 1182//1027 
f 1182//1027 1137//945 1138//947 
f 1042//812 1040//808 1182//1028 
f 1182//1027 1138//947 1139//948 
f 1044//816 1042//812 1182//1029 
f 1183//1030 1139//948 1141//950 
f 1047//820 1044//816 1182//1031 
f 1142//952 1183//1032 1141//950 
f 1050//824 1047//820 1182//1033 
f 1144//959 1183//1034 1142//952 
f 1059//837 1050//824 1184//1035 
f 1145//960 1185//1036 1144//959 
f 1060//838 1059//837 1184//1035 
f 1060//838 1184//1035 1171//1007 
f 1171//1007 1184//1037 1173//1009 
f 1173//1009 1184//1037 1174//1011 
f 1174//1011 1186//1038 1176//1013 
f 1186//1039 1177//1015 1176//1013 
f 1084//871 1185//1036 1145//960 
f 1084//871 1082//868 1185//1036 
f 1082//868 1083//870 1187//1040 
f 1083//870 1087//874 1187//1041 
f 1087//874 1090//878 1187//1042 
f 1090//878 1092//882 1186//1043 
f 1092//882 1095//886 1186//1044 
f 1186//1045 1179//1018 1177//1015 
f 1095//886 1122//922 1186//1045 
f 1186//1045 1180//1021 1179//1018 
f 1122//922 1180//1021 1186//1045 
f 1122//922 1121//921 1180//1021 
f 1188//792 1189//793 1190//794 
f 1191//795 1189//793 1188//792 
f 1188//792 1190//794 1192//796 
f 1189//793 1193//797 1190//794 
f 1194//798 1192//796 1190//794 
f 1191//799 1195//800 1189//793 
f 1189//793 1195//800 1193//797 
f 1196//801 1191//809 1197//803 
f 1198//804 1191//809 1196//801 
f 1198//804 1199//805 1191//809 
f 1197//803 1192//806 1200//807 
f 1199//805 1201//808 1191//809 
f 1200//807 1192//810 1202//811 
f 1201//808 1203//812 1191//813 
f 1192//814 1204//815 1202//811 
f 1203//812 1205//816 1206//817 
f 1192//818 1207//819 1204//815 
f 1205//816 1208//820 1206//821 
f 1209//822 1210//823 1207//819 
f 1208//820 1211//824 1206//825 
f 1195//800 1212//826 1213//827 
f 1195//800 1213//827 1193//797 
f 1212//826 1214//828 1213//827 
f 1212//829 1215//830 1214//828 
f 1216//831 1217//832 1215//830 
f 1216//831 1218//833 1217//832 
f 1216//834 1219//835 1218//833 
f 1216//834 1220//836 1219//835 
f 1211//824 1221//837 1216//834 
f 1221//837 1220//836 1216//834 
f 1221//837 1222//838 1220//836 
f 1223//839 1190//794 1193//797 
f 1224//840 1223//839 1193//797 
f 1225//841 1223//839 1224//840 
f 1226//842 1194//798 1223//839 
f 1223//839 1194//798 1190//794 
f 1227//843 1228//844 1226//845 
f 1228//844 1229//846 1226//847 
f 1229//846 1230//848 1209//822 
f 1230//848 1231//849 1209//822 
f 1231//849 1210//823 1209//822 
f 1231//849 1232//850 1210//823 
f 1233//851 1227//843 1226//852 
f 1234//853 1233//851 1225//854 
f 1235//855 1234//853 1225//854 
f 1235//855 1225//854 1236//856 
f 1236//856 1225//854 1237//858 
f 1237//858 1225//859 1238//860 
f 1225//861 1224//840 1213//827 
f 1224//840 1193//797 1213//827 
f 1225//861 1213//827 1214//828 
f 1225//859 1214//828 1215//830 
f 1238//860 1225//859 1215//830 
f 1238//860 1215//830 1217//832 
f 1239//862 1240//863 1241//864 
f 1242//865 1239//862 1241//864 
f 1242//866 1243//867 1239//862 
f 1239//862 1243//867 1240//863 
f 1244//868 1242//876 1245//870 
f 1246//871 1242//876 1244//868 
f 1246//871 1247//872 1242//876 
f 1245//870 1248//873 1249//874 
f 1247//872 1250//875 1242//876 
f 1249//874 1248//877 1251//878 
f 1250//875 1252//879 1242//880 
f 1248//881 1253//882 1251//878 
f 1252//879 1254//883 1255//884 
f 1248//885 1256//886 1253//882 
f 1254//883 1257//887 1255//888 
f 1257//887 1258//889 1255//890 
f 1258//889 1259//891 1255//892 
f 1259//891 1260//893 1255//892 
f 1259//891 1261//894 1260//893 
f 1255//892 1260//893 1262//895 
f 1255//892 1262//895 1263//896 
f 1264//897 1263//896 1265//898 
f 1266//899 1264//900 1265//898 
f 1267//901 1264//902 1266//899 
f 1243//867 1268//903 1269//904 
f 1243//867 1269//904 1240//863 
f 1270//905 1271//906 1267//901 
f 1272//907 1271//906 1270//905 
f 1272//907 1273//908 1271//906 
f 1271//909 1274//910 1269//904 
f 1274//910 1240//863 1269//904 
f 1273//908 1275//911 1271//906 
f 1275//911 1276//913 1271//914 
f 1271//915 1277//916 1274//910 
f 1274//910 1277//916 1240//863 
f 1271//915 1278//917 1277//916 
f 1271//914 1279//918 1278//917 
f 1276//913 1279//918 1271//914 
f 1276//913 1280//919 1279//918 
f 1281//920 1282//921 1283//922 
f 1281//920 1283//922 1284//925 
f 1284//925 1283//922 1256//886 
f 1285//923 1281//920 1284//925 
f 1286//924 1285//923 1284//925 
f 1280//919 1286//924 1284//926 
f 1280//919 1284//926 1279//918 
f 1279//918 1284//927 1278//917 
f 1278//917 1287//928 1277//916 
f 1277//916 1287//928 1241//864 
f 1277//916 1241//864 1240//863 
f 1210//823 1232//850 1288//929 
f 1210//823 1288//929 1289//930 
f 1207//819 1210//823 1289//930 
f 1289//930 1288//929 1290//931 
f 1204//815 1207//819 1291//932 
f 1289//930 1290//931 1292//933 
f 1202//811 1204//815 1291//934 
f 1289//930 1292//933 1293//935 
f 1200//807 1202//811 1294//936 
f 1295//937 1296//938 1293//935 
f 1197//803 1200//807 1294//939 
f 1297//940 1296//941 1295//937 
f 1196//801 1197//803 1298//942 
f 1299//943 1300//944 1297//940 
f 1198//804 1196//801 1298//942 
f 1198//804 1298//942 1301//945 
f 1301//945 1298//946 1302//947 
f 1302//947 1298//946 1303//948 
f 1303//948 1304//949 1305//950 
f 1304//951 1306//952 1305//950 
f 1261//894 1300//944 1299//943 
f 1261//894 1259//891 1300//944 
f 1259//891 1258//889 1307//953 
f 1258//889 1257//887 1307//954 
f 1257//887 1254//883 1307//955 
f 1254//883 1252//879 1308//956 
f 1252//879 1250//875 1308//957 
f 1304//958 1309//959 1306//952 
f 1250//875 1247//872 1304//958 
f 1304//958 1310//960 1309//959 
f 1247//872 1310//960 1304//958 
f 1247//872 1246//871 1310//960 
f 1234//853 1235//855 1311//961 
f 1234//853 1311//961 1312//962 
f 1233//851 1234//853 1312//962 
f 1312//962 1311//961 1313//963 
f 1227//843 1233//851 1314//964 
f 1312//962 1313//963 1315//965 
f 1228//844 1227//843 1314//966 
f 1312//962 1315//965 1316//968 
f 1229//846 1228//844 1317//969 
f 1318//970 1319//971 1316//968 
f 1230//848 1229//846 1317//972 
f 1320//973 1319//974 1318//970 
f 1231//849 1230//848 1321//975 
f 1322//976 1323//977 1320//973 
f 1232//850 1231//849 1321//975 
f 1232//850 1321//975 1288//929 
f 1288//929 1324//978 1290//931 
f 1290//931 1324//978 1292//933 
f 1292//933 1325//979 1293//935 
f 1325//980 1295//937 1293//935 
f 1272//907 1323//977 1322//976 
f 1272//907 1270//905 1323//977 
f 1270//905 1267//901 1326//981 
f 1267//901 1266//899 1326//982 
f 1266//899 1265//898 1326//983 
f 1265//898 1263//896 1327//984 
f 1263//896 1262//895 1327//985 
f 1325//986 1297//940 1295//937 
f 1262//895 1260//893 1325//986 
f 1325//986 1299//943 1297//940 
f 1260//893 1299//943 1325//986 
f 1260//893 1261//894 1299//943 
f 1238//860 1217//832 1328//987 
f 1238//860 1328//987 1329//988 
f 1237//858 1238//860 1329//988 
f 1329//988 1328//987 1330//989 
f 1236//856 1237//858 1329//990 
f 1329//991 1330//989 1331//992 
f 1235//855 1236//856 1329//990 
f 1235//855 1329//990 1311//961 
f 1332//993 1331//992 1333//994 
f 1311//961 1334//995 1313//963 
f 1335//996 1332//997 1333//994 
f 1313//963 1334//995 1315//965 
f 1336//998 1337//999 1335//996 
f 1315//965 1338//1000 1316//968 
f 1339//1001 1337//1002 1336//998 
f 1338//1003 1318//970 1316//968 
f 1280//919 1340//1004 1339//1001 
f 1280//919 1276//913 1340//1004 
f 1338//1005 1320//973 1318//970 
f 1276//913 1275//911 1340//1006 
f 1340//1006 1322//976 1320//973 
f 1275//911 1273//908 1340//1006 
f 1273//908 1322//976 1340//1006 
f 1273//908 1272//907 1322//976 
f 1220//836 1222//838 1341//1007 
f 1220//836 1341//1007 1342//1008 
f 1219//835 1220//836 1342//1008 
f 1342//1008 1341//1007 1343//1009 
f 1218//833 1219//835 1342//1008 
f 1344//1010 1343//1009 1345//1011 
f 1217//832 1218//833 1342//1012 
f 1217//832 1342//1012 1328//987 
f 1344//1010 1345//1011 1346//1013 
f 1328//987 1342//1014 1330//989 
f 1347//1015 1348//1016 1346//1013 
f 1330//989 1349//1017 1331//992 
f 1350//1018 1348//1019 1347//1015 
f 1331//992 1349//1020 1333//994 
f 1351//1021 1352//1025 1350//1018 
f 1348//1023 1335//996 1333//994 
f 1282//921 1352//1025 1351//1021 
f 1282//921 1281//920 1352//1025 
f 1352//1024 1336//998 1335//996 
f 1281//920 1285//923 1352//1025 
f 1352//1026 1339//1001 1336//998 
f 1285//923 1286//924 1352//1026 
f 1286//924 1339//1001 1352//1026 
f 1286//924 1280//919 1339//1001 
f 1199//805 1198//804 1301//945 
f 1199//805 1301//945 1353//1027 
f 1201//808 1199//805 1353//1027 
f 1353//1027 1301//945 1302//947 
f 1203//812 1201//808 1354//1028 
f 1353//1027 1302//947 1303//948 
f 1205//816 1203//812 1354//1029 
f 1355//1030 1303//948 1305//950 
f 1208//820 1205//816 1356//1031 
f 1306//952 1355//1032 1305//950 
f 1211//824 1208//820 1356//1033 
f 1309//959 1355//1034 1306//952 
f 1221//837 1211//824 1357//1035 
f 1310//960 1358//1036 1309//959 
f 1222//838 1221//837 1357//1035 
f 1222//838 1357//1035 1341//1007 
f 1341//1007 1357//1037 1343//1009 
f 1343//1009 1357//1037 1345//1011 
f 1345//1011 1359//1038 1346//1013 
f 1359//1039 1347//1015 1346//1013 
f 1246//871 1358//1036 1310//960 
f 1246//871 1244//868 1358//1036 
f 1244//868 1245//870 1360//1040 
f 1245//870 1249//874 1360//1041 
f 1249//874 1251//878 1360//1042 
f 1251//878 1253//882 1361//1043 
f 1253//882 1256//886 1361//1044 
f 1359//1045 1350//1018 1347//1015 
f 1256//886 1283//922 1359//1045 
f 1359//1045 1351//1021 1350//1018 
f 1283//922 1351//1021 1359//1045 
f 1283//922 1282//921 1351//1021 
f 1362//792 1363//793 1364//794 
f 1365//795 1363//793 1362//792 
f 1362//792 1364//794 1366//796 
f 1363//793 1367//797 1364//794 
f 1368//798 1366//796 1364//794 
f 1365//799 1369//800 1363//793 
f 1363//793 1369//800 1367//797 
f 1370//801 1365//809 1371//803 
f 1372//804 1365//809 1370//801 
f 1372//804 1373//805 1365//809 
f 1371//803 1366//806 1374//807 
f 1373//805 1375//808 1365//809 
f 1374//807 1366//810 1376//811 
f 1375//808 1377//812 1365//813 
f 1366//814 1378//815 1376//811 
f 1377//812 1379//816 1380//817 
f 1366//818 1381//819 1378//815 
f 1379//816 1382//820 1380//821 
f 1383//822 1384//823 1381//819 
f 1382//820 1385//824 1386//825 
f 1369//800 1387//826 1388//827 
f 1369//800 1388//827 1367//797 
f 1387//826 1389//828 1388//827 
f 1387//829 1390//830 1389//828 
f 1387//831 1391//832 1390//830 
f 1387//831 1392//833 1391//832 
f 1387//834 1393//835 1392//833 
f 1386//825 1394//836 1393//835 
f 1385//824 1395//837 1386//825 
f 1395//837 1394//836 1386//825 
f 1395//837 1396//838 1394//836 
f 1397//839 1364//794 1367//797 
f 1398//840 1397//839 1367//797 
f 1399//841 1397//839 1398//840 
f 1400//842 1368//798 1397//839 
f 1397//839 1368//798 1364//794 
f 1401//843 1402//844 1400//845 
f 1402//844 1403//846 1400//847 
f 1403//846 1404//848 1383//822 
f 1404//848 1405//849 1383//822 
f 1405//849 1384//823 1383//822 
f 1405//849 1406//850 1384//823 
f 1407//851 1401//843 1400//852 
f 1408//853 1407//851 1399//854 
f 1409//855 1408//853 1399//854 
f 1409//855 1399//854 1410//856 
f 1410//856 1399//854 1411//858 
f 1411//858 1399//859 1412//860 
f 1399//861 1398//840 1388//827 
f 1398//840 1367//797 1388//827 
f 1399//861 1388//827 1389//828 
f 1399//859 1389//828 1390//830 
f 1412//860 1399//859 1390//830 
f 1412//860 1390//830 1391//832 
f 1413//862 1414//863 1415//864 
f 1416//865 1413//862 1415//864 
f 1416//866 1417//867 1413//862 
f 1413//862 1417//867 1414//863 
f 1418//868 1416//876 1419//870 
f 1420//871 1416//876 1418//868 
f 1420//871 1421//872 1416//876 
f 1419//870 1422//873 1423//874 
f 1421//872 1424//875 1416//876 
f 1423//874 1422//877 1425//878 
f 1424//875 1426//879 1416//880 
f 1422//881 1427//882 1425//878 
f 1426//879 1428//883 1429//884 
f 1422//885 1430//886 1427//882 
f 1428//883 1431//887 1429//888 
f 1431//887 1432//889 1429//890 
f 1432//889 1433//891 1429//892 
f 1433//891 1434//893 1429//892 
f 1433//891 1435//894 1434//893 
f 1429//892 1434//893 1436//895 
f 1429//892 1436//895 1437//896 
f 1438//897 1437//896 1439//898 
f 1440//899 1438//900 1439//898 
f 1441//901 1438//902 1440//899 
f 1417//867 1442//903 1443//904 
f 1417//867 1443//904 1414//863 
f 1444//905 1445//906 1441//901 
f 1446//907 1445//906 1444//905 
f 1446//907 1447//908 1445//906 
f 1445//909 1448//910 1443//904 
f 1448//910 1414//863 1443//904 
f 1447//908 1449//911 1445//906 
f 1449//911 1450//913 1445//914 
f 1445//915 1451//916 1448//910 
f 1448//910 1451//916 1414//863 
f 1445//915 1452//917 1451//916 
f 1445//914 1453//918 1452//917 
f 1450//913 1453//918 1445//914 
f 1450//913 1454//919 1453//918 
f 1455//920 1456//921 1457//922 
f 1455//920 1457//922 1458//925 
f 1458//925 1457//922 1430//886 
f 1459//923 1455//920 1458//925 
f 1460//924 1459//923 1458//925 
f 1454//919 1460//924 1458//926 
f 1454//919 1458//926 1453//918 
f 1453//918 1458//927 1452//917 
f 1452//917 1461//928 1451//916 
f 1451//916 1461//928 1415//864 
f 1451//916 1415//864 1414//863 
f 1384//823 1406//850 1462//929 
f 1384//823 1462//929 1463//930 
f 1381//819 1384//823 1463//930 
f 1463//930 1462//929 1464//931 
f 1378//815 1381//819 1465//932 
f 1463//930 1464//931 1466//933 
f 1376//811 1378//815 1465//934 
f 1463//930 1466//933 1467//935 
f 1374//807 1376//811 1468//936 
f 1469//937 1470//938 1467//935 
f 1371//803 1374//807 1468//939 
f 1471//940 1470//941 1469//937 
f 1370//801 1371//803 1472//942 
f 1473//943 1474//944 1471//940 
f 1372//804 1370//801 1472//942 
f 1372//804 1472//942 1475//945 
f 1475//945 1472//942 1476//947 
f 1476//947 1472//942 1477//948 
f 1477//948 1478//949 1479//950 
f 1478//951 1480//952 1479//950 
f 1435//894 1474//944 1473//943 
f 1435//894 1433//891 1474//944 
f 1433//891 1432//889 1481//953 
f 1432//889 1431//887 1481//954 
f 1431//887 1428//883 1481//955 
f 1428//883 1426//879 1482//956 
f 1426//879 1424//875 1482//957 
f 1478//958 1483//959 1480//952 
f 1424//875 1421//872 1478//958 
f 1478//958 1484//960 1483//959 
f 1421//872 1484//960 1478//958 
f 1421//872 1420//871 1484//960 
f 1408//853 1409//855 1485//961 
f 1408//853 1485//961 1486//964 
f 1407//851 1408//853 1486//964 
f 1486//964 1485//961 1487//963 
f 1401//843 1407//851 1486//964 
f 1486//967 1487//963 1488//965 
f 1402//844 1401//843 1489//966 
f 1486//967 1488//965 1490//968 
f 1403//846 1402//844 1489//969 
f 1491//970 1492//971 1490//968 
f 1404//848 1403//846 1489//972 
f 1493//973 1492//974 1491//970 
f 1405//849 1404//848 1494//975 
f 1495//976 1496//977 1493//973 
f 1406//850 1405//849 1494//975 
f 1406//850 1494//975 1462//929 
f 1462//929 1497//978 1464//931 
f 1464//931 1497//978 1466//933 
f 1466//933 1498//979 1467//935 
f 1498//980 1469//937 1467//935 
f 1446//907 1496//977 1495//976 
f 1446//907 1444//905 1496//977 
f 1444//905 1441//901 1499//981 
f 1441//901 1440//899 1499//982 
f 1440//899 1439//898 1499//983 
f 1439//898 1437//896 1500//984 
f 1437//896 1436//895 1500//985 
f 1498//986 1471//940 1469//937 
f 1436//895 1434//893 1498//986 
f 1498//986 1473//943 1471//940 
f 1434//893 1473//943 1498//986 
f 1434//893 1435//894 1473//943 
f 1412//860 1391//832 1501//987 
f 1412//860 1501//987 1502//988 
f 1411//858 1412//860 1502//988 
f 1502//988 1501//987 1503//989 
f 1410//856 1411//858 1502//990 
f 1502//991 1503//989 1504//992 
f 1409//855 1410//856 1502//990 
f 1409//855 1502//990 1485//961 
f 1505//993 1504//992 1506//994 
f 1485//961 1507//995 1487//963 
f 1508//996 1505//997 1506//994 
f 1487//963 1507//995 1488//965 
f 1509//998 1510//999 1508//996 
f 1488//965 1511//1000 1490//968 
f 1512//1001 1510//1002 1509//998 
f 1511//1003 1491//970 1490//968 
f 1454//919 1513//1004 1512//1001 
f 1454//919 1450//913 1513//1004 
f 1511//1005 1493//973 1491//970 
f 1450//913 1449//911 1513//1006 
f 1513//1006 1495//976 1493//973 
f 1449//911 1447//908 1513//1006 
f 1447//908 1495//976 1513//1006 
f 1447//908 1446//907 1495//976 
f 1394//836 1396//838 1514//1007 
f 1394//836 1514//1007 1515//1046 
f 1393//835 1394//836 1515//1046 
f 1515//1046 1514//1007 1516//1009 
f 1392//833 1393//835 1515//1008 
f 1515//1046 1516//1009 1517//1011 
f 1391//832 1392//833 1515//1012 
f 1391//832 1515//1012 1501//987 
f 1518//1010 1517//1011 1519//1013 
f 1501//987 1520//1014 1503//989 
f 1521//1015 1518//1016 1519//1013 
f 1503//989 1520//1017 1504//992 
f 1522//1018 1518//1019 1521//1015 
f 1504//992 1523//1020 1506//994 
f 1524//1021 1525//1025 1522//1018 
f 1523//1023 1508//996 1506//994 
f 1456//921 1525//1025 1524//1021 
f 1456//921 1455//920 1525//1025 
f 1525//1024 1509//998 1508//996 
f 1455//920 1459//923 1525//1025 
f 1525//1026 1512//1001 1509//998 
f 1459//923 1460//924 1525//1026 
f 1460//924 1512//1001 1525//1026 
f 1460//924 1454//919 1512//1001 
f 1373//805 1372//804 1475//945 
f 1373//805 1475//945 1526//1027 
f 1375//808 1373//805 1526//1027 
f 1526//1027 1475//945 1476//947 
f 1377//812 1375//808 1527//1028 
f 1526//1027 1476//947 1477//948 
f 1379//816 1377//812 1527//1029 
f 1528//1030 1477//948 1479//950 
f 1382//820 1379//816 1527//1031 
f 1480//952 1528//1032 1479//950 
f 1385//824 1382//820 1527//1033 
f 1483//959 1528//1034 1480//952 
f 1395//837 1385//824 1529//1035 
f 1484//960 1530//1036 1483//959 
f 1396//838 1395//837 1529//1035 
f 1396//838 1529//1035 1514//1007 
f 1514//1007 1529//1037 1516//1009 
f 1516//1009 1529//1037 1517//1011 
f 1517//1011 1531//1038 1519//1013 
f 1531//1039 1521//1015 1519//1013 
f 1420//871 1530//1036 1484//960 
f 1420//871 1418//868 1530//1036 
f 1418//868 1419//870 1532//1040 
f 1419//870 1423//874 1532//1041 
f 1423//874 1425//878 1532//1042 
f 1425//878 1427//882 1533//1043 
f 1427//882 1430//886 1533//1044 
f 1531//1045 1522//1018 1521//1015 
f 1430//886 1457//922 1531//1045 
f 1531//1045 1524//1021 1522//1018 
f 1457//922 1524//1021 1531//1045 
f 1457//922 1456//921 1524//1021 
f 1534//792 1535//793 1536//794 
f 1537//795 1535//793 1534//792 
f 1534//792 1536//794 1538//796 
f 1535//793 1539//797 1536//794 
f 1540//798 1538//796 1536//794 
f 1537//799 1541//800 1535//793 
f 1535//793 1541//800 1539//797 
f 1542//801 1537//809 1543//803 
f 1544//804 1537//809 1542//801 
f 1544//804 1545//805 1537//809 
f 1543//803 1538//806 1546//807 
f 1545//805 1547//808 1537//809 
f 1546//807 1538//810 1548//811 
f 1547//808 1549//812 1537//813 
f 1538//814 1550//815 1548//811 
f 1549//812 1551//816 1552//817 
f 1538//818 1553//819 1550//815 
f 1551//816 1554//820 1552//821 
f 1555//822 1556//823 1553//819 
f 1554//820 1557//824 1552//825 
f 1541//800 1558//826 1559//827 
f 1541//800 1559//827 1539//797 
f 1558//826 1560//828 1559//827 
f 1558//829 1561//830 1560//828 
f 1562//831 1563//832 1561//830 
f 1562//831 1564//833 1563//832 
f 1562//834 1565//835 1564//833 
f 1562//834 1566//836 1565//835 
f 1557//824 1567//837 1562//834 
f 1567//837 1566//836 1562//834 
f 1567//837 1568//838 1566//836 
f 1569//839 1536//794 1539//797 
f 1570//840 1569//839 1539//797 
f 1571//841 1569//839 1570//840 
f 1572//842 1540//798 1569//839 
f 1569//839 1540//798 1536//794 
f 1573//843 1574//844 1572//845 
f 1574//844 1575//846 1572//847 
f 1575//846 1576//848 1555//822 
f 1576//848 1577//849 1555//822 
f 1577//849 1556//823 1555//822 
f 1577//849 1578//850 1556//823 
f 1579//851 1573//843 1572//852 
f 1580//853 1579//851 1571//854 
f 1581//855 1580//853 1571//854 
f 1581//855 1571//854 1582//856 
f 1582//856 1571//854 1583//858 
f 1583//858 1571//859 1584//860 
f 1571//861 1570//840 1559//827 
f 1570//840 1539//797 1559//827 
f 1571//861 1559//827 1560//828 
f 1571//859 1560//828 1561//830 
f 1584//860 1571//859 1561//830 
f 1584//860 1561//830 1563//832 
f 1585//862 1586//863 1587//864 
f 1588//865 1585//862 1587//864 
f 1588//866 1589//867 1585//862 
f 1585//862 1589//867 1586//863 
f 1590//868 1588//876 1591//870 
f 1592//871 1588//876 1590//868 
f 1592//871 1593//872 1588//876 
f 1591//870 1594//873 1595//874 
f 1593//872 1596//875 1588//876 
f 1595//874 1597//877 1598//878 
f 1596//875 1599//879 1588//880 
f 1597//881 1600//882 1598//878 
f 1599//879 1601//883 1602//884 
f 1603//885 1604//886 1600//882 
f 1601//883 1605//887 1602//888 
f 1605//887 1606//889 1602//890 
f 1606//889 1607//891 1602//892 
f 1607//891 1608//893 1602//892 
f 1607//891 1609//894 1608//893 
f 1602//892 1608//893 1610//895 
f 1602//892 1610//895 1611//896 
f 1612//897 1611//896 1613//898 
f 1614//899 1612//900 1613//898 
f 1615//901 1612//902 1614//899 
f 1589//867 1616//903 1617//904 
f 1589//867 1617//904 1586//863 
f 1618//905 1619//906 1615//901 
f 1620//907 1619//906 1618//905 
f 1620//907 1621//908 1619//906 
f 1619//909 1622//910 1617//904 
f 1622//910 1586//863 1617//904 
f 1621//908 1623//911 1619//906 
f 1623//911 1624//913 1619//914 
f 1619//915 1625//916 1622//910 
f 1622//910 1625//916 1586//863 
f 1619//915 1626//917 1625//916 
f 1619//914 1627//918 1626//917 
f 1624//913 1627//918 1619//914 
f 1624//913 1628//919 1627//918 
f 1629//920 1630//921 1631//922 
f 1629//920 1631//922 1603//885 
f 1603//885 1631//922 1604//886 
f 1632//923 1629//920 1603//885 
f 1633//924 1632//923 1603//925 
f 1628//919 1633//924 1603//926 
f 1628//919 1603//926 1627//918 
f 1627//918 1594//927 1626//917 
f 1626//917 1594//928 1625//916 
f 1625//916 1594//928 1587//864 
f 1625//916 1587//864 1586//863 
f 1556//823 1578//850 1634//929 
f 1556//823 1634//929 1635//930 
f 1553//819 1556//823 1635//930 
f 1635//930 1634//929 1636//931 
f 1550//815 1553//819 1637//932 
f 1635//930 1636//931 1638//933 
f 1548//811 1550//815 1637//934 
f 1635//930 1638//933 1639//935 
f 1546//807 1548//811 1640//936 
f 1641//937 1642//938 1639//935 
f 1543//803 1546//807 1640//939 
f 1643//940 1642//941 1641//937 
f 1542//801 1543//803 1644//942 
f 1645//943 1646//944 1643//940 
f 1544//804 1542//801 1644//942 
f 1544//804 1644//942 1647//945 
f 1647//945 1644//946 1648//947 
f 1648//947 1644//946 1649//948 
f 1649//948 1650//949 1651//950 
f 1650//951 1652//952 1651//950 
f 1609//894 1646//944 1645//943 
f 1609//894 1607//891 1646//944 
f 1607//891 1606//889 1653//953 
f 1606//889 1605//887 1653//954 
f 1605//887 1601//883 1653//955 
f 1601//883 1599//879 1654//956 
f 1599//879 1596//875 1654//957 
f 1650//958 1655//959 1652//952 
f 1596//875 1593//872 1650//958 
f 1650//958 1656//960 1655//959 
f 1593//872 1656//960 1650//958 
f 1593//872 1592//871 1656//960 
f 1580//853 1581//855 1657//961 
f 1580//853 1657//961 1658//962 
f 1579//851 1580//853 1658//962 
f 1658//962 1657//961 1659//963 
f 1573//843 1579//851 1660//964 
f 1658//962 1659//963 1661//965 
f 1574//844 1573//843 1660//966 
f 1658//962 1661//965 1662//968 
f 1575//846 1574//844 1663//969 
f 1664//970 1665//971 1662//968 
f 1576//848 1575//846 1663//972 
f 1666//973 1665//974 1664//970 
f 1577//849 1576//848 1667//975 
f 1668//976 1669//977 1666//973 
f 1578//850 1577//849 1667//975 
f 1578//850 1667//975 1634//929 
f 1634//929 1670//978 1636//931 
f 1636//931 1670//978 1638//933 
f 1638//933 1671//979 1639//935 
f 1671//980 1641//937 1639//935 
f 1620//907 1669//977 1668//976 
f 1620//907 1618//905 1669//977 
f 1618//905 1615//901 1672//981 
f 1615//901 1614//899 1672//982 
f 1614//899 1613//898 1672//983 
f 1613//898 1611//896 1673//984 
f 1611//896 1610//895 1673//985 
f 1671//986 1643//940 1641//937 
f 1610//895 1608//893 1671//986 
f 1671//986 1645//943 1643//940 
f 1608//893 1645//943 1671//986 
f 1608//893 1609//894 1645//943 
f 1584//860 1563//832 1674//987 
f 1584//860 1674//987 1675//988 
f 1583//858 1584//860 1675//988 
f 1675//988 1674//987 1676//989 
f 1582//856 1583//858 1675//990 
f 1675//991 1676//989 1677//992 
f 1581//855 1582//856 1675//990 
f 1581//855 1675//990 1657//961 
f 1678//993 1677//992 1679//994 
f 1657//961 1680//995 1659//963 
f 1681//996 1678//997 1679//994 
f 1659//963 1680//995 1661//965 
f 1682//998 1683//999 1681//996 
f 1661//965 1684//1000 1662//968 
f 1685//1001 1683//1002 1682//998 
f 1684//1003 1664//970 1662//968 
f 1628//919 1686//1004 1685//1001 
f 1628//919 1624//913 1686//1004 
f 1684//1005 1666//973 1664//970 
f 1624//913 1623//911 1686//1006 
f 1686//1006 1668//976 1666//973 
f 1623//911 1621//908 1686//1006 
f 1621//908 1668//976 1686//1006 
f 1621//908 1620//907 1668//976 
f 1566//836 1568//838 1687//1007 
f 1566//836 1687//1007 1688//1008 
f 1565//835 1566//836 1688//1008 
f 1688//1008 1687//1007 1689//1009 
f 1564//833 1565//835 1688//1008 
f 1690//1010 1689//1009 1691//1011 
f 1563//832 1564//833 1688//1012 
f 1563//832 1688//1012 1674//987 
f 1690//1010 1691//1011 1692//1013 
f 1674//987 1688//1014 1676//989 
f 1693//1015 1690//1016 1692//1013 
f 1676//989 1694//1017 1677//992 
f 1695//1018 1690//1019 1693//1015 
f 1677//992 1694//1020 1679//994 
f 1696//1021 1697//1025 1695//1018 
f 1694//1023 1681//996 1679//994 
f 1630//921 1697//1025 1696//1021 
f 1630//921 1629//920 1697//1025 
f 1697//1024 1682//998 1681//996 
f 1629//920 1632//923 1697//1025 
f 1697//1026 1685//1001 1682//998 
f 1632//923 1633//924 1697//1026 
f 1633//924 1685//1001 1697//1026 
f 1633//924 1628//919 1685//1001 
f 1545//805 1544//804 1647//945 
f 1545//805 1647//945 1698//1027 
f 1547//808 1545//805 1698//1027 
f 1698//1027 1647//945 1648//947 
f 1549//812 1547//808 1699//1028 
f 1698//1027 1648//947 1649//948 
f 1551//816 1549//812 1699//1029 
f 1700//1030 1649//948 1651//950 
f 1554//820 1551//816 1701//1031 
f 1652//952 1700//1032 1651//950 
f 1557//824 1554//820 1701//1033 
f 1655//959 1700//1034 1652//952 
f 1567//837 1557//824 1702//1035 
f 1656//960 1703//1036 1655//959 
f 1568//838 1567//837 1702//1035 
f 1568//838 1702//1035 1687//1007 
f 1687//1007 1702//1037 1689//1009 
f 1689//1009 1702//1037 1691//1011 
f 1691//1011 1704//1038 1692//1013 
f 1704//1039 1693//1015 1692//1013 
f 1592//871 1703//1036 1656//960 
f 1592//871 1590//868 1703//1036 
f 1590//868 1591//870 1705//1040 
f 1591//870 1595//874 1705//1041 
f 1595//874 1598//878 1705//1042 
f 1598//878 1600//882 1706//1043 
f 1600//882 1604//886 1706//1044 
f 1704//1045 1695//1018 1693//1015 
f 1604//886 1631//922 1704//1045 
f 1704//1045 1696//1021 1695//1018 
f 1631//922 1696//1021 1704//1045 
f 1631//922 1630//921 1696//1021 
f 1707//792 1708//793 1709//794 
f 1710//795 1708//793 1707//792 
f 1707//792 1709//794 1711//796 
f 1708//793 1712//797 1709//794 
f 1713//798 1711//796 1709//794 
f 1710//799 1714//800 1708//793 
f 1708//793 1714//800 1712//797 
f 1715//801 1710//809 1716//803 
f 1717//804 1710//809 1715//801 
f 1717//804 1718//805 1710//809 
f 1716//803 1711//806 1719//807 
f 1718//805 1720//808 1710//809 
f 1719//807 1711//810 1721//811 
f 1720//808 1722//812 1710//813 
f 1711//814 1723//815 1721//811 
f 1722//812 1724//816 1725//817 
f 1711//818 1726//819 1723//815 
f 1724//816 1727//820 1725//821 
f 1728//822 1729//823 1726//819 
f 1727//820 1730//824 1725//825 
f 1714//800 1731//826 1732//827 
f 1714//800 1732//827 1712//797 
f 1731//826 1733//828 1732//827 
f 1731//829 1734//830 1733//828 
f 1735//831 1736//832 1734//830 
f 1735//831 1737//833 1736//832 
f 1735//834 1738//835 1737//833 
f 1735//834 1739//836 1738//835 
f 1730//824 1740//837 1735//834 
f 1740//837 1739//836 1735//834 
f 1740//837 1741//838 1739//836 
f 1742//839 1709//794 1712//797 
f 1743//840 1742//839 1712//797 
f 1744//841 1742//839 1743//840 
f 1745//842 1713//798 1742//839 
f 1742//839 1713//798 1709//794 
f 1746//843 1747//844 1745//845 
f 1747//844 1748//846 1745//847 
f 1748//846 1749//848 1728//822 
f 1749//848 1750//849 1728//822 
f 1750//849 1729//823 1728//822 
f 1750//849 1751//850 1729//823 
f 1752//851 1746//843 1745//852 
f 1753//853 1752//851 1744//854 
f 1754//855 1753//853 1744//854 
f 1754//855 1744//854 1755//856 
f 1755//856 1744//854 1756//858 
f 1756//858 1744//859 1757//860 
f 1744//861 1743//840 1732//827 
f 1743//840 1712//797 1732//827 
f 1744//861 1732//827 1733//828 
f 1744//859 1733//828 1734//830 
f 1757//860 1744//859 1734//830 
f 1757//860 1734//830 1736//832 
f 1758//862 1759//863 1760//864 
f 1761//865 1758//862 1760//864 
f 1761//866 1762//867 1758//862 
f 1758//862 1762//867 1759//863 
f 1763//868 1761//876 1764//870 
f 1765//871 1761//876 1763//868 
f 1765//871 1766//872 1761//876 
f 1764//870 1767//873 1768//874 
f 1766//872 1769//875 1761//876 
f 1768//874 1767//877 1770//878 
f 1769//875 1771//879 1761//880 
f 1767//881 1772//882 1770//878 
f 1771//879 1773//883 1774//884 
f 1767//885 1775//886 1772//882 
f 1773//883 1776//887 1774//888 
f 1776//887 1777//889 1774//890 
f 1777//889 1778//891 1774//892 
f 1778//891 1779//893 1774//892 
f 1778//891 1780//894 1779//893 
f 1774//892 1779//893 1781//895 
f 1774//892 1781//895 1782//896 
f 1783//897 1782//896 1784//898 
f 1785//899 1783//900 1784//898 
f 1786//901 1783//902 1785//899 
f 1762//867 1787//903 1788//904 
f 1762//867 1788//904 1759//863 
f 1789//905 1790//906 1786//901 
f 1791//907 1790//906 1789//905 
f 1791//907 1792//908 1790//906 
f 1790//909 1793//910 1788//904 
f 1793//910 1759//863 1788//904 
f 1792//908 1794//911 1790//906 
f 1794//911 1795//913 1790//914 
f 1790//915 1796//916 1793//910 
f 1793//910 1796//916 1759//863 
f 1790//915 1797//917 1796//916 
f 1790//914 1798//918 1797//917 
f 1795//913 1798//918 1790//914 
f 1795//913 1799//919 1798//918 
f 1800//920 1801//921 1802//922 
f 1800//920 1802//922 1803//925 
f 1803//925 1802//922 1775//886 
f 1804//923 1800//920 1803//925 
f 1805//924 1804//923 1803//925 
f 1799//919 1805//924 1803//926 
f 1799//919 1803//926 1798//918 
f 1798//918 1803//927 1797//917 
f 1797//917 1806//928 1796//916 
f 1796//916 1806//928 1760//864 
f 1796//916 1760//864 1759//863 
f 1729//823 1751//850 1807//929 
f 1729//823 1807//929 1808//930 
f 1726//819 1729//823 1808//930 
f 1808//930 1807//929 1809//931 
f 1723//815 1726//819 1810//932 
f 1808//930 1809//931 1811//933 
f 1721//811 1723//815 1810//934 
f 1808//930 1811//933 1812//935 
f 1719//807 1721//811 1813//936 
f 1814//937 1815//938 1812//935 
f 1716//803 1719//807 1813//939 
f 1816//940 1815//941 1814//937 
f 1715//801 1716//803 1817//942 
f 1818//943 1819//944 1816//940 
f 1717//804 1715//801 1817//942 
f 1717//804 1817//942 1820//945 
f 1820//945 1817//946 1821//947 
f 1821//947 1817//946 1822//948 
f 1822//948 1823//949 1824//950 
f 1823//951 1825//952 1824//950 
f 1780//894 1819//944 1818//943 
f 1780//894 1778//891 1819//944 
f 1778//891 1777//889 1826//953 
f 1777//889 1776//887 1826//954 
f 1776//887 1773//883 1826//955 
f 1773//883 1771//879 1827//956 
f 1771//879 1769//875 1827//957 
f 1823//958 1828//959 1825//952 
f 1769//875 1766//872 1823//958 
f 1823//958 1829//960 1828//959 
f 1766//872 1829//960 1823//958 
f 1766//872 1765//871 1829//960 
f 1753//853 1754//855 1830//961 
f 1753//853 1830//961 1831//964 
f 1752//851 1753//853 1831//964 
f 1831//964 1830//961 1832//963 
f 1746//843 1752//851 1831//964 
f 1831//967 1832//963 1833//965 
f 1747//844 1746//843 1834//966 
f 1831//967 1833//965 1835//968 
f 1748//846 1747//844 1834//969 
f 1836//970 1837//971 1835//968 
f 1749//848 1748//846 1834//972 
f 1838//973 1837//974 1836//970 
f 1750//849 1749//848 1839//975 
f 1840//976 1841//977 1838//973 
f 1751//850 1750//849 1839//975 
f 1751//850 1839//975 1807//929 
f 1807//929 1842//978 1809//931 
f 1809//931 1842//978 1811//933 
f 1811//933 1843//979 1812//935 
f 1843//980 1814//937 1812//935 
f 1791//907 1841//977 1840//976 
f 1791//907 1789//905 1841//977 
f 1789//905 1786//901 1844//981 
f 1786//901 1785//899 1844//982 
f 1785//899 1784//898 1844//983 
f 1784//898 1782//896 1845//984 
f 1782//896 1781//895 1845//985 
f 1843//986 1816//940 1814//937 
f 1781//895 1779//893 1843//986 
f 1843//986 1818//943 1816//940 
f 1779//893 1818//943 1843//986 
f 1779//893 1780//894 1818//943 
f 1757//860 1736//832 1846//987 
f 1757//860 1846//987 1847//988 
f 1756//858 1757//860 1847//988 
f 1847//988 1846//987 1848//989 
f 1755//856 1756//858 1847//990 
f 1847//991 1848//989 1849//992 
f 1754//855 1755//856 1847//990 
f 1754//855 1847//990 1830//961 
f 1850//993 1849//992 1851//994 
f 1830//961 1852//995 1832//963 
f 1853//996 1850//997 1851//994 
f 1832//963 1852//995 1833//965 
f 1854//998 1855//999 1853//996 
f 1833//965 1856//1000 1835//968 
f 1857//1001 1855//1002 1854//998 
f 1856//1003 1836//970 1835//968 
f 1799//919 1858//1004 1857//1001 
f 1799//919 1795//913 1858//1004 
f 1856//1005 1838//973 1836//970 
f 1795//913 1794//911 1858//1006 
f 1858//1006 1840//976 1838//973 
f 1794//911 1792//908 1858//1006 
f 1792//908 1840//976 1858//1006 
f 1792//908 1791//907 1840//976 
f 1739//836 1741//838 1859//1007 
f 1739//836 1859//1007 1860//1008 
f 1738//835 1739//836 1860//1008 
f 1860//1008 1859//1007 1861//1009 
f 1737//833 1738//835 1860//1008 
f 1862//1010 1861//1009 1863//1011 
f 1736//832 1737//833 1860//1012 
f 1736//832 1860//1012 1846//987 
f 1862//1010 1863//1011 1864//1013 
f 1846//987 1860//1014 1848//989 
f 1865//1015 1866//1016 1864//1013 
f 1848//989 1867//1017 1849//992 
f 1868//1018 1866//1019 1865//1015 
f 1849//992 1867//1020 1851//994 
f 1869//1021 1870//1025 1868//1018 
f 1866//1023 1853//996 1851//994 
f 1801//921 1870//1025 1869//1021 
f 1801//921 1800//920 1870//1025 
f 1870//1024 1854//998 1853//996 
f 1800//920 1804//923 1870//1025 
f 1870//1026 1857//1001 1854//998 
f 1804//923 1805//924 1870//1026 
f 1805//924 1857//1001 1870//1026 
f 1805//924 1799//919 1857//1001 
f 1718//805 1717//804 1820//945 
f 1718//805 1820//945 1871//1027 
f 1720//808 1718//805 1871//1027 
f 1871//1027 1820//945 1821//947 
f 1722//812 1720//808 1872//1028 
f 1871//1027 1821//947 1822//948 
f 1724//816 1722//812 1872//1029 
f 1873//1030 1822//948 1824//950 
f 1727//820 1724//816 1874//1031 
f 1825//952 1873//1032 1824//950 
f 1730//824 1727//820 1874//1033 
f 1828//959 1873//1034 1825//952 
f 1740//837 1730//824 1875//1035 
f 1829//960 1876//1036 1828//959 
f 1741//838 1740//837 1875//1035 
f 1741//838 1875//1035 1859//1007 
f 1859//1007 1875//1037 1861//1009 
f 1861//1009 1875//1037 1863//1011 
f 1863//1011 1877//1038 1864//1013 
f 1877//1039 1865//1015 1864//1013 
f 1765//871 1876//1036 1829//960 
f 1765//871 1763//868 1876//1036 
f 1763//868 1764//870 1878//1040 
f 1764//870 1768//874 1878//1041 
f 1768//874 1770//878 1878//1042 
f 1770//878 1772//882 1879//1043 
f 1772//882 1775//886 1879//1044 
f 1877//1045 1868//1018 1865//1015 
f 1775//886 1802//922 1877//1045 
f 1877//1045 1869//1021 1868//1018 
f 1802//922 1869//1021 1877//1045 
f 1802//922 1801//921 1869//1021 
f 1880//792 1881//793 1882//794 
f 1883//795 1881//793 1880//792 
f 1880//792 1882//794 1884//796 
f 1881//793 1885//797 1882//794 
f 1886//798 1884//796 1882//794 
f 1883//799 1887//800 1881//793 
f 1881//793 1887//800 1885//797 
f 1888//801 1883//809 1889//803 
f 1890//804 1883//809 1888//801 
f 1890//804 1891//805 1883//809 
f 1889//803 1884//806 1892//807 
f 1891//805 1893//808 1883//809 
f 1892//807 1884//810 1894//811 
f 1893//808 1895//812 1883//813 
f 1884//814 1896//815 1894//811 
f 1895//812 1897//816 1898//817 
f 1884//818 1899//819 1896//815 
f 1897//816 1900//820 1898//821 
f 1901//822 1902//823 1899//819 
f 1900//820 1903//824 1898//825 
f 1887//800 1904//826 1905//827 
f 1887//800 1905//827 1885//797 
f 1904//826 1906//828 1905//827 
f 1904//829 1907//830 1906//828 
f 1904//831 1908//832 1907//830 
f 1904//831 1909//833 1908//832 
f 1904//834 1910//835 1909//833 
f 1898//825 1911//836 1910//835 
f 1903//824 1912//837 1898//825 
f 1912//837 1911//836 1898//825 
f 1912//837 1913//838 1911//836 
f 1914//839 1882//794 1885//797 
f 1915//840 1914//839 1885//797 
f 1916//841 1914//839 1915//840 
f 1917//842 1886//798 1914//839 
f 1914//839 1886//798 1882//794 
f 1918//843 1919//844 1917//845 
f 1919//844 1920//846 1917//847 
f 1920//846 1921//848 1901//822 
f 1921//848 1922//849 1901//822 
f 1922//849 1902//823 1901//822 
f 1922//849 1923//850 1902//823 
f 1924//851 1918//843 1917//852 
f 1925//853 1924//851 1916//854 
f 1926//855 1925//853 1916//854 
f 1926//855 1916//854 1927//856 
f 1927//856 1916//854 1928//858 
f 1928//858 1916//859 1929//860 
f 1916//861 1915//840 1905//827 
f 1915//840 1885//797 1905//827 
f 1916//861 1905//827 1906//828 
f 1916//859 1906//828 1907//830 
f 1929//860 1916//859 1907//830 
f 1929//860 1907//830 1908//832 
f 1930//862 1931//863 1932//864 
f 1933//865 1930//862 1932//864 
f 1933//866 1934//867 1930//862 
f 1930//862 1934//867 1931//863 
f 1935//868 1933//876 1936//870 
f 1937//871 1933//876 1935//868 
f 1937//871 1938//872 1933//876 
f 1936//870 1939//873 1940//874 
f 1938//872 1941//875 1933//876 
f 1940//874 1942//877 1943//878 
f 1941//875 1944//879 1933//880 
f 1942//881 1945//882 1943//878 
f 1944//879 1946//883 1947//884 
f 1942//885 1948//886 1945//882 
f 1946//883 1949//887 1947//888 
f 1949//887 1950//889 1947//890 
f 1950//889 1951//891 1947//892 
f 1951//891 1952//893 1947//892 
f 1951//891 1953//894 1952//893 
f 1947//892 1952//893 1954//895 
f 1947//892 1954//895 1955//896 
f 1956//897 1955//896 1957//898 
f 1958//899 1956//900 1957//898 
f 1959//901 1956//902 1958//899 
f 1934//867 1960//903 1961//904 
f 1934//867 1961//904 1931//863 
f 1962//905 1963//906 1959//901 
f 1964//907 1963//906 1962//905 
f 1964//907 1965//908 1963//906 
f 1963//909 1966//910 1961//904 
f 1966//910 1931//863 1961//904 
f 1965//908 1967//911 1963//906 
f 1967//911 1968//913 1963//914 
f 1963//915 1969//916 1966//910 
f 1966//910 1969//916 1931//863 
f 1963//915 1970//917 1969//916 
f 1963//914 1971//918 1970//917 
f 1968//913 1971//918 1963//914 
f 1968//913 1972//919 1971//918 
f 1973//920 1974//921 1975//922 
f 1973//920 1975//922 1942//885 
f 1942//885 1975//922 1948//886 
f 1976//923 1973//920 1942//885 
f 1977//924 1976//923 1942//925 
f 1972//919 1977//924 1942//926 
f 1972//919 1942//926 1971//918 
f 1971//918 1939//927 1970//917 
f 1970//917 1939//928 1969//916 
f 1969//916 1939//928 1932//864 
f 1969//916 1932//864 1931//863 
f 1902//823 1923//850 1978//929 
f 1902//823 1978//929 1979//930 
f 1899//819 1902//823 1979//930 
f 1979//930 1978//929 1980//931 
f 1896//815 1899//819 1981//932 
f 1979//930 1980//931 1982//933 
f 1894//811 1896//815 1981//934 
f 1979//930 1982//933 1983//935 
f 1892//807 1894//811 1981//936 
f 1984//937 1985//938 1983//935 
f 1889//803 1892//807 1981//939 
f 1986//940 1985//941 1984//937 
f 1888//801 1889//803 1987//942 
f 1988//943 1989//944 1986//940 
f 1890//804 1888//801 1987//942 
f 1890//804 1987//942 1990//945 
f 1990//945 1987//942 1991//947 
f 1991//947 1987//942 1992//948 
f 1992//948 1993//949 1994//950 
f 1993//951 1995//952 1994//950 
f 1953//894 1989//944 1988//943 
f 1953//894 1951//891 1989//944 
f 1951//891 1950//889 1996//953 
f 1950//889 1949//887 1996//954 
f 1949//887 1946//883 1996//955 
f 1946//883 1944//879 1993//956 
f 1944//879 1941//875 1993//957 
f 1993//958 1997//959 1995//952 
f 1941//875 1938//872 1993//958 
f 1993//958 1998//960 1997//959 
f 1938//872 1998//960 1993//958 
f 1938//872 1937//871 1998//960 
f 1925//853 1926//855 1999//961 
f 1925//853 1999//961 2000//964 
f 1924//851 1925//853 2000//964 
f 2000//964 1999//961 2001//963 
f 1918//843 1924//851 2000//964 
f 2000//967 2001//963 2002//965 
f 1919//844 1918//843 2003//966 
f 2000//967 2002//965 2004//968 
f 1920//846 1919//844 2003//969 
f 2005//970 2006//971 2004//968 
f 1921//848 1920//846 2003//972 
f 2007//973 2006//974 2005//970 
f 1922//849 1921//848 2008//975 
f 2009//976 2010//981 2007//973 
f 1923//850 1922//849 2008//975 
f 1923//850 2008//975 1978//929 
f 1978//929 2008//978 1980//931 
f 1980//931 2008//978 1982//933 
f 1982//933 2011//979 1983//935 
f 2011//980 1984//937 1983//935 
f 1964//907 2010//981 2009//976 
f 1964//907 1962//905 2010//981 
f 1962//905 1959//901 2010//981 
f 1959//901 1958//899 2010//982 
f 1958//899 1957//898 2010//983 
f 1957//898 1955//896 2012//984 
f 1955//896 1954//895 2012//985 
f 2011//986 1986//940 1984//937 
f 1954//895 1952//893 2011//986 
f 2011//986 1988//943 1986//940 
f 1952//893 1988//943 2011//986 
f 1952//893 1953//894 1988//943 
f 1929//860 1908//832 2013//987 
f 1929//860 2013//987 2014//988 
f 1928//858 1929//860 2014//988 
f 2014//988 2013//987 2015//989 
f 1927//856 1928//858 2014//990 
f 2014//991 2015//989 2016//992 
f 1926//855 1927//856 2014//990 
f 1926//855 2014//990 1999//961 
f 2014//993 2016//992 2017//994 
f 1999//961 2018//995 2001//963 
f 2019//996 2014//997 2017//994 
f 2001//963 2018//995 2002//965 
f 2020//998 2021//999 2019//996 
f 2002//965 2018//1000 2004//968 
f 2022//1001 2021//1002 2020//998 
f 2018//1003 2005//970 2004//968 
f 1972//919 2021//1004 2022//1001 
f 1972//919 1968//913 2021//1004 
f 2018//1005 2007//973 2005//970 
f 1968//913 1967//911 2021//1006 
f 2021//1006 2009//976 2007//973 
f 1967//911 1965//908 2021//1006 
f 1965//908 2009//976 2021//1006 
f 1965//908 1964//907 2009//976 
f 1911//836 1913//838 2023//1007 
f 1911//836 2023//1007 2024//1046 
f 1910//835 1911//836 2024//1046 
f 2024//1046 2023//1007 2025//1009 
f 1909//833 1910//835 2024//1008 
f 2024//1046 2025//1009 2026//1011 
f 1908//832 1909//833 2024//1012 
f 1908//832 2024//1012 2013//987 
f 2027//1010 2026//1011 2028//1013 
f 2013//987 2024//1014 2015//989 
f 2029//1015 2027//1016 2028//1013 
f 2015//989 2030//1017 2016//992 
f 2031//1018 2027//1019 2029//1015 
f 2016//992 2030//1020 2017//994 
f 2032//1021 2033//1025 2031//1018 
f 2030//1023 2019//996 2017//994 
f 1974//921 2033//1025 2032//1021 
f 1974//921 1973//920 2033//1025 
f 2033//1024 2020//998 2019//996 
f 1973//920 1976//923 2033//1025 
f 2033//1026 2022//1001 2020//998 
f 1976//923 1977//924 2033//1026 
f 1977//924 2022//1001 2033//1026 
f 1977//924 1972//919 2022//1001 
f 1891//805 1890//804 1990//945 
f 1891//805 1990//945 2034//1027 
f 1893//808 1891//805 2034//1027 
f 2034//1027 1990//945 1991//947 
f 1895//812 1893//808 2034//1028 
f 2034//1027 1991//947 1992//948 
f 1897//816 1895//812 2034//1029 
f 2035//1030 1992//948 1994//950 
f 1900//820 1897//816 2034//1031 
f 1995//952 2035//1032 1994//950 
f 1903//824 1900//820 2034//1033 
f 1997//959 2035//1034 1995//952 
f 1912//837 1903//824 2036//1035 
f 1998//960 2037//1036 1997//959 
f 1913//838 1912//837 2036//1035 
f 1913//838 2036//1035 2023//1007 
f 2023//1007 2036//1037 2025//1009 
f 2025//1009 2036//1037 2026//1011 
f 2026//1011 2038//1038 2028//1013 
f 2038//1039 2029//1015 2028//1013 
f 1937//871 2037//1036 1998//960 
f 1937//871 1935//868 2037//1036 
f 1935//868 1936//870 2039//1040 
f 1936//870 1940//874 2039//1041 
f 1940//874 1943//878 2039//1042 
f 1943//878 1945//882 2038//1043 
f 1945//882 1948//886 2038//1044 
f 2038//1045 2031//1018 2029//1015 
f 1948//886 1975//922 2038//1045 
f 2038//1045 2032//1021 2031//1018 
f 1975//922 2032//1021 2038//1045 
f 1975//922 1974//921 2032//1021 
f 2040//792 2041//793 2042//794 
f 2043//795 2041//793 2040//792 
f 2040//792 2042//794 2044//796 
f 2041//793 2045//797 2042//794 
f 2046//798 2044//796 2042//794 
f 2043//799 2047//800 2041//793 
f 2041//793 2047//800 2045//797 
f 2048//801 2043//809 2049//803 
f 2050//804 2043//809 2048//801 
f 2050//804 2051//805 2043//809 
f 2049//803 2044//806 2052//807 
f 2051//805 2053//808 2043//809 
f 2052//807 2044//810 2054//811 
f 2053//808 2055//812 2043//813 
f 2044//814 2056//815 2054//811 
f 2055//812 2057//816 2058//817 
f 2044//818 2059//819 2056//815 
f 2057//816 2060//820 2058//821 
f 2061//822 2062//823 2059//819 
f 2060//820 2063//824 2058//825 
f 2047//800 2064//826 2065//827 
f 2047//800 2065//827 2045//797 
f 2064//826 2066//828 2065//827 
f 2064//829 2067//830 2066//828 
f 2068//831 2069//832 2067//830 
f 2068//831 2070//833 2069//832 
f 2068//834 2071//835 2070//833 
f 2068//834 2072//836 2071//835 
f 2063//824 2073//837 2068//834 
f 2073//837 2072//836 2068//834 
f 2073//837 2074//838 2072//836 
f 2075//839 2042//794 2045//797 
f 2076//840 2075//839 2045//797 
f 2077//841 2075//839 2076//840 
f 2078//842 2046//798 2075//839 
f 2075//839 2046//798 2042//794 
f 2079//843 2080//844 2078//845 
f 2080//844 2081//846 2078//847 
f 2081//846 2082//848 2061//822 
f 2082//848 2083//849 2061//822 
f 2083//849 2062//823 2061//822 
f 2083//849 2084//850 2062//823 
f 2085//851 2079//843 2078//852 
f 2086//853 2085//851 2077//854 
f 2087//855 2086//853 2077//854 
f 2087//855 2077//854 2088//856 
f 2088//856 2077//854 2089//858 
f 2089//858 2077//859 2090//860 
f 2077//861 2076//840 2065//827 
f 2076//840 2045//797 2065//827 
f 2077//861 2065//827 2066//828 
f 2077//859 2066//828 2067//830 
f 2090//860 2077//859 2067//830 
f 2090//860 2067//830 2069//832 
f 2091//862 2092//863 2093//864 
f 2094//865 2091//862 2093//864 
f 2094//866 2095//867 2091//862 
f 2091//862 2095//867 2092//863 
f 2096//868 2094//876 2097//870 
f 2098//871 2094//876 2096//868 
f 2098//871 2099//872 2094//876 
f 2097//870 2100//873 2101//874 
f 2099//872 2102//875 2094//876 
f 2101//874 2103//877 2104//878 
f 2102//875 2105//879 2094//880 
f 2103//881 2106//882 2104//878 
f 2105//879 2107//883 2108//884 
f 2109//885 2110//886 2106//882 
f 2107//883 2111//887 2108//888 
f 2111//887 2112//889 2108//890 
f 2112//889 2113//891 2108//892 
f 2113//891 2114//893 2108//892 
f 2113//891 2115//894 2114//893 
f 2108//892 2114//893 2116//895 
f 2108//892 2116//895 2117//896 
f 2118//897 2117//896 2119//898 
f 2120//899 2118//900 2119//898 
f 2121//901 2118//902 2120//899 
f 2095//867 2122//903 2123//904 
f 2095//867 2123//904 2092//863 
f 2124//905 2125//906 2121//901 
f 2126//907 2125//906 2124//905 
f 2126//907 2127//908 2125//906 
f 2125//909 2128//910 2123//904 
f 2128//910 2092//863 2123//904 
f 2127//908 2129//911 2125//906 
f 2129//911 2130//913 2125//914 
f 2125//915 2131//916 2128//910 
f 2128//910 2131//916 2092//863 
f 2125//915 2132//917 2131//916 
f 2125//914 2133//918 2132//917 
f 2130//913 2133//918 2125//914 
f 2130//913 2134//919 2133//918 
f 2135//920 2136//921 2137//922 
f 2135//920 2137//922 2109//885 
f 2109//885 2137//922 2110//886 
f 2138//923 2135//920 2109//885 
f 2139//924 2138//923 2109//925 
f 2134//919 2139//924 2109//926 
f 2134//919 2109//926 2133//918 
f 2133//918 2100//927 2132//917 
f 2132//917 2100//928 2131//916 
f 2131//916 2100//928 2093//864 
f 2131//916 2093//864 2092//863 
f 2062//823 2084//850 2140//929 
f 2062//823 2140//929 2141//930 
f 2059//819 2062//823 2141//930 
f 2141//930 2140//929 2142//931 
f 2056//815 2059//819 2143//932 
f 2141//930 2142//931 2144//933 
f 2054//811 2056//815 2143//934 
f 2141//930 2144//933 2145//935 
f 2052//807 2054//811 2146//936 
f 2147//937 2148//938 2145//935 
f 2049//803 2052//807 2146//939 
f 2149//940 2148//941 2147//937 
f 2048//801 2049//803 2150//942 
f 2151//943 2152//944 2149//940 
f 2050//804 2048//801 2150//942 
f 2050//804 2150//942 2153//945 
f 2153//945 2150//946 2154//947 
f 2154//947 2150//946 2155//948 
f 2155//948 2156//949 2157//950 
f 2156//951 2158//952 2157//950 
f 2115//894 2152//944 2151//943 
f 2115//894 2113//891 2152//944 
f 2113//891 2112//889 2159//953 
f 2112//889 2111//887 2159//954 
f 2111//887 2107//883 2159//955 
f 2107//883 2105//879 2160//956 
f 2105//879 2102//875 2160//957 
f 2156//958 2161//959 2158//952 
f 2102//875 2099//872 2156//958 
f 2156//958 2162//960 2161//959 
f 2099//872 2162//960 2156//958 
f 2099//872 2098//871 2162//960 
f 2086//853 2087//855 2163//961 
f 2086//853 2163//961 2164//964 
f 2085//851 2086//853 2164//964 
f 2164//964 2163//961 2165//963 
f 2079//843 2085//851 2164//964 
f 2164//967 2165//963 2166//965 
f 2080//844 2079//843 2167//966 
f 2164//967 2166//965 2168//968 
f 2081//846 2080//844 2167//969 
f 2169//970 2170//971 2168//968 
f 2082//848 2081//846 2167//972 
f 2171//973 2170//974 2169//970 
f 2083//849 2082//848 2172//975 
f 2173//976 2174//977 2171//973 
f 2084//850 2083//849 2172//975 
f 2084//850 2172//975 2140//929 
f 2140//929 2175//978 2142//931 
f 2142//931 2175//978 2144//933 
f 2144//933 2176//979 2145//935 
f 2176//980 2147//937 2145//935 
f 2126//907 2174//977 2173//976 
f 2126//907 2124//905 2174//977 
f 2124//905 2121//901 2177//981 
f 2121//901 2120//899 2177//982 
f 2120//899 2119//898 2177//983 
f 2119//898 2117//896 2178//984 
f 2117//896 2116//895 2178//985 
f 2176//986 2149//940 2147//937 
f 2116//895 2114//893 2176//986 
f 2176//986 2151//943 2149//940 
f 2114//893 2151//943 2176//986 
f 2114//893 2115//894 2151//943 
f 2090//860 2069//832 2179//987 
f 2090//860 2179//987 2180//988 
f 2089//858 2090//860 2180//988 
f 2180//988 2179//987 2181//989 
f 2088//856 2089//858 2180//990 
f 2180//991 2181//989 2182//992 
f 2087//855 2088//856 2180//990 
f 2087//855 2180//990 2163//961 
f 2183//993 2182//992 2184//994 
f 2163//961 2185//995 2165//963 
f 2186//996 2183//997 2184//994 
f 2165//963 2185//995 2166//965 
f 2187//998 2188//999 2186//996 
f 2166//965 2189//1000 2168//968 
f 2190//1001 2188//1002 2187//998 
f 2189//1003 2169//970 2168//968 
f 2134//919 2191//1004 2190//1001 
f 2134//919 2130//913 2191//1004 
f 2189//1005 2171//973 2169//970 
f 2130//913 2129//911 2191//1006 
f 2191//1006 2173//976 2171//973 
f 2129//911 2127//908 2191//1006 
f 2127//908 2173//976 2191//1006 
f 2127//908 2126//907 2173//976 
f 2072//836 2074//838 2192//1007 
f 2072//836 2192//1007 2193//1008 
f 2071//835 2072//836 2193//1008 
f 2193//1008 2192//1007 2194//1009 
f 2070//833 2071//835 2193//1008 
f 2195//1010 2194//1009 2196//1011 
f 2069//832 2070//833 2193//1012 
f 2069//832 2193//1012 2179//987 
f 2195//1010 2196//1011 2197//1013 
f 2179//987 2193//1014 2181//989 
f 2198//1015 2199//1016 2197//1013 
f 2181//989 2200//1017 2182//992 
f 2201//1018 2199//1019 2198//1015 
f 2182//992 2200//1020 2184//994 
f 2202//1021 2203//1025 2201//1018 
f 2199//1023 2186//996 2184//994 
f 2136//921 2203//1025 2202//1021 
f 2136//921 2135//920 2203//1025 
f 2203//1024 2187//998 2186//996 
f 2135//920 2138//923 2203//1025 
f 2203//1026 2190//1001 2187//998 
f 2138//923 2139//924 2203//1026 
f 2139//924 2190//1001 2203//1026 
f 2139//924 2134//919 2190//1001 
f 2051//805 2050//804 2153//945 
f 2051//805 2153//945 2204//1027 
f 2053//808 2051//805 2204//1027 
f 2204//1027 2153//945 2154//947 
f 2055//812 2053//808 2205//1028 
f 2204//1027 2154//947 2155//948 
f 2057//816 2055//812 2205//1029 
f 2206//1030 2155//948 2157//950 
f 2060//820 2057//816 2207//1031 
f 2158//952 2206//1032 2157//950 
f 2063//824 2060//820 2207//1033 
f 2161//959 2206//1034 2158//952 
f 2073//837 2063//824 2208//1035 
f 2162//960 2209//1036 2161//959 
f 2074//838 2073//837 2208//1035 
f 2074//838 2208//1035 2192//1007 
f 2192//1007 2208//1037 2194//1009 
f 2194//1009 2208//1037 2196//1011 
f 2196//1011 2210//1038 2197//1013 
f 2210//1039 2198//1015 2197//1013 
f 2098//871 2209//1036 2162//960 
f 2098//871 2096//868 2209//1036 
f 2096//868 2097//870 2211//1040 
f 2097//870 2101//874 2211//1041 
f 2101//874 2104//878 2211//1042 
f 2104//878 2106//882 2212//1043 
f 2106//882 2110//886 2212//1044 
f 2210//1045 2201//1018 2198//1015 
f 2110//886 2137//922 2210//1045 
f 2210//1045 2202//1021 2201//1018 
f 2137//922 2202//1021 2210//1045 
f 2137//922 2136//921 2202//1021 
f 2213//792 2214//793 2215//794 
f 2216//795 2214//793 2213//792 
f 2213//792 2215//794 2217//796 
f 2214//793 2218//797 2215//794 
f 2219//798 2217//796 2215//794 
f 2216//799 2220//800 2214//793 
f 2214//793 2220//800 2218//797 
f 2221//801 2216//809 2222//803 
f 2223//804 2216//809 2221//801 
f 2223//804 2224//805 2216//809 
f 2222//803 2217//806 2225//807 
f 2224//805 2226//808 2216//809 
f 2225//807 2217//810 2227//811 
f 2226//808 2228//812 2216//813 
f 2217//814 2229//815 2227//811 
f 2228//812 2230//816 2231//817 
f 2217//818 2232//819 2229//815 
f 2230//816 2233//820 2231//821 
f 2234//822 2235//823 2232//819 
f 2233//820 2236//824 2231//825 
f 2220//800 2237//826 2238//827 
f 2220//800 2238//827 2218//797 
f 2237//826 2239//828 2238//827 
f 2237//829 2240//830 2239//828 
f 2237//831 2241//832 2240//830 
f 2237//831 2242//833 2241//832 
f 2237//834 2243//835 2242//833 
f 2231//825 2244//836 2243//835 
f 2236//824 2245//837 2231//825 
f 2245//837 2244//836 2231//825 
f 2245//837 2246//838 2244//836 
f 2247//839 2215//794 2218//797 
f 2248//840 2247//839 2218//797 
f 2249//841 2247//839 2248//840 
f 2250//842 2219//798 2247//839 
f 2247//839 2219//798 2215//794 
f 2251//843 2252//844 2250//845 
f 2252//844 2253//846 2250//847 
f 2253//846 2254//848 2234//822 
f 2254//848 2255//849 2234//822 
f 2255//849 2235//823 2234//822 
f 2255//849 2256//850 2235//823 
f 2257//851 2251//843 2250//852 
f 2258//853 2257//851 2249//854 
f 2259//855 2258//853 2249//854 
f 2259//855 2249//854 2260//856 
f 2260//856 2249//854 2261//858 
f 2261//858 2249//859 2262//860 
f 2249//861 2248//840 2238//827 
f 2248//840 2218//797 2238//827 
f 2249//861 2238//827 2239//828 
f 2249//859 2239//828 2240//830 
f 2262//860 2249//859 2240//830 
f 2262//860 2240//830 2241//832 
f 2263//862 2264//863 2265//864 
f 2266//865 2263//862 2265//864 
f 2266//866 2267//867 2263//862 
f 2263//862 2267//867 2264//863 
f 2268//868 2266//876 2269//870 
f 2270//871 2266//876 2268//868 
f 2270//871 2271//872 2266//876 
f 2269//870 2272//873 2273//874 
f 2271//872 2274//875 2266//876 
f 2273//874 2275//877 2276//878 
f 2274//875 2277//879 2266//880 
f 2275//881 2278//882 2276//878 
f 2277//879 2279//883 2280//884 
f 2275//885 2281//886 2278//882 
f 2279//883 2282//887 2280//888 
f 2282//887 2283//889 2280//890 
f 2283//889 2284//891 2280//892 
f 2284//891 2285//893 2280//892 
f 2284//891 2286//894 2285//893 
f 2280//892 2285//893 2287//895 
f 2280//892 2287//895 2288//896 
f 2289//897 2288//896 2290//898 
f 2291//899 2289//900 2290//898 
f 2292//901 2289//902 2291//899 
f 2267//867 2293//903 2294//904 
f 2267//867 2294//904 2264//863 
f 2295//905 2296//906 2292//901 
f 2297//907 2296//906 2295//905 
f 2297//907 2298//908 2296//906 
f 2296//909 2299//910 2294//904 
f 2299//910 2264//863 2294//904 
f 2298//908 2300//911 2296//906 
f 2300//911 2301//913 2296//914 
f 2296//915 2302//916 2299//910 
f 2299//910 2302//916 2264//863 
f 2296//915 2303//917 2302//916 
f 2296//914 2304//918 2303//917 
f 2301//913 2304//918 2296//914 
f 2301//913 2305//919 2304//918 
f 2306//920 2307//921 2308//922 
f 2306//920 2308//922 2275//885 
f 2275//885 2308//922 2281//886 
f 2309//923 2306//920 2275//885 
f 2310//924 2309//923 2275//925 
f 2305//919 2310//924 2275//926 
f 2305//919 2275//926 2304//918 
f 2304//918 2272//927 2303//917 
f 2303//917 2272//928 2302//916 
f 2302//916 2272//928 2265//864 
f 2302//916 2265//864 2264//863 
f 2235//823 2256//850 2311//929 
f 2235//823 2311//929 2312//930 
f 2232//819 2235//823 2312//930 
f 2312//930 2311//929 2313//931 
f 2229//815 2232//819 2314//932 
f 2312//930 2313//931 2315//933 
f 2227//811 2229//815 2314//934 
f 2312//930 2315//933 2316//935 
f 2225//807 2227//811 2314//936 
f 2317//937 2318//938 2316//935 
f 2222//803 2225//807 2314//939 
f 2319//940 2318//941 2317//937 
f 2221//801 2222//803 2320//942 
f 2321//943 2322//944 2319//940 
f 2223//804 2221//801 2320//942 
f 2223//804 2320//942 2323//945 
f 2323//945 2320//946 2324//947 
f 2324//947 2320//946 2325//948 
f 2325//948 2326//949 2327//950 
f 2326//951 2328//952 2327//950 
f 2286//894 2322//944 2321//943 
f 2286//894 2284//891 2322//944 
f 2284//891 2283//889 2329//953 
f 2283//889 2282//887 2329//954 
f 2282//887 2279//883 2329//955 
f 2279//883 2277//879 2326//956 
f 2277//879 2274//875 2326//957 
f 2326//958 2330//959 2328//952 
f 2274//875 2271//872 2326//958 
f 2326//958 2331//960 2330//959 
f 2271//872 2331//960 2326//958 
f 2271//872 2270//871 2331//960 
f 2258//853 2259//855 2332//961 
f 2258//853 2332//961 2333//962 
f 2257//851 2258//853 2333//962 
f 2333//962 2332//961 2334//963 
f 2251//843 2257//851 2335//964 
f 2333//962 2334//963 2336//965 
f 2252//844 2251//843 2335//966 
f 2333//962 2336//965 2337//968 
f 2253//846 2252//844 2338//969 
f 2339//970 2340//971 2337//968 
f 2254//848 2253//846 2338//972 
f 2341//973 2340//974 2339//970 
f 2255//849 2254//848 2338//975 
f 2342//976 2343//981 2341//973 
f 2256//850 2255//849 2338//975 
f 2256//850 2338//975 2311//929 
f 2311//929 2344//978 2313//931 
f 2313//931 2344//978 2315//933 
f 2315//933 2345//979 2316//935 
f 2345//980 2317//937 2316//935 
f 2297//907 2343//981 2342//976 
f 2297//907 2295//905 2343//981 
f 2295//905 2292//901 2343//981 
f 2292//901 2291//899 2343//982 
f 2291//899 2290//898 2343//983 
f 2290//898 2288//896 2346//984 
f 2288//896 2287//895 2346//985 
f 2345//986 2319//940 2317//937 
f 2287//895 2285//893 2345//986 
f 2345//986 2321//943 2319//940 
f 2285//893 2321//943 2345//986 
f 2285//893 2286//894 2321//943 
f 2262//860 2241//832 2347//987 
f 2262//860 2347//987 2348//988 
f 2261//858 2262//860 2348//988 
f 2348//988 2347//987 2349//989 
f 2260//856 2261//858 2348//990 
f 2348//991 2349//989 2350//992 
f 2259//855 2260//856 2348//990 
f 2259//855 2348//990 2332//961 
f 2348//993 2350//992 2351//994 
f 2332//961 2352//995 2334//963 
f 2353//996 2348//997 2351//994 
f 2334//963 2352//995 2336//965 
f 2354//998 2355//999 2353//996 
f 2336//965 2352//1000 2337//968 
f 2356//1001 2355//1002 2354//998 
f 2352//1003 2339//970 2337//968 
f 2305//919 2355//1004 2356//1001 
f 2305//919 2301//913 2355//1004 
f 2352//1005 2341//973 2339//970 
f 2301//913 2300//911 2355//1006 
f 2355//1006 2342//976 2341//973 
f 2300//911 2298//908 2355//1006 
f 2298//908 2342//976 2355//1006 
f 2298//908 2297//907 2342//976 
f 2244//836 2246//838 2357//1007 
f 2244//836 2357//1007 2358//1046 
f 2243//835 2244//836 2358//1046 
f 2358//1046 2357//1007 2359//1009 
f 2242//833 2243//835 2358//1008 
f 2358//1046 2359//1009 2360//1011 
f 2241//832 2242//833 2358//1012 
f 2241//832 2358//1012 2347//987 
f 2361//1010 2360//1011 2362//1013 
f 2347//987 2358//1014 2349//989 
f 2363//1015 2361//1016 2362//1013 
f 2349//989 2364//1017 2350//992 
f 2365//1018 2361//1019 2363//1015 
f 2350//992 2364//1020 2351//994 
f 2366//1021 2367//1025 2365//1018 
f 2364//1023 2353//996 2351//994 
f 2307//921 2367//1025 2366//1021 
f 2307//921 2306//920 2367//1025 
f 2367//1024 2354//998 2353//996 
f 2306//920 2309//923 2367//1025 
f 2367//1026 2356//1001 2354//998 
f 2309//923 2310//924 2367//1026 
f 2310//924 2356//1001 2367//1026 
f 2310//924 2305//919 2356//1001 
f 2224//805 2223//804 2323//945 
f 2224//805 2323//945 2368//1027 
f 2226//808 2224//805 2368//1027 
f 2368//1027 2323//945 2324//947 
f 2228//812 2226//808 2368//1028 
f 2368//1027 2324//947 2325//948 
f 2230//816 2228//812 2368//1029 
f 2369//1030 2325//948 2327//950 
f 2233//820 2230//816 2370//1031 
f 2328//952 2369//1032 2327//950 
f 2236//824 2233//820 2370//1033 
f 2330//959 2369//1034 2328//952 
f 2245//837 2236//824 2371//1035 
f 2331//960 2372//1036 2330//959 
f 2246//838 2245//837 2371//1035 
f 2246//838 2371//1035 2357//1007 
f 2357//1007 2371//1035 2359//1009 
f 2359//1009 2371//1035 2360//1011 
f 2360//1011 2373//1038 2362//1013 
f 2373//1039 2363//1015 2362//1013 
f 2270//871 2372//1036 2331//960 
f 2270//871 2268//868 2372//1036 
f 2268//868 2269//870 2374//1040 
f 2269//870 2273//874 2374//1041 
f 2273//874 2276//878 2374//1042 
f 2276//878 2278//882 2373//1043 
f 2278//882 2281//886 2373//1044 
f 2373//1045 2365//1018 2363//1015 
f 2281//886 2308//922 2373//1045 
f 2373//1045 2366//1021 2365//1018 
f 2308//922 2366//1021 2373//1045 
f 2308//922 2307//921 2366//1021 
f 857//822 855//819 851//818 
f 2375//1047 838//1048 840//798 
f 895//870 894//869 898//873 
f 891//865 890//864 898//1049 
f 1209//822 1207//819 1192//818 
f 1209//1047 1192//1048 1194//798 
f 1555//1047 1538//1048 1540//798 
f 1555//822 1553//819 1538//818 
f 2061//1047 2044//1048 2046//798 
f 2061//822 2059//819 2044//818 
f 1728//822 1726//819 1711//818 
f 1728//1047 1711//1048 1713//798 
f 1383//822 1381//819 1366//818 
f 1383//1047 1366//1048 1368//798 
f 1764//870 1761//876 1767//873 
f 1761//865 1760//864 1806//1049 
f 1419//870 1416//876 1422//873 
f 1416//865 1415//864 1461//1049 
f 1245//870 1242//876 1248//873 
f 1242//865 1241//864 1287//1049 
f 1599//879 1602//884 1588//880 
f 1588//866 1616//1050 1589//867 
f 2094//866 2122//1050 2095//867 
f 2105//879 2108//884 2094//880 
f 922//903 918//1051 923//904 
f 913//892 917//896 918//897 
f 850//812 854//817 848//813 
f 837//799 2376//1052 841//800 
f 2234//822 2232//819 2217//818 
f 2234//1047 2217//1048 2219//798 
f 1901//822 1899//819 1884//818 
f 1901//1047 1884//1048 1886//798 
f 1048//1047 1031//1048 1033//798 
f 1048//822 1046//819 1031//818 
f 1936//870 1933//876 1939//873 
f 1933//865 1932//864 1939//1049 
f 1091//879 1094//884 1080//880 
f 1080//866 1107//1050 1081//867 
f 2277//879 2280//884 2266//880 
f 2266//866 2293//1050 2267//867 
f 1442//903 1438//1051 1443//904 
f 1429//892 1437//896 1438//897 
f 1787//903 1783//1051 1788//904 
f 1774//892 1782//896 1783//897 
f 1268//903 1264//1051 1269//904 
f 1255//892 1263//896 1264//897 
f 1549//812 1552//817 1537//813 
f 1537//799 1558//1052 1541//800 
f 1722//812 1725//817 1710//813 
f 1710//799 1731//1052 1714//800 
f 1203//812 1206//817 1191//813 
f 1191//799 1212//1052 1195//800 
f 1377//812 1380//817 1365//813 
f 1365//799 1380//1052 1369//800 
f 2055//812 2058//817 2043//813 
f 2043//799 2064//1052 2047//800 
f 2108//892 2117//896 2118//897 
f 2122//903 2118//1051 2123//904 
f 1602//892 1611//896 1612//897 
f 1616//903 1612//1051 1617//904 
f 904//879 907//884 901//880 
f 891//866 2377//1050 892//867 
f 873//841 874//842 871//839 
f 881//851 874//852 873//854 
f 837//802 834//792 838//806 
f 843//803 837//802 838//806 
f 1960//903 1956//1051 1961//904 
f 1947//892 1955//896 1956//897 
f 1895//812 1898//817 1883//813 
f 1883//799 1898//1052 1887//800 
f 2228//812 2231//817 2216//813 
f 2216//799 2231//1052 2220//800 
f 1042//812 1045//817 1030//813 
f 1030//799 1045//1052 1034//800 
f 1094//892 1102//896 1103//897 
f 1107//903 1103//1051 1108//904 
f 2293//903 2289//1051 2294//904 
f 2280//892 2288//896 2289//897 
f 1426//879 1429//884 1416//880 
f 1416//866 1442//1050 1417//867 
f 1252//879 1255//884 1242//880 
f 1242//866 1268//1050 1243//867 
f 1771//879 1774//884 1761//880 
f 1761//866 1787//1050 1762//867 
f 1399//841 1400//842 1397//839 
f 1407//851 1400//852 1399//854 
f 2077//841 2078//842 2075//839 
f 2085//851 2078//852 2077//854 
f 1571//841 1572//842 1569//839 
f 1579//851 1572//852 1571//854 
f 1744//841 1745//842 1742//839 
f 1752//851 1745//852 1744//854 
f 1225//841 1226//842 1223//839 
f 1233//851 1226//852 1225//854 
f 1191//809 1188//792 1192//806 
f 1197//803 1191//809 1192//806 
f 1710//809 1707//792 1711//806 
f 1716//803 1710//809 1711//806 
f 1543//803 1537//809 1538//806 
f 1537//809 1534//792 1538//806 
f 2049//803 2043//809 2044//806 
f 2043//809 2040//792 2044//806 
f 1365//809 1362//792 1366//806 
f 1371//803 1365//809 1366//806 
f 1944//879 1947//884 1933//880 
f 1933//866 1960//1050 1934//867 
f 2249//841 2250//842 2247//839 
f 2257//851 2250//852 2249//854 
f 1063//841 1064//842 1061//839 
f 1071//851 1064//852 1063//854 
f 1916//841 1917//842 1914//839 
f 1924//851 1917//852 1916//854 
f 2216//809 2213//792 2217//806 
f 2222//803 2216//809 2217//806 
f 1883//809 1880//792 1884//806 
f 1889//803 1883//809 1884//806 
f 1036//803 1030//809 1031//806 
f 1030//809 1027//792 1031//806 
f 1591//870 1588//876 1594//873 
f 1588//865 1587//864 1594//1049 
f 2097//870 2094//876 2100//873 
f 2094//865 2093//864 2100//1049 
f 1676//989 1688//1014 1694//1017 
f 1695//1018 1697//1025 1690//1019 
f 1080//865 1079//864 1086//1049 
f 1083//870 1080//876 1086//873 
f 2269//870 2266//876 2272//873 
f 2266//865 2265//864 2272//1049 
f 1005//1011 1022//1037 1023//1038 
f 966//959 1021//1036 1018//1034 
f 959//948 957//946 960//949 
f 944//930 948//935 951//938 
f 947//933 982//978 983//979 
f 973//967 974//968 977//971 
f 1811//933 1842//978 1843//979 
f 1838//973 1841//977 1837//974 
f 1466//933 1497//978 1498//979 
f 1493//973 1496//977 1492//974 
f 2144//933 2175//978 2176//979 
f 2171//973 2174//977 2170//974 
f 2196//1011 2208//1037 2210//1038 
f 2161//959 2209//1036 2206//1034 
f 1345//1011 1357//1037 1359//1038 
f 1309//959 1358//1036 1355//1034 
f 1691//1011 1702//1037 1704//1038 
f 1655//959 1703//1036 1700//1034 
f 1517//1011 1529//1037 1531//1038 
f 1526//1027 1477//948 1528//1030 
f 1863//1011 1875//1037 1877//1038 
f 1828//959 1876//1036 1873//1034 
f 1021//1053 2378//1054 1018//1055 
f 853//816 1017//1029 1019//1031 
f 1649//948 1644//946 1650//949 
f 1635//930 1639//935 1642//938 
f 1822//948 1817//946 1823//949 
f 1808//930 1812//935 1815//938 
f 2155//948 2150//946 2156//949 
f 2141//930 2145//935 2148//938 
f 1477//948 1472//942 1478//949 
f 1463//930 1467//935 1470//938 
f 1303//948 1298//946 1304//949 
f 1289//930 1293//935 1296//938 
f 2379//1056 982//1057 2380//1058 
f 919//898 985//984 984//983 
f 2381//1059 2382//1060 2383//1061 
f 906//883 964//956 963//955 
f 1292//933 1324//978 1325//979 
f 1312//962 1316//968 1319//971 
f 1638//933 1670//978 1671//979 
f 1658//962 1662//968 1665//971 
f 903//878 1025//1043 1024//1042 
f 1024//1062 1025//1063 2384//1064 
f 1982//933 2008//978 2011//979 
f 2007//973 2010//981 2006//974 
f 1182//1027 1139//948 1183//1030 
f 1174//1011 1184//1037 1186//1038 
f 2026//1011 2036//1037 2038//1038 
f 2034//1027 1992//948 2035//1030 
f 2360//1011 2371//1035 2373//1038 
f 2330//959 2372//1036 2369//1034 
f 843//803 949//939 953//942 
f 2385//1065 2386//1066 951//1067 
f 2387//1068 2388//1064 2389//1069 
f 1425//878 1533//1043 1532//1042 
f 1358//1053 2390//1054 1355//1055 
f 1205//816 1354//1029 1356//1031 
f 2209//1053 2391//1054 2206//1055 
f 2057//816 2205//1029 2207//1031 
f 1876//1053 2392//1054 1873//1055 
f 1724//816 1872//1029 1874//1031 
f 1703//1053 2393//1054 1700//1055 
f 1551//816 1699//1029 1701//1031 
f 979//1070 2394//1071 2380//1072 
f 876//844 971//966 975//969 
f 995//996 997//999 992//997 
f 1000//1006 978//973 998//1005 
f 2325//948 2320//946 2326//949 
f 2312//930 2316//935 2318//938 
f 1992//948 1987//942 1993//949 
f 1979//930 1983//935 1985//938 
f 1139//948 1134//946 1140//949 
f 1126//930 1130//935 1132//938 
f 2395//1056 1324//1057 2396//1058 
f 1265//898 1327//984 1326//983 
f 2397//1056 1670//1057 2398//1058 
f 1613//898 1673//984 1672//983 
f 1486//967 1490//968 1492//971 
f 1404//848 1489//972 1494//975 
f 1749//848 1834//972 1839//975 
f 1831//967 1835//968 1837//971 
f 2164//967 2168//968 2170//971 
f 2082//848 2167//972 2172//975 
f 978//973 981//977 977//974 
f 984//1073 2379//1056 2399//1074 
f 1129//933 1158//978 1159//979 
f 1147//962 1151//968 1154//971 
f 2333//962 2337//968 2340//971 
f 2315//933 2344//978 2345//979 
f 1773//883 1827//956 1826//955 
f 2400//1059 2401//1060 2402//1061 
f 2403//1059 2404//1060 2405//1061 
f 1601//883 1654//956 1653//955 
f 2406//1059 2407//1060 2408//1061 
f 2107//883 2160//956 2159//955 
f 1254//883 1308//956 1307//955 
f 2409//1059 2410//1060 2411//1061 
f 2412//1059 2413//1060 2414//1061 
f 1428//883 1482//956 1481//955 
f 1011//1018 1013//1022 1009//1019 
f 1013//1024 995//996 1014//1023 
f 2211//1062 2212//1063 2415//1064 
f 2104//878 2212//1043 2211//1042 
f 1251//878 1361//1043 1360//1042 
f 1360//1062 1361//1063 2416//1064 
f 1705//1062 1706//1063 2417//1064 
f 1598//878 1706//1043 1705//1042 
f 1770//878 1879//1043 1878//1042 
f 1878//1062 1879//1063 2418//1064 
f 2419//1075 2420//1076 2421//1077 
f 859//824 1019//1033 1020//1035 
f 1371//803 1468//939 1472//942 
f 2414//1065 1463//1066 1470//1067 
f 1716//803 1813//939 1817//942 
f 2402//1065 1808//1066 1815//1067 
f 1543//803 1640//939 1644//942 
f 2405//1065 1635//1066 1642//1067 
f 1185//1068 2422//1064 2423//1069 
f 1090//878 1186//1043 1187//1042 
f 2037//1068 2424//1064 2425//1069 
f 1943//878 2038//1043 2039//1042 
f 2372//1053 2370//1054 2369//1055 
f 2230//816 2368//1029 2370//1031 
f 2389//1078 1527//1079 2426//1080 
f 1385//824 1527//1033 1529//1035 
f 1667//1070 2427//1071 2398//1072 
f 1574//844 1660//966 1663//969 
f 1228//844 1314//966 1317//969 
f 1321//1070 2428//1071 2396//1072 
f 1335//996 1337//999 1332//997 
f 1340//1006 1320//973 1338//1005 
f 1508//996 1510//999 1505//997 
f 1513//1006 1493//973 1511//1005 
f 1853//996 1855//999 1850//997 
f 1858//1006 1838//973 1856//1005 
f 2191//1006 2171//973 2189//1005 
f 2186//996 2188//999 2183//997 
f 1686//1006 1666//973 1684//1005 
f 1681//996 1683//999 1678//997 
f 1197//803 1294//939 1298//942 
f 2411//1065 1289//1066 1296//1067 
f 2049//803 2146//939 2150//942 
f 2408//1065 2141//1066 2148//1067 
f 1784//898 1845//984 1844//983 
f 1844//1073 2429//1056 2430//1074 
f 2119//898 2178//984 2177//983 
f 2177//1073 2431//1056 2432//1074 
f 1439//898 1500//984 1499//983 
f 1499//1073 2433//1056 2434//1074 
f 1522//1018 1525//1025 1518//1019 
f 1504//992 1520//1017 1523//1020 
f 1159//1056 1158//1057 2435//1058 
f 1104//898 1160//984 1157//983 
f 2345//1056 2344//1057 2436//1058 
f 2290//898 2346//984 2343//983 
f 2000//967 2004//968 2006//971 
f 1921//848 2003//972 2008//975 
f 968//961 990//990 994//995 
f 997//999 994//1081 992//997 
f 1004//1010 1006//1013 1009//1016 
f 989//989 1007//1014 1010//1017 
f 1989//1059 2437//1060 2438//1061 
f 1946//883 1993//956 1996//955 
f 1136//1059 2439//1060 2440//1061 
f 1093//883 1140//956 1143//955 
f 2279//883 2326//956 2329//955 
f 2322//1059 2441//1060 2442//1061 
f 1666//973 1669//977 1665//974 
f 1672//1073 2397//1056 2398//1074 
f 1320//973 1323//977 1319//974 
f 1326//1073 2395//1056 2396//1074 
f 963//1082 2382//1060 2381//1059 
f 912//891 963//953 955//944 
f 2276//878 2373//1043 2374//1042 
f 2374//1062 2373//1063 2443//1064 
f 2203//1024 2186//996 2199//1023 
f 2201//1018 2203//1025 2199//1019 
f 1870//1024 1853//996 1866//1023 
f 1868//1018 1870//1025 1866//1019 
f 1352//1024 1335//996 1348//1023 
f 1350//1018 1352//1025 1348//1019 
f 2433//1056 1497//1057 2434//1058 
f 1494//1070 2444//1071 2434//1072 
f 2429//1056 1842//1057 2430//1058 
f 1839//1070 2445//1071 2430//1072 
f 2431//1056 2175//1057 2432//1058 
f 2172//1070 2446//1071 2432//1072 
f 943//929 979//975 982//978 
f 979//1083 2380//1072 982//1084 
f 957//946 2382//1085 960//949 
f 963//1082 964//1086 2382//1060 
f 1211//824 1356//1033 1357//1035 
f 2416//1075 1356//1076 2447//1077 
f 2063//824 2207//1033 2208//1035 
f 2415//1075 2207//1076 2448//1077 
f 1557//824 1701//1033 1702//1035 
f 2417//1075 1701//1076 2449//1077 
f 1730//824 1874//1033 1875//1035 
f 2418//1075 1874//1076 2450//1077 
f 934//918 941//926 942//927 
f 899//874 898//873 902//877 
f 1889//803 1981//939 1987//942 
f 2438//1065 1979//1066 1985//1067 
f 1036//803 1128//939 1134//942 
f 2440//1065 1126//1066 1132//1067 
f 2222//803 2314//939 2320//942 
f 2442//1065 2312//1066 2318//1067 
f 2389//1076 2426//1054 2387//1077 
f 1483//959 1530//1036 1528//1034 
f 1020//1087 2420//1076 2419//1075 
f 1022//1037 2384//1088 1023//1038 
f 2394//1089 977//1090 2380//1091 
f 981//1092 2399//1093 977//1094 
f 2425//1078 2034//1079 2035//1080 
f 1903//824 2034//1033 2036//1035 
f 1050//824 1182//1033 1184//1035 
f 2423//1078 1182//1079 1183//1080 
f 2252//844 2335//966 2338//969 
f 2338//1070 2335//1071 2436//1072 
f 1152//1070 1149//1071 2435//1072 
f 1066//844 1149//966 1152//969 
f 925//909 923//904 918//1051 
f 921//901 925//906 918//902 
f 2353//996 2355//999 2348//997 
f 2355//1006 2341//973 2352//1005 
f 1169//1006 1155//973 1166//1005 
f 1167//996 1169//999 1162//997 
f 2019//996 2021//999 2014//997 
f 2021//1006 2007//973 2018//1005 
f 952//940 955//944 951//941 
f 2385//1065 951//1067 2381//1095 
f 1024//1062 2384//1064 2421//1068 
f 893//868 1024//1040 1021//1036 
f 1957//898 2012//984 2010//983 
f 2010//1073 2011//1056 2451//1074 
f 2367//1024 2353//996 2364//1023 
f 2365//1018 2367//1025 2361//1019 
f 1181//1024 1167//996 1178//1023 
f 1179//1018 1181//1025 1175//1019 
f 2031//1018 2033//1025 2027//1019 
f 2033//1024 2019//996 2030//1023 
f 2378//1080 2452//1096 1018//1055 
f 1016//1027 959//948 1018//1030 
f 949//1097 2386//1066 2385//1065 
f 855//819 944//930 946//932 
f 1155//973 1157//981 1154//974 
f 1157//1073 1159//1056 2435//1074 
f 2341//973 2343//981 2340//974 
f 2343//1073 2345//1056 2436//1074 
f 1485//961 1502//990 1507//995 
f 1510//999 1507//1081 1505//997 
f 1337//999 1334//1081 1332//997 
f 1311//961 1329//990 1334//995 
f 2188//999 2185//1081 2183//997 
f 2163//961 2180//990 2185//995 
f 1683//999 1680//1081 1678//997 
f 1657//961 1675//990 1680//995 
f 1855//999 1852//1081 1850//997 
f 1830//961 1847//990 1852//995 
f 1862//1010 1864//1013 1866//1016 
f 1848//989 1860//1014 1867//1017 
f 2181//989 2193//1014 2200//1017 
f 2195//1010 2197//1013 2199//1016 
f 1344//1010 1346//1013 1348//1016 
f 1330//989 1342//1014 1349//1017 
f 953//1098 949//1099 2385//1100 
f 953//1101 2383//1102 2382//1103 
f 984//1073 985//1104 2379//1056 
f 916//895 986//986 985//985 
f 2011//1056 2008//1057 2451//1058 
f 2008//1070 2003//1071 2451//1072 
f 881//851 969//962 971//964 
f 2394//1089 973//1105 977//1090 
f 1481//1082 2413//1060 2412//1059 
f 1433//891 1481//953 1474//944 
f 1826//1082 2401//1060 2400//1059 
f 1778//891 1826//953 1819//944 
f 2113//891 2159//953 2152//944 
f 2159//1082 2407//1060 2406//1059 
f 1307//1082 2410//1060 2409//1059 
f 1259//891 1307//953 1300//944 
f 1607//891 1653//953 1646//944 
f 1653//1082 2404//1060 2403//1059 
f 860//829 864//831 863//830 
f 859//824 864//834 854//825 
f 1697//1024 1681//996 1694//1023 
f 1697//1025 1694//1106 1690//1019 
f 1288//929 1321//975 1324//978 
f 1321//1083 2396//1072 1324//1084 
f 1667//1083 2398//1072 1670//1084 
f 1634//929 1667//975 1670//978 
f 2236//824 2370//1033 2371//1035 
f 2443//1075 2370//1076 2372//1077 
f 1529//1037 2388//1088 1531//1038 
f 1532//1062 1533//1063 2388//1064 
f 1472//942 2413//1085 1478//949 
f 1481//1082 1482//1086 2413//1060 
f 1644//946 2404//1085 1650//949 
f 1653//1082 1654//1086 2404//1060 
f 2150//946 2407//1085 2156//949 
f 2159//1082 2160//1086 2407//1060 
f 1817//946 2401//1085 1823//949 
f 1826//1082 1827//1086 2401//1060 
f 1298//946 2410//1085 1304//949 
f 1307//1082 1308//1086 2410//1060 
f 874//842 2375//1047 840//798 
f 877//846 857//822 874//847 
f 1627//918 1603//926 1594//927 
f 1595//874 1594//873 1597//877 
f 2133//918 2109//926 2100//927 
f 2101//874 2100//873 2103//877 
f 901//880 907//884 2377//1050 
f 922//1107 913//892 918//897 
f 2425//1076 2035//1054 2037//1077 
f 1997//959 2037//1036 2035//1034 
f 2423//1076 1183//1054 1185//1077 
f 1144//959 1185//1036 1183//1034 
f 1702//1037 2417//1088 1704//1038 
f 1702//1087 1701//1076 2417//1075 
f 2208//1037 2415//1088 2210//1038 
f 2208//1087 2207//1076 2415//1075 
f 1875//1087 1874//1076 2418//1075 
f 1875//1037 2418//1088 1877//1038 
f 1357//1087 1356//1076 2416//1075 
f 1357//1037 2416//1088 1359//1038 
f 972//965 994//995 998//1000 
f 997//1108 998//1000 994//1081 
f 2174//1092 2432//1093 2170//1094 
f 2446//1089 2170//1090 2432//1091 
f 1669//1092 2398//1093 1665//1094 
f 2427//1089 1665//1090 2398//1091 
f 1841//1092 2430//1093 1837//1094 
f 2445//1089 1837//1090 2430//1091 
f 2444//1089 1492//1090 2434//1091 
f 1496//1092 2434//1093 1492//1094 
f 1323//1092 2396//1093 1319//1094 
f 2428//1089 1319//1090 2396//1091 
f 924//905 984//981 981//977 
f 981//1109 984//1073 2399//1074 
f 1024//1040 2421//1110 1021//1111 
f 1021//1053 2421//1112 2378//1054 
f 955//1113 2381//1114 951//1115 
f 955//1116 963//1082 2381//1059 
f 1790//909 1788//904 1783//1051 
f 1786//901 1790//906 1783//902 
f 2121//901 2125//906 2118//902 
f 2125//909 2123//904 2118//1051 
f 1271//909 1269//904 1264//1051 
f 1267//901 1271//906 1264//902 
f 1615//901 1619//906 1612//902 
f 1619//909 1617//904 1612//1051 
f 1441//901 1445//906 1438//902 
f 1445//909 1443//904 1438//1051 
f 909//886 1026//1045 1025//1044 
f 1025//1117 1023//1039 2384//1118 
f 900//875 965//958 964//957 
f 964//1119 960//951 2382//1120 
f 1471//940 1474//944 1470//941 
f 2414//1065 1470//1067 2412//1095 
f 2149//940 2152//944 2148//941 
f 2408//1065 2148//1067 2406//1095 
f 1297//940 1300//944 1296//941 
f 2411//1065 1296//1067 2409//1095 
f 1643//940 1646//944 1642//941 
f 2405//1065 1642//1067 2403//1095 
f 1816//940 1819//944 1815//941 
f 2402//1065 1815//1067 2400//1095 
f 2349//989 2358//1014 2364//1017 
f 2358//1046 2360//1011 2361//1010 
f 1163//989 1172//1014 1178//1017 
f 1172//1046 1174//1011 1175//1010 
f 2015//989 2024//1014 2030//1017 
f 2024//1046 2026//1011 2027//1010 
f 1590//868 1705//1040 1703//1036 
f 1705//1062 2417//1064 2449//1068 
f 1360//1062 2416//1064 2447//1068 
f 1244//868 1360//1040 1358//1036 
f 2096//868 2211//1040 2209//1036 
f 2211//1062 2415//1064 2448//1068 
f 1878//1062 2418//1064 2450//1068 
f 1763//868 1878//1040 1876//1036 
f 1532//1062 2388//1064 2387//1068 
f 1418//868 1532//1040 1530//1036 
f 1353//1027 1303//948 1355//1030 
f 2390//1080 1353//1096 1355//1055 
f 1871//1027 1822//948 1873//1030 
f 2392//1080 1871//1096 1873//1055 
f 1698//1027 1649//948 1700//1030 
f 2393//1080 1698//1096 1700//1055 
f 2204//1027 2155//948 2206//1030 
f 2391//1080 2204//1096 2206//1055 
f 2079//843 2164//964 2167//966 
f 2446//1105 2164//967 2170//971 
f 1746//843 1831//964 1834//966 
f 2445//1105 1831//967 1837//971 
f 1401//843 1486//964 1489//966 
f 2444//1105 1486//967 1492//971 
f 908//885 905//882 902//881 
f 941//926 902//1121 942//927 
f 1468//1097 1463//1066 2414//1065 
f 1381//819 1463//930 1465//932 
f 1726//819 1808//930 1810//932 
f 1813//1097 1808//1066 2402//1065 
f 1553//819 1635//930 1637//932 
f 1640//1097 1635//1066 2405//1065 
f 1999//961 2014//990 2018//995 
f 2021//999 2018//1081 2014//997 
f 1169//999 1166//1081 1162//997 
f 1146//961 1162//990 1166//995 
f 2355//999 2352//1081 2348//997 
f 2332//961 2348//990 2352//995 
f 1452//917 1458//927 1461//928 
f 1458//925 1430//886 1422//885 
f 1797//917 1803//927 1806//928 
f 1803//925 1775//886 1767//885 
f 1278//917 1284//927 1287//928 
f 1284//925 1256//886 1248//885 
f 1000//1006 998//1005 997//1122 
f 999//1001 1000//1004 997//1002 
f 1472//1098 1468//1099 2414//1100 
f 1472//1101 2414//1102 2413//1103 
f 1644//1101 2405//1102 2404//1103 
f 1644//1098 1640//1099 2405//1100 
f 2150//1101 2408//1102 2407//1103 
f 2150//1098 2143//1099 2408//1100 
f 1298//1098 1291//1099 2411//1100 
f 1298//1101 2411//1102 2410//1103 
f 1817//1098 1813//1099 2402//1100 
f 1817//1101 2402//1102 2401//1103 
f 1207//819 1289//930 1291//932 
f 1291//1097 1289//1066 2411//1065 
f 2059//819 2141//930 2143//932 
f 2143//1097 2141//1066 2408//1065 
f 1501//987 1515//1012 1520//1014 
f 1515//1046 1517//1011 1518//1010 
f 1610//895 1671//986 1673//985 
f 1672//1073 1673//1104 2397//1056 
f 2116//895 2176//986 2178//985 
f 2177//1073 2178//1104 2431//1056 
f 1326//1073 1327//1104 2395//1056 
f 1262//895 1325//986 1327//985 
f 1844//1073 1845//1104 2429//1056 
f 1781//895 1843//986 1845//985 
f 1436//895 1498//986 1500//985 
f 1499//1073 1500//1104 2433//1056 
f 1996//1082 2437//1060 1989//1059 
f 1951//891 1996//953 1989//944 
f 1098//891 1143//953 1136//944 
f 1143//1082 2439//1060 1136//1059 
f 2329//1082 2441//1060 2322//1059 
f 2284//891 2329//953 2322//944 
f 1688//1008 1689//1009 1690//1010 
f 1688//1014 1690//1123 1694//1017 
f 1233//851 1312//962 1314//964 
f 2428//1089 1312//1105 1319//1090 
f 1579//851 1658//962 1660//964 
f 2427//1089 1658//1105 1665//1090 
f 990//991 991//992 992//993 
f 990//1124 992//993 994//1125 
f 1525//1025 1523//1106 1518//1019 
f 1525//1024 1508//996 1523//1023 
f 1152//1083 2435//1072 1158//1084 
f 1125//929 1152//975 1158//978 
f 2311//929 2338//975 2344//978 
f 2338//1083 2436//1072 2344//1084 
f 2420//1076 2378//1054 2421//1077 
f 2420//1079 2452//1096 2378//1080 
f 1212//829 1216//831 1215//830 
f 1211//824 1216//834 1206//825 
f 1380//1052 1387//826 1369//800 
f 1386//825 1393//835 1387//834 
f 2063//824 2068//834 2058//825 
f 2064//829 2068//831 2067//830 
f 1557//824 1562//834 1552//825 
f 1558//829 1562//831 1561//830 
f 1731//829 1735//831 1734//830 
f 1730//824 1735//834 1725//825 
f 985//1126 983//980 2379//1127 
f 2379//1127 983//979 982//1057 
f 1014//1023 993//994 1010//1020 
f 1010//1123 1004//1010 1009//1016 
f 1007//1128 1004//1010 1010//1123 
f 1002//1008 1003//1009 1004//1010 
f 1184//1037 2422//1088 1186//1038 
f 1187//1062 1186//1063 2422//1064 
f 2036//1037 2424//1088 2038//1038 
f 2039//1062 2038//1063 2424//1064 
f 1987//942 2437//1085 1993//949 
f 1996//1082 1993//1086 2437//1060 
f 2320//946 2441//1085 2326//949 
f 2329//1082 2326//1086 2441//1060 
f 1134//946 2439//1085 1140//949 
f 1143//1082 1140//1086 2439//1060 
f 1529//1129 2389//1075 2388//1130 
f 1527//1033 2389//1078 1529//1087 
f 849//811 946//934 949//936 
f 946//934 2386//1131 949//1097 
f 848//813 854//817 2376//1052 
f 854//825 864//834 860//1132 
f 2273//874 2272//873 2275//877 
f 2304//918 2275//926 2272//927 
f 1118//918 1089//926 1086//927 
f 1087//874 1086//873 1089//877 
f 1971//918 1942//926 1939//927 
f 1940//874 1939//873 1942//877 
f 979//1070 2453//1133 2394//1071 
f 2453//1134 973//1105 2394//1089 
f 1017//1029 2452//1135 2420//1079 
f 847//808 1016//1027 1017//1028 
f 878//848 975//972 979//975 
f 975//972 2453//1133 979//1070 
f 1572//842 1555//1047 1540//798 
f 1575//846 1555//822 1572//847 
f 2078//842 2061//1047 2046//798 
f 2081//846 2061//822 2078//847 
f 1400//842 1383//1047 1368//798 
f 1403//846 1383//822 1400//847 
f 1229//846 1209//822 1226//847 
f 1226//842 1209//1047 1194//798 
f 1748//846 1728//822 1745//847 
f 1745//842 1728//1047 1713//798 
f 2094//880 2108//884 2122//1050 
f 2122//1107 2108//892 2118//897 
f 1588//880 1602//884 1616//1050 
f 1616//1107 1602//892 1612//897 
f 1416//880 1429//884 1442//1050 
f 1442//1107 1429//892 1438//897 
f 1242//880 1255//884 1268//1050 
f 1268//1107 1255//892 1264//897 
f 1761//880 1774//884 1787//1050 
f 1787//1107 1774//892 1783//897 
f 2371//1087 2370//1076 2443//1075 
f 2371//1035 2443//1088 2373//1038 
f 907//890 913//892 922//1107 
f 911//889 913//892 907//890 
f 1157//1092 2435//1093 1154//1094 
f 1149//1089 1154//1090 2435//1091 
f 2343//1092 2436//1093 2340//1094 
f 2335//1089 2340//1090 2436//1091 
f 2003//1089 2006//1090 2451//1091 
f 2010//1092 2451//1093 2006//1094 
f 851//814 849//811 838//810 
f 2375//1136 851//814 838//1048 
f 1488//965 1507//995 1511//1000 
f 1510//1108 1511//1000 1507//1081 
f 1661//965 1680//995 1684//1000 
f 1683//1108 1684//1000 1680//1081 
f 2166//965 2185//995 2189//1000 
f 2188//1108 2189//1000 2185//1081 
f 1315//965 1334//995 1338//1000 
f 1337//1108 1338//1000 1334//1081 
f 1833//965 1852//995 1856//1000 
f 1855//1108 1856//1000 1852//1081 
f 1270//905 1326//981 1323//977 
f 1323//1109 1326//1073 2396//1074 
f 1444//905 1499//981 1496//977 
f 1496//1109 1499//1073 2434//1074 
f 2124//905 2177//981 2174//977 
f 2174//1109 2177//1073 2432//1074 
f 1789//905 1844//981 1841//977 
f 1841//1109 1844//1073 2430//1074 
f 1618//905 1672//981 1669//977 
f 1669//1109 1672//1073 2398//1074 
f 1106//901 1110//906 1103//902 
f 1110//909 1108//904 1103//1051 
f 1959//901 1963//906 1956//902 
f 1963//909 1961//904 1956//1051 
f 2296//909 2294//904 2289//1051 
f 2292//901 2296//906 2289//902 
f 894//869 891//865 898//873 
f 901//880 2377//1050 891//866 
f 925//1137 930//915 928//910 
f 927//908 930//912 925//906 
f 884//856 873//854 885//857 
f 873//1138 872//840 885//861 
f 1020//1129 2419//1075 2384//1130 
f 2421//1068 2384//1064 2419//1069 
f 1705//1040 2449//1110 1703//1111 
f 1703//1053 2449//1112 2393//1054 
f 2211//1040 2448//1110 2209//1111 
f 2209//1053 2448//1112 2391//1054 
f 1360//1040 2447//1110 1358//1111 
f 1358//1053 2447//1112 2390//1054 
f 1878//1040 2450//1110 1876//1111 
f 1876//1053 2450//1112 2392//1054 
f 1532//1040 2387//1110 1530//1111 
f 1530//1053 2387//1112 2426//1054 
f 1474//1113 2412//1114 1470//1115 
f 1474//1116 1481//1082 2412//1059 
f 2152//1116 2159//1082 2406//1059 
f 2152//1113 2406//1114 2148//1115 
f 1300//1116 1307//1082 2409//1059 
f 1300//1113 2409//1114 1296//1115 
f 1646//1116 1653//1082 2403//1059 
f 1646//1113 2403//1114 1642//1115 
f 1819//1116 1826//1082 2400//1059 
f 1819//1113 2400//1114 1815//1115 
f 1133//940 1136//944 1132//941 
f 2440//1065 1132//1067 1136//1095 
f 1986//940 1989//944 1985//941 
f 2438//1065 1985//1067 1989//1095 
f 2319//940 2322//944 2318//941 
f 2442//1065 2318//1067 2322//1095 
f 2039//1062 2424//1064 2037//1068 
f 1935//868 2039//1040 2037//1036 
f 1082//868 1187//1040 1185//1036 
f 1187//1062 2422//1064 1185//1068 
f 2374//1062 2443//1064 2372//1068 
f 2268//868 2374//1040 2372//1036 
f 2212//1117 2210//1039 2415//1118 
f 2110//886 2210//1045 2212//1044 
f 1430//886 1531//1045 1533//1044 
f 1533//1117 1531//1039 2388//1118 
f 1775//886 1877//1045 1879//1044 
f 1879//1117 1877//1039 2418//1118 
f 1706//1117 1704//1039 2417//1118 
f 1604//886 1704//1045 1706//1044 
f 1256//886 1359//1045 1361//1044 
f 1361//1117 1359//1039 2416//1118 
f 1596//875 1650//958 1654//957 
f 1654//1119 1650//951 2404//1120 
f 2102//875 2156//958 2160//957 
f 2160//1119 2156//951 2407//1120 
f 1424//875 1478//958 1482//957 
f 1482//1119 1478//951 2413//1120 
f 1827//1119 1823//951 2401//1120 
f 1769//875 1823//958 1827//957 
f 1308//1119 1304//951 2410//1120 
f 1250//875 1304//958 1308//957 
f 942//928 902//1139 898//1049 
f 942//928 898//1049 890//864 
f 2368//1027 2325//948 2369//1030 
f 2370//1080 2368//1096 2369//1055 
f 1527//1135 1526//1027 1528//1030 
f 1375//808 1526//1027 1527//1028 
f 1918//843 2000//964 2003//966 
f 2003//1105 2000//967 2006//971 
f 1489//972 2444//1133 1494//1070 
f 1489//966 1486//964 2444//1140 
f 2167//972 2446//1133 2172//1070 
f 2167//966 2164//964 2446//1140 
f 1834//972 2445//1133 1839//1070 
f 1834//966 1831//964 2445//1140 
f 977//1094 2399//1093 2380//1091 
f 2399//1074 2379//1056 2380//1058 
f 1981//1097 1979//1066 2438//1065 
f 1899//819 1979//930 1981//932 
f 1046//819 1126//930 1128//932 
f 1128//1097 1126//1066 2440//1065 
f 2232//819 2312//930 2314//932 
f 2314//1097 2312//1066 2442//1065 
f 1603//885 1600//882 1597//881 
f 1603//926 1597//1121 1594//927 
f 2109//885 2106//882 2103//881 
f 2109//926 2103//1121 2100//927 
f 957//946 953//1101 2382//1103 
f 956//945 953//942 957//946 
f 1001//1007 1020//1035 1022//1037 
f 1022//1037 1020//1129 2384//1130 
f 848//813 2376//1052 837//799 
f 845//805 848//809 837//802 
f 936//920 1015//1025 1013//1022 
f 1015//1026 996//998 1013//1024 
f 1987//1101 2438//1102 2437//1103 
f 1987//1098 1981//1099 2438//1100 
f 1134//1101 2440//1102 2439//1103 
f 1134//1098 1128//1099 2440//1100 
f 2320//1098 2314//1099 2442//1100 
f 2320//1101 2442//1102 2441//1103 
f 1101//895 1159//986 1160//985 
f 1157//1073 1160//1104 1159//1056 
f 2343//1073 2346//1104 2345//1056 
f 2287//895 2345//986 2346//985 
f 1954//895 2011//986 2012//985 
f 2010//1073 2012//1104 2011//1056 
f 1339//1001 1340//1004 1337//1002 
f 1340//1006 1338//1005 1337//1122 
f 1513//1006 1511//1005 1510//1122 
f 1512//1001 1513//1004 1510//1002 
f 1857//1001 1858//1004 1855//1002 
f 1858//1006 1856//1005 1855//1122 
f 2190//1001 2191//1004 2188//1002 
f 2191//1006 2189//1005 2188//1122 
f 1685//1001 1686//1004 1683//1002 
f 1686//1006 1684//1005 1683//1122 
f 941//925 908//885 902//1121 
f 939//923 908//885 941//925 
f 1458//925 1422//885 1461//1121 
f 1422//873 1416//865 1461//1049 
f 1248//873 1242//865 1287//1049 
f 1284//925 1248//885 1287//1121 
f 1767//873 1761//865 1806//1049 
f 1803//925 1767//885 1806//1121 
f 1462//929 1494//975 1497//978 
f 1494//1083 2434//1072 1497//1084 
f 1807//929 1839//975 1842//978 
f 1839//1083 2430//1072 1842//1084 
f 2172//1083 2432//1072 2175//1084 
f 2140//929 2172//975 2175//978 
f 1071//851 1147//962 1149//964 
f 1149//1089 1147//1105 1154//1090 
f 2257//851 2333//962 2335//964 
f 2335//1089 2333//1105 2340//1090 
f 886//858 988//988 990//990 
f 988//988 989//989 990//991 
f 971//964 969//962 2453//1140 
f 975//969 971//966 2453//1134 
f 2358//1014 2361//1123 2364//1017 
f 2367//1141 2364//1023 2361//1106 
f 1181//1141 1178//1023 1175//1106 
f 1172//1014 1175//1123 1178//1017 
f 2033//1141 2030//1023 2027//1106 
f 2024//1014 2027//1123 2030//1017 
f 2231//1052 2237//826 2220//800 
f 2231//825 2243//835 2237//834 
f 1898//1052 1904//826 1887//800 
f 1898//825 1910//835 1904//834 
f 1045//1052 1051//826 1034//800 
f 1045//825 1057//835 1051//834 
f 953//1098 2385//1100 2383//1102 
f 2383//1102 2385//1100 2381//1142 
f 1382//820 1386//825 1380//821 
f 1380//821 1386//825 1387//1132 
f 1329//991 1331//992 1332//993 
f 1329//1124 1332//993 1334//1125 
f 1675//991 1677//992 1678//993 
f 1675//1124 1678//993 1680//1125 
f 1847//991 1849//992 1850//993 
f 1847//1124 1850//993 1852//1125 
f 2180//991 2182//992 2183//993 
f 2180//1124 2183//993 2185//1125 
f 1502//991 1504//992 1505//993 
f 1502//1124 1505//993 1507//1125 
f 1025//1117 1026//1045 1023//1039 
f 1026//1045 1008//1015 1023//1039 
f 965//958 962//952 960//951 
f 964//1119 965//958 960//951 
f 2054//811 2143//934 2146//936 
f 2146//939 2143//1099 2150//1098 
f 1202//811 1291//934 1294//936 
f 1294//939 1291//1099 1298//1098 
f 2207//1076 2391//1054 2448//1077 
f 2207//1079 2204//1096 2391//1080 
f 1874//1079 1871//1096 2392//1080 
f 1874//1076 2392//1054 2450//1077 
f 1701//1076 2393//1054 2449//1077 
f 1701//1079 1698//1096 2393//1080 
f 1356//1079 1353//1096 2390//1080 
f 1356//1076 2390//1054 2447//1077 
f 2386//1066 944//930 951//938 
f 946//932 944//930 2386//1131 
f 987//987 1002//1012 1007//1014 
f 1002//1008 1004//1010 1007//1128 
f 2395//1127 1325//979 1324//1057 
f 1327//1126 1325//980 2395//1127 
f 2178//1126 2176//980 2431//1127 
f 2431//1127 2176//979 2175//1057 
f 1673//1126 1671//980 2397//1127 
f 2397//1127 1671//979 1670//1057 
f 2429//1127 1843//979 1842//1057 
f 1845//1126 1843//980 2429//1127 
f 1500//1126 1498//980 2433//1127 
f 2433//1127 1498//979 1497//1057 
f 986//986 950//937 983//980 
f 985//1126 986//986 983//980 
f 1184//1129 2423//1075 2422//1130 
f 1182//1033 2423//1078 1184//1087 
f 2036//1129 2425//1075 2424//1130 
f 2034//1033 2425//1078 2036//1087 
f 1013//1022 1014//1106 1009//1019 
f 1009//1019 1014//1106 1010//1143 
f 1867//1123 1862//1010 1866//1016 
f 1866//1023 1851//994 1867//1020 
f 2200//1123 2195//1010 2199//1016 
f 2199//1023 2184//994 2200//1020 
f 1349//1123 1344//1010 1348//1016 
f 1348//1023 1333//994 1349//1020 
f 2193//1008 2194//1009 2195//1010 
f 2193//1128 2195//1010 2200//1123 
f 1860//1008 1861//1009 1862//1010 
f 1860//1128 1862//1010 1867//1123 
f 1342//1008 1343//1009 1344//1010 
f 1342//1128 1344//1010 1349//1123 
f 1520//1123 1518//1016 1523//1143 
f 1520//1128 1515//1046 1518//1010 
f 2377//1050 922//903 892//867 
f 907//888 922//1107 2377//1144 
f 1019//1033 2420//1078 1020//1087 
f 1019//1031 1017//1029 2420//1079 
f 2376//1052 860//826 841//800 
f 854//821 860//1132 2376//1145 
f 2253//846 2234//822 2250//847 
f 2250//842 2234//1047 2219//798 
f 1064//842 1048//1047 1033//798 
f 1067//846 1048//822 1064//847 
f 1917//842 1901//1047 1886//798 
f 1920//846 1901//822 1917//847 
f 1721//811 1810//934 1813//936 
f 1810//934 1808//1131 1813//1097 
f 1548//811 1637//934 1640//936 
f 1637//934 1635//1131 1640//1097 
f 1376//811 1465//934 1468//936 
f 1465//934 1463//1131 1468//1097 
f 2043//813 2058//817 2064//1052 
f 2058//825 2068//834 2064//1132 
f 1537//813 1552//817 1558//1052 
f 1552//825 1562//834 1558//1132 
f 1206//825 1216//834 1212//1132 
f 1191//813 1206//817 1212//1052 
f 1725//825 1735//834 1731//1132 
f 1710//813 1725//817 1731//1052 
f 1321//1070 1314//1133 2428//1071 
f 1314//1134 1312//1105 2428//1089 
f 1660//1134 1658//1105 2427//1089 
f 1667//1070 1660//1133 2427//1071 
f 1933//880 1947//884 1960//1050 
f 1960//1107 1947//892 1956//897 
f 2266//880 2280//884 2293//1050 
f 2293//1107 2280//892 2289//897 
f 1080//880 1094//884 1107//1050 
f 1107//1107 1094//892 1103//897 
f 1201//808 1353//1027 1354//1028 
f 1354//1029 1353//1135 1356//1079 
f 1547//808 1698//1027 1699//1028 
f 1699//1029 1698//1135 1701//1079 
f 1720//808 1871//1027 1872//1028 
f 1872//1029 1871//1135 1874//1079 
f 2053//808 2204//1027 2205//1028 
f 2205//1029 2204//1135 2207//1079 
f 1230//848 1317//972 1321//975 
f 1317//972 1314//1133 1321//1070 
f 1663//972 1660//1133 1667//1070 
f 1576//848 1663//972 1667//975 
f 1528//1034 1530//1053 2426//1055 
f 1527//1135 1528//1030 2426//1096 
f 2452//1135 1016//1027 1018//1030 
f 1017//1028 1016//1027 2452//1135 
f 894//869 901//876 891//1146 
f 897//872 901//876 894//869 
f 969//962 972//965 973//967 
f 2453//1140 969//962 973//967 
f 857//822 851//818 2375//1136 
f 874//847 857//822 2375//1136 
# 0 polygons - 3204 triangles

