# 3ds Max Wavefront OBJ Exporter v0.99 - (c)2007 guruware
# File Created: 18.07.2026 21:11:28

#
# object Group22992
#

v  0.0000 137.6866 -0.0000
v  0.0000 137.6866 -12.8472
v  -2.5064 137.6866 -12.6003
v  -4.9164 137.6866 -11.8692
v  -7.1375 137.6866 -10.6820
v  -9.0843 137.6866 -9.0843
v  -10.6820 137.6866 -7.1375
v  -11.8692 137.6866 -4.9164
v  -12.6003 137.6866 -2.5064
v  -12.8471 137.6866 -0.0000
v  -12.6003 137.6866 2.5063
v  -11.8692 137.6866 4.9164
v  -10.6820 137.6866 7.1375
v  -9.0843 137.6866 9.0843
v  -7.1375 137.6866 10.6820
v  -4.9164 137.6866 11.8692
v  -2.5063 137.6866 12.6002
v  0.0000 137.6866 12.8471
v  2.5064 137.6866 12.6002
v  4.9164 137.6866 11.8692
v  7.1375 137.6866 10.6820
v  9.0843 137.6866 9.0843
v  10.6820 137.6866 7.1375
v  11.8692 137.6866 4.9164
v  12.6003 137.6866 2.5063
v  12.8471 137.6866 -0.0000
v  12.6003 137.6866 -2.5064
v  11.8692 137.6866 -4.9164
v  10.6820 137.6866 -7.1375
v  9.0843 137.6866 -9.0843
v  7.1375 137.6866 -10.6820
v  4.9164 137.6866 -11.8692
v  2.5063 137.6866 -12.6003
v  0.1228 0.1199 -16.4116
v  0.1137 -1.8944 -0.0462
v  -3.0920 -0.0882 -16.2587
v  -6.2466 -0.3012 -15.4759
v  -9.2154 -0.5106 -14.0748
v  -11.8726 -0.7072 -12.0929
v  -14.0984 -0.8815 -9.5960
v  -15.7863 -1.0246 -6.6774
v  -16.8503 -1.1287 -3.4559
v  -17.2329 -1.1880 -0.0701
v  -16.9104 -1.1989 3.3289
v  -15.8956 -1.1609 6.5875
v  -14.2377 -1.0763 9.5598
v  -12.0181 -0.9501 12.1175
v  -9.3437 -0.7892 14.1566
v  -6.3386 -0.6021 15.6027
v  -3.1357 -0.3982 16.4120
v  0.1310 -0.1867 16.5708
v  3.3332 0.0235 16.0922
v  6.3523 0.2247 15.0130
v  9.0830 0.4099 13.3892
v  11.4352 0.5736 11.2924
v  13.3349 0.7113 8.8060
v  14.7250 0.8196 6.0226
v  15.5654 0.8961 3.0408
v  15.8335 0.9391 -0.0370
v  15.5232 0.9477 -3.1072
v  14.6459 0.9218 -6.0668
v  13.2293 0.8617 -8.8162
v  11.3173 0.7685 -11.2608
v  8.9694 0.6442 -13.3137
v  6.2601 0.4918 -14.8975
v  3.2775 0.3154 -15.9469
v  0.0000 128.1974 -12.8472
v  4.9164 128.1974 -11.8692
v  0.0000 118.7081 -12.8472
v  4.9164 118.7081 -11.8692
v  0.0000 109.2188 -12.9761
v  4.9531 109.2188 -11.9578
v  0.0000 99.7296 -13.3493
v  5.0824 99.7296 -12.2701
v  0.0000 90.2430 -13.8322
v  11.8692 128.1974 -4.9164
v  5.2561 90.2421 -12.6893
v  0.0052 80.7782 -14.3632
v  5.4475 80.7731 -13.1439
v  0.0170 71.3329 -15.0500
v  2.9311 71.3276 -14.6652
v  0.0368 61.8867 -15.9529
v  3.1120 61.8779 -15.4928
v  0.0717 52.4193 -17.1080
v  3.3558 52.4094 -16.5677
v  0.1109 42.8930 -18.2022
v  6.8556 42.8809 -16.3584
v  0.1426 33.3035 -19.0096
v  7.1657 33.3054 -17.0477
v  0.1577 23.6824 -19.3907
v  7.3140 23.7018 -17.3770
v  0.1511 13.9136 -19.2825
v  7.2740 13.9741 -17.2931
v  13.0276 14.0167 -12.9549
v  16.7747 14.0401 -6.9449
v  18.1261 14.0443 -0.0411
v  16.9253 14.0292 6.9217
v  13.2521 13.9945 13.0830
v  7.4483 13.9407 17.5932
v  0.1607 13.8710 19.6807
v  -7.6246 13.7937 18.7833
v  -14.6251 13.7233 14.7541
v  -19.4774 13.6774 8.0770
v  -20.6220 13.6810 -4.2281
v  -17.1120 13.7303 -11.6492
v  -11.0470 13.8017 -16.8805
v  -3.6512 13.8780 -19.2327
v  -3.6669 23.6713 -19.3493
v  -3.6068 33.3026 -18.9620
v  -7.0423 42.9080 -17.3640
v  -6.6331 52.4422 -16.2540
v  -6.1878 61.9075 -15.0669
v  -5.8183 71.3454 -14.1050
v  -5.5487 80.7853 -13.4159
v  -5.3349 90.2445 -12.8795
v  -5.1381 99.7296 -12.4046
v  -4.9811 109.2188 -12.0255
v  -4.9164 118.7081 -11.8692
v  -7.1375 128.1974 -10.6820
v  -11.8692 128.1974 -4.9164
v  -12.6003 128.1974 2.5063
v  -9.0843 128.1974 9.0843
v  -2.5063 128.1974 12.6002
v  11.8692 128.1974 4.9164
v  7.1375 128.1974 10.6820
v  -5.9460 191.7903 -49.5461
v  -14.7162 192.5211 -47.1594
v  -14.3709 193.3147 -45.7401
v  -13.6996 194.0599 -44.4488
v  -12.7282 194.7277 -43.3357
v  -11.4941 195.2921 -42.4443
v  -10.0448 195.7314 -41.8088
v  -8.4359 196.0284 -41.4543
v  -6.7294 196.1718 -41.3942
v  -4.9908 196.1562 -41.6304
v  -3.2868 195.9824 -42.1539
v  -1.6829 195.6570 -42.9442
v  -0.2406 195.1932 -43.9701
v  0.9846 194.6088 -45.1920
v  1.9457 193.9264 -46.5629
v  2.6058 193.1725 -48.0292
v  2.9395 192.3759 -49.5353
v  2.9341 191.5673 -51.0229
v  2.5896 190.7777 -52.4350
v  1.9193 190.0371 -53.7182
v  0.9489 189.3737 -54.8233
v  -0.2844 188.8130 -55.7082
v  -1.7333 188.3760 -56.3395
v  -3.3419 188.0796 -56.6929
v  -6.7880 187.9478 -56.5238
v  -8.4928 188.1177 -56.0075
v  -10.0977 188.4384 -55.2256
v  -11.5409 188.8979 -54.2073
v  -12.7669 189.4787 -52.9920
v  -13.7285 190.1586 -51.6256
v  -14.3888 190.9120 -50.1601
v  -14.7222 191.7098 -48.6519
v  -9.2510 111.4800 -1.8698
v  -0.4718 110.7908 -4.1818
v  -8.9050 112.2769 -0.4444
v  -8.2328 113.0263 0.8544
v  -7.2603 113.6991 1.9763
v  -6.0251 114.2688 2.8774
v  -4.5746 114.7136 3.5226
v  -2.9645 115.0163 3.8873
v  -1.2568 115.1651 3.9571
v  0.4829 115.1545 3.7297
v  2.1878 114.9849 3.2139
v  3.7926 114.6634 2.4305
v  5.2355 114.2026 1.4099
v  6.4611 113.6201 0.1916
v  7.4225 112.9391 -1.1768
v  8.0826 112.1854 -2.6428
v  8.4163 111.3883 -4.1497
v  8.4105 110.5783 -5.6400
v  8.0655 109.7861 -7.0567
v  7.3945 109.0423 -8.3456
v  6.4232 108.3751 -9.4576
v  5.1889 107.8096 -10.3509
v  3.7390 107.3677 -10.9911
v  2.1291 107.0657 -11.3545
v  0.4211 106.9155 -11.4268
v  -1.3193 106.9229 -11.2052
v  -3.0253 107.0875 -10.6983
v  -4.6312 107.4035 -9.9248
v  -6.0753 107.8589 -8.9139
v  -7.3019 108.4369 -7.7036
v  -8.2639 109.1151 -6.3403
v  -8.9242 109.8680 -4.8757
v  -9.2575 110.6665 -3.3662
v  -5.0487 187.9349 -56.7554
v  -8.5192 180.4014 -56.2263
v  -1.7704 180.6099 -56.6476
v  2.5438 182.9716 -52.8148
v  1.8977 186.1103 -46.9605
v  -0.2868 187.3853 -44.3531
v  -10.0773 187.9868 -42.0783
v  -14.3937 185.6151 -45.9290
v  -14.7374 184.8286 -47.3356
v  -14.7307 177.2657 -47.2796
v  -13.7197 178.7786 -44.6153
v  -14.6719 169.9433 -46.7928
v  -12.6957 172.0956 -43.0663
v  -14.5483 162.9211 -45.7682
v  -12.5736 165.0661 -42.0548
v  -14.3520 156.2348 -44.1418
v  -12.3784 158.3751 -40.4368
v  -14.0784 149.9064 -41.8742
v  -12.1053 152.0441 -38.1738
v  -13.7248 143.9462 -38.9441
v  -11.7519 146.0832 -35.2450
v  -13.2909 138.3595 -35.3478
v  -11.3176 140.4977 -31.6465
v  -12.7776 133.1396 -31.0943
v  -10.8037 135.2810 -27.3873
v  -12.1880 128.2725 -26.2086
v  -11.1791 129.7755 -23.5621
v  -11.5277 123.7328 -20.7366
v  -8.3217 126.4293 -16.1548
v  -10.8055 119.4792 -14.7521
v  -9.7940 120.9944 -12.0836
v  -10.0366 115.4416 -8.3803
v  -9.0227 116.9679 -5.6920
v  -5.3739 118.6118 -3.1016
v  -4.5457 122.8922 -9.2158
v  -0.1395 127.0036 -16.0724
v  6.6048 116.7523 -7.9533
v  7.5938 114.3964 -12.4076
v  1.3274 110.9532 -17.9979
v  -3.8172 111.0200 -17.2610
v  -8.0871 112.4005 -14.2106
v  -9.8162 117.1247 -19.2038
v  -11.1976 122.1360 -23.7153
v  -11.8576 126.6774 -29.1843
v  -12.4469 131.5457 -34.0676
v  -12.9600 136.7663 -38.3198
v  -13.3939 142.3533 -41.9157
v  -13.7475 148.3136 -44.8457
v  -14.0212 154.6414 -47.1144
v  -14.2178 161.3264 -48.7431
v  -14.3417 168.3471 -49.7703
v  -14.4010 175.6670 -50.2617
v  -14.4086 183.2260 -50.3248
v  -5.9892 272.7239 -86.5557
v  -13.4960 270.6043 -91.9444
v  -14.3317 271.1154 -90.6105
v  -14.8451 271.7073 -89.0768
v  -15.0163 272.3575 -87.4019
v  -14.8389 273.0408 -85.6505
v  -14.3196 273.7307 -83.8906
v  -13.4785 274.3997 -82.1919
v  -12.3480 275.0215 -80.6211
v  -10.9716 275.5714 -79.2408
v  -9.4023 276.0273 -78.1058
v  -7.7004 276.3710 -77.2616
v  -5.9315 276.5888 -76.7415
v  -4.1634 276.6723 -76.5658
v  -2.4642 276.6187 -76.7402
v  -0.8990 276.4307 -77.2564
v  0.4721 276.1166 -78.0923
v  1.5966 275.6899 -79.2124
v  2.4314 275.1683 -80.5709
v  2.9444 274.5726 -82.1133
v  3.1159 273.9261 -83.7796
v  2.9395 273.2534 -85.5066
v  2.4217 272.5793 -87.2300
v  1.5823 271.9285 -88.8867
v  0.4534 271.3247 -90.4158
v  -0.9215 270.7900 -91.7611
v  -2.4899 270.3442 -92.8727
v  -5.8268 184.4929 -57.3479
v  -5.8220 187.7966 -48.7999
v  -7.5812 184.5553 -57.1868
v  -9.2682 184.7400 -56.7095
v  -10.8230 185.0400 -55.9345
v  -12.1858 185.4438 -54.8916
v  -13.3039 185.9388 -53.6123
v  -14.1299 186.5608 -51.9907
v  -14.6359 187.2400 -50.2194
v  -14.8032 187.9402 -48.3948
v  -14.6257 188.6303 -46.5983
v  -14.1105 189.2816 -44.9059
v  -13.2774 189.8671 -43.3875
v  -12.1586 190.3638 -42.1034
v  -10.7971 190.7522 -41.1037
v  -9.2452 191.0181 -40.4251
v  -7.5623 191.1523 -40.0904
v  -5.8131 191.1519 -40.1065
v  -4.0644 191.0199 -40.4642
v  -2.3830 190.7674 -41.1328
v  -0.8305 190.4389 -41.9883
v  0.5322 190.0352 -43.0313
v  1.6506 189.5432 -44.3021
v  2.4817 188.9819 -45.7520
v  2.9934 188.3728 -47.3253
v  3.1662 187.7395 -48.9614
v  2.9934 187.1061 -50.5975
v  2.4817 186.4970 -52.1708
v  1.6506 185.9358 -53.6207
v  0.5322 185.4438 -54.8916
v  -0.8305 185.0400 -55.9345
v  -2.3853 184.7400 -56.7095
v  -4.0723 184.5553 -57.1868
v  -5.9607 269.7827 -94.2371
v  -7.7297 269.6892 -94.4359
v  -11.1863 261.4494 -96.5715
v  -6.1500 261.5578 -96.5275
v  -6.2650 253.3985 -98.4052
v  -9.6747 253.1630 -98.8118
v  -6.3250 246.1114 -98.2286
v  -11.1702 245.9473 -98.2884
v  -6.3263 239.9121 -95.4146
v  -11.0508 239.8738 -95.1023
v  -6.2657 234.7894 -89.9447
v  -9.4449 234.7521 -89.7384
v  -6.1540 230.4618 -82.5465
v  -9.2613 230.5450 -82.0198
v  -6.0121 226.5276 -74.2810
v  -9.0722 226.7157 -73.4903
v  -5.8632 222.6064 -66.1430
v  -10.2697 223.2202 -64.1624
v  -5.7278 218.3807 -58.9600
v  -8.7975 218.7275 -57.8028
v  -5.6530 213.0920 -54.7249
v  -8.7497 213.4874 -53.4867
v  -5.6448 206.7173 -53.3770
v  -8.8148 207.1651 -52.0521
v  -5.6799 199.6624 -53.8448
v  -8.9992 200.1723 -52.4113
v  -5.7859 191.1841 -58.3477
v  -9.2113 191.6258 -57.1601
v  -14.0090 194.0815 -50.5618
v  -14.5615 195.6661 -46.2952
v  -11.8480 197.9647 -40.2866
v  -5.7271 198.5256 -38.9864
v  -0.8330 197.6779 -41.3692
v  3.0376 195.1040 -48.2122
v  1.6772 192.4532 -55.1111
v  -4.0375 191.1732 -58.3933
v  -0.7825 199.5656 -54.3973
v  0.3201 207.0018 -53.0919
v  -2.5138 213.1040 -54.9674
v  -2.6102 218.5515 -58.8409
v  -2.7639 222.8864 -65.7528
v  -2.9066 226.8819 -73.7061
v  -3.0087 230.9064 -81.7242
v  -3.0566 235.3350 -88.8292
v  -3.0396 240.5511 -94.0153
v  -2.9613 246.8039 -96.6514
v  -2.8375 254.0802 -96.8171
v  -2.6738 262.1778 -95.0282
v  -4.1914 270.0041 -93.7087
v  0.2752 263.2188 -92.4314
v  2.9454 265.9025 -85.6054
v  0.2984 268.0494 -80.0157
v  -9.4303 269.7277 -94.2963
v  -10.9972 269.8977 -93.8215
v  -13.6783 261.9330 -95.1470
v  -12.3701 270.1934 -93.0281
v  -15.0340 263.9547 -89.7279
v  -13.6899 265.2285 -86.4612
v  -6.1281 267.9026 -79.9857
v  18.8385 268.1974 -0.0001
v  14.9388 267.9767 -12.8472
v  12.5846 267.9472 -12.6003
v  10.4168 267.9240 -11.8692
v  8.5245 267.9077 -10.6820
v  6.9859 267.8989 -9.0843
v  5.8638 267.8982 -7.1375
v  5.2029 267.9060 -4.9164
v  5.0276 267.9226 -2.5064
v  5.3403 267.9479 -0.0001
v  6.1218 267.9813 2.5063
v  7.3346 268.0222 4.9163
v  8.9241 268.0691 7.1374
v  10.8230 268.1198 9.0842
v  12.9560 268.1722 10.6819
v  15.2415 268.2235 11.8691
v  17.5960 268.2713 12.6002
v  19.9355 268.3130 12.8471
v  22.1771 268.3468 12.6002
v  24.2420 268.3712 11.8691
v  26.0565 268.3853 10.6819
v  27.5537 268.3887 9.0842
v  28.6773 268.3820 7.1374
v  29.3823 268.3655 4.9163
v  29.6383 268.3406 2.5063
v  29.4311 268.3083 -0.0001
v  28.7630 268.2704 -2.5064
v  27.6548 268.2283 -4.9164
v  26.1446 268.1837 -7.1375
v  24.2870 268.1383 -9.0843
v  22.1514 268.0935 -10.6820
v  19.8200 268.0508 -11.8692
v  17.3835 268.0116 -12.6003
v  0.0000 134.7543 -12.8472
v  0.0000 134.7543 -0.0000
v  -2.5064 134.7543 -12.6003
v  -4.9164 134.7543 -11.8692
v  -7.1375 134.7543 -10.6820
v  -9.0843 134.7543 -9.0843
v  -10.6820 134.7543 -7.1375
v  -11.8692 134.7543 -4.9164
v  -12.6003 134.7543 -2.5064
v  -12.8471 134.7543 -0.0000
v  -12.6003 134.7543 2.5063
v  -11.8692 134.7543 4.9164
v  -10.6820 134.7543 7.1375
v  -9.0843 134.7543 9.0843
v  -7.1375 134.7543 10.6820
v  -4.9164 134.7543 11.8692
v  -2.5063 134.7543 12.6002
v  0.0000 134.7543 12.8471
v  2.5064 134.7543 12.6002
v  4.9164 134.7543 11.8692
v  7.1375 134.7543 10.6820
v  9.0843 134.7543 9.0843
v  10.6820 134.7543 7.1375
v  11.8692 134.7543 4.9164
v  12.6003 134.7543 2.5063
v  12.8471 134.7543 -0.0000
v  12.6003 134.7543 -2.5064
v  11.8692 134.7543 -4.9164
v  10.6820 134.7543 -7.1375
v  9.0843 134.7543 -9.0843
v  7.1375 134.7543 -10.6820
v  4.9164 134.7543 -11.8692
v  2.5063 134.7543 -12.6003
v  16.2780 258.7209 -12.8472
v  21.1054 258.7950 -11.8692
v  16.6522 249.4202 -12.8472
v  21.4667 249.4901 -11.8692
v  15.8735 240.0418 -12.8472
v  20.7372 240.1050 -11.8692
v  13.9832 230.5650 -12.8472
v  27.4275 258.9332 -7.1375
v  18.9554 230.6208 -11.8692
v  11.2872 220.9793 -12.8472
v  16.3951 221.0272 -11.8692
v  8.4325 211.2816 -12.8472
v  30.0881 259.0264 -2.5064
v  13.6485 211.3213 -11.8692
v  6.1683 201.5101 -12.8472
v  11.4035 201.5401 -11.8692
v  4.2022 191.8833 -12.8472
v  9.3887 191.8964 -11.8692
v  2.6712 182.3477 -12.8472
v  7.8150 182.3597 -11.8692
v  1.6480 172.8049 -12.8472
v  6.7387 172.8146 -11.8692
v  0.7297 163.2647 -12.8472
v  5.7636 163.2712 -11.8692
v  0.1066 153.7408 -12.8472
v  5.0706 153.7434 -11.8692
v  0.0000 144.2456 -12.8472
v  4.9164 144.2456 -11.8692
v  11.8692 144.2456 -4.9164
v  11.8732 144.2458 4.9163
v  4.9228 144.2460 11.8692
v  -2.5063 144.2456 12.6002
v  -10.6820 144.2456 7.1375
v  -12.6003 144.2456 -2.5064
v  -7.1375 144.2456 -10.6820
v  -4.8345 153.7394 -11.8692
v  -4.2540 163.2609 -11.8692
v  -5.6125 172.7981 -10.6820
v  -4.6052 182.3391 -10.6820
v  -0.8278 191.8759 -11.8692
v  1.1544 201.4978 -11.8692
v  3.5068 211.2667 -11.8692
v  6.5409 220.9586 -11.8692
v  7.5287 230.5357 -10.6820
v  11.4396 240.0066 -11.8692
v  12.2661 249.3774 -11.8692
v  11.8549 258.6716 -11.8692
v  6.9379 258.6709 -4.9164
v  7.2203 258.7247 -0.0000
v  12.8149 258.9169 9.0842
v  19.4795 259.0715 12.6002
v  30.8275 259.1352 4.9163
v  25.9319 259.1619 11.8691
v  -11.5011 232.0736 -59.7430
v  -8.7810 229.0272 -49.7574
v  -5.8980 233.0562 -57.7424
v  6.7184 230.7383 4.9163
v  1.0041 221.0076 -4.9164
v  -1.9987 211.4137 2.5063
v  0.0784 52.4405 17.4803
v  7.0245 42.8948 16.6728
v  6.5900 52.4179 15.7214
v  -1.4224 232.5736 -59.3800
v  -1.3063 228.5232 -51.7087
v  2.2264 226.6785 -56.6989
v  1.9077 145.7183 -37.5420
v  2.3429 140.1373 -33.9356
v  4.2932 137.0993 -39.7600
v  2.8594 134.9322 -29.6555
v  5.4082 127.8521 -29.0776
v  4.8131 132.6934 -34.0093
v  2.6062 99.7296 13.1022
v  2.7012 90.2457 13.5798
v  7.6370 90.2439 11.4295
v  12.5455 42.8822 12.4217
v  6.4379 163.3087 11.8692
v  0.4429 153.7595 12.8471
v  9.5946 153.7632 9.0843
v  12.7034 211.6421 12.8471
v  16.5476 201.7929 10.6820
v  21.2452 211.6372 9.0842
v  13.4547 182.4255 9.0843
v  7.6818 172.8670 11.8692
v  14.5806 172.8640 4.9163
v  -9.7977 52.4543 -14.8387
v  -10.4386 42.9160 -15.8840
v  -16.1282 42.9313 -10.9410
v  -2.6213 99.7296 13.1784
v  5.4989 80.7840 13.2559
v  10.5438 71.3286 10.5191
v  10.0555 80.7774 10.0475
v  21.8474 231.0057 12.6002
v  13.9519 221.3555 12.6002
v  22.8781 221.3920 10.6820
v  -7.4915 191.8813 -4.9164
v  -9.1988 182.3438 -4.9164
v  -8.6228 182.3683 4.9163
v  -4.0460 201.6338 4.9163
v  5.0761 211.5661 10.6820
v  -1.3768 159.1019 -40.4082
v  -1.1055 152.7627 -38.1599
v  1.5548 151.6817 -40.4665
v  -17.0435 61.9603 -0.0288
v  -17.1046 52.4979 7.0854
v  -15.7395 61.9601 6.5165
v  -13.5868 99.7296 -0.0000
v  -14.1603 90.2507 -0.0000
v  -11.7478 90.2512 7.8496
v  -9.4524 245.6010 -80.2734
v  -7.7724 240.9935 -73.7358
v  -6.2762 246.1687 -79.0482
v  -12.0650 163.2676 -0.0000
v  -11.6824 153.7452 4.9164
v  -7.9923 163.2848 9.0843
v  1.6093 129.2239 -40.0148
v  5.0629 126.2755 -31.9386
v  0.7597 123.9643 -35.6809
v  -8.6956 212.3400 -38.9377
v  -2.4784 205.1091 -40.0199
v  -2.5453 211.8495 -40.5587
v  -13.8453 229.7175 -65.4759
v  -13.1282 224.8135 -59.9025
v  -13.0760 227.4131 -53.4104
v  -13.3964 249.9129 -87.6809
v  -9.5631 251.5428 -83.7023
v  1.6713 201.7246 10.6820
v  -3.3202 191.9430 9.0842
v  3.9102 191.9849 12.6002
v  11.9891 201.7948 12.6002
v  9.1505 192.0030 12.6002
v  10.6820 118.7081 7.1375
v  11.9313 109.2189 4.9421
v  12.8471 118.7081 -0.0000
v  13.6015 52.3842 -9.0768
v  15.9013 42.8687 -6.5855
v  12.3262 42.8727 -12.2756
v  -12.9034 52.4854 12.9646
v  -7.2260 42.9260 17.7245
v  -6.7932 52.4645 16.5836
v  -19.2415 33.3051 7.9787
v  -19.6423 23.6185 8.1464
v  -14.7419 23.6347 14.8771
v  -8.5155 172.8246 -56.1953
v  -5.0253 165.2611 -56.5608
v  -8.4588 165.4928 -55.7253
v  1.8881 178.4717 -47.0401
v  -0.2469 172.3819 -44.0219
v  2.9299 169.5491 -49.6147
v  1.0514 216.9108 -45.6941
v  2.5060 209.3922 -47.1560
v  2.3911 214.7589 -51.2440
v  25.4615 230.7408 -7.1375
v  31.2989 249.8382 4.9163
v  30.6706 240.4475 4.9163
v  28.6959 240.2817 -4.9164
v  -11.7777 153.7400 -4.9164
v  1.0938 134.4333 -44.2871
v  -1.4351 128.5510 -40.8912
v  -5.3820 133.6968 -44.8722
v  -3.0102 151.6437 -53.9434
v  0.3059 145.9787 -50.8164
v  -6.1697 145.2431 -51.3999
v  23.7458 211.5603 2.5063
v  21.1563 201.7225 2.5063
v  17.9651 201.6111 -7.1375
v  15.4297 182.3923 -4.9164
v  19.3823 240.4423 12.6002
v  17.2366 230.9615 12.6002
v  16.2879 52.3816 -0.0214
v  13.0450 80.7726 5.3995
v  13.6370 71.3202 5.6350
v  14.6807 71.3154 -0.0072
v  -11.8765 118.7081 4.9194
v  -2.5064 118.7081 12.6003
v  -9.5465 99.7296 -9.5466
v  -12.5262 99.7296 -5.1885
v  6.5933 240.0381 -4.9164
v  4.9213 230.5571 -7.1375
v  -15.7539 71.3804 -0.0151
v  2.3082 249.7160 -89.3636
v  2.0972 243.4244 -86.8981
v  0.8239 242.1611 -90.1083
v  -10.9030 33.3011 -16.6472
v  -17.2397 23.6279 -11.7431
v  -16.8920 33.3005 -11.4919
v  14.0704 80.7699 -0.0019
v  11.8692 118.7081 -4.9164
v  11.9254 109.2189 -4.9397
v  14.1704 172.8412 -4.9164
v  -12.3204 220.1146 -54.0372
v  -13.0142 215.3458 -48.5239
v  -13.3998 222.4669 -48.1266
v  -5.6062 80.8001 13.5529
v  -5.9149 71.3655 14.3243
v  0.0211 71.3528 15.2931
v  -13.7321 80.8090 5.6864
v  -1.7733 173.0025 -56.6713
v  -5.4595 182.3852 9.0843
v  4.2570 182.4157 12.8471
v  -2.4942 172.8479 11.8692
v  -3.6465 163.2947 11.8692
v  -4.5943 241.2299 -73.3928
v  0.6869 240.3300 -76.1795
v  -2.9674 236.8006 -66.5928
v  2.0649 230.6981 -64.5079
v  2.1236 234.2024 -73.7579
v  0.1189 42.9101 18.6111
v  -0.1640 252.0827 -82.9612
v  -7.9697 259.1045 -83.2885
v  -4.5288 259.5768 -82.2705
v  15.1850 52.3877 6.2463
v  16.0492 42.8734 6.5826
v  17.1947 42.8689 -0.0307
v  -8.4729 180.6690 -41.7608
v  -3.2859 173.2039 -42.1467
v  -3.3359 180.5670 -42.5607
v  -4.9045 158.2258 -55.5596
v  -9.7406 152.1199 -52.2655
v  -8.3366 158.4640 -54.7125
v  -13.9455 202.5622 -46.1272
v  -13.1623 208.9812 -47.2229
v  -12.0932 109.2189 -5.0092
v  -11.8746 118.7081 -4.9186
v  7.1375 118.7081 10.6820
v  4.9606 109.2189 11.9760
v  -6.6276 191.9152 4.9163
v  -2.5440 211.3170 -4.9164
v  -2.8725 201.5046 -9.0843
v  -5.7010 201.5759 -0.0000
v  13.3508 163.3064 4.9163
v  13.0519 163.2898 -4.9164
v  12.1827 153.7523 -4.9164
v  26.5109 249.8831 11.8691
v  -12.9462 239.2734 -77.7366
v  -13.9154 234.0078 -72.7557
v  -10.4902 236.2056 -67.4549
v  12.1969 99.7296 -5.0522
v  12.5821 90.2415 -5.2117
v  9.6597 90.2416 -9.6598
v  9.9911 80.7701 -9.9896
v  8.2279 71.3195 -12.3008
v  -10.9216 71.3593 -10.9571
v  -15.5904 61.9491 -6.5094
v  -14.4497 71.3721 -6.0101
v  -15.0708 52.4773 -10.1826
v  -10.0299 224.1328 -44.2528
v  -8.6440 218.6322 -40.6123
v  -2.5928 218.1693 -42.2281
v  -5.7503 229.1465 -49.7297
v  29.3461 249.6745 -4.9164
v  -0.1786 119.1752 -30.4781
v  -10.2380 125.2337 -32.0347
v  26.4377 221.2585 -0.0000
v  21.8431 211.4523 -4.9164
v  -8.1062 159.5829 -38.7219
v  -7.4808 147.2862 -33.5387
v  -8.6478 141.4384 -30.2325
v  -0.3175 141.2178 -31.6298
v  0.5495 114.9490 -24.4445
v  3.4544 130.0903 -24.7248
v  5.0828 124.9004 -20.5658
v  -20.3637 33.3013 -4.1709
v  -18.0979 52.4940 -3.6685
v  -19.4151 42.9428 -3.9596
v  -18.3478 42.9468 7.6047
v  5.7905 71.3398 13.9251
v  11.8352 52.3999 11.7536
v  2.9029 156.5762 -45.5670
v  3.5051 148.6440 -46.2906
v  2.2267 153.4883 -51.1709
v  2.5355 175.3394 -52.8830
v  0.9511 166.6015 -54.8051
v  12.2110 99.7296 5.0579
v  9.6902 90.2432 9.6902
v  12.6030 90.2422 5.2203
v  16.6646 182.4146 2.5063
v  -11.9163 61.9487 11.9464
v  -6.3180 61.9297 15.3493
v  -11.0701 71.3760 11.0818
v  -10.4576 80.8063 10.4625
v  1.2329 258.9883 -84.1350
v  2.0648 256.3625 -91.1192
v  -13.5295 246.4682 -96.7279
v  -14.6609 242.1291 -88.8912
v  -14.7076 248.6258 -90.9552
v  13.0028 80.7690 -5.3864
v  14.3868 71.3143 -2.8663
v  12.2236 71.3150 -8.1661
v  -11.2778 99.7296 7.5356
v  -13.1061 109.2189 -0.0000
v  -9.9301 90.2466 -9.9301
v  -10.3669 80.7935 -10.3801
v  -13.6640 80.8015 -5.6696
v  -13.0467 90.2489 -5.4041
v  12.5240 230.8839 10.6820
v  -9.4672 145.7903 -50.0001
v  -8.6796 134.2434 -43.4736
v  -4.5572 153.7549 11.8692
v  -1.4005 136.3588 -26.5223
v  -8.1332 136.2246 -25.9680
v  -5.9388 131.6363 -20.7606
v  9.9788 249.5484 4.9163
v  12.6712 240.3040 9.0842
v  -12.9247 217.4828 -43.1882
v  -13.0549 211.1775 -41.6403
v  -13.3429 204.3051 -41.6205
v  -8.4357 163.2602 -9.0843
v  0.9805 224.2305 -62.7320
v  0.8034 228.2516 -70.6080
v  -7.5369 33.3110 18.5518
v  -7.6773 23.6571 18.9271
v  0.1674 23.6804 19.8144
v  -14.4509 33.3083 14.5735
v  0.6590 140.0163 -47.8902
v  3.8580 142.6805 -43.3664
v  -20.7914 23.6153 -4.2665
v  -11.1171 23.6483 -16.9997
v  1.9798 238.1186 -82.0508
v  -0.3168 231.7904 -79.7236
v  0.7275 236.8678 -85.1919
v  0.1517 33.3125 19.4359
v  7.3472 33.3129 17.3720
v  7.4978 23.7006 17.6970
v  13.3254 23.7156 13.1499
v  16.5395 33.3088 -6.8476
v  13.0883 23.7161 -13.0117
v  12.8405 33.3072 -12.7723
v  13.0752 33.3124 12.9166
v  16.6974 33.3114 6.8330
v  17.0072 23.7245 6.9525
v  18.2067 23.7276 -0.0422
v  16.8480 23.7248 -6.9743
v  17.8776 33.3102 -0.0383
v  9.3100 182.4240 11.8692
v  -10.8862 109.2189 7.2739
v  -2.5404 109.2189 12.7714
v  0.0082 80.7920 14.5101
v  -7.5055 99.7296 11.2327
v  -7.8085 90.2499 11.6863
v  -2.7224 90.2479 13.6864
v  -11.7158 61.9298 -11.7926
v  28.2013 230.8300 -2.5064
v  13.2508 153.7573 -0.0000
v  18.1985 191.9520 -2.5064
v  -12.4581 257.6276 -86.8543
v  -12.8271 231.5969 -78.9889
v  -14.2533 236.7423 -84.1469
v  -2.5435 123.5802 -35.9946
v  -6.5665 128.6794 -40.0441
v  13.6121 90.2417 -0.0000
v  25.8322 240.5058 11.8691
v  15.6126 249.7112 10.6819
v  5.0639 121.0459 -27.6590
v  6.8071 118.3512 -18.9275
v  -6.3018 252.1931 -82.2405
v  0.7621 245.5645 -81.1810
v  -6.9102 172.8341 9.0843
v  -9.9390 172.8206 4.9163
v  -5.8163 139.2820 -48.4714
v  -9.1137 139.8297 -47.0706
v  -10.0230 173.0495 -41.6287
v  12.8115 61.8562 -8.5566
v  9.2321 52.3938 -13.7568
v  8.6563 61.8642 -12.9269
v  14.1978 61.8544 -5.8837
v  -2.6336 223.9199 -45.4131
v  0.9989 222.7507 -48.6763
v  2.2675 221.7321 -51.3528
v  -0.1303 165.3270 -43.0558
v  3.0460 162.4920 -48.6526
v  0.9969 248.4536 -92.5926
v  -9.9025 166.0131 -40.6295
v  -3.1683 166.1540 -41.1718
v  -5.2741 127.1167 -15.2526
v  31.2156 249.7654 -0.0000
v  9.3553 99.7296 -9.3553
v  2.8314 202.5308 -46.9319
v  2.4918 200.6358 -51.8518
v  -12.7220 166.9042 -52.6194
v  -8.8225 205.5681 -38.5498
v  7.4833 249.3940 -4.9164
v  -13.8036 42.9394 13.8989
v  17.1302 191.9983 7.1374
v  -2.5054 131.7098 -21.0341
v  -12.5982 159.8824 -51.5941
v  -14.8629 80.8072 -0.0062
v  7.8191 240.1491 2.5063
v  0.0420 61.9080 16.2702
v  6.1386 61.8878 14.7173
v  28.9653 230.9474 4.9163
v  -13.1895 244.0558 -83.9936
v  11.1041 61.8716 11.0588
v  14.3056 61.8605 5.9008
v  15.3713 61.8548 -0.0130
v  -7.8339 153.2482 -36.4655
v  -0.7526 146.7997 -35.2348
v  6.0730 122.5499 -25.0105
v  -12.5442 253.3984 -97.9950
v  -15.0706 255.1303 -93.2424
v  -10.2824 172.8015 -4.9164
v  0.0609 219.1539 -57.6032
v  1.0689 159.5525 -53.8286
v  -12.7808 174.2260 -53.1074
v  -7.6143 236.7870 -66.2180
v  -14.5599 71.3817 6.0272
v  1.1779 210.5100 -44.2168
v  5.8173 120.7038 -14.4790
v  6.7666 201.7708 12.6002
# 836 vertices

vn 0.0000 0.0000 -1.0000
vn 0.0684 -0.1218 0.9902
vn 0.0638 -0.0092 0.9979
vn 0.0476 -0.1199 0.9916
vn 0.0276 -0.1139 0.9931
vn 0.0089 -0.1040 0.9945
vn -0.0077 -0.0905 0.9959
vn -0.0215 -0.0737 0.9970
vn -0.0320 -0.0543 0.9980
vn -0.0384 -0.0330 0.9987
vn -0.0407 -0.0106 0.9991
vn -0.0385 0.0118 0.9992
vn -0.0320 0.0333 0.9989
vn -0.0215 0.0529 0.9984
vn -0.0075 0.0700 0.9975
vn 0.0093 0.0838 0.9964
vn 0.0283 0.0938 0.9952
vn 0.0486 0.0999 0.9938
vn 0.0694 0.1019 0.9924
vn 0.0902 0.0998 0.9909
vn 0.1102 0.0936 0.9895
vn 0.1287 0.0836 0.9882
vn 0.1451 0.0700 0.9869
vn 0.1587 0.0532 0.9859
vn 0.1689 0.0339 0.9851
vn 0.1752 0.0127 0.9844
vn 0.1774 -0.0094 0.9841
vn 0.1752 -0.0317 0.9840
vn 0.1688 -0.0530 0.9842
vn 0.1584 -0.0726 0.9847
vn 0.1446 -0.0895 0.9854
vn 0.1280 -0.1033 0.9864
vn 0.1093 -0.1134 0.9875
vn 0.0892 -0.1197 0.9888
vn 0.1951 -0.9808 -0.0000
vn 0.0000 -1.0000 -0.0000
vn 0.3827 -0.9239 -0.0000
vn 0.0018 -1.0000 -0.0068
vn 0.5556 -0.8315 -0.0000
vn 0.1967 -0.9805 -0.0059
vn 0.0072 -0.9996 -0.0266
vn 0.7071 -0.7071 -0.0000
vn 0.2014 -0.9792 -0.0247
vn 0.0136 -0.9989 -0.0452
vn 0.8315 -0.5556 -0.0000
vn 0.2072 -0.9773 -0.0434
vn 0.0197 -0.9984 -0.0535
vn 0.9239 -0.3827 -0.0000
vn 0.2127 -0.9758 -0.0516
vn 0.0265 -0.9976 -0.0645
vn 0.9808 -0.1951 -0.0000
vn 0.2186 -0.9738 -0.0622
vn 0.0369 -0.9958 -0.0843
vn 1.0000 0.0000 -0.0000
vn 0.2274 -0.9705 -0.0801
vn 0.0516 -0.9927 -0.1088
vn 0.2400 -0.9653 -0.1031
vn 0.0656 -0.9909 -0.1175
vn 0.2525 -0.9610 -0.1127
vn 0.0753 -0.9923 -0.0985
vn 0.2618 -0.9604 -0.0951
vn 0.0810 -0.9948 -0.0613
vn 0.2677 -0.9617 -0.0595
vn 0.0829 -0.9965 -0.0139
vn 0.2698 -0.9628 -0.0139
vn 0.0764 -0.9897 0.1209
vn 0.2627 -0.9579 0.1159
vn 0.0684 -0.9767 0.2036
vn 0.2531 -0.9473 0.1962
vn 0.4376 -0.8922 0.1115
vn 0.4271 -0.8841 0.1895
vn 0.5957 -0.7960 0.1076
vn 0.5849 -0.7900 0.1837
vn 0.7321 -0.6731 0.1046
vn 0.7216 -0.6688 0.1789
vn 0.8430 -0.5280 0.1023
vn 0.8329 -0.5250 0.1754
vn 0.9253 -0.3657 0.1009
vn 0.9154 -0.3634 0.1731
vn 0.9764 -0.1914 0.1003
vn 0.9666 -0.1896 0.1722
vn 0.9949 -0.0106 0.1006
vn 0.9850 -0.0094 0.1726
vn 0.9801 0.1707 0.1017
vn 0.9697 0.1713 0.1743
vn 0.9322 0.3468 0.1037
vn 0.9211 0.3466 0.1773
vn 0.8524 0.5120 0.1065
vn 0.8406 0.5103 0.1815
vn 0.7427 0.6605 0.1101
vn 0.7304 0.6570 0.1868
vn 0.6061 0.7871 0.1142
vn 0.5936 0.7812 0.1931
vn 0.4464 0.8869 0.1190
vn 0.4345 0.8782 0.2001
vn 0.2685 0.9552 0.1241
vn 0.2580 0.9435 0.2078
vn 0.0781 0.9885 0.1295
vn 0.0700 0.9739 0.2157
vn -0.1181 0.9838 0.1349
vn -0.1227 0.9669 0.2237
vn -0.3124 0.9395 0.1402
vn -0.3128 0.9212 0.2315
vn -0.4967 0.8557 0.1450
vn -0.4921 0.8372 0.2385
vn -0.6623 0.7343 0.1492
vn -0.6526 0.7172 0.2446
vn -0.8007 0.5793 0.1525
vn -0.7864 0.5652 0.2494
vn -0.9046 0.3972 0.1547
vn -0.8866 0.3874 0.2526
vn -0.9681 0.1962 0.1556
vn -0.9480 0.1918 0.2540
vn -0.9878 -0.0140 0.1553
vn -0.9672 -0.0125 0.2536
vn -0.9627 -0.2228 0.1536
vn -0.9436 -0.2158 0.2513
vn -0.8947 -0.4204 0.1508
vn -0.8786 -0.4085 0.2473
vn -0.7883 -0.5975 0.1469
vn -0.7763 -0.5822 0.2418
vn -0.6495 -0.7469 0.1423
vn -0.6422 -0.7296 0.2351
vn -0.4858 -0.8632 0.1371
vn -0.4833 -0.8454 0.2276
vn -0.3051 -0.9432 0.1317
vn -0.3068 -0.9261 0.2196
vn -0.1151 -0.9853 0.1262
vn -0.1205 -0.9699 0.2115
vn -0.1100 -0.9938 -0.0140
vn -0.1114 -0.9918 -0.0632
vn -0.1164 -0.9879 -0.1021
vn -0.1257 -0.9845 -0.1226
vn -0.1401 -0.9834 -0.1149
vn -0.1559 -0.9837 -0.0890
vn -0.1673 -0.9836 -0.0671
vn -0.1747 -0.9831 -0.0555
vn -0.1809 -0.9824 -0.0470
vn -0.1876 -0.9818 -0.0286
vn -0.1932 -0.9811 -0.0079
vn -0.1951 -0.9808 -0.0000
vn -0.3827 -0.9239 -0.0000
vn -0.5555 -0.8315 -0.0000
vn -0.5556 -0.8315 -0.0000
vn -0.7070 -0.7072 -0.0001
vn -0.7071 -0.7071 -0.0000
vn -0.8314 -0.5557 -0.0002
vn -0.8315 -0.5556 -0.0000
vn -0.9238 -0.3829 -0.0003
vn -0.9239 -0.3827 -0.0000
vn -0.9808 -0.1952 -0.0004
vn -0.9808 -0.1951 -0.0000
vn -1.0000 -0.0001 -0.0004
vn -1.0000 0.0000 -0.0000
vn -0.9808 0.1951 -0.0004
vn -0.9808 0.1951 -0.0000
vn -0.9238 0.3828 -0.0004
vn -0.9239 0.3827 -0.0000
vn -0.8314 0.5557 -0.0003
vn -0.8315 0.5556 -0.0000
vn -0.7070 0.7072 -0.0002
vn -0.7071 0.7071 -0.0000
vn -0.5554 0.8316 -0.0001
vn -0.5556 0.8315 -0.0000
vn -0.3826 0.9239 -0.0000
vn -0.3827 0.9239 -0.0000
vn 0.9808 0.1951 -0.0000
vn 0.9239 0.3827 -0.0000
vn 0.8315 0.5556 -0.0000
vn 0.7071 0.7071 -0.0000
vn 0.5556 0.8315 -0.0000
vn 0.3827 0.9239 -0.0000
vn 0.1951 0.9808 -0.0000
vn 0.0000 1.0000 -0.0000
vn -0.1951 0.9808 -0.0000
vn -0.0003 0.0006 -1.0000
vn -0.0002 0.0009 -1.0000
vn 0.0000 0.0009 -1.0000
vn 0.0000 0.0008 -1.0000
vn 0.0000 0.0007 -1.0000
vn 0.0000 0.0006 -1.0000
vn 0.0000 0.0005 -1.0000
vn 0.0000 0.0004 -1.0000
vn 0.0000 0.0003 -1.0000
vn -0.0002 0.0003 -1.0000
vn -0.0003 0.0003 -1.0000
vn -0.0004 0.0003 -1.0000
vn -0.0005 0.0003 -1.0000
vn -0.0005 0.0004 -1.0000
vn -0.0006 0.0004 -1.0000
vn 0.6319 0.1812 -0.7536
vn 0.6578 -0.0770 -0.7492
vn -0.0006 0.0007 -1.0000
vn -0.0006 0.0008 -1.0000
vn -0.0005 0.0008 -1.0000
vn -0.0005 0.0009 -1.0000
vn -0.0004 0.0009 -1.0000
vn -0.0003 0.0009 -1.0000
vn 0.0002 -0.0008 1.0000
vn 0.0003 -0.0006 1.0000
vn 0.0000 -0.0008 1.0000
vn 0.0000 -0.0007 1.0000
vn 0.0000 -0.0006 1.0000
vn 0.0000 -0.0005 1.0000
vn 0.0000 -0.0004 1.0000
vn 0.0000 -0.0003 1.0000
vn 0.0002 -0.0003 1.0000
vn 0.0003 -0.0003 1.0000
vn 0.0004 -0.0003 1.0000
vn 0.0005 -0.0004 1.0000
vn 0.6275 0.1825 0.7570
vn 0.6504 0.0522 0.7578
vn 0.6542 -0.0741 0.7527
vn 0.6400 -0.1966 0.7428
vn 0.0006 -0.0007 1.0000
vn 0.0005 -0.0007 1.0000
vn 0.0005 -0.0008 1.0000
vn 0.0004 -0.0008 1.0000
vn 0.0003 -0.0008 1.0000
vn 0.6546 0.0500 -0.7543
vn 0.8677 0.0583 -0.4937
vn 0.7788 0.4179 -0.4678
vn 0.8451 0.2280 -0.4836
vn 0.6866 0.5970 -0.4150
vn 0.7931 0.4034 -0.4563
vn 0.5523 0.7631 -0.3357
vn 0.7056 0.5792 -0.4083
vn 0.3773 0.8970 -0.2304
vn 0.5777 0.7439 -0.3361
vn 0.1740 0.9790 -0.1066
vn 0.4095 0.8803 -0.2396
vn -0.0361 0.9991 0.0223
vn 0.2111 0.9695 -0.1244
vn -0.2315 0.9623 0.1426
vn 0.0013 1.0000 -0.0017
vn -0.3993 0.8832 0.2460
vn -0.1985 0.9732 0.1160
vn -0.5358 0.7772 0.3299
vn -0.3737 0.9012 0.2194
vn -0.6432 0.6557 0.3954
vn -0.5185 0.7989 0.3048
vn -0.7255 0.5252 0.4448
vn -0.7225 0.5462 0.4239
vn -0.7863 0.3884 0.4804
vn -0.8281 0.2460 0.5037
vn -0.8515 0.0971 0.5153
vn -0.8553 -0.0591 0.5147
vn -0.8442 -0.2283 0.4851
vn -0.8366 -0.2228 0.5004
vn -0.7905 -0.3930 0.4698
vn -0.7108 -0.5644 0.4198
vn -0.7935 -0.4061 0.4533
vn -0.5921 -0.7270 0.3476
vn -0.7060 -0.5839 0.4009
vn -0.4333 -0.8650 0.2530
vn -0.5768 -0.7492 0.3256
vn -0.2419 -0.9601 0.1406
vn -0.4072 -0.8843 0.2285
vn -0.0345 -0.9992 0.0200
vn -0.2082 -0.9712 0.1160
vn 0.0010 -1.0000 -0.0012
vn 0.0020 -1.0000 -0.0021
vn -0.2089 -0.9724 0.1039
vn 0.0026 -1.0000 -0.0023
vn -0.2095 -0.9740 0.0865
vn 0.0031 -1.0000 -0.0020
vn -0.2099 -0.9755 0.0661
vn 0.0035 -1.0000 -0.0015
vn -0.2102 -0.9767 0.0438
vn 0.0038 -1.0000 -0.0007
vn -0.2103 -0.9774 0.0204
vn 0.0038 -1.0000 0.0001
vn -0.2104 -0.9776 -0.0034
vn 0.0037 -1.0000 0.0010
vn -0.2103 -0.9773 -0.0272
vn 0.0034 -1.0000 0.0017
vn -0.2102 -0.9764 -0.0504
vn 0.0030 -1.0000 0.0022
vn -0.2099 -0.9750 -0.0724
vn 0.0025 -1.0000 0.0023
vn -0.2094 -0.9735 -0.0923
vn 0.0017 -1.0000 0.0019
vn -0.2088 -0.9719 -0.1086
vn 0.0006 -1.0000 0.0007
vn -0.2081 -0.9709 -0.1186
vn -0.2413 -0.9601 -0.1412
vn -0.0346 -0.9992 -0.0202
vn -0.4320 -0.8653 -0.2542
vn -0.4061 -0.8837 -0.2329
vn -0.5899 -0.7279 -0.3496
vn -0.5743 -0.7486 -0.3315
vn -0.7080 -0.5658 -0.4226
vn -0.7021 -0.5836 -0.4080
vn -0.7873 -0.3950 -0.4735
vn -0.7886 -0.4065 -0.4613
vn -0.8332 -0.2254 -0.5050
vn -0.8386 -0.2297 -0.4939
vn -0.8519 -0.0620 -0.5200
vn -0.8589 -0.2248 -0.4602
vn -0.8482 0.0939 -0.5213
vn -0.8794 -0.0509 -0.4733
vn -0.8252 0.2425 -0.5102
vn -0.9027 0.1234 -0.4123
vn -0.7839 0.3850 -0.4871
vn -0.7236 0.5220 -0.4516
vn -0.7301 0.5559 -0.3975
vn -0.6420 0.6530 -0.4019
vn -0.6315 0.6748 -0.3818
vn -0.5352 0.7751 -0.3357
vn -0.5174 0.7964 -0.3131
vn -0.3992 0.8820 -0.2505
vn -0.3734 0.8998 -0.2257
vn -0.2318 0.9618 -0.1454
vn -0.1986 0.9728 -0.1196
vn -0.0366 0.9991 -0.0230
vn 0.0010 1.0000 0.0013
vn 0.1731 0.9790 0.1079
vn 0.2103 0.9693 0.1273
vn 0.3756 0.8970 0.2332
vn 0.4079 0.8795 0.2452
vn 0.5496 0.7634 0.3394
vn 0.5746 0.7429 0.3434
vn 0.6831 0.5981 0.4191
vn 0.7013 0.5786 0.4165
vn 0.7750 0.4201 0.4721
vn 0.7878 0.4037 0.4651
vn 0.8395 0.2294 0.4925
vn 0.8609 -0.1008 0.4987
vn 0.8378 -0.2553 0.4826
vn 0.7877 -0.4079 0.4618
vn 0.8051 -0.4160 0.4229
vn 0.7195 -0.5535 0.4194
vn 0.6386 -0.6784 0.3634
vn 0.6256 -0.6904 0.3632
vn 0.5032 -0.8136 0.2914
vn 0.5219 -0.7998 0.2965
vn 0.3501 -0.9145 0.2027
vn 0.3757 -0.9018 0.2134
vn 0.1680 -0.9810 0.0974
vn 0.1999 -0.9732 0.1138
vn 0.2017 -0.9737 0.1063
vn 0.2030 -0.9749 0.0913
vn 0.2040 -0.9763 0.0722
vn 0.2048 -0.9775 0.0506
vn 0.2053 -0.9783 0.0274
vn 0.2055 -0.9786 0.0035
vn 0.2054 -0.9785 -0.0206
vn 0.2050 -0.9778 -0.0439
vn 0.2042 -0.9767 -0.0660
vn 0.2032 -0.9754 -0.0858
vn 0.2020 -0.9740 -0.1020
vn 0.2005 -0.9733 -0.1122
vn 0.1684 -0.9809 -0.0971
vn 0.3503 -0.9146 -0.2018
vn 0.5031 -0.8141 -0.2900
vn 0.3763 -0.9024 -0.2098
vn 0.6255 -0.6916 -0.3612
vn 0.5228 -0.8012 -0.2913
vn 0.7193 -0.5557 -0.4168
vn 0.6399 -0.6806 -0.3569
vn 0.7879 -0.4110 -0.4586
vn 0.8336 -0.2591 -0.4878
vn 0.8416 -0.2588 -0.4741
vn -0.0082 -0.0014 -1.0000
vn -0.5116 -0.3868 -0.7673
vn -0.0045 0.0002 -1.0000
vn -0.0040 -0.0008 -1.0000
vn -0.0038 -0.0018 -1.0000
vn -0.0038 -0.0027 -1.0000
vn -0.0040 -0.0035 -1.0000
vn -0.0044 -0.0043 -1.0000
vn -0.0048 -0.0048 -1.0000
vn -0.0054 -0.0053 -1.0000
vn -0.0060 -0.0056 -1.0000
vn -0.0066 -0.0057 -1.0000
vn -0.0072 -0.0058 -1.0000
vn -0.0079 -0.0057 -1.0000
vn -0.0086 -0.0055 -0.9999
vn -0.0094 -0.0052 -0.9999
vn -0.0101 -0.0048 -0.9999
vn -0.0108 -0.0042 -0.9999
vn -0.0115 -0.0034 -0.9999
vn -0.0121 -0.0025 -0.9999
vn -0.0126 -0.0015 -0.9999
vn -0.0128 -0.0005 -0.9999
vn -0.0129 0.0005 -0.9999
vn -0.0127 0.0014 -0.9999
vn -0.0124 0.0022 -0.9999
vn -0.0118 0.0028 -0.9999
vn 0.3787 -0.5587 -0.7378
vn 0.0010 -0.0009 1.0000
vn -0.0002 -0.0005 1.0000
vn -0.0003 -0.0005 1.0000
vn -0.0003 -0.0004 1.0000
vn 0.0004 -0.0015 1.0000
vn 0.0012 -0.0027 1.0000
vn 0.0013 -0.0029 1.0000
vn 0.0013 -0.0028 1.0000
vn 0.0013 -0.0025 1.0000
vn 0.0014 -0.0022 1.0000
vn 0.0016 -0.0019 1.0000
vn 0.0019 -0.0016 1.0000
vn 0.0023 -0.0013 1.0000
vn -0.1738 0.5906 0.7880
vn -0.0354 0.6183 0.7851
vn 0.0987 0.6249 0.7745
vn 0.0032 -0.0010 1.0000
vn 0.0023 -0.0007 1.0000
vn 0.0009 0.0000 1.0000
vn 0.0004 0.0004 1.0000
vn 0.0005 0.0003 1.0000
vn 0.0005 0.0002 1.0000
vn 0.0005 0.0000 1.0000
vn 0.0006 0.0000 1.0000
vn 0.0005 -0.0002 1.0000
vn 0.0005 -0.0003 1.0000
vn 0.0004 -0.0004 1.0000
vn 0.0003 -0.0005 1.0000
vn 0.0002 -0.0005 1.0000
vn 0.1477 -0.6068 -0.7810
vn 0.0312 -0.6055 -0.7952
vn -0.0891 -0.8013 -0.5916
vn 0.2080 -0.7992 -0.5639
vn 0.2530 -0.8605 -0.4422
vn -0.0706 -0.8853 -0.4596
vn 0.2827 -0.9484 -0.1433
vn 0.1048 -0.9845 -0.1406
vn 0.2432 -0.9381 0.2467
vn 0.0527 -0.9608 0.2721
vn 0.1575 -0.8358 0.5260
vn -0.0253 -0.8358 0.5485
vn 0.0781 -0.7541 0.6521
vn -0.0950 -0.7427 0.6628
vn 0.0148 -0.7283 0.6851
vn -0.1570 -0.7104 0.6861
vn -0.0439 -0.7544 0.6549
vn -0.2202 -0.7289 0.6483
vn -0.1248 -0.8655 0.4852
vn -0.3064 -0.8240 0.4766
vn -0.2227 -0.9721 0.0733
vn -0.3866 -0.9188 0.0796
vn -0.2688 -0.9170 -0.2948
vn -0.5290 -0.8097 -0.2542
vn -0.2167 -0.7547 -0.6192
vn -0.4567 -0.6768 -0.5774
vn -0.1265 -0.8290 -0.5448
vn -0.4267 -0.7265 -0.5387
vn -0.2625 -0.9319 -0.2503
vn -0.0687 -0.9728 -0.2210
vn -0.4486 -0.8510 -0.2732
vn -0.6182 -0.7313 -0.2882
vn -0.7014 -0.5488 -0.4548
vn -0.7406 -0.6041 -0.2944
vn -0.8324 -0.4792 -0.2784
vn -0.8127 -0.4426 -0.3790
vn -0.9165 -0.3332 -0.2212
vn -0.9112 -0.3047 -0.2772
vn -0.9752 -0.1734 -0.1375
vn -0.9777 -0.1389 -0.1576
vn -0.9990 -0.0131 -0.0419
vn -0.9988 0.0264 -0.0401
vn -0.9855 0.1533 0.0722
vn -0.9761 0.2014 0.0812
vn -0.9205 0.3333 0.2037
vn -0.8991 0.3872 0.2041
vn -0.7980 0.5063 0.3270
vn -0.7646 0.5634 0.3129
vn -0.6292 0.6527 0.4219
vn -0.5883 0.7066 0.3933
vn -0.4404 0.7589 0.4796
vn -0.3963 0.8053 0.4410
vn -0.2024 0.8636 0.4617
vn -0.0142 0.8870 0.4615
vn 0.1630 0.8805 0.4452
vn 0.3072 0.8315 0.4628
vn 0.4635 0.7834 0.4140
vn 0.4860 0.7899 0.3740
vn 0.6149 0.7114 0.3402
vn 0.6322 0.7064 0.3183
vn 0.7478 0.6134 0.2540
vn 0.8503 0.4893 0.1937
vn 0.8547 0.4892 0.1738
vn 0.9357 0.3368 0.1051
vn 0.9279 0.3488 0.1315
vn 0.9849 0.1662 0.0485
vn 0.9810 0.1828 0.0658
vn 0.9999 -0.0136 0.0044
vn 1.0000 -0.0022 -0.0069
vn 0.9798 -0.1980 -0.0293
vn 0.9769 -0.1962 -0.0851
vn 0.9229 -0.3810 -0.0556
vn 0.9058 -0.3892 -0.1674
vn 0.8282 -0.5550 -0.0783
vn 0.7842 -0.5667 -0.2528
vn 0.6964 -0.7105 -0.1009
vn 0.6173 -0.7108 -0.3372
vn 0.5314 -0.8377 -0.1262
vn 0.4226 -0.8066 -0.4132
vn 0.3409 -0.9271 -0.1556
vn 0.2216 -0.8517 -0.4749
vn 0.1365 -0.9726 -0.1881
vn 0.0340 -0.8540 -0.5191
vn 0.0658 -0.7944 -0.6038
vn -0.1354 -0.9388 -0.3168
vn -0.0513 -0.9971 0.0554
vn 0.0617 -0.8800 0.4710
vn 0.1343 -0.7568 0.6397
vn 0.3512 -0.6967 0.6255
vn 0.4020 -0.7079 0.5808
vn 0.4768 -0.7571 0.4467
vn 0.5496 -0.8131 0.1919
vn 0.5671 -0.8136 -0.1283
vn 0.5266 -0.7604 -0.3801
vn 0.4863 -0.7230 -0.4907
vn 0.2661 -0.5905 -0.7619
vn 0.6185 -0.6474 -0.4454
vn 0.7386 -0.5605 -0.3746
vn 0.7243 -0.5765 -0.3782
vn 0.8447 -0.4499 -0.2901
vn 0.9304 -0.3131 -0.1908
vn 0.9857 -0.1500 -0.0771
vn 0.9144 -0.3433 -0.2144
vn 0.9982 0.0346 0.0482
vn 0.9769 -0.1861 -0.1051
vn 0.9571 0.2288 0.1780
vn 0.9996 -0.0001 0.0269
vn 0.8588 0.4143 0.3014
vn 0.9633 0.2028 0.1757
vn 0.7093 0.5740 0.4091
vn 0.8586 0.3975 0.3239
vn 0.5038 0.7014 0.5042
vn 0.6991 0.5567 0.4488
vn 0.2816 0.7690 0.5738
vn 0.4936 0.6787 0.5438
vn -0.0915 -0.5853 -0.8056
vn -0.2705 -0.7678 -0.5807
vn -0.2276 -0.5436 -0.8079
vn -0.4674 -0.6987 -0.5416
vn -0.3689 -0.4785 -0.7969
vn -0.6677 -0.5825 -0.4636
vn -0.8425 -0.4164 -0.3418
vn -0.8640 -0.3593 -0.3528
vn -0.9592 -0.2141 -0.1845
vn -0.9720 -0.1571 -0.1744
vn -0.9999 -0.0046 -0.0139
vn -0.9986 0.0480 0.0219
vn -0.9722 0.1835 0.1453
vn -0.9525 0.2264 0.2039
vn -0.9002 0.3353 0.2778
vn -0.8634 0.3633 0.3502
vn -0.8079 0.4501 0.3805
vn -0.7596 0.4628 0.4570
vn -0.6542 0.5373 0.5323
vn -0.5508 0.5966 0.5837
vn -0.4947 0.6612 0.5640
vn -0.4475 0.6472 0.6171
vn -0.2495 0.7423 0.6219
vn -0.3393 0.6927 0.6364
vn -0.2193 0.7336 0.6432
vn 0.0708 0.7729 0.6305
vn -0.0800 0.7665 0.6373
vn 0.0860 0.7831 0.6159
vn 0.2691 0.7499 0.6044
vn -0.0147 -0.0102 -0.9998
vn -0.0135 -0.0131 -0.9998
vn -0.0145 -0.0127 -0.9998
vn -0.0155 -0.0120 -0.9998
vn -0.0165 -0.0112 -0.9998
vn -0.0173 -0.0103 -0.9998
vn -0.0179 -0.0094 -0.9998
vn -0.0183 -0.0086 -0.9998
vn -0.0184 -0.0080 -0.9998
vn -0.0185 -0.0077 -0.9998
vn -0.0185 -0.0076 -0.9998
vn -0.0186 -0.0078 -0.9998
vn -0.0186 -0.0079 -0.9998
vn -0.0185 -0.0078 -0.9998
vn -0.0182 -0.0077 -0.9998
vn -0.0175 -0.0076 -0.9998
vn -0.0165 -0.0076 -0.9998
vn -0.0152 -0.0078 -0.9999
vn -0.0140 -0.0083 -0.9999
vn -0.0129 -0.0089 -0.9999
vn -0.0119 -0.0096 -0.9999
vn -0.0112 -0.0104 -0.9999
vn -0.0108 -0.0111 -0.9999
vn -0.0105 -0.0117 -0.9999
vn -0.0105 -0.0121 -0.9999
vn -0.0105 -0.0125 -0.9999
vn -0.0106 -0.0127 -0.9999
vn -0.0107 -0.0129 -0.9999
vn -0.0110 -0.0131 -0.9999
vn -0.0113 -0.0133 -0.9998
vn -0.0119 -0.0133 -0.9998
vn -0.0126 -0.0133 -0.9998
vn 0.0000 0.0000 1.0000
vn 0.1897 -0.9815 -0.0267
vn 0.0034 -1.0000 -0.0004
vn -0.0085 -1.0000 0.0015
vn 0.2008 -0.9795 -0.0182
vn 0.3672 -0.9288 -0.0510
vn 0.0041 -1.0000 0.0002
vn 0.5225 -0.8496 -0.0721
vn 0.3766 -0.9258 -0.0336
vn 0.2020 -0.9794 0.0043
vn 0.0038 -1.0000 0.0009
vn 0.6562 -0.7491 -0.0905
vn 0.2001 -0.9794 0.0277
vn 0.0026 -1.0000 0.0009
vn 0.7688 -0.6306 -0.1068
vn 0.7739 -0.6295 -0.0694
vn 0.1953 -0.9797 0.0459
vn 0.0005 -1.0000 -0.0001
vn 0.8600 -0.4957 -0.1211
vn 0.1890 -0.9805 0.0529
vn -0.0017 -1.0000 -0.0012
vn 0.9290 -0.3453 -0.1334
vn 0.9335 -0.3478 -0.0872
vn 0.1838 -0.9818 0.0471
vn -0.0009 -1.0000 -0.0004
vn 0.9732 -0.1798 -0.1432
vn 0.1836 -0.9822 0.0400
vn -0.0013 -1.0000 -0.0004
vn 0.1840 -0.9823 0.0338
vn -0.0016 -1.0000 -0.0004
vn 0.1854 -0.9823 0.0252
vn -0.0003 -1.0000 -0.0000
vn 0.1884 -0.9819 0.0198
vn -0.0009 -1.0000 -0.0000
vn 0.1899 -0.9817 0.0160
vn -0.0017 -1.0000 -0.0000
vn 0.1914 -0.9815 0.0080
vn 0.1942 -0.9810 0.0014
vn 0.3812 -0.9245 0.0032
vn 0.5535 -0.8328 0.0056
vn 0.7047 -0.7095 0.0085
vn 0.8291 -0.5590 0.0118
vn 0.9220 -0.3869 0.0153
vn 0.9797 -0.1996 0.0186
vn 0.9998 -0.0043 0.0212
vn 1.0000 -0.0002 -0.0000
vn 0.9812 0.1915 0.0228
vn 0.9809 0.1947 0.0002
vn 0.9246 0.3804 0.0230
vn 0.9240 0.3823 0.0004
vn 0.8318 0.5547 0.0217
vn 0.8316 0.5553 0.0005
vn 0.7065 0.7074 0.0188
vn 0.7072 0.7071 0.0006
vn 0.5540 0.8324 0.0148
vn 0.5555 0.8315 0.0004
vn 0.3806 0.9247 0.0099
vn 0.3825 0.9239 0.0003
vn 0.1930 0.9812 0.0048
vn 0.1950 0.9808 -0.0000
vn -0.0014 1.0000 -0.0000
vn -0.1955 0.9807 -0.0041
vn -0.3821 0.9241 -0.0071
vn -0.5542 0.8324 -0.0090
vn -0.7053 0.7088 -0.0099
vn -0.8298 0.5580 -0.0098
vn -0.9227 0.3855 -0.0091
vn -0.9802 0.1978 -0.0080
vn -1.0000 0.0024 -0.0068
vn -0.9811 -0.1933 -0.0056
vn -0.9244 -0.3815 -0.0045
vn -0.8319 -0.5549 -0.0036
vn -0.7073 -0.7069 -0.0029
vn -0.5556 -0.8314 -0.0023
vn -0.3827 -0.9239 -0.0017
vn -0.1951 -0.9808 -0.0009
vn -0.1956 -0.9807 -0.0071
vn -0.1935 -0.9810 -0.0152
vn -0.1917 -0.9813 -0.0192
vn -0.1924 -0.9810 -0.0258
vn -0.1922 -0.9807 -0.0354
vn -0.1931 -0.9803 -0.0429
vn -0.1974 -0.9788 -0.0541
vn -0.2012 -0.9777 -0.0601
vn -0.2062 -0.9772 -0.0510
vn -0.2104 -0.9771 -0.0304
vn -0.2122 -0.9772 -0.0046
vn -0.2113 -0.9772 0.0201
vn -0.2224 -0.9744 0.0336
vn -0.4320 -0.9008 0.0431
vn -0.4398 -0.8954 0.0689
vn -0.6392 -0.7661 0.0671
vn -0.6412 -0.7601 0.1049
vn -0.8091 -0.5808 0.0897
vn -0.8047 -0.5774 0.1379
vn -0.9242 -0.3663 0.1083
vn -0.9152 -0.3679 0.1644
vn -0.9815 -0.1482 0.1214
vn -0.9709 -0.1551 0.1826
vn -0.9902 0.0547 0.1285
vn -0.9804 0.0439 0.1923
vn -0.9635 0.2338 0.1304
vn -0.9557 0.2211 0.1944
vn -0.9069 0.3761 0.1899
vn -0.8401 0.5119 0.1794
vn -0.6554 0.7493 0.0949
vn -0.7574 0.6322 0.1635
vn -0.6576 0.7399 0.1420
vn -0.5371 0.8356 0.1150
vn -0.3825 0.9224 0.0537
vn -0.3913 0.9166 0.0824
vn 0.9887 -0.0001 -0.1499
vn 0.9696 0.1917 -0.1520
vn 0.9951 -0.0070 -0.0989
vn 0.9087 0.3904 -0.1477
vn 0.9780 0.1827 -0.1009
vn 0.7993 0.5856 -0.1351
vn 0.9199 0.3796 -0.0988
vn 0.6393 0.7607 -0.1125
vn 0.8138 0.5740 -0.0913
vn 0.4370 0.8959 -0.0800
vn 0.6570 0.7499 -0.0770
vn 0.2118 0.9765 -0.0401
vn 0.4567 0.8879 -0.0560
vn -0.0123 0.9999 0.0028
vn 0.2311 0.9725 -0.0297
vn -0.2163 0.9753 0.0446
vn 0.0044 1.0000 -0.0009
vn -0.2034 0.9787 0.0276
vn -0.4436 0.6341 -0.6333
vn -0.2222 0.7745 -0.5922
vn -0.2845 0.6833 -0.6724
vn -0.9319 0.2224 -0.2866
vn -0.9180 0.1932 -0.3465
vn -0.8877 0.3325 -0.3185
vn 0.2586 0.9589 -0.1171
vn 0.4469 0.8896 -0.0942
vn 0.4379 0.8920 -0.1122
vn 0.4651 0.6577 -0.5926
vn 0.5314 0.6966 -0.4821
vn 0.7689 0.5240 -0.3664
vn -0.6774 0.7355 -0.0115
vn -0.6748 0.7324 -0.0908
vn -0.3810 0.9232 -0.0510
vn -0.6685 0.7247 -0.1668
vn -0.3785 0.9157 -0.1353
vn -0.3800 0.9202 -0.0943
vn 0.2084 0.9770 -0.0456
vn 0.2147 0.9750 -0.0565
vn 0.3998 0.9150 -0.0544
vn 0.5994 0.7931 -0.1078
vn 0.6071 0.7894 -0.0911
vn 0.7441 0.6622 -0.0884
vn 0.1908 0.9814 0.0223
vn 0.1914 0.9814 0.0148
vn 0.3787 0.9250 0.0300
vn 0.3999 0.9068 0.1332
vn 0.5691 0.8053 0.1663
vn 0.5859 0.7881 0.1887
vn 0.5534 0.8255 0.1112
vn 0.5516 0.8300 0.0823
vn 0.7071 0.6994 0.1044
vn -0.6557 -0.7424 -0.1371
vn -0.6521 -0.7498 -0.1125
vn -0.7915 -0.6002 -0.1153
vn -0.1810 0.9823 -0.0492
vn 0.0207 0.9981 -0.0588
vn 0.0143 0.9988 -0.0474
vn 0.4066 0.9111 -0.0682
vn 0.5820 0.8092 -0.0805
vn 0.5748 0.8157 -0.0655
vn 0.2236 0.9729 0.0594
vn 0.2115 0.9747 0.0725
vn 0.4211 0.8963 0.1391
vn -0.9716 -0.1169 -0.2057
vn -0.9782 -0.1449 -0.1487
vn -0.9860 0.0582 -0.1563
vn -0.8182 0.5151 -0.2554
vn -0.7508 0.6195 -0.2292
vn -0.5016 0.8441 -0.1896
vn -0.8667 0.4623 0.1875
vn -0.8784 0.4696 0.0885
vn -0.6760 0.7337 0.0681
vn -0.9892 -0.0122 -0.1459
vn -0.9697 0.1945 -0.1476
vn -0.9702 0.1933 -0.1460
vn -0.9790 0.1960 -0.0556
vn -0.9783 0.1957 -0.0678
vn -0.9196 0.3869 -0.0677
vn -0.5294 0.8025 -0.2752
vn -0.2825 0.7942 -0.5379
vn -0.3802 0.8781 -0.2906
vn -0.9719 0.2197 -0.0850
vn -0.9179 0.3942 -0.0444
vn -0.9099 0.4064 -0.0831
vn 0.6178 0.7712 0.1536
vn 0.6085 0.7631 0.2176
vn 0.7548 0.5984 0.2686
vn 0.2543 0.9471 0.1955
vn 0.5263 0.8016 0.2837
vn 0.5436 0.8230 0.1650
vn -0.9689 -0.1550 0.1929
vn -0.9753 -0.1533 0.1589
vn -0.9999 0.0146 0.0022
vn -0.8765 0.4793 0.0449
vn -0.5778 0.8131 0.0708
vn -0.5045 0.8486 -0.1595
vn -0.5125 0.8485 -0.1323
vn -0.3565 0.9296 -0.0937
vn 0.1925 0.9795 0.0586
vn 0.3794 0.9199 0.0991
vn 0.3867 0.9149 0.1158
vn 0.9241 0.3821 -0.0036
vn 0.9809 0.1933 -0.0190
vn 0.9809 0.1947 -0.0033
vn 0.8400 -0.5336 -0.0985
vn 0.8435 -0.5304 -0.0850
vn 0.7321 -0.6756 -0.0868
vn -0.5049 0.8522 -0.1368
vn -0.3150 0.9429 -0.1084
vn -0.3221 0.9374 -0.1322
vn -0.8073 0.5858 -0.0707
vn -0.8087 0.5881 -0.0128
vn -0.6671 0.7449 -0.0127
vn 0.8907 0.0510 -0.4517
vn 0.9206 0.0467 -0.3876
vn 0.8844 -0.2842 -0.3704
vn -0.7350 0.5604 0.3816
vn -0.7510 0.5760 0.3228
vn -0.5284 0.8181 0.2269
vn 0.9728 0.2313 -0.0079
vn 0.9986 0.0409 -0.0322
vn 0.9993 0.0314 -0.0185
vn 0.7589 -0.6301 0.1645
vn 0.5070 -0.8522 0.1295
vn 0.5103 -0.8488 0.1384
vn 0.9998 -0.0146 0.0096
vn 0.9926 -0.0130 0.1209
vn 0.9746 -0.1902 0.1181
vn -0.9810 -0.1770 -0.0794
vn -0.9817 -0.1867 -0.0378
vn -0.9991 0.0105 -0.0412
vn 0.8958 0.4281 0.1192
vn 0.9449 0.2306 0.2322
vn 0.9640 0.2333 0.1278
vn 0.8853 0.4248 -0.1893
vn 0.8987 0.4294 -0.0896
vn 0.9675 0.2341 -0.0961
vn 0.9145 -0.3223 0.2445
vn 0.9258 -0.3031 0.2260
vn 0.8583 -0.4709 0.2038
vn 0.6701 -0.7356 0.0992
vn 0.5339 -0.8435 0.0596
vn 0.5257 -0.8473 0.0753
vn -0.2031 0.9787 -0.0307
vn -0.1983 0.9785 -0.0558
vn 0.0037 1.0000 0.0015
vn 0.9764 -0.1938 -0.0958
vn 0.9262 -0.3677 -0.0837
vn 0.9240 -0.3700 -0.0967
vn 0.9274 0.3693 -0.0591
vn 0.9288 0.3635 -0.0718
vn 0.9809 0.1813 -0.0700
vn -0.7057 0.7084 -0.0122
vn -0.5538 0.8326 -0.0113
vn -0.7017 -0.7116 -0.0344
vn -0.6974 -0.7148 -0.0520
vn -0.8244 -0.5635 -0.0533
vn -0.9835 0.0643 -0.1693
vn -0.9564 0.0438 -0.2888
vn -0.9933 -0.0097 -0.1156
vn 0.9797 -0.2006 -0.0043
vn 0.9794 -0.1920 0.0628
vn 0.8603 -0.4961 0.1175
vn -0.6515 -0.7555 -0.0687
vn -0.7941 -0.6076 -0.0137
vn -0.7927 -0.6055 -0.0702
vn 0.9809 0.1858 -0.0576
vn 0.8318 -0.5551 -0.0035
vn 0.8327 -0.5533 -0.0195
vn 0.7095 -0.7044 -0.0204
vn 0.7921 -0.5981 0.1217
vn 0.8039 -0.5869 0.0965
vn 0.6806 -0.7284 0.0787
vn -0.9841 -0.1547 0.0873
vn -0.9995 0.0292 -0.0127
vn -0.9997 0.0250 -0.0072
vn -0.3580 0.9304 -0.0789
vn -0.3482 0.9318 -0.1023
vn -0.1570 0.9828 -0.0978
vn -0.9181 0.3871 -0.0850
vn 0.8683 0.2248 -0.4421
vn -0.5231 0.8463 -0.1013
vn -0.3621 0.9293 -0.0721
vn -0.1885 0.9817 -0.0274
vn -0.1902 0.9815 -0.0211
vn -0.0007 1.0000 -0.0000
vn 0.1827 0.9478 -0.2612
vn 0.2308 0.8274 -0.5120
vn 0.4183 0.7799 -0.4656
vn 0.7487 0.5162 -0.4160
vn 0.8680 0.3652 -0.3364
vn 0.8797 0.3713 -0.2971
vn -0.1286 0.9835 -0.1272
vn -0.1198 0.9872 -0.1049
vn 0.0772 0.9919 -0.1012
vn 0.8911 0.4412 0.1058
vn 0.9789 0.2035 -0.0154
vn 0.9748 0.2110 0.0723
vn -0.4263 0.7941 0.4332
vn -0.1140 0.8560 0.5042
vn 0.9802 0.1727 -0.0966
vn 0.9819 0.1703 -0.0834
vn 0.9965 -0.0117 -0.0829
vn -0.8828 0.1162 0.4552
vn -0.8807 0.2861 0.3775
vn -0.8545 0.2730 0.4419
vn 0.9441 -0.1314 -0.3024
vn 0.9690 -0.1374 -0.2055
vn 0.9099 -0.2956 -0.2908
vn -0.7440 -0.6323 -0.2159
vn -0.8091 -0.4551 -0.3719
vn -0.8470 -0.4982 -0.1853
vn -0.7055 -0.7086 -0.0111
vn -0.8275 -0.5602 -0.0360
vn -0.8303 -0.5572 -0.0120
vn 0.5568 0.8307 -0.0053
vn 0.5603 0.8280 -0.0235
vn 0.7104 0.7034 -0.0219
vn -0.9730 0.0861 -0.2140
vn -0.9541 0.2545 -0.1580
vn -0.9362 0.2788 -0.2139
vn -0.9238 -0.2404 -0.2979
vn -0.9284 -0.2866 -0.2364
vn -0.9635 -0.0799 -0.2555
vn 0.5520 0.8313 0.0658
vn 0.7062 0.7057 0.0567
vn 0.7062 0.7030 0.0842
vn 0.8125 -0.5772 0.0813
vn 0.8218 -0.5678 0.0473
vn 0.6975 -0.7156 0.0370
vn 0.6655 0.7464 0.0039
vn 0.8149 0.5700 0.1049
vn 0.8227 0.5684 0.0053
vn -0.9183 0.3330 -0.2140
vn -0.8995 0.3293 -0.2872
vn -0.7870 0.4567 -0.4149
vn 0.8338 -0.5508 -0.0382
vn 0.8348 -0.5486 -0.0466
vn 0.7139 -0.6986 -0.0474
vn 0.5695 -0.8199 -0.0585
vn 0.4085 -0.9095 -0.0764
vn 0.4018 -0.9138 -0.0602
vn -0.6771 -0.7286 -0.1036
vn -0.7987 -0.5858 -0.1378
vn -0.8084 -0.5787 -0.1078
vn -0.7926 -0.5932 -0.1411
vn 0.0378 0.9432 -0.3301
vn 0.2580 0.9659 -0.0218
vn 0.5404 0.8413 -0.0139
vn -0.0447 0.8015 -0.5963
vn 0.1158 0.8041 -0.5831
vn 0.8655 -0.5008 0.0119
vn 0.6628 -0.7487 0.0112
vn 0.9111 0.0470 0.4096
vn 0.8456 -0.4443 0.2959
vn 0.9091 -0.3358 0.2466
vn 0.8467 -0.4834 0.2222
vn -0.9768 -0.0417 0.2103
vn -0.9847 0.1435 0.0990
vn -0.9679 0.1396 0.2088
vn -0.9990 -0.0407 -0.0169
vn -0.9903 -0.0409 -0.1326
vn -0.9810 0.1428 -0.1317
vn 0.8599 0.2242 0.4585
vn -0.5321 0.8249 -0.1908
vn -0.3766 0.9102 -0.1724
vn -0.9973 -0.0155 -0.0724
vn -0.9800 0.1985 -0.0130
vn -0.9776 0.1976 -0.0723
vn -0.9889 -0.0139 -0.1477
vn -0.9927 -0.0149 -0.1199
vn -0.9732 0.1961 -0.1198
vn 0.4155 0.9057 -0.0844
vn 0.8498 0.5173 -0.1007
vn 0.9340 0.3471 -0.0845
vn 0.9313 0.3507 -0.0983
vn -0.1987 0.9791 0.0423
vn 0.0039 1.0000 -0.0008
vn 0.0036 1.0000 -0.0016
vn 0.0021 1.0000 -0.0024
vn 0.0027 1.0000 -0.0025
vn 0.2152 0.9721 -0.0936
vn 0.8352 0.5485 -0.0395
vn 0.8372 0.5447 -0.0489
vn 0.9263 0.3738 -0.0476
vn 0.5646 0.8243 -0.0422
vn 0.7168 0.6955 -0.0505
vn 0.7134 0.6995 -0.0407
vn 0.9260 0.3356 0.1728
vn 0.9784 0.1567 0.1351
vn 0.9750 0.1358 0.1757
vn 0.8584 0.4436 0.2577
vn 0.8478 0.4761 0.2338
vn 0.9276 0.2792 0.2480
vn 0.9804 -0.1946 -0.0307
vn 0.9773 -0.1850 -0.1030
vn 0.8837 -0.4303 -0.1842
vn -0.6757 0.7242 -0.1380
vn -0.5148 0.8469 -0.1332
vn -0.8166 0.5660 -0.1131
vn -0.8216 0.5638 -0.0843
vn 0.9680 0.2052 0.1445
vn 0.9997 -0.0113 0.0220
vn -0.9790 -0.2035 0.0130
vn -0.9992 0.0066 0.0398
vn -0.9996 0.0004 0.0281
vn 0.9243 -0.3774 -0.0561
vn 0.9239 -0.3763 -0.0686
vn 0.8362 -0.5439 -0.0694
vn -0.9208 0.3862 -0.0553
vn -0.9999 -0.0004 -0.0137
vn -0.9799 0.1957 -0.0386
vn -0.9806 0.1953 -0.0137
vn -0.6931 -0.7182 -0.0617
vn -0.6869 -0.7228 -0.0756
vn -0.8164 -0.5722 -0.0784
vn -0.8213 -0.5670 -0.0636
vn -0.5182 0.8410 -0.1556
vn 0.8807 -0.4657 -0.0868
vn 0.6814 -0.7318 0.0113
vn 0.6800 -0.7302 -0.0670
vn 0.8781 -0.4644 0.1155
vn 0.6725 -0.7217 0.1638
vn 0.6788 -0.7288 0.0893
vn -0.8140 0.5756 -0.0777
vn -0.8236 0.5655 -0.0433
vn -0.6987 0.7143 -0.0399
vn -0.9239 0.3057 -0.2302
vn -0.7677 -0.6124 -0.1886
vn -0.7523 -0.6030 -0.2654
vn -0.8562 -0.4181 -0.3033
vn -0.8469 0.5316 -0.0093
vn -0.6523 0.7500 -0.1094
vn -0.8546 -0.4496 0.2599
vn -0.7863 -0.6165 0.0402
vn -0.9425 -0.3341 0.0083
vn -0.5541 0.8320 -0.0277
vn -0.5476 0.8177 0.1776
vn -0.3314 0.9221 0.1998
vn -0.8921 0.4248 0.1539
vn -0.5595 -0.8222 -0.1050
vn -0.5561 -0.8277 -0.0753
vn -0.7118 -0.6955 -0.0982
vn -0.8337 -0.5485 -0.0642
vn -0.9256 -0.3769 -0.0337
vn -0.9261 -0.3702 -0.0728
vn 0.9998 0.0007 -0.0213
vn 0.9777 -0.1814 0.1063
vn 0.9726 -0.1841 0.1421
vn 0.7535 -0.6564 -0.0367
vn 0.4838 -0.8165 -0.3150
vn 0.5581 -0.8295 -0.0224
vn -0.1150 0.9913 -0.0640
vn -0.1135 0.9935 -0.0125
vn 0.0847 0.9963 -0.0125
vn -0.6665 0.7423 -0.0694
vn 0.9024 0.4306 0.0151
vn -0.3814 0.9244 -0.0064
vn -0.9998 -0.0154 -0.0132
vn -0.6521 -0.7580 -0.0138
vn 0.9169 -0.3455 0.2000
vn 0.8021 -0.4702 0.3682
vn 0.8329 -0.4809 0.2740
vn 1.0000 -0.0008 -0.0026
vn 0.0828 0.9946 -0.0620
vn 0.6123 0.7886 -0.0567
vn 0.6144 0.7889 -0.0125
vn 0.7504 0.6609 -0.0125
vn 0.8468 -0.5292 -0.0539
vn 0.7382 -0.6744 -0.0134
vn 0.7362 -0.6745 -0.0549
vn 0.7485 0.6608 -0.0553
vn 0.9841 0.1693 -0.0528
vn 0.9855 0.1693 -0.0127
vn 0.9998 -0.0119 -0.0128
vn -0.3753 0.9063 0.1944
vn -0.1986 0.9764 0.0843
vn -0.1986 0.9748 0.1021
vn 0.8485 -0.5290 -0.0133
vn 0.9985 -0.0120 -0.0526
vn 0.3762 0.9234 0.0764
vn -0.1872 0.9816 -0.0382
vn -0.0013 1.0000 -0.0003
vn -0.5496 0.8347 -0.0349
vn -0.3756 0.9262 -0.0331
vn 0.0020 1.0000 -0.0081
vn 0.2022 0.9790 -0.0271
vn 0.1969 0.9804 -0.0071
vn -0.1675 0.9829 -0.0764
vn -0.5449 0.8369 -0.0523
vn -0.5405 0.8388 -0.0647
vn -0.3644 0.9291 -0.0630
vn -0.6648 -0.7351 -0.1329
vn -0.8189 -0.5737 -0.0173
vn -0.8083 -0.5742 -0.1302
vn -0.9215 -0.3570 -0.1526
vn 0.9170 -0.3465 0.1976
vn 0.8747 0.4093 0.2596
vn 0.9311 0.2452 0.2702
vn 0.9392 0.2117 0.2705
vn 0.8594 -0.5004 0.1052
vn 0.3675 -0.9262 0.0839
vn 0.3744 -0.9259 0.0500
vn 0.8326 0.5450 0.0986
vn 0.8322 0.5506 0.0660
vn 0.9250 0.3733 0.0716
vn 0.7646 -0.6197 0.1771
vn 0.7772 -0.6090 0.1581
vn 0.6581 -0.7417 0.1297
vn -0.7619 0.5760 0.2961
vn 0.6888 -0.7219 0.0660
vn -0.6001 -0.6360 0.4851
vn -0.7558 -0.4548 0.4710
vn -0.7634 -0.5021 0.4065
vn -0.7683 -0.6387 -0.0417
vn -0.7809 -0.5767 0.2399
vn -0.9060 -0.3818 0.1825
vn 0.9423 0.0441 0.3318
vn 0.9259 -0.3027 0.2259
vn 0.9998 -0.0007 -0.0186
vn 0.9808 0.1914 -0.0377
vn 0.9989 -0.0025 -0.0461
vn 0.9993 -0.0014 -0.0374
vn 0.9902 -0.0442 0.1325
vn 0.9791 0.1698 0.1122
vn 0.9974 -0.0160 0.0708
vn 0.9934 -0.0296 0.1109
vn 0.6587 0.7473 0.0875
vn -0.2048 0.9788 -0.0010
vn 0.0049 1.0000 0.0012
vn 0.0052 1.0000 0.0001
vn 0.4195 0.8871 0.1928
vn 0.4139 0.8820 0.2252
vn 0.5856 0.7462 0.3167
vn 0.7077 -0.7065 -0.0039
vn -0.2723 0.9565 0.1048
vn 0.3974 0.8896 -0.2250
vn -0.5321 0.8435 -0.0730
vn -0.5397 0.8400 -0.0560
vn -0.3717 0.9275 -0.0400
vn -0.9931 0.0373 -0.1109
vn 0.5965 0.6217 -0.5076
vn 0.7413 0.4982 -0.4497
vn -0.7105 0.5773 -0.4024
vn -0.5029 0.6359 -0.5854
vn -0.5785 0.6688 -0.4669
vn -0.7710 -0.4312 0.4687
vn -0.9052 -0.3022 0.2989
vn -0.8871 -0.3052 0.3462
vn -0.8904 -0.3422 0.3001
vn -0.8815 -0.3182 0.3488
vn -0.9674 -0.1585 0.1978
vn 0.9720 0.2346 0.0163
vn 0.8838 -0.4677 0.0147
vn -0.9189 -0.0459 0.3918
vn 0.7222 -0.6858 -0.0902
vn 0.5884 -0.8018 -0.1043
vn 0.5809 -0.8086 -0.0937
vn 0.9771 -0.1950 -0.0850
vn 0.4954 0.8265 -0.2674
vn 0.8182 0.5495 -0.1692
vn 0.8422 0.5392 -0.0012
vn 0.9048 0.4067 -0.1262
vn -0.7374 -0.6387 -0.2200
vn -0.8482 -0.4871 -0.2079
vn -0.8543 -0.4473 -0.2648
vn -0.7822 -0.5843 -0.2162
vn -0.7546 -0.6068 -0.2499
vn -0.8651 -0.4040 -0.2973
vn -0.5546 -0.8311 -0.0423
vn -0.5561 -0.8309 -0.0191
vn -0.7083 -0.7055 -0.0243
vn -0.7670 0.5906 0.2510
vn -0.6708 0.7273 0.1452
vn -0.5336 0.8275 0.1744
vn -0.1987 0.9780 0.0641
vn 0.8618 -0.5026 -0.0684
vn -0.9501 -0.0433 0.3089
vn -0.9074 0.2981 0.2963
vn -0.8310 -0.4104 -0.3756
vn -0.8872 -0.2254 -0.4026
vn 0.9815 -0.1914 0.0107
vn 0.7118 -0.7013 -0.0392
vn 0.9992 0.0357 -0.0180
vn 0.9766 -0.1759 -0.1241
vn 0.7225 0.5833 -0.3711
vn 0.7416 0.5920 -0.3157
vn 0.8395 0.4104 -0.3560
vn 0.9512 0.0440 -0.3054
vn 0.9773 0.0424 -0.2078
vn 0.8596 -0.2715 -0.4329
vn 0.6565 -0.7028 -0.2739
vn 0.2189 0.9148 0.3394
vn -0.3532 0.8700 0.3440
vn -0.9345 -0.3553 -0.0188
vn -0.9691 0.2461 -0.0144
vn 0.9793 -0.1945 -0.0561
vn 0.9808 0.1891 -0.0467
vn -0.8052 0.5753 -0.1441
vn -0.8054 0.5811 -0.1172
vn -0.6663 0.7368 -0.1148
vn -0.6915 -0.5579 -0.4589
vn 0.9683 0.1078 0.2255
vn 0.9832 -0.0652 0.1705
vn 0.9715 -0.0914 0.2188
vn -0.3698 0.9277 -0.0509
vn -0.9222 0.3848 -0.0383
vn -0.9334 0.1316 -0.3337
vn -0.6488 0.7001 -0.2981
vn -0.6594 0.7135 -0.2368
vn -0.9697 -0.0418 -0.2406
vn 0.6665 -0.7146 -0.2125
vn 0.8693 -0.4588 -0.1838
vn 0.6747 -0.7242 -0.1426
vn -0.9977 -0.0035 -0.0674
vn -0.9964 -0.0065 -0.0843
vn -0.9773 0.1943 -0.0850
vn -0.9560 0.2416 -0.1662
vn -0.9052 0.3947 -0.1577
vn 0.0537 0.9919 -0.1154
vn 0.2457 0.9631 -0.1095
vn 0.8990 0.3862 0.2064
vn 0.6383 0.7537 0.1564
vn 0.7651 0.5995 0.2348
vn 0.7929 0.5797 0.1876
vn 0.1990 0.9776 0.0680
vn 0.9760 -0.1856 0.1141
vn 0.9729 -0.1836 0.1406
vn 0.9020 -0.3411 0.2646
vn 0.9054 0.4192 -0.0668
vn 0.8958 0.3932 -0.2074
vn 0.9757 0.1976 -0.0950
vn -0.8651 0.4758 -0.1588
vn 0.9993 0.0149 -0.0339
vn 0.9816 -0.1856 0.0457
vn -0.5352 0.8447 -0.0035
vn 0.7320 0.6747 -0.0945
vn 0.8463 0.5248 -0.0909
vn 0.5108 -0.8521 0.1137
vn 0.3584 -0.9312 0.0671
vn 0.3553 -0.9315 0.0781
vn -0.7893 0.5973 -0.1423
vn -0.8039 0.5860 -0.1020
vn -0.6793 0.7284 -0.0898
vn -0.3670 0.9287 -0.0520
vn 0.9171 0.3773 0.1286
vn 0.9963 -0.0095 -0.0852
vn -0.9942 -0.0409 0.0997
vn -0.9893 0.1446 -0.0168
vn -0.6067 -0.7708 0.1943
vn -0.6143 -0.7782 0.1303
vn -0.7712 -0.6150 0.1644
vn 0.7360 0.5885 0.3347
vn 0.0031 1.0000 0.0023
vn 0.0026 1.0000 0.0025
vn 0.2148 0.9715 0.0997
vn -0.8737 -0.4377 -0.2122
vn -0.9714 -0.2170 -0.0966
vn -0.9999 -0.0028 0.0131
vn 0.9247 0.3091 0.2221
vn 0.5586 0.8169 0.1440
vn 0.7154 0.6749 0.1809
vn 0.2186 0.9758 0.0038
vn 0.4309 0.9005 0.0582
vn 0.4319 0.9019 0.0074
vn 0.2178 0.9748 -0.0478
vn 0.2184 0.9756 -0.0224
vn 0.4312 0.9012 -0.0436
vn -0.9807 -0.1645 -0.1054
vn -0.9962 0.0225 -0.0836
vn -0.8352 -0.5434 -0.0848
vn 0.2129 0.9701 0.1168
vn -0.5537 -0.8309 -0.0548
vn -0.7079 -0.7043 -0.0539
vn -0.7085 -0.7022 -0.0707
vn 0.9184 -0.3594 -0.1653
vn 0.7467 -0.5981 -0.2910
vn 0.2183 0.9754 0.0298
vn 0.2176 0.9745 0.0551
vn 0.4244 0.8925 0.1526
vn 0.4283 0.8973 0.1072
vn -0.6511 0.7410 -0.1642
vn -0.9569 0.1206 -0.2642
vn 0.0750 0.8508 0.5201
vn 0.1317 0.9819 0.1359
vn 0.3550 0.9239 0.1426
vn 0.8645 0.4218 0.2735
vn -0.8922 -0.3727 -0.2551
vn 0.4154 0.8837 -0.2156
vn 0.6006 0.7571 -0.2569
vn 0.5889 0.7488 -0.3040
vn -0.1874 0.9818 -0.0312
vn 0.3887 0.9210 -0.0252
vn 0.9124 -0.3910 0.1213
vn 0.0032 1.0000 -0.0022
vn 0.2167 0.9736 -0.0718
vn 0.7597 0.6017 -0.2465
vn 0.8645 0.4179 -0.2793
vn 1.0000 -0.0002 -0.0031
vn 0.6437 -0.6871 0.3369
vn 0.6467 -0.6906 -0.3238
vn -0.1973 0.7282 -0.6564
vn 0.0285 0.7262 -0.6869
vn 0.2733 0.7334 -0.6224
vn 0.9767 -0.0024 0.2146
vn 0.9508 -0.1660 0.2617
vn -0.9712 0.2360 0.0316
vn -0.9717 0.2355 -0.0204
vn -0.9992 0.0294 -0.0275
vn -0.9984 0.0338 -0.0460
vn -0.9733 0.2229 0.0553
vn 0.9806 0.1816 0.0731
vn -0.7343 -0.5929 -0.3305
vn -0.7164 -0.5850 -0.3802
vn -0.8067 -0.4051 -0.4303
vn -0.9145 0.3880 -0.1151
vn -0.8094 0.5699 -0.1419
vn -0.9743 0.1932 -0.1159
vn -0.7163 -0.6841 -0.1374
vn -0.8384 -0.5320 -0.1188
vn -0.8418 -0.5137 -0.1661
vn -0.7250 -0.6670 -0.1717
vn -0.1422 0.9823 -0.1215
vn -0.6853 0.7198 -0.1102
vn 0.8457 0.5240 0.1016
vn 0.9714 0.2361 0.0254
vn 0.5907 0.8008 -0.0989
vn 0.0392 0.9949 -0.0932
vn -0.7216 -0.5877 0.3659
vn -0.8386 -0.4132 0.3551
vn -0.8138 -0.4071 0.4147
vn -0.8816 0.4717 -0.0150
vn -0.6190 -0.7830 0.0612
vn -0.7827 -0.6223 -0.0131
vn -0.7802 -0.6207 0.0775
vn 0.8959 -0.3420 0.2835
vn 0.9805 0.1766 -0.0862
vn 0.7260 0.6833 -0.0771
vn 0.9976 -0.0072 -0.0689
vn 0.8377 -0.5391 -0.0875
vn 0.8717 -0.4545 0.1833
vn 0.9651 0.0776 0.2501
vn 0.9799 -0.1939 -0.0459
vn 0.7158 -0.6960 -0.0573
vn -0.9655 0.2348 -0.1124
vn -0.6889 0.7216 -0.0687
vn 0.7099 0.6903 0.1400
vn 0.5527 0.8322 0.0443
vn -0.9327 0.1582 -0.3242
vn 0.9816 -0.1405 0.1295
vn 0.9852 -0.1412 -0.0974
vn 0.9498 -0.3124 0.0158
vn 0.8848 -0.3939 -0.2489
vn -0.5709 0.7639 -0.3010
vn -0.3340 0.9422 -0.0277
vn -0.8874 0.3517 -0.2981
vn -0.8949 0.4090 -0.1788
vn -0.7588 0.6017 -0.2494
vn 0.2825 0.8115 0.5116
vn -0.9217 0.3423 0.1823
vn -0.6386 0.6864 -0.3480
vn -0.3747 0.9045 -0.2037
vn -0.1986 0.9742 -0.1072
vn 0.7183 -0.6921 -0.0711
vn -0.1937 0.9810 -0.0136
vn -0.0017 1.0000 -0.0001
vn -0.3780 0.9255 -0.0250
vn 0.8800 0.4226 0.2169
vn 0.9182 0.2273 0.3243
vn 0.8320 0.5548 -0.0040
vn 0.6635 -0.7113 0.2319
vn -0.3812 0.9237 0.0382
vn -0.3559 0.9249 -0.1335
vn -0.3622 0.9220 -0.1366
vn 0.0016 1.0000 0.0006
vn 0.9616 0.0462 0.2706
vn -0.7594 0.4587 -0.4613
vn -0.5598 0.7700 0.3062
vn 0.7270 -0.6792 -0.1011
vn 0.5953 -0.7985 -0.0892
vn -0.9831 0.1804 -0.0325
vn -0.9828 0.1812 0.0366
vn -0.6686 0.7301 -0.1409
vn 0.3942 0.9180 -0.0439
vn -0.8721 0.2827 -0.3993
vn -0.1851 0.9809 -0.0590
vn -0.1884 0.9796 -0.0700
vn -0.6194 -0.7675 -0.1652
vn -0.6390 -0.7627 -0.0997
vn -0.6030 -0.7475 0.2785
vn 0.7660 0.5625 -0.3111
vn 0.9691 0.1925 -0.1545
vn 0.7925 -0.5739 0.2066
vn 0.8318 0.4076 0.3767
vn 0.8070 0.4025 0.4322
vn 0.6198 0.7733 -0.1337
vn 0.7840 0.6157 -0.0784
vn 0.7746 0.6102 -0.1663
vn 0.6113 0.7659 -0.1992
vn 0.9994 -0.0084 0.0337
vn 0.5662 -0.8228 -0.0486
vn -0.8758 0.4682 -0.1178
vn 0.5676 0.8113 0.1402
vn 0.5034 0.7275 0.4662
vn 0.9699 0.2310 -0.0767
vn 0.9003 -0.4334 -0.0388
vn -0.8261 0.5608 -0.0546
vn -0.6959 0.7151 -0.0662
vn -0.6991 0.7130 -0.0536
vn -0.8285 0.5588 -0.0375
vn -0.6666 0.7348 -0.1249
vn -0.7703 0.6092 -0.1887
vn 0.9984 -0.0045 -0.0567
vn -0.1852 0.9815 -0.0494
vn -0.0016 1.0000 -0.0008
vn -0.0020 1.0000 -0.0008
vn -0.9150 0.3064 -0.2624
vn 0.9528 -0.2587 0.1587
vn 0.9628 -0.2397 0.1245
vn -0.3536 0.9286 -0.1126
vn 0.9686 -0.2254 0.1047
vn 0.9752 -0.2117 0.0651
vn 0.9157 -0.3979 0.0570
vn 0.7079 0.7063 -0.0046
vn 0.8335 0.5522 -0.0207
vn 0.6532 -0.6991 0.2908
vn -0.9992 0.0116 0.0386
vn -0.9791 0.1808 -0.0935
vn -0.9744 0.1793 -0.1360
vn -0.9194 -0.3895 -0.0544
vn -0.9173 -0.3928 -0.0652
vn -0.9770 -0.2024 -0.0665
vn -0.9749 -0.2067 -0.0829
vn -0.7526 0.5049 -0.4228
vn -0.5806 0.6312 -0.5144
vn -0.9975 0.0683 -0.0168
vn -0.3944 -0.9123 -0.1103
vn -0.3852 -0.9187 -0.0867
vn -0.5667 -0.8135 -0.1304
vn -0.8446 0.4732 -0.2506
vn -0.8668 0.4544 -0.2054
vn -0.9783 -0.1999 -0.0551
vn -0.9214 -0.3868 -0.0372
vn -0.9035 -0.4284 -0.0135
vn -0.9736 -0.2279 -0.0133
vn -0.9015 -0.4269 -0.0713
vn -0.3727 0.9215 -0.1088
vn -0.3817 0.9223 -0.0602
vn -0.9712 -0.2271 -0.0721
vn -0.8986 -0.4227 -0.1176
vn -0.8306 0.5568 -0.0130
vn -0.4981 0.8670 -0.0126
vn -0.3106 0.9504 -0.0126
vn -0.4983 0.8644 -0.0678
vn -0.9795 -0.1980 -0.0381
vn -0.9232 -0.3841 -0.0128
vn -0.9713 0.1765 -0.1593
vn -0.8879 0.3281 -0.3226
vn -0.3115 0.9480 -0.0659
vn -0.5000 0.8588 -0.1118
vn 0.9808 -0.1950 -0.0031
vn 0.9240 -0.3824 -0.0032
vn 0.9243 -0.3812 -0.0189
vn -0.3806 -0.9243 -0.0293
vn -0.3788 -0.9247 -0.0375
vn -0.3019 -0.9532 -0.0140
vn -0.6203 -0.7843 -0.0103
vn -0.7783 -0.6193 -0.1032
vn -0.3027 -0.9508 -0.0652
vn -0.4853 -0.8742 -0.0139
vn 0.6562 -0.5704 0.4940
vn 0.6479 -0.6066 0.4606
vn 0.4862 -0.6850 0.5426
vn 0.4461 -0.8141 0.3718
vn -0.8974 -0.4170 -0.1443
vn -0.9671 -0.2246 -0.1191
vn -0.5460 -0.6134 0.5707
vn -0.6312 -0.6681 0.3940
vn -0.5971 -0.7620 0.2505
vn -0.7570 -0.6063 0.2436
vn -0.7396 -0.5964 0.3118
vn -0.5866 -0.7539 0.2960
vn 0.5096 -0.6457 0.5687
vn 0.6825 -0.5730 0.4538
vn -0.7498 0.6611 -0.0269
vn -0.6181 -0.7819 -0.0816
vn 0.2703 -0.7820 -0.5617
vn -0.4854 -0.8717 -0.0670
vn -0.3066 -0.9459 -0.1058
vn 0.2764 0.9610 -0.0125
vn 0.2743 0.9598 -0.0601
vn 0.4548 0.8905 -0.0125
vn -0.6125 -0.7761 -0.1497
vn 0.5741 -0.8155 -0.0734
vn 0.2683 0.9584 -0.0976
vn 0.4527 0.8898 -0.0583
vn 0.6023 -0.7981 -0.0136
vn -0.4878 -0.8661 -0.1093
vn -0.3147 -0.9406 -0.1276
vn 0.6002 -0.7979 -0.0562
vn 0.4447 -0.8956 -0.0137
vn 0.6480 -0.7474 0.1469
vn 0.8593 0.5113 -0.0125
vn -0.9642 -0.2209 -0.1465
vn -0.9008 -0.4106 -0.1417
vn 0.9383 0.3456 -0.0126
vn 0.8577 0.5114 -0.0541
vn -0.3350 -0.9362 -0.1064
vn -0.5693 -0.8186 -0.0758
vn -0.2735 -0.8549 -0.4409
vn -0.4941 -0.7746 -0.3948
vn 0.4425 -0.8949 -0.0578
vn 0.9812 -0.1924 -0.0130
vn 0.9799 -0.1926 -0.0527
vn 0.9303 -0.3666 -0.0131
vn 0.8541 0.5130 -0.0862
vn 0.9368 0.3457 -0.0533
vn -0.6835 -0.5292 0.5027
vn -0.4858 -0.6114 0.6246
vn 0.9288 -0.3668 -0.0531
vn 0.9777 -0.1930 -0.0830
vn -0.9128 -0.3104 -0.2653
vn 0.0675 0.9902 -0.1221
vn 0.4370 -0.8948 -0.0920
vn -0.4939 -0.8594 -0.1326
vn -0.3283 -0.9368 -0.1211
vn 0.1892 0.9815 0.0282
vn 0.1881 0.9814 0.0382
vn 0.4991 -0.7175 -0.4859
vn -0.9092 0.3903 -0.1446
vn -0.9079 -0.4041 -0.1114
vn -0.9655 -0.2166 -0.1445
vn 0.7381 0.6666 -0.1040
vn -0.3344 0.9338 -0.1276
vn -0.1488 0.9216 0.3585
vn -0.4373 0.8951 0.0867
vn -0.3440 -0.9343 -0.0939
vn -0.5056 -0.8534 -0.1272
vn -0.2184 -0.8041 0.5529
vn -0.2699 -0.7073 0.6533
vn -0.4419 -0.6480 0.6204
vn 0.9953 -0.0109 -0.0958
vn 0.4268 0.8984 -0.1039
vn -0.9706 -0.2118 -0.1140
vn -0.9139 -0.3978 -0.0809
vn -0.5269 0.8432 -0.1065
vn -0.6921 0.7170 -0.0829
vn 0.9300 0.3568 -0.0881
vn -0.5200 -0.8484 -0.0988
vn -0.3556 -0.9320 -0.0698
vn 0.0285 0.9969 -0.0738
vn 0.2324 0.9686 -0.0887
vn 0.9236 -0.3736 -0.0858
vn 0.4286 -0.8970 -0.1083
vn 0.4184 -0.9030 -0.0980
vn 0.8429 0.5329 -0.0742
vn 0.7208 0.6902 -0.0631
vn -0.5353 0.8408 -0.0811
vn -0.9443 -0.2319 -0.2337
vn -0.9173 -0.2283 -0.3261
vn -0.9410 -0.0434 -0.3356
vn -0.9091 -0.0462 -0.4140
vn -0.1987 0.9788 -0.0488
vn -0.1987 0.9775 -0.0703
vn -0.9769 0.1854 0.1066
vn -0.3631 -0.9300 -0.0576
vn -0.5311 -0.8442 -0.0727
vn -0.2118 0.9322 -0.2936
vn 0.0495 0.8412 -0.5385
vn 0.9784 -0.1953 -0.0684
vn 0.2223 0.9724 -0.0710
vn 0.8575 0.4151 0.3039
vn 0.8882 0.2246 0.4007
vn 0.5324 -0.8168 -0.2223
vn 0.5379 -0.8253 -0.1717
vn 0.3837 -0.9152 -0.1229
vn 0.3857 -0.9190 -0.0819
vn 0.5363 -0.8229 0.1876
vn 0.3805 -0.9090 0.1699
vn 0.3830 -0.9139 0.1344
vn 0.9704 0.0424 0.2378
vn 0.9905 0.0415 0.1310
vn 0.8355 -0.5466 -0.0564
vn -0.8241 0.5624 -0.0672
vn 0.8397 0.5396 -0.0609
vn 0.3813 -0.9106 -0.1596
vn 0.5268 -0.8080 -0.2638
vn -0.5229 0.8080 0.2716
vn -0.3691 -0.9281 -0.0487
vn -0.5383 -0.8407 -0.0597
vn -0.1748 0.9827 -0.0609
vn 0.3787 -0.9058 -0.1900
vn -0.1986 0.9759 -0.0902
vn 0.3971 -0.9164 -0.0500
vn 0.5629 -0.8256 -0.0404
vn 0.9246 -0.3782 -0.0461
vn 0.9803 -0.1941 -0.0373
vn 0.5692 0.8205 -0.0523
vn 0.2559 -0.8649 0.4318
vn 0.1423 -0.9894 0.0292
vn -0.3753 -0.9264 -0.0307
vn -0.5435 -0.8379 -0.0504
vn -0.0012 1.0000 -0.0010
vn 0.5593 -0.8287 -0.0216
vn 0.3926 -0.9188 -0.0418
# 1611 vertex normals

o Group22992
g Group22992
s off
f 1//1 2//1 3//1 
f 1//1 3//1 4//1 
f 1//1 4//1 5//1 
f 1//1 5//1 6//1 
f 1//1 6//1 7//1 
f 1//1 7//1 8//1 
f 1//1 8//1 9//1 
f 1//1 9//1 10//1 
f 1//1 10//1 11//1 
f 1//1 11//1 12//1 
f 1//1 12//1 13//1 
f 1//1 13//1 14//1 
f 1//1 14//1 15//1 
f 1//1 15//1 16//1 
f 1//1 16//1 17//1 
f 1//1 17//1 18//1 
f 1//1 18//1 19//1 
f 1//1 19//1 20//1 
f 1//1 20//1 21//1 
f 1//1 21//1 22//1 
f 1//1 22//1 23//1 
f 1//1 23//1 24//1 
f 1//1 24//1 25//1 
f 1//1 25//1 26//1 
f 1//1 26//1 27//1 
f 1//1 27//1 28//1 
f 1//1 28//1 29//1 
f 1//1 29//1 30//1 
f 1//1 30//1 31//1 
f 1//1 31//1 32//1 
f 1//1 32//1 33//1 
f 1//1 33//1 2//1 
f 34//2 35//3 36//4 
f 36//4 35//3 37//5 
f 37//5 35//3 38//6 
f 38//6 35//3 39//7 
f 39//7 35//3 40//8 
f 40//8 35//3 41//9 
f 41//9 35//3 42//10 
f 42//10 35//3 43//11 
f 43//11 35//3 44//12 
f 44//12 35//3 45//13 
f 45//13 35//3 46//14 
f 46//14 35//3 47//15 
f 47//15 35//3 48//16 
f 48//16 35//3 49//17 
f 49//17 35//3 50//18 
f 50//18 35//3 51//19 
f 51//19 35//3 52//20 
f 52//20 35//3 53//21 
f 53//21 35//3 54//22 
f 54//22 35//3 55//23 
f 55//23 35//3 56//24 
f 56//24 35//3 57//25 
f 57//25 35//3 58//26 
f 58//26 35//3 59//27 
f 59//27 35//3 60//28 
f 60//28 35//3 61//29 
f 61//29 35//3 62//30 
f 62//30 35//3 63//31 
f 63//31 35//3 64//32 
f 64//32 35//3 65//33 
f 65//33 35//3 66//34 
f 66//34 35//3 34//2 
f 33//35 67//36 2//36 
f 33//35 68//35 67//36 
f 32//37 68//35 33//35 
f 68//35 69//38 67//36 
f 31//39 68//37 32//37 
f 70//40 71//41 69//38 
f 30//42 68//39 31//39 
f 72//43 73//44 71//41 
f 29//45 68//42 30//42 
f 74//46 75//47 73//44 
f 28//48 76//45 29//45 
f 77//49 78//50 75//47 
f 27//51 76//48 28//48 
f 79//52 80//53 78//50 
f 26//54 76//51 27//51 
f 81//55 82//56 80//53 
f 83//57 84//58 82//56 
f 85//59 86//60 84//58 
f 87//61 88//62 86//60 
f 89//63 90//64 88//62 
f 91//65 92//66 90//64 
f 93//67 34//68 92//66 
f 93//67 66//69 34//68 
f 93//70 65//71 66//69 
f 94//72 64//73 65//71 
f 94//74 63//75 64//73 
f 95//76 62//77 63//75 
f 95//78 61//79 62//77 
f 96//80 60//81 61//79 
f 96//82 59//83 60//81 
f 97//84 58//85 59//83 
f 97//86 57//87 58//85 
f 98//88 56//89 57//87 
f 98//90 55//91 56//89 
f 99//92 54//93 55//91 
f 99//94 53//95 54//93 
f 100//96 52//97 53//95 
f 100//98 51//99 52//97 
f 101//100 50//101 51//99 
f 101//102 49//103 50//101 
f 102//104 48//105 49//103 
f 102//106 47//107 48//105 
f 103//108 46//109 47//107 
f 103//110 45//111 46//109 
f 103//112 44//113 45//111 
f 104//114 43//115 44//113 
f 104//116 42//117 43//115 
f 105//118 41//119 42//117 
f 105//120 40//121 41//119 
f 106//122 39//123 40//121 
f 106//124 38//125 39//123 
f 107//126 37//127 38//125 
f 107//128 36//129 37//127 
f 92//66 36//129 107//128 
f 92//66 34//68 36//129 
f 90//64 92//66 107//128 
f 88//62 90//64 108//130 
f 86//60 88//62 109//131 
f 84//58 86//60 110//132 
f 82//56 84//58 111//133 
f 80//53 82//56 112//134 
f 78//50 80//53 113//135 
f 75//47 78//50 114//136 
f 73//44 75//47 115//137 
f 71//41 73//44 116//138 
f 69//38 71//41 117//139 
f 67//36 69//38 118//140 
f 2//36 67//36 119//141 
f 2//36 119//141 3//141 
f 3//141 119//142 4//142 
f 4//142 119//143 5//144 
f 5//144 119//145 6//146 
f 6//146 120//147 7//148 
f 7//148 120//149 8//150 
f 8//150 120//151 9//152 
f 9//152 121//153 10//154 
f 10//154 121//155 11//156 
f 11//156 121//157 12//158 
f 12//158 122//159 13//160 
f 13//160 122//161 14//162 
f 14//162 123//163 15//164 
f 15//164 123//165 16//166 
f 25//167 76//54 26//54 
f 24//168 124//167 25//167 
f 23//169 124//168 24//168 
f 22//170 124//169 23//169 
f 21//171 125//170 22//170 
f 20//172 125//171 21//171 
f 19//173 125//172 20//172 
f 18//174 125//173 19//173 
f 17//175 123//174 18//174 
f 16//166 123//175 17//175 
f 126//176 127//177 128//177 
f 126//176 128//177 129//178 
f 126//176 129//178 130//179 
f 126//176 130//179 131//179 
f 126//176 131//179 132//180 
f 126//176 132//180 133//180 
f 126//176 133//180 134//181 
f 126//176 134//181 135//181 
f 126//176 135//181 136//182 
f 126//176 136//182 137//182 
f 126//176 137//182 138//183 
f 126//176 138//183 139//183 
f 126//176 139//183 140//184 
f 126//176 140//184 141//184 
f 126//176 141//184 142//185 
f 126//176 142//185 143//186 
f 126//176 143//186 144//186 
f 126//176 144//186 145//187 
f 126//176 145//187 146//188 
f 126//176 146//188 147//189 
f 126//176 147//189 148//190 
f 126//176 148//190 149//191 
f 126//176 150//192 151//193 
f 126//176 151//193 152//193 
f 126//176 152//193 153//194 
f 126//176 153//194 154//195 
f 126//176 154//195 155//196 
f 126//176 155//196 156//197 
f 126//176 156//197 157//198 
f 126//176 157//198 127//177 
f 158//199 159//200 160//201 
f 160//201 159//200 161//201 
f 161//201 159//200 162//201 
f 162//201 159//200 163//202 
f 163//202 159//200 164//202 
f 164//202 159//200 165//203 
f 165//203 159//200 166//203 
f 166//203 159//200 167//204 
f 167//204 159//200 168//204 
f 168//204 159//200 169//205 
f 169//205 159//200 170//205 
f 170//205 159//200 171//206 
f 171//206 159//200 172//206 
f 172//206 159//200 173//206 
f 173//206 159//200 174//207 
f 174//207 159//200 175//208 
f 175//208 159//200 176//208 
f 176//208 159//200 177//209 
f 177//209 159//200 178//209 
f 178//209 159//200 179//210 
f 179//210 159//200 180//210 
f 180//210 159//200 181//211 
f 181//211 159//200 182//212 
f 182//212 159//200 183//213 
f 183//213 159//200 184//214 
f 184//214 159//200 185//215 
f 185//215 159//200 186//216 
f 186//216 159//200 187//217 
f 187//217 159//200 188//218 
f 188//218 159//200 189//218 
f 189//218 159//200 190//219 
f 190//219 159//200 158//199 
f 126//176 149//191 191//220 
f 149//191 192//221 191//220 
f 148//222 193//223 149//191 
f 147//224 193//225 148//222 
f 146//226 193//227 147//224 
f 145//228 193//229 146//226 
f 144//230 194//231 145//228 
f 143//232 194//233 144//230 
f 142//234 194//235 143//232 
f 141//236 194//237 142//234 
f 140//238 195//239 141//236 
f 139//240 195//241 140//238 
f 138//242 196//243 139//240 
f 137//244 196//243 138//242 
f 136//245 196//243 137//244 
f 135//246 196//243 136//245 
f 134//247 197//248 135//246 
f 133//249 197//248 134//247 
f 132//250 197//248 133//249 
f 131//251 197//252 132//250 
f 130//253 197//254 131//251 
f 129//255 197//256 130//253 
f 128//257 198//258 129//255 
f 127//259 198//260 128//257 
f 127//259 199//261 198//260 
f 199//261 200//262 201//263 
f 200//262 202//264 203//265 
f 202//264 204//266 205//267 
f 204//266 206//268 207//269 
f 206//268 208//270 209//271 
f 208//270 210//272 211//273 
f 210//272 212//274 213//275 
f 212//274 214//276 215//277 
f 214//276 216//278 217//279 
f 216//278 218//280 219//281 
f 218//280 220//282 221//283 
f 220//282 222//284 223//285 
f 222//284 160//286 223//285 
f 222//284 158//287 160//286 
f 223//285 160//286 161//288 
f 223//289 161//288 162//290 
f 223//291 162//290 163//292 
f 223//293 163//292 164//294 
f 224//295 164//294 165//296 
f 224//297 165//296 166//298 
f 225//299 166//298 167//300 
f 225//301 167//300 168//302 
f 226//303 168//302 169//304 
f 226//303 169//304 170//305 
f 226//306 170//305 171//307 
f 227//308 171//307 172//309 
f 227//310 172//309 173//311 
f 227//312 173//311 174//313 
f 228//314 174//313 175//315 
f 228//316 175//315 176//317 
f 228//318 176//317 177//319 
f 228//320 177//319 178//321 
f 229//322 178//321 179//323 
f 229//324 179//323 180//325 
f 229//326 180//325 181//211 
f 229//327 181//211 182//212 
f 229//327 182//212 183//213 
f 230//328 183//213 184//214 
f 230//329 184//214 185//330 
f 230//331 185//330 186//332 
f 231//333 186//332 187//334 
f 231//333 187//334 188//335 
f 231//336 188//335 189//337 
f 231//338 189//337 190//339 
f 231//340 190//339 158//287 
f 231//340 158//287 222//284 
f 232//341 222//284 220//282 
f 233//342 220//282 218//280 
f 234//343 218//280 216//278 
f 235//344 216//278 214//276 
f 236//345 214//276 212//274 
f 237//346 212//274 210//272 
f 238//347 210//272 208//270 
f 239//348 208//270 206//268 
f 240//349 206//268 204//266 
f 241//350 204//266 202//264 
f 242//351 202//264 200//262 
f 243//352 200//262 199//261 
f 157//353 243//352 199//261 
f 157//353 199//261 127//259 
f 156//354 243//352 157//353 
f 155//355 243//356 156//354 
f 154//357 243//358 155//355 
f 153//359 243//360 154//357 
f 152//361 243//360 153//359 
f 151//362 192//363 152//361 
f 150//192 192//363 151//362 
f 191//220 192//221 150//192 
f 126//176 191//220 150//192 
f 244//364 245//365 246//366 
f 244//364 246//366 247//367 
f 244//364 247//367 248//368 
f 244//364 248//368 249//369 
f 244//364 249//369 250//370 
f 244//364 250//370 251//371 
f 244//364 251//371 252//372 
f 244//364 252//372 253//373 
f 244//364 253//373 254//374 
f 244//364 254//374 255//375 
f 244//364 255//375 256//376 
f 244//364 256//376 257//377 
f 244//364 257//377 258//378 
f 244//364 258//378 259//379 
f 244//364 259//379 260//380 
f 244//364 260//380 261//381 
f 244//364 261//381 262//382 
f 244//364 262//382 263//383 
f 244//364 263//383 264//384 
f 244//364 264//384 265//385 
f 244//364 265//385 266//386 
f 244//364 266//386 267//387 
f 244//364 267//387 268//388 
f 244//364 268//388 269//389 
f 244//364 269//389 270//390 
f 271//204 272//391 273//204 
f 273//204 272//391 274//392 
f 274//392 272//391 275//393 
f 275//393 272//391 276//394 
f 276//394 272//391 277//395 
f 277//395 272//391 278//396 
f 278//396 272//391 279//397 
f 279//397 272//391 280//398 
f 280//398 272//391 281//399 
f 281//399 272//391 282//400 
f 282//400 272//391 283//401 
f 283//401 272//391 284//402 
f 284//402 272//391 285//403 
f 285//403 272//391 286//404 
f 286//404 272//391 287//405 
f 287//405 272//391 288//406 
f 288//406 272//391 289//407 
f 289//407 272//391 290//408 
f 290//408 272//391 291//409 
f 291//409 272//391 292//410 
f 292//410 272//391 293//411 
f 293//411 272//391 294//412 
f 294//412 272//391 295//413 
f 295//413 272//391 296//414 
f 296//414 272//391 297//413 
f 297//413 272//391 298//415 
f 298//415 272//391 299//416 
f 299//416 272//391 300//417 
f 300//417 272//391 301//418 
f 301//418 272//391 302//419 
f 302//419 272//391 303//204 
f 303//204 272//391 271//204 
f 244//364 304//420 305//421 
f 304//420 306//422 305//421 
f 304//420 307//423 306//422 
f 307//423 308//424 309//425 
f 308//424 310//426 311//427 
f 310//426 312//428 313//429 
f 312//428 314//430 315//431 
f 314//430 316//432 317//433 
f 316//432 318//434 319//435 
f 318//434 320//436 321//437 
f 320//436 322//438 323//439 
f 322//438 324//440 325//441 
f 324//440 326//442 327//443 
f 326//442 328//444 329//445 
f 328//444 330//446 331//447 
f 330//446 273//448 331//447 
f 330//446 271//449 273//448 
f 331//447 273//448 274//450 
f 331//447 274//450 275//451 
f 331//452 275//451 276//453 
f 331//452 276//453 277//454 
f 332//455 277//454 278//456 
f 332//457 278//456 279//458 
f 333//459 279//458 280//460 
f 333//461 280//460 281//462 
f 333//463 281//462 282//464 
f 333//465 282//464 283//466 
f 334//467 283//466 284//468 
f 334//469 284//468 285//470 
f 334//471 285//470 286//404 
f 334//472 286//404 287//405 
f 335//473 287//405 288//406 
f 335//474 288//406 289//475 
f 335//474 289//475 290//476 
f 336//477 290//476 291//478 
f 336//479 291//478 292//480 
f 336//481 292//480 293//482 
f 336//481 293//482 294//483 
f 337//484 294//483 295//485 
f 337//486 295//485 296//487 
f 337//488 296//487 297//489 
f 337//490 297//489 298//491 
f 338//492 298//491 299//493 
f 338//494 299//493 300//495 
f 338//496 300//495 301//497 
f 338//498 301//497 302//499 
f 339//500 302//499 303//501 
f 339//502 303//501 271//449 
f 339//502 271//449 330//446 
f 340//503 330//446 328//444 
f 341//504 328//444 326//442 
f 342//505 326//442 324//440 
f 343//506 324//440 322//438 
f 344//507 322//438 320//436 
f 345//508 320//436 318//434 
f 346//509 318//434 316//432 
f 347//510 316//432 314//430 
f 348//511 314//430 312//428 
f 349//512 312//428 310//426 
f 350//513 310//426 308//424 
f 351//514 308//424 307//423 
f 352//515 351//514 307//423 
f 352//515 307//423 304//420 
f 244//364 352//515 304//420 
f 270//390 351//514 352//515 
f 244//364 270//390 352//515 
f 269//516 351//514 270//390 
f 268//517 353//518 269//516 
f 267//519 353//518 268//517 
f 266//520 353//518 267//519 
f 265//521 353//522 266//520 
f 264//523 354//524 265//521 
f 263//525 354//526 264//523 
f 262//527 354//528 263//525 
f 261//529 354//530 262//527 
f 260//531 355//532 261//529 
f 259//533 355//534 260//531 
f 305//421 306//422 356//535 
f 244//364 305//421 356//535 
f 356//535 306//536 357//537 
f 244//364 356//535 357//537 
f 357//537 358//538 359//539 
f 244//364 357//537 359//539 
f 359//539 358//540 245//365 
f 244//364 359//539 245//365 
f 245//365 358//541 246//542 
f 246//542 358//543 247//544 
f 247//544 360//545 248//546 
f 248//546 360//547 249//548 
f 249//548 361//549 250//550 
f 250//550 361//551 251//552 
f 251//552 361//551 252//553 
f 252//553 361//551 253//554 
f 253//554 362//555 254//556 
f 254//556 362//557 255//558 
f 255//558 362//557 256//559 
f 256//559 362//560 257//561 
f 257//561 362//560 258//562 
f 258//562 355//563 259//533 
f 363//564 364//565 365//566 
f 363//564 365//566 366//567 
f 363//564 366//567 367//568 
f 363//564 367//568 368//569 
f 363//564 368//569 369//570 
f 363//564 369//570 370//571 
f 363//564 370//571 371//572 
f 363//564 371//572 372//573 
f 363//564 372//573 373//574 
f 363//564 373//574 374//573 
f 363//564 374//573 375//575 
f 363//564 375//575 376//576 
f 363//564 376//576 377//577 
f 363//564 377//577 378//578 
f 363//564 378//578 379//579 
f 363//564 379//579 380//580 
f 363//564 380//580 381//581 
f 363//564 381//581 382//582 
f 363//564 382//582 383//583 
f 363//564 383//583 384//584 
f 363//564 384//584 385//585 
f 363//564 385//585 386//586 
f 363//564 386//586 387//587 
f 363//564 387//587 388//588 
f 363//564 388//588 389//589 
f 363//564 389//589 390//590 
f 363//564 390//590 391//591 
f 363//564 391//591 392//592 
f 363//564 392//592 393//593 
f 363//564 393//593 394//594 
f 363//564 394//594 395//595 
f 363//564 395//595 364//565 
f 396//596 397//596 398//596 
f 398//596 397//596 399//596 
f 399//596 397//596 400//596 
f 400//596 397//596 401//596 
f 401//596 397//596 402//596 
f 402//596 397//596 403//596 
f 403//596 397//596 404//596 
f 404//596 397//596 405//596 
f 405//596 397//596 406//596 
f 406//596 397//596 407//596 
f 407//596 397//596 408//596 
f 408//596 397//596 409//596 
f 409//596 397//596 410//596 
f 410//596 397//596 411//596 
f 411//596 397//596 412//596 
f 412//596 397//596 413//596 
f 413//596 397//596 414//596 
f 414//596 397//596 415//596 
f 415//596 397//596 416//596 
f 416//596 397//596 417//596 
f 417//596 397//596 418//596 
f 418//596 397//596 419//596 
f 419//596 397//596 420//596 
f 420//596 397//596 421//596 
f 421//596 397//596 422//596 
f 422//596 397//596 423//596 
f 423//596 397//596 424//596 
f 424//596 397//596 425//596 
f 425//596 397//596 426//596 
f 426//596 397//596 427//596 
f 427//596 397//596 428//596 
f 428//596 397//596 396//596 
f 395//597 429//598 364//599 
f 395//597 430//600 429//598 
f 394//601 430//600 395//597 
f 430//600 431//602 429//598 
f 393//603 430//604 394//601 
f 432//605 433//606 431//602 
f 392//607 430//604 393//603 
f 434//608 435//609 433//606 
f 391//610 436//611 392//607 
f 437//612 438//613 435//609 
f 390//614 436//611 391//610 
f 439//615 440//616 438//613 
f 389//617 441//618 390//614 
f 442//619 443//620 440//616 
f 388//621 441//618 389//617 
f 444//622 445//623 443//620 
f 446//624 447//625 445//623 
f 448//626 449//627 447//625 
f 450//628 451//629 449//627 
f 452//630 453//631 451//629 
f 454//632 455//627 453//631 
f 456//633 396//36 455//627 
f 456//633 428//35 396//36 
f 456//634 427//37 428//35 
f 456//635 426//39 427//37 
f 456//636 425//42 426//39 
f 457//637 424//45 425//42 
f 457//638 423//48 424//45 
f 457//639 422//51 423//48 
f 457//640 421//641 422//51 
f 458//642 420//643 421//641 
f 458//644 419//645 420//643 
f 458//646 418//647 419//645 
f 458//648 417//649 418//647 
f 459//650 416//651 417//649 
f 459//652 415//653 416//651 
f 459//654 414//655 415//653 
f 460//656 413//174 414//655 
f 460//657 412//175 413//174 
f 460//658 411//166 412//175 
f 460//659 410//164 411//166 
f 461//660 409//162 410//164 
f 461//661 408//160 409//162 
f 461//662 407//158 408//160 
f 461//663 406//156 407//158 
f 462//664 405//154 406//156 
f 462//665 404//152 405//154 
f 462//666 403//150 404//152 
f 462//667 402//148 403//150 
f 463//668 401//146 402//148 
f 463//669 400//144 401//146 
f 463//670 399//142 400//144 
f 463//671 398//141 399//142 
f 455//627 398//141 463//671 
f 455//627 396//36 398//141 
f 453//631 455//627 463//671 
f 451//629 453//631 464//672 
f 449//627 451//629 465//673 
f 447//625 449//627 466//674 
f 445//623 447//625 467//675 
f 443//620 445//623 468//676 
f 440//616 443//620 469//677 
f 438//613 440//616 470//678 
f 435//609 438//613 471//679 
f 433//606 435//609 472//680 
f 431//602 433//606 473//681 
f 429//598 431//602 474//682 
f 364//599 429//598 475//683 
f 364//599 475//683 365//684 
f 365//684 475//685 366//686 
f 366//686 475//687 367//688 
f 367//688 475//689 368//690 
f 368//690 476//691 369//692 
f 369//692 476//693 370//694 
f 370//694 477//695 371//696 
f 371//696 477//697 372//698 
f 372//698 477//697 373//699 
f 373//699 477//697 374//700 
f 374//700 478//701 375//702 
f 375//702 478//701 376//703 
f 376//703 478//701 377//704 
f 377//704 479//705 378//706 
f 387//707 441//618 388//621 
f 386//708 480//709 387//707 
f 385//710 480//711 386//708 
f 384//712 480//713 385//710 
f 383//714 480//715 384//712 
f 382//716 481//717 383//714 
f 381//718 481//719 382//716 
f 380//720 481//721 381//718 
f 379//722 481//723 380//720 
f 378//706 479//724 379//722 
f 335//474 290//476 336//477 
f 318//434 321//437 319//435 
f 226//306 171//307 227//308 
f 241//350 240//349 204//266 
f 482//725 483//726 484//727 
f 253//554 361//551 362//555 
f 71//41 116//138 117//139 
f 85//59 87//61 86//60 
f 439//615 442//619 440//616 
f 374//700 477//697 478//701 
f 440//616 469//677 470//678 
f 485//728 486//729 487//730 
f 488//731 489//732 490//733 
f 84//58 110//132 111//133 
f 491//734 492//735 493//736 
f 345//508 344//507 320//436 
f 204//266 207//269 205//267 
f 494//737 495//738 496//739 
f 236//345 235//344 214//276 
f 497//740 498//741 499//742 
f 459//650 417//649 458//648 
f 445//623 467//675 468//676 
f 70//40 72//43 71//41 
f 500//743 501//744 502//745 
f 490//746 489//747 503//748 
f 99//92 55//91 98//90 
f 448//626 450//628 449//627 
f 504//749 505//750 506//751 
f 507//752 508//753 509//754 
f 510//755 511//756 512//757 
f 513//758 514//759 515//760 
f 103//108 47//107 102//106 
f 516//761 501//762 500//763 
f 14//162 122//161 123//163 
f 79//52 81//55 80//53 
f 517//764 518//765 519//766 
f 392//607 436//611 430//604 
f 520//767 521//768 522//769 
f 523//770 524//771 525//772 
f 485//773 526//774 527//775 
f 135//246 197//248 196//243 
f 528//776 529//777 530//778 
f 531//779 532//780 533//781 
f 534//782 535//783 536//784 
f 537//785 538//786 539//787 
f 347//510 346//509 316//432 
f 540//788 541//789 542//790 
f 451//629 464//672 465//673 
f 229//327 183//213 230//328 
f 543//791 544//792 545//793 
f 546//794 547//795 548//796 
f 549//797 550//798 551//799 
f 552//800 537//785 553//801 
f 310//426 313//429 311//427 
f 554//802 555//803 556//804 
f 557//805 558//806 508//807 
f 25//167 124//167 76//54 
f 559//808 560//809 561//810 
f 562//811 563//812 564//813 
f 95//76 63//75 94//74 
f 565//814 566//815 567//816 
f 568//817 569//818 570//819 
f 571//820 572//821 573//822 
f 574//823 575//824 576//825 
f 210//272 213//275 211//273 
f 495//738 497//740 499//742 
f 577//826 578//827 579//828 
f 342//505 341//504 326//442 
f 580//829 442//830 439//831 
f 581//832 582//833 583//834 
f 540//835 584//836 541//837 
f 462//664 406//156 461//663 
f 585//838 586//839 587//840 
f 588//841 589//842 590//843 
f 591//844 592//845 593//846 
f 594//847 450//848 448//849 
f 595//850 596//851 520//852 
f 379//722 479//724 481//723 
f 597//853 563//854 562//855 
f 598//856 599//857 600//858 
f 122//161 601//859 602//860 
f 117//861 603//862 604//863 
f 605//864 606//865 485//728 
f 431//602 473//681 474//682 
f 607//866 531//779 533//781 
f 75//47 114//136 115//137 
f 351//514 350//513 308//424 
f 608//867 609//868 610//869 
f 106//122 40//121 105//120 
f 611//870 612//871 613//872 
f 598//856 600//858 614//873 
f 615//874 616//875 72//876 
f 594//877 617//878 450//879 
f 457//637 425//42 456//636 
f 618//880 619//881 620//882 
f 328//444 331//447 329//445 
f 621//883 622//884 623//885 
f 535//783 624//886 536//784 
f 625//887 572//821 571//820 
f 149//191 193//223 192//221 
f 225//301 168//302 226//303 
f 214//276 217//279 215//277 
f 555//803 626//888 627//889 
f 628//890 629//891 504//892 
f 539//893 630//894 631//895 
f 632//896 633//897 634//898 
f 567//899 566//900 635//901 
f 101//100 51//99 100//98 
f 636//902 609//903 608//904 
f 362//557 637//905 638//906 
f 639//907 640//908 641//909 
f 97//84 59//83 96//82 
f 642//910 643//911 644//912 
f 202//264 205//267 203//265 
f 645//913 646//914 647//915 
f 238//347 237//346 210//272 
f 333//465 283//466 334//467 
f 327//916 648//917 649//918 
f 6//146 119//145 120//147 
f 118//919 650//920 651//921 
f 652//922 653//923 560//924 
f 18//174 123//174 125//173 
f 523//925 525//926 654//927 
f 655//928 656//929 657//930 
f 504//931 506//932 658//933 
f 659//934 660//935 454//936 
f 661//937 582//938 581//939 
f 383//714 481//717 480//715 
f 314//430 317//433 315//431 
f 662//940 663//941 664//942 
f 665//943 666//944 667//945 
f 668//946 669//947 79//948 
f 670//949 671//950 672//951 
f 513//758 515//760 673//952 
f 674//953 675//954 676//955 
f 484//727 483//956 677//957 
f 434//608 437//612 435//609 
f 436//611 678//958 432//959 
f 234//343 233//342 218//280 
f 679//960 230//331 680//961 
f 435//609 471//679 472//680 
f 606//865 486//729 485//728 
f 522//769 507//752 509//754 
f 681//962 591//844 682//963 
f 683//964 529//965 528//966 
f 684//967 685//968 686//969 
f 679//960 687//970 230//328 
f 688//971 689//972 498//741 
f 690//973 569//974 568//975 
f 691//976 692//977 693//978 
f 517//764 694//979 518//765 
f 695//980 640//981 639//982 
f 696//983 697//984 698//985 
f 699//986 576//987 700//988 
f 701//989 702//990 703//991 
f 500//992 702//993 701//994 
f 510//995 512//996 704//997 
f 509//998 508//999 592//1000 
f 336//481 294//483 337//484 
f 579//1001 578//1002 341//1003 
f 705//1004 565//814 706//1005 
f 624//886 707//1006 708//1007 
f 265//521 354//524 353//522 
f 354//528 709//1008 710//1009 
f 307//423 309//425 306//422 
f 711//1010 712//1011 713//1012 
f 83//57 85//59 84//58 
f 714//1013 715//1014 716//1015 
f 534//782 536//784 717//1016 
f 651//1017 718//1018 601//1019 
f 719//1020 720//1021 721//1022 
f 603//862 722//1023 604//863 
f 485//773 527//775 723//1024 
f 521//768 507//752 522//769 
f 724//1025 237//1026 238//1027 
f 725//1028 235//1029 236//1030 
f 542//1031 541//1032 726//1033 
f 461//660 410//164 460//659 
f 685//968 727//1034 686//969 
f 728//1035 217//1036 729//1037 
f 477//697 730//1038 478//701 
f 731//1039 485//773 723//1024 
f 618//1040 325//1041 619//1042 
f 322//438 325//441 323//439 
f 732//1043 733//1044 546//1045 
f 734//1046 333//465 334//467 
f 468//1047 467//1048 524//1049 
f 735//1050 584//1051 540//1052 
f 633//1053 736//1054 737//1055 
f 579//1056 341//1057 342//1058 
f 738//1059 739//1060 740//1061 
f 568//817 570//819 741//1062 
f 742//1063 585//838 587//840 
f 494//737 496//739 743//1064 
f 690//973 744//1065 569//974 
f 104//114 44//113 103//112 
f 88//62 108//130 109//131 
f 611//870 745//1066 612//871 
f 746//1067 747//1068 748//1069 
f 634//1070 633//1053 737//1055 
f 738//1059 740//1061 749//1071 
f 750//1072 751//1073 752//1074 
f 89//63 91//65 90//64 
f 753//1075 754//1076 755//1077 
f 750//1072 752//1074 756//1078 
f 757//1079 758//1080 759//1081 
f 574//1082 576//1083 699//1084 
f 141//236 195//239 194//237 
f 753//1075 760//1085 754//1076 
f 757//1079 759//1081 761//1086 
f 762//1087 511//756 510//755 
f 627//1088 628//890 511//1089 
f 602//860 763//1090 764//1091 
f 602//1092 764//1093 652//1094 
f 621//883 623//885 765//1095 
f 766//1096 767//1097 768//1098 
f 670//949 769//1099 671//950 
f 80//53 112//134 113//135 
f 368//690 475//689 476//691 
f 474//1100 473//1101 605//1102 
f 582//833 770//1103 583//834 
f 522//1104 509//1105 681//1106 
f 583//1107 580//829 437//1108 
f 583//1107 437//1108 434//1109 
f 458//642 421//641 457//640 
f 658//1110 506//1111 771//1112 
f 593//1113 772//1114 446//1115 
f 444//622 446//624 445//623 
f 773//1116 552//800 553//801 
f 247//544 358//543 360//545 
f 452//630 454//632 453//631 
f 659//934 454//936 452//1117 
f 315//1118 774//1119 775//1120 
f 711//1121 313//1122 712//1123 
f 776//1124 679//960 680//961 
f 725//1028 777//1125 235//1029 
f 561//810 560//809 616//1126 
f 701//1127 778//1128 665//1129 
f 704//997 512//996 617//1130 
f 658//1131 771//1132 659//1133 
f 661//937 779//1134 582//938 
f 780//1135 779//1136 661//1137 
f 781//1138 782//1139 687//1140 
f 228//320 178//321 229//322 
f 615//874 72//876 70//1141 
f 29//45 76//45 68//42 
f 637//905 783//1142 638//906 
f 539//893 631//895 784//1143 
f 785//1144 542//1145 629//1146 
f 524//771 786//1147 525//772 
f 632//1148 491//734 633//1149 
f 662//1150 664//1151 538//1152 
f 319//1153 550//1154 549//1155 
f 775//1156 774//1157 663//1158 
f 589//842 787//1159 590//843 
f 724//1025 788//1160 237//1026 
f 129//255 198//258 197//256 
f 642//910 789//1161 643//911 
f 790//1162 791//1163 792//1164 
f 793//1165 597//853 562//855 
f 674//953 676//955 794//1166 
f 795//1167 577//1168 796//1169 
f 470//1170 656//1171 655//1172 
f 606//1173 471//1174 486//1175 
f 463//668 402//148 462//667 
f 735//1176 464//1177 584//1178 
f 797//1179 696//1180 798//1181 
f 798//1182 696//983 698//985 
f 349//512 348//511 312//428 
f 608//867 610//869 799//1183 
f 800//1184 683//964 528//966 
f 789//1161 800//1184 801//1185 
f 219//1186 225//299 802//1187 
f 218//280 221//283 219//281 
f 480//709 803//1188 441//618 
f 387//707 480//709 441//618 
f 665//943 667//945 804//1189 
f 74//46 77//49 75//47 
f 340//503 339//502 330//446 
f 805//1190 337//490 806//1191 
f 726//1033 461//660 460//659 
f 505//750 459//652 506//751 
f 625//1192 700//1193 572//1194 
f 645//1195 588//1196 646//914 
f 571//1197 573//822 807//1198 
f 152//361 192//363 243//360 
f 546//794 808//1199 547//795 
f 733//1044 808//1200 546//1045 
f 475//689 809//1201 476//691 
f 477//697 809//1202 730//1038 
f 614//1203 715//1014 714//1013 
f 701//1127 703//1204 778//1128 
f 443//620 468//676 469//677 
f 656//929 523//770 657//930 
f 532//1205 693//1206 810//1207 
f 691//976 693//978 532//780 
f 329//445 331//452 648//1208 
f 331//452 277//454 332//455 
f 811//1209 704//1210 772//1211 
f 772//1114 594//847 446//1115 
f 763//1090 516//1212 764//1091 
f 718//1018 717//1016 763//1213 
f 9//152 120//151 121//153 
f 121//153 651//1017 601//1019 
f 812//1214 689//1215 688//1216 
f 728//1217 812//1214 727//1034 
f 813//1218 646//1219 239//1220 
f 240//349 239//348 206//268 
f 719//1020 721//1022 722//1023 
f 535//1221 814//1222 624//1223 
f 605//1224 485//728 815//1225 
f 815//1225 485//773 731//1039 
f 816//1226 488//731 817//1227 
f 706//1005 565//814 567//816 
f 818//1228 522//1104 681//1106 
f 520//1229 522//1230 818//1231 
f 526//774 554//802 527//775 
f 507//1232 557//805 508//807 
f 746//1233 634//1234 747//1235 
f 784//1236 631//1237 746//1238 
f 313//1122 775//1156 712//1123 
f 819//1239 662//1150 538//1152 
f 493//736 795//1167 796//1169 
f 493//1240 796//1241 736//1054 
f 479//724 780//1135 661//1137 
f 478//701 730//1038 780//1242 
f 820//1243 695//980 821//1244 
f 817//1227 488//731 490//733 
f 593//1245 446//1246 444//1247 
f 580//829 593//1245 442//830 
f 525//1248 786//1249 785//1250 
f 626//888 628//1251 627//889 
f 123//174 652//1094 125//173 
f 124//168 559//808 561//810 
f 548//796 547//795 805//1252 
f 805//1252 336//481 337//484 
f 821//1244 695//980 639//982 
f 822//1253 597//853 793//1165 
f 823//1254 684//967 824//1255 
f 205//1256 207//1257 683//1258 
f 544//792 781//1259 545//793 
f 544//1260 825//1261 781//1262 
f 358//541 826//1263 827//1264 
f 358//543 827//1265 360//545 
f 550//798 620//882 551//799 
f 483//956 674//953 677//957 
f 508//999 811//1266 592//1000 
f 508//753 558//1267 811//1268 
f 743//1269 585//1270 742//1271 
f 698//1272 697//1273 589//1274 
f 828//1275 540//1276 786//1147 
f 828//1277 735//1050 540//1052 
f 558//806 762//1087 510//755 
f 555//803 627//889 556//804 
f 119//145 118//919 651//921 
f 67//36 118//140 119//141 
f 227//312 174//313 228//314 
f 825//1261 782//1278 781//1262 
f 449//627 465//673 466//674 
f 466//1279 735//1280 828//1281 
f 353//518 710//1282 350//1283 
f 354//524 710//1282 353//522 
f 743//1269 496//1284 585//1270 
f 499//1285 544//1286 543//1287 
f 526//774 555//1288 554//802 
f 657//1289 523//925 654//927 
f 638//1290 783//1291 636//1292 
f 709//1293 636//902 608//904 
f 433//606 472//680 473//681 
f 473//1101 606//1294 605//1102 
f 699//1295 700//1296 625//1297 
f 145//228 194//231 193//229 
f 764//1298 516//761 500//763 
f 652//1094 764//1093 653//1299 
f 678//958 434//1109 432//959 
f 432//605 434//608 433//606 
f 736//1054 796//1241 829//1300 
f 344//507 343//506 322//438 
f 798//1301 698//1272 830//1302 
f 830//1303 588//841 645//1304 
f 117//861 604//863 650//920 
f 718//1018 534//782 717//1016 
f 745//1066 105//120 612//871 
f 744//1065 104//114 103//112 
f 124//167 561//1305 76//54 
f 76//45 615//874 70//1141 
f 680//961 230//331 232//1306 
f 232//341 231//340 222//284 
f 569//818 102//106 570//819 
f 739//1060 101//100 100//98 
f 514//759 613//872 515//760 
f 692//977 690//973 568//975 
f 192//363 831//1307 243//360 
f 243//352 242//351 200//262 
f 90//64 107//128 108//130 
f 745//1066 106//122 105//120 
f 832//1308 484//1309 632//1310 
f 664//1151 482//725 484//727 
f 818//1311 681//1312 770//1103 
f 681//962 682//963 770//1103 
f 320//436 323//439 321//437 
f 550//798 618//880 620//882 
f 693//1206 741//1062 810//1207 
f 566//900 738//1059 749//1071 
f 619//881 733//1313 732//1314 
f 649//1315 648//1316 734//1317 
f 660//935 457//637 456//636 
f 771//1318 458//642 457//640 
f 739//1060 100//98 740//1061 
f 751//1073 99//92 98//90 
f 789//1161 801//1185 643//911 
f 575//824 797//1179 798//1181 
f 86//60 109//131 110//132 
f 514//759 611//870 613//872 
f 219//1319 221//1320 225//1321 
f 223//293 164//294 224//295 
f 833//1322 705//1323 707//1006 
f 607//866 533//781 833//1324 
f 760//1085 94//74 754//1076 
f 91//65 93//67 92//66 
f 566//900 749//1071 635//901 
f 489//747 750//1072 756//1078 
f 468//1325 524//1326 523//1327 
f 656//1328 468//1325 523//1327 
f 622//884 816//1329 623//885 
f 707//1330 705//1004 706//1005 
f 758//1080 97//84 96//82 
f 751//1073 98//90 752//1074 
f 758//1080 96//82 759//1081 
f 760//1085 95//76 94//74 
f 577//1168 834//1331 578//1332 
f 675//954 548//796 676//955 
f 87//61 89//63 88//62 
f 563//812 755//1077 564//813 
f 694//979 820//1333 518//765 
f 623//1334 816//1226 817//1227 
f 200//262 203//265 201//263 
f 201//1335 789//1336 642//1337 
f 684//967 686//969 824//1255 
f 824//1338 495//738 494//737 
f 489//747 756//1078 503//748 
f 640//908 757//1079 761//1086 
f 208//270 211//273 209//271 
f 209//1339 684//1340 823//1341 
f 634//1234 737//1342 747//1235 
f 346//509 345//508 318//434 
f 212//274 215//277 213//275 
f 685//968 728//1217 727//1034 
f 640//908 761//1086 641//909 
f 563//812 753//1075 755//1077 
f 599//857 822//1343 600//858 
f 518//1344 820//1243 821//1244 
f 730//1038 731//1039 780//1242 
f 780//1135 595//850 779//1136 
f 600//1345 822//1253 793//1165 
f 715//1014 790//1346 716//1015 
f 531//779 691//976 532//780 
f 769//1099 673//952 671//950 
f 538//786 832//1308 632//1310 
f 630//894 632//1310 631//895 
f 592//845 772//1347 593//846 
f 592//1348 811//1209 772//1211 
f 769//1099 513//758 673//952 
f 82//56 111//133 112//134 
f 308//424 311//427 309//425 
f 826//1263 711//1010 827//1264 
f 778//1349 614//1203 714//1013 
f 666//944 668//1350 667//945 
f 786//1351 540//788 542//790 
f 786//1249 542//1352 785//1250 
f 811//1266 510//995 704//997 
f 558//1267 510//1353 811//1268 
f 720//1021 672//951 721//1022 
f 814//1222 607//866 833//1324 
f 506//1354 459//650 458//648 
f 506//1111 458//644 771//1112 
f 471//1174 655//1172 486//1175 
f 486//729 655//1355 487//730 
f 78//50 113//135 114//136 
f 720//1021 670//949 672//951 
f 767//1097 621//883 768//1098 
f 536//784 624//886 708//1007 
f 768//1098 621//883 765//1095 
f 501//744 517//764 502//745 
f 587//1356 777//1125 725//1028 
f 590//1357 787//1358 788//1160 
f 578//1002 806//1359 341//1003 
f 341//504 340//503 328//444 
f 674//1360 732//1043 675//1361 
f 551//1362 620//1363 674//1364 
f 502//745 517//764 519//766 
f 702//990 598//856 703//991 
f 73//44 115//137 116//138 
f 603//862 719//1020 722//1023 
f 362//560 638//1365 355//563 
f 258//562 362//560 355//563 
f 678//958 583//1107 434//1109 
f 581//832 583//834 803//1188 
f 628//890 504//892 511//1089 
f 511//756 504//931 658//933 
f 512//996 659//1133 617//1130 
f 617//878 659//934 452//1117 
f 511//756 658//933 512//757 
f 512//996 658//1131 659//1133 
f 450//628 452//630 451//629 
f 617//878 452//1117 450//879 
f 72//43 74//46 73//44 
f 616//875 804//1189 72//876 
f 653//923 701//994 560//924 
f 560//809 701//1127 665//1129 
f 616//875 665//943 804//1189 
f 560//809 665//1129 616//1126 
f 601//1019 718//1018 763//1213 
f 601//859 763//1090 602//860 
f 438//613 470//678 471//679 
f 471//1174 470//1170 655//1172 
f 361//551 637//905 362//555 
f 361//549 827//1366 773//1116 
f 779//1134 818//1231 582//938 
f 582//833 818//1311 770//1103 
f 467//1048 828//1281 524//1049 
f 524//771 828//1275 786//1147 
f 541//837 462//664 461//663 
f 541//1032 461//660 726//1033 
f 660//935 456//636 454//936 
f 454//632 456//633 455//627 
f 76//45 70//1141 68//42 
f 68//35 70//40 69//38 
f 69//38 117//139 118//140 
f 118//919 117//861 650//920 
f 584//836 462//664 541//837 
f 584//1178 463//668 462//667 
f 122//161 602//860 123//163 
f 123//174 602//1092 652//1094 
f 774//1119 319//1153 549//1155 
f 316//432 319//435 317//433 
f 809//1202 605//1224 815//1225 
f 474//1100 605//1102 809//1201 
f 325//1041 327//916 649//918 
f 324//440 327//443 325//441 
f 197//248 644//912 196//243 
f 195//239 574//1082 699//1084 
f 779//1134 520//1229 818//1231 
f 595//850 520//852 779//1136 
f 689//1215 226//306 835//1367 
f 689//972 835//1368 782//1369 
f 81//55 83//57 82//56 
f 716//1370 790//1162 792//1164 
f 337//490 298//491 338//492 
f 806//1191 337//490 338//492 
f 480//709 581//832 803//1188 
f 481//717 581//939 480//715 
f 569//818 103//108 102//106 
f 744//1065 103//112 569//974 
f 348//511 347//510 314//430 
f 609//868 748//1069 610//869 
f 429//598 474//682 475//683 
f 475//689 474//1100 809//1201 
f 726//1371 460//656 505//1372 
f 542//1145 726//1373 629//1146 
f 479//724 661//1137 481//723 
f 481//717 661//937 581//939 
f 777//1125 776//1124 680//961 
f 543//1374 776//1375 586//839 
f 648//1316 333//463 734//1317 
f 648//1208 331//452 332//455 
f 693//1206 568//817 741//1062 
f 692//977 568//975 693//978 
f 460//656 414//655 459//654 
f 505//1372 460//656 459//654 
f 646//1219 724//1025 238//1027 
f 588//1196 590//1357 646//914 
f 125//170 559//1376 124//169 
f 22//170 125//170 124//169 
f 235//344 234//343 216//278 
f 777//1125 680//1377 235//1029 
f 696//1180 530//778 697//1378 
f 528//776 530//778 696//1180 
f 677//957 674//953 794//1166 
f 492//735 795//1167 493//736 
f 571//1197 807//1198 831//1307 
f 242//351 241//350 202//264 
f 782//1139 229//322 687//1140 
f 687//970 229//327 230//328 
f 723//1024 527//1379 521//1380 
f 596//851 521//1381 520//852 
f 681//1106 509//1105 591//1382 
f 509//1105 592//1348 591//1382 
f 446//1115 594//847 448//849 
f 446//624 448//626 447//625 
f 774//1157 549//797 663//1158 
f 663//941 482//1383 664//942 
f 464//1177 463//668 584//1178 
f 453//631 463//671 464//672 
f 120//151 651//1017 121//153 
f 119//145 651//921 120//147 
f 827//1264 711//1010 713//1012 
f 827//1366 552//800 773//1116 
f 334//472 287//405 335//473 
f 734//1384 334//471 808//1200 
f 790//1162 562//1385 791//1163 
f 562//1385 564//1386 791//1163 
f 436//611 432//959 430//604 
f 430//600 432//605 431//602 
f 712//1387 662//940 819//1239 
f 713//1388 712//1387 819//1239 
f 532//1205 810//1207 565//1389 
f 705//1323 532//1205 565//1389 
f 447//625 466//674 467//675 
f 467//1048 466//1279 828//1281 
f 764//1093 500//1390 653//1299 
f 653//923 500//992 701//994 
f 350//513 349//512 310//426 
f 710//1282 799//1183 350//1283 
f 783//1291 539//893 784//1143 
f 553//801 537//785 539//787 
f 729//1037 219//1186 802//1187 
f 812//1214 226//1391 689//1215 
f 527//1379 836//1392 507//1393 
f 521//1380 527//1379 507//1393 
f 197//254 201//1335 642//1337 
f 197//248 642//910 644//912 
f 573//822 813//1218 807//1198 
f 647//915 646//1219 813//1218 
f 472//1394 471//1174 606//1173 
f 473//1395 472//1394 606//1173 
f 797//1179 528//776 696//1180 
f 800//1184 528//966 801//1185 
f 313//1396 315//1118 775//1120 
f 312//428 315//431 313//429 
f 631//1397 632//896 634//898 
f 631//1237 634//1398 746//1238 
f 829//1399 579//1056 342//1058 
f 343//506 342//505 324//440 
f 217//1036 219//1186 729//1037 
f 216//278 219//281 217//279 
f 437//612 439//615 438//613 
f 437//1108 580//829 439//831 
f 545//793 781//1259 679//1400 
f 781//1259 687//1401 679//1400 
f 192//363 571//1197 831//1307 
f 193//223 571//820 192//221 
f 698//1402 589//1403 588//1404 
f 830//1405 698//1402 588//1404 
f 578//827 805//1190 806//1191 
f 834//1331 805//1252 578//1332 
f 709//1008 608//1406 710//1009 
f 710//1282 608//867 799//1183 
f 667//1407 668//946 79//948 
f 77//49 79//52 78//50 
f 727//1034 812//1214 688//1216 
f 686//1408 727//1034 497//740 
f 638//1365 636//1409 709//1410 
f 355//563 638//1365 709//1410 
f 193//223 625//887 571//820 
f 194//231 625//1297 193//229 
f 700//1193 645//1304 572//1194 
f 572//821 645//913 647//915 
f 796//1411 577//826 579//828 
f 796//1241 579//1412 829//1300 
f 496//1284 499//1285 543//1287 
f 495//738 499//742 496//739 
f 717//1413 767//1414 766//1415 
f 763//1416 717//1413 766//1415 
f 823//1254 824//1255 529//965 
f 529//777 824//1338 494//737 
f 525//1248 785//1250 626//1417 
f 555//1418 525//1248 626//1417 
f 703//1204 614//1419 778//1128 
f 703//991 598//856 614//873 
f 609//868 746//1067 748//1069 
f 784//1236 746//1238 609//903 
f 787//1358 587//1356 725//1028 
f 742//1063 587//840 787//1159 
f 239//348 238//347 208//270 
f 646//1219 238//1027 239//1220 
f 788//1160 236//1030 237//1026 
f 237//346 236//345 212//274 
f 836//1392 556//1420 558//1421 
f 556//1420 627//1422 558//1421 
f 783//1291 784//1143 636//1292 
f 636//902 784//1236 609//903 
f 655//1355 657//1289 526//1423 
f 657//1289 654//927 526//1423 
f 207//1257 823//1341 683//1258 
f 683//964 823//1254 529//965 
f 220//282 223//285 221//283 
f 221//1320 223//293 224//295 
f 496//1284 543//1287 585//1270 
f 585//838 543//1374 586//839 
f 697//1273 743//1269 742//1271 
f 530//778 743//1064 697//1378 
f 730//1038 815//1225 731//1039 
f 809//1202 815//1225 730//1038 
f 575//824 798//1181 576//825 
f 576//987 798//1301 830//1302 
f 772//1211 704//1210 594//1424 
f 704//1210 617//1425 594//1424 
f 697//1273 742//1271 589//1274 
f 589//842 742//1063 787//1159 
f 554//802 556//804 836//1426 
f 527//775 554//802 836//1426 
f 629//891 505//1372 504//892 
f 629//891 726//1371 505//1372 
f 576//987 830//1302 700//988 
f 700//1193 830//1303 645//1304 
f 659//1427 771//1428 660//1429 
f 771//1428 457//638 660//1429 
f 325//1041 649//918 619//1042 
f 619//881 649//1315 733//1313 
f 652//1430 560//1431 559//1376 
f 125//170 652//1430 559//1376 
f 835//1368 228//314 782//1369 
f 782//1139 228//320 229//322 
f 633//1053 493//1240 736//1054 
f 491//734 493//736 633//1149 
f 233//342 232//341 220//282 
f 680//961 232//1306 233//1432 
f 442//830 593//1245 444//1247 
f 442//619 444//622 443//620 
f 712//1011 775//1433 662//1434 
f 775//1433 663//1435 662//1434 
f 194//231 699//1295 625//1297 
f 195//239 699//1084 194//237 
f 604//1436 722//1437 535//1438 
f 722//1437 814//1439 535//1438 
f 732//1043 546//1045 675//1361 
f 675//954 546//794 548//796 
f 326//442 329//445 327//443 
f 327//916 329//445 648//1208 
f 482//1383 551//1440 483//1441 
f 551//1440 674//1360 483//1441 
f 261//529 355//532 354//530 
f 355//532 709//1293 354//530 
f 370//694 476//693 477//695 
f 476//693 809//1442 477//695 
f 624//886 833//1322 707//1006 
f 814//1222 833//1324 624//1223 
f 547//795 335//474 336//477 
f 547//795 336//481 805//1252 
f 733//1044 734//1384 808//1200 
f 649//1315 734//1317 733//1313 
f 470//1443 469//1444 656//1445 
f 469//1444 468//1047 656//1445 
f 526//1446 654//1447 555//1418 
f 654//1447 525//1248 555//1418 
f 604//1436 535//1438 534//1448 
f 650//1449 604//1436 534//1448 
f 612//1450 105//118 104//116 
f 105//118 42//117 104//116 
f 230//331 186//332 231//333 
f 230//331 231//333 232//1306 
f 794//1166 676//955 577//1168 
f 676//955 834//1331 577//1168 
f 612//1450 104//116 744//1451 
f 613//1452 612//1450 744//1451 
f 731//1039 596//1453 595//1454 
f 780//1242 731//1039 595//1454 
f 613//1452 744//1451 690//1455 
f 515//1456 613//1452 690//1455 
f 12//158 121//157 122//159 
f 121//157 601//1457 122//159 
f 570//1458 102//104 101//102 
f 102//104 49//103 101//102 
f 570//1458 101//102 739//1459 
f 741//1460 570//1458 739//1459 
f 650//1449 534//1448 718//1461 
f 651//1462 650//1449 718//1461 
f 549//1463 551//1362 482//1464 
f 663//1435 549//1463 482//1464 
f 741//1460 739//1459 738//1465 
f 810//1466 741//1460 738//1465 
f 76//51 561//1467 615//1468 
f 561//1467 616//1469 615//1468 
f 465//1470 464//1177 735//1176 
f 466//1471 465//1470 735//1176 
f 478//701 780//1242 479//705 
f 377//704 478//701 479//705 
f 107//126 38//125 106//124 
f 108//1472 107//126 106//124 
f 206//268 209//271 207//269 
f 207//1257 209//1339 823//1341 
f 196//243 644//912 574//823 
f 644//912 575//824 574//823 
f 211//1473 685//1474 684//1340 
f 209//1339 211//1473 684//1340 
f 109//1475 108//1472 745//1476 
f 108//1472 106//124 745//1476 
f 737//1477 736//1478 344//1479 
f 736//1478 829//1480 344//1479 
f 673//1481 515//1456 692//1482 
f 515//1456 690//1455 692//1482 
f 321//1483 323//1484 618//1040 
f 323//1484 325//1041 618//1040 
f 632//1310 484//1309 491//734 
f 484//1309 492//735 491//734 
f 203//1485 205//1256 800//1486 
f 205//1256 683//1258 800//1486 
f 203//1485 800//1486 789//1487 
f 201//1488 203//1485 789//1487 
f 737//1477 344//1479 345//1489 
f 747//1490 737//1477 345//1489 
f 620//1363 732//1491 674//1364 
f 620//882 619//881 732//1314 
f 211//1473 213//1492 685//1474 
f 213//1492 728//1035 685//1474 
f 340//1493 338//498 339//500 
f 338//498 302//499 339//500 
f 565//814 810//1466 566//815 
f 810//1466 738//1465 566//815 
f 109//1475 745//1476 611//1494 
f 110//1495 109//1475 611//1494 
f 100//96 53//95 99//94 
f 740//1496 100//96 99//94 
f 749//1497 740//1496 751//1498 
f 740//1496 99//94 751//1498 
f 215//1499 217//1036 728//1035 
f 213//1492 215//1499 728//1035 
f 716//1370 792//1164 669//1500 
f 668//1350 716//1370 669//1500 
f 635//1501 749//1497 750//1502 
f 749//1497 751//1498 750//1502 
f 754//1503 94//72 93//70 
f 94//72 65//71 93//70 
f 110//1495 611//1494 514//1504 
f 111//1505 110//1495 514//1504 
f 755//1506 754//1503 91//1507 
f 754//1503 93//70 91//1507 
f 583//1107 770//1103 580//829 
f 770//1103 593//1508 580//829 
f 98//88 57//87 97//86 
f 752//1509 98//88 97//86 
f 673//1481 692//1482 691//1510 
f 671//1511 673//1481 691//1510 
f 752//1509 97//86 758//1512 
f 756//1513 752//1509 758//1512 
f 311//1514 313//1396 711//1515 
f 826//1516 311//1514 711//1515 
f 357//537 306//536 358//538 
f 306//536 826//1517 358//538 
f 635//1501 750//1502 489//732 
f 488//731 635//1501 489//732 
f 564//1386 755//1506 89//1518 
f 755//1506 91//1507 89//1518 
f 96//80 61//79 95//78 
f 759//1519 96//80 95//78 
f 761//1520 759//1519 760//1521 
f 759//1519 95//78 760//1521 
f 503//1522 756//1513 757//1523 
f 756//1513 758//1512 757//1523 
f 835//1368 227//312 228//314 
f 226//306 227//308 835//1367 
f 321//1483 618//1040 550//1524 
f 319//1525 321//1483 550//1524 
f 761//1520 760//1521 753//1526 
f 641//1527 761//1520 753//1526 
f 648//1528 332//457 333//459 
f 332//457 279//458 333//459 
f 816//1329 567//899 488//1529 
f 567//899 635//901 488//1529 
f 791//1163 564//1386 87//1530 
f 564//1386 89//1518 87//1530 
f 111//1505 514//1504 513//1531 
f 112//1532 111//1505 513//1531 
f 627//1422 511//1533 762//1534 
f 558//1421 627//1422 762//1534 
f 695//980 503//1522 640//981 
f 503//1522 757//1523 640//981 
f 806//1535 338//498 340//1493 
f 341//1057 806//1535 340//1493 
f 597//853 641//1527 563//854 
f 641//1527 753//1526 563//854 
f 833//1322 533//1536 705//1323 
f 533//1536 532//1205 705//1323 
f 672//1537 671//1511 531//1538 
f 671//1511 691//1510 531//1538 
f 824//1338 686//1408 495//738 
f 686//1408 497//740 495//738 
f 198//258 201//1488 197//256 
f 199//261 201//263 198//260 
f 490//746 503//748 695//1539 
f 820//1333 490//746 695//1539 
f 622//884 706//1540 816//1329 
f 706//1540 567//899 816//1329 
f 808//1541 334//472 335//473 
f 808//1199 335//474 547//795 
f 590//1357 788//1160 724//1025 
f 646//914 590//1357 724//1025 
f 553//801 539//787 783//1542 
f 637//905 553//801 783//1542 
f 113//1543 112//1532 769//1544 
f 112//1532 513//1531 769//1544 
f 315//1545 317//1546 774//1547 
f 317//1546 319//1525 774//1547 
f 639//907 641//909 597//1548 
f 822//1343 639//907 597//1548 
f 770//1103 682//963 593//1508 
f 591//844 593//846 682//963 
f 269//516 353//518 351//514 
f 353//518 350//513 351//514 
f 441//618 678//958 436//611 
f 390//614 441//618 436//611 
f 723//1024 521//1380 596//1453 
f 731//1039 723//1024 596//1453 
f 573//822 647//915 813//1218 
f 572//821 647//915 573//822 
f 361//551 773//1116 637//905 
f 773//1116 553//801 637//905 
f 694//979 817//1549 820//1333 
f 817//1549 490//746 820//1333 
f 672//1537 531//1538 607//1550 
f 721//1551 672//1537 607//1550 
f 707//1330 706//1005 622//1552 
f 708//1553 707//1330 622//1552 
f 610//869 347//510 348//511 
f 799//1183 610//869 348//511 
f 350//1283 799//1183 349//512 
f 799//1183 348//511 349//512 
f 599//857 821//1554 822//1343 
f 821//1554 639//907 822//1343 
f 221//1320 224//295 225//1321 
f 224//297 166//298 225//299 
f 113//1543 769//1544 670//1555 
f 114//1556 113//1543 670//1555 
f 765//1557 623//1334 694//1558 
f 623//1334 817//1227 694//1558 
f 715//1014 793//1559 790//1346 
f 793//1559 562//811 790//1346 
f 347//510 747//1490 346//509 
f 747//1490 345//508 346//509 
f 788//1160 725//1028 236//1030 
f 787//1358 725//1028 788//1160 
f 529//777 494//737 530//778 
f 530//778 494//737 743//1064 
f 791//1560 87//61 85//59 
f 792//1561 791//1560 85//59 
f 721//1551 607//1550 814//1439 
f 722//1437 721//1551 814//1439 
f 518//1344 821//1244 599//1562 
f 519//1563 518//1344 599//1562 
f 708//1553 622//1552 621//1564 
f 767//1414 708//1553 621//1564 
f 728//1565 729//1566 812//1567 
f 729//1566 802//1568 812//1567 
f 610//869 748//1069 347//510 
f 748//1069 747//1490 347//510 
f 499//1569 498//1570 544//1260 
f 498//1570 825//1261 544//1260 
f 713//1388 819//1239 552//800 
f 827//1571 713//1388 552//800 
f 115//1572 114//1556 720//1573 
f 114//1556 670//1555 720//1573 
f 539//1574 538//786 630//1575 
f 538//786 632//1310 630//1575 
f 614//1419 600//1345 715//1576 
f 600//1345 793//1165 715//1576 
f 501//762 765//1557 517//1577 
f 765//1557 694//1558 517//1577 
f 545//1578 679//1579 776//1375 
f 543//1374 545//1578 776//1375 
f 643//911 801//1185 797//1179 
f 801//1185 528//776 797//1179 
f 807//1580 813//1581 240//1582 
f 813//1581 239//1583 240//1582 
f 680//1584 233//1585 234//1586 
f 235//1029 680//1584 234//1586 
f 586//1587 776//1124 777//1125 
f 587//1588 586//1587 777//1125 
f 676//955 548//796 834//1331 
f 548//796 805//1252 834//1331 
f 643//911 797//1179 575//824 
f 644//912 643//911 575//824 
f 666//944 714//1589 668//1350 
f 714//1589 716//1370 668//1350 
f 717//1413 536//1590 767//1414 
f 536//1590 708//1553 767//1414 
f 519//1563 599//1562 598//1591 
f 702//993 519//1563 598//1591 
f 807//1580 240//1582 241//1592 
f 831//1593 807//1580 241//1592 
f 552//800 819//1239 537//785 
f 819//1239 538//1152 537//785 
f 196//243 574//1594 195//241 
f 139//240 196//243 195//241 
f 116//1595 115//1572 719//1596 
f 115//1572 720//1573 719//1596 
f 792//1561 85//59 83//57 
f 669//947 792//1561 83//57 
f 360//547 827//1366 361//549 
f 249//548 360//547 361//549 
f 516//761 768//1597 501//762 
f 768//1597 765//1557 501//762 
f 497//740 688//971 498//741 
f 727//1034 688//1216 497//740 
f 243//358 831//1593 242//1598 
f 831//1593 241//1592 242//1598 
f 498//741 689//972 825//1599 
f 689//972 782//1369 825//1599 
f 667//1407 79//948 77//1600 
f 804//1601 667//1407 77//1600 
f 306//422 309//425 826//1516 
f 309//425 311//1514 826//1516 
f 778//1349 714//1013 666//1602 
f 665//1603 778//1349 666//1602 
f 500//992 502//1604 702//993 
f 502//1604 519//1563 702//993 
f 794//1166 577//1168 795//1167 
f 492//735 794//1166 795//1167 
f 538//1152 664//1151 832//1308 
f 664//1151 484//727 832//1308 
f 344//1479 829//1480 343//1605 
f 829//1480 342//1606 343//1605 
f 626//888 785//1144 628//1251 
f 785//1144 629//1146 628//1251 
f 766//1096 768//1098 516//1212 
f 763//1090 766//1096 516//1212 
f 803//1188 583//1107 678//958 
f 441//618 803//1188 678//958 
f 117//1607 116//1595 603//1608 
f 116//1595 719//1596 603//1608 
f 507//1393 836//1392 557//1609 
f 836//1392 558//1421 557//1609 
f 484//1309 677//957 492//735 
f 677//957 794//1166 492//735 
f 669//947 83//57 81//55 
f 79//948 669//947 81//55 
f 655//1355 526//1423 487//730 
f 485//728 487//730 526//774 
f 72//1610 804//1601 74//1611 
f 804//1601 77//1600 74//1611 
f 812//1567 802//1568 226//303 
f 802//1568 225//301 226//303 
# 0 polygons - 1656 triangles

#
# object Sphere__19_
#

v  -21.6037 249.4828 -62.7229
v  -6.3315 244.8468 -63.4181
v  -6.6659 243.2642 -47.2441
v  -20.2842 253.5750 -77.3709
v  -36.0427 255.6902 -47.2441
v  9.8425 241.3369 -47.2441
v  -6.3315 244.8468 -31.0702
v  9.8425 243.2642 -63.7526
v  -40.7503 272.6356 -86.5837
v  -44.4266 268.9592 -75.1104
v  -37.2987 276.0872 -94.3853
v  -29.4970 272.6356 -97.8369
v  -46.9853 266.4005 -61.6669
v  -18.0238 268.9592 -101.5133
v  -18.7995 260.1331 -90.4351
v  -47.8934 265.4924 -47.2441
v  -4.5803 266.4005 -104.0720
v  -35.2790 256.8011 -32.4689
v  -46.9853 266.4005 -32.8214
v  9.8425 265.4924 -104.9801
v  24.6178 256.8011 -92.3656
v  -44.4266 268.9593 -19.3778
v  24.2653 266.4005 -104.0720
v  -18.7995 260.1331 -4.0532
v  -40.7503 272.6356 -7.9046
v  37.7088 268.9592 -101.5133
v  25.3212 249.4828 -78.6904
v  26.3511 243.2642 -47.2441
v  41.8794 248.1249 -47.2441
v  55.7278 255.6902 -47.2441
v  53.0335 260.1331 -75.8862
v  67.5785 265.4924 -47.2441
v  66.6703 266.4005 -61.6669
v  64.1116 268.9592 -75.1104
v  60.4353 272.6356 -86.5837
v  49.1820 272.6356 -97.8369
v  56.9837 276.0872 -94.3853
v  9.8425 243.2642 -30.7357
v  26.0165 244.8468 -31.0702
v  39.9692 253.5750 -17.1174
v  9.8425 255.6903 -1.3589
v  24.2653 266.4005 9.5837
v  9.8425 265.4924 10.4918
v  -4.5803 266.4005 9.5837
v  -18.0238 268.9593 7.0250
v  -29.4970 272.6356 3.3487
v  -37.2987 276.0872 -0.1029
v  37.7088 268.9593 7.0250
v  49.1820 272.6356 3.3487
v  56.9837 276.0872 -0.1029
v  60.4353 272.6356 -7.9046
v  54.9640 256.8011 -32.4689
v  64.1116 268.9593 -19.3778
v  66.6703 266.4005 -32.8214
v  -6.3863 401.7131 -63.4730
v  9.8425 405.1199 -47.2442
v  9.8425 403.2949 -63.8085
v  -20.3864 392.9641 -77.4730
v  -6.7219 403.2949 -47.2442
v  -29.6138 373.8520 -98.0089
v  -33.5016 386.3892 -75.9810
v  -18.1174 377.5339 -101.6976
v  -37.4638 370.3816 -94.5505
v  -40.9222 373.8520 -86.7004
v  9.8425 398.4214 -79.3908
v  -4.6284 380.0982 -104.2615
v  -44.6109 377.5339 -75.2040
v  24.6680 389.7372 -92.5260
v  9.8425 381.0091 -105.1728
v  -47.1748 380.0982 -61.7151
v  24.3135 380.0982 -104.2615
v  -48.0861 381.0091 -47.2442
v  -35.4393 389.7372 -32.4186
v  38.5793 386.3892 -90.5883
v  37.8024 377.5339 -101.6976
v  -47.1748 380.0982 -32.7732
v  -44.6109 377.5339 -19.2843
v  -40.9222 373.8520 -7.7879
v  -18.8943 386.3892 -3.9001
v  -29.6138 373.8520 3.5206
v  -37.4638 370.3816 0.0622
v  -18.1174 377.5339 7.2093
v  -4.6284 380.0982 9.7732
v  9.8425 390.8481 -1.1966
v  9.8425 381.0091 10.6845
v  24.3135 380.0982 9.7732
v  37.8024 377.5339 7.2093
v  -21.7079 397.0635 -31.7141
v  9.8425 403.2949 -30.6798
v  49.2988 373.8520 3.5206
v  40.0714 392.9641 -17.0153
v  57.1489 370.3816 0.0622
v  60.6073 373.8520 -7.7879
v  26.0714 401.7131 -31.0153
v  64.2960 377.5339 -19.2843
v  55.1244 389.7372 -32.4186
v  66.8599 380.0982 -32.7732
v  26.4069 403.2949 -47.2442
v  41.9891 398.4214 -47.2442
v  55.8901 390.8480 -47.2442
v  67.7712 381.0091 -47.2442
v  60.6073 373.8520 -86.7004
v  57.1489 370.3816 -94.5505
v  49.2988 373.8520 -98.0089
v  64.2960 377.5339 -75.2040
v  66.8599 380.0982 -61.7151
v  55.1244 389.7372 -62.0697
v  26.0714 401.7131 -63.4730
v  -40.7503 283.8889 3.3487
v  -53.2527 294.5862 -4.0532
v  -44.4266 295.3621 7.0250
v  -56.5848 278.1069 -32.4689
v  -46.9853 308.8056 9.5837
v  -48.0634 323.2284 10.6617
v  -65.2610 291.1915 -47.2442
v  -47.1748 337.5605 9.7732
v  -56.8119 337.9160 -1.9623
v  -44.6109 351.0539 7.2093
v  -59.8109 293.1016 -77.3709
v  -40.9222 362.5647 3.5206
v  -60.0116 353.3223 -17.0153
v  -40.7503 283.8888 -97.8370
v  -53.2527 294.5861 -90.4351
v  -44.4266 295.3621 -101.5133
v  -46.9853 308.8056 -104.0720
v  -53.4611 351.8334 -90.5883
v  -48.0861 323.0836 -105.1728
v  -47.1748 337.5605 -104.2615
v  -56.8119 368.3591 -32.4186
v  -56.8119 368.3591 -62.0696
v  -44.6109 351.0539 -101.6976
v  -40.9222 362.5647 -98.0089
v  60.4353 283.8889 3.3487
v  53.0335 294.5863 15.8511
v  64.1116 295.3621 7.0250
v  24.6177 278.1069 19.1832
v  66.6703 308.8056 9.5837
v  67.7484 323.2284 10.6617
v  -4.9326 278.1069 19.1832
v  66.8599 337.5605 9.7732
v  55.1244 337.9160 19.4103
v  64.2960 351.0539 7.2093
v  -20.2842 293.1017 22.4092
v  60.6073 362.5647 3.5206
v  40.0714 353.3223 22.6099
v  -35.2790 308.4531 19.1831
v  -35.4393 337.9160 19.4103
v  24.6681 368.3591 19.4103
v  -4.9830 368.3591 19.4103
v  77.3806 277.3431 -47.2441
v  76.2698 278.1069 -32.4689
v  84.9460 291.1915 -47.2441
v  79.4959 293.1017 -17.1174
v  89.8067 306.7199 -47.2441
v  90.1602 323.2284 -31.2679
v  91.7340 323.2284 -47.2442
v  76.2698 308.4531 -2.1226
v  90.0402 339.6553 -47.2442
v  85.1571 355.2412 -47.2442
v  83.7992 354.6488 -31.7141
v  76.4969 337.9160 -1.9623
v  77.6073 369.1240 -47.2442
v  73.1461 366.4257 -18.5074
v  60.4353 283.8888 -97.8370
v  72.9378 280.0374 -75.8862
v  64.1116 295.3621 -101.5133
v  76.2698 308.4531 -92.3656
v  66.6703 308.8056 -104.0720
v  67.7712 323.0836 -105.1728
v  66.8599 337.5605 -104.2615
v  76.4969 337.9160 -92.5260
v  90.0402 323.0836 -63.8085
v  64.2960 351.0539 -101.6976
v  60.6073 362.5647 -98.0089
v  79.6966 353.3223 -77.4730
v  73.1461 366.4257 -75.9810
v  -33.3485 294.5861 -110.3394
v  -4.9327 278.1068 -113.6714
v  -36.2051 323.0836 -115.0090
v  9.8425 291.1915 -122.3476
v  39.9692 293.1016 -116.8975
v  -20.3864 353.3223 -117.0983
v  53.0335 294.5863 -110.3394
v  53.1866 351.8336 -110.5477
v  -4.9829 368.3591 -113.8986
v  24.6680 368.3591 -113.8986
v  -15.6570 241.7473 -0.3285
v  -2.1256 237.6398 -0.9445
v  -2.4219 236.2376 13.3858
v  -13.1724 251.1836 -24.8819
v  -28.4501 247.2472 13.3858
v  12.2047 234.5299 13.3858
v  -2.1256 237.6398 27.7161
v  12.2047 236.2376 -1.2409
v  -32.6210 262.2609 -21.4694
v  -35.8783 259.0037 -11.3040
v  -29.5628 265.3191 -28.3818
v  -22.6505 262.2609 -31.4399
v  -38.1453 256.7366 0.6070
v  -12.4851 259.0036 -34.6972
v  -38.9499 255.9320 13.3858
v  -0.5740 256.7366 -36.9642
v  -27.7734 248.2314 26.4768
v  -38.1453 256.7366 26.1645
v  12.2047 255.9320 -37.7688
v  25.2957 248.2314 -26.5923
v  -35.8783 259.0037 38.0756
v  24.9835 256.7366 -36.9642
v  -13.1724 251.1836 51.6534
v  -32.6210 262.2609 48.2410
v  36.8945 259.0036 -34.6972
v  25.9190 241.7473 -14.4759
v  26.8315 236.2376 13.3858
v  40.5897 240.5442 13.3858
v  52.8595 247.2472 13.3858
v  50.4724 251.1836 -11.9913
v  63.3593 255.9320 13.3858
v  62.5547 256.7366 0.6070
v  60.2877 259.0037 -11.3040
v  57.0305 262.2609 -21.4694
v  47.0599 262.2609 -31.4399
v  53.9723 265.3191 -28.3818
v  12.2047 236.2376 28.0124
v  26.5350 237.6398 27.7161
v  38.8973 245.3730 40.0784
v  12.2047 247.2472 54.0406
v  24.9835 256.7366 63.7358
v  12.2047 255.9320 64.5404
v  -0.5740 256.7366 63.7358
v  -12.4851 259.0037 61.4688
v  -22.6505 262.2609 58.2115
v  -29.5628 265.3191 55.1533
v  36.8945 259.0037 61.4688
v  47.0599 262.2609 58.2115
v  53.9723 265.3191 55.1533
v  57.0305 262.2609 48.2410
v  52.1828 248.2314 26.4768
v  60.2877 259.0037 38.0756
v  62.5547 256.7366 26.1645
v  -2.1742 376.6248 -0.9932
v  12.2047 379.6433 13.3858
v  12.2047 378.0264 -1.2904
v  -14.5784 368.8732 -13.3973
v  -2.4715 378.0264 13.3857
v  -22.7539 351.9396 -31.5923
v  -26.1986 363.0477 -12.0753
v  -12.5680 355.2018 -34.8605
v  -29.7092 348.8648 -28.5281
v  -32.7733 351.9396 -21.5729
v  12.2047 373.7084 -15.0965
v  -0.6167 357.4738 -37.1322
v  -36.0416 355.2018 -11.3870
v  25.3402 366.0141 -26.7344
v  12.2047 358.2809 -37.9396
v  -38.3132 357.4738 0.5643
v  25.0261 357.4738 -37.1322
v  -39.1206 358.2809 13.3857
v  -27.9154 366.0142 26.5213
v  37.6658 363.0477 -25.0176
v  36.9775 355.2018 -34.8605
v  -38.3132 357.4738 26.2072
v  -36.0416 355.2018 38.1585
v  -32.7733 351.9396 48.3444
v  -13.2564 363.0478 51.7891
v  -22.7539 351.9396 58.3638
v  -29.7092 348.8648 55.2996
v  -12.5680 355.2018 61.6321
v  -0.6167 357.4739 63.9037
v  12.2047 366.9983 54.1844
v  12.2047 358.2809 64.7111
v  25.0261 357.4739 63.9037
v  36.9775 355.2018 61.6321
v  -15.7493 372.5053 27.1456
v  12.2047 378.0264 28.0619
v  47.1634 351.9396 58.3638
v  38.9878 368.8732 40.1688
v  54.1186 348.8648 55.2996
v  57.1828 351.9396 48.3444
v  26.5837 376.6248 27.7647
v  60.4510 355.2018 38.1585
v  52.3249 366.0142 26.5213
v  62.7227 357.4738 26.2072
v  26.8809 378.0264 13.3858
v  40.6869 373.7084 13.3858
v  53.0033 366.9983 13.3858
v  63.5301 358.2809 13.3858
v  57.1828 351.9396 -21.5729
v  54.1186 348.8648 -28.5281
v  47.1634 351.9396 -31.5923
v  60.4510 355.2018 -11.3870
v  62.7227 357.4738 0.5643
v  26.5837 376.6248 -0.9932
v  -32.6210 272.2314 58.2115
v  -43.6983 281.7094 51.6534
v  -35.8783 282.3968 61.4687
v  -46.6505 267.1085 26.4768
v  -38.1453 294.3079 63.7358
v  -39.1004 307.0866 64.6909
v  -54.3377 278.7017 13.3858
v  -38.3132 319.7850 63.9037
v  -46.8517 320.1000 53.5059
v  -36.0416 331.7403 61.6321
v  -49.5089 280.3940 -13.3068
v  -32.7733 341.9390 58.3638
v  -49.6867 333.7502 40.1688
v  -32.6210 272.2314 -31.4400
v  -35.8783 282.3968 -34.6972
v  -38.1453 294.3079 -36.9642
v  -43.8829 332.4310 -25.0175
v  -39.1206 306.9584 -37.9396
v  -38.3132 319.7850 -37.1322
v  -46.8517 347.0729 26.5213
v  -46.8517 347.0729 0.2503
v  -36.0416 331.7403 -34.8605
v  -32.7733 341.9390 -31.5923
v  57.0305 272.2314 58.2115
v  37.5818 268.8190 69.2888
v  60.2877 282.3968 61.4687
v  62.5547 294.3079 63.7358
v  12.2047 266.4319 73.2252
v  63.5099 307.0866 64.6909
v  62.7227 319.7850 63.9037
v  52.3249 320.1000 72.4422
v  60.4510 331.7403 61.6321
v  -14.4879 280.3941 75.0993
v  57.1828 341.9390 58.3638
v  38.9878 333.7502 75.2772
v  -27.7734 293.9956 72.2410
v  -27.9154 320.1000 72.4422
v  25.3403 347.0729 72.4422
v  -0.9309 347.0729 72.4422
v  72.0442 266.4319 13.3858
v  73.9183 280.3940 40.0784
v  78.7471 278.7017 13.3858
v  83.0538 292.4600 13.3858
v  83.3670 307.0866 27.5409
v  84.7614 307.0866 13.3858
v  71.0600 293.9956 53.3639
v  83.2607 321.6411 13.3858
v  78.9342 335.4503 13.3858
v  77.7311 334.9255 27.1456
v  71.2612 320.1000 53.5059
v  72.2450 347.7506 13.3858
v  68.2923 345.3599 38.8468
v  57.0305 272.2314 -31.4400
v  68.1077 281.7095 -24.8819
v  60.2877 282.3968 -34.6972
v  62.5547 294.3079 -36.9642
v  72.2450 306.9584 -27.4128
v  63.5301 306.9584 -37.9396
v  77.5440 293.3723 -14.4759
v  62.7227 319.7850 -37.1322
v  60.4510 331.7403 -34.8605
v  77.7311 320.7247 -14.5682
v  57.1828 341.9390 -31.5923
v  68.2923 345.3599 -12.0753
v  -26.0629 281.7093 -42.5172
v  -0.8863 267.1085 -45.4695
v  -28.5939 306.9584 -46.6545
v  12.2047 278.7016 -53.1566
v  38.8973 280.3940 -48.3278
v  -14.5784 333.7502 -48.5057
v  50.6080 332.4312 -42.7018
v  -0.9308 347.0729 -45.6707
v  25.3402 347.0729 -45.6707
v  35.7553 269.1447 -19.1675
v  45.7327 266.1159 -19.6217
v  45.5142 265.0820 -9.0552
v  37.5873 276.1025 -37.2720
v  26.3222 273.2000 -9.0552
v  56.2992 263.8229 -9.0552
v  45.7327 266.1159 1.5113
v  56.2992 265.0820 -19.8402
v  23.2468 284.2704 -34.7558
v  20.8450 281.8687 -27.2603
v  25.5017 286.5254 -39.8527
v  30.5986 284.2704 -42.1076
v  19.1734 280.1971 -18.4776
v  38.0941 281.8687 -44.5094
v  18.5801 279.6038 -9.0552
v  46.8768 280.1971 -46.1810
v  19.1734 280.1971 0.3673
v  56.2992 279.6038 -46.7743
v  66.4115 269.1447 -29.5991
v  20.8450 281.8687 9.1500
v  65.7217 280.1971 -46.1810
v  37.5873 276.1025 19.1616
v  23.2468 284.2704 16.6455
v  74.5044 281.8687 -44.5094
v  67.0843 265.0820 -9.0552
v  77.2290 268.2575 -9.0552
v  86.2762 273.2000 -9.0552
v  84.5160 276.1025 -27.7671
v  94.0183 279.6038 -9.0552
v  93.4250 280.1971 -18.4776
v  91.7534 281.8687 -27.2603
v  89.3517 284.2704 -34.7558
v  81.9999 284.2704 -42.1076
v  87.0967 286.5254 -39.8527
v  56.2992 265.0820 1.7299
v  66.8657 266.1159 1.5113
v  75.9811 271.8181 10.6267
v  56.2992 273.2000 20.9218
v  65.7217 280.1971 28.0706
v  56.2992 279.6038 28.6639
v  46.8768 280.1971 28.0706
v  38.0941 281.8687 26.3990
v  30.5986 284.2704 23.9973
v  25.5017 286.5254 21.7423
v  74.5044 281.8687 26.3990
v  81.9999 284.2704 23.9973
v  87.0967 286.5254 21.7423
v  89.3517 284.2704 16.6455
v  91.7534 281.8687 9.1500
v  93.4250 280.1971 0.3673
v  45.6968 368.5972 -19.6576
v  56.2992 370.8229 -9.0552
v  56.2992 369.6306 -19.8767
v  36.5506 362.8815 -28.8038
v  45.4776 369.6306 -9.0552
v  30.5223 350.3954 -42.2200
v  38.0329 352.8008 -44.6298
v  25.3938 348.1282 -39.9606
v  23.1344 350.3954 -34.8321
v  56.2992 366.4467 -30.0567
v  46.8453 354.4761 -46.3048
v  20.7246 352.8008 -27.3215
v  65.9847 360.7733 -38.6380
v  56.2992 355.0712 -46.9002
v  19.0496 354.4761 -18.5091
v  65.7531 354.4761 -46.3048
v  18.4542 355.0712 -9.0552
v  26.7164 360.7733 0.6304
v  75.0731 358.5861 -37.3720
v  74.5655 352.8008 -44.6298
v  19.0496 354.4761 0.3987
v  20.7246 352.8008 9.2111
v  23.1344 350.3954 16.7217
v  30.5223 350.3954 24.1096
v  25.3938 348.1282 21.8502
v  38.0329 352.8008 26.5194
v  46.8453 354.4761 28.1944
v  56.2992 361.4990 21.0278
v  56.2992 355.0712 28.7898
v  65.7531 354.4761 28.1944
v  74.5655 352.8008 26.5194
v  35.6872 365.5596 1.0907
v  56.2992 369.6306 1.7664
v  82.0761 350.3954 24.1096
v  76.0478 362.8815 10.6934
v  87.2046 348.1282 21.8502
v  89.4640 350.3954 16.7217
v  66.9016 368.5972 1.5472
v  91.8738 352.8008 9.2111
v  93.5489 354.4761 0.3987
v  67.1208 369.6306 -9.0552
v  77.3007 366.4467 -9.0552
v  86.3823 361.4990 -9.0552
v  94.1442 355.0712 -9.0552
v  89.4640 350.3954 -34.8321
v  87.2046 348.1282 -39.9606
v  82.0761 350.3954 -42.2200
v  91.8738 352.8008 -27.3215
v  93.5489 354.4761 -18.5091
v  23.2468 291.6222 23.9973
v  15.0789 298.6108 19.1616
v  20.8450 299.1177 26.3990
v  12.9020 287.8448 0.5976
v  19.1734 307.9004 28.0706
v  18.4691 317.3229 28.7749
v  19.0496 326.6861 28.1945
v  12.7537 326.9183 20.5276
v  20.7246 335.5014 26.5194
v  10.7944 297.6410 -28.7371
v  23.1344 343.0214 24.1096
v  10.6633 336.9833 10.6934
v  23.2468 291.6222 -42.1076
v  20.8450 299.1177 -44.5094
v  19.1734 307.9004 -46.1810
v  14.9428 336.0106 -37.3720
v  18.4542 317.2283 -46.9002
v  19.0496 326.6861 -46.3048
v  12.7537 346.8069 0.6304
v  12.7537 346.8069 -18.7407
v  20.7246 335.5014 -44.6298
v  23.1344 343.0214 -42.2200
v  89.3517 291.6222 23.9973
v  75.0111 289.1061 32.1652
v  91.7534 299.1177 26.3990
v  93.4250 307.9004 28.0706
v  56.2992 287.3459 35.0677
v  94.1293 317.3229 28.7749
v  93.5489 326.6861 28.1945
v  85.8820 326.9183 34.4904
v  91.8738 335.5014 26.5194
v  36.6173 297.6410 36.4496
v  89.4640 343.0214 24.1096
v  76.0478 336.9833 36.5807
v  26.7164 326.9183 34.4904
v  65.9848 346.8069 34.4904
v  46.6136 346.8069 34.4904
v  100.4221 287.3459 -9.0552
v  101.8040 297.6410 10.6267
v  105.3646 296.3931 -9.0552
v  108.5401 306.5378 -9.0552
v  109.7992 317.3229 -9.0552
v  99.6964 307.6701 20.4228
v  108.6926 328.0547 -9.0552
v  105.5025 338.2370 -9.0552
v  104.6154 337.8500 1.0907
v  99.8448 326.9183 20.5276
v  100.5702 347.3066 -9.0552
v  89.3517 291.6222 -42.1076
v  97.5195 289.1060 -27.7671
v  91.7534 299.1177 -44.5094
v  99.6964 307.6701 -38.5332
v  93.4250 307.9004 -46.1810
v  94.1442 317.2283 -46.9002
v  93.5489 326.6861 -46.3048
v  108.6926 317.2283 -19.8767
v  91.8738 335.5014 -44.6298
v  89.4640 343.0214 -42.2200
v  97.6557 345.5439 -27.8290
v  28.0824 298.6108 -50.2755
v  26.2162 317.2283 -53.3262
v  56.2992 296.3931 -58.1205
v  75.9811 297.6410 -54.5600
v  36.5506 336.9833 -54.6911
v  84.6161 336.0108 -50.4116
v  46.6137 346.8069 -52.6007
v  65.9847 346.8069 -52.6007
v  46.3852 271.9005 -84.5218
v  56.3626 268.8718 -84.9760
v  56.1441 267.8379 -74.4095
v  48.2172 278.8584 -102.6263
v  36.9522 275.9559 -74.4095
v  66.9291 266.5787 -74.4095
v  56.3626 268.8718 -63.8430
v  66.9291 267.8379 -85.1945
v  33.8767 287.0263 -100.1101
v  31.4749 284.6245 -92.6147
v  36.1316 289.2813 -105.2070
v  41.2285 287.0263 -107.4620
v  29.8033 282.9529 -83.8320
v  48.7240 284.6245 -109.8637
v  29.2101 282.3597 -74.4095
v  57.5067 282.9529 -111.5353
v  29.8033 282.9529 -64.9870
v  66.9291 282.3597 -112.1286
v  77.0414 271.9005 -94.9534
v  31.4749 284.6246 -56.2043
v  76.3516 282.9529 -111.5353
v  48.2172 278.8584 -46.1927
v  33.8767 287.0263 -48.7089
v  85.1343 284.6245 -109.8637
v  77.7142 267.8379 -74.4095
v  87.8589 271.0134 -74.4095
v  96.9061 275.9559 -74.4095
v  95.1460 278.8584 -93.1214
v  104.6482 282.3597 -74.4095
v  104.0549 282.9529 -83.8320
v  102.3833 284.6245 -92.6147
v  99.9816 287.0263 -100.1101
v  92.6298 287.0263 -107.4620
v  97.7266 289.2813 -105.2070
v  66.9291 267.8379 -63.6245
v  77.4957 268.8718 -63.8430
v  86.6110 274.5740 -54.7276
v  66.9291 275.9559 -44.4325
v  76.3516 282.9529 -37.2837
v  66.9291 282.3597 -36.6904
v  57.5067 282.9529 -37.2837
v  48.7240 284.6246 -38.9553
v  41.2285 287.0263 -41.3571
v  36.1316 289.2813 -43.6120
v  85.1343 284.6246 -38.9553
v  92.6298 287.0263 -41.3571
v  97.7266 289.2813 -43.6120
v  99.9816 287.0263 -48.7089
v  102.3833 284.6246 -56.2043
v  104.0549 282.9529 -64.9870
v  56.3268 371.3531 -85.0119
v  66.9291 373.5787 -74.4095
v  66.9291 372.3865 -85.2311
v  47.1805 365.6374 -94.1581
v  56.1075 372.3865 -74.4095
v  41.1522 353.1513 -107.5743
v  48.6629 355.5567 -109.9841
v  36.0238 350.8841 -105.3149
v  33.7644 353.1513 -100.1864
v  77.0750 368.3155 -95.0215
v  57.4752 357.2320 -111.6591
v  31.3545 355.5567 -92.6758
v  66.9292 357.8271 -112.2545
v  29.6795 357.2320 -83.8634
v  76.3831 357.2320 -111.6591
v  29.0842 357.8271 -74.4095
v  37.3464 363.5292 -64.7239
v  85.1954 355.5567 -109.9841
v  29.6795 357.2320 -64.9556
v  31.3545 355.5567 -56.1432
v  33.7644 353.1513 -48.6326
v  41.1522 353.1513 -41.2447
v  36.0238 350.8841 -43.5041
v  48.6629 355.5567 -38.8349
v  57.4752 357.2320 -37.1599
v  66.9291 364.2549 -44.3265
v  66.9291 357.8271 -36.5645
v  76.3831 357.2320 -37.1599
v  85.1954 355.5567 -38.8349
v  46.3171 368.3155 -64.2637
v  66.9291 372.3865 -63.5880
v  92.7061 353.1513 -41.2447
v  86.6778 365.6374 -54.6609
v  97.8345 350.8841 -43.5041
v  100.0939 353.1513 -48.6326
v  77.5315 371.3531 -63.8072
v  102.5038 355.5567 -56.1432
v  104.1788 357.2320 -64.9556
v  77.7507 372.3865 -74.4095
v  87.9306 369.2026 -74.4095
v  97.0122 364.2549 -74.4095
v  104.7741 357.8271 -74.4095
v  100.0939 353.1513 -100.1864
v  97.8345 350.8841 -105.3149
v  92.7061 353.1513 -107.5743
v  95.2460 361.3419 -93.1834
v  102.5038 355.5567 -92.6758
v  104.1788 357.2320 -83.8634
v  33.8767 294.3781 -41.3571
v  25.7088 301.3667 -46.1927
v  31.4749 301.8736 -38.9553
v  23.5320 290.6007 -64.7568
v  29.8033 310.6563 -37.2837
v  29.0990 320.0788 -36.5794
v  29.6795 329.4420 -37.1599
v  23.3836 329.6742 -44.8267
v  31.3545 338.2573 -38.8349
v  21.4244 300.3969 -94.0914
v  33.7644 345.7773 -41.2447
v  21.2932 339.7392 -54.6609
v  33.8767 294.3781 -107.4620
v  31.4749 301.8736 -109.8637
v  29.8033 310.6563 -111.5353
v  25.5727 338.7665 -102.7264
v  29.0842 319.9842 -112.2545
v  29.6795 329.4420 -111.6591
v  23.3836 349.5628 -64.7239
v  23.3836 349.5628 -84.0950
v  31.3545 338.2573 -109.9841
v  33.7644 345.7773 -107.5743
v  99.9816 294.3781 -41.3571
v  95.1460 301.3668 -33.1892
v  102.3833 301.8736 -38.9553
v  77.0414 299.5348 -26.2313
v  104.0549 310.6563 -37.2837
v  104.7592 320.0788 -36.5794
v  57.2765 290.6007 -31.0123
v  104.1788 329.4420 -37.1599
v  96.5119 329.6742 -30.8640
v  102.5038 338.2573 -38.8349
v  100.0939 345.7773 -41.2447
v  86.6778 339.7392 -28.7736
v  37.4511 310.4260 -31.0123
v  37.3464 329.6742 -30.8640
v  76.6147 349.5628 -30.8640
v  57.2436 349.5628 -30.8640
v  111.0520 290.1018 -74.4095
v  112.4339 300.3969 -54.7276
v  115.9945 299.1490 -74.4095
v  119.1700 309.2937 -74.4095
v  120.4291 320.0787 -74.4095
v  110.3263 310.4260 -44.9315
v  119.3226 330.8105 -74.4095
v  116.1324 340.9929 -74.4095
v  115.2453 340.6058 -64.2636
v  110.4747 329.6742 -44.8267
v  111.2001 350.0625 -74.4095
v  99.9816 294.3781 -107.4620
v  108.1495 301.3668 -102.6263
v  102.3833 301.8736 -109.8637
v  104.0549 310.6563 -111.5353
v  115.1073 309.9665 -94.9535
v  104.7741 319.9842 -112.2545
v  104.1788 329.4420 -111.6591
v  102.5038 338.2573 -109.9841
v  115.2453 330.1349 -95.0215
v  100.0939 345.7773 -107.5743
v  108.2856 348.2997 -93.1834
v  38.7123 301.3667 -115.6298
v  57.2764 290.6007 -117.8067
v  45.9277 319.9842 -123.6128
v  86.6110 300.3969 -119.9143
v  47.1805 339.7392 -120.0454
v  95.2460 338.7666 -115.7659
v  57.2436 349.5628 -117.9551
v  76.6146 349.5628 -117.9551
v  -14.6384 251.0344 -124.6793
v  -4.6610 248.0056 -125.1335
v  -4.8795 246.9717 -114.5670
v  -12.8064 257.9922 -142.7838
v  -24.0715 255.0897 -114.5670
v  5.9055 245.7126 -114.5670
v  -4.6610 248.0056 -104.0005
v  5.9055 246.9717 -125.3520
v  -27.1469 266.1601 -140.2676
v  -29.5487 263.7584 -132.7721
v  -24.8920 268.4150 -145.3645
v  -19.7951 266.1601 -147.6194
v  -31.2203 262.0867 -123.9894
v  -12.2996 263.7584 -150.0212
v  -31.8136 261.4935 -114.5670
v  -3.5169 262.0867 -151.6928
v  -31.2203 262.0868 -105.1445
v  5.9055 261.4935 -152.2861
v  16.0178 251.0344 -135.1109
v  -29.5487 263.7584 -96.3618
v  15.3280 262.0867 -151.6928
v  -12.8064 257.9922 -86.3502
v  -27.1469 266.1601 -88.8663
v  24.1107 263.7584 -150.0212
v  26.4495 251.0344 -124.6793
v  16.6906 246.9717 -114.5670
v  26.8353 250.1472 -114.5670
v  35.8825 255.0897 -114.5670
v  43.6246 261.4935 -114.5670
v  43.0313 262.0867 -123.9894
v  41.3597 263.7584 -132.7721
v  38.9580 266.1601 -140.2676
v  31.6062 266.1601 -147.6194
v  36.7030 268.4150 -145.3645
v  5.9055 246.9717 -103.7819
v  16.4720 248.0056 -104.0005
v  25.5874 253.7078 -94.8851
v  5.9055 255.0897 -84.5900
v  15.3280 262.0868 -77.4412
v  5.9055 261.4935 -76.8479
v  -3.5169 262.0868 -77.4412
v  -12.2996 263.7584 -79.1128
v  -19.7951 266.1601 -81.5145
v  -24.8920 268.4151 -83.7695
v  24.1107 263.7584 -79.1128
v  31.6062 266.1601 -81.5145
v  36.7030 268.4151 -83.7695
v  38.9580 266.1601 -88.8663
v  41.3597 263.7584 -96.3618
v  43.0313 262.0868 -105.1445
v  -4.6969 350.4869 -125.1694
v  5.9055 352.7126 -114.5670
v  5.9055 351.5203 -125.3885
v  -13.8431 344.7711 -134.3156
v  -4.9161 351.5203 -114.5670
v  -19.8714 332.2851 -147.7318
v  -12.3608 334.6905 -150.1416
v  -24.9999 330.0179 -145.4724
v  -27.2593 332.2851 -140.3439
v  16.0514 347.4493 -135.1790
v  -3.5484 336.3658 -151.8166
v  -29.6691 334.6905 -132.8333
v  5.9055 336.9609 -152.4120
v  -31.3441 336.3658 -124.0209
v  15.3594 336.3658 -151.8166
v  -31.9395 336.9609 -114.5670
v  -23.6773 342.6630 -104.8814
v  24.1718 334.6905 -150.1416
v  -31.3441 336.3658 -105.1131
v  -29.6691 334.6905 -96.3007
v  -27.2593 332.2851 -88.7901
v  -19.8714 332.2851 -81.4022
v  -24.9999 330.0179 -83.6616
v  -12.3608 334.6906 -78.9924
v  -3.5484 336.3658 -77.3174
v  5.9055 343.3887 -84.4840
v  5.9055 336.9609 -76.7220
v  15.3594 336.3658 -77.3174
v  24.1718 334.6906 -78.9924
v  -14.7065 347.4493 -104.4211
v  5.9055 351.5203 -103.7455
v  31.6824 332.2851 -81.4022
v  25.6541 344.7712 -94.8184
v  36.8109 330.0179 -83.6616
v  39.0703 332.2851 -88.7901
v  16.5079 350.4869 -103.9646
v  41.4801 334.6905 -96.3007
v  43.1551 336.3658 -105.1131
v  16.7271 351.5203 -114.5670
v  26.9070 348.3364 -114.5670
v  35.9885 343.3887 -114.5670
v  43.7505 336.9609 -114.5670
v  39.0703 332.2851 -140.3439
v  36.8109 330.0179 -145.4724
v  31.6824 332.2851 -147.7318
v  34.2224 340.4757 -133.3408
v  41.4801 334.6905 -132.8333
v  43.1551 336.3658 -124.0209
v  -27.1469 273.5119 -81.5145
v  -35.3148 280.5005 -86.3502
v  -29.5487 281.0074 -79.1128
v  -42.2727 278.6686 -104.4547
v  -31.2203 289.7901 -77.4412
v  -31.9246 299.2126 -76.7369
v  -31.3441 308.5758 -77.3174
v  -37.6400 308.8080 -84.9842
v  -29.6691 317.3911 -78.9924
v  -39.5993 279.5307 -134.2489
v  -27.2593 324.9111 -81.4022
v  -39.7304 318.8730 -94.8184
v  -27.1469 273.5119 -147.6194
v  -29.5487 281.0074 -150.0212
v  -31.2203 289.7901 -151.6928
v  -35.4509 317.9003 -142.8839
v  -31.9395 299.1180 -152.4120
v  -31.3441 308.5758 -151.8166
v  -37.6400 328.6966 -104.8814
v  -37.6400 328.6966 -124.2525
v  -29.6691 317.3911 -150.1416
v  -27.2593 324.9111 -147.7318
v  38.9580 273.5119 -81.5145
v  24.6174 270.9958 -73.3466
v  41.3597 281.0074 -79.1128
v  43.0313 289.7901 -77.4412
v  5.9055 269.2356 -70.4441
v  43.7356 299.2126 -76.7369
v  43.1551 308.5758 -77.3174
v  35.4883 308.8080 -71.0214
v  41.4801 317.3911 -78.9924
v  -13.7764 279.5307 -69.0622
v  39.0703 324.9111 -81.4022
v  25.6541 318.8730 -68.9311
v  -23.6773 308.8080 -71.0214
v  15.5911 328.6966 -71.0214
v  -3.7801 328.6966 -71.0214
v  50.0284 269.2356 -114.5670
v  51.4103 279.5307 -94.8851
v  54.9709 278.2828 -114.5670
v  58.1464 288.4275 -114.5670
v  59.4055 299.2126 -114.5670
v  49.3027 289.5598 -85.0890
v  58.2989 309.9444 -114.5670
v  55.1088 320.1267 -114.5670
v  54.2216 319.7397 -104.4211
v  49.4511 308.8080 -84.9842
v  50.1765 329.1963 -114.5670
v  38.9580 273.5119 -147.6194
v  49.3027 269.7345 -124.2197
v  41.3597 281.0074 -150.0212
v  43.0313 289.7901 -151.6928
v  50.1765 299.1180 -144.6500
v  43.7505 299.1180 -152.4120
v  43.1551 308.5758 -151.8166
v  58.2989 299.1180 -125.3885
v  41.4801 317.3911 -150.1416
v  39.0703 324.9111 -147.7318
v  47.2620 327.4335 -133.3408
v  -22.3113 280.5005 -155.7873
v  -24.1775 299.1180 -158.8380
v  5.9055 278.2828 -163.6323
v  25.5874 279.5307 -160.0718
v  -13.8431 318.8730 -160.2029
v  34.2224 317.9005 -155.9234
v  -3.7800 328.6966 -158.1125
v  15.5910 328.6966 -158.1125
v  -10.5663 306.5077 -87.5437
v  3.1696 302.3381 -88.1690
v  2.8688 300.9147 -73.6221
v  -8.0442 316.0866 -112.4682
v  -23.5528 312.0907 -73.6221
v  17.7165 299.1812 -73.6221
v  3.1696 302.3381 -59.0752
v  17.7165 300.9147 -88.4699
v  -27.7868 327.3314 -109.0042
v  -31.0932 324.0249 -98.6851
v  -24.6824 330.4357 -116.0210
v  -17.6655 327.3314 -119.1254
v  -33.3946 321.7236 -86.5940
v  -7.3465 324.0249 -122.4319
v  -34.2113 320.9068 -73.6221
v  4.7446 321.7235 -124.7332
v  -22.8659 313.0898 -60.3332
v  -33.3946 321.7236 -60.6502
v  17.7165 320.9068 -125.5500
v  31.0054 313.0898 -114.2045
v  -31.0932 324.0249 -48.5591
v  30.6884 321.7235 -124.7332
v  -8.0442 316.0866 -34.7760
v  -27.7868 327.3314 -38.2400
v  42.7796 324.0249 -122.4319
v  31.6381 306.5077 -101.9050
v  32.5644 300.9147 -73.6221
v  46.5306 305.2864 -73.6221
v  58.9858 312.0907 -73.6221
v  56.5626 316.0866 -99.3828
v  69.6444 320.9068 -73.6221
v  68.8276 321.7236 -86.5940
v  66.5263 324.0249 -98.6851
v  63.2198 327.3314 -109.0042
v  53.0986 327.3314 -119.1254
v  60.1154 330.4357 -116.0210
v  17.7165 300.9147 -58.7744
v  32.2635 302.3381 -59.0752
v  44.8126 310.1882 -46.5261
v  17.7165 312.0907 -32.3528
v  30.6884 321.7236 -22.5110
v  17.7165 320.9068 -21.6943
v  4.7446 321.7236 -22.5110
v  -7.3465 324.0249 -24.8123
v  -17.6655 327.3314 -28.1188
v  -24.6824 330.4358 -31.2232
v  42.7796 324.0249 -24.8123
v  53.0986 327.3314 -28.1188
v  60.1154 330.4358 -31.2232
v  63.2198 327.3314 -38.2400
v  58.2989 313.0898 -60.3332
v  66.5263 324.0249 -48.5591
v  68.8276 321.7236 -60.6502
v  3.1203 443.4240 -88.2184
v  17.7165 446.4881 -73.6221
v  17.7165 444.8467 -88.5201
v  -9.4714 435.5552 -100.8101
v  2.8184 444.8467 -73.6221
v  -17.7705 418.3657 -119.2801
v  -21.2673 429.6417 -99.4681
v  -7.4307 421.6772 -122.5977
v  -24.8309 415.2444 -116.1696
v  -27.9414 418.3657 -109.1092
v  17.7165 440.4635 -102.5349
v  4.7013 423.9835 -124.9037
v  -31.2590 421.6772 -98.7693
v  31.0506 432.6529 -114.3487
v  17.7166 424.8028 -125.7233
v  -33.5650 423.9835 -86.6374
v  30.7318 423.9835 -124.9037
v  -34.3846 424.8028 -73.6221
v  -23.0101 432.6529 -60.2880
v  43.5625 429.6417 -112.6059
v  42.8637 421.6772 -122.5977
v  -33.5650 423.9835 -60.6069
v  -31.2590 421.6772 -48.4749
v  -27.9414 418.3657 -38.1350
v  -8.1294 429.6417 -34.6383
v  -17.7705 418.3657 -27.9642
v  -24.8309 415.2444 -31.0747
v  -7.4307 421.6772 -24.6466
v  4.7013 423.9836 -22.3406
v  17.7165 433.6520 -32.2068
v  17.7165 424.8028 -21.5210
v  30.7318 423.9836 -22.3406
v  42.8637 421.6772 -24.6466
v  -10.6600 439.2422 -59.6543
v  17.7165 444.8467 -58.7241
v  53.2036 418.3657 -27.9642
v  44.9045 435.5552 -46.4342
v  60.2640 415.2444 -31.0747
v  63.3745 418.3657 -38.1350
v  32.3128 443.4240 -59.0259
v  66.6921 421.6772 -48.4749
v  58.4432 432.6529 -60.2880
v  68.9981 423.9835 -60.6069
v  32.6146 444.8467 -73.6221
v  46.6293 440.4635 -73.6221
v  59.1319 433.6520 -73.6221
v  69.8177 424.8028 -73.6221
v  63.3745 418.3657 -109.1092
v  60.2640 415.2444 -116.1696
v  53.2036 418.3657 -119.2801
v  66.6921 421.6772 -98.7693
v  68.9981 423.9835 -86.6374
v  32.3128 443.4240 -88.2184
v  -27.7868 337.4526 -28.1188
v  -39.0315 347.0738 -34.7760
v  -31.0932 347.7716 -24.8123
v  -42.0284 332.2523 -60.3332
v  -33.3946 359.8628 -22.5110
v  -34.3642 372.8347 -21.5414
v  -49.8317 344.0206 -73.6221
v  -33.5650 385.7250 -22.3406
v  -42.2326 386.0447 -32.8955
v  -31.2590 397.8610 -24.6465
v  -44.9299 345.7386 -100.7182
v  -27.9414 408.2138 -27.9642
v  -45.1104 399.9012 -46.4342
v  -27.7868 337.4526 -119.1254
v  -39.0315 347.0738 -112.4682
v  -31.0932 347.7716 -122.4319
v  -33.3946 359.8628 -124.7332
v  -39.2189 398.5621 -112.6059
v  -34.3846 372.7045 -125.7233
v  -33.5650 385.7250 -124.9037
v  -42.2326 413.4254 -60.2880
v  -42.2326 413.4253 -86.9562
v  -31.2590 397.8610 -122.5977
v  -27.9414 408.2138 -119.2801
v  63.2198 337.4526 -28.1188
v  43.4773 333.9886 -16.8741
v  66.5263 347.7716 -24.8123
v  68.8276 359.8628 -22.5110
v  17.7165 331.5654 -12.8782
v  69.7972 372.8347 -21.5414
v  68.9981 385.7250 -22.3406
v  58.4432 386.0447 -13.6730
v  66.6921 397.8610 -24.6465
v  -9.3795 345.7386 -10.9757
v  63.3745 408.2138 -27.9642
v  44.9045 399.9012 -10.7952
v  -22.8659 359.5458 -13.8772
v  -23.0101 386.0447 -13.6730
v  31.0507 413.4254 -13.6730
v  4.3824 413.4254 -13.6730
v  78.4605 331.5653 -73.6221
v  80.3630 345.7386 -46.5261
v  85.2648 344.0206 -73.6221
v  89.6365 357.9869 -73.6221
v  89.9544 372.8347 -59.2530
v  91.3700 372.8347 -73.6221
v  77.4614 359.5458 -33.0397
v  89.8466 387.6091 -73.6221
v  85.4547 401.6271 -73.6221
v  84.2334 401.0943 -59.6543
v  77.6657 386.0447 -32.8955
v  78.6644 414.1133 -73.6221
v  74.6519 411.6865 -47.7762
v  63.2198 337.4526 -119.1254
v  74.4646 333.9886 -99.3828
v  66.5263 347.7716 -122.4319
v  77.4614 359.5457 -114.2045
v  68.8276 359.8628 -124.7332
v  69.8177 372.7045 -125.7233
v  68.9981 385.7250 -124.9037
v  77.6657 386.0447 -114.3487
v  89.8466 372.7045 -88.5201
v  66.6921 397.8610 -122.5977
v  63.3745 408.2138 -119.2801
v  74.6519 411.6865 -99.4681
v  -21.1295 347.0738 -130.3701
v  4.4276 332.2523 -133.3670
v  -23.6988 372.7045 -134.5700
v  17.7165 344.0206 -141.1704
v  44.8126 345.7386 -136.2686
v  -9.4714 399.9012 -136.4491
v  56.5626 347.0739 -130.3701
v  56.7003 398.5623 -130.5575
v  4.3825 413.4253 -133.5713
v  31.0506 413.4253 -133.5713
v  -1.9341 338.5624 -31.7199
v  7.6095 335.6654 -32.1544
v  7.4005 334.6764 -22.0473
v  -0.1818 345.2177 -49.0372
v  -10.9570 342.4414 -22.0473
v  17.7165 333.4720 -22.0473
v  7.6095 335.6654 -11.9403
v  17.7165 334.6764 -32.3634
v  -13.8987 353.0305 -46.6304
v  -16.1960 350.7332 -39.4609
v  -11.7418 355.1874 -51.5057
v  -6.8666 353.0305 -53.6626
v  -17.7949 349.1342 -31.0601
v  0.3030 350.7332 -55.9599
v  -18.3624 348.5668 -22.0473
v  8.7038 349.1342 -57.5588
v  -17.7949 349.1342 -13.0346
v  17.7165 348.5668 -58.1263
v  27.3891 338.5624 -41.6980
v  -16.1960 350.7332 -4.6338
v  26.7293 349.1342 -57.5588
v  -0.1818 345.2177 4.9426
v  -13.8987 353.0305 2.5358
v  35.1301 350.7332 -55.9599
v  28.0327 334.6764 -22.0473
v  37.7362 337.7139 -22.0473
v  46.3900 342.4414 -22.0473
v  44.7064 345.2177 -39.9456
v  53.7955 348.5668 -22.0473
v  53.2280 349.1342 -31.0601
v  51.6291 350.7332 -39.4609
v  49.3318 353.0305 -46.6304
v  42.2996 353.0305 -53.6626
v  47.1749 355.1874 -51.5057
v  17.7165 334.6764 -11.7312
v  27.8236 335.6654 -11.9403
v  36.5426 341.1196 -3.2212
v  17.7165 342.4414 6.6262
v  26.7293 349.1342 13.4642
v  17.7165 348.5668 14.0316
v  8.7038 349.1342 13.4642
v  0.3030 350.7332 11.8652
v  -6.8666 353.0305 9.5679
v  -11.7418 355.1874 7.4110
v  35.1301 350.7332 11.8652
v  42.2996 353.0305 9.5679
v  47.1749 355.1874 7.4110
v  49.3318 353.0305 2.5358
v  51.6291 350.7332 -4.6338
v  53.2280 349.1342 -13.0346
v  7.5752 433.6905 -32.1887
v  17.7165 435.8194 -22.0473
v  17.7165 434.6790 -32.3983
v  -1.1734 428.2233 -40.9372
v  7.3655 434.6790 -22.0473
v  -6.9395 416.2802 -53.7700
v  0.2445 418.5810 -56.0751
v  -11.8450 414.1116 -51.6089
v  -14.0062 416.2802 -46.7034
v  17.7165 431.6335 -42.1356
v  8.6737 420.1834 -57.6772
v  -16.3112 418.5810 -39.5193
v  26.9809 426.2068 -50.3438
v  17.7166 420.7527 -58.2467
v  -17.9134 420.1834 -31.0902
v  26.7594 420.1834 -57.6772
v  -18.4828 420.7527 -22.0473
v  -10.5799 426.2068 -12.7829
v  35.6740 424.1147 -49.1329
v  35.1886 418.5810 -56.0751
v  -17.9134 420.1834 -13.0045
v  -16.3112 418.5810 -4.5753
v  -14.0062 416.2802 2.6087
v  -6.9395 416.2802 9.6754
v  -11.8450 414.1116 7.5142
v  0.2445 418.5810 11.9804
v  8.6737 420.1835 13.5826
v  17.7165 426.9010 6.7276
v  17.7165 420.7527 14.1521
v  26.7594 420.1835 13.5826
v  35.1886 418.5810 11.9804
v  -1.9992 430.7850 -12.3426
v  17.7165 434.6790 -11.6963
v  42.3726 416.2802 9.6754
v  36.6064 428.2233 -3.1574
v  47.2781 414.1116 7.5142
v  49.4392 416.2802 2.6087
v  27.8579 433.6905 -11.9060
v  51.7443 418.5810 -4.5753
v  53.3465 420.1834 -13.0045
v  28.0675 434.6790 -22.0473
v  37.8048 431.6335 -22.0473
v  46.4915 426.9010 -22.0473
v  53.9159 420.7527 -22.0473
v  49.4392 416.2802 -46.7034
v  47.2781 414.1116 -51.6089
v  42.3726 416.2802 -53.7700
v  51.7443 418.5810 -39.5193
v  53.3465 420.1834 -31.0902
v  -13.8987 360.0626 9.5679
v  -21.7114 366.7473 4.9426
v  -16.1960 367.2322 11.8652
v  -23.7936 356.4495 -12.8143
v  -17.7949 375.6330 13.4642
v  -18.4686 384.6457 14.1378
v  -17.9134 393.6018 13.5826
v  -23.9355 393.8239 6.2491
v  -16.3112 402.0338 11.9804
v  -25.8096 365.8196 -40.8734
v  -14.0062 409.2268 9.6754
v  -25.9350 403.4513 -3.1574
v  -13.8987 360.0626 -53.6626
v  -16.1960 367.2322 -55.9599
v  -17.7949 375.6330 -57.5588
v  -21.8416 402.5209 -49.1329
v  -18.4828 384.5553 -58.2467
v  -17.9134 393.6018 -57.6772
v  -23.9355 412.8477 -12.7829
v  -23.9355 412.8477 -31.3117
v  -16.3112 402.0338 -56.0751
v  -14.0062 409.2268 -53.7700
v  49.3318 360.0626 9.5679
v  44.7064 366.7474 17.3807
v  51.6291 367.2322 11.8652
v  27.3891 364.9951 24.0360
v  53.2280 375.6330 13.4642
v  53.9017 384.6457 14.1378
v  8.4836 356.4495 19.4628
v  53.3465 393.6018 13.5826
v  46.0130 393.8239 19.6048
v  51.7443 402.0338 11.9804
v  49.4392 409.2268 9.6754
v  36.6064 403.4513 21.6042
v  -10.4797 375.4127 19.4628
v  -10.5799 393.8239 19.6048
v  26.9810 412.8477 19.6048
v  8.4521 412.8477 19.6048
v  59.9208 355.9722 -22.0473
v  61.2426 365.8196 -3.2212
v  64.6484 364.6260 -22.0473
v  67.6858 374.3297 -22.0473
v  68.8902 384.6457 -22.0473
v  59.2267 375.4127 6.1489
v  67.8318 394.9109 -22.0473
v  64.7803 404.6504 -22.0473
v  63.9318 404.2802 -12.3426
v  59.3686 393.8239 6.2491
v  60.0625 413.3257 -22.0473
v  49.3318 360.0626 -53.6626
v  57.1445 357.6559 -39.9456
v  51.6291 367.2322 -55.9599
v  59.2267 375.4127 -50.2436
v  53.2280 375.6330 -57.5588
v  53.9159 384.5553 -58.2467
v  53.3465 393.6018 -57.6772
v  67.8318 384.5553 -32.3983
v  51.7443 402.0338 -56.0751
v  49.4392 409.2268 -53.7700
v  57.2747 411.6396 -40.0048
v  -9.2733 366.7473 -61.4753
v  -11.0584 384.5553 -64.3933
v  17.7165 364.6260 -68.9792
v  36.5426 365.8196 -65.5734
v  -1.1734 403.4513 -65.6989
v  44.8021 402.5210 -61.6055
v  8.4522 412.8477 -63.6994
v  26.9809 412.8477 -63.6994
v  -64.6384 270.3257 -26.2541
v  -54.6610 267.2970 -26.7083
v  -54.8795 266.2631 -16.1418
v  -62.8064 277.2836 -44.3586
v  -74.0715 274.3811 -16.1418
v  -44.0945 265.0040 -16.1418
v  -54.6610 267.2971 -5.5753
v  -44.0945 266.2631 -26.9268
v  -77.1469 285.4515 -41.8424
v  -79.5487 283.0497 -34.3469
v  -74.8920 287.7065 -46.9393
v  -69.7951 285.4515 -49.1942
v  -81.2203 281.3781 -25.5642
v  -62.2996 283.0497 -51.5960
v  -81.8136 280.7849 -16.1418
v  -53.5169 281.3781 -53.2676
v  -81.2203 281.3781 -6.7193
v  -44.0945 280.7849 -53.8609
v  -33.9822 270.3257 -36.6857
v  -79.5487 283.0498 2.0634
v  -34.6720 281.3781 -53.2676
v  -62.8064 277.2836 12.0750
v  -77.1469 285.4515 9.5589
v  -25.8893 283.0497 -51.5960
v  -33.3094 266.2631 -16.1418
v  -23.1647 269.4386 -16.1418
v  -14.1175 274.3811 -16.1418
v  -15.8777 277.2836 -34.8537
v  -6.3754 280.7849 -16.1418
v  -6.9687 281.3781 -25.5642
v  -8.6403 283.0497 -34.3469
v  -11.0420 285.4515 -41.8424
v  -18.3939 285.4515 -49.1942
v  -13.2970 287.7065 -46.9393
v  -44.0945 266.2631 -5.3568
v  -33.5280 267.2971 -5.5753
v  -24.4126 272.9992 3.5401
v  -44.0945 274.3811 13.8352
v  -34.6720 281.3781 20.9840
v  -44.0945 280.7849 21.5773
v  -53.5169 281.3781 20.9840
v  -62.2996 283.0498 19.3124
v  -69.7951 285.4515 16.9107
v  -74.8920 287.7065 14.6557
v  -25.8893 283.0498 19.3124
v  -18.3939 285.4515 16.9107
v  -13.2970 287.7065 14.6557
v  -11.0420 285.4515 9.5589
v  -8.6403 283.0498 2.0634
v  -6.9687 281.3781 -6.7193
v  -54.6969 369.7783 -26.7442
v  -44.0945 372.0040 -16.1418
v  -44.0945 370.8117 -26.9633
v  -63.8431 364.0626 -35.8904
v  -54.9161 370.8117 -16.1418
v  -69.8714 351.5765 -49.3066
v  -62.3608 353.9819 -51.7164
v  -74.9999 349.3093 -47.0472
v  -77.2593 351.5765 -41.9187
v  -44.0945 367.6278 -37.1433
v  -53.5484 355.6572 -53.3914
v  -79.6691 353.9819 -34.4081
v  -34.4090 361.9544 -45.7246
v  -44.0945 356.2523 -53.9868
v  -81.3441 355.6572 -25.5957
v  -34.6406 355.6572 -53.3914
v  -81.9395 356.2523 -16.1418
v  -73.6773 361.9544 -6.4562
v  -25.3206 359.7672 -44.4587
v  -25.8282 353.9819 -51.7164
v  -81.3441 355.6572 -6.6879
v  -79.6691 353.9819 2.1245
v  -77.2593 351.5765 9.6351
v  -69.8714 351.5765 17.0230
v  -74.9999 349.3093 14.7636
v  -62.3608 353.9819 19.4328
v  -53.5484 355.6572 21.1078
v  -44.0945 362.6801 13.9412
v  -44.0945 356.2523 21.7032
v  -34.6406 355.6572 21.1078
v  -25.8282 353.9819 19.4328
v  -64.7065 366.7407 -5.9959
v  -44.0945 370.8117 -5.3203
v  -18.3176 351.5765 17.0230
v  -24.3459 364.0626 3.6068
v  -13.1891 349.3093 14.7636
v  -10.9297 351.5765 9.6351
v  -33.4921 369.7783 -5.5394
v  -8.5199 353.9819 2.1245
v  -6.8449 355.6572 -6.6879
v  -33.2730 370.8117 -16.1418
v  -23.0930 367.6278 -16.1418
v  -14.0115 362.6801 -16.1418
v  -6.2495 356.2523 -16.1418
v  -10.9297 351.5765 -41.9187
v  -13.1891 349.3093 -47.0472
v  -18.3176 351.5765 -49.3066
v  -8.5199 353.9819 -34.4081
v  -6.8449 355.6572 -25.5957
v  -77.1469 292.8033 16.9107
v  -85.3148 299.7919 12.0750
v  -79.5487 300.2988 19.3124
v  -92.2727 297.9600 -6.0295
v  -81.2203 309.0815 20.9840
v  -81.9246 318.5040 21.6883
v  -81.3441 327.8672 21.1078
v  -87.6400 328.0994 13.4410
v  -79.6691 336.6825 19.4328
v  -89.5993 298.8221 -35.8237
v  -77.2593 344.2025 17.0230
v  -89.7304 338.1644 3.6068
v  -77.1469 292.8033 -49.1942
v  -79.5487 300.2988 -51.5960
v  -81.2203 309.0815 -53.2676
v  -85.4509 337.1917 -44.4587
v  -81.9395 318.4094 -53.9868
v  -81.3441 327.8672 -53.3914
v  -87.6400 347.9880 -6.4562
v  -87.6400 347.9880 -25.8273
v  -79.6691 336.6825 -51.7164
v  -77.2593 344.2025 -49.3066
v  -11.0420 292.8033 16.9107
v  -15.8777 299.7920 25.0785
v  -8.6403 300.2988 19.3124
v  -33.9822 297.9600 32.0364
v  -6.9687 309.0815 20.9840
v  -6.2644 318.5040 21.6883
v  -53.7472 289.0259 27.2554
v  -6.8449 327.8672 21.1078
v  -14.5117 328.0994 27.4038
v  -8.5199 336.6825 19.4328
v  -10.9297 344.2025 17.0230
v  -24.3459 338.1644 29.4941
v  -73.5725 308.8512 27.2554
v  -73.6773 328.0994 27.4038
v  -34.4089 347.9880 27.4038
v  -53.7801 347.9880 27.4038
v  0.0284 288.5270 -16.1418
v  1.4103 298.8221 3.5401
v  4.9709 297.5742 -16.1418
v  8.1464 307.7189 -16.1418
v  9.4055 318.5040 -16.1418
v  -0.6973 308.8512 13.3362
v  8.2989 329.2357 -16.1418
v  5.1088 339.4181 -16.1418
v  4.2216 339.0311 -5.9959
v  -0.5489 328.0994 13.4410
v  0.1765 348.4877 -16.1418
v  -11.0420 292.8033 -49.1942
v  -2.8742 290.2871 -34.8537
v  -8.6403 300.2988 -51.5960
v  -0.6973 308.8512 -45.6198
v  -6.9687 309.0815 -53.2676
v  -6.2495 318.4094 -53.9868
v  -6.8449 327.8672 -53.3914
v  8.2989 318.4094 -26.9633
v  -8.5199 336.6825 -51.7164
v  -10.9297 344.2025 -49.3066
v  -2.7381 346.7249 -34.9156
v  -72.3113 299.7919 -57.3621
v  -53.7472 289.0259 -59.5390
v  -65.0960 318.4094 -65.3451
v  -24.4126 298.8221 -61.6466
v  -63.8431 338.1644 -61.7777
v  -15.7776 337.1919 -57.4982
v  -53.7800 347.9880 -59.6874
v  -34.4090 347.9880 -59.6874
v  -53.6148 282.9241 -92.3958
v  -43.6374 279.8954 -92.8500
v  -43.8559 278.8615 -82.2835
v  -51.7828 289.8820 -110.5003
v  -63.0478 286.9795 -82.2835
v  -33.0709 277.6023 -82.2835
v  -43.6374 279.8954 -71.7170
v  -33.0709 278.8615 -93.0686
v  -66.1233 298.0499 -107.9842
v  -68.5251 295.6481 -100.4887
v  -63.8684 300.3048 -113.0810
v  -58.7715 298.0499 -115.3360
v  -70.1967 293.9765 -91.7060
v  -51.2760 295.6481 -117.7377
v  -70.7899 293.3833 -82.2835
v  -42.4933 293.9765 -119.4093
v  -70.1967 293.9765 -72.8611
v  -33.0709 293.3832 -120.0026
v  -22.9586 282.9241 -102.8275
v  -68.5251 295.6481 -64.0784
v  -23.6484 293.9765 -119.4093
v  -51.7828 289.8820 -54.0667
v  -66.1233 298.0499 -56.5829
v  -14.8657 295.6481 -117.7377
v  -22.2858 278.8615 -82.2835
v  -12.1411 282.0370 -82.2835
v  -3.0939 286.9795 -82.2835
v  -4.8541 289.8820 -100.9955
v  4.6482 293.3833 -82.2835
v  4.0549 293.9765 -91.7060
v  2.3833 295.6481 -100.4887
v  -0.0184 298.0499 -107.9842
v  -7.3702 298.0499 -115.3360
v  -2.2734 300.3048 -113.0810
v  -33.0709 278.8615 -71.4985
v  -22.5044 279.8954 -71.7170
v  -13.3890 285.5976 -62.6016
v  -33.0709 286.9795 -52.3065
v  -23.6484 293.9765 -45.1577
v  -33.0709 293.3833 -44.5644
v  -42.4933 293.9765 -45.1577
v  -51.2760 295.6481 -46.8293
v  -58.7715 298.0499 -49.2311
v  -63.8684 300.3048 -51.4860
v  -14.8657 295.6481 -46.8293
v  -7.3702 298.0499 -49.2311
v  -2.2734 300.3048 -51.4860
v  -0.0184 298.0499 -56.5829
v  2.3833 295.6481 -64.0784
v  4.0549 293.9765 -72.8611
v  -43.6732 382.3766 -92.8859
v  -33.0709 384.6023 -82.2835
v  -33.0709 383.4101 -93.1051
v  -52.8195 376.6609 -102.0322
v  -43.8925 383.4101 -82.2835
v  -58.8478 364.1749 -115.4483
v  -51.3372 366.5803 -117.8582
v  -63.9762 361.9077 -113.1889
v  -66.2356 364.1749 -108.0604
v  -22.9250 379.3391 -102.8955
v  -42.5248 368.2556 -119.5332
v  -68.6455 366.5803 -100.5498
v  -33.0709 368.8506 -120.1285
v  -70.3205 368.2556 -91.7375
v  -23.6169 368.2556 -119.5332
v  -70.9158 368.8506 -82.2835
v  -62.6536 374.5528 -72.5980
v  -14.8046 366.5803 -117.8582
v  -70.3205 368.2556 -72.8296
v  -68.6455 366.5803 -64.0173
v  -66.2356 364.1749 -56.5066
v  -58.8478 364.1749 -49.1188
v  -63.9762 361.9077 -51.3781
v  -51.3372 366.5803 -46.7089
v  -42.5248 368.2556 -45.0339
v  -33.0709 375.2785 -52.2005
v  -33.0709 368.8507 -44.4386
v  -23.6169 368.2556 -45.0339
v  -14.8046 366.5803 -46.7089
v  -53.6829 379.3391 -72.1377
v  -33.0709 383.4101 -71.4620
v  -7.2939 364.1749 -49.1188
v  -13.3222 376.6609 -62.5349
v  -2.1655 361.9077 -51.3781
v  0.0939 364.1749 -56.5066
v  -22.4685 382.3766 -71.6812
v  2.5038 366.5803 -64.0173
v  4.1788 368.2556 -72.8296
v  -22.2493 383.4101 -82.2835
v  -12.0694 380.2262 -82.2835
v  -2.9878 375.2785 -82.2835
v  4.7741 368.8506 -82.2835
v  0.0939 364.1749 -108.0604
v  -2.1655 361.9077 -113.1889
v  -7.2939 364.1749 -115.4483
v  -4.7540 372.3655 -101.0574
v  2.5038 366.5803 -100.5498
v  4.1788 368.2556 -91.7375
v  -66.1233 305.4017 -49.2311
v  -74.2912 312.3903 -54.0667
v  -68.5251 312.8972 -46.8293
v  -76.4680 301.6243 -72.6308
v  -70.1967 321.6799 -45.1577
v  -70.9010 331.1024 -44.4534
v  -70.3205 340.4656 -45.0339
v  -76.6164 340.6978 -52.7007
v  -68.6455 349.2809 -46.7089
v  -78.5756 311.4204 -101.9654
v  -66.2356 356.8009 -49.1188
v  -78.7068 350.7628 -62.5349
v  -66.1233 305.4017 -115.3360
v  -68.5251 312.8972 -117.7377
v  -70.1967 321.6799 -119.4093
v  -74.4273 349.7901 -110.6004
v  -70.9158 331.0078 -120.1285
v  -70.3205 340.4655 -119.5332
v  -76.6164 360.5864 -72.5980
v  -76.6164 360.5864 -91.9690
v  -68.6455 349.2808 -117.8582
v  -66.2356 356.8009 -115.4483
v  -0.0184 305.4017 -49.2311
v  -4.8541 312.3904 -41.0632
v  2.3833 312.8972 -46.8293
v  -22.9586 310.5584 -34.1053
v  4.0549 321.6799 -45.1577
v  4.7592 331.1024 -44.4534
v  -42.7235 301.6243 -38.8863
v  4.1788 340.4656 -45.0339
v  -3.4881 340.6978 -38.7380
v  2.5038 349.2809 -46.7089
v  0.0939 356.8009 -49.1188
v  -13.3222 350.7628 -36.6476
v  -62.5489 321.4496 -38.8863
v  -62.6536 340.6978 -38.7380
v  -23.3853 360.5864 -38.7380
v  -42.7564 360.5864 -38.7380
v  11.0520 301.1254 -82.2835
v  12.4339 311.4204 -62.6016
v  15.9945 310.1725 -82.2835
v  19.1700 320.3173 -82.2835
v  20.4291 331.1023 -82.2835
v  10.3263 321.4496 -52.8055
v  19.3226 341.8341 -82.2835
v  16.1324 352.0164 -82.2835
v  15.2453 351.6294 -72.1377
v  10.4747 340.6978 -52.7007
v  11.2001 361.0861 -82.2835
v  -0.0184 305.4017 -115.3360
v  10.3263 301.6243 -91.9362
v  2.3833 312.8972 -117.7377
v  4.0549 321.6799 -119.4093
v  11.2001 331.0078 -112.3666
v  4.7741 331.0078 -120.1285
v  4.1788 340.4655 -119.5332
v  19.3226 331.0078 -93.1051
v  2.5038 349.2808 -117.8582
v  0.0939 356.8009 -115.4483
v  8.2856 359.3233 -101.0574
v  -61.2877 312.3903 -123.5039
v  -42.7236 301.6243 -125.6807
v  -54.0724 331.0078 -131.4868
v  -13.3890 311.4204 -127.7883
v  -52.8195 350.7628 -127.9194
v  -4.7540 349.7902 -123.6400
v  -42.7564 360.5864 -125.8291
v  -23.3854 360.5864 -125.8291
v  -6.7218 323.0836 -127.4419
v  2.8185 372.7045 -145.7522
v  -2.4714 306.9584 -57.6702
v  -6.3863 339.3181 31.3645
v  9.8425 323.2284 34.6474
v  -68.7661 339.3181 -31.0153
v  -65.4721 323.0836 -79.3908
v  -70.3552 323.0836 -63.8085
v  41.9891 323.0836 -122.5587
v  -52.9843 387.3058 -59.0258
v  -50.0216 372.7045 -102.5349
v  -54.2035 357.9868 -73.6221
v  -57.4433 321.3423 27.7647
v  -54.5247 306.9584 -15.0964
v  -58.6443 292.4599 13.3858
v  46.6293 372.7045 -141.3603
v  -70.1217 306.7198 -47.2442
v  40.6869 306.9584 -53.3437
v  9.8425 306.7198 32.7200
v  66.9292 330.8105 -126.8029
v  87.9306 319.9842 -123.6128
v  66.9291 309.2936 -126.6504
v  -44.0945 329.2357 -68.5352
v  -23.0930 318.4094 -65.3451
v  -44.0945 307.7188 -68.3827
v  -33.0708 341.8341 -134.6769
v  -12.0694 331.0078 -131.4868
v  -33.0709 320.3172 -134.5244
v  26.0714 339.3181 31.3645
v  3.1203 387.3058 -2.9213
v  32.3128 387.3058 -2.9213
v  -44.0945 318.5040 37.3582
v  -33.0709 331.1024 -28.7835
v  66.9291 320.0788 -20.9095
v  -2.1742 321.3423 83.0338
v  12.2047 307.0866 85.9424
v  4.9439 327.8343 1.5472
v  7.0959 317.2283 -30.0567
v  4.0583 306.5378 -9.0552
v  15.5738 330.5902 -63.8071
v  17.7259 319.9842 -95.4110
v  14.6883 309.2936 -74.4095
v  -95.4498 329.0154 -5.5394
v  -93.2978 318.4094 -37.1433
v  -96.3354 307.7189 -16.1418
v  -84.4262 341.6138 -71.6812
v  -82.2741 331.0078 -103.2850
v  -85.3117 320.3172 -82.2835
v  -45.4498 309.7240 -103.9646
v  -43.2978 299.1180 -135.5685
v  -46.3354 288.4275 -114.5670
v  17.7165 384.6457 29.1264
v  77.3007 317.2283 -58.2585
v  26.9070 299.1180 -163.7703
v  -31.4057 394.7001 -11.9060
v  -29.3472 384.5553 -42.1356
v  -32.2528 374.3296 -22.0473
v  26.4069 323.0836 -127.4419
v  9.8426 339.6553 -127.4419
v  17.7165 372.8347 0.0313
v  17.7165 357.9868 -1.7021
v  12.2047 292.4599 84.2348
v  37.8048 384.5553 -69.1111
v  32.6146 372.7045 -145.7522
v  17.7166 387.6091 -145.7522
v  26.8809 306.9584 -57.6702
v  12.2048 321.6411 -57.6702
v  5.9055 299.2126 -61.0670
v  56.2992 317.3229 44.4448
v  66.4115 296.7789 39.1230
v  16.0178 278.6686 -66.3888
v  5.9055 309.9444 -166.9604
v  56.2992 328.0547 -61.4486
v  17.7166 394.9109 -72.1625
v  31.6381 344.5518 -7.2952
v  25.9190 279.2249 78.7251
v  25.3212 291.7821 26.5014
# 1620 vertices

vn -0.3828 -0.1887 0.9043
vn -0.1982 -0.1982 0.9599
vn -0.2033 0.0000 0.9791
vn -0.3670 -0.3670 0.8547
vn -0.3890 0.0000 0.9212
vn 0.0000 0.0000 1.0000
vn -0.1982 0.1982 0.9599
vn -0.1887 -0.3828 0.9043
vn 0.0000 -0.2033 0.9791
vn -0.6201 -0.4805 0.6201
vn -0.4964 -0.4964 0.7122
vn -0.6647 -0.3411 0.6647
vn -0.5774 -0.5774 0.5774
vn -0.4805 -0.6201 0.6201
vn -0.5509 -0.1805 0.8148
vn -0.6960 -0.1769 0.6960
vn -0.3411 -0.6647 0.6647
vn -0.3492 -0.5273 0.7746
vn -0.5596 0.0000 0.8288
vn -0.7071 0.0000 0.7071
vn -0.1769 -0.6960 0.6960
vn -0.1805 -0.5509 0.8148
vn -0.5509 0.1805 0.8148
vn -0.6960 0.1769 0.6960
vn 0.0000 -0.7071 0.7071
vn 0.0000 -0.5596 0.8288
vn -0.5273 0.3492 0.7746
vn -0.6647 0.3411 0.6647
vn 0.1769 -0.6960 0.6960
vn 0.1805 -0.5509 0.8148
vn -0.3492 0.5273 0.7746
vn -0.6201 0.4805 0.6201
vn 0.3411 -0.6647 0.6647
vn 0.3492 -0.5273 0.7746
vn 0.1982 -0.1982 0.9599
vn 0.2033 0.0000 0.9791
vn 0.3890 0.0000 0.9212
vn 0.3828 -0.1887 0.9043
vn 0.5596 0.0000 0.8288
vn 0.5509 -0.1805 0.8148
vn 0.7071 0.0000 0.7071
vn 0.6960 -0.1769 0.6960
vn 0.5273 -0.3492 0.7746
vn 0.6647 -0.3411 0.6647
vn 0.6201 -0.4805 0.6201
vn 0.4805 -0.6201 0.6201
vn 0.5774 -0.5774 0.5774
vn 0.0000 0.2033 0.9791
vn 0.1982 0.1982 0.9599
vn 0.1887 0.3828 0.9043
vn 0.0000 0.3890 0.9212
vn 0.1769 0.6960 0.6960
vn 0.0000 0.7071 0.7071
vn 0.0000 0.5596 0.8288
vn -0.1769 0.6960 0.6960
vn -0.1805 0.5509 0.8148
vn -0.3411 0.6647 0.6647
vn -0.4805 0.6201 0.6201
vn -0.5774 0.5774 0.5774
vn 0.3411 0.6647 0.6647
vn 0.1805 0.5509 0.8148
vn 0.4805 0.6201 0.6201
vn 0.4964 0.4964 0.7122
vn 0.5774 0.5774 0.5774
vn 0.6201 0.4805 0.6201
vn 0.5273 0.3492 0.7746
vn 0.6647 0.3411 0.6647
vn 0.5509 0.1805 0.8148
vn 0.6960 0.1769 0.6960
vn 0.3828 0.1887 0.9043
vn -0.1972 -0.1972 -0.9603
vn 0.0000 0.0000 -1.0000
vn 0.0000 -0.2014 -0.9795
vn -0.1885 -0.3823 -0.9046
vn -0.3823 -0.1885 -0.9046
vn -0.2014 0.0000 -0.9795
vn -0.4804 -0.6199 -0.6205
vn -0.5271 -0.3496 -0.7746
vn -0.3414 -0.6646 -0.6647
vn -0.5771 -0.5771 -0.5779
vn -0.6199 -0.4804 -0.6205
vn -0.1805 -0.5507 -0.8150
vn -0.1769 -0.6961 -0.6959
vn -0.6646 -0.3414 -0.6647
vn 0.0000 -0.5594 -0.8289
vn 0.0000 -0.7072 -0.7070
vn -0.6961 -0.1769 -0.6959
vn -0.5507 -0.1805 -0.8150
vn 0.1805 -0.5507 -0.8150
vn 0.1769 -0.6961 -0.6959
vn -0.7072 0.0000 -0.7070
vn -0.5594 0.0000 -0.8289
vn 0.3496 -0.5271 -0.7746
vn 0.3414 -0.6646 -0.6647
vn -0.6961 0.1769 -0.6959
vn -0.5507 0.1805 -0.8150
vn -0.6646 0.3414 -0.6647
vn -0.5271 0.3496 -0.7746
vn -0.6199 0.4804 -0.6205
vn -0.3496 0.5271 -0.7746
vn -0.4804 0.6199 -0.6205
vn -0.5771 0.5771 -0.5779
vn -0.3414 0.6646 -0.6647
vn -0.1769 0.6961 -0.6959
vn -0.1805 0.5507 -0.8150
vn 0.0000 0.7072 -0.7070
vn 0.1769 0.6961 -0.6959
vn 0.0000 0.5594 -0.8289
vn 0.3414 0.6646 -0.6647
vn 0.1805 0.5507 -0.8150
vn -0.1972 0.1972 -0.9603
vn 0.0000 0.2014 -0.9795
vn 0.4804 0.6199 -0.6205
vn 0.4962 0.4962 -0.7124
vn 0.5771 0.5771 -0.5779
vn 0.6199 0.4804 -0.6205
vn 0.1885 0.3823 -0.9046
vn 0.1972 0.1972 -0.9603
vn 0.6646 0.3414 -0.6647
vn 0.5271 0.3496 -0.7746
vn 0.6961 0.1769 -0.6959
vn 0.5507 0.1805 -0.8150
vn 0.3823 0.1885 -0.9046
vn 0.2014 0.0000 -0.9795
vn 0.3883 0.0000 -0.9215
vn 0.5594 0.0000 -0.8289
vn 0.7072 0.0000 -0.7070
vn 0.6199 -0.4804 -0.6205
vn 0.5771 -0.5771 -0.5779
vn 0.4804 -0.6199 -0.6205
vn 0.6646 -0.3414 -0.6647
vn 0.6961 -0.1769 -0.6959
vn 0.5271 -0.3496 -0.7746
vn 0.5507 -0.1805 -0.8150
vn 0.3823 -0.1885 -0.9046
vn 0.1972 -0.1972 -0.9603
vn -0.6201 0.6201 0.4805
vn -0.7746 0.5273 0.3492
vn -0.6647 0.6647 0.3411
vn -0.7746 0.3492 0.5273
vn -0.6950 0.6950 0.1840
vn -0.8148 0.1805 0.5509
vn -0.7071 0.7071 0.0090
vn -0.8288 0.0000 0.5596
vn -0.6962 0.6962 -0.1751
vn -0.8306 0.5568 0.0086
vn -0.8148 -0.1805 0.5509
vn -0.6646 0.6646 -0.3414
vn -0.8163 0.5490 -0.1794
vn -0.7122 -0.4964 0.4964
vn -0.6200 0.6200 -0.4809
vn -0.7125 0.4959 -0.4964
vn -0.6201 -0.6201 0.4805
vn -0.7746 -0.5273 0.3492
vn -0.6647 -0.6647 0.3411
vn -0.6947 -0.6947 0.1867
vn -0.8290 -0.5591 0.0095
vn -0.7071 -0.7071 0.0100
vn -0.8154 -0.5501 -0.1805
vn -0.6960 -0.6960 -0.1768
vn -0.7749 0.3492 -0.5269
vn -0.8153 0.1805 -0.5502
vn -0.8292 0.0000 -0.5590
vn -0.8153 -0.1805 -0.5502
vn -0.7749 -0.3492 -0.5269
vn -0.7750 -0.5266 -0.3494
vn -0.6646 -0.6646 -0.3414
vn -0.6200 -0.6200 -0.4809
vn 0.6201 0.6201 0.4805
vn 0.5273 0.7746 0.3492
vn 0.6647 0.6647 0.3411
vn 0.3492 0.7746 0.5273
vn 0.6950 0.6950 0.1840
vn 0.1805 0.8148 0.5509
vn 0.7071 0.7071 0.0090
vn 0.0000 0.8288 0.5596
vn 0.6962 0.6962 -0.1751
vn 0.5568 0.8306 0.0086
vn -0.1805 0.8148 0.5509
vn 0.6646 0.6646 -0.3414
vn 0.5490 0.8163 -0.1794
vn -0.4964 0.7122 0.4964
vn 0.6200 0.6200 -0.4809
vn 0.4959 0.7125 -0.4964
vn -0.5488 0.8146 0.1878
vn -0.5568 0.8306 0.0086
vn -0.5490 0.8163 -0.1794
vn 0.3492 0.7749 -0.5269
vn 0.1805 0.8153 -0.5502
vn 0.0000 0.8292 -0.5590
vn -0.1805 0.8153 -0.5502
vn -0.3492 0.7749 -0.5269
vn -0.5266 0.7750 -0.3494
vn 0.8288 0.0000 0.5596
vn 0.8148 0.1805 0.5509
vn 0.9212 0.0000 0.3890
vn 0.7122 0.4964 0.4964
vn 0.9043 0.1887 0.3828
vn 0.9783 -0.0003 0.2073
vn 0.9593 0.1947 0.2044
vn 1.0000 -0.0009 0.0070
vn 0.8146 0.5488 0.1878
vn 0.9797 -0.0006 -0.2005
vn 0.9804 0.1967 0.0069
vn 0.9216 0.0000 -0.3881
vn 0.9607 0.1949 -0.1976
vn 0.8306 0.5568 0.0086
vn 0.8292 0.0000 -0.5590
vn 0.9047 0.1886 -0.3820
vn 0.8163 0.5490 -0.1794
vn 0.8153 0.1805 -0.5502
vn 0.7750 0.5266 -0.3494
vn 0.7749 0.3492 -0.5269
vn 0.6201 -0.6201 0.4805
vn 0.7746 -0.3492 0.5273
vn 0.6647 -0.6647 0.3411
vn 0.8134 -0.5498 0.1898
vn 0.6947 -0.6947 0.1867
vn 0.8148 -0.1805 0.5509
vn 0.7071 -0.7071 0.0100
vn 0.9043 -0.1887 0.3828
vn 0.6960 -0.6960 -0.1768
vn 0.8290 -0.5591 0.0095
vn 0.9591 -0.1962 0.2040
vn 0.6646 -0.6646 -0.3414
vn 0.8154 -0.5501 -0.1805
vn 0.9798 -0.1998 0.0076
vn 0.6200 -0.6200 -0.4809
vn 0.7125 -0.4959 -0.4964
vn 0.9606 -0.1966 -0.1965
vn 0.9047 -0.1886 -0.3820
vn 0.7749 -0.3492 -0.5269
vn 0.8153 -0.1805 -0.5502
vn -0.5273 -0.7746 0.3492
vn -0.3492 -0.7746 0.5273
vn -0.1805 -0.8148 0.5509
vn -0.5498 -0.8134 0.1898
vn 0.0000 -0.8288 0.5596
vn -0.5591 -0.8290 0.0095
vn 0.1805 -0.8148 0.5509
vn -0.5501 -0.8154 -0.1805
vn 0.4964 -0.7122 0.4964
vn -0.4959 -0.7125 -0.4964
vn 0.5273 -0.7746 0.3492
vn 0.5591 -0.8290 0.0095
vn 0.5501 -0.8154 -0.1805
vn -0.3492 -0.7749 -0.5269
vn -0.1805 -0.8153 -0.5502
vn 0.0000 -0.8292 -0.5590
vn 0.1805 -0.8153 -0.5502
vn 0.3492 -0.7749 -0.5269
vn 0.5266 -0.7750 -0.3494
vn 0.5488 0.8146 0.1878
vn 0.7746 -0.5273 0.3492
vn -0.1887 0.3828 0.9043
vn -0.3828 0.1887 0.9043
vn 0.0000 -0.3883 -0.9215
vn -0.3883 0.0000 -0.9215
vn 0.0000 0.3883 -0.9215
vn 0.0000 -0.3890 0.9212
vn -0.3818 -0.9048 -0.1886
vn -0.1998 -0.9798 0.0076
vn -0.3883 -0.9215 0.0086
vn -0.1949 0.9607 -0.1976
vn -0.3847 0.9230 0.0076
vn -0.1967 0.9804 0.0069
vn -0.9797 -0.0006 -0.2005
vn -0.9606 -0.1966 -0.1965
vn -0.9798 -0.1998 0.0076
vn 0.0000 -0.9216 -0.3881
vn 0.1886 -0.9047 -0.3820
vn 0.1966 -0.9606 -0.1965
vn -0.9593 0.1947 0.2044
vn -0.9038 0.3803 0.1963
vn -0.9230 0.3847 0.0076
vn -0.1887 0.9043 0.3828
vn 0.0000 0.9782 0.2076
vn -0.1947 0.9593 0.2044
vn 0.0000 -0.9798 -0.1999
vn 0.1998 -0.9798 0.0076
vn 0.0000 0.9216 -0.3881
vn 0.0000 0.9796 -0.2010
vn 0.1962 -0.9591 0.2040
vn 0.0000 -0.9783 0.2070
vn 0.0000 -1.0000 0.0073
vn 0.0000 -0.9212 0.3890
vn -0.1887 -0.9043 0.3828
vn -0.1962 -0.9591 0.2040
vn 0.9230 0.3847 0.0076
vn -0.9216 0.0000 -0.3881
vn 0.9048 -0.3818 -0.1886
vn -0.3670 0.8547 0.3670
vn -0.3803 0.9038 0.1963
vn -0.9215 -0.3883 0.0086
vn -0.9047 -0.1886 -0.3820
vn 0.1887 -0.9043 0.3828
vn 0.3883 -0.9215 0.0086
vn 0.1947 0.9593 0.2044
vn 0.3847 0.9230 0.0076
vn 0.1967 0.9804 0.0069
vn 0.3663 0.8553 -0.3665
vn 0.1949 0.9607 -0.1976
vn 0.3799 0.9055 -0.1889
vn -0.9804 0.1967 0.0069
vn -0.3821 -0.9029 0.1970
vn -0.9043 0.1887 0.3828
vn -0.9043 -0.1887 0.3828
vn -0.9212 0.0000 0.3890
vn -0.9783 -0.0003 0.2073
vn -0.8547 -0.3670 0.3670
vn -0.9591 -0.1962 0.2040
vn -0.9029 -0.3821 0.1970
vn -0.1886 0.9047 -0.3820
vn 0.9029 -0.3821 0.1970
vn 0.3803 0.9038 0.1963
vn -0.3669 0.3669 -0.8549
vn 0.9055 0.3799 -0.1889
vn 0.1886 0.9047 -0.3820
vn -0.1886 -0.9047 -0.3820
vn -0.3663 -0.8553 -0.3665
vn -0.1966 -0.9606 -0.1965
vn -0.8553 0.3663 -0.3665
vn -0.9607 0.1949 -0.1976
vn -0.9055 0.3799 -0.1889
vn -0.9047 0.1886 -0.3820
vn 0.3663 -0.8553 -0.3665
vn 0.3818 -0.9048 -0.1886
vn -0.8553 -0.3663 -0.3665
vn -0.9048 -0.3818 -0.1886
vn 0.3669 -0.3669 -0.8549
vn 0.8553 0.3663 -0.3665
vn 0.0000 0.9212 0.3890
vn 0.3670 0.8547 0.3670
vn 0.8547 0.3670 0.3670
vn 0.9038 0.3803 0.1963
vn -0.3663 0.8553 -0.3665
vn -0.3799 0.9055 -0.1889
vn 0.8553 -0.3663 -0.3665
vn -0.8547 0.3670 0.3670
vn 0.3670 -0.3670 0.8547
vn 0.1887 0.9043 0.3828
vn -0.3670 -0.8547 0.3670
vn 0.3670 -0.8547 0.3670
vn 0.3821 -0.9029 0.1970
vn 0.9215 -0.3883 0.0086
vn -0.3670 0.3670 0.8547
vn 0.8547 -0.3670 0.3670
vn 0.3669 0.3669 -0.8549
vn 0.3670 0.3670 0.8547
vn 0.1885 -0.3823 -0.9046
vn -1.0000 -0.0009 0.0070
# 351 vertex normals

o Sphere__19_
g Sphere__19_
s off
f 837//1612 838//1613 839//1614 
f 840//1615 838//1613 837//1612 
f 837//1612 839//1614 841//1616 
f 838//1613 842//1617 839//1614 
f 843//1618 841//1616 839//1614 
f 840//1619 844//1620 838//1613 
f 838//1613 844//1620 842//1617 
f 845//1621 840//1622 846//1623 
f 847//1624 840//1622 845//1621 
f 847//1624 848//1625 840//1622 
f 846//1623 841//1626 849//1627 
f 848//1625 850//1628 851//1629 
f 849//1627 841//1630 852//1631 
f 850//1628 853//1632 851//1633 
f 854//1634 855//1635 852//1631 
f 853//1632 856//1636 857//1637 
f 854//1638 858//1639 855//1635 
f 856//1636 859//1640 857//1641 
f 860//1642 861//1643 858//1639 
f 859//1640 862//1644 857//1645 
f 844//1620 863//1646 864//1647 
f 844//1620 864//1647 842//1617 
f 863//1646 865//1648 864//1647 
f 863//1649 866//1650 865//1648 
f 867//1651 868//1652 866//1650 
f 867//1651 869//1653 868//1652 
f 867//1654 870//1655 869//1653 
f 867//1654 871//1656 870//1655 
f 862//1644 872//1657 867//1654 
f 872//1657 871//1656 867//1654 
f 872//1657 873//1658 871//1656 
f 874//1659 839//1614 842//1617 
f 875//1660 874//1659 842//1617 
f 876//1661 874//1659 875//1660 
f 877//1662 843//1618 874//1659 
f 874//1659 843//1618 839//1614 
f 878//1663 879//1664 877//1665 
f 879//1664 880//1666 877//1667 
f 880//1666 881//1668 860//1642 
f 881//1668 882//1669 860//1642 
f 882//1669 861//1643 860//1642 
f 882//1669 883//1670 861//1643 
f 884//1671 878//1663 877//1672 
f 885//1673 884//1671 876//1674 
f 886//1675 885//1673 876//1674 
f 886//1675 876//1674 887//1676 
f 887//1676 888//1677 889//1678 
f 889//1678 888//1679 890//1680 
f 888//1681 875//1660 864//1647 
f 875//1660 842//1617 864//1647 
f 888//1681 864//1647 865//1648 
f 888//1679 865//1648 866//1650 
f 890//1680 888//1679 866//1650 
f 890//1680 866//1650 868//1652 
f 891//1682 892//1683 893//1684 
f 894//1685 891//1682 893//1684 
f 894//1686 895//1687 891//1682 
f 891//1682 895//1687 892//1683 
f 896//1688 897//1689 898//1690 
f 899//1691 897//1689 896//1688 
f 899//1691 900//1692 897//1689 
f 898//1690 901//1693 902//1694 
f 900//1692 903//1695 897//1689 
f 902//1694 904//1696 905//1697 
f 903//1695 906//1698 897//1699 
f 904//1700 907//1701 905//1697 
f 906//1698 908//1702 909//1703 
f 910//1704 911//1705 907//1701 
f 908//1702 912//1706 909//1707 
f 912//1706 913//1708 909//1709 
f 913//1708 914//1710 915//1711 
f 914//1710 916//1712 915//1711 
f 914//1710 917//1713 916//1712 
f 915//1711 916//1712 918//1714 
f 915//1711 918//1714 919//1715 
f 920//1716 919//1715 921//1717 
f 922//1718 920//1719 921//1717 
f 923//1720 920//1721 922//1718 
f 895//1687 924//1722 925//1723 
f 895//1687 925//1723 892//1683 
f 926//1724 927//1725 923//1720 
f 928//1726 927//1725 926//1724 
f 928//1726 929//1727 927//1725 
f 927//1728 930//1729 925//1723 
f 930//1729 892//1683 925//1723 
f 929//1727 931//1730 932//1731 
f 931//1730 933//1732 932//1733 
f 932//1734 934//1735 930//1729 
f 930//1729 934//1735 892//1683 
f 932//1734 935//1736 934//1735 
f 932//1733 936//1737 935//1736 
f 933//1732 936//1737 932//1733 
f 933//1732 937//1738 936//1737 
f 938//1739 939//1740 940//1741 
f 938//1739 940//1741 910//1704 
f 910//1704 940//1741 911//1705 
f 941//1742 938//1739 910//1704 
f 942//1743 941//1742 943//1744 
f 937//1738 942//1743 943//1745 
f 937//1738 943//1745 936//1737 
f 936//1737 944//1746 935//1736 
f 935//1736 944//1747 934//1735 
f 934//1735 944//1747 893//1684 
f 934//1735 893//1684 892//1683 
f 861//1643 883//1670 945//1748 
f 861//1643 945//1748 946//1749 
f 858//1639 861//1643 946//1749 
f 946//1749 945//1748 947//1750 
f 855//1635 858//1639 948//1751 
f 946//1749 947//1750 949//1752 
f 852//1631 855//1635 948//1753 
f 946//1749 949//1752 950//1754 
f 849//1627 852//1631 951//1755 
f 952//1756 953//1757 950//1754 
f 846//1623 849//1627 951//1758 
f 954//1759 953//1760 952//1756 
f 845//1621 846//1623 955//1761 
f 956//1762 957//1763 954//1759 
f 847//1624 845//1621 955//1761 
f 847//1624 955//1761 958//1764 
f 958//1764 959//1765 960//1766 
f 960//1766 959//1765 961//1767 
f 961//1767 962//1768 963//1769 
f 962//1770 964//1771 963//1769 
f 917//1713 957//1763 956//1762 
f 917//1713 914//1710 957//1763 
f 914//1710 913//1708 965//1772 
f 913//1708 912//1706 965//1773 
f 912//1706 908//1702 965//1774 
f 908//1702 906//1698 966//1775 
f 906//1698 903//1695 966//1776 
f 962//1777 967//1778 964//1771 
f 903//1695 900//1692 962//1777 
f 962//1777 968//1779 967//1778 
f 900//1692 968//1779 962//1777 
f 900//1692 899//1691 968//1779 
f 885//1673 886//1675 969//1780 
f 885//1673 969//1780 970//1781 
f 884//1671 885//1673 970//1781 
f 970//1781 969//1780 971//1782 
f 878//1663 884//1671 972//1783 
f 970//1781 971//1782 973//1784 
f 879//1664 878//1663 972//1785 
f 970//1781 973//1784 974//1786 
f 880//1666 879//1664 975//1787 
f 976//1788 977//1789 974//1786 
f 881//1668 880//1666 975//1790 
f 978//1791 977//1792 976//1788 
f 882//1669 881//1668 979//1793 
f 980//1794 981//1795 978//1791 
f 883//1670 882//1669 979//1793 
f 883//1670 979//1793 945//1748 
f 945//1748 982//1796 947//1750 
f 947//1750 982//1796 949//1752 
f 949//1752 983//1797 950//1754 
f 983//1798 952//1756 950//1754 
f 928//1726 981//1795 980//1794 
f 928//1726 926//1724 981//1795 
f 926//1724 923//1720 984//1799 
f 923//1720 922//1718 984//1800 
f 922//1718 921//1717 984//1801 
f 921//1717 919//1715 985//1802 
f 919//1715 918//1714 985//1803 
f 983//1804 954//1759 952//1756 
f 918//1714 916//1712 983//1804 
f 983//1804 956//1762 954//1759 
f 916//1712 956//1762 983//1804 
f 916//1712 917//1713 956//1762 
f 890//1680 868//1652 986//1805 
f 890//1680 986//1805 987//1806 
f 889//1678 890//1680 987//1806 
f 987//1806 986//1805 988//1807 
f 887//1676 889//1678 989//1808 
f 989//1809 988//1807 990//1810 
f 886//1675 887//1676 989//1808 
f 886//1675 989//1808 969//1780 
f 991//1811 990//1810 992//1812 
f 969//1780 993//1813 971//1782 
f 994//1814 991//1815 992//1812 
f 971//1782 993//1813 973//1784 
f 995//1816 996//1817 994//1814 
f 973//1784 997//1818 974//1786 
f 998//1819 996//1820 995//1816 
f 997//1821 976//1788 974//1786 
f 937//1738 999//1822 998//1819 
f 937//1738 933//1732 999//1822 
f 997//1823 978//1791 976//1788 
f 933//1732 931//1730 999//1824 
f 999//1824 980//1794 978//1791 
f 931//1730 929//1727 999//1824 
f 929//1727 980//1794 999//1824 
f 929//1727 928//1726 980//1794 
f 871//1656 873//1658 1000//1825 
f 871//1656 1000//1825 1001//1826 
f 870//1655 871//1656 1001//1826 
f 1001//1826 1000//1825 1002//1827 
f 869//1653 870//1655 1001//1826 
f 1003//1828 1002//1827 1004//1829 
f 868//1652 869//1653 1001//1830 
f 868//1652 1001//1830 986//1805 
f 1003//1828 1004//1829 1005//1831 
f 986//1805 1001//1832 988//1807 
f 1006//1833 1007//1834 1005//1831 
f 988//1807 1008//1835 990//1810 
f 1009//1836 1007//1837 1006//1833 
f 990//1810 1008//1838 992//1812 
f 1010//1839 1011//1840 1009//1836 
f 1008//1841 994//1814 992//1812 
f 939//1740 1011//1840 1010//1839 
f 939//1740 938//1739 1011//1840 
f 1011//1842 995//1816 994//1814 
f 938//1739 941//1742 1012//1843 
f 1012//1844 998//1819 995//1816 
f 941//1742 942//1743 1012//1844 
f 942//1743 998//1819 1012//1844 
f 942//1743 937//1738 998//1819 
f 848//1625 847//1624 958//1764 
f 848//1625 958//1764 1013//1845 
f 850//1628 848//1625 1013//1845 
f 1013//1845 958//1764 960//1766 
f 853//1632 850//1628 1014//1846 
f 1013//1845 960//1766 961//1767 
f 856//1636 853//1632 1014//1847 
f 1015//1848 961//1767 963//1769 
f 859//1640 856//1636 1016//1849 
f 964//1771 1015//1850 963//1769 
f 862//1644 859//1640 1016//1851 
f 967//1778 1015//1852 964//1771 
f 872//1657 862//1644 1017//1853 
f 968//1779 1018//1854 967//1778 
f 873//1658 872//1657 1017//1853 
f 873//1658 1017//1853 1000//1825 
f 1000//1825 1019//1855 1002//1827 
f 1002//1827 1019//1855 1004//1829 
f 1004//1829 1020//1856 1005//1831 
f 1020//1857 1006//1833 1005//1831 
f 899//1691 1018//1854 968//1779 
f 899//1691 896//1688 1018//1854 
f 896//1688 898//1690 1021//1858 
f 898//1690 902//1694 1021//1859 
f 902//1694 905//1697 1021//1860 
f 905//1697 907//1701 1022//1861 
f 907//1701 911//1705 1022//1862 
f 1020//1863 1009//1836 1006//1833 
f 911//1705 940//1741 1020//1863 
f 1020//1863 1010//1839 1009//1836 
f 940//1741 1010//1839 1020//1863 
f 940//1741 939//1740 1010//1839 
f 1023//1612 1024//1613 1025//1614 
f 1026//1615 1024//1613 1023//1612 
f 1023//1612 1025//1614 1027//1616 
f 1024//1613 1028//1617 1025//1614 
f 1029//1618 1027//1616 1025//1614 
f 1026//1619 1030//1620 1024//1613 
f 1024//1613 1030//1620 1028//1617 
f 1031//1621 1026//1629 1032//1623 
f 1033//1624 1026//1629 1031//1621 
f 1033//1624 1034//1625 1026//1629 
f 1032//1623 1027//1626 1035//1627 
f 1034//1625 1036//1628 1026//1629 
f 1035//1627 1027//1630 1037//1631 
f 1036//1628 1038//1632 1026//1633 
f 1039//1634 1040//1635 1037//1631 
f 1038//1632 1041//1636 1042//1637 
f 1039//1638 1043//1639 1040//1635 
f 1041//1636 1044//1640 1042//1641 
f 1045//1642 1046//1643 1043//1639 
f 1044//1640 1047//1644 1042//1645 
f 1030//1620 1048//1646 1049//1647 
f 1030//1620 1049//1647 1028//1617 
f 1048//1646 1050//1648 1049//1647 
f 1048//1649 1051//1650 1050//1648 
f 1052//1651 1053//1652 1051//1650 
f 1052//1651 1054//1653 1053//1652 
f 1052//1654 1055//1655 1054//1653 
f 1052//1654 1056//1656 1055//1655 
f 1047//1644 1057//1657 1052//1654 
f 1057//1657 1056//1656 1052//1654 
f 1057//1657 1058//1658 1056//1656 
f 1059//1659 1025//1614 1028//1617 
f 1060//1660 1059//1659 1028//1617 
f 1061//1661 1059//1659 1060//1660 
f 1062//1662 1029//1618 1059//1659 
f 1059//1659 1029//1618 1025//1614 
f 1063//1663 1064//1664 1062//1665 
f 1064//1664 1065//1666 1062//1667 
f 1065//1666 1066//1668 1045//1642 
f 1066//1668 1067//1669 1045//1642 
f 1067//1669 1046//1643 1045//1642 
f 1067//1669 1068//1670 1046//1643 
f 1069//1671 1063//1663 1062//1672 
f 1070//1673 1069//1671 1061//1674 
f 1071//1675 1070//1673 1061//1674 
f 1071//1675 1061//1674 1072//1676 
f 1072//1676 1073//1677 1074//1678 
f 1074//1678 1073//1679 1075//1680 
f 1073//1681 1060//1660 1049//1647 
f 1060//1660 1028//1617 1049//1647 
f 1073//1681 1049//1647 1050//1648 
f 1073//1679 1050//1648 1051//1650 
f 1075//1680 1073//1679 1051//1650 
f 1075//1680 1051//1650 1053//1652 
f 1076//1682 1077//1683 1078//1684 
f 1079//1685 1076//1682 1078//1684 
f 1079//1686 1080//1687 1076//1682 
f 1076//1682 1080//1687 1077//1683 
f 1081//1688 1082//1689 1083//1690 
f 1084//1691 1082//1689 1081//1688 
f 1084//1691 1085//1692 1082//1689 
f 1083//1690 1086//1693 1087//1694 
f 1085//1692 1088//1695 1082//1689 
f 1087//1694 1089//1696 1090//1697 
f 1088//1695 1091//1698 1082//1699 
f 1089//1700 1092//1701 1090//1697 
f 1091//1698 1093//1702 1094//1703 
f 1095//1704 1096//1705 1092//1701 
f 1093//1702 1097//1706 1094//1707 
f 1097//1706 1098//1708 1094//1709 
f 1098//1708 1099//1710 1100//1711 
f 1099//1710 1101//1712 1100//1711 
f 1099//1710 1102//1713 1101//1712 
f 1100//1711 1101//1712 1103//1714 
f 1100//1711 1103//1714 1104//1715 
f 1105//1716 1104//1715 1106//1717 
f 1107//1718 1105//1719 1106//1717 
f 1108//1720 1105//1721 1107//1718 
f 1080//1687 1109//1722 1110//1723 
f 1080//1687 1110//1723 1077//1683 
f 1111//1724 1112//1725 1108//1720 
f 1113//1726 1112//1725 1111//1724 
f 1113//1726 1114//1727 1112//1725 
f 1112//1728 1115//1729 1110//1723 
f 1115//1729 1077//1683 1110//1723 
f 1114//1727 1116//1730 1117//1731 
f 1116//1730 1118//1732 1117//1733 
f 1117//1734 1119//1735 1115//1729 
f 1115//1729 1119//1735 1077//1683 
f 1117//1734 1120//1736 1119//1735 
f 1117//1733 1121//1737 1120//1736 
f 1118//1732 1121//1737 1117//1733 
f 1118//1732 1122//1738 1121//1737 
f 1123//1739 1124//1740 1125//1741 
f 1123//1739 1125//1741 1095//1704 
f 1095//1704 1125//1741 1096//1705 
f 1126//1742 1123//1739 1095//1704 
f 1127//1743 1126//1742 1095//1744 
f 1122//1738 1127//1743 1095//1745 
f 1122//1738 1095//1745 1121//1737 
f 1121//1737 1128//1746 1120//1736 
f 1120//1736 1128//1747 1119//1735 
f 1119//1735 1128//1747 1078//1684 
f 1119//1735 1078//1684 1077//1683 
f 1046//1643 1068//1670 1129//1748 
f 1046//1643 1129//1748 1130//1749 
f 1043//1639 1046//1643 1130//1749 
f 1130//1749 1129//1748 1131//1750 
f 1040//1635 1043//1639 1132//1751 
f 1130//1749 1131//1750 1133//1752 
f 1037//1631 1040//1635 1132//1753 
f 1130//1749 1133//1752 1134//1754 
f 1035//1627 1037//1631 1135//1755 
f 1136//1756 1137//1757 1134//1754 
f 1032//1623 1035//1627 1135//1758 
f 1138//1759 1137//1760 1136//1756 
f 1031//1621 1032//1623 1139//1761 
f 1140//1762 1141//1763 1138//1759 
f 1033//1624 1031//1621 1139//1761 
f 1033//1624 1139//1761 1142//1764 
f 1142//1764 1139//1765 1143//1766 
f 1143//1766 1139//1765 1144//1767 
f 1144//1767 1145//1768 1146//1769 
f 1145//1770 1147//1771 1146//1769 
f 1102//1713 1141//1763 1140//1762 
f 1102//1713 1099//1710 1141//1763 
f 1099//1710 1098//1708 1148//1772 
f 1098//1708 1097//1706 1148//1773 
f 1097//1706 1093//1702 1148//1774 
f 1093//1702 1091//1698 1149//1775 
f 1091//1698 1088//1695 1149//1776 
f 1145//1777 1150//1778 1147//1771 
f 1088//1695 1085//1692 1145//1777 
f 1145//1777 1151//1779 1150//1778 
f 1085//1692 1151//1779 1145//1777 
f 1085//1692 1084//1691 1151//1779 
f 1070//1673 1071//1675 1152//1780 
f 1070//1673 1152//1780 1153//1783 
f 1069//1671 1070//1673 1153//1783 
f 1153//1783 1152//1780 1154//1782 
f 1063//1663 1069//1671 1153//1783 
f 1153//1864 1154//1782 1155//1784 
f 1064//1664 1063//1663 1156//1785 
f 1153//1864 1155//1784 1157//1786 
f 1065//1666 1064//1664 1156//1787 
f 1158//1788 1159//1789 1157//1786 
f 1066//1668 1065//1666 1156//1790 
f 1160//1791 1159//1792 1158//1788 
f 1067//1669 1066//1668 1161//1793 
f 1162//1794 1163//1795 1160//1791 
f 1068//1670 1067//1669 1161//1793 
f 1068//1670 1161//1793 1129//1748 
f 1129//1748 1164//1796 1131//1750 
f 1131//1750 1164//1796 1133//1752 
f 1133//1752 1165//1797 1134//1754 
f 1165//1798 1136//1756 1134//1754 
f 1113//1726 1163//1795 1162//1794 
f 1113//1726 1111//1724 1163//1795 
f 1111//1724 1108//1720 1166//1799 
f 1108//1720 1107//1718 1166//1800 
f 1107//1718 1106//1717 1166//1801 
f 1106//1717 1104//1715 1167//1802 
f 1104//1715 1103//1714 1167//1803 
f 1165//1804 1138//1759 1136//1756 
f 1103//1714 1101//1712 1165//1804 
f 1165//1804 1140//1762 1138//1759 
f 1101//1712 1140//1762 1165//1804 
f 1101//1712 1102//1713 1140//1762 
f 1075//1680 1053//1652 1168//1805 
f 1075//1680 1168//1805 1169//1806 
f 1074//1678 1075//1680 1169//1806 
f 1169//1806 1168//1805 1170//1807 
f 1072//1676 1074//1678 1169//1808 
f 1169//1809 1170//1807 1171//1810 
f 1071//1675 1072//1676 1169//1808 
f 1071//1675 1169//1808 1152//1780 
f 1172//1811 1171//1810 1173//1812 
f 1152//1780 1174//1813 1154//1782 
f 1175//1814 1172//1815 1173//1812 
f 1154//1782 1174//1813 1155//1784 
f 1176//1816 1177//1817 1175//1814 
f 1155//1784 1178//1818 1157//1786 
f 1179//1819 1177//1820 1176//1816 
f 1178//1821 1158//1788 1157//1786 
f 1122//1738 1180//1822 1179//1819 
f 1122//1738 1118//1732 1180//1822 
f 1178//1823 1160//1791 1158//1788 
f 1118//1732 1116//1730 1180//1824 
f 1180//1824 1162//1794 1160//1791 
f 1116//1730 1114//1727 1180//1824 
f 1114//1727 1162//1794 1180//1824 
f 1114//1727 1113//1726 1162//1794 
f 1056//1656 1058//1658 1181//1825 
f 1056//1656 1181//1825 1182//1865 
f 1055//1655 1056//1656 1182//1865 
f 1182//1865 1181//1825 1183//1827 
f 1054//1653 1055//1655 1182//1826 
f 1182//1865 1183//1827 1184//1829 
f 1053//1652 1054//1653 1182//1830 
f 1053//1652 1182//1830 1168//1805 
f 1185//1828 1184//1829 1186//1831 
f 1168//1805 1187//1832 1170//1807 
f 1188//1833 1185//1834 1186//1831 
f 1170//1807 1187//1835 1171//1810 
f 1189//1836 1185//1837 1188//1833 
f 1171//1810 1190//1838 1173//1812 
f 1191//1839 1192//1843 1189//1836 
f 1190//1841 1175//1814 1173//1812 
f 1124//1740 1192//1843 1191//1839 
f 1124//1740 1123//1739 1192//1843 
f 1192//1842 1176//1816 1175//1814 
f 1123//1739 1126//1742 1192//1843 
f 1192//1844 1179//1819 1176//1816 
f 1126//1742 1127//1743 1192//1844 
f 1127//1743 1179//1819 1192//1844 
f 1127//1743 1122//1738 1179//1819 
f 1034//1625 1033//1624 1142//1764 
f 1034//1625 1142//1764 1193//1845 
f 1036//1628 1034//1625 1193//1845 
f 1193//1845 1142//1764 1143//1766 
f 1038//1632 1036//1628 1194//1846 
f 1193//1845 1143//1766 1144//1767 
f 1041//1636 1038//1632 1194//1847 
f 1195//1848 1144//1767 1146//1769 
f 1044//1640 1041//1636 1196//1849 
f 1147//1771 1195//1850 1146//1769 
f 1047//1644 1044//1640 1196//1851 
f 1150//1778 1195//1852 1147//1771 
f 1057//1657 1047//1644 1197//1853 
f 1151//1779 1198//1854 1150//1778 
f 1058//1658 1057//1657 1197//1853 
f 1058//1658 1197//1853 1181//1825 
f 1181//1825 1197//1855 1183//1827 
f 1183//1827 1197//1855 1184//1829 
f 1184//1829 1199//1856 1186//1831 
f 1199//1857 1188//1833 1186//1831 
f 1084//1691 1198//1854 1151//1779 
f 1084//1691 1081//1688 1198//1854 
f 1081//1688 1083//1690 1200//1858 
f 1083//1690 1087//1694 1200//1859 
f 1087//1694 1090//1697 1200//1860 
f 1090//1697 1092//1701 1201//1861 
f 1092//1701 1096//1705 1201//1862 
f 1199//1863 1189//1836 1188//1833 
f 1096//1705 1125//1741 1199//1863 
f 1199//1863 1191//1839 1189//1836 
f 1125//1741 1191//1839 1199//1863 
f 1125//1741 1124//1740 1191//1839 
f 1202//1612 1203//1613 1204//1614 
f 1205//1615 1203//1613 1202//1612 
f 1202//1612 1204//1614 1206//1616 
f 1203//1613 1207//1617 1204//1614 
f 1208//1618 1206//1616 1204//1614 
f 1205//1619 1209//1620 1203//1613 
f 1203//1613 1209//1620 1207//1617 
f 1210//1621 1205//1629 1211//1623 
f 1212//1624 1205//1629 1210//1621 
f 1212//1624 1213//1625 1205//1629 
f 1211//1623 1206//1626 1214//1627 
f 1213//1625 1215//1628 1205//1629 
f 1214//1627 1206//1630 1216//1631 
f 1215//1628 1217//1632 1205//1633 
f 1206//1634 1218//1635 1216//1631 
f 1217//1632 1219//1636 1220//1637 
f 1206//1638 1221//1639 1218//1635 
f 1219//1636 1222//1640 1220//1641 
f 1223//1642 1224//1643 1221//1639 
f 1222//1640 1225//1644 1220//1645 
f 1209//1620 1220//1646 1226//1647 
f 1209//1620 1226//1647 1207//1617 
f 1220//1646 1227//1648 1226//1647 
f 1220//1649 1228//1650 1227//1648 
f 1229//1651 1230//1652 1228//1650 
f 1229//1651 1231//1653 1230//1652 
f 1229//1654 1232//1655 1231//1653 
f 1229//1654 1233//1656 1232//1655 
f 1225//1644 1234//1657 1229//1654 
f 1234//1657 1233//1656 1229//1654 
f 1234//1657 1235//1658 1233//1656 
f 1236//1659 1204//1614 1207//1617 
f 1237//1660 1236//1659 1207//1617 
f 1238//1661 1236//1659 1237//1660 
f 1239//1662 1208//1618 1236//1659 
f 1236//1659 1208//1618 1204//1614 
f 1240//1663 1241//1664 1239//1665 
f 1241//1664 1242//1666 1239//1667 
f 1242//1666 1243//1668 1223//1642 
f 1243//1668 1244//1669 1223//1642 
f 1244//1669 1224//1643 1223//1642 
f 1244//1669 1245//1670 1224//1643 
f 1246//1671 1240//1663 1239//1672 
f 1247//1673 1246//1671 1238//1674 
f 1248//1675 1247//1673 1238//1674 
f 1248//1675 1238//1674 1249//1676 
f 1249//1676 1238//1674 1250//1678 
f 1250//1678 1238//1679 1251//1680 
f 1238//1681 1237//1660 1226//1647 
f 1237//1660 1207//1617 1226//1647 
f 1238//1681 1226//1647 1227//1648 
f 1238//1679 1227//1648 1228//1650 
f 1251//1680 1238//1679 1228//1650 
f 1251//1680 1228//1650 1230//1652 
f 1252//1682 1253//1683 1254//1684 
f 1255//1685 1252//1682 1254//1684 
f 1255//1686 1256//1687 1252//1682 
f 1252//1682 1256//1687 1253//1683 
f 1257//1688 1255//1689 1258//1690 
f 1259//1691 1255//1689 1257//1688 
f 1259//1691 1260//1692 1255//1689 
f 1258//1690 1261//1693 1262//1694 
f 1260//1692 1263//1695 1255//1689 
f 1262//1694 1264//1696 1265//1697 
f 1263//1695 1266//1698 1255//1699 
f 1264//1700 1267//1701 1265//1697 
f 1266//1698 1268//1702 1269//1703 
f 1270//1704 1271//1705 1267//1701 
f 1268//1702 1272//1706 1269//1707 
f 1272//1706 1273//1708 1269//1709 
f 1273//1708 1274//1710 1269//1711 
f 1274//1710 1275//1712 1269//1711 
f 1274//1710 1276//1713 1275//1712 
f 1269//1711 1275//1712 1277//1714 
f 1269//1711 1277//1714 1278//1715 
f 1279//1716 1278//1715 1280//1717 
f 1281//1718 1279//1719 1280//1717 
f 1282//1720 1279//1721 1281//1718 
f 1256//1687 1283//1722 1284//1723 
f 1256//1687 1284//1723 1253//1683 
f 1285//1724 1286//1725 1282//1720 
f 1287//1726 1286//1725 1285//1724 
f 1287//1726 1288//1727 1286//1725 
f 1286//1728 1289//1729 1284//1723 
f 1289//1729 1253//1683 1284//1723 
f 1288//1727 1290//1730 1286//1725 
f 1290//1730 1291//1732 1286//1733 
f 1286//1734 1292//1735 1289//1729 
f 1289//1729 1292//1735 1253//1683 
f 1286//1734 1293//1736 1292//1735 
f 1286//1733 1294//1737 1293//1736 
f 1291//1732 1294//1737 1286//1733 
f 1291//1732 1295//1738 1294//1737 
f 1296//1739 1297//1740 1298//1741 
f 1296//1739 1298//1741 1270//1704 
f 1270//1704 1298//1741 1271//1705 
f 1299//1742 1296//1739 1270//1704 
f 1300//1743 1299//1742 1270//1744 
f 1295//1738 1300//1743 1270//1745 
f 1295//1738 1270//1745 1294//1737 
f 1294//1737 1261//1746 1293//1736 
f 1293//1736 1261//1747 1292//1735 
f 1292//1735 1261//1747 1254//1684 
f 1292//1735 1254//1684 1253//1683 
f 1224//1643 1245//1670 1301//1748 
f 1224//1643 1301//1748 1302//1749 
f 1221//1639 1224//1643 1302//1749 
f 1302//1749 1301//1748 1303//1750 
f 1218//1635 1221//1639 1304//1751 
f 1302//1749 1303//1750 1305//1752 
f 1216//1631 1218//1635 1304//1753 
f 1302//1749 1305//1752 1306//1754 
f 1214//1627 1216//1631 1304//1755 
f 1307//1756 1308//1757 1306//1754 
f 1211//1623 1214//1627 1304//1758 
f 1309//1759 1308//1760 1307//1756 
f 1210//1621 1211//1623 1310//1761 
f 1311//1762 1312//1763 1309//1759 
f 1212//1624 1210//1621 1310//1761 
f 1212//1624 1310//1761 1313//1764 
f 1313//1764 1310//1765 1314//1766 
f 1314//1766 1310//1765 1315//1767 
f 1315//1767 1316//1768 1317//1769 
f 1316//1770 1318//1771 1317//1769 
f 1276//1713 1312//1763 1311//1762 
f 1276//1713 1274//1710 1312//1763 
f 1274//1710 1273//1708 1319//1772 
f 1273//1708 1272//1706 1319//1773 
f 1272//1706 1268//1702 1319//1774 
f 1268//1702 1266//1698 1320//1775 
f 1266//1698 1263//1695 1320//1776 
f 1316//1777 1321//1778 1318//1771 
f 1263//1695 1260//1692 1316//1777 
f 1316//1777 1322//1779 1321//1778 
f 1260//1692 1322//1779 1316//1777 
f 1260//1692 1259//1691 1322//1779 
f 1247//1673 1248//1675 1323//1780 
f 1247//1673 1323//1780 1324//1783 
f 1246//1671 1247//1673 1324//1783 
f 1324//1783 1323//1780 1325//1782 
f 1240//1663 1246//1671 1324//1783 
f 1324//1864 1325//1782 1326//1784 
f 1241//1664 1240//1663 1327//1785 
f 1324//1864 1326//1784 1328//1786 
f 1242//1666 1241//1664 1327//1787 
f 1329//1788 1330//1789 1328//1786 
f 1243//1668 1242//1666 1327//1790 
f 1331//1791 1330//1792 1329//1788 
f 1244//1669 1243//1668 1332//1793 
f 1333//1794 1334//1795 1331//1791 
f 1245//1670 1244//1669 1332//1793 
f 1245//1670 1332//1793 1301//1748 
f 1301//1748 1332//1796 1303//1750 
f 1303//1750 1332//1796 1305//1752 
f 1305//1752 1335//1797 1306//1754 
f 1335//1798 1307//1756 1306//1754 
f 1287//1726 1334//1795 1333//1794 
f 1287//1726 1285//1724 1334//1795 
f 1285//1724 1282//1720 1336//1799 
f 1282//1720 1281//1718 1336//1800 
f 1281//1718 1280//1717 1336//1801 
f 1280//1717 1278//1715 1337//1802 
f 1278//1715 1277//1714 1337//1803 
f 1335//1804 1309//1759 1307//1756 
f 1277//1714 1275//1712 1335//1804 
f 1335//1804 1311//1762 1309//1759 
f 1275//1712 1311//1762 1335//1804 
f 1275//1712 1276//1713 1311//1762 
f 1251//1680 1230//1652 1338//1805 
f 1251//1680 1338//1805 1339//1806 
f 1250//1678 1251//1680 1339//1806 
f 1339//1806 1338//1805 1340//1807 
f 1249//1676 1250//1678 1339//1808 
f 1339//1809 1340//1807 1341//1810 
f 1248//1675 1249//1676 1339//1808 
f 1248//1675 1339//1808 1323//1780 
f 1339//1811 1341//1810 1342//1812 
f 1323//1780 1343//1813 1325//1782 
f 1344//1814 1339//1815 1342//1812 
f 1325//1782 1343//1813 1326//1784 
f 1345//1816 1346//1817 1344//1814 
f 1326//1784 1347//1818 1328//1786 
f 1348//1819 1346//1820 1345//1816 
f 1347//1821 1329//1788 1328//1786 
f 1295//1738 1346//1822 1348//1819 
f 1295//1738 1291//1732 1346//1822 
f 1347//1823 1331//1791 1329//1788 
f 1291//1732 1290//1730 1346//1824 
f 1346//1824 1333//1794 1331//1791 
f 1290//1730 1288//1727 1346//1824 
f 1288//1727 1333//1794 1346//1824 
f 1288//1727 1287//1726 1333//1794 
f 1233//1656 1235//1658 1349//1825 
f 1233//1656 1349//1825 1350//1826 
f 1232//1655 1233//1656 1350//1826 
f 1350//1826 1349//1825 1351//1827 
f 1231//1653 1232//1655 1350//1826 
f 1352//1828 1351//1827 1353//1829 
f 1230//1652 1231//1653 1350//1830 
f 1230//1652 1350//1830 1338//1805 
f 1352//1828 1353//1829 1354//1831 
f 1338//1805 1350//1832 1340//1807 
f 1355//1833 1352//1834 1354//1831 
f 1340//1807 1356//1835 1341//1810 
f 1357//1836 1352//1837 1355//1833 
f 1341//1810 1356//1838 1342//1812 
f 1358//1839 1359//1843 1357//1836 
f 1356//1841 1344//1814 1342//1812 
f 1297//1740 1359//1843 1358//1839 
f 1297//1740 1296//1739 1359//1843 
f 1359//1842 1345//1816 1344//1814 
f 1296//1739 1299//1742 1359//1843 
f 1359//1844 1348//1819 1345//1816 
f 1299//1742 1300//1743 1359//1844 
f 1300//1743 1348//1819 1359//1844 
f 1300//1743 1295//1738 1348//1819 
f 1213//1625 1212//1624 1313//1764 
f 1213//1625 1313//1764 1360//1845 
f 1215//1628 1213//1625 1360//1845 
f 1360//1845 1313//1764 1314//1766 
f 1217//1632 1215//1628 1360//1846 
f 1360//1845 1314//1766 1315//1767 
f 1219//1636 1217//1632 1360//1847 
f 1361//1848 1315//1767 1317//1769 
f 1222//1640 1219//1636 1362//1849 
f 1318//1771 1361//1850 1317//1769 
f 1225//1644 1222//1640 1362//1851 
f 1321//1778 1361//1852 1318//1771 
f 1234//1657 1225//1644 1363//1853 
f 1322//1779 1364//1854 1321//1778 
f 1235//1658 1234//1657 1363//1853 
f 1235//1658 1363//1853 1349//1825 
f 1349//1825 1363//1855 1351//1827 
f 1351//1827 1363//1855 1353//1829 
f 1353//1829 1365//1856 1354//1831 
f 1365//1857 1355//1833 1354//1831 
f 1259//1691 1364//1854 1322//1779 
f 1259//1691 1257//1688 1364//1854 
f 1257//1688 1258//1690 1366//1858 
f 1258//1690 1262//1694 1366//1859 
f 1262//1694 1265//1697 1366//1860 
f 1265//1697 1267//1701 1367//1861 
f 1267//1701 1271//1705 1367//1862 
f 1365//1863 1357//1836 1355//1833 
f 1271//1705 1298//1741 1365//1863 
f 1365//1863 1358//1839 1357//1836 
f 1298//1741 1358//1839 1365//1863 
f 1298//1741 1297//1740 1358//1839 
f 1368//1612 1369//1613 1370//1614 
f 1371//1615 1369//1613 1368//1612 
f 1368//1612 1370//1614 1372//1616 
f 1369//1613 1373//1617 1370//1614 
f 1374//1618 1372//1616 1370//1614 
f 1371//1619 1375//1620 1369//1613 
f 1369//1613 1375//1620 1373//1617 
f 1376//1621 1371//1629 1377//1623 
f 1378//1624 1371//1629 1376//1621 
f 1378//1624 1379//1625 1371//1629 
f 1377//1623 1372//1626 1380//1627 
f 1379//1625 1381//1628 1371//1629 
f 1380//1627 1372//1630 1382//1631 
f 1381//1628 1383//1632 1371//1633 
f 1372//1634 1384//1635 1382//1631 
f 1383//1632 1385//1636 1386//1637 
f 1372//1638 1387//1639 1384//1635 
f 1385//1636 1388//1640 1386//1641 
f 1389//1642 1390//1643 1387//1639 
f 1388//1640 1391//1644 1386//1645 
f 1375//1620 1386//1646 1392//1647 
f 1375//1620 1392//1647 1373//1617 
f 1386//1646 1393//1648 1392//1647 
f 1386//1649 1394//1650 1393//1648 
f 1395//1651 1396//1652 1394//1650 
f 1395//1651 1397//1653 1396//1652 
f 1395//1654 1398//1655 1397//1653 
f 1395//1654 1399//1656 1398//1655 
f 1391//1644 1400//1657 1395//1654 
f 1400//1657 1399//1656 1395//1654 
f 1400//1657 1401//1658 1399//1656 
f 1402//1659 1370//1614 1373//1617 
f 1403//1660 1402//1659 1373//1617 
f 1404//1661 1402//1659 1403//1660 
f 1405//1662 1374//1618 1402//1659 
f 1402//1659 1374//1618 1370//1614 
f 1406//1663 1407//1664 1405//1665 
f 1407//1664 1408//1666 1405//1667 
f 1408//1666 1409//1668 1389//1642 
f 1409//1668 1410//1669 1389//1642 
f 1410//1669 1390//1643 1389//1642 
f 1410//1669 1411//1670 1390//1643 
f 1412//1671 1406//1663 1405//1672 
f 1413//1673 1412//1671 1404//1674 
f 1414//1675 1413//1673 1404//1674 
f 1414//1675 1404//1674 1415//1676 
f 1415//1676 1404//1674 1416//1678 
f 1416//1678 1404//1679 1417//1680 
f 1404//1681 1403//1660 1392//1647 
f 1403//1660 1373//1617 1392//1647 
f 1404//1681 1392//1647 1393//1648 
f 1404//1679 1393//1648 1394//1650 
f 1417//1680 1404//1679 1394//1650 
f 1417//1680 1394//1650 1396//1652 
f 1418//1682 1419//1683 1420//1684 
f 1421//1685 1418//1682 1420//1684 
f 1421//1686 1422//1687 1418//1682 
f 1418//1682 1422//1687 1419//1683 
f 1423//1688 1421//1689 1424//1690 
f 1425//1691 1421//1689 1423//1688 
f 1425//1691 1426//1692 1421//1689 
f 1424//1690 1427//1693 1428//1694 
f 1426//1692 1429//1695 1421//1689 
f 1428//1694 1427//1696 1430//1697 
f 1429//1695 1431//1698 1421//1699 
f 1427//1700 1432//1701 1430//1697 
f 1431//1698 1433//1702 1434//1703 
f 1427//1704 1435//1705 1432//1701 
f 1433//1702 1436//1706 1434//1707 
f 1436//1706 1437//1708 1434//1709 
f 1437//1708 1438//1710 1434//1711 
f 1438//1710 1439//1712 1434//1711 
f 1438//1710 1440//1713 1439//1712 
f 1434//1711 1439//1712 1441//1714 
f 1434//1711 1441//1714 1442//1715 
f 1443//1716 1442//1715 1444//1717 
f 1445//1718 1443//1719 1444//1717 
f 1446//1720 1443//1721 1445//1718 
f 1422//1687 1447//1722 1448//1723 
f 1422//1687 1448//1723 1419//1683 
f 1449//1724 1450//1725 1446//1720 
f 1451//1726 1450//1725 1449//1724 
f 1451//1726 1452//1727 1450//1725 
f 1450//1728 1453//1729 1448//1723 
f 1453//1729 1419//1683 1448//1723 
f 1452//1727 1454//1730 1450//1725 
f 1454//1730 1455//1732 1450//1733 
f 1450//1734 1456//1735 1453//1729 
f 1453//1729 1456//1735 1419//1683 
f 1450//1734 1457//1736 1456//1735 
f 1450//1733 1458//1737 1457//1736 
f 1455//1732 1458//1737 1450//1733 
f 1455//1732 1459//1738 1458//1737 
f 1460//1739 1461//1740 1462//1741 
f 1460//1739 1462//1741 1463//1744 
f 1463//1744 1462//1741 1435//1705 
f 1464//1742 1460//1739 1463//1744 
f 1465//1743 1464//1742 1463//1744 
f 1459//1738 1465//1743 1463//1745 
f 1459//1738 1463//1745 1458//1737 
f 1458//1737 1463//1746 1457//1736 
f 1457//1736 1427//1747 1456//1735 
f 1456//1735 1427//1747 1420//1684 
f 1456//1735 1420//1684 1419//1683 
f 1390//1643 1411//1670 1466//1748 
f 1390//1643 1466//1748 1467//1749 
f 1387//1639 1390//1643 1467//1749 
f 1467//1749 1466//1748 1468//1750 
f 1384//1635 1387//1639 1469//1751 
f 1467//1749 1468//1750 1470//1752 
f 1382//1631 1384//1635 1469//1753 
f 1467//1749 1470//1752 1471//1754 
f 1380//1627 1382//1631 1469//1755 
f 1472//1756 1473//1757 1471//1754 
f 1377//1623 1380//1627 1469//1758 
f 1474//1759 1473//1760 1472//1756 
f 1376//1621 1377//1623 1475//1761 
f 1476//1762 1477//1763 1474//1759 
f 1378//1624 1376//1621 1475//1761 
f 1378//1624 1475//1761 1478//1764 
f 1478//1764 1475//1761 1479//1766 
f 1479//1766 1475//1761 1480//1767 
f 1480//1767 1481//1768 1482//1769 
f 1481//1770 1483//1771 1482//1769 
f 1440//1713 1477//1763 1476//1762 
f 1440//1713 1438//1710 1477//1763 
f 1438//1710 1437//1708 1484//1772 
f 1437//1708 1436//1706 1484//1773 
f 1436//1706 1433//1702 1484//1774 
f 1433//1702 1431//1698 1485//1775 
f 1431//1698 1429//1695 1485//1776 
f 1481//1777 1486//1778 1483//1771 
f 1429//1695 1426//1692 1481//1777 
f 1481//1777 1487//1779 1486//1778 
f 1426//1692 1487//1779 1481//1777 
f 1426//1692 1425//1691 1487//1779 
f 1413//1673 1414//1675 1488//1780 
f 1413//1673 1488//1780 1489//1781 
f 1412//1671 1413//1673 1489//1781 
f 1489//1781 1488//1780 1490//1782 
f 1406//1663 1412//1671 1491//1783 
f 1489//1781 1490//1782 1492//1784 
f 1407//1664 1406//1663 1491//1785 
f 1489//1781 1492//1784 1493//1786 
f 1408//1666 1407//1664 1494//1787 
f 1495//1788 1496//1789 1493//1786 
f 1409//1668 1408//1666 1494//1790 
f 1497//1791 1496//1792 1495//1788 
f 1410//1669 1409//1668 1494//1793 
f 1498//1794 1499//1795 1497//1791 
f 1411//1670 1410//1669 1494//1793 
f 1411//1670 1494//1793 1466//1748 
f 1466//1748 1500//1796 1468//1750 
f 1468//1750 1500//1796 1470//1752 
f 1470//1752 1501//1797 1471//1754 
f 1501//1798 1472//1756 1471//1754 
f 1451//1726 1499//1795 1498//1794 
f 1451//1726 1449//1724 1499//1795 
f 1449//1724 1446//1720 1502//1799 
f 1446//1720 1445//1718 1502//1800 
f 1445//1718 1444//1717 1502//1801 
f 1444//1717 1442//1715 1503//1802 
f 1442//1715 1441//1714 1503//1803 
f 1501//1804 1474//1759 1472//1756 
f 1441//1714 1439//1712 1501//1804 
f 1501//1804 1476//1762 1474//1759 
f 1439//1712 1476//1762 1501//1804 
f 1439//1712 1440//1713 1476//1762 
f 1417//1680 1396//1652 1504//1805 
f 1417//1680 1504//1805 1505//1806 
f 1416//1678 1417//1680 1505//1806 
f 1505//1806 1504//1805 1506//1807 
f 1415//1676 1416//1678 1505//1808 
f 1505//1809 1506//1807 1507//1810 
f 1414//1675 1415//1676 1505//1808 
f 1414//1675 1505//1808 1488//1780 
f 1505//1811 1507//1810 1508//1812 
f 1488//1780 1509//1813 1490//1782 
f 1510//1814 1505//1815 1508//1812 
f 1490//1782 1509//1813 1492//1784 
f 1511//1816 1512//1817 1510//1814 
f 1492//1784 1513//1818 1493//1786 
f 1514//1819 1512//1820 1511//1816 
f 1513//1821 1495//1788 1493//1786 
f 1459//1738 1512//1822 1514//1819 
f 1459//1738 1455//1732 1512//1822 
f 1513//1823 1497//1791 1495//1788 
f 1455//1732 1454//1730 1512//1824 
f 1512//1824 1498//1794 1497//1791 
f 1454//1730 1452//1727 1512//1824 
f 1452//1727 1498//1794 1512//1824 
f 1452//1727 1451//1726 1498//1794 
f 1399//1656 1401//1658 1515//1825 
f 1399//1656 1515//1825 1516//1865 
f 1398//1655 1399//1656 1516//1865 
f 1516//1865 1515//1825 1517//1827 
f 1397//1653 1398//1655 1516//1826 
f 1516//1865 1517//1827 1518//1829 
f 1396//1652 1397//1653 1516//1830 
f 1396//1652 1516//1830 1504//1805 
f 1519//1828 1518//1829 1520//1831 
f 1504//1805 1519//1832 1506//1807 
f 1521//1833 1519//1834 1520//1831 
f 1506//1807 1519//1835 1507//1810 
f 1522//1836 1519//1837 1521//1833 
f 1507//1810 1523//1838 1508//1812 
f 1524//1839 1525//1843 1522//1836 
f 1523//1841 1510//1814 1508//1812 
f 1461//1740 1525//1843 1524//1839 
f 1461//1740 1460//1739 1525//1843 
f 1525//1842 1511//1816 1510//1814 
f 1460//1739 1464//1742 1525//1843 
f 1525//1844 1514//1819 1511//1816 
f 1464//1742 1465//1743 1525//1844 
f 1465//1743 1514//1819 1525//1844 
f 1465//1743 1459//1738 1514//1819 
f 1379//1625 1378//1624 1478//1764 
f 1379//1625 1478//1764 1526//1845 
f 1381//1628 1379//1625 1526//1845 
f 1526//1845 1478//1764 1479//1766 
f 1383//1632 1381//1628 1527//1846 
f 1526//1845 1479//1766 1480//1767 
f 1385//1636 1383//1632 1527//1847 
f 1528//1848 1480//1767 1482//1769 
f 1388//1640 1385//1636 1527//1849 
f 1483//1771 1528//1850 1482//1769 
f 1391//1644 1388//1640 1527//1851 
f 1486//1778 1528//1852 1483//1771 
f 1400//1657 1391//1644 1529//1853 
f 1487//1779 1530//1854 1486//1778 
f 1401//1658 1400//1657 1529//1853 
f 1401//1658 1529//1853 1515//1825 
f 1515//1825 1529//1855 1517//1827 
f 1517//1827 1529//1855 1518//1829 
f 1518//1829 1531//1856 1520//1831 
f 1531//1857 1521//1833 1520//1831 
f 1425//1691 1530//1854 1487//1779 
f 1425//1691 1423//1688 1530//1854 
f 1423//1688 1424//1690 1532//1858 
f 1424//1690 1428//1694 1532//1859 
f 1428//1694 1430//1697 1532//1860 
f 1430//1697 1432//1701 1533//1861 
f 1432//1701 1435//1705 1533//1862 
f 1531//1863 1522//1836 1521//1833 
f 1435//1705 1462//1741 1531//1863 
f 1531//1863 1524//1839 1522//1836 
f 1462//1741 1524//1839 1531//1863 
f 1462//1741 1461//1740 1524//1839 
f 1534//1612 1535//1613 1536//1614 
f 1537//1615 1535//1613 1534//1612 
f 1534//1612 1536//1614 1538//1616 
f 1535//1613 1539//1617 1536//1614 
f 1540//1618 1538//1616 1536//1614 
f 1537//1619 1541//1620 1535//1613 
f 1535//1613 1541//1620 1539//1617 
f 1542//1621 1537//1629 1543//1623 
f 1544//1624 1537//1629 1542//1621 
f 1544//1624 1545//1625 1537//1629 
f 1543//1623 1538//1626 1546//1627 
f 1545//1625 1547//1628 1537//1629 
f 1546//1627 1538//1630 1548//1631 
f 1547//1628 1549//1632 1537//1633 
f 1538//1634 1550//1635 1548//1631 
f 1549//1632 1551//1636 1552//1637 
f 1538//1638 1553//1639 1550//1635 
f 1551//1636 1554//1640 1552//1641 
f 1555//1642 1556//1643 1553//1639 
f 1554//1640 1557//1644 1552//1645 
f 1541//1620 1558//1646 1559//1647 
f 1541//1620 1559//1647 1539//1617 
f 1558//1646 1560//1648 1559//1647 
f 1558//1649 1561//1650 1560//1648 
f 1558//1651 1562//1652 1561//1650 
f 1558//1651 1563//1653 1562//1652 
f 1558//1654 1564//1655 1563//1653 
f 1552//1645 1565//1656 1564//1655 
f 1557//1644 1566//1657 1552//1645 
f 1566//1657 1565//1656 1552//1645 
f 1566//1657 1567//1658 1565//1656 
f 1568//1659 1536//1614 1539//1617 
f 1569//1660 1568//1659 1539//1617 
f 1570//1661 1568//1659 1569//1660 
f 1571//1662 1540//1618 1568//1659 
f 1568//1659 1540//1618 1536//1614 
f 1572//1663 1573//1664 1571//1665 
f 1573//1664 1574//1666 1571//1667 
f 1574//1666 1575//1668 1555//1642 
f 1575//1668 1576//1669 1555//1642 
f 1576//1669 1556//1643 1555//1642 
f 1576//1669 1577//1670 1556//1643 
f 1578//1671 1572//1663 1571//1672 
f 1579//1673 1578//1671 1570//1674 
f 1580//1675 1579//1673 1570//1674 
f 1580//1675 1570//1674 1581//1676 
f 1581//1676 1570//1674 1582//1678 
f 1582//1678 1570//1679 1583//1680 
f 1570//1681 1569//1660 1559//1647 
f 1569//1660 1539//1617 1559//1647 
f 1570//1681 1559//1647 1560//1648 
f 1570//1679 1560//1648 1561//1650 
f 1583//1680 1570//1679 1561//1650 
f 1583//1680 1561//1650 1562//1652 
f 1584//1682 1585//1683 1586//1684 
f 1587//1685 1584//1682 1586//1684 
f 1587//1686 1588//1687 1584//1682 
f 1584//1682 1588//1687 1585//1683 
f 1589//1688 1587//1689 1590//1690 
f 1591//1691 1587//1689 1589//1688 
f 1591//1691 1592//1692 1587//1689 
f 1590//1690 1593//1693 1594//1694 
f 1592//1692 1595//1695 1587//1689 
f 1594//1694 1593//1696 1596//1697 
f 1595//1695 1597//1698 1587//1699 
f 1593//1700 1598//1701 1596//1697 
f 1597//1698 1599//1702 1600//1703 
f 1593//1704 1601//1705 1598//1701 
f 1599//1702 1602//1706 1600//1707 
f 1602//1706 1603//1708 1600//1709 
f 1603//1708 1604//1710 1600//1711 
f 1604//1710 1605//1712 1600//1711 
f 1604//1710 1606//1713 1605//1712 
f 1600//1711 1605//1712 1607//1714 
f 1600//1711 1607//1714 1608//1715 
f 1609//1716 1608//1715 1610//1717 
f 1611//1718 1609//1719 1610//1717 
f 1612//1720 1609//1721 1611//1718 
f 1588//1687 1613//1722 1614//1723 
f 1588//1687 1614//1723 1585//1683 
f 1615//1724 1616//1725 1612//1720 
f 1617//1726 1616//1725 1615//1724 
f 1617//1726 1618//1727 1616//1725 
f 1616//1728 1619//1729 1614//1723 
f 1619//1729 1585//1683 1614//1723 
f 1618//1727 1620//1730 1616//1725 
f 1620//1730 1621//1732 1616//1733 
f 1616//1734 1622//1735 1619//1729 
f 1619//1729 1622//1735 1585//1683 
f 1616//1734 1623//1736 1622//1735 
f 1616//1733 1624//1737 1623//1736 
f 1621//1732 1624//1737 1616//1733 
f 1621//1732 1625//1738 1624//1737 
f 1626//1739 1627//1740 1628//1741 
f 1626//1739 1628//1741 1629//1744 
f 1629//1744 1628//1741 1601//1705 
f 1630//1742 1626//1739 1629//1744 
f 1631//1743 1630//1742 1629//1744 
f 1625//1738 1631//1743 1629//1745 
f 1625//1738 1629//1745 1624//1737 
f 1624//1737 1629//1746 1623//1736 
f 1623//1736 1593//1747 1622//1735 
f 1622//1735 1593//1747 1586//1684 
f 1622//1735 1586//1684 1585//1683 
f 1556//1643 1577//1670 1632//1748 
f 1556//1643 1632//1748 1633//1749 
f 1553//1639 1556//1643 1633//1749 
f 1633//1749 1632//1748 1634//1750 
f 1550//1635 1553//1639 1635//1751 
f 1633//1749 1634//1750 1636//1752 
f 1548//1631 1550//1635 1635//1753 
f 1633//1749 1636//1752 1637//1754 
f 1546//1627 1548//1631 1635//1755 
f 1638//1756 1639//1757 1637//1754 
f 1543//1623 1546//1627 1635//1758 
f 1640//1759 1639//1760 1638//1756 
f 1542//1621 1543//1623 1641//1761 
f 1642//1762 1643//1763 1640//1759 
f 1544//1624 1542//1621 1641//1761 
f 1544//1624 1641//1761 1644//1764 
f 1644//1764 1641//1765 1645//1766 
f 1645//1766 1641//1765 1646//1767 
f 1646//1767 1647//1768 1648//1769 
f 1647//1770 1649//1771 1648//1769 
f 1606//1713 1643//1763 1642//1762 
f 1606//1713 1604//1710 1643//1763 
f 1604//1710 1603//1708 1650//1772 
f 1603//1708 1602//1706 1650//1773 
f 1602//1706 1599//1702 1650//1774 
f 1599//1702 1597//1698 1651//1775 
f 1597//1698 1595//1695 1651//1776 
f 1647//1777 1652//1778 1649//1771 
f 1595//1695 1592//1692 1647//1777 
f 1647//1777 1653//1779 1652//1778 
f 1592//1692 1653//1779 1647//1777 
f 1592//1692 1591//1691 1653//1779 
f 1579//1673 1580//1675 1654//1780 
f 1579//1673 1654//1780 1655//1783 
f 1578//1671 1579//1673 1655//1783 
f 1655//1783 1654//1780 1656//1782 
f 1572//1663 1578//1671 1655//1783 
f 1655//1864 1656//1782 1657//1784 
f 1573//1664 1572//1663 1658//1785 
f 1655//1864 1657//1784 1659//1786 
f 1574//1666 1573//1664 1658//1787 
f 1660//1788 1661//1789 1659//1786 
f 1575//1668 1574//1666 1658//1790 
f 1662//1791 1661//1792 1660//1788 
f 1576//1669 1575//1668 1663//1793 
f 1664//1794 1665//1795 1662//1791 
f 1577//1670 1576//1669 1663//1793 
f 1577//1670 1663//1793 1632//1748 
f 1632//1748 1663//1796 1634//1750 
f 1634//1750 1663//1796 1636//1752 
f 1636//1752 1666//1797 1637//1754 
f 1666//1798 1638//1756 1637//1754 
f 1617//1726 1665//1795 1664//1794 
f 1617//1726 1615//1724 1665//1795 
f 1615//1724 1612//1720 1667//1799 
f 1612//1720 1611//1718 1667//1800 
f 1611//1718 1610//1717 1667//1801 
f 1610//1717 1608//1715 1668//1802 
f 1608//1715 1607//1714 1668//1803 
f 1666//1804 1640//1759 1638//1756 
f 1607//1714 1605//1712 1666//1804 
f 1666//1804 1642//1762 1640//1759 
f 1605//1712 1642//1762 1666//1804 
f 1605//1712 1606//1713 1642//1762 
f 1583//1680 1562//1652 1669//1805 
f 1583//1680 1669//1805 1670//1806 
f 1582//1678 1583//1680 1670//1806 
f 1670//1806 1669//1805 1671//1807 
f 1581//1676 1582//1678 1670//1808 
f 1670//1809 1671//1807 1672//1810 
f 1580//1675 1581//1676 1670//1808 
f 1580//1675 1670//1808 1654//1780 
f 1670//1811 1672//1810 1673//1812 
f 1654//1780 1674//1813 1656//1782 
f 1675//1814 1670//1815 1673//1812 
f 1656//1782 1674//1813 1657//1784 
f 1676//1816 1677//1817 1675//1814 
f 1657//1784 1678//1818 1659//1786 
f 1679//1819 1677//1820 1676//1816 
f 1678//1821 1660//1788 1659//1786 
f 1625//1738 1677//1822 1679//1819 
f 1625//1738 1621//1732 1677//1822 
f 1678//1823 1662//1791 1660//1788 
f 1621//1732 1620//1730 1677//1824 
f 1677//1824 1664//1794 1662//1791 
f 1620//1730 1618//1727 1677//1824 
f 1618//1727 1664//1794 1677//1824 
f 1618//1727 1617//1726 1664//1794 
f 1565//1656 1567//1658 1680//1825 
f 1565//1656 1680//1825 1681//1865 
f 1564//1655 1565//1656 1681//1865 
f 1681//1865 1680//1825 1682//1827 
f 1563//1653 1564//1655 1681//1826 
f 1681//1865 1682//1827 1683//1829 
f 1562//1652 1563//1653 1681//1830 
f 1562//1652 1681//1830 1669//1805 
f 1684//1828 1683//1829 1685//1831 
f 1669//1805 1681//1832 1671//1807 
f 1686//1833 1684//1834 1685//1831 
f 1671//1807 1687//1835 1672//1810 
f 1688//1836 1684//1837 1686//1833 
f 1672//1810 1687//1838 1673//1812 
f 1689//1839 1690//1843 1688//1836 
f 1687//1841 1675//1814 1673//1812 
f 1627//1740 1690//1843 1689//1839 
f 1627//1740 1626//1739 1690//1843 
f 1690//1842 1676//1816 1675//1814 
f 1626//1739 1630//1742 1690//1843 
f 1690//1844 1679//1819 1676//1816 
f 1630//1742 1631//1743 1690//1844 
f 1631//1743 1679//1819 1690//1844 
f 1631//1743 1625//1738 1679//1819 
f 1545//1625 1544//1624 1644//1764 
f 1545//1625 1644//1764 1691//1845 
f 1547//1628 1545//1625 1691//1845 
f 1691//1845 1644//1764 1645//1766 
f 1549//1632 1547//1628 1691//1846 
f 1691//1845 1645//1766 1646//1767 
f 1551//1636 1549//1632 1691//1847 
f 1692//1848 1646//1767 1648//1769 
f 1554//1640 1551//1636 1693//1849 
f 1649//1771 1692//1850 1648//1769 
f 1557//1644 1554//1640 1693//1851 
f 1652//1778 1692//1852 1649//1771 
f 1566//1657 1557//1644 1694//1853 
f 1653//1779 1695//1854 1652//1778 
f 1567//1658 1566//1657 1694//1853 
f 1567//1658 1694//1853 1680//1825 
f 1680//1825 1694//1855 1682//1827 
f 1682//1827 1694//1855 1683//1829 
f 1683//1829 1696//1856 1685//1831 
f 1696//1857 1686//1833 1685//1831 
f 1591//1691 1695//1854 1653//1779 
f 1591//1691 1589//1688 1695//1854 
f 1589//1688 1590//1690 1697//1858 
f 1590//1690 1594//1694 1697//1859 
f 1594//1694 1596//1697 1697//1860 
f 1596//1697 1598//1701 1698//1861 
f 1598//1701 1601//1705 1698//1862 
f 1696//1863 1688//1836 1686//1833 
f 1601//1705 1628//1741 1696//1863 
f 1696//1863 1689//1839 1688//1836 
f 1628//1741 1689//1839 1696//1863 
f 1628//1741 1627//1740 1689//1839 
f 1699//1612 1700//1613 1701//1614 
f 1702//1615 1700//1613 1699//1612 
f 1699//1612 1701//1614 1703//1616 
f 1700//1613 1704//1617 1701//1614 
f 1705//1618 1703//1616 1701//1614 
f 1702//1619 1706//1620 1700//1613 
f 1700//1613 1706//1620 1704//1617 
f 1707//1621 1702//1629 1708//1623 
f 1709//1624 1702//1629 1707//1621 
f 1709//1624 1710//1625 1702//1629 
f 1708//1623 1703//1626 1711//1627 
f 1710//1625 1712//1628 1702//1629 
f 1711//1627 1703//1630 1713//1631 
f 1712//1628 1714//1632 1702//1633 
f 1715//1634 1716//1635 1713//1631 
f 1714//1632 1717//1636 1718//1637 
f 1715//1638 1719//1639 1716//1635 
f 1717//1636 1720//1640 1718//1641 
f 1721//1642 1722//1643 1719//1639 
f 1720//1640 1723//1644 1718//1645 
f 1706//1620 1724//1646 1725//1647 
f 1706//1620 1725//1647 1704//1617 
f 1724//1646 1726//1648 1725//1647 
f 1724//1649 1727//1650 1726//1648 
f 1728//1651 1729//1652 1727//1650 
f 1728//1651 1730//1653 1729//1652 
f 1728//1654 1731//1655 1730//1653 
f 1728//1654 1732//1656 1731//1655 
f 1723//1644 1733//1657 1728//1654 
f 1733//1657 1732//1656 1728//1654 
f 1733//1657 1734//1658 1732//1656 
f 1735//1659 1701//1614 1704//1617 
f 1736//1660 1735//1659 1704//1617 
f 1737//1661 1735//1659 1736//1660 
f 1738//1662 1705//1618 1735//1659 
f 1735//1659 1705//1618 1701//1614 
f 1739//1663 1740//1664 1738//1665 
f 1740//1664 1741//1666 1738//1667 
f 1741//1666 1742//1668 1721//1642 
f 1742//1668 1743//1669 1721//1642 
f 1743//1669 1722//1643 1721//1642 
f 1743//1669 1744//1670 1722//1643 
f 1745//1671 1739//1663 1738//1672 
f 1746//1673 1745//1671 1737//1674 
f 1747//1675 1746//1673 1737//1674 
f 1747//1675 1737//1674 1748//1676 
f 1748//1676 1749//1677 1750//1678 
f 1750//1678 1749//1679 1751//1680 
f 1749//1681 1736//1660 1725//1647 
f 1736//1660 1704//1617 1725//1647 
f 1749//1681 1725//1647 1726//1648 
f 1749//1679 1726//1648 1727//1650 
f 1751//1680 1749//1679 1727//1650 
f 1751//1680 1727//1650 1729//1652 
f 1752//1682 1753//1683 1754//1684 
f 1755//1685 1752//1682 1754//1684 
f 1755//1686 1756//1687 1752//1682 
f 1752//1682 1756//1687 1753//1683 
f 1757//1688 1758//1689 1759//1690 
f 1760//1691 1758//1689 1757//1688 
f 1760//1691 1761//1692 1758//1689 
f 1759//1690 1762//1693 1763//1694 
f 1761//1692 1764//1695 1758//1689 
f 1763//1694 1765//1696 1766//1697 
f 1764//1695 1767//1698 1758//1699 
f 1765//1700 1768//1701 1766//1697 
f 1767//1698 1769//1702 1770//1703 
f 1771//1704 1772//1705 1768//1701 
f 1769//1702 1773//1706 1770//1707 
f 1773//1706 1774//1708 1770//1709 
f 1774//1708 1775//1710 1776//1711 
f 1775//1710 1777//1712 1776//1711 
f 1775//1710 1778//1713 1777//1712 
f 1776//1711 1777//1712 1779//1714 
f 1776//1711 1779//1714 1780//1715 
f 1781//1716 1780//1715 1782//1717 
f 1783//1718 1781//1719 1782//1717 
f 1784//1720 1781//1721 1783//1718 
f 1756//1687 1785//1722 1786//1723 
f 1756//1687 1786//1723 1753//1683 
f 1787//1724 1788//1725 1784//1720 
f 1789//1726 1788//1725 1787//1724 
f 1789//1726 1790//1727 1788//1725 
f 1788//1728 1791//1729 1786//1723 
f 1791//1729 1753//1683 1786//1723 
f 1790//1727 1792//1730 1793//1731 
f 1792//1730 1794//1732 1793//1733 
f 1793//1734 1795//1735 1791//1729 
f 1791//1729 1795//1735 1753//1683 
f 1793//1734 1796//1736 1795//1735 
f 1793//1733 1797//1737 1796//1736 
f 1794//1732 1797//1737 1793//1733 
f 1794//1732 1798//1738 1797//1737 
f 1799//1739 1800//1740 1801//1741 
f 1799//1739 1801//1741 1771//1704 
f 1771//1704 1801//1741 1772//1705 
f 1802//1742 1799//1739 1771//1704 
f 1803//1743 1802//1742 1771//1744 
f 1798//1738 1803//1743 1771//1745 
f 1798//1738 1771//1745 1797//1737 
f 1797//1737 1804//1746 1796//1736 
f 1796//1736 1804//1747 1795//1735 
f 1795//1735 1804//1747 1754//1684 
f 1795//1735 1754//1684 1753//1683 
f 1722//1643 1744//1670 1805//1748 
f 1722//1643 1805//1748 1806//1749 
f 1719//1639 1722//1643 1806//1749 
f 1806//1749 1805//1748 1807//1750 
f 1716//1635 1719//1639 1808//1751 
f 1806//1749 1807//1750 1809//1752 
f 1713//1631 1716//1635 1808//1753 
f 1806//1749 1809//1752 1810//1754 
f 1711//1627 1713//1631 1811//1755 
f 1812//1756 1813//1757 1810//1754 
f 1708//1623 1711//1627 1811//1758 
f 1814//1759 1813//1760 1812//1756 
f 1707//1621 1708//1623 1815//1761 
f 1816//1762 1817//1763 1814//1759 
f 1709//1624 1707//1621 1815//1761 
f 1709//1624 1815//1761 1818//1764 
f 1818//1764 1819//1765 1820//1766 
f 1820//1766 1819//1765 1821//1767 
f 1821//1767 1822//1768 1823//1769 
f 1822//1770 1824//1771 1823//1769 
f 1778//1713 1817//1763 1816//1762 
f 1778//1713 1775//1710 1817//1763 
f 1775//1710 1774//1708 1825//1772 
f 1774//1708 1773//1706 1825//1773 
f 1773//1706 1769//1702 1825//1774 
f 1769//1702 1767//1698 1826//1775 
f 1767//1698 1764//1695 1826//1776 
f 1822//1777 1827//1778 1824//1771 
f 1764//1695 1761//1692 1822//1777 
f 1822//1777 1828//1779 1827//1778 
f 1761//1692 1828//1779 1822//1777 
f 1761//1692 1760//1691 1828//1779 
f 1746//1673 1747//1675 1829//1780 
f 1746//1673 1829//1780 1830//1783 
f 1745//1671 1746//1673 1830//1783 
f 1830//1783 1829//1780 1831//1782 
f 1739//1663 1745//1671 1830//1783 
f 1830//1864 1831//1782 1832//1784 
f 1740//1664 1739//1663 1833//1785 
f 1830//1864 1832//1784 1834//1786 
f 1741//1666 1740//1664 1833//1787 
f 1835//1788 1836//1789 1834//1786 
f 1742//1668 1741//1666 1833//1790 
f 1837//1791 1836//1792 1835//1788 
f 1743//1669 1742//1668 1838//1793 
f 1839//1794 1840//1795 1837//1791 
f 1744//1670 1743//1669 1838//1793 
f 1744//1670 1838//1793 1805//1748 
f 1805//1748 1841//1796 1807//1750 
f 1807//1750 1841//1796 1809//1752 
f 1809//1752 1842//1797 1810//1754 
f 1842//1798 1812//1756 1810//1754 
f 1789//1726 1840//1795 1839//1794 
f 1789//1726 1787//1724 1840//1795 
f 1787//1724 1784//1720 1843//1799 
f 1784//1720 1783//1718 1843//1800 
f 1783//1718 1782//1717 1843//1801 
f 1782//1717 1780//1715 1844//1802 
f 1780//1715 1779//1714 1844//1803 
f 1842//1804 1814//1759 1812//1756 
f 1779//1714 1777//1712 1842//1804 
f 1842//1804 1816//1762 1814//1759 
f 1777//1712 1816//1762 1842//1804 
f 1777//1712 1778//1713 1816//1762 
f 1751//1680 1729//1652 1845//1805 
f 1751//1680 1845//1805 1846//1806 
f 1750//1678 1751//1680 1846//1806 
f 1846//1806 1845//1805 1847//1807 
f 1748//1676 1750//1678 1846//1808 
f 1846//1809 1847//1807 1848//1810 
f 1747//1675 1748//1676 1846//1808 
f 1747//1675 1846//1808 1829//1780 
f 1849//1811 1848//1810 1850//1812 
f 1829//1780 1851//1813 1831//1782 
f 1852//1814 1849//1815 1850//1812 
f 1831//1782 1851//1813 1832//1784 
f 1853//1816 1854//1817 1852//1814 
f 1832//1784 1855//1818 1834//1786 
f 1856//1819 1854//1820 1853//1816 
f 1855//1821 1835//1788 1834//1786 
f 1798//1738 1857//1822 1856//1819 
f 1798//1738 1794//1732 1857//1822 
f 1855//1823 1837//1791 1835//1788 
f 1794//1732 1792//1730 1857//1824 
f 1857//1824 1839//1794 1837//1791 
f 1792//1730 1790//1727 1857//1824 
f 1790//1727 1839//1794 1857//1824 
f 1790//1727 1789//1726 1839//1794 
f 1732//1656 1734//1658 1858//1825 
f 1732//1656 1858//1825 1859//1826 
f 1731//1655 1732//1656 1859//1826 
f 1859//1826 1858//1825 1860//1827 
f 1730//1653 1731//1655 1859//1826 
f 1861//1828 1860//1827 1862//1829 
f 1729//1652 1730//1653 1859//1830 
f 1729//1652 1859//1830 1845//1805 
f 1861//1828 1862//1829 1863//1831 
f 1845//1805 1859//1832 1847//1807 
f 1864//1833 1865//1834 1863//1831 
f 1847//1807 1866//1835 1848//1810 
f 1867//1836 1865//1837 1864//1833 
f 1848//1810 1866//1838 1850//1812 
f 1868//1839 1869//1843 1867//1836 
f 1866//1841 1852//1814 1850//1812 
f 1800//1740 1869//1843 1868//1839 
f 1800//1740 1799//1739 1869//1843 
f 1869//1842 1853//1816 1852//1814 
f 1799//1739 1802//1742 1869//1843 
f 1869//1844 1856//1819 1853//1816 
f 1802//1742 1803//1743 1869//1844 
f 1803//1743 1856//1819 1869//1844 
f 1803//1743 1798//1738 1856//1819 
f 1710//1625 1709//1624 1818//1764 
f 1710//1625 1818//1764 1870//1845 
f 1712//1628 1710//1625 1870//1845 
f 1870//1845 1818//1764 1820//1766 
f 1714//1632 1712//1628 1871//1846 
f 1870//1845 1820//1766 1821//1767 
f 1717//1636 1714//1632 1871//1847 
f 1872//1848 1821//1767 1823//1769 
f 1720//1640 1717//1636 1873//1849 
f 1824//1771 1872//1850 1823//1769 
f 1723//1644 1720//1640 1873//1851 
f 1827//1778 1872//1852 1824//1771 
f 1733//1657 1723//1644 1874//1853 
f 1828//1779 1875//1854 1827//1778 
f 1734//1658 1733//1657 1874//1853 
f 1734//1658 1874//1853 1858//1825 
f 1858//1825 1876//1855 1860//1827 
f 1860//1827 1876//1855 1862//1829 
f 1862//1829 1877//1856 1863//1831 
f 1877//1857 1864//1833 1863//1831 
f 1760//1691 1875//1854 1828//1779 
f 1760//1691 1757//1688 1875//1854 
f 1757//1688 1759//1690 1878//1858 
f 1759//1690 1763//1694 1878//1859 
f 1763//1694 1766//1697 1878//1860 
f 1766//1697 1768//1701 1879//1861 
f 1768//1701 1772//1705 1879//1862 
f 1877//1863 1867//1836 1864//1833 
f 1772//1705 1801//1741 1877//1863 
f 1877//1863 1868//1839 1867//1836 
f 1801//1741 1868//1839 1877//1863 
f 1801//1741 1800//1740 1868//1839 
f 1880//1612 1881//1613 1882//1614 
f 1883//1615 1881//1613 1880//1612 
f 1880//1612 1882//1614 1884//1616 
f 1881//1613 1885//1617 1882//1614 
f 1886//1618 1884//1616 1882//1614 
f 1883//1619 1887//1620 1881//1613 
f 1881//1613 1887//1620 1885//1617 
f 1888//1621 1883//1629 1889//1623 
f 1890//1624 1883//1629 1888//1621 
f 1890//1624 1891//1625 1883//1629 
f 1889//1623 1884//1626 1892//1627 
f 1891//1625 1893//1628 1883//1629 
f 1892//1627 1884//1630 1894//1631 
f 1893//1628 1895//1632 1883//1633 
f 1884//1634 1896//1635 1894//1631 
f 1895//1632 1897//1636 1898//1637 
f 1884//1638 1899//1639 1896//1635 
f 1897//1636 1900//1640 1898//1641 
f 1901//1642 1902//1643 1899//1639 
f 1900//1640 1903//1644 1898//1645 
f 1887//1620 1898//1646 1904//1647 
f 1887//1620 1904//1647 1885//1617 
f 1898//1646 1905//1648 1904//1647 
f 1898//1649 1906//1650 1905//1648 
f 1907//1651 1908//1652 1906//1650 
f 1907//1651 1909//1653 1908//1652 
f 1907//1654 1910//1655 1909//1653 
f 1907//1654 1911//1656 1910//1655 
f 1903//1644 1912//1657 1907//1654 
f 1912//1657 1911//1656 1907//1654 
f 1912//1657 1913//1658 1911//1656 
f 1914//1659 1882//1614 1885//1617 
f 1915//1660 1914//1659 1885//1617 
f 1916//1661 1914//1659 1915//1660 
f 1917//1662 1886//1618 1914//1659 
f 1914//1659 1886//1618 1882//1614 
f 1918//1663 1919//1664 1917//1665 
f 1919//1664 1920//1666 1917//1667 
f 1920//1666 1921//1668 1901//1642 
f 1921//1668 1922//1669 1901//1642 
f 1922//1669 1902//1643 1901//1642 
f 1922//1669 1923//1670 1902//1643 
f 1924//1671 1918//1663 1917//1672 
f 1925//1673 1924//1671 1916//1674 
f 1926//1675 1925//1673 1916//1674 
f 1926//1675 1916//1674 1927//1676 
f 1927//1676 1916//1674 1928//1678 
f 1928//1678 1916//1679 1929//1680 
f 1916//1681 1915//1660 1904//1647 
f 1915//1660 1885//1617 1904//1647 
f 1916//1681 1904//1647 1905//1648 
f 1916//1679 1905//1648 1906//1650 
f 1929//1680 1916//1679 1906//1650 
f 1929//1680 1906//1650 1908//1652 
f 1930//1682 1931//1683 1932//1684 
f 1933//1685 1930//1682 1932//1684 
f 1933//1686 1934//1687 1930//1682 
f 1930//1682 1934//1687 1931//1683 
f 1935//1688 1933//1689 1936//1690 
f 1937//1691 1933//1689 1935//1688 
f 1937//1691 1938//1692 1933//1689 
f 1936//1690 1939//1693 1940//1694 
f 1938//1692 1941//1695 1933//1689 
f 1940//1694 1942//1696 1943//1697 
f 1941//1695 1944//1698 1933//1699 
f 1942//1700 1945//1701 1943//1697 
f 1944//1698 1946//1702 1947//1703 
f 1948//1704 1949//1705 1945//1701 
f 1946//1702 1950//1706 1947//1707 
f 1950//1706 1951//1708 1947//1709 
f 1951//1708 1952//1710 1947//1711 
f 1952//1710 1953//1712 1947//1711 
f 1952//1710 1954//1713 1953//1712 
f 1947//1711 1953//1712 1955//1714 
f 1947//1711 1955//1714 1956//1715 
f 1957//1716 1956//1715 1958//1717 
f 1959//1718 1957//1719 1958//1717 
f 1960//1720 1957//1721 1959//1718 
f 1934//1687 1961//1722 1962//1723 
f 1934//1687 1962//1723 1931//1683 
f 1963//1724 1964//1725 1960//1720 
f 1965//1726 1964//1725 1963//1724 
f 1965//1726 1966//1727 1964//1725 
f 1964//1728 1967//1729 1962//1723 
f 1967//1729 1931//1683 1962//1723 
f 1966//1727 1968//1730 1964//1725 
f 1968//1730 1969//1732 1964//1733 
f 1964//1734 1970//1735 1967//1729 
f 1967//1729 1970//1735 1931//1683 
f 1964//1734 1971//1736 1970//1735 
f 1964//1733 1972//1737 1971//1736 
f 1969//1732 1972//1737 1964//1733 
f 1969//1732 1973//1738 1972//1737 
f 1974//1739 1975//1740 1976//1741 
f 1974//1739 1976//1741 1948//1704 
f 1948//1704 1976//1741 1949//1705 
f 1977//1742 1974//1739 1948//1704 
f 1978//1743 1977//1742 1948//1744 
f 1973//1738 1978//1743 1948//1745 
f 1973//1738 1948//1745 1972//1737 
f 1972//1737 1939//1746 1971//1736 
f 1971//1736 1939//1747 1970//1735 
f 1970//1735 1939//1747 1932//1684 
f 1970//1735 1932//1684 1931//1683 
f 1902//1643 1923//1670 1979//1748 
f 1902//1643 1979//1748 1980//1749 
f 1899//1639 1902//1643 1980//1749 
f 1980//1749 1979//1748 1981//1750 
f 1896//1635 1899//1639 1982//1751 
f 1980//1749 1981//1750 1983//1752 
f 1894//1631 1896//1635 1982//1753 
f 1980//1749 1983//1752 1984//1754 
f 1892//1627 1894//1631 1982//1755 
f 1985//1756 1986//1757 1984//1754 
f 1889//1623 1892//1627 1982//1758 
f 1987//1759 1986//1760 1985//1756 
f 1888//1621 1889//1623 1988//1761 
f 1989//1762 1990//1763 1987//1759 
f 1890//1624 1888//1621 1988//1761 
f 1890//1624 1988//1761 1991//1764 
f 1991//1764 1988//1761 1992//1766 
f 1992//1766 1988//1761 1993//1767 
f 1993//1767 1994//1768 1995//1769 
f 1994//1770 1996//1771 1995//1769 
f 1954//1713 1990//1763 1989//1762 
f 1954//1713 1952//1710 1990//1763 
f 1952//1710 1951//1708 1997//1772 
f 1951//1708 1950//1706 1997//1773 
f 1950//1706 1946//1702 1997//1774 
f 1946//1702 1944//1698 1998//1775 
f 1944//1698 1941//1695 1998//1776 
f 1994//1777 1999//1778 1996//1771 
f 1941//1695 1938//1692 1994//1777 
f 1994//1777 2000//1779 1999//1778 
f 1938//1692 2000//1779 1994//1777 
f 1938//1692 1937//1691 2000//1779 
f 1925//1673 1926//1675 2001//1780 
f 1925//1673 2001//1780 2002//1781 
f 1924//1671 1925//1673 2002//1781 
f 2002//1781 2001//1780 2003//1782 
f 1918//1663 1924//1671 2004//1783 
f 2002//1781 2003//1782 2005//1784 
f 1919//1664 1918//1663 2004//1785 
f 2002//1781 2005//1784 2006//1786 
f 1920//1666 1919//1664 2007//1787 
f 2008//1788 2009//1789 2006//1786 
f 1921//1668 1920//1666 2007//1790 
f 2010//1791 2009//1792 2008//1788 
f 1922//1669 1921//1668 2007//1793 
f 2011//1794 2012//1795 2010//1791 
f 1923//1670 1922//1669 2007//1793 
f 1923//1670 2007//1793 1979//1748 
f 1979//1748 2013//1796 1981//1750 
f 1981//1750 2013//1796 1983//1752 
f 1983//1752 2014//1797 1984//1754 
f 2014//1798 1985//1756 1984//1754 
f 1965//1726 2012//1795 2011//1794 
f 1965//1726 1963//1724 2012//1795 
f 1963//1724 1960//1720 2015//1799 
f 1960//1720 1959//1718 2015//1800 
f 1959//1718 1958//1717 2015//1801 
f 1958//1717 1956//1715 2016//1802 
f 1956//1715 1955//1714 2016//1803 
f 2014//1804 1987//1759 1985//1756 
f 1955//1714 1953//1712 2014//1804 
f 2014//1804 1989//1762 1987//1759 
f 1953//1712 1989//1762 2014//1804 
f 1953//1712 1954//1713 1989//1762 
f 1929//1680 1908//1652 2017//1805 
f 1929//1680 2017//1805 2018//1806 
f 1928//1678 1929//1680 2018//1806 
f 2018//1806 2017//1805 2019//1807 
f 1927//1676 1928//1678 2018//1808 
f 2018//1809 2019//1807 2020//1810 
f 1926//1675 1927//1676 2018//1808 
f 1926//1675 2018//1808 2001//1780 
f 2018//1811 2020//1810 2021//1812 
f 2001//1780 2022//1813 2003//1782 
f 2023//1814 2018//1815 2021//1812 
f 2003//1782 2022//1813 2005//1784 
f 2024//1816 2025//1817 2023//1814 
f 2005//1784 2026//1818 2006//1786 
f 2027//1819 2025//1820 2024//1816 
f 2026//1821 2008//1788 2006//1786 
f 1973//1738 2025//1822 2027//1819 
f 1973//1738 1969//1732 2025//1822 
f 2026//1823 2010//1791 2008//1788 
f 1969//1732 1968//1730 2025//1824 
f 2025//1824 2011//1794 2010//1791 
f 1968//1730 1966//1727 2025//1824 
f 1966//1727 2011//1794 2025//1824 
f 1966//1727 1965//1726 2011//1794 
f 1911//1656 1913//1658 2028//1825 
f 1911//1656 2028//1825 2029//1826 
f 1910//1655 1911//1656 2029//1826 
f 2029//1826 2028//1825 2030//1827 
f 1909//1653 1910//1655 2029//1826 
f 2031//1828 2030//1827 2032//1829 
f 1908//1652 1909//1653 2029//1830 
f 1908//1652 2029//1830 2017//1805 
f 2031//1828 2032//1829 2033//1831 
f 2017//1805 2029//1832 2019//1807 
f 2034//1833 2031//1834 2033//1831 
f 2019//1807 2035//1835 2020//1810 
f 2036//1836 2031//1837 2034//1833 
f 2020//1810 2035//1838 2021//1812 
f 2037//1839 2038//1843 2036//1836 
f 2035//1841 2023//1814 2021//1812 
f 1975//1740 2038//1843 2037//1839 
f 1975//1740 1974//1739 2038//1843 
f 2038//1842 2024//1816 2023//1814 
f 1974//1739 1977//1742 2038//1843 
f 2038//1844 2027//1819 2024//1816 
f 1977//1742 1978//1743 2038//1844 
f 1978//1743 2027//1819 2038//1844 
f 1978//1743 1973//1738 2027//1819 
f 1891//1625 1890//1624 1991//1764 
f 1891//1625 1991//1764 2039//1845 
f 1893//1628 1891//1625 2039//1845 
f 2039//1845 1991//1764 1992//1766 
f 1895//1632 1893//1628 2039//1846 
f 2039//1845 1992//1766 1993//1767 
f 1897//1636 1895//1632 2039//1847 
f 2040//1848 1993//1767 1995//1769 
f 1900//1640 1897//1636 2041//1849 
f 1996//1771 2040//1850 1995//1769 
f 1903//1644 1900//1640 2041//1851 
f 1999//1778 2040//1852 1996//1771 
f 1912//1657 1903//1644 2042//1853 
f 2000//1779 2043//1854 1999//1778 
f 1913//1658 1912//1657 2042//1853 
f 1913//1658 2042//1853 2028//1825 
f 2028//1825 2042//1855 2030//1827 
f 2030//1827 2042//1855 2032//1829 
f 2032//1829 2044//1856 2033//1831 
f 2044//1857 2034//1833 2033//1831 
f 1937//1691 2043//1854 2000//1779 
f 1937//1691 1935//1688 2043//1854 
f 1935//1688 1936//1690 2045//1858 
f 1936//1690 1940//1694 2045//1859 
f 1940//1694 1943//1697 2045//1860 
f 1943//1697 1945//1701 2046//1861 
f 1945//1701 1949//1705 2046//1862 
f 2044//1863 2036//1836 2034//1833 
f 1949//1705 1976//1741 2044//1863 
f 2044//1863 2037//1839 2036//1836 
f 1976//1741 2037//1839 2044//1863 
f 1976//1741 1975//1740 2037//1839 
f 2047//1612 2048//1613 2049//1614 
f 2050//1615 2048//1613 2047//1612 
f 2047//1612 2049//1614 2051//1616 
f 2048//1613 2052//1617 2049//1614 
f 2053//1618 2051//1616 2049//1614 
f 2050//1619 2054//1620 2048//1613 
f 2048//1613 2054//1620 2052//1617 
f 2055//1621 2050//1629 2056//1623 
f 2057//1624 2050//1629 2055//1621 
f 2057//1624 2058//1625 2050//1629 
f 2056//1623 2051//1626 2059//1627 
f 2058//1625 2060//1628 2050//1629 
f 2059//1627 2051//1630 2061//1631 
f 2060//1628 2062//1632 2050//1633 
f 2051//1634 2063//1635 2061//1631 
f 2062//1632 2064//1636 2065//1637 
f 2051//1638 2066//1639 2063//1635 
f 2064//1636 2067//1640 2065//1641 
f 2068//1642 2069//1643 2066//1639 
f 2067//1640 2070//1644 2065//1645 
f 2054//1620 2065//1646 2071//1647 
f 2054//1620 2071//1647 2052//1617 
f 2065//1646 2072//1648 2071//1647 
f 2065//1649 2073//1650 2072//1648 
f 2074//1651 2075//1652 2073//1650 
f 2074//1651 2076//1653 2075//1652 
f 2074//1654 2077//1655 2076//1653 
f 2074//1654 2078//1656 2077//1655 
f 2070//1644 2079//1657 2074//1654 
f 2079//1657 2078//1656 2074//1654 
f 2079//1657 2080//1658 2078//1656 
f 2081//1659 2049//1614 2052//1617 
f 2082//1660 2081//1659 2052//1617 
f 2083//1661 2081//1659 2082//1660 
f 2084//1662 2053//1618 2081//1659 
f 2081//1659 2053//1618 2049//1614 
f 2085//1663 2086//1664 2084//1665 
f 2086//1664 2087//1666 2084//1667 
f 2087//1666 2088//1668 2068//1642 
f 2088//1668 2089//1669 2068//1642 
f 2089//1669 2069//1643 2068//1642 
f 2089//1669 2090//1670 2069//1643 
f 2091//1671 2085//1663 2084//1672 
f 2092//1673 2091//1671 2083//1674 
f 2093//1675 2092//1673 2083//1674 
f 2093//1675 2083//1674 2094//1676 
f 2094//1676 2083//1674 2095//1678 
f 2095//1678 2083//1679 2096//1680 
f 2083//1681 2082//1660 2071//1647 
f 2082//1660 2052//1617 2071//1647 
f 2083//1681 2071//1647 2072//1648 
f 2083//1679 2072//1648 2073//1650 
f 2096//1680 2083//1679 2073//1650 
f 2096//1680 2073//1650 2075//1652 
f 2097//1682 2098//1683 2099//1684 
f 2100//1685 2097//1682 2099//1684 
f 2100//1686 2101//1687 2097//1682 
f 2097//1682 2101//1687 2098//1683 
f 2102//1688 2100//1689 2103//1690 
f 2104//1691 2100//1689 2102//1688 
f 2104//1691 2105//1692 2100//1689 
f 2103//1690 2106//1693 2107//1694 
f 2105//1692 2108//1695 2100//1689 
f 2107//1694 2109//1696 2110//1697 
f 2108//1695 2111//1698 2100//1699 
f 2109//1700 2112//1701 2110//1697 
f 2111//1698 2113//1702 2114//1703 
f 2115//1704 2116//1705 2112//1701 
f 2113//1702 2117//1706 2114//1707 
f 2117//1706 2118//1708 2114//1709 
f 2118//1708 2119//1710 2114//1711 
f 2119//1710 2120//1712 2114//1711 
f 2119//1710 2121//1713 2120//1712 
f 2114//1711 2120//1712 2122//1714 
f 2114//1711 2122//1714 2123//1715 
f 2124//1716 2123//1715 2125//1717 
f 2126//1718 2124//1719 2125//1717 
f 2127//1720 2124//1721 2126//1718 
f 2101//1687 2128//1722 2129//1723 
f 2101//1687 2129//1723 2098//1683 
f 2130//1724 2131//1725 2127//1720 
f 2132//1726 2131//1725 2130//1724 
f 2132//1726 2133//1727 2131//1725 
f 2131//1728 2134//1729 2129//1723 
f 2134//1729 2098//1683 2129//1723 
f 2133//1727 2135//1730 2131//1725 
f 2135//1730 2136//1732 2131//1733 
f 2131//1734 2137//1735 2134//1729 
f 2134//1729 2137//1735 2098//1683 
f 2131//1734 2138//1736 2137//1735 
f 2131//1733 2139//1737 2138//1736 
f 2136//1732 2139//1737 2131//1733 
f 2136//1732 2140//1738 2139//1737 
f 2141//1739 2142//1740 2143//1741 
f 2141//1739 2143//1741 2115//1704 
f 2115//1704 2143//1741 2116//1705 
f 2144//1742 2141//1739 2115//1704 
f 2145//1743 2144//1742 2115//1744 
f 2140//1738 2145//1743 2115//1745 
f 2140//1738 2115//1745 2139//1737 
f 2139//1737 2106//1746 2138//1736 
f 2138//1736 2106//1747 2137//1735 
f 2137//1735 2106//1747 2099//1684 
f 2137//1735 2099//1684 2098//1683 
f 2069//1643 2090//1670 2146//1748 
f 2069//1643 2146//1748 2147//1749 
f 2066//1639 2069//1643 2147//1749 
f 2147//1749 2146//1748 2148//1750 
f 2063//1635 2066//1639 2149//1751 
f 2147//1749 2148//1750 2150//1752 
f 2061//1631 2063//1635 2149//1753 
f 2147//1749 2150//1752 2151//1754 
f 2059//1627 2061//1631 2149//1755 
f 2152//1756 2153//1757 2151//1754 
f 2056//1623 2059//1627 2149//1758 
f 2154//1759 2153//1760 2152//1756 
f 2055//1621 2056//1623 2155//1761 
f 2156//1762 2157//1763 2154//1759 
f 2057//1624 2055//1621 2155//1761 
f 2057//1624 2155//1761 2158//1764 
f 2158//1764 2155//1765 2159//1766 
f 2159//1766 2155//1765 2160//1767 
f 2160//1767 2161//1768 2162//1769 
f 2161//1770 2163//1771 2162//1769 
f 2121//1713 2157//1763 2156//1762 
f 2121//1713 2119//1710 2157//1763 
f 2119//1710 2118//1708 2164//1772 
f 2118//1708 2117//1706 2164//1773 
f 2117//1706 2113//1702 2164//1774 
f 2113//1702 2111//1698 2165//1775 
f 2111//1698 2108//1695 2165//1776 
f 2161//1777 2166//1778 2163//1771 
f 2108//1695 2105//1692 2161//1777 
f 2161//1777 2167//1779 2166//1778 
f 2105//1692 2167//1779 2161//1777 
f 2105//1692 2104//1691 2167//1779 
f 2092//1673 2093//1675 2168//1780 
f 2092//1673 2168//1780 2169//1781 
f 2091//1671 2092//1673 2169//1781 
f 2169//1781 2168//1780 2170//1782 
f 2085//1663 2091//1671 2171//1783 
f 2169//1781 2170//1782 2172//1784 
f 2086//1664 2085//1663 2171//1785 
f 2169//1781 2172//1784 2173//1786 
f 2087//1666 2086//1664 2174//1787 
f 2175//1788 2176//1789 2173//1786 
f 2088//1668 2087//1666 2174//1790 
f 2177//1791 2176//1792 2175//1788 
f 2089//1669 2088//1668 2174//1793 
f 2178//1794 2179//1795 2177//1791 
f 2090//1670 2089//1669 2174//1793 
f 2090//1670 2174//1793 2146//1748 
f 2146//1748 2180//1796 2148//1750 
f 2148//1750 2180//1796 2150//1752 
f 2150//1752 2181//1797 2151//1754 
f 2181//1798 2152//1756 2151//1754 
f 2132//1726 2179//1795 2178//1794 
f 2132//1726 2130//1724 2179//1795 
f 2130//1724 2127//1720 2182//1799 
f 2127//1720 2126//1718 2182//1800 
f 2126//1718 2125//1717 2182//1801 
f 2125//1717 2123//1715 2183//1802 
f 2123//1715 2122//1714 2183//1803 
f 2181//1804 2154//1759 2152//1756 
f 2122//1714 2120//1712 2181//1804 
f 2181//1804 2156//1762 2154//1759 
f 2120//1712 2156//1762 2181//1804 
f 2120//1712 2121//1713 2156//1762 
f 2096//1680 2075//1652 2184//1805 
f 2096//1680 2184//1805 2185//1806 
f 2095//1678 2096//1680 2185//1806 
f 2185//1806 2184//1805 2186//1807 
f 2094//1676 2095//1678 2185//1808 
f 2185//1809 2186//1807 2187//1810 
f 2093//1675 2094//1676 2185//1808 
f 2093//1675 2185//1808 2168//1780 
f 2185//1811 2187//1810 2188//1812 
f 2168//1780 2189//1813 2170//1782 
f 2190//1814 2185//1815 2188//1812 
f 2170//1782 2189//1813 2172//1784 
f 2191//1816 2192//1817 2190//1814 
f 2172//1784 2193//1818 2173//1786 
f 2194//1819 2192//1820 2191//1816 
f 2193//1821 2175//1788 2173//1786 
f 2140//1738 2192//1822 2194//1819 
f 2140//1738 2136//1732 2192//1822 
f 2193//1823 2177//1791 2175//1788 
f 2136//1732 2135//1730 2192//1824 
f 2192//1824 2178//1794 2177//1791 
f 2135//1730 2133//1727 2192//1824 
f 2133//1727 2178//1794 2192//1824 
f 2133//1727 2132//1726 2178//1794 
f 2078//1656 2080//1658 2195//1825 
f 2078//1656 2195//1825 2196//1826 
f 2077//1655 2078//1656 2196//1826 
f 2196//1826 2195//1825 2197//1827 
f 2076//1653 2077//1655 2196//1826 
f 2198//1828 2197//1827 2199//1829 
f 2075//1652 2076//1653 2196//1830 
f 2075//1652 2196//1830 2184//1805 
f 2198//1828 2199//1829 2200//1831 
f 2184//1805 2196//1832 2186//1807 
f 2201//1833 2198//1834 2200//1831 
f 2186//1807 2202//1835 2187//1810 
f 2203//1836 2198//1837 2201//1833 
f 2187//1810 2202//1838 2188//1812 
f 2204//1839 2205//1843 2203//1836 
f 2202//1841 2190//1814 2188//1812 
f 2142//1740 2205//1843 2204//1839 
f 2142//1740 2141//1739 2205//1843 
f 2205//1842 2191//1816 2190//1814 
f 2141//1739 2144//1742 2205//1843 
f 2205//1844 2194//1819 2191//1816 
f 2144//1742 2145//1743 2205//1844 
f 2145//1743 2194//1819 2205//1844 
f 2145//1743 2140//1738 2194//1819 
f 2058//1625 2057//1624 2158//1764 
f 2058//1625 2158//1764 2206//1845 
f 2060//1628 2058//1625 2206//1845 
f 2206//1845 2158//1764 2159//1766 
f 2062//1632 2060//1628 2207//1846 
f 2206//1845 2159//1766 2160//1767 
f 2064//1636 2062//1632 2207//1847 
f 2208//1848 2160//1767 2162//1769 
f 2067//1640 2064//1636 2207//1849 
f 2163//1771 2208//1850 2162//1769 
f 2070//1644 2067//1640 2207//1851 
f 2166//1778 2208//1852 2163//1771 
f 2079//1657 2070//1644 2209//1853 
f 2167//1779 2210//1854 2166//1778 
f 2080//1658 2079//1657 2209//1853 
f 2080//1658 2209//1853 2195//1825 
f 2195//1825 2209//1855 2197//1827 
f 2197//1827 2209//1855 2199//1829 
f 2199//1829 2211//1856 2200//1831 
f 2211//1857 2201//1833 2200//1831 
f 2104//1691 2210//1854 2167//1779 
f 2104//1691 2102//1688 2210//1854 
f 2102//1688 2103//1690 2212//1858 
f 2103//1690 2107//1694 2212//1859 
f 2107//1694 2110//1697 2212//1860 
f 2110//1697 2112//1701 2213//1861 
f 2112//1701 2116//1705 2213//1862 
f 2211//1863 2203//1836 2201//1833 
f 2116//1705 2143//1741 2211//1863 
f 2211//1863 2204//1839 2203//1836 
f 2143//1741 2204//1839 2211//1863 
f 2143//1741 2142//1740 2204//1839 
f 2214//1612 2215//1613 2216//1614 
f 2217//1615 2215//1613 2214//1612 
f 2214//1612 2216//1614 2218//1616 
f 2215//1613 2219//1617 2216//1614 
f 2220//1618 2218//1616 2216//1614 
f 2217//1619 2221//1620 2215//1613 
f 2215//1613 2221//1620 2219//1617 
f 2222//1621 2217//1629 2223//1623 
f 2224//1624 2217//1629 2222//1621 
f 2224//1624 2225//1625 2217//1629 
f 2223//1623 2218//1626 2226//1627 
f 2225//1625 2227//1628 2217//1629 
f 2226//1627 2218//1630 2228//1631 
f 2227//1628 2229//1632 2217//1633 
f 2218//1634 2230//1635 2228//1631 
f 2229//1632 2231//1636 2232//1637 
f 2218//1638 2233//1639 2230//1635 
f 2231//1636 2234//1640 2232//1641 
f 2235//1642 2236//1643 2233//1639 
f 2234//1640 2237//1644 2232//1645 
f 2221//1620 2232//1646 2238//1647 
f 2221//1620 2238//1647 2219//1617 
f 2232//1646 2239//1648 2238//1647 
f 2232//1649 2240//1650 2239//1648 
f 2241//1651 2242//1652 2240//1650 
f 2241//1651 2243//1653 2242//1652 
f 2241//1654 2244//1655 2243//1653 
f 2241//1654 2245//1656 2244//1655 
f 2237//1644 2246//1657 2241//1654 
f 2246//1657 2245//1656 2241//1654 
f 2246//1657 2247//1658 2245//1656 
f 2248//1659 2216//1614 2219//1617 
f 2249//1660 2248//1659 2219//1617 
f 2250//1661 2248//1659 2249//1660 
f 2251//1662 2220//1618 2248//1659 
f 2248//1659 2220//1618 2216//1614 
f 2252//1663 2253//1664 2251//1665 
f 2253//1664 2254//1666 2251//1667 
f 2254//1666 2255//1668 2235//1642 
f 2255//1668 2256//1669 2235//1642 
f 2256//1669 2236//1643 2235//1642 
f 2256//1669 2257//1670 2236//1643 
f 2258//1671 2252//1663 2251//1672 
f 2259//1673 2258//1671 2250//1674 
f 2260//1675 2259//1673 2250//1674 
f 2260//1675 2250//1674 2261//1676 
f 2261//1676 2250//1674 2262//1678 
f 2262//1678 2250//1679 2263//1680 
f 2250//1681 2249//1660 2238//1647 
f 2249//1660 2219//1617 2238//1647 
f 2250//1681 2238//1647 2239//1648 
f 2250//1679 2239//1648 2240//1650 
f 2263//1680 2250//1679 2240//1650 
f 2263//1680 2240//1650 2242//1652 
f 2264//1682 2265//1683 2266//1684 
f 2267//1685 2264//1682 2266//1684 
f 2267//1686 2268//1687 2264//1682 
f 2264//1682 2268//1687 2265//1683 
f 2269//1688 2267//1689 2270//1690 
f 2271//1691 2267//1689 2269//1688 
f 2271//1691 2272//1692 2267//1689 
f 2270//1690 2273//1693 2274//1694 
f 2272//1692 2275//1695 2267//1689 
f 2274//1694 2273//1696 2276//1697 
f 2275//1695 2277//1698 2267//1699 
f 2273//1700 2278//1701 2276//1697 
f 2277//1698 2279//1702 2280//1703 
f 2273//1704 2281//1705 2278//1701 
f 2279//1702 2282//1706 2280//1707 
f 2282//1706 2283//1708 2280//1709 
f 2283//1708 2284//1710 2280//1711 
f 2284//1710 2285//1712 2280//1711 
f 2284//1710 2286//1713 2285//1712 
f 2280//1711 2285//1712 2287//1714 
f 2280//1711 2287//1714 2288//1715 
f 2289//1716 2288//1715 2290//1717 
f 2291//1718 2289//1719 2290//1717 
f 2292//1720 2289//1721 2291//1718 
f 2268//1687 2293//1722 2294//1723 
f 2268//1687 2294//1723 2265//1683 
f 2295//1724 2296//1725 2292//1720 
f 2297//1726 2296//1725 2295//1724 
f 2297//1726 2298//1727 2296//1725 
f 2296//1728 2299//1729 2294//1723 
f 2299//1729 2265//1683 2294//1723 
f 2298//1727 2300//1730 2296//1725 
f 2300//1730 2301//1732 2296//1733 
f 2296//1734 2302//1735 2299//1729 
f 2299//1729 2302//1735 2265//1683 
f 2296//1734 2303//1736 2302//1735 
f 2296//1733 2304//1737 2303//1736 
f 2301//1732 2304//1737 2296//1733 
f 2301//1732 2305//1738 2304//1737 
f 2306//1739 2307//1740 2308//1741 
f 2306//1739 2308//1741 2309//1744 
f 2309//1744 2308//1741 2281//1705 
f 2310//1742 2306//1739 2309//1744 
f 2311//1743 2310//1742 2309//1744 
f 2305//1738 2311//1743 2309//1745 
f 2305//1738 2309//1745 2304//1737 
f 2304//1737 2309//1746 2303//1736 
f 2303//1736 2273//1747 2302//1735 
f 2302//1735 2273//1747 2266//1684 
f 2302//1735 2266//1684 2265//1683 
f 2236//1643 2257//1670 2312//1748 
f 2236//1643 2312//1748 2313//1749 
f 2233//1639 2236//1643 2313//1749 
f 2313//1749 2312//1748 2314//1750 
f 2230//1635 2233//1639 2315//1751 
f 2313//1749 2314//1750 2316//1752 
f 2228//1631 2230//1635 2315//1753 
f 2313//1749 2316//1752 2317//1754 
f 2226//1627 2228//1631 2315//1755 
f 2318//1756 2319//1757 2317//1754 
f 2223//1623 2226//1627 2315//1758 
f 2320//1759 2319//1760 2318//1756 
f 2222//1621 2223//1623 2321//1761 
f 2322//1762 2323//1763 2320//1759 
f 2224//1624 2222//1621 2321//1761 
f 2224//1624 2321//1761 2324//1764 
f 2324//1764 2321//1765 2325//1766 
f 2325//1766 2321//1765 2326//1767 
f 2326//1767 2327//1768 2328//1769 
f 2327//1770 2329//1771 2328//1769 
f 2286//1713 2323//1763 2322//1762 
f 2286//1713 2284//1710 2323//1763 
f 2284//1710 2283//1708 2330//1772 
f 2283//1708 2282//1706 2330//1773 
f 2282//1706 2279//1702 2330//1774 
f 2279//1702 2277//1698 2331//1775 
f 2277//1698 2275//1695 2331//1776 
f 2327//1777 2332//1778 2329//1771 
f 2275//1695 2272//1692 2327//1777 
f 2327//1777 2333//1779 2332//1778 
f 2272//1692 2333//1779 2327//1777 
f 2272//1692 2271//1691 2333//1779 
f 2259//1673 2260//1675 2334//1780 
f 2259//1673 2334//1780 2335//1781 
f 2258//1671 2259//1673 2335//1781 
f 2335//1781 2334//1780 2336//1782 
f 2252//1663 2258//1671 2337//1783 
f 2335//1781 2336//1782 2338//1784 
f 2253//1664 2252//1663 2337//1785 
f 2335//1781 2338//1784 2339//1786 
f 2254//1666 2253//1664 2340//1787 
f 2341//1788 2342//1789 2339//1786 
f 2255//1668 2254//1666 2340//1790 
f 2343//1791 2342//1792 2341//1788 
f 2256//1669 2255//1668 2340//1793 
f 2344//1794 2345//1795 2343//1791 
f 2257//1670 2256//1669 2340//1793 
f 2257//1670 2340//1793 2312//1748 
f 2312//1748 2346//1796 2314//1750 
f 2314//1750 2346//1796 2316//1752 
f 2316//1752 2347//1797 2317//1754 
f 2347//1798 2318//1756 2317//1754 
f 2297//1726 2345//1795 2344//1794 
f 2297//1726 2295//1724 2345//1795 
f 2295//1724 2292//1720 2348//1799 
f 2292//1720 2291//1718 2348//1800 
f 2291//1718 2290//1717 2348//1801 
f 2290//1717 2288//1715 2349//1802 
f 2288//1715 2287//1714 2349//1803 
f 2347//1804 2320//1759 2318//1756 
f 2287//1714 2285//1712 2347//1804 
f 2347//1804 2322//1762 2320//1759 
f 2285//1712 2322//1762 2347//1804 
f 2285//1712 2286//1713 2322//1762 
f 2263//1680 2242//1652 2350//1805 
f 2263//1680 2350//1805 2351//1806 
f 2262//1678 2263//1680 2351//1806 
f 2351//1806 2350//1805 2352//1807 
f 2261//1676 2262//1678 2351//1808 
f 2351//1809 2352//1807 2353//1810 
f 2260//1675 2261//1676 2351//1808 
f 2260//1675 2351//1808 2334//1780 
f 2351//1811 2353//1810 2354//1812 
f 2334//1780 2355//1813 2336//1782 
f 2356//1814 2351//1815 2354//1812 
f 2336//1782 2355//1813 2338//1784 
f 2357//1816 2358//1817 2356//1814 
f 2338//1784 2359//1818 2339//1786 
f 2360//1819 2358//1820 2357//1816 
f 2359//1821 2341//1788 2339//1786 
f 2305//1738 2358//1822 2360//1819 
f 2305//1738 2301//1732 2358//1822 
f 2359//1823 2343//1791 2341//1788 
f 2301//1732 2300//1730 2358//1824 
f 2358//1824 2344//1794 2343//1791 
f 2300//1730 2298//1727 2358//1824 
f 2298//1727 2344//1794 2358//1824 
f 2298//1727 2297//1726 2344//1794 
f 2245//1656 2247//1658 2361//1825 
f 2245//1656 2361//1825 2362//1865 
f 2244//1655 2245//1656 2362//1865 
f 2362//1865 2361//1825 2363//1827 
f 2243//1653 2244//1655 2362//1826 
f 2362//1865 2363//1827 2364//1829 
f 2242//1652 2243//1653 2362//1830 
f 2242//1652 2362//1830 2350//1805 
f 2365//1828 2364//1829 2366//1831 
f 2350//1805 2362//1832 2352//1807 
f 2367//1833 2365//1834 2366//1831 
f 2352//1807 2368//1835 2353//1810 
f 2369//1836 2365//1837 2367//1833 
f 2353//1810 2368//1838 2354//1812 
f 2370//1839 2371//1843 2369//1836 
f 2368//1841 2356//1814 2354//1812 
f 2307//1740 2371//1843 2370//1839 
f 2307//1740 2306//1739 2371//1843 
f 2371//1842 2357//1816 2356//1814 
f 2306//1739 2310//1742 2371//1843 
f 2371//1844 2360//1819 2357//1816 
f 2310//1742 2311//1743 2371//1844 
f 2311//1743 2360//1819 2371//1844 
f 2311//1743 2305//1738 2360//1819 
f 2225//1625 2224//1624 2324//1764 
f 2225//1625 2324//1764 2372//1845 
f 2227//1628 2225//1625 2372//1845 
f 2372//1845 2324//1764 2325//1766 
f 2229//1632 2227//1628 2373//1846 
f 2372//1845 2325//1766 2326//1767 
f 2231//1636 2229//1632 2373//1847 
f 2374//1848 2326//1767 2328//1769 
f 2234//1640 2231//1636 2373//1849 
f 2329//1771 2374//1850 2328//1769 
f 2237//1644 2234//1640 2373//1851 
f 2332//1778 2374//1852 2329//1771 
f 2246//1657 2237//1644 2375//1853 
f 2333//1779 2376//1854 2332//1778 
f 2247//1658 2246//1657 2375//1853 
f 2247//1658 2375//1853 2361//1825 
f 2361//1825 2375//1853 2363//1827 
f 2363//1827 2375//1853 2364//1829 
f 2364//1829 2377//1856 2366//1831 
f 2377//1857 2367//1833 2366//1831 
f 2271//1691 2376//1854 2333//1779 
f 2271//1691 2269//1688 2376//1854 
f 2269//1688 2270//1690 2378//1858 
f 2270//1690 2274//1694 2378//1859 
f 2274//1694 2276//1697 2378//1860 
f 2276//1697 2278//1701 2379//1861 
f 2278//1701 2281//1705 2379//1862 
f 2377//1863 2369//1836 2367//1833 
f 2281//1705 2308//1741 2377//1863 
f 2377//1863 2370//1839 2369//1836 
f 2308//1741 2370//1839 2377//1863 
f 2308//1741 2307//1740 2370//1839 
f 860//1642 858//1639 854//1638 
f 860//1866 841//1867 843//1618 
f 898//1690 897//1689 901//1693 
f 894//1685 893//1684 901//1868 
f 1721//1642 1719//1639 1715//1638 
f 1721//1866 1703//1867 1705//1618 
f 1045//1866 1027//1867 1029//1618 
f 1045//1642 1043//1639 1039//1638 
f 1767//1698 1770//1703 1758//1699 
f 1755//1686 1785//1869 1756//1687 
f 1091//1698 1094//1703 1082//1699 
f 1079//1686 1109//1869 1080//1687 
f 1389//1642 1387//1639 1372//1638 
f 1389//1866 1372//1867 1374//1618 
f 2068//1866 2051//1867 2053//1618 
f 2068//1642 2066//1639 2051//1638 
f 1223//1642 1221//1639 1206//1638 
f 1223//1866 1206//1867 1208//1618 
f 2235//1642 2233//1639 2218//1638 
f 2235//1866 2218//1867 2220//1618 
f 1555//1866 1538//1867 1540//1618 
f 1555//1642 1553//1639 1538//1638 
f 2270//1690 2267//1689 2273//1693 
f 2267//1685 2266//1684 2273//1868 
f 2100//1686 2128//1869 2101//1687 
f 2111//1698 2114//1703 2100//1699 
f 1424//1690 1421//1689 1427//1693 
f 1421//1685 1420//1684 1427//1868 
f 1590//1690 1587//1689 1593//1693 
f 1587//1685 1586//1684 1593//1868 
f 1266//1698 1269//1703 1255//1699 
f 1255//1686 1283//1869 1256//1687 
f 924//1722 920//1870 925//1723 
f 915//1711 919//1715 920//1716 
f 1901//1642 1899//1639 1884//1638 
f 1901//1866 1884//1867 1886//1618 
f 1936//1690 1933//1689 1939//1693 
f 1933//1685 1932//1684 1939//1868 
f 853//1632 857//1637 851//1633 
f 840//1619 863//1871 844//1620 
f 1714//1632 1718//1637 1702//1633 
f 1702//1619 1724//1871 1706//1620 
f 1038//1632 1042//1637 1026//1633 
f 1026//1619 1048//1871 1030//1620 
f 1785//1722 1781//1870 1786//1723 
f 1776//1711 1780//1715 1781//1716 
f 1100//1711 1104//1715 1105//1716 
f 1109//1722 1105//1870 1110//1723 
f 1447//1722 1443//1870 1448//1723 
f 1434//1711 1442//1715 1443//1716 
f 2293//1722 2289//1870 2294//1723 
f 2280//1711 2288//1715 2289//1716 
f 1600//1711 1608//1715 1609//1716 
f 1613//1722 1609//1870 1614//1723 
f 2062//1632 2065//1637 2050//1633 
f 2050//1619 2065//1871 2054//1620 
f 1383//1632 1386//1637 1371//1633 
f 1371//1619 1386//1871 1375//1620 
f 1217//1632 1220//1637 1205//1633 
f 1205//1619 1220//1871 1209//1620 
f 1549//1632 1552//1637 1537//1633 
f 1537//1619 1552//1871 1541//1620 
f 2229//1632 2232//1637 2217//1633 
f 2217//1619 2232//1871 2221//1620 
f 1961//1722 1957//1870 1962//1723 
f 1947//1711 1956//1715 1957//1716 
f 1895//1632 1898//1637 1883//1633 
f 1883//1619 1898//1871 1887//1620 
f 906//1698 909//1703 897//1699 
f 894//1686 924//1869 895//1687 
f 1283//1722 1279//1870 1284//1723 
f 1269//1711 1278//1715 1279//1716 
f 2114//1711 2123//1715 2124//1716 
f 2128//1722 2124//1870 2129//1723 
f 876//1661 877//1662 874//1659 
f 884//1671 877//1672 876//1674 
f 840//1622 837//1612 841//1626 
f 846//1623 840//1622 841//1626 
f 1737//1661 1738//1662 1735//1659 
f 1745//1671 1738//1672 1737//1674 
f 1061//1661 1062//1662 1059//1659 
f 1069//1671 1062//1672 1061//1674 
f 1702//1629 1699//1612 1703//1626 
f 1708//1623 1702//1629 1703//1626 
f 1032//1623 1026//1629 1027//1626 
f 1026//1629 1023//1612 1027//1626 
f 1431//1698 1434//1703 1421//1699 
f 1421//1686 1447//1869 1422//1687 
f 1597//1698 1600//1703 1587//1699 
f 1587//1686 1613//1869 1588//1687 
f 2277//1698 2280//1703 2267//1699 
f 2267//1686 2293//1869 2268//1687 
f 1944//1698 1947//1703 1933//1699 
f 1933//1686 1961//1869 1934//1687 
f 1570//1661 1571//1662 1568//1659 
f 1578//1671 1571//1672 1570//1674 
f 2250//1661 2251//1662 2248//1659 
f 2258//1671 2251//1672 2250//1674 
f 1404//1661 1405//1662 1402//1659 
f 1412//1671 1405//1672 1404//1674 
f 2083//1661 2084//1662 2081//1659 
f 2091//1671 2084//1672 2083//1674 
f 1238//1661 1239//1662 1236//1659 
f 1246//1671 1239//1672 1238//1674 
f 1916//1661 1917//1662 1914//1659 
f 1924//1671 1917//1672 1916//1674 
f 2056//1623 2050//1629 2051//1626 
f 2050//1629 2047//1612 2051//1626 
f 1205//1629 1202//1612 1206//1626 
f 1211//1623 1205//1629 1206//1626 
f 1543//1623 1537//1629 1538//1626 
f 1537//1629 1534//1612 1538//1626 
f 2217//1629 2214//1612 2218//1626 
f 2223//1623 2217//1629 2218//1626 
f 1371//1629 1368//1612 1372//1626 
f 1377//1623 1371//1629 1372//1626 
f 1883//1629 1880//1612 1884//1626 
f 1889//1623 1883//1629 1884//1626 
f 1009//1836 1011//1840 1007//1837 
f 988//1807 1001//1832 1008//1835 
f 1759//1690 1758//1689 1762//1693 
f 1755//1685 1754//1684 1762//1868 
f 1079//1685 1078//1684 1086//1868 
f 1083//1690 1082//1689 1086//1693 
f 1847//1807 1859//1832 1866//1835 
f 1867//1836 1869//1843 1865//1837 
f 2103//1690 2100//1689 2106//1693 
f 2100//1685 2099//1684 2106//1868 
f 1258//1690 1255//1689 1261//1693 
f 1255//1685 1254//1684 1261//1868 
f 1340//1807 1350//1832 1356//1835 
f 1357//1836 1359//1843 1352//1837 
f 2186//1807 2196//1832 2202//1835 
f 2203//1836 2205//1843 2198//1837 
f 2036//1836 2038//1843 2031//1837 
f 2019//1807 2029//1832 2035//1835 
f 1004//1829 1019//1855 1020//1856 
f 967//1778 1018//1854 1015//1852 
f 1809//1752 1841//1796 1842//1797 
f 1837//1791 1840//1795 1836//1792 
f 1133//1752 1164//1796 1165//1797 
f 1160//1791 1163//1795 1159//1792 
f 1862//1829 1876//1855 1877//1856 
f 1827//1778 1875//1854 1872//1852 
f 1184//1829 1197//1855 1199//1856 
f 1150//1778 1198//1854 1195//1852 
f 961//1767 959//1765 962//1768 
f 946//1749 950//1754 953//1757 
f 949//1752 982//1796 983//1797 
f 970//1781 974//1786 977//1789 
f 1821//1767 1819//1765 1822//1768 
f 1806//1749 1810//1754 1813//1757 
f 1144//1767 1139//1765 1145//1768 
f 1130//1749 1134//1754 1137//1757 
f 1305//1752 1332//1796 1335//1797 
f 1331//1791 1334//1795 1330//1792 
f 1636//1752 1663//1796 1666//1797 
f 1662//1791 1665//1795 1661//1792 
f 2364//1829 2375//1853 2377//1856 
f 2372//1845 2326//1767 2374//1848 
f 2206//1845 2160//1767 2208//1848 
f 2199//1829 2209//1855 2211//1856 
f 1518//1829 1529//1855 1531//1856 
f 1526//1845 1480//1767 1528//1848 
f 1353//1829 1363//1855 1365//1856 
f 1321//1778 1364//1854 1361//1852 
f 1683//1829 1694//1855 1696//1856 
f 1652//1778 1695//1854 1692//1852 
f 1018//1872 2380//1873 1015//1874 
f 856//1636 1014//1847 1016//1849 
f 2032//1829 2042//1855 2044//1856 
f 1999//1778 2043//1854 2040//1852 
f 1875//1872 2381//1873 1872//1874 
f 1717//1636 1871//1847 1873//1849 
f 1198//1872 2382//1873 1195//1874 
f 1041//1636 1194//1847 1196//1849 
f 2383//1875 982//1876 2384//1877 
f 921//1717 985//1802 984//1801 
f 2160//1767 2155//1765 2161//1768 
f 2147//1749 2151//1754 2153//1757 
f 1315//1767 1310//1765 1316//1768 
f 1302//1749 1306//1754 1308//1757 
f 1480//1767 1475//1761 1481//1768 
f 1467//1749 1471//1754 1473//1757 
f 2326//1767 2321//1765 2327//1768 
f 2313//1749 2317//1754 2319//1757 
f 1646//1767 1641//1765 1647//1768 
f 1633//1749 1637//1754 1639//1757 
f 2385//1878 2386//1879 2387//1880 
f 908//1702 966//1775 965//1774 
f 1993//1767 1988//1761 1994//1768 
f 1980//1749 1984//1754 1986//1757 
f 905//1697 1022//1861 1021//1860 
f 1021//1881 1022//1882 2388//1883 
f 1470//1752 1500//1796 1501//1797 
f 1489//1781 1493//1786 1496//1789 
f 2150//1752 2180//1796 2181//1797 
f 2169//1781 2173//1786 2176//1789 
f 2335//1781 2339//1786 2342//1789 
f 2316//1752 2346//1796 2347//1797 
f 1742//1668 1833//1790 1838//1793 
f 1830//1864 1834//1786 1836//1789 
f 1153//1864 1157//1786 1159//1789 
f 1066//1668 1156//1790 1161//1793 
f 1769//1702 1826//1775 1825//1774 
f 2389//1878 2390//1879 2391//1880 
f 2392//1878 2393//1879 2394//1880 
f 1093//1702 1149//1775 1148//1774 
f 1983//1752 2013//1796 2014//1797 
f 2002//1781 2006//1786 2009//1789 
f 1766//1697 1879//1861 1878//1860 
f 1878//1881 1879//1882 2395//1883 
f 846//1623 951//1758 955//1761 
f 2396//1884 946//1885 953//1886 
f 1200//1881 1201//1882 2397//1883 
f 1090//1697 1201//1861 1200//1860 
f 979//1887 2398//1888 2384//1889 
f 879//1664 972//1785 975//1787 
f 2399//1890 2400//1883 2401//1891 
f 1430//1697 1533//1861 1532//1860 
f 2402//1890 2403//1883 2404//1891 
f 2110//1697 2213//1861 2212//1860 
f 2276//1697 2379//1861 2378//1860 
f 2405//1890 2406//1883 2407//1891 
f 1695//1872 1693//1873 1692//1874 
f 1551//1636 1691//1847 1693//1849 
f 1364//1872 1362//1873 1361//1874 
f 1219//1636 1360//1847 1362//1849 
f 1708//1623 1811//1758 1815//1761 
f 2391//1884 1806//1885 1813//1886 
f 994//1814 996//1817 991//1815 
f 999//1824 978//1791 997//1823 
f 1032//1623 1135//1758 1139//1761 
f 2394//1884 1130//1885 1137//1886 
f 2043//1872 2041//1873 2040//1874 
f 1897//1636 2039//1847 2041//1849 
f 978//1791 981//1795 977//1792 
f 984//1892 2383//1875 2408//1893 
f 1852//1814 1854//1817 1849//1815 
f 1857//1824 1837//1791 1855//1823 
f 1782//1717 1844//1802 1843//1801 
f 1843//1892 2409//1875 2410//1893 
f 1180//1824 1160//1791 1178//1823 
f 1175//1814 1177//1817 1172//1815 
f 2181//1875 2180//1876 2411//1877 
f 2125//1717 2183//1802 2182//1801 
f 2347//1875 2346//1876 2412//1877 
f 2290//1717 2349//1802 2348//1801 
f 1501//1875 1500//1876 2413//1877 
f 1444//1717 1503//1802 1502//1801 
f 1106//1717 1167//1802 1166//1801 
f 1166//1892 2414//1875 2415//1893 
f 1655//1864 1659//1786 1661//1789 
f 1575//1668 1658//1790 1663//1793 
f 1243//1668 1327//1790 1332//1793 
f 1324//1864 1328//1786 1330//1789 
f 1189//1836 1192//1843 1185//1837 
f 1171//1810 1187//1835 1190//1838 
f 1268//1702 1320//1775 1319//1774 
f 2416//1878 2417//1879 2418//1880 
f 2419//1878 2420//1879 2421//1880 
f 1433//1702 1485//1775 1484//1774 
f 2422//1878 2423//1879 2424//1880 
f 2113//1702 2165//1775 2164//1774 
f 2279//1702 2331//1775 2330//1774 
f 2425//1878 2426//1879 2427//1880 
f 2428//1878 2429//1879 2430//1880 
f 1599//1702 1651//1775 1650//1774 
f 2014//1875 2013//1876 2431//1877 
f 1958//1717 2016//1802 2015//1801 
f 1265//1697 1367//1861 1366//1860 
f 1366//1881 1367//1882 2432//1883 
f 1697//1881 1698//1882 2433//1883 
f 1596//1697 1698//1861 1697//1860 
f 2434//1878 2435//1879 2436//1880 
f 1946//1702 1998//1775 1997//1774 
f 2437//1894 1016//1895 2438//1896 
f 862//1644 1016//1851 1017//1853 
f 2409//1875 1841//1876 2439//1877 
f 1838//1887 2440//1888 2439//1889 
f 2414//1875 1164//1876 2415//1877 
f 1161//1887 2441//1888 2415//1889 
f 1943//1697 2046//1861 2045//1860 
f 2045//1881 2046//1882 2442//1883 
f 1211//1623 1304//1758 1310//1761 
f 2418//1884 1302//1885 1308//1886 
f 1377//1623 1469//1758 1475//1761 
f 2421//1884 1467//1885 1473//1886 
f 2223//1623 2315//1758 2321//1761 
f 2427//1884 2313//1885 2319//1886 
f 1723//1644 1873//1851 1874//1853 
f 2443//1894 1873//1895 2444//1896 
f 1047//1644 1196//1851 1197//1853 
f 2445//1894 1196//1895 2446//1896 
f 1889//1623 1982//1758 1988//1761 
f 2436//1884 1980//1885 1986//1886 
f 2237//1644 2373//1851 2375//1853 
f 2407//1897 2373//1898 2374//1899 
f 2070//1644 2207//1851 2209//1853 
f 2404//1897 2207//1898 2208//1899 
f 2401//1897 1527//1898 1528//1899 
f 1391//1644 1527//1851 1529//1853 
f 1494//1887 1491//1888 2413//1889 
f 1407//1664 1491//1785 1494//1787 
f 2253//1664 2337//1785 2340//1787 
f 2340//1887 2337//1888 2412//1889 
f 2174//1887 2171//1888 2411//1889 
f 2086//1664 2171//1785 2174//1787 
f 1344//1814 1346//1817 1339//1815 
f 1346//1824 1331//1791 1347//1823 
f 2192//1824 2177//1791 2193//1823 
f 2190//1814 2192//1817 2185//1815 
f 2356//1814 2358//1817 2351//1815 
f 2358//1824 2343//1791 2359//1823 
f 1677//1824 1662//1791 1678//1823 
f 1675//1814 1677//1817 1670//1815 
f 1510//1814 1512//1817 1505//1815 
f 1512//1824 1497//1791 1513//1823 
f 2056//1623 2149//1758 2155//1761 
f 2424//1884 2147//1885 2153//1886 
f 1543//1623 1635//1758 1641//1761 
f 2430//1884 1633//1885 1639//1886 
f 969//1780 989//1808 993//1813 
f 996//1817 993//1900 991//1815 
f 1610//1717 1668//1802 1667//1801 
f 1667//1892 1666//1875 2447//1893 
f 1280//1717 1337//1802 1336//1801 
f 1336//1892 1335//1875 2448//1893 
f 2007//1887 2004//1888 2431//1889 
f 1919//1664 2004//1785 2007//1787 
f 2371//1842 2356//1814 2368//1841 
f 2369//1836 2371//1843 2365//1837 
f 1690//1842 1675//1814 1687//1841 
f 1688//1836 1690//1843 1684//1837 
f 1522//1836 1525//1843 1519//1837 
f 1507//1810 1519//1835 1523//1838 
f 2023//1814 2025//1817 2018//1815 
f 2025//1824 2010//1791 2026//1823 
f 965//1901 2386//1879 2385//1878 
f 914//1710 965//1772 957//1763 
f 1011//1840 1008//1902 1007//1837 
f 1011//1842 994//1814 1008//1841 
f 2177//1791 2179//1795 2176//1792 
f 2182//1892 2181//1875 2411//1893 
f 2343//1791 2345//1795 2342//1792 
f 2348//1892 2347//1875 2412//1893 
f 1497//1791 1499//1795 1496//1792 
f 1502//1892 1501//1875 2413//1893 
f 945//1748 979//1793 982//1796 
f 979//1903 2384//1889 982//1904 
f 1854//1817 1851//1900 1849//1815 
f 1829//1780 1846//1808 1851//1813 
f 1335//1875 1332//1876 2448//1877 
f 1332//1887 2449//1888 2448//1889 
f 1666//1875 1663//1876 2447//1877 
f 1663//1887 2450//1888 2447//1889 
f 2010//1791 2012//1795 2009//1792 
f 2015//1892 2014//1875 2431//1893 
f 1177//1817 1174//1900 1172//1815 
f 1152//1780 1169//1808 1174//1813 
f 959//1765 2386//1905 962//1768 
f 965//1901 966//1906 2386//1879 
f 1825//1901 2390//1879 2389//1878 
f 1775//1710 1825//1772 1817//1763 
f 936//1737 943//1745 944//1746 
f 902//1694 901//1693 904//1696 
f 1099//1710 1148//1772 1141//1763 
f 1148//1901 2393//1879 2392//1878 
f 1869//1843 1866//1902 1865//1837 
f 1869//1842 1852//1814 1866//1841 
f 1017//1907 1016//1895 2437//1894 
f 1019//1855 2388//1908 1020//1856 
f 1557//1644 1693//1851 1694//1853 
f 2433//1894 1693//1895 2451//1896 
f 1225//1644 1362//1851 1363//1853 
f 2432//1894 1362//1895 2452//1896 
f 2398//1909 977//1910 2384//1911 
f 981//1912 2408//1913 977//1914 
f 1819//1765 2390//1905 1822//1768 
f 1825//1901 1826//1906 2390//1879 
f 2404//1895 2208//1873 2402//1896 
f 2166//1778 2210//1854 2208//1852 
f 2401//1895 1528//1873 2399//1896 
f 1486//1778 1530//1854 1528//1852 
f 2332//1778 2376//1854 2374//1852 
f 2407//1895 2374//1873 2405//1896 
f 1139//1765 2393//1905 1145//1768 
f 1148//1901 1149//1906 2393//1879 
f 927//1728 925//1723 920//1870 
f 923//1720 927//1725 920//1721 
f 2442//1894 2041//1895 2453//1896 
f 1903//1644 2041//1851 2042//1853 
f 1763//1694 1762//1693 1765//1696 
f 1797//1737 1771//1745 1804//1746 
f 1121//1737 1095//1745 1128//1746 
f 1087//1694 1086//1693 1089//1696 
f 954//1759 957//1763 953//1760 
f 2396//1884 953//1886 2385//1915 
f 1021//1881 2388//1883 2438//1890 
f 896//1688 1021//1858 1018//1854 
f 1874//1907 1873//1895 2443//1894 
f 1876//1855 2395//1908 1877//1856 
f 2380//1899 1013//1916 1015//1874 
f 1013//1845 961//1767 1015//1848 
f 1197//1855 2397//1908 1199//1856 
f 1197//1907 1196//1895 2445//1894 
f 1840//1912 2410//1913 1836//1914 
f 2454//1909 1836//1910 2439//1911 
f 951//1917 946//1885 2396//1884 
f 858//1639 946//1749 948//1751 
f 1163//1912 2415//1913 1159//1914 
f 2455//1909 1159//1910 2415//1911 
f 1788//1728 1786//1723 1781//1870 
f 1784//1720 1788//1725 1781//1721 
f 2352//1807 2362//1832 2368//1835 
f 2362//1865 2364//1829 2365//1828 
f 1671//1807 1681//1832 1687//1835 
f 1681//1865 1683//1829 1684//1828 
f 1108//1720 1112//1725 1105//1721 
f 1112//1728 1110//1723 1105//1870 
f 955//1918 951//1919 2396//1920 
f 955//1921 2387//1922 2386//1923 
f 1814//1759 1817//1763 1813//1760 
f 2391//1884 1813//1886 2389//1915 
f 984//1892 985//1924 2383//1875 
f 918//1714 983//1804 985//1803 
f 1878//1881 2395//1883 2444//1890 
f 1757//1688 1878//1858 1875//1854 
f 1001//1832 1003//1925 1008//1835 
f 1001//1826 1002//1827 1003//1828 
f 1138//1759 1141//1763 1137//1760 
f 2394//1884 1137//1886 2392//1915 
f 1081//1688 1200//1858 1198//1854 
f 1200//1881 2397//1883 2446//1890 
f 1870//1845 1821//1767 1872//1848 
f 2381//1899 1870//1916 1872//1874 
f 884//1671 970//1781 972//1783 
f 2398//1909 970//1926 977//1910 
f 1739//1663 1830//1783 1833//1785 
f 2454//1926 1830//1864 1836//1789 
f 1346//1817 1343//1900 1339//1815 
f 1323//1780 1339//1808 1343//1813 
f 2358//1817 2355//1900 2351//1815 
f 2334//1780 2351//1808 2355//1813 
f 1488//1780 1505//1808 1509//1813 
f 1512//1817 1509//1900 1505//1815 
f 2192//1817 2189//1900 2185//1815 
f 2168//1780 2185//1808 2189//1813 
f 1677//1817 1674//1900 1670//1815 
f 1654//1780 1670//1808 1674//1813 
f 1193//1845 1144//1767 1195//1848 
f 2382//1899 1193//1916 1195//1874 
f 1063//1663 1153//1783 1156//1785 
f 2455//1926 1153//1864 1159//1789 
f 863//1649 867//1651 866//1650 
f 862//1644 867//1654 857//1645 
f 1719//1639 1806//1749 1808//1751 
f 1811//1917 1806//1885 2391//1884 
f 1043//1639 1130//1749 1132//1751 
f 1135//1917 1130//1885 2394//1884 
f 2001//1780 2018//1808 2022//1813 
f 2025//1817 2022//1900 2018//1815 
f 1604//1710 1650//1772 1643//1763 
f 1650//1901 2429//1879 2428//1878 
f 1319//1901 2417//1879 2416//1878 
f 1274//1710 1319//1772 1312//1763 
f 1484//1901 2420//1879 2419//1878 
f 1438//1710 1484//1772 1477//1763 
f 2330//1901 2426//1879 2425//1878 
f 2284//1710 2330//1772 2323//1763 
f 2119//1710 2164//1772 2157//1763 
f 2164//1901 2423//1879 2422//1878 
f 1815//1918 1811//1919 2391//1920 
f 1815//1921 2391//1922 2390//1923 
f 1843//1892 1844//1924 2409//1875 
f 1779//1714 1842//1804 1844//1803 
f 1359//1843 1356//1902 1352//1837 
f 1359//1842 1344//1814 1356//1841 
f 2205//1842 2190//1814 2202//1841 
f 2205//1843 2202//1902 2198//1837 
f 1139//1921 2394//1922 2393//1923 
f 1139//1918 1135//1919 2394//1920 
f 1859//1832 1861//1925 1866//1835 
f 1859//1826 1860//1827 1861//1828 
f 1182//1865 1184//1829 1185//1828 
f 1168//1805 1182//1830 1187//1832 
f 1103//1714 1165//1804 1167//1803 
f 1166//1892 1167//1924 2414//1875 
f 2174//1903 2411//1889 2180//1904 
f 2146//1748 2174//1793 2180//1796 
f 2312//1748 2340//1793 2346//1796 
f 2340//1903 2412//1889 2346//1904 
f 1466//1748 1494//1793 1500//1796 
f 1494//1903 2413//1889 1500//1904 
f 1997//1901 2435//1879 2434//1878 
f 1952//1710 1997//1772 1990//1763 
f 877//1662 860//1866 843//1618 
f 880//1666 860//1642 877//1667 
f 897//1699 909//1703 924//1869 
f 924//1927 915//1711 920//1716 
f 1192//1842 1175//1814 1190//1841 
f 1192//1843 1190//1902 1185//1837 
f 2038//1843 2035//1902 2031//1837 
f 2038//1842 2023//1814 2035//1841 
f 1724//1649 1728//1651 1727//1650 
f 1723//1644 1728//1654 1718//1645 
f 1979//1748 2007//1793 2013//1796 
f 2007//1903 2431//1889 2013//1904 
f 2375//1853 2406//1908 2377//1856 
f 2378//1881 2379//1882 2406//1883 
f 2209//1855 2403//1908 2211//1856 
f 2212//1881 2213//1882 2403//1883 
f 1529//1855 2400//1908 1531//1856 
f 1532//1881 1533//1882 2400//1883 
f 1641//1765 2429//1905 1647//1768 
f 1650//1901 1651//1906 2429//1879 
f 1310//1765 2417//1905 1316//1768 
f 1319//1901 1320//1906 2417//1879 
f 2321//1765 2426//1905 2327//1768 
f 2330//1901 2331//1906 2426//1879 
f 1475//1761 2420//1905 1481//1768 
f 1484//1901 1485//1906 2420//1879 
f 2155//1765 2423//1905 2161//1768 
f 2164//1901 2165//1906 2423//1879 
f 1047//1644 1052//1654 1042//1645 
f 1048//1649 1052//1651 1051//1650 
f 973//1784 993//1813 997//1818 
f 996//1928 997//1818 993//1900 
f 1262//1694 1261//1693 1264//1696 
f 1294//1737 1270//1745 1261//1746 
f 2139//1737 2115//1745 2106//1746 
f 2107//1694 2106//1693 2109//1696 
f 926//1724 984//1799 981//1795 
f 981//1929 984//1892 2408//1893 
f 1988//1761 2435//1905 1994//1768 
f 1997//1901 1998//1906 2435//1879 
f 1021//1858 2438//1930 1018//1931 
f 1018//1872 2438//1932 2380//1873 
f 957//1933 2385//1934 953//1935 
f 957//1936 965//1901 2385//1878 
f 1694//1855 2433//1908 1696//1856 
f 1694//1907 1693//1895 2433//1894 
f 1363//1907 1362//1895 2432//1894 
f 1363//1855 2432//1908 1365//1856 
f 1741//1666 1721//1642 1738//1667 
f 1738//1662 1721//1866 1705//1618 
f 1972//1737 1948//1745 1939//1746 
f 1940//1694 1939//1693 1942//1696 
f 1758//1699 1770//1703 1785//1869 
f 1785//1927 1776//1711 1781//1716 
f 911//1705 1020//1863 1022//1862 
f 1022//1937 1020//1857 2388//1938 
f 903//1695 962//1777 966//1776 
f 966//1939 962//1770 2386//1940 
f 1491//1909 1496//1910 2413//1911 
f 1499//1912 2413//1913 1496//1914 
f 1334//1912 2448//1913 1330//1914 
f 2449//1909 1330//1910 2448//1911 
f 2345//1912 2412//1913 2342//1914 
f 2337//1909 2342//1910 2412//1911 
f 1665//1912 2447//1913 1661//1914 
f 2450//1909 1661//1910 2447//1911 
f 2179//1912 2411//1913 2176//1914 
f 2171//1909 2176//1910 2411//1911 
f 1062//1662 1045//1866 1029//1618 
f 1065//1666 1045//1642 1062//1667 
f 1082//1699 1094//1703 1109//1869 
f 1109//1927 1100//1711 1105//1716 
f 2042//1907 2041//1895 2442//1894 
f 2042//1855 2442//1908 2044//1856 
f 910//1704 907//1701 904//1700 
f 943//1745 904//1941 944//1746 
f 1612//1720 1616//1725 1609//1721 
f 1616//1728 1614//1723 1609//1870 
f 1446//1720 1450//1725 1443//1721 
f 1450//1728 1448//1723 1443//1870 
f 2296//1728 2294//1723 2289//1870 
f 2292//1720 2296//1725 2289//1721 
f 1286//1728 1284//1723 1279//1870 
f 1282//1720 1286//1725 1279//1721 
f 2127//1720 2131//1725 2124//1721 
f 2131//1728 2129//1723 2124//1870 
f 2004//1909 2009//1910 2431//1911 
f 2012//1912 2431//1913 2009//1914 
f 1832//1784 1851//1813 1855//1818 
f 1854//1928 1855//1818 1851//1900 
f 1787//1724 1843//1799 1840//1795 
f 1840//1929 1843//1892 2410//1893 
f 1177//1928 1178//1818 1174//1900 
f 1155//1784 1174//1813 1178//1818 
f 1640//1759 1643//1763 1639//1760 
f 2430//1884 1639//1886 2428//1915 
f 2320//1759 2323//1763 2319//1760 
f 2427//1884 2319//1886 2425//1915 
f 1309//1759 1312//1763 1308//1760 
f 2418//1884 1308//1886 2416//1915 
f 1474//1759 1477//1763 1473//1760 
f 2421//1884 1473//1886 2419//1915 
f 2154//1759 2157//1763 2153//1760 
f 2424//1884 2153//1886 2422//1915 
f 1111//1724 1166//1799 1163//1795 
f 1163//1929 1166//1892 2415//1893 
f 2378//1881 2406//1883 2405//1890 
f 2269//1688 2378//1858 2376//1854 
f 2102//1688 2212//1858 2210//1854 
f 2212//1881 2403//1883 2402//1890 
f 1366//1881 2432//1883 2452//1890 
f 1257//1688 1366//1858 1364//1854 
f 1532//1881 2400//1883 2399//1890 
f 1423//1688 1532//1858 1530//1854 
f 1589//1688 1697//1858 1695//1854 
f 1697//1881 2433//1883 2451//1890 
f 1878//1858 2444//1930 1875//1931 
f 1875//1872 2444//1932 2381//1873 
f 1817//1936 1825//1901 2389//1878 
f 1817//1933 2389//1934 1813//1935 
f 1960//1720 1964//1725 1957//1721 
f 1964//1728 1962//1723 1957//1870 
f 1200//1858 2446//1930 1198//1931 
f 1198//1872 2446//1932 2382//1873 
f 1360//1845 1315//1767 1361//1848 
f 1362//1899 1360//1916 1361//1874 
f 1691//1845 1646//1767 1692//1848 
f 1693//1899 1691//1916 1692//1874 
f 1141//1936 1148//1901 2392//1878 
f 1141//1933 2392//1934 1137//1935 
f 1240//1663 1324//1783 1327//1785 
f 2449//1926 1324//1864 1330//1789 
f 1572//1663 1655//1783 1658//1785 
f 2450//1926 1655//1864 1661//1789 
f 999//1824 997//1823 996//1942 
f 998//1819 999//1822 996//1820 
f 1772//1705 1877//1863 1879//1862 
f 1879//1937 1877//1857 2395//1938 
f 1826//1939 1822//1770 2390//1940 
f 1764//1695 1822//1777 1826//1776 
f 1987//1759 1990//1763 1986//1760 
f 2436//1884 1986//1886 2434//1915 
f 2045//1881 2442//1883 2453//1890 
f 1935//1688 2045//1858 2043//1854 
f 1201//1937 1199//1857 2397//1938 
f 1096//1705 1199//1863 1201//1862 
f 1088//1695 1145//1777 1149//1776 
f 1149//1939 1145//1770 2393//1940 
f 1221//1639 1302//1749 1304//1751 
f 1304//1917 1302//1885 2418//1884 
f 1469//1917 1467//1885 2421//1884 
f 1387//1639 1467//1749 1469//1751 
f 2233//1639 2313//1749 2315//1751 
f 2315//1917 2313//1885 2427//1884 
f 2041//1899 2039//1916 2040//1874 
f 2039//1845 1993//1767 2040//1848 
f 1833//1790 2440//1943 1838//1887 
f 1833//1785 1830//1783 2454//1944 
f 989//1809 990//1810 991//1811 
f 989//1945 991//1811 993//1946 
f 1771//1704 1768//1701 1765//1700 
f 1771//1745 1765//1941 1804//1746 
f 1629//1744 1601//1705 1593//1704 
f 1623//1736 1629//1746 1593//1747 
f 2303//1736 2309//1746 2273//1747 
f 2309//1744 2281//1705 2273//1704 
f 1457//1736 1463//1746 1427//1747 
f 1463//1744 1435//1705 1427//1704 
f 1156//1790 2441//1943 1161//1887 
f 1156//1785 1153//1783 2455//1944 
f 1095//1704 1092//1701 1089//1700 
f 1095//1745 1089//1941 1128//1746 
f 1016//1895 2380//1873 2438//1896 
f 1016//1898 1013//1916 2380//1899 
f 1641//1921 2430//1922 2429//1923 
f 1641//1918 1635//1919 2430//1920 
f 1310//1918 1304//1919 2418//1920 
f 1310//1921 2418//1922 2417//1923 
f 1475//1918 1469//1919 2421//1920 
f 1475//1921 2421//1922 2420//1923 
f 2155//1921 2424//1922 2423//1923 
f 2155//1918 2149//1919 2424//1920 
f 2321//1918 2315//1919 2427//1920 
f 2321//1921 2427//1922 2426//1923 
f 1982//1917 1980//1885 2436//1884 
f 1899//1639 1980//1749 1982//1751 
f 1553//1639 1633//1749 1635//1751 
f 1635//1917 1633//1885 2430//1884 
f 2066//1639 2147//1749 2149//1751 
f 2149//1917 2147//1885 2424//1884 
f 1504//1805 1516//1830 1519//1832 
f 1516//1865 1518//1829 1519//1828 
f 2122//1714 2181//1804 2183//1803 
f 2182//1892 2183//1924 2181//1875 
f 1607//1714 1666//1804 1668//1803 
f 1667//1892 1668//1924 1666//1875 
f 1336//1892 1337//1924 1335//1875 
f 1277//1714 1335//1804 1337//1803 
f 1441//1714 1501//1804 1503//1803 
f 1502//1892 1503//1924 1501//1875 
f 2348//1892 2349//1924 2347//1875 
f 2287//1714 2347//1804 2349//1803 
f 985//1947 983//1798 2383//1948 
f 2383//1948 983//1797 982//1876 
f 1350//1832 1352//1925 1356//1835 
f 1350//1826 1351//1827 1352//1828 
f 2196//1826 2197//1827 2198//1828 
f 2196//1832 2198//1925 2202//1835 
f 2258//1671 2335//1781 2337//1783 
f 2337//1909 2335//1926 2342//1910 
f 2091//1671 2169//1781 2171//1783 
f 2171//1909 2169//1926 2176//1910 
f 1412//1671 1489//1781 1491//1783 
f 1491//1909 1489//1926 1496//1910 
f 1856//1819 1857//1822 1854//1820 
f 1857//1824 1855//1823 1854//1942 
f 1525//1843 1523//1902 1519//1837 
f 1525//1842 1510//1814 1523//1841 
f 1988//1921 2436//1922 2435//1923 
f 1988//1918 1982//1919 2436//1920 
f 1179//1819 1180//1822 1177//1820 
f 1180//1824 1178//1823 1177//1942 
f 1955//1714 2014//1804 2016//1803 
f 2015//1892 2016//1924 2014//1875 
f 1805//1748 1838//1793 1841//1796 
f 1838//1903 2439//1889 1841//1904 
f 1690//1949 1687//1841 1684//1902 
f 1681//1832 1684//1925 1687//1835 
f 2362//1832 2365//1925 2368//1835 
f 2371//1949 2368//1841 2365//1902 
f 2232//1649 2241//1651 2240//1650 
f 2237//1644 2241//1654 2232//1645 
f 1552//1871 1558//1646 1541//1620 
f 1552//1645 1564//1655 1558//1654 
f 2070//1644 2074//1654 2065//1645 
f 2065//1649 2074//1651 2073//1650 
f 1220//1649 1229//1651 1228//1650 
f 1225//1644 1229//1654 1220//1645 
f 1386//1649 1395//1651 1394//1650 
f 1391//1644 1395//1654 1386//1645 
f 852//1631 948//1753 951//1755 
f 948//1753 946//1950 951//1917 
f 2029//1832 2031//1925 2035//1835 
f 2029//1826 2030//1827 2031//1828 
f 851//1633 857//1637 863//1871 
f 857//1645 867//1654 863//1951 
f 979//1887 2456//1943 2398//1888 
f 2456//1952 970//1926 2398//1909 
f 1161//1903 2415//1889 1164//1904 
f 1129//1748 1161//1793 1164//1796 
f 1924//1671 2002//1781 2004//1783 
f 2004//1909 2002//1926 2009//1910 
f 1014//1847 1013//1953 1016//1898 
f 850//1628 1013//1845 1014//1846 
f 881//1668 975//1790 979//1793 
f 975//1790 2456//1943 979//1887 
f 1846//1809 1848//1810 1849//1811 
f 1846//1945 1849//1811 1851//1946 
f 1169//1809 1171//1810 1172//1811 
f 1169//1945 1172//1811 1174//1946 
f 1898//1649 1907//1651 1906//1650 
f 1903//1644 1907//1654 1898//1645 
f 1873//1898 1870//1916 2381//1899 
f 1873//1895 2381//1873 2444//1896 
f 2375//1954 2407//1894 2406//1955 
f 2373//1851 2407//1897 2375//1907 
f 2209//1954 2404//1894 2403//1955 
f 2207//1851 2404//1897 2209//1907 
f 1529//1954 2401//1894 2400//1955 
f 1527//1851 2401//1897 1529//1907 
f 1196//1895 2382//1873 2446//1896 
f 1196//1898 1193//1916 2382//1899 
f 909//1709 915//1711 924//1927 
f 913//1708 915//1711 909//1709 
f 2409//1948 1842//1797 1841//1876 
f 1844//1947 1842//1798 2409//1948 
f 1003//1828 1005//1831 1007//1834 
f 1003//1925 1007//1834 1008//1956 
f 1167//1947 1165//1798 2414//1948 
f 2414//1948 1165//1797 1164//1876 
f 1571//1662 1555//1866 1540//1618 
f 1574//1666 1555//1642 1571//1667 
f 1405//1662 1389//1866 1374//1618 
f 1408//1666 1389//1642 1405//1667 
f 2254//1666 2235//1642 2251//1667 
f 2251//1662 2235//1866 2220//1618 
f 1242//1666 1223//1642 1239//1667 
f 1239//1662 1223//1866 1208//1618 
f 2084//1662 2068//1866 2053//1618 
f 2087//1666 2068//1642 2084//1667 
f 854//1634 852//1631 841//1630 
f 860//1957 854//1634 841//1867 
f 1255//1699 1269//1703 1283//1869 
f 1283//1927 1269//1711 1279//1716 
f 1421//1699 1434//1703 1447//1869 
f 1447//1927 1434//1711 1443//1716 
f 2100//1699 2114//1703 2128//1869 
f 2128//1927 2114//1711 2124//1716 
f 1587//1699 1600//1703 1613//1869 
f 1613//1927 1600//1711 1609//1716 
f 2267//1699 2280//1703 2293//1869 
f 2293//1927 2280//1711 2289//1716 
f 1187//1925 1185//1834 1190//1956 
f 1187//1958 1182//1865 1185//1828 
f 897//1689 894//1685 901//1693 
f 897//1699 924//1869 894//1686 
f 927//1959 932//1734 930//1729 
f 929//1727 932//1731 927//1725 
f 1713//1631 1808//1753 1811//1755 
f 1808//1753 1806//1950 1811//1917 
f 887//1676 876//1674 888//1677 
f 876//1960 875//1660 888//1681 
f 1017//1954 2437//1894 2388//1955 
f 2438//1890 2388//1883 2437//1891 
f 1718//1645 1728//1654 1724//1951 
f 1702//1633 1718//1637 1724//1871 
f 1037//1631 1132//1753 1135//1755 
f 1132//1753 1130//1950 1135//1917 
f 1026//1633 1042//1637 1048//1871 
f 1042//1645 1052//1654 1048//1951 
f 1712//1628 1870//1845 1871//1846 
f 1871//1847 1870//1953 1873//1898 
f 1917//1662 1901//1866 1886//1618 
f 1920//1666 1901//1642 1917//1667 
f 1933//1699 1947//1703 1961//1869 
f 1961//1927 1947//1711 1957//1716 
f 1036//1628 1193//1845 1194//1846 
f 1194//1847 1193//1953 1196//1898 
f 1492//1784 1509//1813 1513//1818 
f 1512//1928 1513//1818 1509//1900 
f 1657//1784 1674//1813 1678//1818 
f 1677//1928 1678//1818 1674//1900 
f 2338//1784 2355//1813 2359//1818 
f 2358//1928 2359//1818 2355//1900 
f 1326//1784 1343//1813 1347//1818 
f 1346//1928 1347//1818 1343//1900 
f 2172//1784 2189//1813 2193//1818 
f 2192//1928 2193//1818 2189//1900 
f 1449//1724 1502//1799 1499//1795 
f 1499//1929 1502//1892 2413//1893 
f 1285//1724 1336//1799 1334//1795 
f 1334//1929 1336//1892 2448//1893 
f 2295//1724 2348//1799 2345//1795 
f 2345//1929 2348//1892 2412//1893 
f 2130//1724 2182//1799 2179//1795 
f 2179//1929 2182//1892 2411//1893 
f 1615//1724 1667//1799 1665//1795 
f 1665//1929 1667//1892 2447//1893 
f 944//1747 904//1961 901//1868 
f 944//1747 901//1868 893//1684 
f 1770//1709 1776//1711 1785//1927 
f 1774//1708 1776//1711 1770//1709 
f 1532//1858 2399//1930 1530//1931 
f 1530//1872 2399//1932 1528//1873 
f 1366//1858 2452//1930 1364//1931 
f 1364//1872 2452//1932 1362//1873 
f 2212//1858 2402//1930 2210//1931 
f 2210//1872 2402//1932 2208//1873 
f 1697//1858 2451//1930 1695//1931 
f 1695//1872 2451//1932 1693//1873 
f 2378//1858 2405//1930 2376//1931 
f 2376//1872 2405//1932 2374//1873 
f 1643//1936 1650//1901 2428//1878 
f 1643//1933 2428//1934 1639//1935 
f 1477//1933 2419//1934 1473//1935 
f 1477//1936 1484//1901 2419//1878 
f 2323//1936 2330//1901 2425//1878 
f 2323//1933 2425//1934 2319//1935 
f 1312//1936 1319//1901 2416//1878 
f 1312//1933 2416//1934 1308//1935 
f 2157//1936 2164//1901 2422//1878 
f 2157//1933 2422//1934 2153//1935 
f 977//1914 2408//1913 2384//1911 
f 2408//1893 2383//1875 2384//1877 
f 1094//1709 1100//1711 1109//1927 
f 1098//1708 1100//1711 1094//1709 
f 1861//1828 1863//1831 1865//1834 
f 1861//1925 1865//1834 1866//1956 
f 959//1765 955//1921 2386//1923 
f 958//1764 955//1761 959//1765 
f 1000//1825 1017//1853 1019//1855 
f 1019//1855 1017//1954 2388//1955 
f 2005//1784 2022//1813 2026//1818 
f 2025//1928 2026//1818 2022//1900 
f 1715//1634 1713//1631 1703//1630 
f 1721//1957 1715//1634 1703//1867 
f 1963//1724 2015//1799 2012//1795 
f 2012//1929 2015//1892 2431//1893 
f 1698//1937 1696//1857 2433//1938 
f 1601//1705 1696//1863 1698//1862 
f 2213//1937 2211//1857 2403//1938 
f 2116//1705 2211//1863 2213//1862 
f 2281//1705 2377//1863 2379//1862 
f 2379//1937 2377//1857 2406//1938 
f 1271//1705 1365//1863 1367//1862 
f 1367//1937 1365//1857 2432//1938 
f 1435//1705 1531//1863 1533//1862 
f 1533//1937 1531//1857 2400//1938 
f 1595//1695 1647//1777 1651//1776 
f 1651//1939 1647//1770 2429//1940 
f 1320//1939 1316//1770 2417//1940 
f 1263//1695 1316//1777 1320//1776 
f 1429//1695 1481//1777 1485//1776 
f 1485//1939 1481//1770 2420//1940 
f 2331//1939 2327//1770 2426//1940 
f 2275//1695 2327//1777 2331//1776 
f 2108//1695 2161//1777 2165//1776 
f 2165//1939 2161//1770 2423//1940 
f 1039//1634 1037//1631 1027//1630 
f 1045//1957 1039//1634 1027//1867 
f 851//1633 863//1871 840//1619 
f 848//1625 851//1629 840//1622 
f 1758//1699 1785//1869 1755//1686 
f 1758//1689 1755//1685 1762//1693 
f 1788//1959 1793//1734 1791//1729 
f 1790//1727 1793//1731 1788//1725 
f 1527//1953 1526//1845 1528//1848 
f 1381//1628 1526//1845 1527//1846 
f 2060//1628 2206//1845 2207//1846 
f 2207//1953 2206//1845 2208//1848 
f 2227//1628 2372//1845 2373//1846 
f 2373//1953 2372//1845 2374//1848 
f 938//1739 1012//1843 1011//1840 
f 1012//1844 995//1816 1011//1842 
f 1737//1960 1736//1660 1749//1681 
f 1748//1676 1737//1674 1749//1677 
f 1874//1954 2443//1894 2395//1955 
f 2444//1890 2395//1883 2443//1891 
f 2045//1858 2453//1930 2043//1931 
f 2043//1872 2453//1932 2041//1873 
f 1990//1933 2434//1934 1986//1935 
f 1990//1936 1997//1901 2434//1878 
f 1833//1787 2454//1952 2440//1943 
f 2440//1888 2454//1909 2439//1911 
f 1082//1699 1109//1869 1079//1686 
f 1082//1689 1079//1685 1086//1693 
f 1114//1727 1117//1731 1112//1725 
f 1112//1959 1117//1734 1115//1729 
f 1072//1676 1061//1674 1073//1677 
f 1061//1960 1060//1660 1073//1681 
f 1197//1954 2445//1894 2397//1955 
f 2446//1890 2397//1883 2445//1891 
f 1658//1790 2450//1943 1663//1887 
f 1658//1785 1655//1783 2450//1944 
f 1327//1790 2449//1943 1332//1887 
f 1327//1785 1324//1783 2449//1944 
f 2115//1704 2112//1701 2109//1700 
f 2115//1745 2109//1941 2106//1746 
f 1270//1704 1267//1701 1264//1700 
f 1270//1745 1264//1941 1261//1746 
f 2441//1888 2455//1909 2415//1911 
f 1156//1787 2455//1952 2441//1943 
f 1949//1705 2044//1863 2046//1862 
f 2046//1937 2044//1857 2442//1938 
f 1941//1695 1994//1777 1998//1776 
f 1998//1939 1994//1770 2435//1940 
f 943//1744 910//1704 904//1941 
f 941//1742 910//1704 943//1744 
f 1804//1747 1762//1868 1754//1684 
f 1804//1747 1765//1961 1762//1868 
f 889//1678 987//1806 989//1808 
f 987//1806 988//1807 989//1809 
f 1128//1747 1086//1868 1078//1684 
f 1128//1747 1089//1961 1086//1868 
f 972//1783 970//1781 2456//1944 
f 975//1787 972//1785 2456//1952 
f 1948//1704 1945//1701 1942//1700 
f 1948//1745 1942//1941 1939//1746 
f 955//1918 2396//1920 2387//1922 
f 2387//1922 2396//1920 2385//1962 
f 1836//1914 2410//1913 2439//1911 
f 2410//1893 2409//1875 2439//1877 
f 1818//1764 1815//1761 1819//1765 
f 1819//1765 1815//1921 2390//1923 
f 1858//1825 1874//1853 1876//1855 
f 1876//1855 1874//1954 2395//1955 
# 0 polygons - 3204 triangles

