# 3ds Max Wavefront OBJ Exporter v0.99 - (c)2007 guruware
# File Created: 18.07.2026 21:09:59

#
# object Group22992
#

v  9.4192 46.1275 -0.0000
v  7.4694 46.0508 -6.4236
v  6.2923 46.0405 -6.3001
v  5.2084 46.0325 -5.9346
v  4.2622 46.0268 -5.3410
v  3.4929 46.0237 -4.5422
v  2.9319 46.0235 -3.5687
v  2.6014 46.0262 -2.4582
v  2.5138 46.0320 -1.2532
v  2.6701 46.0408 -0.0000
v  3.0609 46.0524 1.2532
v  3.6673 46.0666 2.4582
v  4.4620 46.0829 3.5687
v  5.4115 46.1005 4.5421
v  6.4780 46.1187 5.3410
v  7.6208 46.1366 5.9346
v  8.7980 46.1532 6.3001
v  9.9677 46.1677 6.4236
v  11.0886 46.1794 6.3001
v  12.1210 46.1879 5.9346
v  13.0282 46.1928 5.3410
v  13.7769 46.1940 4.5421
v  14.3386 46.1917 3.5687
v  14.6912 46.1859 2.4582
v  14.8192 46.1773 1.2532
v  14.7156 46.1661 -0.0000
v  14.3815 46.1529 -1.2532
v  13.8274 46.1382 -2.4582
v  13.0723 46.1227 -3.5688
v  12.1435 46.1069 -4.5422
v  11.0757 46.0914 -5.3410
v  9.9100 46.0766 -5.9346
v  8.6917 46.0629 -6.3001
v  0.0000 -0.2533 -6.4236
v  0.0000 -0.2533 0.0000
v  -1.2532 -0.2533 -6.3001
v  -2.4582 -0.2533 -5.9346
v  -3.5687 -0.2533 -5.3410
v  -4.5421 -0.2533 -4.5421
v  -5.3410 -0.2533 -3.5687
v  -5.9346 -0.2533 -2.4582
v  -6.3001 -0.2533 -1.2532
v  -6.4236 -0.2533 0.0000
v  -6.3001 -0.2533 1.2532
v  -5.9346 -0.2533 2.4582
v  -5.3410 -0.2533 3.5687
v  -4.5421 -0.2533 4.5421
v  -3.5687 -0.2533 5.3410
v  -2.4582 -0.2533 5.9346
v  -1.2532 -0.2533 6.3001
v  0.0000 -0.2533 6.4236
v  1.2532 -0.2533 6.3001
v  2.4582 -0.2533 5.9346
v  3.5687 -0.2533 5.3410
v  4.5421 -0.2533 4.5421
v  5.3410 -0.2533 3.5687
v  5.9346 -0.2533 2.4582
v  6.3001 -0.2533 1.2532
v  6.4236 -0.2533 0.0000
v  6.3001 -0.2533 -1.2532
v  5.9346 -0.2533 -2.4582
v  5.3410 -0.2533 -3.5687
v  4.5421 -0.2533 -4.5421
v  3.5687 -0.2533 -5.3410
v  2.4582 -0.2533 -5.9346
v  1.2532 -0.2533 -6.3001
v  8.1390 42.8337 -6.4236
v  10.5527 42.8595 -5.9346
v  8.3261 39.6011 -6.4236
v  10.7333 39.6254 -5.9346
v  7.9368 36.3414 -6.4236
v  10.3686 36.3634 -5.9346
v  6.9916 33.0476 -6.4236
v  13.7138 42.9075 -3.5688
v  9.4777 33.0670 -5.9346
v  5.6436 29.7159 -6.4236
v  8.1976 29.7326 -5.9346
v  4.2163 26.3453 -6.4236
v  15.0441 42.9399 -1.2532
v  6.8242 26.3591 -5.9346
v  3.0842 22.9490 -6.4236
v  5.7018 22.9594 -5.9346
v  2.1011 19.6030 -6.4236
v  4.6943 19.6075 -5.9346
v  1.3356 16.2887 -6.4236
v  3.9075 16.2929 -5.9346
v  0.8240 12.9719 -6.4236
v  3.3693 12.9753 -5.9346
v  0.3649 9.6560 -6.4236
v  2.8818 9.6583 -5.9346
v  0.0533 6.3458 -6.4236
v  2.5353 6.3467 -5.9346
v  0.0000 3.0456 -6.4236
v  2.4582 3.0456 -5.9346
v  5.9346 3.0456 -2.4582
v  5.9366 3.0457 2.4582
v  2.4614 3.0457 5.9346
v  -1.2531 3.0456 6.3001
v  -5.3410 3.0456 3.5687
v  -6.3001 3.0456 -1.2532
v  -3.5687 3.0456 -5.3410
v  -2.4173 6.3453 -5.9346
v  -2.1270 9.6547 -5.9346
v  -2.8062 12.9696 -5.3410
v  -2.3026 16.2857 -5.3410
v  -0.4139 19.6004 -5.9346
v  0.5772 22.9447 -5.9346
v  1.7534 26.3401 -5.9346
v  3.2705 29.7087 -5.9346
v  3.7643 33.0374 -5.3410
v  5.7198 36.3292 -5.9346
v  6.1330 39.5862 -5.9346
v  5.9274 42.8166 -5.9346
v  3.4689 42.8164 -2.4582
v  3.6101 42.8351 -0.0000
v  6.4074 42.9019 4.5421
v  9.7398 42.9556 6.3001
v  15.4138 42.9777 2.4582
v  12.9659 42.9870 5.9346
v  41.7913 95.0944 12.7449
v  41.2074 96.9310 6.8399
v  40.2311 97.4720 7.0310
v  39.3025 97.9289 7.4425
v  38.4576 98.2839 8.0588
v  37.7294 98.5230 8.8561
v  37.1458 98.6372 9.8038
v  36.7298 98.6218 10.8654
v  36.4970 98.4774 12.0001
v  36.4563 98.2097 13.1643
v  36.6092 97.8291 14.3133
v  36.9497 97.3502 15.4030
v  37.4640 96.7918 16.3915
v  38.1323 96.1755 17.2409
v  38.9288 95.5250 17.9184
v  39.8224 94.8655 18.3982
v  40.7792 94.2222 18.6617
v  41.7621 93.6200 18.6989
v  42.7336 93.0818 18.5083
v  43.6567 92.6282 18.0971
v  44.4963 92.2764 17.4813
v  45.2201 92.0398 16.6843
v  45.8009 91.9273 15.7369
v  46.2162 91.9432 14.6754
v  46.4943 92.3524 12.3761
v  46.3462 92.7302 11.2267
v  46.0114 93.2058 10.1365
v  45.5023 93.7611 9.1476
v  44.8384 94.3748 8.2979
v  44.0449 95.0235 7.6201
v  43.1519 95.6826 7.1403
v  42.1937 96.3268 6.8768
v  8.5607 44.2759 -6.3818
v  9.0942 42.4691 -0.4728
v  7.5803 44.8193 -6.1905
v  6.6466 45.2792 -5.7785
v  5.7958 45.6377 -5.1617
v  5.0610 45.8807 -4.3639
v  4.4709 45.9988 -3.4157
v  4.0479 45.9874 -2.3536
v  3.8087 45.8468 -1.2184
v  3.7620 45.5827 -0.0537
v  3.9098 45.2051 1.0958
v  4.2456 44.7290 2.1858
v  4.7563 44.1728 3.1746
v  5.4222 43.5578 4.0242
v  6.2170 42.9083 4.7019
v  7.1104 42.2490 5.1817
v  8.0678 41.6054 5.4452
v  9.0525 41.0021 5.4822
v  10.0270 40.4621 5.2913
v  10.9541 40.0062 4.8799
v  11.7982 39.6516 4.2636
v  12.5277 39.4117 3.4662
v  13.1145 39.2956 2.5183
v  13.5366 39.3075 1.4562
v  13.7774 39.4471 0.3209
v  13.8280 39.7089 -0.8441
v  13.6862 40.0830 -1.9940
v  13.3571 40.5551 -3.0846
v  12.8530 41.1075 -4.0739
v  12.1925 41.7192 -4.9239
v  11.4011 42.3668 -5.6019
v  10.5086 43.0255 -6.0818
v  9.5495 43.6702 -6.3451
v  46.4505 92.0866 13.5406
v  46.2565 86.7812 13.5410
v  43.7513 87.4342 16.9584
v  39.9394 89.6583 17.2577
v  37.0472 92.1545 14.2641
v  36.5571 93.3038 10.8641
v  39.2890 92.7988 6.3125
v  41.1741 91.8125 5.7115
v  40.9844 86.7865 4.5956
v  39.1107 87.7659 5.1957
v  40.5043 81.9319 3.5029
v  37.8200 83.2461 4.7166
v  39.6619 77.2913 2.4392
v  36.9864 78.6003 3.6522
v  38.4139 72.8903 1.4081
v  36.5566 73.8600 2.0069
v  36.7338 68.7444 0.4115
v  34.8784 69.7130 1.0101
v  34.6074 64.8610 -0.5496
v  31.9415 66.1644 0.6626
v  32.0319 61.2439 -1.4745
v  29.3646 62.5481 -0.2622
v  29.0137 57.8884 -2.3639
v  26.3425 59.1948 -1.1513
v  25.5695 54.7843 -3.2192
v  22.8918 56.0946 -2.0060
v  21.7302 51.9137 -4.0428
v  19.0426 53.2298 -2.8289
v  17.5455 49.2470 -4.8388
v  14.8433 50.5717 -3.6238
v  13.0998 46.7344 -5.6140
v  11.2100 47.7234 -5.0126
v  9.6582 48.3049 -3.6007
v  13.5752 50.8993 -1.8823
v  17.1978 53.3549 1.1030
v  10.9354 45.2609 5.4554
v  12.7852 43.9586 6.1988
v  14.7311 42.8232 6.0460
v  16.4780 42.0270 5.0202
v  18.3875 41.8637 1.0831
v  18.2606 42.5206 -1.2290
v  16.7293 44.1791 -4.1559
v  14.0818 46.1327 -5.5767
v  19.4785 48.0054 -4.5376
v  23.6598 50.6741 -3.7413
v  27.4970 53.5460 -2.9175
v  30.9397 56.6509 -2.0621
v  33.9571 60.0070 -1.1726
v  36.5322 63.6243 -0.2477
v  38.6586 67.5077 0.7134
v  40.3394 71.6532 1.7099
v  41.5889 76.0533 2.7410
v  42.4331 80.6928 3.8045
v  42.9163 85.5456 4.8969
v  43.1108 90.5688 6.0124
v  44.8031 89.2575 7.1696
v  46.3416 87.5948 10.0959
v  11.4970 95.2832 -33.4347
v  6.4781 93.5611 -36.8259
v  5.9318 94.0392 -36.0005
v  5.6010 94.5817 -35.0492
v  5.4982 95.1678 -34.0085
v  5.6275 95.7749 -32.9186
v  5.9839 96.3793 -31.8218
v  6.5535 96.9572 -30.7615
v  7.3145 97.4857 -29.7792
v  8.2374 97.9437 -28.9144
v  9.2869 98.3129 -28.2010
v  10.4225 98.5785 -27.6678
v  11.6005 98.7298 -27.3358
v  12.7757 98.7611 -27.2180
v  13.9028 98.6714 -27.3181
v  14.9388 98.4647 -27.6315
v  15.8437 98.1501 -28.1445
v  16.5831 97.7406 -28.8355
v  17.1284 97.2533 -29.6762
v  17.4590 96.7075 -30.6328
v  17.5620 96.1246 -31.6682
v  17.4336 95.5267 -32.7430
v  17.0785 94.9360 -33.8173
v  16.5103 94.3739 -34.8517
v  15.7508 93.8611 -35.8081
v  14.8290 93.4163 -36.6514
v  13.7803 93.0559 -37.3502
v  9.4915 39.9796 -6.0779
v  9.5500 42.9415 -0.7604
v  8.3279 40.0751 -5.9875
v  7.2111 40.2787 -5.7002
v  6.1841 40.5827 -5.2270
v  5.2862 40.9753 -4.5859
v  4.5523 41.4442 -3.7965
v  4.0144 42.0217 -2.7920
v  3.6899 42.6433 -1.6925
v  3.5905 43.2760 -0.5579
v  3.7199 43.8918 0.5610
v  4.0728 44.4647 1.6170
v  4.6356 44.9712 2.5664
v  5.3866 45.3912 3.3715
v  6.2969 45.7082 4.0009
v  7.3316 45.9107 4.4315
v  8.4510 45.9919 4.6487
v  9.6122 45.9507 4.6480
v  10.7708 45.7914 4.4348
v  11.8828 45.5256 4.0279
v  12.9078 45.1955 3.5043
v  13.8056 44.8029 2.8633
v  14.5398 44.3368 2.0791
v  15.0820 43.8150 1.1820
v  15.4115 43.2577 0.2063
v  15.5156 42.6861 -0.8105
v  15.3903 42.1224 -1.8291
v  15.0403 41.5882 -2.8106
v  14.4793 41.1039 -3.7172
v  13.7286 40.6882 -4.5140
v  12.8172 40.3572 -5.1705
v  11.7801 40.1234 -5.6613
v  10.6571 39.9959 -5.9677
v  11.4667 92.6389 -38.2154
v  10.2908 92.5990 -38.3476
v  7.8108 87.0630 -39.0112
v  11.1564 87.0247 -38.9638
v  10.8959 81.4901 -39.4464
v  8.6281 81.3746 -39.7114
v  10.6870 76.7174 -38.6579
v  8.4617 76.6043 -38.8956
v  10.5358 72.9024 -36.2347
v  7.3980 73.0127 -36.0525
v  10.4440 70.0392 -32.1637
v  7.3921 70.3116 -31.6712
v  10.3999 67.8759 -26.8974
v  7.4207 68.3070 -26.1138
v  10.3827 66.0506 -21.0968
v  8.3538 66.3164 -20.6114
v  10.3708 64.2219 -15.3812
v  7.4550 64.9079 -14.1601
v  10.3452 62.1050 -10.2658
v  8.3127 62.5093 -9.5540
v  10.2621 59.0183 -6.9915
v  8.2125 59.4626 -6.2311
v  10.1167 54.9522 -5.5165
v  8.0195 55.4406 -4.7043
v  9.9313 50.2721 -5.1731
v  7.7362 50.8147 -4.2961
v  9.6759 44.2848 -7.3529
v  7.4094 44.7623 -6.6319
v  6.3941 45.2059 -5.8836
v  4.2651 47.0949 -2.5457
v  3.9246 48.5435 0.1113
v  5.7642 50.5487 3.8666
v  9.8371 50.8995 4.7047
v  13.0721 50.0115 3.2433
v  14.7351 48.8704 1.2446
v  15.5988 47.5995 -0.9982
v  14.6514 45.2499 -5.2990
v  10.8364 44.2340 -7.3720
v  13.1814 50.0469 -5.4999
v  12.2521 54.7969 -5.7575
v  12.3468 58.9329 -7.1344
v  12.4183 62.1579 -10.1856
v  12.4336 64.3721 -15.1329
v  12.4509 66.2665 -20.7338
v  12.4960 68.1732 -26.3798
v  12.5842 70.4286 -31.4622
v  12.7289 73.3776 -35.3548
v  12.9320 77.2426 -37.6653
v  13.1830 82.0076 -38.4453
v  13.4746 87.4924 -38.0152
v  12.6450 92.7934 -37.8784
v  16.7817 89.4701 -34.3220
v  16.8341 91.8138 -30.1375
v  9.1624 92.6756 -38.2690
v  8.1251 92.8666 -37.9812
v  6.1643 87.5689 -38.1330
v  7.2186 93.1653 -37.4944
v  5.2978 89.4295 -34.7629
v  6.2115 90.5385 -32.7242
v  11.2770 92.7243 -28.6690
v  13.5939 92.9580 -28.2024
v  -23.9705 93.1958 21.4153
v  -23.4877 95.9985 15.9973
v  -24.5105 95.4258 15.7427
v  -25.5126 94.7674 15.7061
v  -26.4554 94.0486 15.8889
v  -27.3027 93.2971 16.2841
v  -28.0219 92.5416 16.8765
v  -28.5854 91.8113 17.6433
v  -28.9716 91.1342 18.5551
v  -29.1656 90.5364 19.5768
v  -29.1600 90.0407 20.6691
v  -28.9549 89.6663 21.7901
v  -28.5583 89.4275 22.8967
v  -27.9853 89.3336 23.9464
v  -27.2581 89.3880 24.8988
v  -26.4045 89.5888 25.7173
v  -25.4574 89.9282 26.3705
v  -24.4532 90.3932 26.8333
v  -23.4304 90.9659 27.0879
v  -22.4283 91.6243 27.1245
v  -21.4855 92.3431 26.9416
v  -20.6382 93.0946 26.5464
v  -19.9190 93.8501 25.9541
v  -19.3555 94.5803 25.1873
v  -18.9693 95.2574 24.2755
v  -18.7753 95.8553 23.2538
v  -18.7809 96.3510 22.1615
v  -18.9860 96.7254 21.0405
v  -19.3827 96.9642 19.9339
v  -19.9556 97.0581 18.8842
v  -20.6828 97.0036 17.9318
v  -21.5364 96.8028 17.1133
v  -22.4835 96.4634 16.4600
v  9.5713 46.9296 -6.4396
v  9.0886 44.1270 -1.0216
v  8.5485 46.3569 -6.6942
v  7.5464 45.6985 -6.7308
v  6.6036 44.9798 -6.5480
v  5.7564 44.2282 -6.1528
v  5.0371 43.4728 -5.5604
v  4.4736 42.7425 -4.7936
v  4.0874 42.0654 -3.8818
v  3.8934 41.4675 -2.8601
v  3.8991 40.9719 -1.7678
v  4.1041 40.5975 -0.6468
v  4.5008 40.3587 0.4598
v  5.0737 40.2647 1.5095
v  5.8009 40.3192 2.4619
v  6.6545 40.5200 3.2804
v  7.6016 40.8594 3.9336
v  8.6059 41.3244 4.3964
v  9.6287 41.8971 4.6510
v  10.6307 42.5554 4.6876
v  11.5735 43.2742 4.5047
v  12.4208 44.0258 4.1095
v  13.1400 44.7812 3.5172
v  13.7036 45.5115 2.7504
v  14.0897 46.1886 1.8386
v  14.2837 46.7864 0.8169
v  14.2781 47.2821 -0.2754
v  14.0730 47.6565 -1.3964
v  13.6764 47.8953 -2.5030
v  13.1034 47.9893 -3.5527
v  12.3762 47.9348 -4.5051
v  11.5226 47.7340 -5.3236
v  10.5755 47.3946 -5.9768
v  -21.1265 92.4937 14.3947
v  -19.1751 93.2980 15.5107
v  -18.6042 89.4825 11.6229
v  -15.8508 90.3295 13.9322
v  -16.0900 86.4466 8.9101
v  -14.1822 87.1173 10.3427
v  -13.6880 82.9612 7.1654
v  -11.8064 83.6540 8.5250
v  -11.3658 78.9689 6.3796
v  -16.6247 93.2206 19.4379
v  -9.5023 79.7356 7.5946
v  -9.1204 74.4526 6.5682
v  -6.4500 75.5810 8.3201
v  -6.9175 69.7592 7.1328
v  -16.4140 92.3505 21.6512
v  -4.2442 71.0377 8.6026
v  -4.7048 65.2847 7.3528
v  -2.8363 66.3406 8.0151
v  -2.4365 61.3137 6.6873
v  0.2769 62.7908 7.7463
v  -0.0951 57.9535 4.9316
v  2.6434 59.4667 5.9127
v  2.3089 55.1468 2.1984
v  5.0726 56.6375 3.2288
v  4.7523 52.7245 -1.2029
v  7.5469 54.1100 0.0456
v  7.2095 50.4352 -4.8367
v  9.1608 51.2396 -3.7207
v  11.7112 51.1621 0.2065
v  11.9219 50.2920 2.4198
v  11.3418 49.0170 4.3533
v  9.2035 46.7657 6.1193
v  7.2618 45.3696 6.3012
v  5.2403 44.3005 5.6453
v  3.4448 43.7216 4.2484
v  1.5447 44.3030 0.1494
v  2.6727 46.8013 -3.6485
v  4.2414 48.4529 -4.8880
v  6.1867 49.8625 -5.0913
v  3.7404 52.0485 -1.2621
v  1.3071 54.4345 2.2126
v  -1.0885 57.2340 4.9610
v  -4.3858 59.8318 6.8814
v  -6.6390 63.8529 7.4389
v  -8.8404 68.3972 7.0716
v  -11.9311 72.4447 6.5299
v  -14.1821 77.0945 6.0725
v  -15.6281 81.8617 6.5793
v  -18.9722 84.7550 8.1917
v  -20.5794 88.4037 10.9713
v  -24.0591 90.6511 14.0322
v  -25.5860 89.2654 14.7325
v  -26.5006 87.9659 16.1556
v  -26.0601 86.3425 20.3001
v  -22.0179 87.1152 24.6936
v  -16.9942 91.0755 23.5847
v  -18.2750 89.5957 24.9298
v  -20.0326 88.2250 25.2720
v  -17.3294 80.5182 6.8736
v  -16.5425 74.3394 8.4092
v  -19.0592 77.9782 9.7080
v  15.4940 68.0855 -8.6261
v  15.7114 64.8310 -5.5263
v  15.4764 65.9688 -12.3409
v  -9.4006 75.7105 16.4838
v  -9.0150 70.1145 16.3596
v  -6.3644 72.2243 15.8650
v  3.3592 33.1078 2.4582
v  0.5020 29.7257 -2.4582
v  -0.9993 26.3912 1.2532
v  13.6303 75.4672 -22.3847
v  13.5534 73.2022 -17.4036
v  15.8597 71.4977 -20.4533
v  -7.4852 59.3803 16.2928
v  -5.2266 55.3912 15.6651
v  -2.3400 57.2539 16.0991
v  4.3522 58.4702 10.9080
v  6.3648 56.9067 4.6721
v  3.9245 59.7585 7.3083
v  37.6611 65.2134 12.2406
v  34.5676 61.9229 11.2411
v  38.1987 60.0278 10.0675
v  41.0115 63.6967 10.2346
v  39.9993 59.9288 6.1391
v  0.7118 9.6694 6.4236
v  0.2215 6.3523 6.4236
v  4.7973 6.3536 4.5421
v  10.8038 82.1929 -28.7030
v  8.5550 78.1124 -26.8184
v  12.8027 78.5294 -26.0189
v  34.1130 73.6128 8.8576
v  34.0358 67.7662 10.7822
v  35.7013 71.9207 11.7799
v  8.4911 67.4498 -0.9559
v  6.6667 63.7592 1.2592
v  10.3707 63.9195 1.5918
v  5.5823 68.0059 -17.6309
v  5.5839 66.4137 -11.5214
v  5.6627 68.7215 -7.4909
v  6.3517 26.4706 6.4236
v  8.2738 23.0473 5.3410
v  10.6226 26.4689 4.5421
v  6.7274 16.3158 4.5421
v  3.8409 12.9935 5.9346
v  7.2903 12.9925 2.4582
v  45.0366 72.3692 9.1293
v  43.6032 67.7958 9.2290
v  43.8054 68.2500 6.9358
v  21.0572 55.9220 3.0861
v  10.9237 33.2008 6.3001
v  6.9759 29.8467 6.3001
v  11.4390 29.8593 5.3410
v  34.2211 53.6471 2.0174
v  29.1961 52.2307 -1.7609
v  32.6399 55.3350 -0.9055
v  -3.7458 19.6023 -2.4582
v  -4.5994 16.2874 -2.4582
v  -4.9674 16.2909 -0.0000
v  -2.0230 22.9920 2.4582
v  2.5380 26.4442 5.3410
v  5.5107 79.7993 -33.1191
v  6.7496 77.3333 -28.2423
v  6.7745 80.8655 -31.1688
v  -10.9420 69.0023 15.7895
v  -11.1875 63.3859 14.6521
v  -7.8054 64.9154 16.6475
v  -5.8694 66.2924 16.6546
v  -4.1610 67.8130 15.9781
v  8.6275 81.7039 -29.6229
v  -6.0325 9.6570 -0.0000
v  -5.8412 6.3474 2.4582
v  -5.4740 9.6597 2.4582
v  -3.7923 54.8019 6.1169
v  -2.1144 51.2167 4.0260
v  -5.5908 52.0772 9.4110
v  37.0428 81.6263 13.0319
v  39.5763 74.3803 14.2336
v  40.3766 79.0457 15.3006
v  44.0279 77.1387 14.1254
v  43.2178 72.4790 13.0592
v  8.1861 60.0521 3.4447
v  7.9442 55.6392 4.3243
v  12.1485 55.0584 3.4355
v  12.2613 59.4410 2.4585
v  27.9963 55.6058 9.1650
v  23.6250 53.1810 7.8326
v  25.4735 51.8794 8.5760
v  27.4018 50.7544 8.4246
v  23.5195 47.9091 7.6044
v  25.2418 47.1275 6.5806
v  -13.5551 78.2810 17.4300
v  -13.1650 73.4352 15.6394
v  -16.5531 85.9769 22.2126
v  -13.2466 83.5853 19.3273
v  -14.1244 88.6228 20.1823
v  5.9945 23.0479 6.3001
v  6.8952 19.6462 5.3410
v  0.8356 23.0235 5.3410
v  -1.6601 19.6238 4.5421
v  1.9551 19.6383 6.3001
v  33.9333 74.3009 6.5498
v  33.3760 70.2655 2.4181
v  32.4449 69.4599 7.8601
v  28.1289 62.8565 1.4767
v  25.1033 59.5053 0.5879
v  24.5291 59.3014 2.7782
v  15.5155 70.0266 -14.0940
v  15.4634 67.8808 -17.8998
v  5.2513 70.1474 -22.8474
v  5.6724 70.2550 -13.6810
v  6.1351 72.3441 -18.9527
v  5.1133 74.5976 -33.1954
v  5.4501 71.5066 -29.5289
v  5.1000 72.6041 -27.5648
v  -6.7613 54.7808 14.5615
v  -4.4336 51.4048 12.8183
v  -0.9855 53.1681 14.3684
v  2.7319 56.3040 13.2204
v  4.8417 48.2513 8.9044
v  8.3198 51.3799 7.3127
v  12.7308 33.1087 -3.5687
v  15.6494 39.7464 2.4582
v  15.3353 36.4825 2.4582
v  15.2927 36.4563 -0.0000
v  -5.8889 6.3455 -2.4582
v  30.9406 49.8644 3.4712
v  42.1294 64.1017 5.9389
v  11.8729 26.4421 1.2532
v  10.5781 23.0228 1.2532
v  8.9826 22.9841 -3.5687
v  7.0315 16.3013 -3.5687
v  5.5672 12.9797 -4.5421
v  9.6911 36.4807 6.3001
v  8.6183 33.1854 6.3001
v  8.5447 71.7260 -11.0795
v  9.5367 73.5763 -16.7495
v  5.3203 65.9659 -3.5607
v  36.6322 88.4032 8.6109
v  36.5793 87.5705 12.0535
v  -23.8651 83.7828 15.9182
v  -21.3542 82.0804 10.3543
v  -20.9030 80.4731 14.4868
v  3.2966 36.3402 -2.4582
v  2.4606 33.0449 -3.5687
v  9.8591 86.6770 -30.0397
v  12.1516 87.0039 -29.3943
v  45.7204 81.6986 13.4811
v  45.8633 77.0191 10.1942
v  46.3202 81.8874 11.2888
v  7.0852 12.9845 -2.4582
v  15.4060 63.3784 -8.0709
v  14.7109 58.1383 0.1971
v  15.6306 52.6047 -0.8428
v  15.5738 57.1017 -1.6254
v  1.6028 61.1613 13.5867
v  -2.3956 70.4000 13.0128
v  -1.2414 64.2899 15.2558
v  -0.3687 66.8144 10.9572
v  -15.6577 75.6540 6.9102
v  -14.3054 69.6099 9.0636
v  -10.5405 66.8495 7.8024
v  -12.3155 64.1759 11.0023
v  -6.8000 57.4034 8.4835
v  -7.7161 56.0114 10.1750
v  -9.5794 60.7355 9.7421
v  -2.7297 16.3017 4.5421
v  2.1285 16.3123 6.4236
v  -1.2471 12.9869 5.9346
v  -1.8232 9.6665 5.9346
v  6.7895 55.5546 8.3840
v  15.8449 70.4091 -22.4010
v  14.2985 68.8784 -25.1303
v  16.4794 79.7117 -33.1108
v  16.1877 75.8085 -30.9096
v  14.6009 74.2044 -33.8366
v  -14.5643 90.2482 16.0334
v  -11.6634 86.9430 14.4992
v  -9.1251 83.1454 13.6659
v  -7.0482 79.7038 11.4386
v  -9.7161 83.7367 11.5041
v  21.0038 44.4923 5.7889
v  26.8790 46.8431 3.7814
v  36.2398 76.9624 11.9651
v  30.3316 66.4326 3.4597
v  27.5546 62.3610 4.8280
v  30.1350 65.9752 5.7524
v  32.7192 63.2245 10.4976
v  30.1370 59.6113 9.5733
v  33.9097 57.1871 10.1657
v  14.8774 81.9151 -29.1321
v  16.1911 76.8796 -28.9659
v  15.9673 86.3147 -30.5337
v  16.4759 83.9240 -34.8805
v  -2.9942 71.2148 10.2264
v  -7.3806 77.7641 15.1290
v  -4.6177 75.1960 12.0650
v  5.2721 59.1365 1.7497
v  4.9219 54.6271 2.3955
v  6.6280 63.3367 -8.1124
v  5.4125 61.2393 -3.1625
v  5.2707 64.9193 -5.3767
v  5.1637 57.1790 -1.7201
v  -22.9014 83.4319 18.1175
v  -16.9397 81.2017 18.8995
v  -17.8954 76.8750 13.8683
v  5.0780 83.3045 -36.2602
v  12.5772 69.6558 -5.8560
v  12.6064 71.5849 -11.3202
v  15.3734 50.9118 -3.9059
v  -1.3372 48.7917 10.7488
v  2.8420 47.0134 8.5710
v  1.4131 50.2678 11.7860
v  -3.0337 49.8267 5.7010
v  -0.2176 46.0701 5.9342
v  -2.6144 48.5203 9.3278
v  -3.3138 19.6141 2.4582
v  -1.2720 26.3576 -2.4582
v  -1.4362 22.9471 -4.5421
v  -2.8505 22.9719 -0.0000
v  6.5259 9.6648 -2.4582
v  6.0913 6.3498 -2.4582
v  3.2190 9.6713 5.9346
v  6.6754 9.6705 2.4582
v  36.8509 56.1070 7.4044
v  37.4215 56.3131 5.2144
v  29.9205 54.3694 9.4669
v  13.2555 39.7620 5.9346
v  46.1687 82.5589 8.9786
v  45.7000 77.6976 7.8851
v  44.1313 79.3781 4.9612
v  44.8655 73.0523 6.8208
v  43.2567 69.1422 4.7016
v  43.2884 74.7378 3.8976
v  14.6731 39.6895 -2.4582
v  12.9648 39.6561 -4.5422
v  -0.5910 52.8398 2.7910
v  42.0398 70.3371 2.8664
v  41.5781 64.9954 3.7049
v  39.8193 60.6171 3.8313
v  38.2332 62.3079 0.9088
v  13.2189 29.8130 -0.0000
v  10.9215 26.4046 -2.4582
v  36.1483 82.6870 10.9569
v  36.5684 83.5639 6.4567
v  35.7430 78.9133 5.3917
v  35.3394 78.0266 9.8905
v  38.9463 85.2384 15.6548
v  9.2696 52.8170 5.5895
v  8.8546 54.3159 1.6213
v  8.3323 16.3120 1.2532
v  -13.8978 68.2041 12.8830
v  -16.1173 72.8578 12.3327
v  6.0832 74.2663 -24.5855
v  9.5475 75.6501 -22.0835
v  5.0385 75.1509 -32.1958
v  -3.6527 61.9385 16.6881
v  14.7786 62.2122 -1.3661
v  12.4940 66.9289 -1.8491
v  12.3802 63.4422 0.7768
v  6.7267 81.6696 -39.2121
v  6.6052 76.9324 -38.3208
v  5.0258 78.6720 -35.1724
v  6.5610 73.2757 -35.5801
v  -13.4110 70.9478 7.4969
v  -14.9891 82.2664 19.5490
v  -10.2023 80.8563 16.9585
v  37.2426 57.0007 2.9065
v  35.6579 58.6907 -0.0161
v  20.3732 47.3453 -4.0579
v  6.2620 33.1585 5.3410
v  -9.9409 58.8611 13.4636
v  -4.4083 6.3489 4.5421
v  0.3646 59.6547 15.0098
v  3.4316 57.0932 12.5527
v  26.2948 56.9225 8.0085
v  -23.5488 85.7646 12.1579
v  4.9894 39.6457 2.4582
v  6.3356 36.4326 4.5421
v  5.0658 62.2506 -1.4029
v  -18.4440 84.7651 21.9674
v  33.8220 52.7577 6.5159
v  29.1174 49.9767 7.4014
v  15.9751 72.7714 -27.2321
v  14.4162 71.1988 -30.0716
v  15.9831 73.8575 -25.2725
v  -4.2178 9.6545 -4.5421
v  15.6080 61.2219 -3.1048
v  14.0821 55.0309 -5.3215
v  14.1320 59.2173 -6.6344
v  5.2572 52.0448 -2.2225
v  8.5421 70.0234 -5.2128
v  1.9385 62.9768 10.0122
v  19.2718 45.2796 6.8135
v  15.4848 47.7122 6.2222
v  19.7384 50.3383 7.0127
v  4.6550 16.3153 5.9346
v  1.3163 12.9909 6.4236
v  -5.2026 75.6672 10.1050
v  21.6464 56.4087 -0.2664
v  14.1006 33.1397 -1.2532
v  14.3480 36.4248 -2.4582
v  6.6254 6.3515 -0.0000
v  14.2154 66.2085 -3.1096
v  7.8918 19.6179 -3.5687
v  6.9765 19.6139 -4.5422
v  5.0445 9.6613 -4.5421
v  13.9833 54.2006 1.9558
v  7.6914 12.9891 -0.0000
v  7.8063 39.7022 5.3410
v  12.9161 36.5027 5.9346
v  6.8543 85.4778 -32.2741
v  37.4031 70.6038 12.9364
v  41.1801 68.4004 12.6399
v  -5.5604 12.9734 -0.0000
v  -3.4551 12.9821 4.5421
v  -3.9961 9.6630 4.5421
v  42.7314 82.8070 16.2462
v  1.8239 50.5063 -0.7931
v  0.2862 48.8834 0.4282
v  44.6122 84.2322 6.0538
v  15.6078 39.7211 -0.0000
v  22.8727 44.3529 1.8550
v  40.3595 66.1913 1.8699
v  -20.4701 83.3824 8.8888
v  3.7417 39.5920 -2.4582
v  8.5651 19.6430 3.5687
v  9.0992 19.6269 -1.2532
v  28.1093 61.4653 7.0618
v  24.7077 58.6139 5.0861
v  17.3340 46.4102 6.9656
v  3.9095 36.3788 1.2532
v  14.4826 33.1805 2.4582
v  -0.6403 47.4786 2.1227
v  -4.3114 16.2959 2.4582
v  -4.9695 12.9774 2.4582
v  15.5877 78.6129 -35.1256
v  -5.1412 12.9707 -2.4582
v  5.8585 54.1584 10.0545
v  30.6905 65.0789 7.9862
v  17.7880 53.5494 -1.0885
v  -11.9820 84.9538 18.2769
v  24.5550 50.0137 -3.2617
v  4.4926 53.0784 -0.4113
v  21.5871 49.0365 7.7561
v  -2.2786 6.3507 5.9346
v  3.3833 23.0396 6.3001
v  4.5752 19.6446 6.3001
v  7.7149 16.3042 -2.4582
# 836 vertices

vn -0.0147 -0.0102 -0.9998
vn -0.0135 -0.0131 -0.9998
vn -0.0145 -0.0127 -0.9998
vn -0.0155 -0.0120 -0.9998
vn -0.0165 -0.0112 -0.9998
vn -0.0173 -0.0103 -0.9998
vn -0.0179 -0.0094 -0.9998
vn -0.0183 -0.0086 -0.9998
vn -0.0184 -0.0080 -0.9998
vn -0.0185 -0.0077 -0.9998
vn -0.0185 -0.0076 -0.9998
vn -0.0186 -0.0078 -0.9998
vn -0.0186 -0.0079 -0.9998
vn -0.0185 -0.0078 -0.9998
vn -0.0182 -0.0077 -0.9998
vn -0.0175 -0.0076 -0.9998
vn -0.0165 -0.0076 -0.9998
vn -0.0152 -0.0078 -0.9999
vn -0.0140 -0.0083 -0.9999
vn -0.0129 -0.0089 -0.9999
vn -0.0119 -0.0096 -0.9999
vn -0.0112 -0.0104 -0.9999
vn -0.0108 -0.0111 -0.9999
vn -0.0105 -0.0117 -0.9999
vn -0.0105 -0.0121 -0.9999
vn -0.0105 -0.0125 -0.9999
vn -0.0106 -0.0127 -0.9999
vn -0.0107 -0.0129 -0.9999
vn -0.0110 -0.0131 -0.9999
vn -0.0113 -0.0133 -0.9998
vn -0.0119 -0.0133 -0.9998
vn -0.0126 -0.0133 -0.9998
vn 0.0000 0.0000 1.0000
vn 0.1897 -0.9815 -0.0267
vn 0.0034 -1.0000 -0.0004
vn -0.0085 -1.0000 0.0015
vn 0.2008 -0.9795 -0.0182
vn 0.3672 -0.9288 -0.0510
vn 0.0041 -1.0000 0.0002
vn 0.5225 -0.8496 -0.0721
vn 0.3766 -0.9258 -0.0336
vn 0.2020 -0.9794 0.0043
vn 0.0038 -1.0000 0.0009
vn 0.6562 -0.7491 -0.0905
vn 0.2001 -0.9794 0.0277
vn 0.0026 -1.0000 0.0009
vn 0.7688 -0.6306 -0.1068
vn 0.7739 -0.6295 -0.0694
vn 0.1953 -0.9797 0.0459
vn 0.0005 -1.0000 -0.0001
vn 0.8600 -0.4957 -0.1211
vn 0.1890 -0.9805 0.0529
vn -0.0017 -1.0000 -0.0012
vn 0.9290 -0.3453 -0.1334
vn 0.9335 -0.3478 -0.0872
vn 0.1838 -0.9818 0.0471
vn -0.0009 -1.0000 -0.0004
vn 0.9732 -0.1798 -0.1432
vn 0.1836 -0.9822 0.0400
vn -0.0013 -1.0000 -0.0004
vn 0.1840 -0.9823 0.0338
vn -0.0016 -1.0000 -0.0004
vn 0.1854 -0.9823 0.0252
vn -0.0003 -1.0000 -0.0000
vn 0.1884 -0.9819 0.0198
vn -0.0009 -1.0000 -0.0000
vn 0.1899 -0.9817 0.0160
vn -0.0017 -1.0000 -0.0000
vn 0.1914 -0.9815 0.0080
vn 0.1942 -0.9810 0.0014
vn 0.0000 -1.0000 -0.0000
vn 0.1951 -0.9808 -0.0000
vn 0.3812 -0.9245 0.0032
vn 0.3827 -0.9239 -0.0000
vn 0.5535 -0.8328 0.0056
vn 0.5556 -0.8315 -0.0000
vn 0.7047 -0.7095 0.0085
vn 0.7071 -0.7071 -0.0000
vn 0.8291 -0.5590 0.0118
vn 0.8315 -0.5556 -0.0000
vn 0.9220 -0.3869 0.0153
vn 0.9239 -0.3827 -0.0000
vn 0.9797 -0.1996 0.0186
vn 0.9808 -0.1951 -0.0000
vn 0.9998 -0.0043 0.0212
vn 1.0000 -0.0002 -0.0000
vn 0.9812 0.1915 0.0228
vn 0.9809 0.1947 0.0002
vn 0.9246 0.3804 0.0230
vn 0.9240 0.3823 0.0004
vn 0.8318 0.5547 0.0217
vn 0.8316 0.5553 0.0005
vn 0.7065 0.7074 0.0188
vn 0.7072 0.7071 0.0006
vn 0.5540 0.8324 0.0148
vn 0.5555 0.8315 0.0004
vn 0.3806 0.9247 0.0099
vn 0.3825 0.9239 0.0003
vn 0.1930 0.9812 0.0048
vn 0.1950 0.9808 -0.0000
vn -0.0014 1.0000 -0.0000
vn 0.0000 1.0000 -0.0000
vn -0.1955 0.9807 -0.0041
vn -0.1951 0.9808 -0.0000
vn -0.3821 0.9241 -0.0071
vn -0.3827 0.9239 -0.0000
vn -0.5542 0.8324 -0.0090
vn -0.5556 0.8315 -0.0000
vn -0.7053 0.7088 -0.0099
vn -0.7071 0.7071 -0.0000
vn -0.8298 0.5580 -0.0098
vn -0.8315 0.5556 -0.0000
vn -0.9227 0.3855 -0.0091
vn -0.9239 0.3827 -0.0000
vn -0.9802 0.1978 -0.0080
vn -0.9808 0.1951 -0.0000
vn -1.0000 0.0024 -0.0068
vn -1.0000 0.0000 -0.0000
vn -0.9811 -0.1933 -0.0056
vn -0.9808 -0.1951 -0.0000
vn -0.9244 -0.3815 -0.0045
vn -0.9239 -0.3827 -0.0000
vn -0.8319 -0.5549 -0.0036
vn -0.8315 -0.5556 -0.0000
vn -0.7073 -0.7069 -0.0029
vn -0.7071 -0.7071 -0.0000
vn -0.5556 -0.8314 -0.0023
vn -0.5556 -0.8315 -0.0000
vn -0.3827 -0.9239 -0.0017
vn -0.3827 -0.9239 -0.0000
vn -0.1951 -0.9808 -0.0009
vn -0.1951 -0.9808 -0.0000
vn -0.1956 -0.9807 -0.0071
vn -0.1935 -0.9810 -0.0152
vn -0.1917 -0.9813 -0.0192
vn -0.1924 -0.9810 -0.0258
vn -0.1922 -0.9807 -0.0354
vn -0.1931 -0.9803 -0.0429
vn -0.1974 -0.9788 -0.0541
vn -0.2012 -0.9777 -0.0601
vn -0.2062 -0.9772 -0.0510
vn -0.2104 -0.9771 -0.0304
vn -0.2122 -0.9772 -0.0046
vn -0.2113 -0.9772 0.0201
vn -0.2224 -0.9744 0.0336
vn -0.4320 -0.9008 0.0431
vn -0.4398 -0.8954 0.0689
vn -0.6392 -0.7661 0.0671
vn -0.6412 -0.7601 0.1049
vn -0.8091 -0.5808 0.0897
vn -0.8047 -0.5774 0.1379
vn -0.9242 -0.3663 0.1083
vn -0.9152 -0.3679 0.1644
vn -0.9815 -0.1482 0.1214
vn -0.9709 -0.1551 0.1826
vn -0.9902 0.0547 0.1285
vn -0.9804 0.0439 0.1923
vn -0.9635 0.2338 0.1304
vn -0.9557 0.2211 0.1944
vn -0.9069 0.3761 0.1899
vn -0.8401 0.5119 0.1794
vn -0.6554 0.7493 0.0949
vn -0.7574 0.6322 0.1635
vn -0.6576 0.7399 0.1420
vn -0.5371 0.8356 0.1150
vn -0.3825 0.9224 0.0537
vn -0.3913 0.9166 0.0824
vn 0.9887 -0.0001 -0.1499
vn 0.9696 0.1917 -0.1520
vn 0.9951 -0.0070 -0.0989
vn 0.9087 0.3904 -0.1477
vn 0.9780 0.1827 -0.1009
vn 0.7993 0.5856 -0.1351
vn 0.9199 0.3796 -0.0988
vn 0.6393 0.7607 -0.1125
vn 0.8138 0.5740 -0.0913
vn 0.4370 0.8959 -0.0800
vn 0.6570 0.7499 -0.0770
vn 0.2118 0.9765 -0.0401
vn 0.4567 0.8879 -0.0560
vn -0.0123 0.9999 0.0028
vn 0.2311 0.9725 -0.0297
vn -0.2163 0.9753 0.0446
vn 0.0044 1.0000 -0.0009
vn -0.2034 0.9787 0.0276
vn -0.0003 0.0006 -1.0000
vn -0.0002 0.0009 -1.0000
vn 0.0000 0.0009 -1.0000
vn 0.0000 0.0008 -1.0000
vn 0.0000 0.0007 -1.0000
vn 0.0000 0.0006 -1.0000
vn 0.0000 0.0005 -1.0000
vn 0.0000 0.0004 -1.0000
vn 0.0000 0.0003 -1.0000
vn -0.0002 0.0003 -1.0000
vn -0.0003 0.0003 -1.0000
vn -0.0004 0.0003 -1.0000
vn -0.0005 0.0003 -1.0000
vn -0.0005 0.0004 -1.0000
vn -0.0006 0.0004 -1.0000
vn 0.6319 0.1812 -0.7536
vn 0.6578 -0.0770 -0.7492
vn -0.0006 0.0007 -1.0000
vn -0.0006 0.0008 -1.0000
vn -0.0005 0.0008 -1.0000
vn -0.0005 0.0009 -1.0000
vn -0.0004 0.0009 -1.0000
vn -0.0003 0.0009 -1.0000
vn 0.0002 -0.0008 1.0000
vn 0.0003 -0.0006 1.0000
vn 0.0000 -0.0008 1.0000
vn 0.0000 -0.0007 1.0000
vn 0.0000 -0.0006 1.0000
vn 0.0000 -0.0005 1.0000
vn 0.0000 -0.0004 1.0000
vn 0.0000 -0.0003 1.0000
vn 0.0002 -0.0003 1.0000
vn 0.0003 -0.0003 1.0000
vn 0.0004 -0.0003 1.0000
vn 0.0005 -0.0004 1.0000
vn 0.6275 0.1825 0.7570
vn 0.6504 0.0522 0.7578
vn 0.6542 -0.0741 0.7527
vn 0.6400 -0.1966 0.7428
vn 0.0006 -0.0007 1.0000
vn 0.0005 -0.0007 1.0000
vn 0.0005 -0.0008 1.0000
vn 0.0004 -0.0008 1.0000
vn 0.0003 -0.0008 1.0000
vn 0.6546 0.0500 -0.7543
vn 0.8451 0.2280 -0.4836
vn 0.7788 0.4179 -0.4678
vn 0.6866 0.5970 -0.4150
vn 0.7931 0.4034 -0.4563
vn 0.5523 0.7631 -0.3357
vn 0.7056 0.5792 -0.4083
vn 0.3773 0.8970 -0.2304
vn 0.5777 0.7439 -0.3361
vn 0.1740 0.9790 -0.1066
vn 0.4095 0.8803 -0.2396
vn -0.0361 0.9991 0.0223
vn 0.2111 0.9695 -0.1244
vn -0.2315 0.9623 0.1426
vn 0.0013 1.0000 -0.0017
vn -0.3993 0.8832 0.2460
vn -0.1985 0.9732 0.1160
vn -0.5358 0.7772 0.3299
vn -0.3737 0.9012 0.2194
vn -0.6432 0.6557 0.3954
vn -0.5185 0.7989 0.3048
vn -0.7255 0.5252 0.4448
vn -0.6336 0.6781 0.3724
vn -0.7863 0.3884 0.4804
vn -0.7886 0.4065 0.4615
vn -0.8281 0.2460 0.5037
vn -0.8515 0.0971 0.5153
vn -0.8553 -0.0591 0.5147
vn -0.8645 -0.0571 0.4994
vn -0.8366 -0.2228 0.5004
vn -0.7905 -0.3930 0.4698
vn -0.7108 -0.5644 0.4198
vn -0.7935 -0.4061 0.4533
vn -0.5921 -0.7270 0.3476
vn -0.7060 -0.5839 0.4009
vn -0.4333 -0.8650 0.2530
vn -0.5768 -0.7492 0.3256
vn -0.2419 -0.9601 0.1406
vn -0.4072 -0.8843 0.2285
vn -0.0345 -0.9992 0.0200
vn -0.2082 -0.9712 0.1160
vn 0.0010 -1.0000 -0.0012
vn 0.0020 -1.0000 -0.0021
vn -0.2089 -0.9724 0.1039
vn 0.0026 -1.0000 -0.0023
vn -0.2095 -0.9740 0.0865
vn 0.0031 -1.0000 -0.0020
vn -0.2099 -0.9755 0.0661
vn 0.0035 -1.0000 -0.0015
vn -0.2102 -0.9767 0.0438
vn 0.0038 -1.0000 -0.0007
vn -0.2103 -0.9774 0.0204
vn 0.0038 -1.0000 0.0001
vn -0.2104 -0.9776 -0.0034
vn 0.0037 -1.0000 0.0010
vn -0.2103 -0.9773 -0.0272
vn 0.0034 -1.0000 0.0017
vn -0.2102 -0.9764 -0.0504
vn 0.0030 -1.0000 0.0022
vn -0.2099 -0.9750 -0.0724
vn 0.0025 -1.0000 0.0023
vn -0.2094 -0.9735 -0.0923
vn 0.0017 -1.0000 0.0019
vn -0.2088 -0.9719 -0.1086
vn 0.0006 -1.0000 0.0007
vn -0.2081 -0.9709 -0.1186
vn -0.2413 -0.9601 -0.1412
vn -0.0346 -0.9992 -0.0202
vn -0.4320 -0.8653 -0.2542
vn -0.4061 -0.8837 -0.2329
vn -0.5899 -0.7279 -0.3496
vn -0.5743 -0.7486 -0.3315
vn -0.7080 -0.5658 -0.4226
vn -0.7021 -0.5836 -0.4080
vn -0.7873 -0.3950 -0.4735
vn -0.7886 -0.4065 -0.4613
vn -0.8332 -0.2254 -0.5050
vn -0.8386 -0.2297 -0.4939
vn -0.8519 -0.0620 -0.5200
vn -0.8589 -0.2248 -0.4602
vn -0.8482 0.0939 -0.5213
vn -0.8794 -0.0509 -0.4733
vn -0.8252 0.2425 -0.5102
vn -0.8721 0.2827 -0.3993
vn -0.7839 0.3850 -0.4871
vn -0.7236 0.5220 -0.4516
vn -0.6315 0.6748 -0.3818
vn -0.6420 0.6530 -0.4019
vn -0.5352 0.7751 -0.3357
vn -0.5174 0.7964 -0.3131
vn -0.3992 0.8820 -0.2505
vn -0.3734 0.8998 -0.2257
vn -0.2318 0.9618 -0.1454
vn -0.1986 0.9728 -0.1196
vn -0.0366 0.9991 -0.0230
vn 0.0010 1.0000 0.0013
vn 0.1731 0.9790 0.1079
vn 0.2103 0.9693 0.1273
vn 0.3756 0.8970 0.2332
vn 0.4079 0.8795 0.2452
vn 0.5496 0.7634 0.3394
vn 0.5746 0.7429 0.3434
vn 0.6831 0.5981 0.4191
vn 0.7013 0.5786 0.4165
vn 0.7750 0.4201 0.4721
vn 0.7878 0.4037 0.4651
vn 0.8623 0.0607 0.5027
vn 0.8609 -0.1008 0.4987
vn 0.8378 -0.2553 0.4826
vn 0.7877 -0.4079 0.4618
vn 0.8051 -0.4160 0.4229
vn 0.7195 -0.5535 0.4194
vn 0.6386 -0.6784 0.3634
vn 0.6256 -0.6904 0.3632
vn 0.5032 -0.8136 0.2914
vn 0.5219 -0.7998 0.2965
vn 0.3501 -0.9145 0.2027
vn 0.3757 -0.9018 0.2134
vn 0.1680 -0.9810 0.0974
vn 0.1999 -0.9732 0.1138
vn 0.2017 -0.9737 0.1063
vn 0.2030 -0.9749 0.0913
vn 0.2040 -0.9763 0.0722
vn 0.2048 -0.9775 0.0506
vn 0.2053 -0.9783 0.0274
vn 0.2055 -0.9786 0.0035
vn 0.2054 -0.9785 -0.0206
vn 0.2050 -0.9778 -0.0439
vn 0.2042 -0.9767 -0.0660
vn 0.2032 -0.9754 -0.0858
vn 0.2020 -0.9740 -0.1020
vn 0.2005 -0.9733 -0.1122
vn 0.1684 -0.9809 -0.0971
vn 0.3503 -0.9146 -0.2018
vn 0.5031 -0.8141 -0.2900
vn 0.3763 -0.9024 -0.2098
vn 0.6255 -0.6916 -0.3612
vn 0.5228 -0.8012 -0.2913
vn 0.7193 -0.5557 -0.4168
vn 0.6399 -0.6806 -0.3569
vn 0.7879 -0.4110 -0.4586
vn 0.8336 -0.2591 -0.4878
vn 0.8416 -0.2588 -0.4741
vn -0.0082 -0.0014 -1.0000
vn -0.5116 -0.3868 -0.7673
vn -0.0045 0.0002 -1.0000
vn -0.0040 -0.0008 -1.0000
vn -0.0038 -0.0018 -1.0000
vn -0.0038 -0.0027 -1.0000
vn -0.0040 -0.0035 -1.0000
vn -0.0044 -0.0043 -1.0000
vn -0.0048 -0.0048 -1.0000
vn -0.0054 -0.0053 -1.0000
vn -0.0060 -0.0056 -1.0000
vn -0.0066 -0.0057 -1.0000
vn -0.0072 -0.0058 -1.0000
vn -0.0079 -0.0057 -1.0000
vn -0.0086 -0.0055 -0.9999
vn -0.0094 -0.0052 -0.9999
vn -0.0101 -0.0048 -0.9999
vn -0.0108 -0.0042 -0.9999
vn -0.0115 -0.0034 -0.9999
vn -0.0121 -0.0025 -0.9999
vn -0.0126 -0.0015 -0.9999
vn -0.0128 -0.0005 -0.9999
vn -0.0129 0.0005 -0.9999
vn -0.0127 0.0014 -0.9999
vn -0.0124 0.0022 -0.9999
vn -0.0118 0.0028 -0.9999
vn 0.3787 -0.5587 -0.7378
vn 0.0010 -0.0009 1.0000
vn -0.0002 -0.0005 1.0000
vn -0.0003 -0.0005 1.0000
vn -0.0003 -0.0004 1.0000
vn 0.0004 -0.0015 1.0000
vn 0.0012 -0.0027 1.0000
vn 0.0013 -0.0029 1.0000
vn 0.0013 -0.0028 1.0000
vn 0.0013 -0.0025 1.0000
vn 0.0014 -0.0022 1.0000
vn 0.0016 -0.0019 1.0000
vn 0.0019 -0.0016 1.0000
vn 0.0023 -0.0013 1.0000
vn -0.1738 0.5906 0.7880
vn -0.0354 0.6183 0.7851
vn 0.0987 0.6249 0.7745
vn 0.0032 -0.0010 1.0000
vn 0.0023 -0.0007 1.0000
vn 0.0009 0.0000 1.0000
vn 0.0004 0.0004 1.0000
vn 0.0005 0.0003 1.0000
vn 0.0005 0.0002 1.0000
vn 0.0005 0.0000 1.0000
vn 0.0006 0.0000 1.0000
vn 0.0005 -0.0002 1.0000
vn 0.0005 -0.0003 1.0000
vn 0.0004 -0.0004 1.0000
vn 0.0003 -0.0005 1.0000
vn 0.0002 -0.0005 1.0000
vn 0.1477 -0.6068 -0.7810
vn 0.0312 -0.6055 -0.7952
vn -0.0891 -0.8013 -0.5916
vn 0.2080 -0.7992 -0.5639
vn 0.2530 -0.8605 -0.4422
vn -0.0706 -0.8853 -0.4596
vn 0.2827 -0.9484 -0.1433
vn 0.1048 -0.9845 -0.1406
vn 0.2432 -0.9381 0.2467
vn 0.0527 -0.9608 0.2721
vn 0.1575 -0.8358 0.5260
vn -0.0253 -0.8358 0.5485
vn 0.0781 -0.7541 0.6521
vn -0.0950 -0.7427 0.6628
vn 0.0148 -0.7283 0.6851
vn -0.1570 -0.7104 0.6861
vn -0.0439 -0.7544 0.6549
vn -0.2202 -0.7289 0.6483
vn -0.1248 -0.8655 0.4852
vn -0.3064 -0.8240 0.4766
vn -0.2227 -0.9721 0.0733
vn -0.3866 -0.9188 0.0796
vn -0.2688 -0.9170 -0.2948
vn -0.5290 -0.8097 -0.2542
vn -0.2167 -0.7547 -0.6192
vn -0.4567 -0.6768 -0.5774
vn -0.1265 -0.8290 -0.5448
vn -0.4267 -0.7265 -0.5387
vn -0.2625 -0.9319 -0.2503
vn -0.0687 -0.9728 -0.2210
vn -0.4486 -0.8510 -0.2732
vn -0.6182 -0.7313 -0.2882
vn -0.5800 -0.6398 -0.5042
vn -0.7406 -0.6041 -0.2944
vn -0.8324 -0.4792 -0.2784
vn -0.8127 -0.4426 -0.3790
vn -0.9165 -0.3332 -0.2212
vn -0.9112 -0.3047 -0.2772
vn -0.9752 -0.1734 -0.1375
vn -0.9777 -0.1389 -0.1576
vn -0.9990 -0.0131 -0.0419
vn -0.9988 0.0264 -0.0401
vn -0.9855 0.1533 0.0722
vn -0.9761 0.2014 0.0812
vn -0.9205 0.3333 0.2037
vn -0.8991 0.3872 0.2041
vn -0.7980 0.5063 0.3270
vn -0.7646 0.5634 0.3129
vn -0.6292 0.6527 0.4219
vn -0.5883 0.7066 0.3933
vn -0.4404 0.7589 0.4796
vn -0.3963 0.8053 0.4410
vn -0.2024 0.8636 0.4617
vn -0.0142 0.8870 0.4615
vn 0.1630 0.8805 0.4452
vn 0.3072 0.8315 0.4628
vn 0.4635 0.7834 0.4140
vn 0.4860 0.7899 0.3740
vn 0.6149 0.7114 0.3402
vn 0.6322 0.7064 0.3183
vn 0.7478 0.6134 0.2540
vn 0.8503 0.4893 0.1937
vn 0.8547 0.4892 0.1738
vn 0.9357 0.3368 0.1051
vn 0.9279 0.3488 0.1315
vn 0.9849 0.1662 0.0485
vn 0.9810 0.1828 0.0658
vn 0.9999 -0.0136 0.0044
vn 1.0000 -0.0022 -0.0069
vn 0.9798 -0.1980 -0.0293
vn 0.9769 -0.1962 -0.0851
vn 0.9229 -0.3810 -0.0556
vn 0.9058 -0.3892 -0.1674
vn 0.8282 -0.5550 -0.0783
vn 0.7842 -0.5667 -0.2528
vn 0.6964 -0.7105 -0.1009
vn 0.6173 -0.7108 -0.3372
vn 0.5314 -0.8377 -0.1262
vn 0.4226 -0.8066 -0.4132
vn 0.3409 -0.9271 -0.1556
vn 0.2216 -0.8517 -0.4749
vn 0.1365 -0.9726 -0.1881
vn 0.0340 -0.8540 -0.5191
vn 0.0658 -0.7944 -0.6038
vn -0.1354 -0.9388 -0.3168
vn -0.0513 -0.9971 0.0554
vn 0.0617 -0.8800 0.4710
vn 0.1343 -0.7568 0.6397
vn 0.3512 -0.6967 0.6255
vn 0.4020 -0.7079 0.5808
vn 0.4768 -0.7571 0.4467
vn 0.5496 -0.8131 0.1919
vn 0.5671 -0.8136 -0.1283
vn 0.5266 -0.7604 -0.3801
vn 0.4863 -0.7230 -0.4907
vn 0.2661 -0.5905 -0.7619
vn 0.6185 -0.6474 -0.4454
vn 0.7386 -0.5605 -0.3746
vn 0.7243 -0.5765 -0.3782
vn 0.8447 -0.4499 -0.2901
vn 0.9304 -0.3131 -0.1908
vn 0.8273 -0.4723 -0.3041
vn 0.9857 -0.1500 -0.0771
vn 0.9144 -0.3433 -0.2144
vn 0.9982 0.0346 0.0482
vn 0.9769 -0.1861 -0.1051
vn 0.9571 0.2288 0.1780
vn 0.9996 -0.0001 0.0269
vn 0.8588 0.4143 0.3014
vn 0.9633 0.2028 0.1757
vn 0.7093 0.5740 0.4091
vn 0.8586 0.3975 0.3239
vn 0.5038 0.7014 0.5042
vn 0.6991 0.5567 0.4488
vn 0.2816 0.7690 0.5738
vn 0.4936 0.6787 0.5438
vn -0.0915 -0.5853 -0.8056
vn -0.2705 -0.7678 -0.5807
vn -0.2276 -0.5436 -0.8079
vn -0.4674 -0.6987 -0.5416
vn -0.3689 -0.4785 -0.7969
vn -0.6677 -0.5825 -0.4636
vn -0.8425 -0.4164 -0.3418
vn -0.8640 -0.3593 -0.3528
vn -0.9592 -0.2141 -0.1845
vn -0.9720 -0.1571 -0.1744
vn -0.9999 -0.0046 -0.0139
vn -0.9986 0.0480 0.0219
vn -0.9722 0.1835 0.1453
vn -0.9525 0.2264 0.2039
vn -0.9002 0.3353 0.2778
vn -0.8634 0.3633 0.3502
vn -0.8079 0.4501 0.3805
vn -0.7596 0.4628 0.4570
vn -0.6542 0.5373 0.5323
vn -0.5508 0.5966 0.5837
vn -0.4947 0.6612 0.5640
vn -0.4475 0.6472 0.6171
vn -0.2495 0.7423 0.6219
vn -0.3393 0.6927 0.6364
vn -0.2193 0.7336 0.6432
vn 0.0708 0.7729 0.6305
vn -0.0800 0.7665 0.6373
vn 0.0860 0.7831 0.6159
vn 0.2691 0.7499 0.6044
vn 0.0000 0.0000 -1.0000
vn 0.0401 -0.9894 -0.1393
vn 0.0038 -1.0000 -0.0010
vn 0.2248 -0.9671 -0.1188
vn 0.1106 -0.9599 -0.2576
vn 0.4041 -0.9095 -0.0980
vn 0.2781 -0.9319 -0.2327
vn 0.1472 -0.9788 -0.1427
vn 0.5688 -0.8187 -0.0787
vn 0.4625 -0.8771 -0.1297
vn 0.1227 -0.9887 0.0867
vn 0.7138 -0.6977 -0.0615
vn 0.4523 -0.8899 0.0590
vn 0.0595 -0.9495 0.3080
vn 0.8340 -0.5498 -0.0461
vn 0.3984 -0.8816 0.2531
vn -0.0168 -0.8974 0.4409
vn 0.9247 -0.3795 -0.0316
vn 0.3194 -0.8651 0.3867
vn -0.0951 -0.8909 0.4441
vn 1.0000 0.0000 -0.0000
vn 0.9813 -0.1920 -0.0162
vn 0.0731 -0.9000 0.4297
vn -0.1758 -0.9301 0.3225
vn -0.0027 -0.9497 0.3130
vn -0.2443 -0.9653 0.0920
vn -0.0684 -0.9941 0.0840
vn -0.2691 -0.9489 -0.1650
vn -0.0992 -0.9801 -0.1718
vn -0.2404 -0.9035 -0.3548
vn -0.0794 -0.9316 -0.3547
vn -0.1506 -0.8797 -0.4510
vn 0.0124 -0.9038 -0.4277
vn -0.0475 -0.9666 -0.2518
vn 0.1372 -0.9643 -0.2264
vn 0.3239 -0.9262 -0.1928
vn 0.5052 -0.8491 -0.1542
vn 0.6715 -0.7321 -0.1147
vn 0.8115 -0.5790 -0.0786
vn 0.9157 -0.3988 -0.0492
vn 0.9787 -0.2034 -0.0268
vn 0.9999 -0.0038 -0.0097
vn 0.9815 0.1916 0.0049
vn 0.9808 0.1951 -0.0000
vn 0.9258 0.3775 0.0197
vn 0.9235 0.3837 -0.0003
vn 0.8371 0.5459 0.0362
vn 0.8311 0.5561 -0.0006
vn 0.7207 0.6910 0.0556
vn 0.7085 0.7058 -0.0000
vn 0.5803 0.8106 0.0786
vn 0.5597 0.8287 0.0024
vn 0.4204 0.9013 0.1047
vn 0.3904 0.9206 0.0067
vn 0.2456 0.9603 0.1326
vn 0.2067 0.9783 0.0127
vn 0.0603 0.9853 0.1598
vn 0.0144 0.9997 0.0199
vn -0.1303 0.9745 0.1828
vn -0.1799 0.9833 0.0273
vn -0.3205 0.9264 0.1975
vn -0.3690 0.9288 0.0335
vn -0.5032 0.8409 0.1994
vn -0.5454 0.8374 0.0368
vn -0.6700 0.7189 0.1851
vn -0.7013 0.7119 0.0360
vn -0.8111 0.5645 0.1530
vn -0.8293 0.5579 0.0307
vn -0.9163 0.3865 0.1046
vn -0.9231 0.3839 0.0218
vn -0.9807 0.1909 0.0428
vn -0.9808 0.1946 0.0098
vn -0.9995 -0.0136 -0.0273
vn -1.0000 -0.0052 -0.0062
vn -0.9736 -0.2071 -0.0958
vn -0.9795 -0.2000 -0.0240
vn -0.9129 -0.3777 -0.1550
vn -0.9246 -0.3790 -0.0380
vn -0.8277 -0.5238 -0.2013
vn -0.8417 -0.5383 -0.0424
vn -0.7242 -0.6488 -0.2337
vn -0.7349 -0.6773 -0.0332
vn -0.5836 -0.7705 -0.2564
vn -0.5880 -0.8087 -0.0160
vn -0.4057 -0.8737 -0.2685
vn -0.3945 -0.9189 -0.0033
vn -0.2258 -0.9370 -0.2667
vn -0.2994 -0.8359 -0.4601
vn -0.3840 -0.8558 -0.3467
vn -0.4187 -0.8948 -0.1549
vn -0.5407 -0.8359 0.0949
vn -0.4840 -0.8187 0.3089
vn -0.4130 -0.8021 0.4313
vn -0.3543 -0.8244 0.4415
vn -0.1237 -0.9381 0.3236
vn -0.0638 -0.9928 0.1016
vn -0.0304 -0.9895 -0.1411
vn -0.2267 -0.9333 -0.2787
vn -0.2937 -0.9404 -0.1716
vn -0.1682 -0.9857 -0.0091
vn -0.3357 -0.9415 -0.0287
vn -0.4718 -0.8638 -0.1768
vn -0.5114 -0.8578 -0.0522
vn -0.6415 -0.7483 -0.1692
vn -0.6740 -0.7355 -0.0692
vn -0.7904 -0.5949 -0.1462
vn -0.8123 -0.5785 -0.0736
vn -0.9058 -0.4098 -0.1075
vn -0.9169 -0.3941 -0.0622
vn -0.9772 -0.2047 -0.0558
vn -0.9806 -0.1927 -0.0352
vn -1.0000 0.0055 0.0038
vn -0.9999 0.0136 0.0038
vn -0.9763 0.2062 0.0649
vn -0.9759 0.2128 0.0486
vn -0.9138 0.3874 0.1217
vn -0.9137 0.3957 0.0923
vn -0.8215 0.5443 0.1699
vn -0.8206 0.5566 0.1291
vn -0.7072 0.6759 0.2071
vn -0.7034 0.6937 0.1549
vn -0.5668 0.8066 0.1675
vn -0.2711 0.9303 0.2471
vn -0.4136 0.8952 0.1662
vn 1.0000 0.0060 0.0016
vn 0.9239 0.3827 -0.0000
vn 0.9782 0.2065 0.0235
vn 0.8305 0.5571 0.0005
vn 0.9151 0.4001 0.0505
vn 0.6930 0.7209 0.0069
vn 0.8115 0.5785 0.0824
vn 0.5156 0.8564 0.0267
vn 0.6607 0.7412 0.1188
vn 0.3256 0.9437 0.0581
vn 0.4740 0.8665 0.1566
vn 0.1296 0.9872 0.0933
vn 0.2804 0.9408 0.1904
vn -0.0628 0.9900 0.1263
vn 0.0871 0.9720 0.2181
vn -0.2450 0.9576 0.1517
vn -0.0981 0.9664 0.2376
vn -0.9065 -0.4150 0.0784
vn -0.9726 -0.2083 0.1029
vn -0.9759 -0.2125 0.0490
vn 0.9623 0.2142 -0.1678
vn 0.9994 0.0278 -0.0197
vn 0.9993 0.0149 -0.0339
vn 0.3045 0.9248 -0.2282
vn 0.2072 0.8957 -0.3936
vn 0.5138 0.7991 -0.3122
vn -0.9319 0.2224 -0.2866
vn -0.9180 0.1932 -0.3465
vn -0.8877 0.3325 -0.3185
vn 0.6015 0.6925 -0.3983
vn 0.5965 0.6217 -0.5076
vn 0.7487 0.5162 -0.4160
vn 0.2154 0.9263 -0.3092
vn 0.1039 0.9902 -0.0933
vn 0.4092 0.9093 -0.0762
vn 1.0000 0.0068 -0.0059
vn 0.9726 -0.2179 -0.0808
vn 0.9741 -0.2221 -0.0433
vn 0.0039 1.0000 -0.0008
vn 0.0039 1.0000 0.0001
vn 0.2186 0.9758 0.0038
vn 0.7840 0.6157 -0.0784
vn 0.7866 0.6173 0.0132
vn 0.9024 0.4306 0.0151
vn 0.1908 0.9814 0.0223
vn 0.1914 0.9814 0.0148
vn 0.3787 0.9250 0.0300
vn -0.2723 0.9565 0.1048
vn -0.2118 0.9322 -0.2936
vn -0.0235 0.9585 -0.2840
vn -0.9300 0.3079 0.2010
vn -0.6760 0.7337 0.0681
vn -0.6708 0.7273 0.1452
vn -0.1585 0.9283 -0.3362
vn -0.1168 0.9928 -0.0266
vn 0.0828 0.9963 -0.0245
vn -0.9689 -0.1550 0.1929
vn -0.9753 -0.1533 0.1589
vn -0.9999 0.0146 0.0022
vn 0.3999 0.9068 0.1332
vn 0.5691 0.8053 0.1663
vn 0.5859 0.7881 0.1887
vn 0.5534 0.8255 0.1112
vn 0.5516 0.8300 0.0823
vn 0.7071 0.6994 0.1044
vn 0.9512 0.0440 -0.3054
vn 0.9773 0.0424 -0.2078
vn 0.9690 -0.1374 -0.2055
vn -0.8420 0.4469 -0.3021
vn 0.2236 0.9729 0.0594
vn 0.2115 0.9747 0.0725
vn 0.4211 0.8963 0.1391
vn 0.9259 -0.3027 0.2259
vn 0.8456 -0.4443 0.2959
vn 0.6725 -0.7217 0.1638
vn -0.9716 -0.1169 -0.2057
vn -0.9782 -0.1449 -0.1487
vn -0.9860 0.0582 -0.1563
vn -0.8182 0.5151 -0.2554
vn -0.7508 0.6195 -0.2292
vn -0.5016 0.8441 -0.1896
vn -0.9396 0.3397 0.0412
vn -0.7725 0.5998 -0.2086
vn -0.7955 0.6038 0.0500
vn -0.1081 0.8915 -0.4399
vn -0.1855 0.8691 -0.4584
vn 0.1382 0.8916 -0.4313
vn 0.4255 0.8283 -0.3646
vn 0.6877 0.6734 -0.2714
vn -0.5778 0.8131 0.0708
vn -0.5294 0.8025 -0.2752
vn -0.4373 0.8951 0.0867
vn -0.9719 0.2197 -0.0850
vn -0.9179 0.3942 -0.0444
vn -0.9099 0.4064 -0.0831
vn -0.7697 -0.6288 -0.1099
vn -0.8381 -0.4999 -0.2184
vn -0.9292 -0.3636 -0.0662
vn -0.7510 0.5760 0.3228
vn -0.5336 0.8275 0.1744
vn -0.5284 0.8181 0.2269
vn 0.7416 0.5920 -0.3157
vn 0.7597 0.6017 -0.2465
vn 0.8645 0.4179 -0.2793
vn 0.2543 0.9471 0.1955
vn 0.2189 0.9148 0.3394
vn 0.5263 0.8016 0.2837
vn 0.5436 0.8230 0.1650
vn -0.5367 0.8331 -0.1337
vn -0.5321 0.8249 -0.1908
vn -0.3785 0.9157 -0.1353
vn 0.2164 0.9731 0.0787
vn 0.2148 0.9715 0.0997
vn 0.4195 0.8871 0.1928
vn 0.0673 0.9968 -0.0435
vn 0.1302 0.9573 -0.2580
vn 0.6194 0.7559 0.2121
vn 0.7755 0.6216 0.1103
vn 0.7822 0.6020 0.1604
vn 0.1925 0.9795 0.0586
vn 0.3794 0.9199 0.0991
vn 0.3867 0.9149 0.1158
vn -0.5045 0.8486 -0.1595
vn -0.5125 0.8485 -0.1323
vn -0.3565 0.9296 -0.0937
vn -0.9507 -0.2333 0.2041
vn -0.9670 -0.2357 0.0968
vn -0.9942 -0.0409 0.0997
vn -0.8941 -0.4317 -0.1190
vn -0.8784 -0.4259 -0.2166
vn -0.9443 -0.2319 -0.2337
vn 0.9691 0.1925 -0.1545
vn 0.9627 0.1934 -0.1892
vn 0.9998 0.0007 -0.0213
vn -0.9995 0.0126 0.0305
vn -0.9713 0.1765 -0.1593
vn -0.9744 0.1793 -0.1360
vn -0.9766 -0.1830 0.1134
vn -0.9706 -0.1666 0.1737
vn -0.9992 0.0116 0.0386
vn -0.2967 0.9498 -0.0997
vn -0.2841 0.9465 0.1531
vn -0.0738 0.9850 0.1563
vn 0.5401 0.8329 0.1207
vn 0.3211 0.9063 0.2747
vn 0.6108 0.7681 0.1924
vn 0.7589 -0.6301 0.1645
vn 0.5070 -0.8522 0.1295
vn 0.5103 -0.8488 0.1384
vn 0.9998 -0.0146 0.0096
vn 0.9926 -0.0130 0.1209
vn 0.9746 -0.1902 0.1181
vn -0.9810 -0.1770 -0.0794
vn -0.9817 -0.1867 -0.0378
vn -0.9991 0.0105 -0.0412
vn 0.9423 0.0441 0.3318
vn 0.8987 0.4294 -0.0896
vn 0.9720 0.2346 0.0163
vn 0.9675 0.2341 -0.0961
vn 0.9145 -0.3223 0.2445
vn 0.9258 -0.3031 0.2260
vn 0.8583 -0.4709 0.2038
vn 0.6701 -0.7356 0.0992
vn 0.5339 -0.8435 0.0596
vn 0.5257 -0.8473 0.0753
vn -0.2031 0.9787 -0.0307
vn -0.1983 0.9785 -0.0558
vn 0.0037 1.0000 0.0015
vn -0.6507 0.5587 -0.5143
vn -0.2845 0.6833 -0.6724
vn -0.5029 0.6359 -0.5854
vn -0.7588 0.6017 -0.2494
vn -0.5541 0.8320 -0.0277
vn -0.5709 0.7639 -0.3010
vn -0.8828 0.1162 0.4552
vn -0.8545 0.2730 0.4419
vn -0.9772 0.2006 0.0688
vn -0.9788 0.2009 0.0386
vn -0.9212 0.3845 0.0593
vn -0.9835 0.0643 -0.1693
vn -0.9564 0.0438 -0.2888
vn -0.4263 0.7941 0.4332
vn -0.1140 0.8560 0.5042
vn 0.8683 0.2248 -0.4421
vn 0.9206 0.0467 -0.3876
vn 0.8907 0.0510 -0.4517
vn 0.7921 -0.5981 0.1217
vn 0.8039 -0.5869 0.0965
vn 0.6806 -0.7284 0.0787
vn 0.9777 -0.1814 0.1063
vn 0.9816 -0.1856 0.0457
vn 0.9124 -0.3910 0.1213
vn 0.8457 0.5240 0.1016
vn 0.9171 0.3773 0.1286
vn 0.9714 0.2361 0.0254
vn 1.0000 0.0081 -0.0044
vn 0.9735 0.2148 -0.0784
vn 0.9750 0.2148 -0.0570
vn 1.0000 0.0068 -0.0035
vn -0.7935 -0.5999 0.1022
vn -0.7861 -0.5678 0.2442
vn -0.8985 -0.3998 0.1812
vn -0.8956 -0.3794 0.2322
vn -0.9049 -0.3664 0.2165
vn -0.9740 -0.1944 0.1162
vn -0.8588 -0.5084 0.0630
vn -0.9313 -0.3617 0.0436
vn -0.6891 -0.6297 0.3585
vn -0.7351 -0.6299 0.2509
vn -0.8374 -0.5068 0.2047
vn -0.5231 0.8463 -0.1013
vn -0.3621 0.9293 -0.0721
vn -0.1885 0.9817 -0.0274
vn -0.1902 0.9815 -0.0211
vn -0.0007 1.0000 -0.0000
vn 0.9999 0.0046 -0.0127
vn 0.9020 -0.3411 0.2646
vn 0.7870 -0.4698 0.3998
vn 0.8021 -0.4702 0.3682
vn 0.9797 -0.2006 -0.0043
vn 0.9794 -0.1920 0.0628
vn 0.7732 -0.6182 0.1417
vn 0.8307 -0.5452 -0.1124
vn 0.8320 -0.5493 -0.0782
vn 0.7244 -0.6822 -0.0993
vn 0.9188 -0.3939 0.0255
vn 0.8123 -0.5660 0.1405
vn 0.8314 -0.5548 0.0309
vn 0.4139 0.8820 0.2252
vn 0.9111 0.0470 0.4096
vn -0.7670 0.5906 0.2510
vn -0.9990 -0.0407 -0.0169
vn -0.9810 0.1428 -0.1317
vn -0.9893 0.1446 -0.0168
vn -0.3814 0.9244 -0.0064
vn -0.3810 0.9232 -0.0510
vn -0.1987 0.9797 -0.0263
vn 0.8911 0.4412 0.1058
vn 0.9789 0.2035 -0.0154
vn 0.9748 0.2110 0.0723
vn 0.9680 0.2052 0.1445
vn 0.9997 -0.0113 0.0220
vn 0.8866 -0.4302 0.1699
vn 0.7443 -0.6448 0.1739
vn 0.7538 -0.6090 0.2468
vn 0.9764 0.2141 -0.0295
vn 1.0000 -0.0004 0.0090
vn 0.9999 -0.0024 0.0141
vn -0.5476 0.8177 0.1776
vn -0.5598 0.7700 0.3062
vn -0.3532 0.8700 0.3440
vn -0.7542 -0.5664 0.3322
vn -0.9425 -0.3341 0.0083
vn -0.9321 -0.3152 0.1784
vn -0.7863 -0.6165 0.0402
vn -0.7440 -0.6323 -0.2159
vn -0.8470 -0.4982 -0.1853
vn -0.7178 0.6638 0.2101
vn -0.6065 0.7873 0.1112
vn -0.1463 0.9780 0.1489
vn -0.4449 0.8923 -0.0762
vn -0.2085 0.9321 -0.2962
vn -0.2860 0.9558 -0.0687
vn -0.9999 -0.0028 0.0131
vn 0.1158 0.8041 -0.5831
vn 0.0285 0.7262 -0.6869
vn 0.9986 0.0409 -0.0322
vn 0.9992 0.0357 -0.0180
vn 0.9766 -0.1759 -0.1241
vn -0.1056 0.9417 0.3193
vn -0.0140 0.9392 0.3431
vn 0.2379 0.9280 0.2868
vn -1.0000 0.0052 -0.0065
vn -0.9705 0.2187 0.1020
vn -0.9692 0.2308 0.0863
vn -0.9730 0.0861 -0.2140
vn -0.9541 0.2545 -0.1580
vn -0.9362 0.2788 -0.2139
vn -0.9238 -0.2404 -0.2979
vn -0.9284 -0.2866 -0.2364
vn -0.9635 -0.0799 -0.2555
vn 0.8125 -0.5772 0.0813
vn 0.8218 -0.5678 0.0473
vn 0.6975 -0.7156 0.0370
vn 0.5520 0.8313 0.0658
vn 0.7062 0.7057 0.0567
vn 0.7062 0.7030 0.0842
vn 0.9640 0.2333 0.1278
vn 0.9704 0.0424 0.2378
vn 0.9905 0.0415 0.1310
vn -0.1987 0.9788 -0.0488
vn 0.6655 0.7464 0.0039
vn 0.8149 0.5700 0.1049
vn 0.8227 0.5684 0.0053
vn 0.8596 -0.2715 -0.4329
vn 0.8844 -0.2842 -0.3704
vn 0.6565 -0.7028 -0.2739
vn 0.9099 -0.2956 -0.2908
vn 0.8693 -0.4588 -0.1838
vn 0.6665 -0.7146 -0.2125
vn 1.0000 0.0020 0.0014
vn 0.9776 -0.2091 -0.0238
vn 0.9790 -0.1997 -0.0412
vn 0.8655 -0.5008 0.0119
vn 0.6628 -0.7487 0.0112
vn -0.6373 -0.7090 -0.3019
vn 0.6747 -0.7242 -0.1426
vn 0.8807 -0.4657 -0.0868
vn 0.9498 -0.3124 0.0158
vn 0.6814 -0.7318 0.0113
vn 0.9091 -0.3358 0.2466
vn 0.8467 -0.4834 0.2222
vn -0.8807 0.2861 0.3775
vn -0.9189 -0.0459 0.3918
vn -0.9501 -0.0433 0.3089
vn -0.9074 0.2981 0.2963
vn 0.7225 0.5833 -0.3711
vn -0.7350 0.5604 0.3816
vn 0.9998 -0.0029 -0.0209
vn 0.9739 -0.2136 -0.0761
vn -0.3812 0.9237 0.0382
vn 0.8853 0.4248 -0.1893
vn 0.8584 0.4436 0.2577
vn 0.8478 0.4761 0.2338
vn 0.9276 0.2792 0.2480
vn 0.9260 0.3356 0.1728
vn 0.9784 0.1567 0.1351
vn 0.9750 0.1358 0.1757
vn -0.4340 0.7918 -0.4297
vn -0.5237 0.8010 -0.2900
vn -0.7105 0.5773 -0.4024
vn -0.5785 0.6688 -0.4669
vn -0.9364 0.3364 -0.0996
vn -0.8260 0.4655 -0.3178
vn 0.4911 0.8329 -0.2550
vn 0.8422 0.5392 -0.0012
vn 0.4954 0.8265 -0.2674
vn 0.5404 0.8413 -0.0139
vn -0.8737 -0.4377 -0.2122
vn -0.9060 -0.4232 -0.0106
vn -0.9790 -0.2035 0.0130
vn -0.7809 -0.5767 0.2399
vn -0.8904 -0.3422 0.3001
vn -0.9060 -0.3818 0.1825
vn -0.7870 -0.5305 0.3149
vn 0.9186 -0.3916 -0.0531
vn 0.4264 0.8921 0.1493
vn 0.6286 0.7777 -0.0062
vn 0.6150 0.7771 0.1339
vn 0.9427 -0.3095 0.1242
vn 0.6788 -0.7288 0.0893
vn 0.6437 -0.6871 0.3369
vn 0.9994 -0.0084 0.0337
vn -0.5182 0.8410 -0.1556
vn -0.5291 0.7914 -0.3062
vn -0.3225 0.8865 -0.3319
vn -0.8140 0.5756 -0.0777
vn -0.8236 0.5655 -0.0433
vn -0.6987 0.7143 -0.0399
vn 0.7519 0.6577 -0.0453
vn 0.8456 0.5287 0.0733
vn 0.9209 0.3890 -0.0249
vn -0.6685 0.7247 -0.1668
vn -0.6594 0.7135 -0.2368
vn -0.9903 -0.0409 -0.1326
vn -0.9611 0.1383 -0.2390
vn -0.9053 -0.4230 -0.0379
vn -0.6023 -0.7629 -0.2350
vn -0.7674 -0.6133 -0.1870
vn -1.0000 -0.0032 0.0059
vn -0.8469 0.5316 -0.0093
vn -0.6523 0.7500 -0.1094
vn -0.9992 0.0294 -0.0275
vn -0.9733 0.2229 0.0553
vn -0.9712 0.2360 0.0316
vn -0.8949 0.4090 -0.1788
vn -0.8919 0.4515 -0.0249
vn -0.7498 0.6611 -0.0269
vn 0.4248 0.8695 0.2521
vn -0.1416 0.9469 0.2886
vn 0.4309 0.9005 0.0582
vn 0.4283 0.8973 0.1072
vn 0.6178 0.7712 0.1536
vn 0.6085 0.7631 0.2176
vn 0.9169 -0.3455 0.2000
vn 0.7301 -0.5935 0.3387
vn 0.6021 0.7785 -0.1774
vn 0.7660 0.5625 -0.3111
vn -0.5595 -0.8222 -0.1050
vn -0.5561 -0.8277 -0.0753
vn -0.7118 -0.6955 -0.0982
vn -0.8337 -0.5485 -0.0642
vn -0.9256 -0.3769 -0.0337
vn -0.9261 -0.3702 -0.0728
vn 0.9804 -0.1946 -0.0307
vn 0.8837 -0.4303 -0.1842
vn 0.9003 -0.4334 -0.0388
vn -0.6915 -0.5579 -0.4589
vn -0.8091 -0.4551 -0.3719
vn -0.0447 0.8015 -0.5963
vn -0.9998 0.0110 0.0182
vn 0.9751 -0.2219 0.0067
vn 0.2129 0.9701 0.1168
vn -0.6386 0.6864 -0.3480
vn -0.6488 0.7001 -0.2981
vn 0.3762 0.9234 0.0764
vn -0.1872 0.9816 -0.0382
vn -0.0013 1.0000 -0.0003
vn 0.9102 -0.4021 0.0992
vn 0.8957 -0.4147 0.1603
vn 0.7797 -0.5826 0.2296
vn -0.9410 -0.0434 -0.3356
vn -0.9091 -0.0462 -0.4140
vn -0.9334 0.1316 -0.3337
vn -0.8189 -0.5737 -0.0173
vn -0.8083 -0.5742 -0.1302
vn -0.9215 -0.3570 -0.1526
vn 0.9170 -0.3465 0.1976
vn 0.8747 0.4093 0.2596
vn 0.9311 0.2452 0.2702
vn 0.9392 0.2117 0.2705
vn 0.8594 -0.5004 0.1052
vn 0.3675 -0.9262 0.0839
vn 0.3744 -0.9259 0.0500
vn 0.8326 0.5450 0.0986
vn 0.8322 0.5506 0.0660
vn 0.9250 0.3733 0.0716
vn 0.4033 0.7503 -0.5239
vn 0.7203 0.6623 -0.2062
vn 0.2103 0.9256 -0.3147
vn -0.5139 0.8053 0.2956
vn -0.5694 0.7476 0.3418
vn -0.3830 0.8490 0.3641
vn 0.7646 -0.6197 0.1771
vn 0.7772 -0.6090 0.1581
vn 0.6581 -0.7417 0.1297
vn 0.6888 -0.7219 0.0660
vn 0.7635 0.6093 0.2140
vn 0.8645 0.4218 0.2735
vn 0.9902 -0.0442 0.1325
vn 0.9791 0.1698 0.1122
vn 0.9974 -0.0160 0.0708
vn 0.9934 -0.0296 0.1109
vn -0.2048 0.9788 -0.0010
vn 0.0049 1.0000 0.0012
vn 0.0052 1.0000 0.0001
vn 0.6587 0.7473 0.0875
vn -0.9217 0.3423 0.1823
vn -0.7619 0.5760 0.2961
vn -0.1973 0.7282 -0.6564
vn 0.7413 0.4982 -0.4497
vn -0.8047 -0.4264 0.4131
vn -0.1987 0.9791 0.0423
vn 0.0036 1.0000 -0.0016
vn -0.9931 0.0373 -0.1109
vn -0.5321 0.8435 -0.0730
vn -0.5397 0.8400 -0.0560
vn -0.3717 0.9275 -0.0400
vn -0.3753 0.9063 0.1944
vn -0.1986 0.9764 0.0843
vn -0.1986 0.9748 0.1021
vn 0.8395 0.4104 -0.3560
vn -0.9787 -0.1907 0.0756
vn -0.5481 0.7285 -0.4109
vn 0.7467 -0.5981 -0.2910
vn -0.7374 -0.6387 -0.2200
vn -0.8482 -0.4871 -0.2079
vn -0.8543 -0.4473 -0.2648
vn -0.7822 -0.5843 -0.2162
vn -0.7546 -0.6068 -0.2499
vn -0.8651 -0.4040 -0.2973
vn -0.5546 -0.8311 -0.0423
vn -0.5561 -0.8309 -0.0191
vn -0.7083 -0.7055 -0.0243
vn -0.5928 -0.6888 -0.4173
vn -0.8164 -0.4897 -0.3061
vn 0.6467 -0.6906 -0.3238
vn 0.9815 -0.1914 0.0107
vn -0.9674 -0.1585 0.1978
vn 0.8318 0.4076 0.3767
vn 0.8070 0.4025 0.4322
vn 0.8821 0.0519 0.4683
vn 0.0495 0.8412 -0.5385
vn 0.9805 0.1946 0.0268
vn -0.9714 -0.2170 -0.0966
vn 0.5034 0.7275 0.4662
vn 0.4244 0.8925 0.1526
vn 0.6800 -0.7302 -0.0670
vn -0.7570 -0.6063 0.2436
vn -0.7712 -0.6150 0.1644
vn -0.8837 -0.4282 0.1891
vn -0.9679 0.1396 0.2088
vn 0.2568 0.9660 -0.0295
vn 0.4780 0.8567 -0.1938
vn 0.4480 0.8939 -0.0168
vn 0.9765 0.2150 0.0148
vn -0.7863 -0.6142 -0.0664
vn -0.9997 0.0250 -0.0072
vn -0.7526 0.5049 -0.4228
vn -0.8921 0.4248 0.1539
vn -0.1987 0.9780 0.0641
vn 0.2737 0.9510 0.1439
vn -0.9691 0.2461 -0.0144
vn -0.9345 -0.3553 -0.0188
vn -1.0000 0.0079 -0.0032
vn 0.9683 0.1078 0.2255
vn 0.9832 -0.0652 0.1705
vn 0.9715 -0.0914 0.2188
vn -0.3800 0.9202 -0.0943
vn -0.8758 0.4682 -0.1178
vn -0.9239 0.3057 -0.2302
vn 0.2183 0.9754 0.0298
vn 0.8958 0.4281 0.1192
vn -0.5266 0.8150 -0.2417
vn -0.5212 0.8048 -0.2839
vn -0.3747 0.9045 -0.2037
vn -0.9052 0.3947 -0.1577
vn -0.9560 0.2416 -0.1662
vn 0.8990 0.3862 0.2064
vn 0.6383 0.7537 0.1564
vn 0.7651 0.5995 0.2348
vn 0.7929 0.5797 0.1876
vn -0.9173 -0.2283 -0.3261
vn 0.1990 0.9776 0.0680
vn -0.5352 0.8447 -0.0035
vn -0.9998 0.0032 -0.0183
vn -0.9051 -0.3583 -0.2289
vn -0.8138 -0.4071 0.4147
vn -0.9202 0.3893 -0.0417
vn 0.5108 -0.8521 0.1137
vn 0.3584 -0.9312 0.0671
vn 0.3553 -0.9315 0.0781
vn -0.7893 0.5973 -0.1423
vn -0.8039 0.5860 -0.1020
vn -0.6793 0.7284 -0.0898
vn -0.3670 0.9287 -0.0520
vn -0.7683 -0.6387 -0.0417
vn 0.9184 -0.3594 -0.1653
vn 0.8618 -0.5026 -0.0684
vn -0.8948 -0.4280 -0.1272
vn 0.9247 0.3091 0.2221
vn 0.5586 0.8169 0.1440
vn 0.7154 0.6749 0.1809
vn 0.9852 -0.1412 -0.0974
vn -0.7417 0.6560 0.1397
vn 0.0793 0.9755 0.2052
vn 0.8271 0.5423 -0.1478
vn 0.7766 0.6180 -0.1228
vn 0.5676 0.8113 0.1402
vn -0.8352 -0.5434 -0.0848
vn -0.9807 -0.1645 -0.1054
vn -0.9962 0.0225 -0.0836
vn 0.7549 0.6495 0.0913
vn 0.8408 0.5299 0.1110
vn 0.8413 0.5236 0.1347
vn -0.5537 -0.8309 -0.0548
vn -0.7079 -0.7043 -0.0539
vn -0.7085 -0.7022 -0.0707
vn -0.8816 0.4717 -0.0150
vn -0.5411 0.8409 -0.0092
vn -0.5398 0.8386 -0.0725
vn -0.6511 0.7410 -0.1642
vn -0.9569 0.1206 -0.2642
vn -0.8922 -0.3727 -0.2551
vn 0.2580 0.9659 -0.0218
vn -0.8562 -0.4181 -0.3033
vn -0.8310 -0.4104 -0.3756
vn -0.8872 -0.2254 -0.4026
vn -0.8969 -0.4330 0.0895
vn 0.9039 0.4215 -0.0731
vn 0.9015 0.4102 -0.1378
vn 0.9745 0.2142 -0.0665
vn -0.9995 0.0292 -0.0127
vn 0.2284 0.9610 0.1560
vn -0.9718 0.2334 -0.0330
vn -0.8773 0.4737 0.0775
vn -0.8817 0.4681 -0.0592
vn -0.9697 0.2245 -0.0958
vn -0.1956 0.9113 0.3623
vn 0.7220 -0.6909 0.0382
vn 0.9767 -0.0024 0.2146
vn 0.9508 -0.1660 0.2617
vn 0.9806 0.1816 0.0731
vn -0.1987 0.9775 -0.0703
vn 0.2176 0.9745 0.0551
vn 0.9761 0.2126 0.0444
vn 0.9998 -0.0028 0.0184
vn 0.9999 -0.0051 0.0091
vn 0.9759 0.2124 0.0502
vn -0.7250 -0.6670 -0.1717
vn -0.7163 -0.6841 -0.1374
vn -0.8418 -0.5137 -0.1661
vn -0.8384 -0.5320 -0.1188
vn 0.7173 -0.6817 -0.1440
vn 0.9773 -0.1850 -0.1030
vn 0.8848 -0.3939 -0.2489
vn 0.9027 0.4301 0.0096
vn 0.8998 0.4291 0.0795
vn 0.7591 -0.6165 -0.2090
vn 0.6532 -0.6991 0.2908
vn 0.7912 -0.4959 0.3579
vn 0.6479 -0.6066 0.4606
vn 0.6305 -0.7183 0.2941
vn 0.6562 -0.5704 0.4940
vn 0.6904 -0.7005 0.1805
vn 0.6379 -0.7130 0.2911
vn 0.2274 0.9338 0.2763
vn 0.3228 0.6994 -0.6376
vn 0.6522 0.6235 -0.4312
vn 0.9449 0.2306 0.2322
vn -0.9984 0.0338 -0.0460
vn 0.9651 0.0776 0.2501
vn 0.8717 -0.4545 0.1833
vn 0.6046 0.5929 -0.5320
vn 0.4357 0.6922 -0.5754
vn -0.9697 -0.0418 -0.2406
vn -0.8306 0.5535 -0.0616
vn -0.7971 0.5627 -0.2192
vn 0.6240 0.7769 0.0837
vn 0.4319 0.9019 0.0074
vn -0.8808 0.4250 0.2088
vn 0.9039 0.4003 -0.1508
vn 0.8575 0.4151 0.3039
vn 0.8882 0.2246 0.4007
vn 0.9182 0.2273 0.3243
vn 0.8800 0.4226 0.2169
vn -0.9655 0.2348 -0.1124
vn -0.6889 0.7216 -0.0687
vn 0.7099 0.6903 0.1400
vn -0.7216 -0.5877 0.3659
vn -0.8386 -0.4132 0.3551
vn 0.2184 0.9756 -0.0224
vn 0.4312 0.9012 -0.0436
vn 0.2178 0.9748 -0.0478
vn -0.9159 0.3817 0.1244
vn 0.5527 0.8322 0.0443
vn -0.9327 0.1582 -0.3242
vn -0.3766 0.9102 -0.1724
vn 0.6198 0.7733 -0.1337
vn 0.7746 0.6102 -0.1663
vn 0.6113 0.7659 -0.1992
vn -0.2825 0.7942 -0.5379
vn 0.1132 0.7506 -0.6510
vn -0.6058 -0.5643 0.5608
vn -0.7710 -0.4312 0.4687
vn -0.7558 -0.4548 0.4710
vn -0.6001 -0.6360 0.4851
vn 0.0378 0.9432 -0.3301
vn 0.0032 1.0000 -0.0022
vn 0.2167 0.9736 -0.0718
vn 0.0027 1.0000 -0.0025
vn -0.7594 0.4587 -0.4613
vn -0.5806 0.6312 -0.5144
vn -0.6053 0.5607 -0.5650
vn -0.7870 0.4567 -0.4149
vn 0.1317 0.9819 0.1359
vn 0.3974 0.8896 -0.2250
vn 0.3550 0.9239 0.1426
vn 0.0750 0.8508 0.5201
vn -0.6349 -0.5322 0.5601
vn 0.2152 0.9721 -0.0936
vn 0.0021 1.0000 -0.0024
vn 0.2825 0.8115 0.5116
vn 0.5650 -0.7941 0.2239
vn 0.5443 -0.8376 0.0463
vn 0.4154 0.8837 -0.2156
vn 0.6006 0.7571 -0.2569
vn 0.5889 0.7488 -0.3040
vn -0.9710 0.2361 0.0364
vn -0.8716 0.4576 0.1756
vn -0.9795 0.2011 -0.0146
vn -0.9760 0.2047 -0.0742
vn -0.9044 0.3975 -0.1549
vn -0.8824 0.4071 -0.2359
vn -0.3780 0.9255 -0.0250
vn -0.1937 0.9810 -0.0136
vn -0.0017 1.0000 -0.0001
vn -1.0000 0.0034 -0.0014
vn -1.0000 0.0066 -0.0066
vn -0.9446 0.3140 0.0951
vn 0.5850 -0.7920 -0.1745
vn -0.3314 0.9221 0.1998
vn -0.8723 0.4217 -0.2476
vn -0.7245 0.5969 -0.3447
vn -0.7229 0.6418 -0.2560
vn -0.3559 0.9249 -0.1335
vn -0.3622 0.9220 -0.1366
vn 0.0016 1.0000 0.0006
vn -0.9704 0.2101 -0.1190
vn 0.9616 0.0462 0.2706
vn -0.6835 -0.5292 0.5027
vn -0.1488 0.9216 0.3585
vn -0.6203 -0.7843 -0.0103
vn -0.7783 -0.6193 -0.1032
vn -0.7827 -0.6223 -0.0131
vn -0.6190 -0.7830 0.0612
vn 0.6431 0.7497 -0.1559
vn 0.6596 0.7049 -0.2609
vn -0.1884 0.9796 -0.0700
vn -0.1851 0.9809 -0.0590
vn -0.6181 -0.7819 -0.0816
vn -0.7677 -0.6124 -0.1886
vn -0.6043 -0.7680 -0.2122
vn -0.7343 -0.5929 -0.3305
vn -0.7523 -0.6030 -0.2654
vn -0.6125 -0.7761 -0.1497
vn -0.5971 -0.7620 0.2505
vn -0.6067 -0.7708 0.1943
vn -0.6390 -0.7627 -0.0997
vn -0.6194 -0.7675 -0.1652
vn -0.7396 -0.5964 0.3118
vn -0.5866 -0.7539 0.2960
vn -0.4139 -0.7377 0.5334
vn -0.3876 -0.8734 0.2948
vn -0.5836 -0.7513 -0.3081
vn -0.7164 -0.5850 -0.3802
vn -0.5942 -0.7590 -0.2661
vn 0.2703 -0.7820 -0.5617
vn 0.5204 -0.8053 -0.2840
vn 0.5818 -0.7644 -0.2779
vn 0.3858 -0.8577 -0.3399
vn 0.9023 0.4182 0.1045
vn 0.3328 -0.9411 0.0600
vn 0.3037 -0.9380 -0.1671
vn 0.7925 -0.5739 0.2066
vn 0.5581 -0.8295 -0.0224
vn 0.5235 -0.8387 -0.1500
vn 0.3056 -0.8958 -0.3228
vn -0.4941 -0.7746 -0.3948
vn 0.9249 0.3738 0.0700
vn -0.6666 0.7348 -0.1249
vn -0.7703 0.6092 -0.1887
vn -0.1852 0.9815 -0.0494
vn -0.0020 1.0000 -0.0008
vn -0.0016 1.0000 -0.0008
vn 0.5363 -0.8229 0.1876
vn 0.3805 -0.9090 0.1699
vn 0.3830 -0.9139 0.1344
vn -0.9150 0.3064 -0.2624
vn -0.9128 -0.3104 -0.2653
vn 0.9628 -0.2397 0.1245
vn 0.9528 -0.2587 0.1587
vn 0.4991 -0.7175 -0.4859
vn 0.4838 -0.8165 -0.3150
vn 0.0368 0.9570 0.2879
vn 0.0355 0.9872 0.1553
vn -0.3536 0.9286 -0.1126
vn 0.9686 -0.2254 0.1047
vn 0.9752 -0.2117 0.0651
vn 0.9157 -0.3979 0.0570
vn 0.9897 -0.1422 0.0165
vn 0.9441 -0.1314 -0.3024
vn 0.9999 -0.0017 0.0150
vn 0.9729 -0.1836 0.1406
vn 0.9760 -0.1856 0.1141
vn 0.9996 -0.0049 0.0278
vn 0.3867 -0.9208 0.0511
vn 0.3852 -0.9180 0.0942
vn 0.3872 -0.9220 0.0065
vn 1.0000 -0.0008 -0.0026
vn 0.9726 -0.1841 0.1421
vn -0.9975 0.0683 -0.0168
vn 0.5252 -0.8054 0.2748
vn -0.3852 -0.9187 -0.0867
vn -0.5667 -0.8135 -0.1304
vn -0.3944 -0.9123 -0.1103
vn -0.8446 0.4732 -0.2506
vn -0.8668 0.4544 -0.2054
vn -0.8358 0.5434 0.0781
vn -0.2210 -0.9662 -0.1328
vn -0.2593 -0.9589 0.1148
vn -0.4583 -0.8804 0.1217
vn -0.4845 -0.8154 0.3167
vn -0.3727 0.9215 -0.1088
vn -0.3817 0.9223 -0.0602
vn 0.9048 0.4067 -0.1262
vn 0.9166 0.3997 -0.0020
vn -0.9841 -0.1547 0.0873
vn 0.5324 -0.8168 -0.2223
vn 0.5379 -0.8253 -0.1717
vn 0.3837 -0.9152 -0.1229
vn 0.3857 -0.9190 -0.0819
vn -0.9869 -0.1616 -0.0030
vn -0.9832 -0.1609 -0.0857
vn -0.1987 0.9801 -0.0033
vn 0.1587 0.9366 0.3123
vn -0.4237 -0.9049 0.0416
vn -0.4220 -0.9022 0.0890
vn -0.3806 -0.9243 -0.0293
vn -0.3788 -0.9247 -0.0375
vn 0.3813 -0.9106 -0.1596
vn 0.5268 -0.8080 -0.2638
vn -0.9831 0.1804 -0.0325
vn -0.9791 0.1808 -0.0935
vn -0.9183 0.3330 -0.2140
vn -0.8995 0.3293 -0.2872
vn -0.3910 -0.6807 0.6194
vn -0.4814 -0.7558 0.4438
vn -0.4105 -0.8861 -0.2154
vn 0.3787 -0.9058 -0.1900
vn -0.3804 0.9212 0.0819
vn 0.6825 -0.5730 0.4538
vn -0.0844 0.9915 -0.0987
vn -0.1022 -0.9864 -0.1285
vn -0.3350 -0.9362 -0.1064
vn -0.2735 -0.8549 -0.4409
vn 0.6480 -0.7474 0.1469
vn -0.3049 0.8979 0.3176
vn -0.5071 0.8505 0.1395
vn 0.1892 0.9815 0.0282
vn 0.1881 0.9814 0.0382
vn 0.3471 -0.9378 0.0012
vn 0.0409 -0.9412 -0.3355
vn 0.1423 -0.9894 0.0292
vn 0.4461 -0.8141 0.3718
vn 0.2513 -0.9069 -0.3382
vn -0.9992 0.0066 0.0398
vn -0.4264 -0.8970 -0.1165
vn -0.6419 -0.7577 0.1175
vn -0.6235 -0.7762 -0.0936
vn -0.4156 -0.8697 -0.2662
vn 0.4192 -0.8318 0.3638
vn 0.4821 -0.8059 0.3437
vn -0.6458 -0.7066 0.2893
vn -0.6569 -0.6535 0.3760
vn -0.5117 -0.7509 0.4176
vn 0.5922 -0.7430 0.3119
vn 0.3723 -0.8899 0.2637
vn -0.9720 -0.1942 -0.1326
vn 0.9778 0.2047 0.0452
vn 0.3869 -0.9213 -0.0383
vn 0.5306 -0.8140 0.2363
vn 0.3779 -0.9044 0.1981
vn -0.9765 -0.1956 -0.0907
vn -0.6030 -0.7475 0.2785
vn 0.9773 0.2102 0.0258
vn -0.0012 1.0000 -0.0010
vn -0.1986 0.9742 -0.1072
vn 0.0019 1.0000 0.0023
vn -0.1986 0.9759 -0.0902
vn 0.0026 1.0000 0.0025
vn 0.3775 0.9249 0.0447
vn 0.3761 0.9249 0.0563
vn 0.9816 -0.1405 0.1295
vn -0.9413 0.3129 -0.1265
vn -0.9487 0.3158 -0.0161
vn 0.3776 -0.9259 0.0075
vn 0.0031 1.0000 0.0023
vn 0.5175 -0.8499 0.0992
vn 0.3628 -0.9305 0.0504
vn -0.5483 0.8356 -0.0339
vn -0.9010 0.4198 -0.1095
vn -0.8868 0.4359 -0.1534
vn 0.3682 -0.9289 0.0397
vn 0.3724 -0.9275 0.0327
vn 0.9201 -0.3837 -0.0786
vn 0.9378 -0.2807 0.2042
vn 0.8877 -0.4380 0.1420
vn 0.1892 0.9807 0.0497
vn 0.5405 -0.8399 0.0496
vn 0.3767 -0.9262 0.0169
vn 0.8994 -0.4226 0.1121
vn 0.9072 -0.4100 0.0945
vn -0.9996 0.0004 0.0281
# 1561 vertex normals

o Group22992
g Group22992
s off
f 1//1 2//2 3//3 
f 1//1 3//3 4//4 
f 1//1 4//4 5//5 
f 1//1 5//5 6//6 
f 1//1 6//6 7//7 
f 1//1 7//7 8//8 
f 1//1 8//8 9//9 
f 1//1 9//9 10//10 
f 1//1 10//10 11//11 
f 1//1 11//11 12//10 
f 1//1 12//10 13//12 
f 1//1 13//12 14//13 
f 1//1 14//13 15//14 
f 1//1 15//14 16//15 
f 1//1 16//15 17//16 
f 1//1 17//16 18//17 
f 1//1 18//17 19//18 
f 1//1 19//18 20//19 
f 1//1 20//19 21//20 
f 1//1 21//20 22//21 
f 1//1 22//21 23//22 
f 1//1 23//22 24//23 
f 1//1 24//23 25//24 
f 1//1 25//24 26//25 
f 1//1 26//25 27//26 
f 1//1 27//26 28//27 
f 1//1 28//27 29//28 
f 1//1 29//28 30//29 
f 1//1 30//29 31//30 
f 1//1 31//30 32//31 
f 1//1 32//31 33//32 
f 1//1 33//32 2//2 
f 34//33 35//33 36//33 
f 36//33 35//33 37//33 
f 37//33 35//33 38//33 
f 38//33 35//33 39//33 
f 39//33 35//33 40//33 
f 40//33 35//33 41//33 
f 41//33 35//33 42//33 
f 42//33 35//33 43//33 
f 43//33 35//33 44//33 
f 44//33 35//33 45//33 
f 45//33 35//33 46//33 
f 46//33 35//33 47//33 
f 47//33 35//33 48//33 
f 48//33 35//33 49//33 
f 49//33 35//33 50//33 
f 50//33 35//33 51//33 
f 51//33 35//33 52//33 
f 52//33 35//33 53//33 
f 53//33 35//33 54//33 
f 54//33 35//33 55//33 
f 55//33 35//33 56//33 
f 56//33 35//33 57//33 
f 57//33 35//33 58//33 
f 58//33 35//33 59//33 
f 59//33 35//33 60//33 
f 60//33 35//33 61//33 
f 61//33 35//33 62//33 
f 62//33 35//33 63//33 
f 63//33 35//33 64//33 
f 64//33 35//33 65//33 
f 65//33 35//33 66//33 
f 66//33 35//33 34//33 
f 33//34 67//35 2//36 
f 33//34 68//37 67//35 
f 32//38 68//37 33//34 
f 68//37 69//39 67//35 
f 31//40 68//41 32//38 
f 70//42 71//43 69//39 
f 30//44 68//41 31//40 
f 72//45 73//46 71//43 
f 29//47 74//48 30//44 
f 75//49 76//50 73//46 
f 28//51 74//48 29//47 
f 77//52 78//53 76//50 
f 27//54 79//55 28//51 
f 80//56 81//57 78//53 
f 26//58 79//55 27//54 
f 82//59 83//60 81//57 
f 84//61 85//62 83//60 
f 86//63 87//64 85//62 
f 88//65 89//66 87//64 
f 90//67 91//68 89//66 
f 92//69 93//64 91//68 
f 94//70 34//71 93//64 
f 94//70 66//72 34//71 
f 94//73 65//74 66//72 
f 94//75 64//76 65//74 
f 94//77 63//78 64//76 
f 95//79 62//80 63//78 
f 95//81 61//82 62//80 
f 95//83 60//84 61//82 
f 95//85 59//86 60//84 
f 96//87 58//88 59//86 
f 96//89 57//90 58//88 
f 96//91 56//92 57//90 
f 96//93 55//94 56//92 
f 97//95 54//96 55//94 
f 97//97 53//98 54//96 
f 97//99 52//100 53//98 
f 98//101 51//102 52//100 
f 98//103 50//104 51//102 
f 98//105 49//106 50//104 
f 98//107 48//108 49//106 
f 99//109 47//110 48//108 
f 99//111 46//112 47//110 
f 99//113 45//114 46//112 
f 99//115 44//116 45//114 
f 100//117 43//118 44//116 
f 100//119 42//120 43//118 
f 100//121 41//122 42//120 
f 100//123 40//124 41//122 
f 101//125 39//126 40//124 
f 101//127 38//128 39//126 
f 101//129 37//130 38//128 
f 101//131 36//132 37//130 
f 93//64 36//132 101//131 
f 93//64 34//71 36//132 
f 91//68 93//64 101//131 
f 89//66 91//68 102//133 
f 87//64 89//66 103//134 
f 85//62 87//64 104//135 
f 83//60 85//62 105//136 
f 81//57 83//60 106//137 
f 78//53 81//57 107//138 
f 76//50 78//53 108//139 
f 73//46 76//50 109//140 
f 71//43 73//46 110//141 
f 69//39 71//43 111//142 
f 67//35 69//39 112//143 
f 2//36 67//35 113//144 
f 2//36 113//144 3//145 
f 3//145 113//146 4//147 
f 4//147 113//148 5//149 
f 5//149 113//150 6//151 
f 6//151 114//152 7//153 
f 7//153 114//154 8//155 
f 8//155 115//156 9//157 
f 9//157 115//158 10//159 
f 10//159 115//158 11//160 
f 11//160 115//158 12//161 
f 12//161 116//162 13//163 
f 13//163 116//162 14//164 
f 14//164 116//162 15//165 
f 15//165 117//166 16//167 
f 25//168 79//55 26//58 
f 24//169 118//170 25//168 
f 23//171 118//172 24//169 
f 22//173 118//174 23//171 
f 21//175 118//176 22//173 
f 20//177 119//178 21//175 
f 19//179 119//180 20//177 
f 18//181 119//182 19//179 
f 17//183 119//184 18//181 
f 16//167 117//185 17//183 
f 120//186 121//187 122//187 
f 120//186 122//187 123//188 
f 120//186 123//188 124//189 
f 120//186 124//189 125//189 
f 120//186 125//189 126//190 
f 120//186 126//190 127//190 
f 120//186 127//190 128//191 
f 120//186 128//191 129//191 
f 120//186 129//191 130//192 
f 120//186 130//192 131//192 
f 120//186 131//192 132//193 
f 120//186 132//193 133//193 
f 120//186 133//193 134//194 
f 120//186 134//194 135//194 
f 120//186 135//194 136//195 
f 120//186 136//195 137//196 
f 120//186 137//196 138//196 
f 120//186 138//196 139//197 
f 120//186 139//197 140//198 
f 120//186 140//198 141//199 
f 120//186 141//199 142//200 
f 120//186 142//200 143//201 
f 120//186 144//202 145//203 
f 120//186 145//203 146//203 
f 120//186 146//203 147//204 
f 120//186 147//204 148//205 
f 120//186 148//205 149//206 
f 120//186 149//206 150//207 
f 120//186 150//207 151//208 
f 120//186 151//208 121//187 
f 152//209 153//210 154//211 
f 154//211 153//210 155//211 
f 155//211 153//210 156//211 
f 156//211 153//210 157//212 
f 157//212 153//210 158//212 
f 158//212 153//210 159//213 
f 159//213 153//210 160//213 
f 160//213 153//210 161//214 
f 161//214 153//210 162//214 
f 162//214 153//210 163//215 
f 163//215 153//210 164//215 
f 164//215 153//210 165//216 
f 165//216 153//210 166//216 
f 166//216 153//210 167//216 
f 167//216 153//210 168//217 
f 168//217 153//210 169//218 
f 169//218 153//210 170//218 
f 170//218 153//210 171//219 
f 171//219 153//210 172//219 
f 172//219 153//210 173//220 
f 173//220 153//210 174//220 
f 174//220 153//210 175//221 
f 175//221 153//210 176//222 
f 176//222 153//210 177//223 
f 177//223 153//210 178//224 
f 178//224 153//210 179//225 
f 179//225 153//210 180//226 
f 180//226 153//210 181//227 
f 181//227 153//210 182//228 
f 182//228 153//210 183//228 
f 183//228 153//210 184//229 
f 184//229 153//210 152//209 
f 120//186 143//201 185//230 
f 143//201 186//231 185//230 
f 142//232 186//231 143//201 
f 141//233 186//234 142//232 
f 140//235 186//236 141//233 
f 139//237 187//238 140//235 
f 138//239 187//240 139//237 
f 137//241 187//242 138//239 
f 136//243 187//244 137//241 
f 135//245 188//246 136//243 
f 134//247 188//248 135//245 
f 133//249 188//250 134//247 
f 132//251 188//252 133//249 
f 131//253 189//254 132//251 
f 130//255 189//254 131//253 
f 129//256 189//254 130//255 
f 128//257 190//258 129//256 
f 127//259 190//258 128//257 
f 126//260 190//258 127//259 
f 125//261 190//262 126//260 
f 124//263 191//264 125//261 
f 123//265 191//266 124//263 
f 122//267 191//268 123//265 
f 121//269 191//270 122//267 
f 121//269 192//271 191//270 
f 192//271 193//272 194//273 
f 193//272 195//274 196//275 
f 195//274 197//276 198//277 
f 197//276 199//278 200//279 
f 199//278 201//280 202//281 
f 201//280 203//282 204//283 
f 203//282 205//284 206//285 
f 205//284 207//286 208//287 
f 207//286 209//288 210//289 
f 209//288 211//290 212//291 
f 211//290 213//292 214//293 
f 213//292 215//294 216//295 
f 215//294 154//296 216//295 
f 215//294 152//297 154//296 
f 216//295 154//296 155//298 
f 216//299 155//298 156//300 
f 217//301 156//300 157//302 
f 217//303 157//302 158//304 
f 217//305 158//304 159//306 
f 217//307 159//306 160//308 
f 218//309 160//308 161//310 
f 218//311 161//310 162//312 
f 219//313 162//312 163//314 
f 219//313 163//314 164//315 
f 220//316 164//315 165//317 
f 220//316 165//317 166//318 
f 220//319 166//318 167//320 
f 221//321 167//320 168//322 
f 221//323 168//322 169//324 
f 222//325 169//324 170//326 
f 222//327 170//326 171//328 
f 223//329 171//328 172//330 
f 223//331 172//330 173//332 
f 223//333 173//332 174//334 
f 223//335 174//334 175//221 
f 224//336 175//221 176//222 
f 224//336 176//222 177//223 
f 225//337 177//223 178//224 
f 225//338 178//224 179//339 
f 225//340 179//339 180//341 
f 226//342 180//341 181//343 
f 226//342 181//343 182//344 
f 226//345 182//344 183//346 
f 227//347 183//346 184//348 
f 227//349 184//348 152//297 
f 227//349 152//297 215//294 
f 228//350 215//294 213//292 
f 229//351 213//292 211//290 
f 230//352 211//290 209//288 
f 231//353 209//288 207//286 
f 232//354 207//286 205//284 
f 233//355 205//284 203//282 
f 234//356 203//282 201//280 
f 235//357 201//280 199//278 
f 236//358 199//278 197//276 
f 237//359 197//276 195//274 
f 238//360 195//274 193//272 
f 239//361 193//272 192//271 
f 151//362 239//361 192//271 
f 151//362 192//271 121//269 
f 150//363 239//361 151//362 
f 149//364 239//365 150//363 
f 148//366 240//367 149//364 
f 147//368 240//369 148//366 
f 146//370 240//369 147//368 
f 145//371 241//372 146//370 
f 144//202 241//372 145//371 
f 185//230 241//372 144//202 
f 120//186 185//230 144//202 
f 242//373 243//374 244//375 
f 242//373 244//375 245//376 
f 242//373 245//376 246//377 
f 242//373 246//377 247//378 
f 242//373 247//378 248//379 
f 242//373 248//379 249//380 
f 242//373 249//380 250//381 
f 242//373 250//381 251//382 
f 242//373 251//382 252//383 
f 242//373 252//383 253//384 
f 242//373 253//384 254//385 
f 242//373 254//385 255//386 
f 242//373 255//386 256//387 
f 242//373 256//387 257//388 
f 242//373 257//388 258//389 
f 242//373 258//389 259//390 
f 242//373 259//390 260//391 
f 242//373 260//391 261//392 
f 242//373 261//392 262//393 
f 242//373 262//393 263//394 
f 242//373 263//394 264//395 
f 242//373 264//395 265//396 
f 242//373 265//396 266//397 
f 242//373 266//397 267//398 
f 242//373 267//398 268//399 
f 269//214 270//400 271//214 
f 271//214 270//400 272//401 
f 272//401 270//400 273//402 
f 273//402 270//400 274//403 
f 274//403 270//400 275//404 
f 275//404 270//400 276//405 
f 276//405 270//400 277//406 
f 277//406 270//400 278//407 
f 278//407 270//400 279//408 
f 279//408 270//400 280//409 
f 280//409 270//400 281//410 
f 281//410 270//400 282//411 
f 282//411 270//400 283//412 
f 283//412 270//400 284//413 
f 284//413 270//400 285//414 
f 285//414 270//400 286//415 
f 286//415 270//400 287//416 
f 287//416 270//400 288//417 
f 288//417 270//400 289//418 
f 289//418 270//400 290//419 
f 290//419 270//400 291//420 
f 291//420 270//400 292//421 
f 292//421 270//400 293//422 
f 293//422 270//400 294//423 
f 294//423 270//400 295//422 
f 295//422 270//400 296//424 
f 296//424 270//400 297//425 
f 297//425 270//400 298//426 
f 298//426 270//400 299//427 
f 299//427 270//400 300//428 
f 300//428 270//400 301//214 
f 301//214 270//400 269//214 
f 242//373 302//429 303//430 
f 302//429 304//431 303//430 
f 302//429 305//432 304//431 
f 305//432 306//433 307//434 
f 306//433 308//435 309//436 
f 308//435 310//437 311//438 
f 310//437 312//439 313//440 
f 312//439 314//441 315//442 
f 314//441 316//443 317//444 
f 316//443 318//445 319//446 
f 318//445 320//447 321//448 
f 320//447 322//449 323//450 
f 322//449 324//451 325//452 
f 324//451 326//453 327//454 
f 326//453 328//455 329//456 
f 328//455 271//457 329//456 
f 328//455 269//458 271//457 
f 329//456 271//457 272//459 
f 329//456 272//459 273//460 
f 330//461 273//460 274//462 
f 330//461 274//462 275//463 
f 331//464 275//463 276//465 
f 331//466 276//465 277//467 
f 332//468 277//467 278//469 
f 332//470 278//469 279//471 
f 332//472 279//471 280//473 
f 332//474 280//473 281//475 
f 333//476 281//475 282//477 
f 333//478 282//477 283//479 
f 333//480 283//479 284//413 
f 333//481 284//413 285//414 
f 334//482 285//414 286//415 
f 334//483 286//415 287//484 
f 334//483 287//484 288//485 
f 335//486 288//485 289//487 
f 335//488 289//487 290//489 
f 336//490 290//489 291//491 
f 336//490 291//491 292//492 
f 337//493 292//492 293//494 
f 337//495 293//494 294//496 
f 337//497 294//496 295//498 
f 337//499 295//498 296//500 
f 338//501 296//500 297//502 
f 338//503 297//502 298//504 
f 338//505 298//504 299//506 
f 338//507 299//506 300//508 
f 339//509 300//508 301//510 
f 339//511 301//510 269//458 
f 339//511 269//458 328//455 
f 340//512 328//455 326//453 
f 341//513 326//453 324//451 
f 342//514 324//451 322//449 
f 343//515 322//449 320//447 
f 344//516 320//447 318//445 
f 345//517 318//445 316//443 
f 346//518 316//443 314//441 
f 347//519 314//441 312//439 
f 348//520 312//439 310//437 
f 349//521 310//437 308//435 
f 350//522 308//435 306//433 
f 351//523 306//433 305//432 
f 352//524 351//523 305//432 
f 352//524 305//432 302//429 
f 242//373 352//524 302//429 
f 268//399 351//523 352//524 
f 242//373 268//399 352//524 
f 267//525 351//523 268//399 
f 266//526 351//527 267//525 
f 265//528 351//527 266//526 
f 264//529 353//530 265//528 
f 263//531 353//532 264//529 
f 262//533 353//534 263//531 
f 261//535 353//536 262//533 
f 260//537 354//538 261//535 
f 259//539 354//540 260//537 
f 258//541 354//542 259//539 
f 257//543 354//544 258//541 
f 303//430 304//431 355//545 
f 242//373 303//430 355//545 
f 355//545 304//546 356//547 
f 242//373 355//545 356//547 
f 356//547 357//548 358//549 
f 242//373 356//547 358//549 
f 358//549 357//550 243//374 
f 242//373 358//549 243//374 
f 243//374 357//551 244//552 
f 244//552 357//553 245//554 
f 245//554 359//555 246//556 
f 246//556 359//557 247//558 
f 247//558 360//559 248//560 
f 248//560 360//561 249//562 
f 249//562 360//561 250//563 
f 250//563 360//561 251//564 
f 251//564 361//565 252//566 
f 252//566 361//567 253//568 
f 253//568 361//567 254//569 
f 254//569 362//570 255//571 
f 255//571 362//570 256//572 
f 256//572 362//573 257//543 
f 363//574 364//574 365//574 
f 363//574 365//574 366//574 
f 363//574 366//574 367//574 
f 363//574 367//574 368//574 
f 363//574 368//574 369//574 
f 363//574 369//574 370//574 
f 363//574 370//574 371//574 
f 363//574 371//574 372//574 
f 363//574 372//574 373//574 
f 363//574 373//574 374//574 
f 363//574 374//574 375//574 
f 363//574 375//574 376//574 
f 363//574 376//574 377//574 
f 363//574 377//574 378//574 
f 363//574 378//574 379//574 
f 363//574 379//574 380//574 
f 363//574 380//574 381//574 
f 363//574 381//574 382//574 
f 363//574 382//574 383//574 
f 363//574 383//574 384//574 
f 363//574 384//574 385//574 
f 363//574 385//574 386//574 
f 363//574 386//574 387//574 
f 363//574 387//574 388//574 
f 363//574 388//574 389//574 
f 363//574 389//574 390//574 
f 363//574 390//574 391//574 
f 363//574 391//574 392//574 
f 363//574 392//574 393//574 
f 363//574 393//574 394//574 
f 363//574 394//574 395//574 
f 363//574 395//574 364//574 
f 396//33 397//33 398//33 
f 398//33 397//33 399//33 
f 399//33 397//33 400//33 
f 400//33 397//33 401//33 
f 401//33 397//33 402//33 
f 402//33 397//33 403//33 
f 403//33 397//33 404//33 
f 404//33 397//33 405//33 
f 405//33 397//33 406//33 
f 406//33 397//33 407//33 
f 407//33 397//33 408//33 
f 408//33 397//33 409//33 
f 409//33 397//33 410//33 
f 410//33 397//33 411//33 
f 411//33 397//33 412//33 
f 412//33 397//33 413//33 
f 413//33 397//33 414//33 
f 414//33 397//33 415//33 
f 415//33 397//33 416//33 
f 416//33 397//33 417//33 
f 417//33 397//33 418//33 
f 418//33 397//33 419//33 
f 419//33 397//33 420//33 
f 420//33 397//33 421//33 
f 421//33 397//33 422//33 
f 422//33 397//33 423//33 
f 423//33 397//33 424//33 
f 424//33 397//33 425//33 
f 425//33 397//33 426//33 
f 426//33 397//33 427//33 
f 427//33 397//33 428//33 
f 428//33 397//33 396//33 
f 395//72 429//575 364//576 
f 395//72 430//577 429//575 
f 394//74 430//577 395//72 
f 430//577 431//578 429//575 
f 393//76 430//579 394//74 
f 432//580 433//581 431//578 
f 392//78 430//582 393//76 
f 434//583 435//584 433//581 
f 391//80 430//585 392//78 
f 436//586 437//587 435//584 
f 390//82 438//588 391//80 
f 439//589 440//590 437//587 
f 389//84 438//591 390//82 
f 441//592 442//593 440//590 
f 388//594 443//595 389//84 
f 444//596 445//597 442//593 
f 446//598 447//599 445//597 
f 448//600 449//601 447//599 
f 450//602 451//603 449//601 
f 452//604 453//605 451//603 
f 454//606 455//607 453//605 
f 456//608 396//71 455//607 
f 456//608 428//72 396//71 
f 456//609 427//74 428//72 
f 456//610 426//76 427//74 
f 456//611 425//78 426//76 
f 457//612 424//80 425//78 
f 457//613 423//82 424//80 
f 458//614 422//84 423//82 
f 458//615 421//594 422//84 
f 459//616 420//617 421//594 
f 459//618 419//619 420//617 
f 459//620 418//621 419//619 
f 460//622 417//623 418//621 
f 460//624 416//625 417//623 
f 461//626 415//627 416//625 
f 461//628 414//629 415//627 
f 462//630 413//631 414//629 
f 462//632 412//633 413//631 
f 463//634 411//635 412//633 
f 463//636 410//637 411//635 
f 463//638 409//639 410//637 
f 463//640 408//641 409//639 
f 464//642 407//643 408//641 
f 464//644 406//645 407//643 
f 464//646 405//647 406//645 
f 464//648 404//649 405//647 
f 465//650 403//651 404//649 
f 465//652 402//653 403//651 
f 466//654 401//655 402//653 
f 466//656 400//657 401//655 
f 467//658 399//659 400//657 
f 467//660 398//132 399//659 
f 455//607 398//132 467//660 
f 455//607 396//71 398//132 
f 453//605 455//607 467//660 
f 451//603 453//605 468//661 
f 449//601 451//603 469//662 
f 447//599 449//601 470//663 
f 445//597 447//599 471//664 
f 442//593 445//597 472//665 
f 440//590 442//593 473//666 
f 437//587 440//590 474//667 
f 435//584 437//587 475//668 
f 433//581 435//584 476//669 
f 431//578 433//581 477//670 
f 429//575 431//578 478//671 
f 364//576 429//575 479//672 
f 364//576 479//672 365//673 
f 365//673 479//672 366//674 
f 366//674 479//675 367//676 
f 367//676 480//677 368//678 
f 368//678 480//679 369//680 
f 369//680 481//681 370//682 
f 370//682 481//683 371//684 
f 371//684 481//685 372//686 
f 372//686 481//687 373//688 
f 373//688 482//689 374//690 
f 374//690 482//691 375//692 
f 375//692 482//693 376//694 
f 376//694 482//693 377//695 
f 377//695 483//696 378//697 
f 387//617 443//698 388//594 
f 386//699 484//700 387//617 
f 385//701 484//702 386//699 
f 384//703 485//704 385//701 
f 383//705 485//706 384//703 
f 382//707 486//708 383//705 
f 381//709 486//710 382//707 
f 380//711 483//712 381//709 
f 379//713 483//714 380//711 
f 378//697 483//696 379//713 
f 334//483 288//485 335//486 
f 306//433 309//436 307//434 
f 377//695 482//693 483//696 
f 435//584 475//668 476//669 
f 487//715 488//716 489//717 
f 461//626 416//625 460//624 
f 490//718 491//719 492//720 
f 344//516 343//515 320//447 
f 197//276 200//279 198//277 
f 236//358 235//357 199//278 
f 77//52 80//56 78//53 
f 12//161 115//158 116//162 
f 493//721 494//722 495//723 
f 436//586 439//589 437//587 
f 78//53 107//138 108//139 
f 496//724 497//725 498//726 
f 499//727 500//728 501//729 
f 316//443 319//446 317//444 
f 449//601 469//662 470//663 
f 502//730 503//731 504//732 
f 450//602 452//604 451//603 
f 505//733 506//734 507//735 
f 508//736 509//737 510//738 
f 219//313 164//315 220//316 
f 83//60 105//136 106//137 
f 97//95 55//94 96//93 
f 511//739 510//740 512//741 
f 231//353 230//352 209//288 
f 513//742 514//743 515//744 
f 86//63 88//65 87//64 
f 516//745 517//746 518//747 
f 349//521 348//520 310//437 
f 132//251 189//254 188//252 
f 519//748 520//749 521//750 
f 522//751 523//752 524//753 
f 525//754 526//755 527//756 
f 528//757 529//758 530//759 
f 531//760 532//761 533//762 
f 534//763 535//764 536//765 
f 140//235 187//238 186//236 
f 205//284 208//287 206//285 
f 537//766 219//313 220//316 
f 30//44 74//48 68//41 
f 538//767 539//768 540//769 
f 432//580 434//583 433//581 
f 381//709 483//712 486//710 
f 222//327 171//328 223//329 
f 541//770 542//771 543//772 
f 544//773 545//774 546//775 
f 496//776 547//777 548//778 
f 549//779 550//780 551//781 
f 310//437 313//440 311//438 
f 442//593 472//665 473//666 
f 552//782 553//783 554//784 
f 444//596 446//598 445//597 
f 494//722 555//785 556//786 
f 557//787 517//788 516//789 
f 251//564 360//561 361//565 
f 89//66 102//133 103//134 
f 558//790 559//791 560//792 
f 464//642 408//641 463//640 
f 561//793 562//794 563//795 
f 564//796 565//797 566//798 
f 567//799 568//800 534//801 
f 569//802 570//803 571//804 
f 322//449 325//452 323//450 
f 341//513 340//512 326//453 
f 569//802 571//804 572//805 
f 573//806 574//807 575//808 
f 576//809 577//810 578//811 
f 579//812 580//813 493//721 
f 581//814 582//815 583//816 
f 584//817 585//818 529//819 
f 586//820 587//821 588//822 
f 589//823 590//824 591//825 
f 592//826 593//827 594//828 
f 501//829 595//830 596//831 
f 346//518 345//517 316//443 
f 597//832 598//833 599//834 
f 600//835 601//836 602//837 
f 603//838 604//839 605//840 
f 606//841 607//842 608//843 
f 609//844 80//845 77//846 
f 610//847 611//848 612//849 
f 558//850 613//851 559//852 
f 100//117 44//116 99//115 
f 541//770 614//853 542//771 
f 228//350 227//349 215//294 
f 511//854 512//855 615//856 
f 233//355 232//354 205//284 
f 616//857 617//858 618//859 
f 619//860 620//861 86//862 
f 621//863 622//864 538//865 
f 17//183 117//185 119//184 
f 599//866 623//867 624//868 
f 625//869 523//870 522//871 
f 190//258 626//872 627//873 
f 192//271 194//273 191//270 
f 628//874 629//875 630//876 
f 429//575 478//671 479//672 
f 631//877 632//878 496//724 
f 69//39 111//142 112//143 
f 361//567 633//879 634//880 
f 265//528 353//530 351//527 
f 238//360 237//359 195//274 
f 635//881 636//882 637//883 
f 619//884 638//885 620//886 
f 95//79 63//78 94//77 
f 492//887 491//888 639//889 
f 640//890 641//891 642//892 
f 643//893 505//733 507//735 
f 644//894 645//895 646//896 
f 487//897 647//898 488//899 
f 648//900 649//901 650//902 
f 218//311 162//312 219//313 
f 211//290 214//293 212//291 
f 651//903 563//795 652//904 
f 649//905 472//906 653//907 
f 587//821 654//908 655//909 
f 656//910 657//911 513//912 
f 459//616 421//594 458//615 
f 505//733 658//913 506//734 
f 659//914 596//915 660//916 
f 661//917 662//918 663//919 
f 664//920 665//921 434//922 
f 666//923 667//924 668//925 
f 577//810 669//926 578//811 
f 670//927 225//340 542//771 
f 671//928 519//748 521//750 
f 195//274 198//277 196//275 
f 672//929 673//930 674//931 
f 675//932 676//933 677//934 
f 678//935 679//936 661//937 
f 354//538 680//938 681//939 
f 644//940 646//941 682//942 
f 683//943 684//944 667//945 
f 332//474 281//475 333//476 
f 685//946 686//947 570//948 
f 687//949 688//950 689//951 
f 323//952 325//953 690//954 
f 691//955 630//956 692//957 
f 693//958 580//959 579//960 
f 357//553 694//961 359//555 
f 245//554 357//553 359//555 
f 595//830 490//718 492//720 
f 623//867 695//962 696//963 
f 337//499 296//500 338//501 
f 642//964 641//965 697//966 
f 698//967 699//968 700//969 
f 701//970 702//971 703//972 
f 544//973 546//974 704//975 
f 705//976 706//977 707//978 
f 708//979 709//980 92//981 
f 710//982 515//983 711//984 
f 712//985 541//986 713//987 
f 676//933 714//988 677//934 
f 715//989 611//990 610//991 
f 21//175 119//178 118//176 
f 716//992 717//993 718//994 
f 719//995 720//996 721//997 
f 387//617 484//700 443//698 
f 583//998 665//999 664//1000 
f 72//45 75//49 73//46 
f 74//48 722//1001 723//1002 
f 561//793 724//1003 562//794 
f 465//650 404//649 464//648 
f 721//997 720//996 725//1004 
f 726//1005 727//1006 728//1007 
f 330//461 275//463 331//464 
f 326//453 329//456 327//454 
f 73//46 109//140 110//141 
f 632//878 497//725 496//724 
f 540//769 528//757 530//759 
f 729//1008 616//857 730//1009 
f 626//872 731//1010 627//873 
f 732//1011 733//1012 734//1013 
f 187//238 635//1014 186//236 
f 735//1015 564//796 566//798 
f 454//606 456//608 455//607 
f 736//1016 458//614 737//1017 
f 521//750 520//749 508//1018 
f 568//800 535//1019 534//801 
f 530//1020 529//1021 617//1022 
f 531//1023 533//1024 738//1025 
f 739//1026 553//783 552//782 
f 693//958 740//1027 580//959 
f 201//280 204//283 202//281 
f 590//824 672//929 591//825 
f 741//1028 624//868 742//1029 
f 743//1030 741//1031 550//780 
f 186//231 635//881 637//883 
f 146//370 241//372 240//369 
f 555//785 744//1032 556//786 
f 502//730 504//732 744//1032 
f 745//1033 640//890 642//892 
f 746//1034 747//1035 745//1033 
f 748//1036 749//1037 750//1038 
f 751//1039 601//1040 600//1041 
f 752//1042 649//901 648//900 
f 440//590 473//666 474//667 
f 665//1043 666//923 668//925 
f 753//1044 754//1045 582//1046 
f 755//1047 541//770 543//772 
f 727//1006 756//1048 728//1007 
f 225//340 180//341 226//342 
f 225//340 226//342 757//1049 
f 680//938 661//1050 681//939 
f 350//522 349//521 308//435 
f 496//776 548//778 758//1051 
f 539//768 528//757 540//769 
f 653//907 651//903 652//904 
f 759//1052 603//838 502//1053 
f 99//109 48//108 98//107 
f 560//1054 559//1055 760//1056 
f 700//969 607//842 606//841 
f 761//1057 762//1058 643//1059 
f 763//1060 537//766 574//1061 
f 592//1062 594//1063 673//930 
f 629//1064 487//715 489//717 
f 480//677 478//1065 764//1066 
f 373//688 481//687 482//689 
f 481//685 764//1067 628//874 
f 115//158 765//1068 116//162 
f 766//1069 496//776 758//1051 
f 690//1070 686//1071 685//1072 
f 625//1073 767//1074 523//1075 
f 581//1076 753//1044 582//1046 
f 691//955 692//957 768//1077 
f 677//1078 714//1079 769//1080 
f 714//1079 770//1081 769//1080 
f 662//918 771//1082 772//1083 
f 518//1084 499//727 773//1085 
f 106//1086 105//1087 545//1088 
f 774//1089 613//1090 558//1091 
f 775//1092 776//1093 777//1094 
f 342//514 341//513 324//451 
f 327//454 330//461 778//1095 
f 325//953 778//1096 690//954 
f 312//439 315//442 313//440 
f 601//836 597//832 602//837 
f 623//867 779//1097 695//962 
f 525//754 527//756 598//1098 
f 646//896 643//893 780//1099 
f 446//598 448//600 447//599 
f 577//810 781//1100 669//926 
f 537//766 782//1101 783//1102 
f 784//1103 532//761 531//760 
f 655//1104 656//910 785//1105 
f 520//749 675//932 508//1018 
f 591//825 672//929 674//931 
f 667//1106 684//1107 786//1108 
f 439//589 441//592 440//590 
f 209//288 212//291 210//289 
f 787//1109 219//1110 537//1111 
f 6//151 113//150 114//152 
f 112//1112 111//1113 631//1114 
f 611//848 788//1115 612//849 
f 540//1116 530//1117 729//1118 
f 789//1119 609//844 75//1120 
f 789//1119 75//1120 72//1121 
f 96//87 59//86 95//85 
f 711//1122 515//1123 790//1124 
f 695//1125 746//1034 791//1126 
f 779//1097 746//1127 695//962 
f 463//634 412//633 462//632 
f 703//1128 702//1129 699//1130 
f 82//59 84//61 83//60 
f 618//1131 792//1132 793//1133 
f 90//67 92//69 91//68 
f 708//979 92//981 794//1134 
f 572//805 571//804 795//1135 
f 336//490 292//492 337//493 
f 633//879 516//745 634//880 
f 680//1136 678//935 661//937 
f 738//1025 533//1024 796//1137 
f 711//1138 790//1139 708//1140 
f 797//1141 798//1142 715//1143 
f 715//989 798//1144 611//990 
f 345//517 344//516 318//445 
f 595//830 492//720 596//831 
f 193//272 196//275 194//273 
f 626//872 732//1011 731//1010 
f 360//561 633//879 361//565 
f 360//559 694//1145 799//1146 
f 624//1147 623//867 696//963 
f 500//728 595//1148 501//729 
f 318//445 321//448 319//446 
f 526//1149 687//949 689//951 
f 800//1150 508//736 801//1151 
f 535//1019 511//854 615//856 
f 545//774 802//1152 546//775 
f 803//1153 804//1154 657//1155 
f 348//520 347//519 312//439 
f 662//918 772//1083 663//919 
f 740//1027 739//1026 552//782 
f 647//898 648//900 488//899 
f 735//1156 566//1157 805//1158 
f 635//1014 567//799 636//1159 
f 684//1107 644//940 682//942 
f 494//722 556//786 495//723 
f 443//698 583//998 664//1000 
f 430//577 432//580 431//578 
f 649//901 653//1160 650//902 
f 553//1161 759//1052 502//1053 
f 353//530 350//1162 351//527 
f 351//523 350//522 306//433 
f 188//248 735//1156 805//1158 
f 189//254 735//1015 188//252 
f 108//1163 706//1164 705//1165 
f 632//1166 109//1167 497//1168 
f 774//1169 102//1170 613//1171 
f 101//125 40//124 100//123 
f 453//605 467//660 468//661 
f 806//1172 465//652 807//1173 
f 241//372 808//1174 240//369 
f 239//361 238//360 193//272 
f 118//170 809//1175 79//55 
f 25//168 118//170 79//55 
f 597//1176 525//754 598//1098 
f 314//441 317//444 315//442 
f 578//1177 669//1178 810//1179 
f 223//335 175//221 224//336 
f 517//746 499//1180 518//747 
f 550//780 741//1028 742//1029 
f 607//842 460//624 608//843 
f 736//1181 459//616 458//615 
f 305//432 307//434 304//431 
f 357//551 748//1036 694//1182 
f 362//573 680//1183 354//544 
f 257//543 362//573 354//544 
f 614//853 670//927 542//771 
f 576//809 578//811 770//1184 
f 726//1005 728//1007 811//1185 
f 234//356 233//355 203//282 
f 340//512 339//511 328//455 
f 697//966 337//499 338//501 
f 733//1186 200//1187 589//1188 
f 733//1012 589//1189 734//1013 
f 447//599 470//663 471//664 
f 651//903 561//793 563//795 
f 749//1037 600//835 750//1038 
f 549//779 743//1030 550//780 
f 579//1190 493//1191 754//1192 
f 666//1193 683//943 667//945 
f 760//1056 99//109 98//107 
f 514//743 97//97 515//744 
f 812//1194 487//715 629//1064 
f 433//581 476//669 477//670 
f 526//755 625//1195 527//756 
f 527//1196 625//869 522//871 
f 778//1095 330//461 331//464 
f 686//1197 332//474 333//476 
f 203//282 206//285 204//283 
f 672//929 592//1062 673//930 
f 671//928 521//750 565//797 
f 565//1198 800//1150 801//1151 
f 717//993 719//995 721//997 
f 567//799 534//801 636//1159 
f 503//731 605//1199 504//732 
f 504//732 605//1199 606//841 
f 115//158 813//1200 765//1068 
f 113//150 813//1201 114//152 
f 81//57 106//137 107//138 
f 706//977 544//773 707//978 
f 230//352 229//351 211//290 
f 542//771 225//340 757//1049 
f 448//600 450//602 449//601 
f 643//893 507//735 780//1099 
f 563//1202 701//970 703//972 
f 604//839 698//967 605//840 
f 792//1132 619//860 793//1133 
f 814//1203 738//1204 815//1205 
f 676//933 573//1206 714//988 
f 816//1207 817//1208 763//1060 
f 509//737 677//1209 510//738 
f 510//740 712//1210 512//741 
f 783//1211 782//1212 818//1213 
f 220//319 167//320 221//321 
f 819//1214 496//776 766//1069 
f 631//1215 496//724 819//1214 
f 452//604 454//606 453//605 
f 658//913 737//1017 506//734 
f 213//292 216//295 214//293 
f 217//307 160//308 218//309 
f 820//1216 540//1116 729//1118 
f 538//1217 540//1218 820//1219 
f 593//827 787//1220 594//828 
f 207//286 210//289 208//287 
f 547//777 586//820 548//778 
f 528//1221 584//817 529//819 
f 771//1082 659//914 660//916 
f 499//727 501//729 773//1085 
f 116//162 765//1068 797//1222 
f 117//185 797//1141 715//1143 
f 821//1223 464//644 702//971 
f 807//1224 465//650 464//648 
f 125//261 191//264 190//262 
f 191//264 626//1225 190//262 
f 746//1034 745//1033 791//1126 
f 491//888 775//1092 777//1094 
f 630//956 693//958 692//957 
f 629//875 489//1226 630//876 
f 609//844 618//1227 80//845 
f 618//1227 84//1228 82//1229 
f 822//1230 823//1231 803//1232 
f 654//908 656//1233 655//909 
f 749//1234 751//1039 600//1041 
f 308//435 311//438 309//436 
f 343//515 342//514 322//449 
f 491//888 777//1094 639//889 
f 681//1235 661//917 824//1236 
f 661//917 663//919 824//1236 
f 369//680 480//679 481//681 
f 480//679 764//1237 481//681 
f 684//1107 682//942 786//1108 
f 441//592 444//596 442//593 
f 333//481 285//414 334//482 
f 686//947 333//480 570//948 
f 484//700 583//998 443//698 
f 485//706 581//814 583//816 
f 732//1011 734//1013 731//1010 
f 564//796 671//928 565//797 
f 529//1021 814//1238 617//1022 
f 529//758 585//1239 814//1240 
f 720//996 726//1005 811//1185 
f 535//764 615//1241 536//765 
f 767//1074 685//1242 523//1075 
f 523//752 569//1243 524//753 
f 645//895 643//893 646//896 
f 645//1244 761//1057 643//1059 
f 553//783 502//730 554//784 
f 554//784 502//730 744//1032 
f 755//1047 543//772 756//1048 
f 232//354 231//353 207//286 
f 717//993 721//997 718//994 
f 237//359 236//358 197//276 
f 771//1082 660//916 772//1083 
f 347//519 346//518 314//441 
f 518//1084 773//1085 679//1245 
f 678//1246 518//1084 679//1245 
f 825//1247 774//1089 558//1091 
f 825//1248 558//1249 802//1152 
f 585//818 784//1103 531//760 
f 587//821 655//909 588//822 
f 658//913 736//1016 737//1017 
f 606//1250 608//1251 826//1252 
f 633//879 557//787 516//789 
f 694//1145 551//781 799//1146 
f 87//64 103//134 104//135 
f 104//1253 774//1254 825//1255 
f 520//749 827//1256 675//1257 
f 827//1256 676//1258 675//1257 
f 547//777 587//1259 586//820 
f 707//1260 544//973 704//975 
f 111//1113 632//1261 631//1114 
f 71//43 110//141 111//142 
f 437//587 474//667 475//668 
f 647//898 752//1042 648//900 
f 524//1262 569//802 572//805 
f 747//1035 640//890 745//1033 
f 580//813 494//722 493//721 
f 740//1027 552//782 580//959 
f 787//1263 828//1264 219//1265 
f 828//1264 218//309 219//1265 
f 716//992 718//994 808//1174 
f 241//372 716//992 808//1174 
f 512//855 712//985 713//987 
f 727//1006 755//1047 756//1048 
f 200//1187 590//1266 589//1188 
f 199//278 202//281 200//279 
f 687//949 323//952 688//950 
f 320//447 323//450 321//448 
f 722//1001 72//1121 723//1002 
f 70//42 72//45 71//43 
f 683//1267 495//1268 684//1269 
f 495//1268 644//894 684//1269 
f 323//952 690//954 688//950 
f 767//1270 690//1070 685//1072 
f 445//597 471//664 472//665 
f 472//906 651//903 653//907 
f 741//1028 599//866 624//868 
f 602//837 597//832 599//834 
f 692//957 693//958 579//960 
f 753//1271 579//1190 754//1192 
f 652//1272 604//1273 603//1274 
f 759//1275 652//1272 603//1274 
f 699//1276 463//634 462//632 
f 607//842 461//626 460//624 
f 434//583 436//586 435//584 
f 665//921 668//1277 434//922 
f 641//965 337//499 697//966 
f 795//1135 336//490 337//493 
f 729//1008 730//1009 788//1115 
f 820//1278 729//1279 788//1115 
f 694//1145 549//779 551//781 
f 748//1036 750//1038 694//1182 
f 790//1280 96//87 95//85 
f 709//980 95//79 94//77 
f 573//1206 575//1281 714//988 
f 714//1282 576//809 770//1184 
f 829//1283 666//1284 665//1285 
f 583//1286 829//1283 665//1285 
f 724//1003 806//1172 807//1173 
f 451//603 468//661 469//662 
f 706//1287 106//1288 544//1289 
f 106//1288 545//1290 544//1289 
f 438//588 664//1291 430//585 
f 391//80 438//588 430//585 
f 781//1100 222//327 223//329 
f 782//1212 221//321 818//1213 
f 235//357 234//356 201//280 
f 720//996 811//1185 725//1004 
f 642//1292 697//1293 776//1093 
f 775//1092 642//1292 776//1093 
f 431//578 477//670 478//671 
f 478//1065 812//1194 764//1066 
f 754//1294 683//943 666//1193 
f 829//1295 754//1294 666//1193 
f 737//1296 457//612 456//611 
f 457//612 425//78 456//611 
f 229//351 228//350 213//292 
f 542//771 757//1049 830//1297 
f 596//915 492//1298 344//1299 
f 492//1298 343//1300 344//1299 
f 660//916 596//915 345//1301 
f 596//915 344//1299 345//1301 
f 764//1066 812//1194 629//1064 
f 764//1067 629//875 628//874 
f 353//530 681//1235 350//1162 
f 681//1235 824//1236 350//1162 
f 668//925 667//924 439//1302 
f 667//924 786//1303 439//1302 
f 724//1003 807//1173 562//794 
f 701//970 821//1223 702//971 
f 765//1068 766//1069 797//1222 
f 797//1141 621//863 798//1142 
f 483//712 768//1304 486//710 
f 483//696 691//955 768//1077 
f 781//1100 223//329 669//926 
f 669//1178 223//335 224//336 
f 696//1305 695//1125 490//1306 
f 695//1125 791//1126 490//1306 
f 324//451 327//454 325//452 
f 325//953 327//454 778//1095 
f 712//985 769//1307 541//986 
f 769//1307 614//853 541//986 
f 831//1308 332//472 686//1071 
f 690//1070 831//1308 686//1071 
f 617//1309 814//1203 815//1205 
f 617//858 792//1310 618//859 
f 696//1305 490//1306 595//1311 
f 500//1312 696//1305 595//1311 
f 571//804 334//483 335//486 
f 571//804 336//490 795//1135 
f 594//1313 787//1109 537//1111 
f 817//1208 537//766 763//1060 
f 630//876 489//1226 693//1314 
f 489//1226 740//1315 693//1314 
f 677//1078 769//1080 712//1316 
f 510//1317 677//1078 712//1316 
f 702//1318 464//642 463//640 
f 702//1129 463//636 699//1130 
f 556//1319 645//895 644//894 
f 495//1268 556//1319 644//894 
f 770//1320 670//1321 614//1322 
f 769//1323 770//1320 614//1322 
f 802//1324 558//790 560//792 
f 823//1231 804//1325 803//1232 
f 585//1239 531//1326 814//1240 
f 814//1238 531//1023 738//1025 
f 191//264 194//1327 626//1225 
f 194//1327 732//1328 626//1225 
f 508//1329 510//1317 511//1330 
f 801//1331 508//1329 511//1330 
f 482//693 691//955 483//696 
f 481//687 628//1332 482//689 
f 515//1123 96//89 790//1124 
f 515//1333 97//95 96//93 
f 109//1167 705//1165 497//1168 
f 497//725 705//1334 498//726 
f 783//1211 818//1213 832//1335 
f 574//807 832//1335 575//808 
f 801//1336 511//739 535//1337 
f 568//1338 801//1336 535//1337 
f 517//746 742//1339 499//1180 
f 742//1339 500//1340 499//1180 
f 315//1341 525//1342 597//1343 
f 601//1344 315//1341 597//1343 
f 742//1339 624//1147 500//1340 
f 624//1147 696//963 500//1340 
f 522//1345 524//1262 746//1127 
f 779//1097 522//1345 746//1127 
f 610//847 612//849 809//1175 
f 722//1001 789//1119 72//1121 
f 656//910 513//912 785//1105 
f 532//761 710//982 711//984 
f 533//1024 708//1140 796//1137 
f 638//885 708//979 794//1134 
f 532//761 711//984 533//762 
f 533//1024 711//1138 708//1140 
f 565//1346 801//1331 568//1347 
f 566//1348 565//1346 568//1347 
f 88//65 90//67 89//66 
f 638//885 794//1134 620//886 
f 598//1349 779//1350 623//1351 
f 599//1352 598//1349 623//1351 
f 516//1353 518//1354 678//1355 
f 634//1356 516//1353 678//1355 
f 109//1167 108//1163 705//1165 
f 76//50 108//139 109//140 
f 798//1144 820//1219 611//990 
f 611//848 820//1278 788//1115 
f 105//1087 825//1255 545//1088 
f 545//774 825//1248 802//1152 
f 559//1055 99//109 760//1056 
f 559//852 100//117 99//115 
f 709//980 94//77 92//981 
f 92//69 94//70 93//64 
f 613//851 100//117 559//852 
f 613//1171 101//125 100//123 
f 315//1341 317//1357 525//1342 
f 317//1357 526//1149 525//1342 
f 598//1349 527//1196 779//1350 
f 527//1196 522//871 779//1350 
f 761//1057 606//1250 762//1058 
f 606//1250 826//1252 762//1058 
f 813//1200 631//1215 819//1214 
f 112//1112 631//1114 813//1201 
f 798//1144 538//1217 820//1219 
f 621//863 538//865 798//1142 
f 566//1348 568//1347 567//1358 
f 805//1359 566//1348 567//1358 
f 634//1360 678//1246 680//1183 
f 362//573 634//1360 680//1183 
f 556//786 744//1032 645//1244 
f 744//1032 761//1057 645//1244 
f 682//942 646//941 446//1361 
f 646//941 780//1362 446//1361 
f 805//1363 567//1364 635//1365 
f 187//240 805//1363 635//1365 
f 827//1256 816//1207 676//1258 
f 816//1207 763//1060 676//1258 
f 563//1366 703//1367 604//1273 
f 652//1272 563//1366 604//1273 
f 119//178 610//991 118//176 
f 118//170 610//847 809//1175 
f 113//150 112//1112 813//1201 
f 67//35 112//143 113//144 
f 489//1368 488//1369 740//1370 
f 488//1369 739//1371 740//1370 
f 804//1154 833//1372 657//1155 
f 833//1373 98//101 514//1374 
f 188//246 805//1359 187//244 
f 136//243 188//246 187//244 
f 119//178 715//989 610//991 
f 117//185 715//1143 119//184 
f 261//535 354//538 353//536 
f 354//538 681//939 353//536 
f 650//1375 653//1376 759//1275 
f 653//1376 652//1272 759//1275 
f 519//748 591//1377 520//749 
f 591//1377 827//1256 520//749 
f 98//101 52//100 97//99 
f 514//1374 98//101 97//99 
f 430//585 664//1291 432//1378 
f 664//1291 434//922 432//1378 
f 523//870 685//946 569//1379 
f 685//946 570//948 569//1379 
f 739//1371 650//1380 553//1381 
f 650//1380 759//1382 553//1381 
f 758//1051 548//1383 539//1384 
f 622//864 539//1385 538//865 
f 488//1369 648//1386 739//1371 
f 648//1386 650//1380 739//1371 
f 530//1117 617//1309 616//1387 
f 729//1118 530//1117 616//1387 
f 84//61 86//63 85//62 
f 793//1133 619//860 86//862 
f 102//1170 101//125 613//1171 
f 91//68 101//131 102//133 
f 74//48 723//1002 68//41 
f 68//37 70//42 69//39 
f 85//62 104//135 105//136 
f 105//1087 104//1253 825//1255 
f 319//1388 687//949 526//1149 
f 317//1357 319//1388 526//1149 
f 186//231 637//883 241//372 
f 185//230 186//231 241//372 
f 570//1389 333//481 334//482 
f 570//803 334//483 571//804 
f 204//1390 592//1391 672//1392 
f 590//1393 204//1390 672//1392 
f 129//256 190//258 189//254 
f 190//258 627//873 189//254 
f 754//1192 493//1191 683//1394 
f 493//1191 495//1395 683//1394 
f 539//1384 548//1383 528//1396 
f 548//1383 834//1397 528//1396 
f 204//1390 206//1398 592//1391 
f 206//1398 593//1399 592//1391 
f 770//1320 578//1177 670//1321 
f 578//1177 810//1179 670//1321 
f 210//1400 828//1401 787//1402 
f 208//1403 210//1400 787//1402 
f 189//254 627//873 735//1015 
f 627//873 564//796 735//1015 
f 196//1404 198//1405 733//1186 
f 198//1405 200//1187 733//1186 
f 111//1406 110//1407 632//1166 
f 110//1407 109//1167 632//1166 
f 196//1404 733//1186 732//1408 
f 194//1409 196//1404 732//1408 
f 313//1410 315//1341 601//1344 
f 311//1411 313//1410 601//1344 
f 214//1412 217//303 218//1413 
f 212//1414 214//1412 218//1413 
f 466//654 402//653 465//652 
f 806//1172 466//654 465//652 
f 340//1415 338//507 339//509 
f 338//507 300//508 339//509 
f 75//49 77//52 76//50 
f 75//1120 609//844 77//846 
f 670//927 810//1179 225//337 
f 224//336 177//223 225//337 
f 506//1416 737//1417 454//1418 
f 737//1417 456//610 454//1418 
f 605//840 698//967 700//969 
f 605//1199 700//969 606//841 
f 385//701 485//704 484//702 
f 485//704 583//1419 484//702 
f 446//1361 780//1362 448//1420 
f 780//1362 450//1421 448//1420 
f 492//1298 639//1422 343//1300 
f 639//1422 777//1423 343//1300 
f 507//1424 506//1416 452//1425 
f 506//1416 454//1418 452//1425 
f 507//1424 452//1425 450//1421 
f 780//1362 507//1424 450//1421 
f 356//547 304//546 357//548 
f 304//546 748//1426 357//548 
f 826//1252 608//1251 736//1427 
f 608//1251 459//618 736//1427 
f 822//1230 803//1232 654//1428 
f 587//1429 822//1230 654//1428 
f 588//1430 655//1431 835//1432 
f 834//1397 588//1430 835//1432 
f 542//1433 229//1434 230//1435 
f 543//772 542//1433 230//1435 
f 615//1241 727//1006 726//1005 
f 536//765 615//1241 726//1005 
f 504//732 606//1250 761//1057 
f 744//1032 504//732 761//1057 
f 705//1334 707//1260 547//1436 
f 707//1260 704//975 547//1436 
f 831//1437 331//466 332//468 
f 331//466 277//467 332//468 
f 765//1068 819//1214 766//1069 
f 813//1200 819//1214 765//1068 
f 738//1204 796//1438 836//1439 
f 815//1205 738//1204 836//1439 
f 697//1440 338//507 340//1415 
f 776//1441 697//1440 340//1415 
f 608//843 460//622 459//620 
f 460//622 418//621 459//620 
f 470//663 724//1003 561//793 
f 471//664 470//663 561//793 
f 768//1442 692//1443 753//1271 
f 692//1443 579//1190 753//1271 
f 586//820 588//822 834//1444 
f 548//778 586//820 834//1444 
f 657//911 833//1373 514//1374 
f 657//911 514//1374 513//912 
f 551//781 550//780 517//788 
f 550//780 742//1029 517//788 
f 768//1304 753//1044 581//1076 
f 486//710 768//1304 581//1076 
f 708//1445 790//1446 709//1447 
f 790//1446 95//81 709//1447 
f 512//1448 755//1047 727//1006 
f 615//1241 512//1448 727//1006 
f 537//766 220//316 782//1101 
f 782//1212 220//319 221//321 
f 636//882 534//1449 719//995 
f 534//1449 536//765 719//995 
f 80//56 82//59 81//57 
f 80//845 618//1227 82//1229 
f 637//883 636//882 717//993 
f 636//882 719//995 717//993 
f 773//1450 659//1451 771//1452 
f 679//1453 773//1450 771//1452 
f 728//1007 756//1048 232//1454 
f 756//1048 231//1455 232//1454 
f 574//807 783//1211 832//1335 
f 537//766 783//1102 574//1061 
f 669//1178 224//336 810//1179 
f 810//1179 224//336 225//337 
f 811//1185 728//1007 233//1456 
f 728//1007 232//1454 233//1456 
f 501//1457 596//1458 659//1451 
f 773//1450 501//1457 659//1451 
f 114//154 813//1459 115//156 
f 8//155 114//154 115//156 
f 589//1189 591//1377 519//748 
f 734//1013 589//1189 519//748 
f 757//1460 226//345 227//347 
f 226//345 183//346 227//347 
f 661//1050 679//1453 662//918 
f 679//1453 771//1452 662//918 
f 107//1461 106//1086 706//1462 
f 108//1463 107//1461 706//1462 
f 547//1464 704//1465 587//1429 
f 704//1465 822//1230 587//1429 
f 472//906 471//664 651//903 
f 471//664 561//793 651//903 
f 360//561 799//1146 633//879 
f 799//1146 557//787 633//879 
f 482//689 628//1332 691//955 
f 628//1332 630//1466 691//955 
f 756//1048 543//772 231//1455 
f 543//772 230//1435 231//1455 
f 477//1467 476//1468 487//1469 
f 476//1468 475//1470 487//1469 
f 349//521 663//919 348//520 
f 663//919 347//519 348//520 
f 766//1069 622//1471 621//1472 
f 797//1222 766//1069 621//1472 
f 350//1162 824//1236 349//521 
f 824//1236 663//919 349//521 
f 474//667 473//666 649//905 
f 473//666 472//906 649//905 
f 490//1306 791//1126 491//1473 
f 791//1126 775//1474 491//1473 
f 689//1475 767//1270 625//1195 
f 526//755 689//1475 625//1195 
f 718//1476 721//1477 236//1478 
f 721//1477 235//1479 236//1478 
f 772//1083 346//518 347//519 
f 663//919 772//1083 347//519 
f 689//951 688//950 767//1480 
f 688//950 690//1481 767//1480 
f 508//1018 675//932 509//1482 
f 675//932 677//934 509//1482 
f 700//969 699//1483 607//842 
f 699//1483 461//628 607//842 
f 202//1484 204//1390 590//1393 
f 200//1485 202//1484 590//1393 
f 668//1277 439//589 436//586 
f 434//922 668//1277 436//586 
f 552//782 554//784 494//722 
f 580//959 552//782 494//722 
f 103//1486 102//1170 774//1169 
f 104//1487 103//1486 774//1169 
f 116//162 797//1222 117//166 
f 15//165 116//162 117//166 
f 361//567 634//880 362//570 
f 254//569 361//567 362//570 
f 791//1126 745//1033 775//1474 
f 745//1033 642//892 775//1474 
f 718//1476 236//1478 237//1488 
f 808//1489 718//1476 237//1488 
f 743//1490 602//1491 741//1492 
f 602//1491 599//1493 741//1492 
f 731//1010 734//1013 671//928 
f 734//1013 519//748 671//928 
f 319//1494 321//1495 687//949 
f 321//1495 323//952 687//949 
f 214//1496 216//299 217//301 
f 216//299 156//300 217//301 
f 731//1010 671//928 564//796 
f 627//873 731//1010 564//796 
f 240//367 808//1489 238//1497 
f 808//1489 237//1488 238//1497 
f 521//750 508//1018 800//1498 
f 565//797 521//750 800//1498 
f 772//1083 660//1499 346//518 
f 660//1499 345//517 346//518 
f 603//838 605//840 503//1500 
f 502//1053 603//838 503//1500 
f 747//1035 572//805 640//890 
f 572//805 795//1135 640//890 
f 673//930 594//1063 817//1208 
f 594//1063 537//1111 817//1208 
f 307//434 309//1501 749//1502 
f 309//1501 311//1411 749//1502 
f 359//557 694//1145 360//559 
f 247//558 359//557 360//559 
f 304//431 307//434 748//1503 
f 307//434 749//1502 748//1503 
f 788//1115 618//1504 609//844 
f 789//1119 788//1115 609//844 
f 703//1128 699//1130 698//1505 
f 604//1506 703//1128 698//1505 
f 746//1127 524//1262 747//1035 
f 524//1262 572//805 747//1035 
f 640//890 795//1135 641//891 
f 795//1135 337//493 641//891 
f 655//1431 785//1507 784//1508 
f 835//1432 655//1431 784//1508 
f 777//1509 341//1510 342//1511 
f 343//1512 777//1509 342//1511 
f 777//1509 776//1513 341//1510 
f 776//1513 340//512 341//1510 
f 750//1038 600//835 743//1514 
f 600//835 602//837 743//1514 
f 690//954 778//1096 831//1437 
f 778//1096 331//466 831//1437 
f 479//675 478//1065 480//677 
f 367//676 479//675 480//677 
f 240//367 238//1497 239//365 
f 149//364 240//367 239//365 
f 616//857 618//859 730//1009 
f 788//1115 730//1009 618//1504 
f 477//1515 487//1516 812//1517 
f 478//1518 477//1515 812//1517 
f 28//51 79//55 74//48 
f 79//55 722//1001 74//48 
f 758//1051 539//1384 622//1471 
f 766//1069 758//1051 622//1471 
f 469//662 468//661 806//1172 
f 468//661 466//656 806//1172 
f 786//1303 444//1519 441//1520 
f 439//1302 786//1303 441//1520 
f 469//662 806//1172 724//1003 
f 470//663 469//662 724//1003 
f 487//1469 475//1470 647//1521 
f 475//1470 752//1522 647//1521 
f 208//1403 787//1402 593//1399 
f 206//1398 208//1403 593//1399 
f 475//1470 474//1523 752//1522 
f 474//1523 649//905 752//1522 
f 210//1400 212//1414 828//1401 
f 212//1414 218//1413 828//1401 
f 682//1524 446//1525 444//1519 
f 786//1303 682//1524 444//1519 
f 467//658 400//657 466//656 
f 468//661 467//658 466//656 
f 807//1224 464//648 821//1526 
f 562//794 807//1224 821//1526 
f 826//1252 736//1181 658//1527 
f 762//1058 826//1252 658//1527 
f 383//705 486//708 485//706 
f 486//708 581//814 485//706 
f 811//1185 233//1456 234//1528 
f 725//1004 811//1185 234//1528 
f 799//1146 551//781 557//787 
f 551//781 517//788 557//787 
f 830//1529 757//1460 228//1530 
f 757//1460 227//347 228//1530 
f 563//795 562//794 701//1531 
f 562//794 821//1526 701//1531 
f 311//1411 601//1344 751//1532 
f 749//1502 311//1411 751//1532 
f 462//630 414//629 461//628 
f 699//1483 462//630 461//628 
f 676//1258 763//1060 573//806 
f 763//1060 574//807 573//806 
f 643//1059 762//1058 505//1533 
f 762//1058 658//1527 505//1533 
f 719//995 536//765 720//996 
f 536//765 726//1005 720//996 
f 654//908 803//1153 656//1233 
f 803//1153 657//1155 656//1233 
f 79//55 809//1175 722//1001 
f 809//1175 789//1119 722//1001 
f 834//1397 835//1432 584//1534 
f 528//1396 834//1397 584//1534 
f 725//1004 234//1528 235//1479 
f 721//1477 725//1004 235//1479 
f 327//454 329//456 330//461 
f 329//456 273//460 330//461 
f 818//1535 222//325 781//1536 
f 832//1537 818//1535 781//1536 
f 221//323 169//324 222//325 
f 818//1535 221//323 222//325 
f 832//1537 781//1536 577//1538 
f 575//1281 832//1537 577//1538 
f 705//1334 547//1436 498//726 
f 496//724 498//726 547//777 
f 571//804 335//488 336//490 
f 335//488 290//489 336//490 
f 785//1507 710//1539 532//1540 
f 784//1508 785//1507 532//1540 
f 512//1448 713//1541 755//1047 
f 713//1541 541//770 755//1047 
f 673//1542 817//1208 816//1207 
f 674//1543 673//1542 816//1207 
f 494//722 554//784 555//785 
f 554//784 744//1032 555//785 
f 68//41 723//1002 70//1544 
f 723//1002 72//1121 70//1544 
f 823//1231 560//1054 804//1325 
f 560//1054 760//1056 804//1325 
f 714//988 575//1281 576//1545 
f 575//1281 577//1538 576//1545 
f 793//1546 86//1547 84//1228 
f 618//1227 793//1546 84//1228 
f 785//1507 513//742 710//1539 
f 513//742 515//744 710//1539 
f 809//1175 612//849 789//1119 
f 612//849 788//1115 789//1119 
f 760//1548 98//105 833//1372 
f 804//1154 760//1548 833//1372 
f 546//974 823//1549 822//1550 
f 704//975 546//974 822//1550 
f 86//862 620//861 88//1551 
f 620//861 90//1552 88//1551 
f 546//974 802//1324 823//1549 
f 802//1324 560//792 823//1549 
f 591//1377 674//1543 827//1256 
f 674//1543 816//1207 827//1256 
f 443//595 664//1553 438//591 
f 389//84 443//595 438//591 
f 737//1017 458//614 457//613 
f 458//614 423//82 457//613 
f 815//1554 836//1555 792//1310 
f 617//858 815//1554 792//1310 
f 584//817 835//1556 585//818 
f 835//1556 784//1103 585//818 
f 620//861 794//1557 90//1552 
f 794//1557 92//1558 90//1552 
f 542//1433 830//1529 229//1434 
f 830//1529 228//1530 229//1434 
f 583//816 582//815 829//1295 
f 582//815 754//1294 829//1295 
f 836//1555 638//885 619//884 
f 792//1310 836//1555 619//884 
f 836//1439 796//1438 638//1559 
f 796//1438 708//1560 638//1559 
f 694//961 750//1561 549//779 
f 750//1561 743//1490 549//779 
f 241//372 637//883 716//992 
f 637//883 717//993 716//992 
# 0 polygons - 1656 triangles

#
# object Sphere__21_
#

v  8.5535 121.9186 -4.9363
v  15.9100 119.6855 -5.2712
v  15.7489 118.9231 2.5197
v  9.9043 127.0487 -18.2849
v  1.5984 124.9086 2.5197
v  23.7008 117.9948 2.5197
v  15.9100 119.6855 10.3105
v  23.7008 118.9231 -5.4323
v  -0.6692 133.0710 -16.4297
v  -2.4400 131.3002 -10.9032
v  0.9934 134.7336 -20.1877
v  4.7514 133.0710 -21.8503
v  -3.6725 130.0676 -4.4276
v  10.2779 131.3001 -23.6211
v  -4.1099 129.6302 2.5197
v  16.7535 130.0676 -24.8536
v  1.9663 125.4437 9.6367
v  -3.6725 130.0677 9.4669
v  23.7008 129.6302 -25.2911
v  30.8179 125.4437 -19.2148
v  -2.4400 131.3002 15.9425
v  30.6481 130.0676 -24.8536
v  9.9043 127.0487 23.3242
v  -0.6692 133.0710 21.4690
v  37.1237 131.3001 -23.6211
v  31.1567 121.9186 -12.6276
v  31.6528 118.9231 2.5197
v  39.1326 121.2645 2.5197
v  45.8032 124.9086 2.5197
v  44.5054 127.0487 -11.2769
v  51.5115 129.6302 2.5197
v  51.0741 130.0676 -4.4276
v  49.8416 131.3002 -10.9032
v  48.0707 133.0710 -16.4297
v  42.6502 133.0710 -21.8503
v  46.4081 134.7336 -20.1877
v  23.7008 118.9231 10.4716
v  31.4916 119.6855 10.3105
v  38.2125 123.8897 17.0314
v  23.7008 124.9086 24.6220
v  30.6481 130.0677 29.8930
v  23.7008 129.6302 30.3304
v  16.7535 130.0677 29.8930
v  10.2779 131.3002 28.6605
v  4.7514 133.0710 26.8896
v  0.9934 134.7336 25.2270
v  37.1237 131.3002 28.6605
v  42.6502 133.0710 26.8896
v  46.4081 134.7336 25.2270
v  48.0707 133.0710 21.4690
v  49.8416 131.3002 15.9425
v  51.0741 130.0677 9.4669
v  15.8835 195.2461 -5.2976
v  23.7008 196.8871 2.5196
v  23.7008 196.0081 -5.4592
v  9.1399 191.0318 -12.0412
v  15.7219 196.0081 2.5196
v  4.6952 181.8257 -21.9331
v  10.2328 183.5993 -23.7099
v  0.9139 180.1541 -20.2673
v  -0.7520 181.8257 -16.4860
v  23.7008 193.6606 -12.9650
v  16.7303 184.8345 -24.9449
v  -2.5288 183.5993 -10.9483
v  30.8420 189.4775 -19.2921
v  23.7008 185.2732 -25.3839
v  -3.7638 184.8345 -4.4508
v  30.6713 184.8345 -24.9449
v  -4.2028 185.2732 2.5196
v  1.8891 189.4775 9.6609
v  37.5430 187.8648 -18.3587
v  37.1687 183.5993 -23.7099
v  -3.7638 184.8345 9.4901
v  -2.5288 183.5993 15.9876
v  -0.7520 181.8257 21.5253
v  9.8586 187.8648 23.3980
v  4.6952 181.8257 26.9724
v  0.9139 180.1541 25.3066
v  10.2328 183.5993 28.7492
v  16.7303 184.8345 29.9842
v  23.7008 190.0126 24.7002
v  23.7008 185.2732 30.4232
v  30.6713 184.8345 29.9842
v  37.1687 183.5993 28.7492
v  8.5033 193.0065 10.0003
v  23.7008 196.0081 10.4985
v  42.7064 181.8257 26.9724
v  38.2617 191.0318 17.0805
v  46.4877 180.1541 25.3066
v  48.1536 181.8257 21.5253
v  31.5180 195.2461 10.3369
v  49.9304 183.5993 15.9876
v  51.1654 184.8345 9.4901
v  31.6796 196.0081 2.5196
v  39.1854 193.6606 2.5196
v  45.8814 190.0125 2.5196
v  51.6043 185.2732 2.5196
v  48.1536 181.8257 -16.4860
v  46.4877 180.1541 -20.2673
v  42.7064 181.8257 -21.9331
v  49.9304 183.5993 -10.9483
v  51.1654 184.8345 -4.4508
v  -0.6692 138.4916 26.8896
v  -6.6915 143.6443 23.3242
v  -2.4400 144.0181 28.6605
v  -8.2965 135.7065 9.6367
v  -3.6725 150.4937 29.8930
v  -4.1918 157.4409 30.4122
v  -12.4757 142.0092 2.5197
v  -3.7638 164.3446 29.9842
v  -8.4059 164.5158 24.3314
v  -2.5288 170.8442 28.7492
v  -9.8504 142.9293 -11.9920
v  -0.7520 176.3888 26.9724
v  -9.9471 171.9368 17.0805
v  -0.6692 138.4916 -21.8503
v  -2.4400 144.0181 -23.6211
v  -3.6725 150.4937 -24.8536
v  -6.7918 171.2197 -18.3587
v  -4.2028 157.3712 -25.3839
v  -3.7638 164.3446 -24.9449
v  -8.4059 179.1799 9.6609
v  -8.4059 179.1799 -4.6216
v  -2.5288 170.8442 -23.7099
v  -0.7520 176.3888 -21.9331
v  48.0707 138.4916 26.8896
v  44.5054 143.6444 32.9119
v  49.8416 144.0181 28.6605
v  31.1567 142.2937 38.0420
v  51.0741 150.4937 29.8930
v  51.5934 157.4409 30.4122
v  16.5838 135.7065 34.5169
v  51.1654 164.3446 29.9842
v  45.5125 164.5158 34.6263
v  49.9304 170.8442 28.7492
v  9.1891 142.9293 36.0709
v  48.1536 176.3888 26.9724
v  38.2617 171.9369 36.1675
v  1.9663 150.3239 34.5169
v  1.8891 164.5158 34.6263
v  30.8421 179.1799 34.6263
v  16.5595 179.1799 34.6263
v  56.2331 135.3386 2.5197
v  57.2520 142.9293 17.0313
v  59.8773 142.0092 2.5197
v  62.2186 149.4890 2.5197
v  62.3889 157.4409 10.2152
v  63.1470 157.4409 2.5197
v  55.6980 150.3239 24.2542
v  62.3311 165.3536 2.5197
v  59.9789 172.8612 2.5197
v  59.3248 172.5758 10.0003
v  55.8074 164.5158 24.3314
v  56.3423 179.5483 2.5197
v  54.1934 178.2486 16.3618
v  48.0707 138.4916 -21.8503
v  54.0930 143.6444 -18.2849
v  49.8416 144.0181 -23.6211
v  55.6980 135.7065 -4.5974
v  51.0741 150.4937 -24.8536
v  56.3423 157.3712 -19.6609
v  51.6043 157.3712 -25.3839
v  51.1654 164.3446 -24.9449
v  62.3311 157.3712 -5.4592
v  49.9304 170.8442 -23.7099
v  48.1536 176.3888 -21.9331
v  54.1934 178.2486 -11.3225
v  2.8962 143.6443 -27.8726
v  16.5837 135.7065 -29.4776
v  1.5202 157.3712 -30.1219
v  23.7008 142.0092 -33.6568
v  38.2125 142.9292 -31.0316
v  9.1399 171.9368 -31.1282
v  44.5791 171.2198 -27.9729
v  16.5595 179.1799 -29.5870
v  30.8420 179.1799 -29.5870
v  13.8291 86.1312 28.1346
v  21.1856 83.8981 27.7997
v  21.0244 83.1357 35.5905
v  15.1798 91.2613 14.7859
v  6.8740 89.1212 35.5905
v  28.9764 82.2074 35.5905
v  21.1856 83.8981 43.3813
v  28.9764 83.1357 27.6386
v  4.6064 97.2836 16.6411
v  2.8356 95.5127 22.1677
v  6.2690 98.9462 12.8832
v  10.0270 97.2836 11.2206
v  1.6031 94.2802 28.6432
v  15.5535 95.5127 9.4497
v  1.1657 93.8428 35.5905
v  22.0291 94.2802 8.2172
v  7.2419 89.6563 42.7076
v  1.6031 94.2802 42.5378
v  28.9764 93.8428 7.7798
v  36.4323 86.1312 20.4432
v  2.8356 95.5127 49.0134
v  35.9237 94.2802 8.2172
v  15.1798 91.2613 56.3951
v  4.6064 97.2836 54.5399
v  42.3993 95.5127 9.4497
v  42.7729 91.2613 14.7859
v  44.1237 86.1312 28.1346
v  36.9284 83.1357 35.5905
v  44.4082 85.4771 35.5905
v  51.0788 89.1212 35.5905
v  56.7871 93.8428 35.5905
v  56.3497 94.2802 28.6432
v  55.1172 95.5127 22.1677
v  53.3463 97.2836 16.6411
v  47.9258 97.2836 11.2206
v  51.6837 98.9462 12.8832
v  28.9764 83.1357 43.5425
v  36.7672 83.8981 43.3813
v  43.4881 88.1023 50.1022
v  28.9764 89.1212 57.6929
v  35.9237 94.2802 62.9638
v  28.9764 93.8428 63.4013
v  22.0291 94.2802 62.9638
v  15.5535 95.5128 61.7313
v  10.0270 97.2836 59.9605
v  6.2690 98.9462 58.2979
v  42.3993 95.5128 61.7313
v  47.9258 97.2836 59.9605
v  51.6837 98.9462 58.2979
v  53.3463 97.2836 54.5399
v  55.1172 95.5127 49.0134
v  56.3497 94.2802 42.5378
v  21.1591 159.4587 27.7733
v  28.9764 161.0997 35.5905
v  28.9764 160.2207 27.6117
v  14.4155 155.2444 21.0296
v  20.9975 160.2207 35.5905
v  9.9707 146.0383 11.1377
v  15.5084 147.8119 9.3609
v  6.1895 144.3667 12.8036
v  4.5236 146.0383 16.5849
v  36.1176 153.6901 13.7788
v  22.0059 149.0471 8.1259
v  2.7468 147.8119 22.1226
v  28.9764 149.4858 7.6870
v  1.5118 149.0471 28.6200
v  35.9469 149.0471 8.1259
v  1.0728 149.4858 35.5905
v  7.1646 153.6901 42.7318
v  42.4443 147.8119 9.3609
v  1.5118 149.0471 42.5610
v  2.7468 147.8119 49.0585
v  4.5236 146.0383 54.5962
v  15.1342 152.0774 56.4689
v  9.9707 146.0383 60.0433
v  6.1895 144.3667 58.3774
v  15.5084 147.8119 61.8201
v  22.0059 149.0471 63.0551
v  28.9764 154.2251 57.7711
v  28.9764 149.4858 63.4941
v  35.9469 149.0471 63.0551
v  42.4443 147.8119 61.8201
v  13.7789 157.2191 43.0712
v  28.9764 160.2207 43.5694
v  47.9820 146.0383 60.0433
v  43.5373 155.2444 50.1514
v  51.7633 144.3667 58.3774
v  53.4292 146.0383 54.5962
v  36.7936 159.4587 43.4078
v  55.2060 147.8119 49.0585
v  56.4410 149.0471 42.5610
v  36.9552 160.2207 35.5905
v  44.4610 157.8732 35.5905
v  51.1570 154.2251 35.5905
v  56.8799 149.4858 35.5905
v  53.4292 146.0383 16.5849
v  51.7633 144.3667 12.8036
v  47.9820 146.0383 11.1377
v  49.8547 152.0774 21.7483
v  55.2060 147.8119 22.1226
v  56.4410 149.0471 28.6200
v  36.4570 157.2191 20.3931
v  4.6064 102.7042 59.9605
v  -1.4159 107.8569 56.3951
v  2.8356 108.2307 61.7313
v  -3.0209 99.9190 42.7076
v  1.6031 114.7063 62.9638
v  1.0838 121.6535 63.4831
v  -7.2001 106.2218 35.5905
v  1.5118 128.5572 63.0551
v  -3.1303 128.7284 57.4023
v  2.7468 135.0568 61.8201
v  -4.5748 107.1418 21.0788
v  4.5236 140.6014 60.0433
v  -4.6715 136.1494 50.1514
v  4.6064 102.7041 11.2206
v  2.8356 108.2307 9.4497
v  1.6031 114.7063 8.2172
v  -1.5162 135.4323 14.7122
v  1.0728 121.5838 7.6870
v  1.5118 128.5571 8.1259
v  -3.1303 143.3925 42.7318
v  -3.1303 143.3925 28.4493
v  2.7468 135.0568 9.3609
v  4.5236 140.6014 11.1377
v  53.3463 102.7042 59.9605
v  42.7729 100.8490 65.9828
v  55.1172 108.2307 61.7313
v  56.3497 114.7063 62.9638
v  28.9764 99.5512 68.1228
v  56.8690 121.6535 63.4831
v  56.4410 128.5572 63.0551
v  50.7881 128.7284 67.6972
v  55.2060 135.0568 61.8201
v  14.4647 107.1419 69.1417
v  53.4292 140.6014 60.0433
v  43.5373 136.1494 69.2384
v  7.2419 114.5365 67.5878
v  7.1646 128.7284 67.6972
v  36.1177 143.3925 67.6972
v  21.8351 143.3925 67.6972
v  61.5087 99.5512 35.5905
v  62.5276 107.1418 50.1022
v  65.1528 106.2218 35.5905
v  67.4942 113.7016 35.5905
v  67.6645 121.6535 43.2861
v  68.4226 121.6535 35.5905
v  60.9736 114.5365 57.3250
v  67.6067 129.5662 35.5905
v  65.2545 137.0738 35.5905
v  64.6004 136.7884 43.0712
v  61.0830 128.7284 57.4023
v  61.6179 143.7609 35.5905
v  59.4690 142.4612 49.4327
v  53.3463 102.7041 11.2206
v  59.3686 107.8570 14.7859
v  55.1172 108.2307 9.4497
v  60.9736 99.9190 28.4735
v  56.3497 114.7063 8.2172
v  61.6179 121.5838 13.4099
v  56.8799 121.5838 7.6870
v  56.4410 128.5571 8.1259
v  67.6067 121.5838 27.6117
v  55.2060 135.0568 9.3609
v  53.4292 140.6014 11.1377
v  59.4690 142.4612 21.7483
v  8.1718 107.8569 5.1983
v  21.8593 99.9190 3.5933
v  6.7958 121.5838 2.9490
v  28.9764 106.2218 -0.5859
v  43.4881 107.1418 2.0393
v  14.4155 136.1494 1.9426
v  49.8547 135.4323 5.0979
v  21.8351 143.3925 3.4839
v  36.1176 143.3925 3.4839
v  35.6401 86.1312 -7.4559
v  42.9966 83.8981 -7.7908
v  42.8355 83.1357 -0.0000
v  36.9909 91.2613 -20.8046
v  28.6850 89.1212 -0.0000
v  50.7874 82.2074 -0.0000
v  42.9966 83.8981 7.7908
v  50.7874 83.1357 -7.9519
v  26.4174 97.2836 -18.9494
v  24.6466 95.5127 -13.4229
v  28.0800 98.9462 -22.7074
v  31.8380 97.2836 -24.3700
v  23.4141 94.2802 -6.9473
v  37.3645 95.5127 -26.1408
v  22.9767 93.8428 -0.0000
v  43.8401 94.2802 -27.3733
v  29.0529 89.6563 7.1171
v  23.4141 94.2802 6.9473
v  50.7874 93.8428 -27.8107
v  57.9045 89.6563 -21.7345
v  24.6466 95.5127 13.4229
v  57.7347 94.2802 -27.3733
v  36.9909 91.2613 20.8046
v  26.4174 97.2836 18.9494
v  64.2103 95.5127 -26.1408
v  58.2433 86.1312 -15.1473
v  58.7394 83.1357 -0.0000
v  66.2192 85.4771 -0.0000
v  72.8898 89.1212 -0.0000
v  71.5920 91.2613 -13.7965
v  78.5981 93.8428 -0.0000
v  78.1607 94.2802 -6.9473
v  76.9282 95.5127 -13.4229
v  75.1574 97.2836 -18.9494
v  69.7368 97.2836 -24.3700
v  73.4948 98.9462 -22.7074
v  50.7874 83.1357 7.9519
v  58.5782 83.8981 7.7908
v  65.2991 88.1023 14.5117
v  50.7874 89.1212 22.1024
v  57.7347 94.2802 27.3733
v  50.7874 93.8428 27.8107
v  43.8401 94.2802 27.3733
v  37.3645 95.5127 26.1408
v  31.8380 97.2836 24.3699
v  28.0800 98.9462 22.7073
v  64.2103 95.5127 26.1408
v  69.7368 97.2836 24.3699
v  73.4948 98.9462 22.7073
v  75.1574 97.2836 18.9494
v  76.9282 95.5127 13.4229
v  78.1607 94.2802 6.9473
v  42.9701 159.4587 -7.8173
v  50.7874 161.0997 -0.0000
v  50.7874 160.2206 -7.9789
v  36.2265 155.2444 -14.5609
v  42.8085 160.2206 -0.0000
v  31.7818 146.0383 -24.4528
v  37.3195 147.8119 -26.2296
v  28.0005 144.3667 -22.7869
v  26.3346 146.0383 -19.0057
v  57.9286 153.6901 -21.8118
v  43.8169 149.0471 -27.4646
v  24.5578 147.8119 -13.4680
v  50.7874 149.4858 -27.9036
v  23.3228 149.0471 -6.9705
v  57.7579 149.0471 -27.4646
v  22.8838 149.4858 -0.0000
v  28.9757 153.6901 7.1413
v  64.2553 147.8119 -26.2296
v  23.3228 149.0471 6.9705
v  24.5578 147.8119 13.4679
v  26.3346 146.0383 19.0056
v  36.9452 152.0774 20.8783
v  31.7818 146.0383 24.4528
v  28.0005 144.3667 22.7869
v  37.3195 147.8119 26.2296
v  43.8169 149.0471 27.4646
v  50.7874 154.2251 22.1805
v  50.7874 149.4858 27.9035
v  57.7579 149.0471 27.4646
v  64.2553 147.8119 26.2296
v  35.5899 157.2191 7.4806
v  50.7874 160.2207 7.9788
v  69.7930 146.0383 24.4528
v  65.3483 155.2444 14.5609
v  73.5743 144.3667 22.7869
v  75.2402 146.0383 19.0056
v  58.6046 159.4587 7.8172
v  77.0170 147.8119 13.4679
v  78.2520 149.0471 6.9705
v  58.7663 160.2206 -0.0000
v  66.2720 157.8731 -0.0000
v  72.9680 154.2251 -0.0000
v  78.6909 149.4858 -0.0000
v  75.2402 146.0383 -19.0057
v  73.5743 144.3667 -22.7869
v  69.7930 146.0383 -24.4528
v  71.6657 152.0774 -13.8422
v  77.0170 147.8119 -13.4680
v  78.2520 149.0471 -6.9705
v  58.2681 157.2190 -15.1975
v  26.4174 102.7041 24.3699
v  20.3952 107.8569 20.8046
v  24.6466 108.2307 26.1408
v  18.7901 99.9190 7.1170
v  23.4141 114.7063 27.3733
v  22.8948 121.6535 27.8926
v  14.6109 106.2218 -0.0000
v  23.3228 128.5572 27.4646
v  18.6807 128.7284 21.8117
v  24.5578 135.0568 26.2296
v  17.2362 107.1418 -14.5117
v  26.3346 140.6014 24.4528
v  17.1395 136.1494 14.5609
v  26.4174 102.7041 -24.3700
v  24.6466 108.2307 -26.1408
v  23.4141 114.7062 -27.3733
v  20.2948 135.4323 -20.8784
v  22.8838 121.5838 -27.9036
v  23.3228 128.5571 -27.4646
v  18.6807 143.3925 7.1413
v  18.6807 143.3925 -7.1413
v  24.5578 135.0568 -26.2296
v  26.3346 140.6014 -24.4528
v  75.1574 102.7041 24.3699
v  64.5839 100.8490 30.3922
v  76.9282 108.2307 26.1408
v  78.1607 114.7063 27.3733
v  50.7874 99.5512 32.5323
v  78.6800 121.6535 27.8926
v  78.2520 128.5572 27.4646
v  72.5991 128.7284 32.1066
v  77.0170 135.0568 26.2296
v  36.2757 107.1418 33.5512
v  75.2402 140.6014 24.4528
v  65.3483 136.1494 33.6479
v  29.0529 114.5365 31.9972
v  28.9757 128.7284 32.1066
v  57.9287 143.3925 32.1066
v  43.6461 143.3925 32.1066
v  83.3197 99.5511 -0.0000
v  84.3386 107.1418 14.5117
v  86.9639 106.2218 -0.0000
v  89.3052 113.7016 -0.0000
v  89.4755 121.6535 7.6955
v  90.2336 121.6535 -0.0000
v  82.7846 114.5365 21.7345
v  89.4177 129.5662 -0.0000
v  87.0656 137.0738 -0.0000
v  86.4115 136.7884 7.4806
v  82.8941 128.7284 21.8117
v  83.4289 143.7609 -0.0000
v  81.2800 142.4612 13.8421
v  75.1574 102.7041 -24.3700
v  81.1796 107.8570 -20.8046
v  76.9282 108.2307 -26.1408
v  78.1607 114.7062 -27.3733
v  83.4289 121.5838 -22.1806
v  78.6909 121.5838 -27.9036
v  86.3098 114.1976 -15.1473
v  78.2520 128.5571 -27.4646
v  77.0170 135.0568 -26.2296
v  86.4115 129.0680 -15.1975
v  75.2402 140.6014 -24.4528
v  81.2800 142.4612 -13.8422
v  29.9828 107.8569 -30.3923
v  43.6703 99.9190 -31.9973
v  28.6068 121.5838 -32.6415
v  50.7874 106.2217 -36.1765
v  65.2991 107.1418 -33.5512
v  36.2265 136.1494 -33.6479
v  71.6657 135.4323 -30.4926
v  43.6462 143.3925 -32.1067
v  57.9286 143.3925 -32.1067
v  -8.0360 119.5080 31.1925
v  -2.2594 117.7545 30.9296
v  -2.3859 117.1558 37.0472
v  -6.9753 123.5364 20.7106
v  -13.4974 121.8559 37.0472
v  3.8583 116.4268 37.0472
v  -2.2594 117.7545 43.1649
v  3.8583 117.1558 30.8030
v  -15.2780 128.2653 22.1674
v  -16.6685 126.8748 26.5070
v  -13.9725 129.5708 19.2165
v  -11.0215 128.2653 17.9109
v  -17.6363 125.9070 31.5919
v  -6.6819 126.8748 16.5204
v  -17.9798 125.5635 37.0472
v  -1.5970 125.9070 15.5526
v  -17.6363 125.9070 42.5025
v  3.8583 125.5635 15.2091
v  9.7130 119.5080 25.1530
v  -16.6685 126.8748 47.5874
v  9.3136 125.9070 15.5526
v  -6.9753 123.5364 53.3838
v  -15.2780 128.2653 51.9270
v  14.3984 126.8748 16.5204
v  10.1025 117.1558 37.0472
v  15.9759 118.9944 37.0472
v  21.2139 121.8559 37.0472
v  20.1949 123.5364 26.2136
v  25.6964 125.5635 37.0472
v  25.3529 125.9070 31.5919
v  24.3851 126.8748 26.5070
v  22.9945 128.2653 22.1674
v  18.7381 128.2653 17.9109
v  21.6890 129.5708 19.2165
v  3.8583 117.1558 43.2914
v  9.9759 117.7545 43.1649
v  15.2534 121.0558 48.4424
v  3.8583 121.8559 54.4029
v  9.3136 125.9070 58.5418
v  3.8583 125.5635 58.8853
v  -1.5970 125.9070 58.5418
v  -6.6819 126.8748 57.5740
v  -11.0215 128.2653 56.1835
v  -13.9725 129.5708 54.8779
v  14.3984 126.8748 57.5740
v  18.7381 128.2653 56.1835
v  21.6890 129.5708 54.8779
v  22.9945 128.2653 51.9270
v  24.3851 126.8748 47.5874
v  25.3529 125.9070 42.5025
v  -2.2801 177.0877 30.9088
v  3.8583 178.3763 37.0472
v  3.8583 177.6860 30.7819
v  -7.5755 173.7785 25.6134
v  -2.4071 177.6860 37.0472
v  -11.0657 166.5495 17.8459
v  -6.7173 167.9421 16.4507
v  -14.0349 165.2368 19.1540
v  -15.3430 166.5495 22.1232
v  3.8583 175.8427 24.8880
v  -1.6152 168.9121 15.4809
v  -16.7383 167.9421 26.4716
v  9.4659 172.5580 19.9198
v  3.8583 169.2566 15.1362
v  -17.7080 168.9121 31.5737
v  9.3318 168.9121 15.4809
v  -18.0527 169.2566 37.0472
v  -13.2692 172.5580 42.6548
v  14.7277 171.2916 20.6527
v  14.4338 167.9421 16.4507
v  -17.7080 168.9121 42.5207
v  -16.7383 167.9421 47.6228
v  -15.3430 166.5495 51.9712
v  -11.0657 166.5495 56.2485
v  -14.0349 165.2368 54.9404
v  -6.7173 167.9421 57.6437
v  -1.6152 168.9121 58.6135
v  3.8583 172.9781 54.4643
v  3.8583 169.2566 58.9582
v  9.3318 168.9121 58.6135
v  14.4338 167.9421 57.6437
v  -8.0754 175.3290 42.9213
v  3.8583 177.6860 43.3125
v  18.7822 166.5495 56.2485
v  15.2921 173.7785 48.4810
v  21.7515 165.2368 54.9404
v  23.0596 166.5495 51.9712
v  9.9967 177.0877 43.1856
v  24.4548 167.9421 47.6228
v  25.4246 168.9121 42.5207
v  10.1236 177.6860 37.0472
v  16.0174 175.8427 37.0472
v  21.2753 172.9781 37.0472
v  25.7693 169.2566 37.0472
v  23.0596 166.5495 22.1232
v  21.7515 165.2368 19.1540
v  18.7822 166.5495 17.8459
v  24.4548 167.9421 26.4716
v  25.4246 168.9121 31.5737
v  -15.2780 132.5218 56.1835
v  -20.0069 136.5679 53.3838
v  -16.6685 136.8614 57.5740
v  -21.2673 130.3348 42.6358
v  -17.6363 141.9463 58.5418
v  -18.0441 147.4016 58.9496
v  -17.7080 152.8226 58.6135
v  -21.3532 152.9570 54.1747
v  -16.7383 157.9263 57.6437
v  -22.4875 136.0064 25.6521
v  -15.3430 162.2802 56.2485
v  -22.5634 158.7843 48.4810
v  -15.2780 132.5218 17.9109
v  -16.6685 136.8614 16.5204
v  -17.6363 141.9463 15.5526
v  -20.0857 158.2212 20.6527
v  -18.0527 147.3468 15.1362
v  -17.7080 152.8226 15.4809
v  -21.3532 164.4719 42.6548
v  -21.3532 164.4719 31.4396
v  -16.7383 157.9263 16.4507
v  -15.3430 162.2802 17.8459
v  22.9945 132.5218 56.1835
v  20.1949 136.5680 60.9124
v  24.3851 136.8614 57.5740
v  9.7130 135.5073 64.9408
v  25.3529 141.9463 58.5418
v  25.7606 147.4016 58.9496
v  -1.7303 130.3348 62.1727
v  25.4246 152.8226 58.6135
v  20.9857 152.9570 62.2586
v  24.4548 157.9263 57.6437
v  23.0596 162.2802 56.2485
v  15.2921 158.7843 63.4689
v  -13.2085 141.8130 62.1727
v  -13.2692 152.9570 62.2586
v  9.4659 164.4719 62.2586
v  -1.7494 164.4719 62.2586
v  29.4039 130.0459 37.0472
v  30.2040 136.0064 48.4424
v  32.2655 135.2839 37.0472
v  34.1040 141.1574 37.0472
v  34.8330 147.4016 37.0472
v  28.9838 141.8130 54.1140
v  34.1923 153.6149 37.0472
v  32.3453 159.5101 37.0472
v  31.8317 159.2861 42.9213
v  29.0697 152.9570 54.1747
v  29.4897 164.7612 37.0472
v  22.9945 132.5218 17.9109
v  28.9838 130.3348 31.4586
v  24.3851 136.8614 16.5204
v  25.3529 141.9463 15.5526
v  29.4897 147.3468 19.6301
v  25.7693 147.3468 15.1362
v  25.4246 152.8226 15.4809
v  34.1923 147.3468 30.7819
v  24.4548 157.9263 16.4507
v  23.0596 162.2802 17.8459
v  27.8023 163.7406 26.1778
v  -12.4783 136.5679 13.1820
v  -1.7303 130.3348 11.9217
v  -8.3009 147.3468 8.5602
v  15.2534 136.0064 10.7015
v  -7.5755 158.7843 10.6255
v  20.2528 158.2213 13.1032
v  -1.7493 164.4718 11.8358
v  9.4659 164.4718 11.8358
v  -27.3520 86.1312 2.9378
v  -19.9955 83.8981 2.6029
v  -20.1567 83.1357 10.3937
v  -26.0013 91.2613 -10.4109
v  -34.3071 89.1212 10.3937
v  -12.2047 82.2074 10.3937
v  -19.9955 83.8981 18.1845
v  -12.2047 83.1357 2.4418
v  -36.5747 97.2836 -8.5557
v  -38.3455 95.5127 -3.0292
v  -34.9121 98.9462 -12.3137
v  -31.1541 97.2836 -13.9763
v  -39.5780 94.2802 3.4464
v  -25.6276 95.5127 -15.7471
v  -40.0154 93.8428 10.3937
v  -19.1520 94.2802 -16.9796
v  -33.9392 89.6563 17.5108
v  -39.5780 94.2802 17.3410
v  -12.2047 93.8428 -17.4170
v  -5.0877 89.6563 -11.3408
v  -38.3455 95.5127 23.8166
v  -5.2574 94.2802 -16.9796
v  -26.0013 91.2613 31.1983
v  -36.5747 97.2836 29.3431
v  1.2181 95.5127 -15.7471
v  -4.7488 86.1312 -4.7536
v  -4.2527 83.1357 10.3937
v  3.2271 85.4771 10.3937
v  9.8977 89.1212 10.3937
v  8.5999 91.2613 -3.4028
v  15.6060 93.8428 10.3937
v  15.1686 94.2802 3.4464
v  13.9361 95.5127 -3.0292
v  12.1652 97.2836 -8.5557
v  6.7447 97.2836 -13.9763
v  10.5026 98.9462 -12.3137
v  -12.2047 83.1357 18.3456
v  -4.4139 83.8981 18.1845
v  2.3070 88.1023 24.9054
v  -12.2047 89.1212 32.4961
v  -5.2574 94.2802 37.7670
v  -12.2047 93.8428 38.2044
v  -19.1520 94.2802 37.7670
v  -25.6276 95.5127 36.5345
v  -31.1541 97.2836 34.7636
v  -34.9121 98.9462 33.1010
v  1.2181 95.5127 36.5345
v  6.7447 97.2836 34.7636
v  10.5026 98.9462 33.1010
v  12.1652 97.2836 29.3431
v  13.9361 95.5127 23.8166
v  15.1686 94.2802 17.3410
v  -20.0220 159.4587 2.5764
v  -12.2047 161.0997 10.3937
v  -12.2047 160.2206 2.4148
v  -26.7656 155.2444 -4.1672
v  -20.1836 160.2207 10.3937
v  -31.2104 146.0383 -14.0591
v  -25.6727 147.8119 -15.8359
v  -34.9916 144.3667 -12.3932
v  -36.6575 146.0383 -8.6120
v  -5.0635 153.6901 -11.4181
v  -19.1752 149.0471 -17.0709
v  -38.4343 147.8119 -3.0743
v  -12.2047 149.4858 -17.5099
v  -39.6693 149.0471 3.4232
v  -5.2342 149.0471 -17.0709
v  -40.1083 149.4858 10.3937
v  -34.0165 153.6901 17.5350
v  1.2632 147.8119 -15.8359
v  -39.6693 149.0471 17.3642
v  -38.4343 147.8119 23.8616
v  -36.6575 146.0383 29.3993
v  -26.0469 152.0774 31.2720
v  -31.2104 146.0383 34.8465
v  -34.9916 144.3667 33.1806
v  -25.6727 147.8119 36.6233
v  -19.1752 149.0471 37.8583
v  -12.2047 154.2251 32.5742
v  -12.2047 149.4858 38.2972
v  -5.2342 149.0471 37.8583
v  1.2632 147.8119 36.6233
v  -27.4022 157.2191 17.8743
v  -12.2047 160.2207 18.3725
v  6.8009 146.0383 34.8465
v  2.3562 155.2444 24.9546
v  10.5822 144.3667 33.1806
v  12.2481 146.0383 29.3993
v  -4.3875 159.4587 18.2109
v  14.0249 147.8119 23.8616
v  15.2599 149.0471 17.3642
v  -4.2259 160.2207 10.3937
v  3.2799 157.8731 10.3937
v  9.9759 154.2251 10.3937
v  15.6988 149.4858 10.3937
v  12.2481 146.0383 -8.6120
v  10.5822 144.3667 -12.3932
v  6.8009 146.0383 -14.0591
v  8.6736 152.0774 -3.4485
v  14.0249 147.8119 -3.0743
v  15.2599 149.0471 3.4232
v  -4.7241 157.2191 -4.8038
v  -36.5747 102.7042 34.7636
v  -42.5970 107.8569 31.1983
v  -38.3455 108.2307 36.5345
v  -44.2020 99.9190 17.5107
v  -39.5780 114.7063 37.7670
v  -40.0973 121.6535 38.2863
v  -48.3812 106.2218 10.3937
v  -39.6693 128.5572 37.8583
v  -44.3114 128.7284 32.2054
v  -38.4343 135.0568 36.6233
v  -45.7559 107.1418 -4.1180
v  -36.6575 140.6014 34.8465
v  -45.8526 136.1494 24.9546
v  -36.5747 102.7041 -13.9763
v  -38.3455 108.2307 -15.7471
v  -39.5780 114.7062 -16.9796
v  -42.6973 135.4323 -10.4847
v  -40.1083 121.5838 -17.5099
v  -39.6693 128.5571 -17.0709
v  -44.3114 143.3925 17.5350
v  -44.3114 143.3925 3.2524
v  -38.4343 135.0568 -15.8359
v  -36.6575 140.6014 -14.0591
v  12.1652 102.7042 34.7636
v  8.5999 107.8570 40.7859
v  13.9361 108.2307 36.5345
v  -4.7488 106.5062 45.9160
v  15.1686 114.7063 37.7670
v  15.6879 121.6535 38.2863
v  -19.3217 99.9190 42.3909
v  15.2599 128.5572 37.8583
v  9.6070 128.7284 42.5003
v  14.0249 135.0568 36.6233
v  -26.7164 107.1418 43.9449
v  12.2481 140.6014 34.8465
v  2.3562 136.1494 44.0416
v  -33.9392 114.5365 42.3909
v  -34.0165 128.7284 42.5003
v  -5.0634 143.3925 42.5003
v  -19.3460 143.3925 42.5003
v  20.3276 99.5511 10.3937
v  21.3465 107.1418 24.9054
v  23.9717 106.2218 10.3937
v  26.3131 113.7016 10.3937
v  26.4834 121.6535 18.0892
v  27.2415 121.6535 10.3937
v  19.7925 114.5365 32.1282
v  26.4256 129.5662 10.3937
v  24.0734 137.0738 10.3937
v  23.4193 136.7884 17.8743
v  19.9019 128.7284 32.2054
v  20.4368 143.7609 10.3937
v  18.2879 142.4612 24.2359
v  12.1652 102.7041 -13.9763
v  18.1875 107.8570 -10.4109
v  13.9361 108.2307 -15.7471
v  15.1686 114.7062 -16.9796
v  20.4368 121.5838 -11.7869
v  15.6988 121.5838 -17.5099
v  23.3176 114.1976 -4.7536
v  15.2599 128.5571 -17.0709
v  14.0249 135.0568 -15.8359
v  23.4193 129.0680 -4.8038
v  12.2481 140.6014 -14.0591
v  18.2879 142.4612 -3.4485
v  -33.0093 107.8569 -19.9986
v  -19.3218 99.9190 -21.6036
v  -34.3853 121.5838 -22.2478
v  -12.2047 106.2217 -25.7828
v  2.3070 107.1418 -23.1575
v  -26.7656 136.1494 -23.2542
v  8.6736 135.4323 -20.0989
v  -19.3460 143.3925 -21.7130
v  -5.0635 143.3925 -21.7130
v  2.1362 86.1312 -44.6213
v  9.4927 83.8981 -44.9562
v  9.3315 83.1357 -37.1654
v  3.4869 91.2613 -57.9700
v  -4.8189 89.1212 -37.1654
v  17.2835 82.2074 -37.1654
v  9.4927 83.8981 -29.3746
v  17.2835 83.1357 -45.1173
v  -7.0865 97.2836 -56.1148
v  -8.8573 95.5127 -50.5882
v  -5.4239 98.9462 -59.8727
v  -1.6659 97.2836 -61.5353
v  -10.0898 94.2802 -44.1127
v  3.8606 95.5127 -63.3062
v  -10.5273 93.8428 -37.1654
v  10.3362 94.2802 -64.5387
v  -4.4510 89.6563 -30.0483
v  -10.0898 94.2802 -30.2181
v  17.2835 93.8428 -64.9761
v  24.7394 86.1312 -52.3127
v  -8.8573 95.5127 -23.7425
v  24.2307 94.2802 -64.5387
v  3.4869 91.2613 -16.3608
v  -7.0865 97.2836 -18.2160
v  30.7063 95.5127 -63.3062
v  31.0800 91.2613 -57.9700
v  32.4308 86.1312 -44.6213
v  25.2354 83.1357 -37.1654
v  32.7152 85.4771 -37.1654
v  39.3858 89.1212 -37.1654
v  45.0942 93.8428 -37.1654
v  44.6568 94.2802 -44.1127
v  43.4243 95.5127 -50.5882
v  41.6534 97.2836 -56.1148
v  36.2328 97.2836 -61.5353
v  39.9908 98.9462 -59.8727
v  17.2835 83.1357 -29.2134
v  25.0743 83.8981 -29.3746
v  31.7952 88.1023 -22.6537
v  17.2835 89.1212 -15.0630
v  24.2307 94.2802 -9.7921
v  17.2835 93.8428 -9.3547
v  10.3362 94.2802 -9.7921
v  3.8606 95.5127 -11.0246
v  -1.6659 97.2836 -12.7954
v  -5.4239 98.9462 -14.4580
v  30.7063 95.5127 -11.0246
v  36.2328 97.2836 -12.7954
v  39.9908 98.9462 -14.4580
v  41.6534 97.2836 -18.2160
v  43.4243 95.5127 -23.7425
v  44.6568 94.2802 -30.2181
v  9.4662 159.4587 -44.9826
v  17.2835 161.0997 -37.1654
v  17.2835 160.2206 -45.1442
v  2.7226 155.2444 -51.7263
v  9.3046 160.2207 -37.1654
v  -1.7222 146.0383 -61.6182
v  3.8155 147.8119 -63.3950
v  -5.5034 144.3667 -59.9523
v  -7.1693 146.0383 -56.1710
v  17.2835 157.8731 -52.6500
v  10.3130 149.0471 -64.6300
v  -8.9461 147.8119 -50.6333
v  24.4247 153.6901 -58.9771
v  17.2835 149.4858 -65.0689
v  -10.1811 149.0471 -44.1359
v  24.2540 149.0471 -64.6300
v  -10.6201 149.4858 -37.1654
v  -4.5283 153.6901 -30.0241
v  31.1256 152.0774 -58.0437
v  30.7514 147.8119 -63.3950
v  -10.1811 149.0471 -30.1949
v  -8.9461 147.8119 -23.6974
v  -7.1693 146.0383 -18.1598
v  3.4413 152.0774 -16.2870
v  -1.7222 146.0383 -12.7126
v  -5.5034 144.3667 -14.3785
v  3.8155 147.8119 -10.9358
v  10.3130 149.0471 -9.7008
v  17.2835 154.2251 -14.9848
v  17.2835 149.4858 -9.2618
v  24.2540 149.0471 -9.7008
v  30.7514 147.8119 -10.9358
v  2.0860 157.2191 -29.6847
v  17.2835 160.2207 -29.1865
v  36.2891 146.0383 -12.7126
v  31.8444 155.2444 -22.6045
v  40.0704 144.3667 -14.3785
v  41.7362 146.0383 -18.1598
v  25.1007 159.4587 -29.3481
v  43.5131 147.8119 -23.6974
v  44.7481 149.0471 -30.1949
v  25.2623 160.2207 -37.1654
v  32.7681 157.8731 -37.1654
v  39.4640 154.2251 -37.1654
v  45.1870 149.4858 -37.1654
v  41.7362 146.0383 -56.1710
v  40.0704 144.3667 -59.9523
v  36.2891 146.0383 -61.6182
v  43.5131 147.8119 -50.6333
v  44.7481 149.0471 -44.1359
v  -7.0865 102.7042 -12.7954
v  -13.1088 107.8569 -16.3608
v  -8.8573 108.2307 -11.0246
v  -14.7138 99.9190 -30.0483
v  -10.0898 114.7063 -9.7921
v  -10.6091 121.6535 -9.2728
v  -18.8930 106.2218 -37.1654
v  -10.1811 128.5572 -9.7008
v  -14.8232 128.7284 -15.3536
v  -8.9461 135.0568 -10.9358
v  -16.2677 107.1418 -51.6771
v  -7.1693 140.6014 -12.7126
v  -16.3644 136.1494 -22.6045
v  -7.0865 102.7041 -61.5353
v  -8.8573 108.2307 -63.3062
v  -10.0898 114.7062 -64.5387
v  -13.2091 135.4323 -58.0437
v  -10.6201 121.5838 -65.0689
v  -10.1811 128.5571 -64.6300
v  -14.8232 143.3925 -30.0241
v  -14.8232 143.3925 -44.3066
v  -8.9461 135.0568 -63.3950
v  -7.1693 140.6014 -61.6182
v  41.6534 102.7042 -12.7954
v  38.0881 107.8570 -6.7731
v  43.4243 108.2307 -11.0246
v  24.7394 106.5062 -1.6430
v  44.6568 114.7063 -9.7921
v  45.1760 121.6535 -9.2728
v  10.1664 99.9190 -5.1681
v  44.7481 128.5572 -9.7008
v  39.0952 128.7284 -5.0587
v  43.5131 135.0568 -10.9358
v  2.7718 107.1419 -3.6142
v  41.7362 140.6014 -12.7126
v  31.8444 136.1494 -3.5175
v  -4.4510 114.5365 -5.1681
v  -4.5283 128.7284 -5.0587
v  24.4248 143.3925 -5.0587
v  10.1422 143.3925 -5.0587
v  49.8158 99.5512 -37.1654
v  50.8347 107.1418 -22.6537
v  53.4599 106.2218 -37.1654
v  55.8013 113.7016 -37.1654
v  55.9715 121.6535 -29.4698
v  56.7296 121.6535 -37.1654
v  49.2807 114.5365 -15.4309
v  55.9138 129.5662 -37.1654
v  53.5616 137.0738 -37.1654
v  52.9075 136.7884 -29.6847
v  49.3901 128.7284 -15.3536
v  49.9250 143.7609 -37.1654
v  47.7761 142.4612 -23.3232
v  41.6534 102.7041 -61.5353
v  47.6757 100.8489 -50.9619
v  43.4243 108.2307 -63.3062
v  49.2807 114.5365 -58.8999
v  44.6568 114.7062 -64.5387
v  45.1870 121.5838 -65.0689
v  44.7481 128.5571 -64.6300
v  49.3901 128.7284 -58.9771
v  55.9138 121.5838 -45.1442
v  43.5131 135.0568 -63.3950
v  41.7362 140.6014 -61.6182
v  47.7761 142.4612 -51.0076
v  -3.5211 107.8569 -67.5576
v  10.1664 99.9190 -69.1626
v  -4.8971 121.5838 -69.8069
v  17.2835 106.2217 -73.3418
v  31.7952 107.1418 -70.7166
v  2.7226 136.1494 -70.8133
v  38.1618 135.4323 -67.6580
v  10.1422 143.3925 -69.2720
v  24.4247 143.3925 -69.2720
v  -25.8588 97.4594 -29.2893
v  -21.0440 95.9978 -29.5085
v  -21.1494 95.4988 -24.4095
v  -24.9747 100.8170 -38.0260
v  -30.4108 99.4163 -24.4095
v  -15.9449 94.8912 -24.4095
v  -21.0440 95.9978 -19.3104
v  -15.9449 95.4988 -29.6140
v  -31.8950 104.7586 -36.8118
v  -33.0540 103.5996 -33.1947
v  -30.8068 105.8467 -39.2714
v  -28.3472 104.7586 -40.3596
v  -33.8606 102.7929 -28.9564
v  -24.7301 103.5996 -41.5186
v  -34.1469 102.5066 -24.4095
v  -20.4919 102.7929 -42.3252
v  -33.8606 102.7929 -19.8625
v  -15.9449 102.5066 -42.6115
v  -11.0650 97.4594 -34.3233
v  -33.0540 103.5996 -15.6242
v  -11.3979 102.7929 -42.3252
v  -24.9747 100.8170 -10.7929
v  -31.8950 104.7586 -12.0071
v  -7.1596 103.5996 -41.5186
v  -10.7403 95.4988 -24.4095
v  -5.8448 97.0312 -24.4095
v  -1.4789 99.4163 -24.4095
v  -2.3283 100.8170 -33.4393
v  2.2572 102.5066 -24.4095
v  1.9709 102.7929 -28.9564
v  1.1642 103.5996 -33.1947
v  0.0052 104.7586 -36.8118
v  -3.5426 104.7586 -40.3596
v  -1.0830 105.8467 -39.2714
v  -15.9449 95.4988 -19.2049
v  -10.8458 95.9978 -19.3104
v  -6.4470 98.7495 -14.9116
v  -15.9449 99.4163 -9.9435
v  -11.3979 102.7929 -6.4937
v  -15.9449 102.5066 -6.2074
v  -20.4919 102.7929 -6.4937
v  -24.7301 103.5996 -7.3004
v  -28.3472 104.7586 -8.4594
v  -30.8068 105.8467 -9.5475
v  -7.1596 103.5996 -7.3004
v  -3.5426 104.7586 -8.4594
v  -1.0830 105.8467 -9.5475
v  0.0052 104.7586 -12.0071
v  1.1642 103.5996 -15.6242
v  1.9709 102.7929 -19.8625
v  -21.0613 145.4520 -29.5258
v  -15.9449 146.5261 -24.4095
v  -15.9449 145.9507 -29.6316
v  -25.4750 142.6938 -33.9395
v  -21.1671 145.9507 -24.4095
v  -28.3840 136.6685 -40.4138
v  -24.7596 137.8292 -41.5767
v  -30.8589 135.5744 -39.3235
v  -31.9492 136.6685 -36.8486
v  -11.0488 143.9862 -34.3562
v  -20.5071 138.6376 -42.3850
v  -33.1121 137.8292 -33.2242
v  -15.9449 138.9248 -42.6723
v  -33.9204 138.6377 -28.9716
v  -11.3827 138.6376 -42.3850
v  -34.2077 138.9248 -24.4095
v  -25.8916 143.9862 -19.5134
v  -7.1301 137.8292 -41.5767
v  -33.9204 138.6377 -19.8473
v  -33.1121 137.8292 -15.5947
v  -31.9492 136.6685 -11.9703
v  -28.3840 136.6685 -8.4052
v  -30.8589 135.5744 -9.4955
v  -24.7596 137.8292 -7.2423
v  -20.5071 138.6377 -6.4340
v  -15.9449 142.0267 -9.8923
v  -15.9449 138.9248 -6.1467
v  -11.3827 138.6377 -6.4340
v  -7.1301 137.8292 -7.2423
v  -15.9449 145.9507 -19.1873
v  -3.5057 136.6685 -8.4052
v  -6.4148 142.6938 -14.8794
v  -1.0309 135.5744 -9.4955
v  0.0594 136.6685 -11.9703
v  -10.8285 145.4521 -19.2931
v  1.2223 137.8292 -15.5947
v  2.0306 138.6377 -19.8473
v  -10.7227 145.9507 -24.4095
v  -5.8102 144.4143 -24.4095
v  -1.4277 142.0267 -24.4095
v  2.3179 138.9248 -24.4095
v  0.0594 136.6685 -36.8486
v  -1.0309 135.5744 -39.3235
v  -3.5057 136.6685 -40.4138
v  -2.2800 140.6210 -33.4691
v  1.2223 137.8292 -33.2242
v  2.0306 138.6377 -28.9716
v  -31.8950 108.3063 -8.4594
v  -35.8365 111.6788 -10.7929
v  -33.0540 111.9234 -7.3004
v  -39.1942 110.7948 -19.5296
v  -33.8606 116.1617 -6.4937
v  -34.2005 120.7087 -6.1538
v  -33.9204 125.2271 -6.4340
v  -36.9586 125.3391 -10.1337
v  -33.1121 129.4810 -7.2423
v  -37.9041 111.2108 -33.9073
v  -31.9492 133.1100 -8.4052
v  -40.7274 125.7812 -19.2931
v  -31.8950 108.3063 -40.3596
v  -33.0540 111.9234 -41.5186
v  -33.8606 116.1617 -42.3252
v  -35.9022 129.7268 -38.0743
v  -34.2077 120.6630 -42.6723
v  -33.9204 125.2271 -42.3850
v  -36.9586 134.9367 -19.7355
v  -33.1121 129.4810 -41.5767
v  -31.9492 133.1100 -40.4138
v  0.0052 108.3063 -8.4594
v  -6.9151 107.0921 -4.5178
v  1.1642 111.9234 -7.3004
v  1.9709 116.1617 -6.4937
v  -11.0650 110.7948 -1.1602
v  2.3107 120.7087 -6.1538
v  2.0306 125.2271 -6.4340
v  -1.6692 125.3391 -3.3957
v  1.2223 129.4810 -7.2423
v  -25.4428 111.2108 -2.4503
v  0.0594 133.1100 -8.4052
v  -11.2709 134.9367 -3.3957
v  -30.2206 125.3391 -3.3957
v  -20.6188 134.9367 -3.3957
v  5.3474 106.2427 -24.4095
v  6.0143 111.2108 -14.9116
v  7.7325 110.6086 -24.4095
v  9.2649 115.5041 -24.4095
v  9.8726 120.7087 -24.4095
v  4.9972 116.0506 -10.1843
v  9.3386 125.8875 -24.4095
v  7.7991 130.8012 -24.4095
v  7.3710 130.6144 -19.5134
v  5.4189 135.1779 -24.4095
v  0.0052 108.3063 -40.3596
v  3.9468 107.0921 -33.4393
v  1.1642 111.9234 -41.5186
v  1.9709 116.1617 -42.3252
v  2.3179 120.6630 -42.6723
v  2.0306 125.2271 -42.3850
v  7.7991 120.6630 -34.5441
v  1.2223 129.4810 -41.5767
v  0.0594 133.1100 -40.4138
v  4.0125 134.3272 -33.4691
v  -20.6030 106.4835 -45.3516
v  -26.0796 120.6630 -48.1534
v  -6.4470 111.2108 -46.3687
v  -25.4750 130.1962 -46.4320
v  -2.2800 129.7269 -44.3668
v  -20.6188 134.9367 -45.4232
v  42.8085 121.5838 -38.6303
v  9.3046 121.5838 -75.7957
v  15.7219 157.3712 -36.1106
v  -20.1836 121.5838 -28.2366
v  20.9975 121.5838 -3.0398
v  -20.0220 129.4038 48.2585
v  -12.2047 121.6535 49.8399
v  15.8835 165.1912 40.3845
v  23.7008 157.4409 41.9658
v  9.4662 129.4038 0.6995
v  17.2835 121.6535 2.2808
v  -8.8885 129.4038 43.4078
v  -7.3018 121.5838 20.1059
v  -9.5414 113.7016 35.5905
v  -14.1641 165.1912 10.3369
v  -12.5774 157.3712 -12.9650
v  -14.8170 149.4890 2.5197
v  12.9225 129.4038 7.8172
v  14.5092 121.5838 -15.4847
v  12.2696 113.7016 -0.0000
v  -50.0696 129.4038 18.2109
v  -48.4829 121.5838 -5.0910
v  -50.7225 113.7016 10.3937
v  -20.5814 129.4038 -29.3481
v  -18.9947 121.5838 -52.6500
v  -21.2343 113.7016 -37.1654
v  3.2799 121.5838 -25.8845
v  32.7681 121.5838 -73.4435
v  44.4610 121.5838 -0.6876
v  39.1854 157.3712 -33.7585
v  66.2720 121.5838 -36.2782
v  3.8583 153.6149 6.7132
v  16.0174 147.3468 8.5602
v  3.8583 141.1573 6.8015
v  3.8583 147.4016 68.0219
v  17.2835 113.7016 1.3524
v  -12.2047 113.7016 48.9115
v  23.7008 149.4890 41.0375
v  -5.8102 120.6630 -48.1534
v  -15.9449 115.5041 -49.6193
v  -25.8747 153.4874 43.1856
v  -24.6288 147.3468 24.8880
v  -26.3875 141.1574 37.0472
v  21.1591 129.4038 73.4554
v  28.9764 121.6535 75.0367
v  42.9701 129.4038 37.8648
v  50.7874 121.6535 39.4462
v  36.4323 106.5063 71.1129
v  58.2433 106.5062 35.5223
v  -39.6889 120.6630 -34.5441
v  -41.1547 115.5041 -24.4095
v  50.7874 129.5662 -38.6303
v  17.2835 129.5662 -75.7957
v  23.7008 165.3536 -36.1106
v  28.9764 129.5662 -3.0398
v  -12.2047 129.5662 -28.2366
v  -15.9449 120.7087 1.4080
# 1260 vertices

vn -0.3828 -0.1887 0.9043
vn -0.1982 -0.1982 0.9599
vn -0.2033 0.0000 0.9791
vn -0.3670 -0.3670 0.8547
vn -0.3890 0.0000 0.9212
vn 0.0000 0.0000 1.0000
vn -0.1982 0.1982 0.9599
vn -0.1887 -0.3828 0.9043
vn 0.0000 -0.2033 0.9791
vn -0.6201 -0.4805 0.6201
vn -0.3492 -0.5273 0.7746
vn -0.6647 -0.3411 0.6647
vn -0.5774 -0.5774 0.5774
vn -0.4805 -0.6201 0.6201
vn -0.5509 -0.1805 0.8148
vn -0.6960 -0.1769 0.6960
vn -0.3411 -0.6647 0.6647
vn -0.5596 0.0000 0.8288
vn -0.7071 0.0000 0.7071
vn -0.1769 -0.6960 0.6960
vn -0.1805 -0.5509 0.8148
vn -0.5509 0.1805 0.8148
vn -0.6960 0.1769 0.6960
vn 0.0000 -0.7071 0.7071
vn 0.0000 -0.5596 0.8288
vn -0.5273 0.3492 0.7746
vn -0.6647 0.3411 0.6647
vn 0.1769 -0.6960 0.6960
vn 0.1805 -0.5509 0.8148
vn -0.3492 0.5273 0.7746
vn -0.6201 0.4805 0.6201
vn 0.3411 -0.6647 0.6647
vn 0.3492 -0.5273 0.7746
vn 0.1982 -0.1982 0.9599
vn 0.2033 0.0000 0.9791
vn 0.3890 0.0000 0.9212
vn 0.3828 -0.1887 0.9043
vn 0.5596 0.0000 0.8288
vn 0.5509 -0.1805 0.8148
vn 0.7071 0.0000 0.7071
vn 0.6960 -0.1769 0.6960
vn 0.5273 -0.3492 0.7746
vn 0.6647 -0.3411 0.6647
vn 0.6201 -0.4805 0.6201
vn 0.4805 -0.6201 0.6201
vn 0.5774 -0.5774 0.5774
vn 0.0000 0.2033 0.9791
vn 0.1982 0.1982 0.9599
vn 0.1887 0.3828 0.9043
vn 0.0000 0.3890 0.9212
vn 0.1769 0.6960 0.6960
vn 0.0000 0.7071 0.7071
vn 0.0000 0.5596 0.8288
vn -0.1769 0.6960 0.6960
vn -0.1805 0.5509 0.8148
vn -0.3411 0.6647 0.6647
vn -0.4805 0.6201 0.6201
vn -0.5774 0.5774 0.5774
vn 0.3411 0.6647 0.6647
vn 0.1805 0.5509 0.8148
vn 0.4805 0.6201 0.6201
vn 0.4964 0.4964 0.7122
vn 0.5774 0.5774 0.5774
vn 0.6201 0.4805 0.6201
vn 0.6647 0.3411 0.6647
vn 0.5509 0.1805 0.8148
vn 0.6960 0.1769 0.6960
vn 0.3828 0.1887 0.9043
vn -0.1972 -0.1972 -0.9603
vn 0.0000 0.0000 -1.0000
vn 0.0000 -0.2014 -0.9795
vn -0.1885 -0.3823 -0.9046
vn -0.3823 -0.1885 -0.9046
vn -0.2014 0.0000 -0.9795
vn -0.4804 -0.6199 -0.6205
vn -0.5271 -0.3496 -0.7746
vn -0.3414 -0.6646 -0.6647
vn -0.5771 -0.5771 -0.5779
vn -0.6199 -0.4804 -0.6205
vn -0.1805 -0.5507 -0.8150
vn -0.1769 -0.6961 -0.6959
vn -0.6646 -0.3414 -0.6647
vn 0.0000 -0.5594 -0.8289
vn 0.0000 -0.7072 -0.7070
vn -0.6961 -0.1769 -0.6959
vn -0.5507 -0.1805 -0.8150
vn 0.1805 -0.5507 -0.8150
vn 0.1769 -0.6961 -0.6959
vn -0.7072 0.0000 -0.7070
vn -0.5594 0.0000 -0.8289
vn 0.3496 -0.5271 -0.7746
vn 0.3414 -0.6646 -0.6647
vn -0.6961 0.1769 -0.6959
vn -0.5507 0.1805 -0.8150
vn -0.6646 0.3414 -0.6647
vn -0.5271 0.3496 -0.7746
vn -0.6199 0.4804 -0.6205
vn -0.3496 0.5271 -0.7746
vn -0.4804 0.6199 -0.6205
vn -0.5771 0.5771 -0.5779
vn -0.3414 0.6646 -0.6647
vn -0.1769 0.6961 -0.6959
vn -0.1805 0.5507 -0.8150
vn 0.0000 0.7072 -0.7070
vn 0.1769 0.6961 -0.6959
vn 0.0000 0.5594 -0.8289
vn 0.3414 0.6646 -0.6647
vn 0.1805 0.5507 -0.8150
vn -0.1972 0.1972 -0.9603
vn 0.0000 0.2014 -0.9795
vn 0.4804 0.6199 -0.6205
vn 0.4962 0.4962 -0.7124
vn 0.5771 0.5771 -0.5779
vn 0.6199 0.4804 -0.6205
vn 0.1885 0.3823 -0.9046
vn 0.1972 0.1972 -0.9603
vn 0.6646 0.3414 -0.6647
vn 0.6961 0.1769 -0.6959
vn 0.5507 0.1805 -0.8150
vn 0.3823 0.1885 -0.9046
vn 0.2014 0.0000 -0.9795
vn 0.3883 0.0000 -0.9215
vn 0.5594 0.0000 -0.8289
vn 0.7072 0.0000 -0.7070
vn 0.6199 -0.4804 -0.6205
vn 0.5771 -0.5771 -0.5779
vn 0.4804 -0.6199 -0.6205
vn 0.6646 -0.3414 -0.6647
vn 0.6961 -0.1769 -0.6959
vn 0.5271 -0.3496 -0.7746
vn 0.5507 -0.1805 -0.8150
vn 0.3823 -0.1885 -0.9046
vn 0.1972 -0.1972 -0.9603
vn -0.6201 0.6201 0.4805
vn -0.7746 0.5273 0.3492
vn -0.6647 0.6647 0.3411
vn -0.7746 0.3492 0.5273
vn -0.6950 0.6950 0.1840
vn -0.8148 0.1805 0.5509
vn -0.7071 0.7071 0.0090
vn -0.8288 0.0000 0.5596
vn -0.6962 0.6962 -0.1751
vn -0.8306 0.5568 0.0086
vn -0.8148 -0.1805 0.5509
vn -0.6646 0.6646 -0.3414
vn -0.8163 0.5490 -0.1794
vn -0.7122 -0.4964 0.4964
vn -0.6200 0.6200 -0.4809
vn -0.7125 0.4959 -0.4964
vn -0.6201 -0.6201 0.4805
vn -0.6647 -0.6647 0.3411
vn -0.6947 -0.6947 0.1867
vn -0.8290 -0.5591 0.0095
vn -0.7071 -0.7071 0.0100
vn -0.8154 -0.5501 -0.1805
vn -0.6960 -0.6960 -0.1768
vn -0.7749 0.3492 -0.5269
vn -0.8153 0.1805 -0.5502
vn -0.8292 0.0000 -0.5590
vn -0.8153 -0.1805 -0.5502
vn -0.7749 -0.3492 -0.5269
vn -0.7750 -0.5266 -0.3494
vn -0.6646 -0.6646 -0.3414
vn -0.6200 -0.6200 -0.4809
vn 0.6201 0.6201 0.4805
vn 0.5273 0.7746 0.3492
vn 0.6647 0.6647 0.3411
vn 0.3492 0.7746 0.5273
vn 0.6950 0.6950 0.1840
vn 0.1805 0.8148 0.5509
vn 0.7071 0.7071 0.0090
vn 0.0000 0.8288 0.5596
vn 0.6962 0.6962 -0.1751
vn 0.5568 0.8306 0.0086
vn -0.1805 0.8148 0.5509
vn 0.6646 0.6646 -0.3414
vn 0.5490 0.8163 -0.1794
vn -0.4964 0.7122 0.4964
vn 0.6200 0.6200 -0.4809
vn 0.4959 0.7125 -0.4964
vn -0.5488 0.8146 0.1878
vn -0.5568 0.8306 0.0086
vn -0.5490 0.8163 -0.1794
vn 0.3492 0.7749 -0.5269
vn 0.1805 0.8153 -0.5502
vn 0.0000 0.8292 -0.5590
vn -0.1805 0.8153 -0.5502
vn -0.3492 0.7749 -0.5269
vn -0.5266 0.7750 -0.3494
vn 0.8288 0.0000 0.5596
vn 0.8148 0.1805 0.5509
vn 0.9212 0.0000 0.3890
vn 0.7122 0.4964 0.4964
vn 0.9043 0.1887 0.3828
vn 0.9783 -0.0003 0.2073
vn 0.9593 0.1947 0.2044
vn 1.0000 -0.0009 0.0070
vn 0.8146 0.5488 0.1878
vn 0.9797 -0.0006 -0.2005
vn 0.9804 0.1967 0.0069
vn 0.9216 0.0000 -0.3881
vn 0.9607 0.1949 -0.1976
vn 0.8306 0.5568 0.0086
vn 0.8292 0.0000 -0.5590
vn 0.9047 0.1886 -0.3820
vn 0.8163 0.5490 -0.1794
vn 0.8153 0.1805 -0.5502
vn 0.7750 0.5266 -0.3494
vn 0.7749 0.3492 -0.5269
vn 0.6201 -0.6201 0.4805
vn 0.7746 -0.5273 0.3492
vn 0.6647 -0.6647 0.3411
vn 0.7746 -0.3492 0.5273
vn 0.6947 -0.6947 0.1867
vn 0.8148 -0.1805 0.5509
vn 0.8134 -0.5498 0.1898
vn 0.7071 -0.7071 0.0100
vn 0.9043 -0.1887 0.3828
vn 0.6960 -0.6960 -0.1768
vn 0.8290 -0.5591 0.0095
vn 0.9591 -0.1962 0.2040
vn 0.6646 -0.6646 -0.3414
vn 0.8154 -0.5501 -0.1805
vn 0.9798 -0.1998 0.0076
vn 0.6200 -0.6200 -0.4809
vn 0.7749 -0.3492 -0.5269
vn 0.9606 -0.1966 -0.1965
vn 0.9047 -0.1886 -0.3820
vn 0.8153 -0.1805 -0.5502
vn -0.5273 -0.7746 0.3492
vn -0.3492 -0.7746 0.5273
vn -0.1805 -0.8148 0.5509
vn -0.5498 -0.8134 0.1898
vn 0.0000 -0.8288 0.5596
vn -0.5591 -0.8290 0.0095
vn 0.1805 -0.8148 0.5509
vn -0.5501 -0.8154 -0.1805
vn 0.4964 -0.7122 0.4964
vn -0.4959 -0.7125 -0.4964
vn 0.5273 -0.7746 0.3492
vn 0.5591 -0.8290 0.0095
vn 0.5501 -0.8154 -0.1805
vn -0.3492 -0.7749 -0.5269
vn -0.1805 -0.8153 -0.5502
vn 0.0000 -0.8292 -0.5590
vn 0.1805 -0.8153 -0.5502
vn 0.3492 -0.7749 -0.5269
vn 0.5266 -0.7750 -0.3494
vn -0.7746 -0.5273 0.3492
vn 0.5488 0.8146 0.1878
vn -0.1887 0.3828 0.9043
vn -0.3828 0.1887 0.9043
vn 0.0000 -0.3883 -0.9215
vn -0.3883 0.0000 -0.9215
vn 0.0000 0.3883 -0.9215
vn 0.0000 -0.3890 0.9212
vn -0.3818 -0.9048 -0.1886
vn -0.1998 -0.9798 0.0076
vn -0.3883 -0.9215 0.0086
vn -0.1949 0.9607 -0.1976
vn -0.3847 0.9230 0.0076
vn -0.1967 0.9804 0.0069
vn -0.9797 -0.0006 -0.2005
vn -0.9606 -0.1966 -0.1965
vn -0.9798 -0.1998 0.0076
vn 0.0000 -0.9216 -0.3881
vn 0.1886 -0.9047 -0.3820
vn 0.1966 -0.9606 -0.1965
vn 0.0000 -0.9798 -0.1999
vn 0.1998 -0.9798 0.0076
vn -0.9593 0.1947 0.2044
vn -0.9038 0.3803 0.1963
vn -0.9230 0.3847 0.0076
vn -0.1887 0.9043 0.3828
vn 0.0000 0.9782 0.2076
vn -0.1947 0.9593 0.2044
vn 0.0000 0.9216 -0.3881
vn 0.0000 0.9796 -0.2010
vn 0.0000 -0.9212 0.3890
vn -0.1887 -0.9043 0.3828
vn -0.1962 -0.9591 0.2040
vn 0.1962 -0.9591 0.2040
vn 0.0000 -0.9783 0.2070
vn 0.0000 -1.0000 0.0073
vn 0.9230 0.3847 0.0076
vn -0.9216 0.0000 -0.3881
vn 0.9048 -0.3818 -0.1886
vn -0.3670 0.8547 0.3670
vn -0.3803 0.9038 0.1963
vn -0.9215 -0.3883 0.0086
vn -0.9047 -0.1886 -0.3820
vn 0.1887 -0.9043 0.3828
vn 0.3883 -0.9215 0.0086
vn 0.3663 0.8553 -0.3665
vn 0.1949 0.9607 -0.1976
vn 0.3799 0.9055 -0.1889
vn 0.1947 0.9593 0.2044
vn 0.3847 0.9230 0.0076
vn 0.1967 0.9804 0.0069
vn -0.9804 0.1967 0.0069
vn -0.3821 -0.9029 0.1970
vn 0.3803 0.9038 0.1963
vn -0.9043 0.1887 0.3828
vn -0.9043 -0.1887 0.3828
vn -0.9212 0.0000 0.3890
vn -0.9783 -0.0003 0.2073
vn -0.8547 -0.3670 0.3670
vn -0.9591 -0.1962 0.2040
vn -0.9029 -0.3821 0.1970
vn -0.1886 0.9047 -0.3820
vn 0.9029 -0.3821 0.1970
vn 0.8553 -0.3663 -0.3665
vn -0.3669 0.3669 -0.8549
vn 0.9055 0.3799 -0.1889
vn 0.1886 0.9047 -0.3820
vn -0.1886 -0.9047 -0.3820
vn -0.3663 -0.8553 -0.3665
vn -0.1966 -0.9606 -0.1965
vn -0.9047 0.1886 -0.3820
vn -0.8553 0.3663 -0.3665
vn -0.9607 0.1949 -0.1976
vn -0.9055 0.3799 -0.1889
vn 0.3663 -0.8553 -0.3665
vn 0.3818 -0.9048 -0.1886
vn -0.8553 -0.3663 -0.3665
vn -0.9048 -0.3818 -0.1886
vn 0.0000 0.9212 0.3890
vn 0.3670 0.8547 0.3670
vn 0.3669 -0.3669 -0.8549
vn 0.3670 -0.8547 0.3670
vn 0.3821 -0.9029 0.1970
vn 0.8553 0.3663 -0.3665
vn 0.3670 -0.3670 0.8547
vn 0.8547 0.3670 0.3670
vn 0.9038 0.3803 0.1963
vn -0.3663 0.8553 -0.3665
vn -0.3799 0.9055 -0.1889
vn 0.9215 -0.3883 0.0086
vn 0.8547 -0.3670 0.3670
vn -0.8547 0.3670 0.3670
vn 0.1887 0.9043 0.3828
vn -0.3670 -0.8547 0.3670
vn -0.3670 0.3670 0.8547
# 343 vertex normals

o Sphere__21_
g Sphere__21_
s off
f 837//1562 838//1563 839//1564 
f 840//1565 838//1563 837//1562 
f 837//1562 839//1564 841//1566 
f 838//1563 842//1567 839//1564 
f 843//1568 841//1566 839//1564 
f 840//1569 844//1570 838//1563 
f 838//1563 844//1570 842//1567 
f 845//1571 840//1572 846//1573 
f 847//1574 840//1572 845//1571 
f 847//1574 848//1575 840//1572 
f 846//1573 841//1576 849//1577 
f 848//1575 850//1578 840//1572 
f 849//1577 841//1579 851//1580 
f 850//1578 852//1581 840//1582 
f 853//1583 854//1584 851//1580 
f 852//1581 855//1585 856//1586 
f 853//1587 857//1588 854//1584 
f 855//1585 858//1589 856//1590 
f 859//1591 860//1592 857//1588 
f 858//1589 861//1593 856//1594 
f 844//1570 862//1595 863//1596 
f 844//1570 863//1596 842//1567 
f 862//1595 864//1597 863//1596 
f 862//1598 865//1599 864//1597 
f 866//1600 867//1601 865//1599 
f 866//1600 868//1602 867//1601 
f 866//1603 869//1604 868//1602 
f 866//1603 870//1605 869//1604 
f 861//1593 871//1606 866//1603 
f 871//1606 870//1605 866//1603 
f 871//1606 872//1607 870//1605 
f 873//1608 839//1564 842//1567 
f 874//1609 873//1608 842//1567 
f 875//1610 873//1608 874//1609 
f 876//1611 843//1568 873//1608 
f 873//1608 843//1568 839//1564 
f 877//1612 878//1613 876//1614 
f 878//1613 879//1615 876//1616 
f 879//1615 880//1617 859//1591 
f 880//1617 881//1618 859//1591 
f 881//1618 860//1592 859//1591 
f 881//1618 882//1619 860//1592 
f 883//1620 877//1612 876//1621 
f 884//1622 883//1620 875//1623 
f 885//1624 884//1622 875//1623 
f 885//1624 875//1623 886//1625 
f 886//1625 875//1623 887//1626 
f 887//1626 875//1627 888//1628 
f 875//1629 874//1609 863//1596 
f 874//1609 842//1567 863//1596 
f 875//1629 863//1596 864//1597 
f 875//1627 864//1597 865//1599 
f 888//1628 875//1627 865//1599 
f 888//1628 865//1599 867//1601 
f 889//1630 890//1631 891//1632 
f 892//1633 889//1630 891//1632 
f 892//1634 893//1635 889//1630 
f 889//1630 893//1635 890//1631 
f 894//1636 892//1637 895//1638 
f 896//1639 892//1637 894//1636 
f 896//1639 897//1640 892//1637 
f 895//1638 898//1641 899//1642 
f 897//1640 900//1643 892//1637 
f 899//1642 901//1644 902//1645 
f 900//1643 903//1646 892//1647 
f 901//1648 904//1649 902//1645 
f 903//1646 905//1650 906//1651 
f 907//1652 908//1653 904//1649 
f 905//1650 909//1654 906//1655 
f 909//1654 910//1656 906//1657 
f 910//1656 911//1658 912//1659 
f 911//1658 913//1660 912//1659 
f 911//1658 914//1661 913//1660 
f 912//1659 913//1660 915//1662 
f 912//1659 915//1662 916//1663 
f 917//1664 916//1663 918//1665 
f 919//1666 917//1667 918//1665 
f 920//1668 917//1669 919//1666 
f 893//1635 921//1670 922//1671 
f 893//1635 922//1671 890//1631 
f 923//1672 924//1673 920//1668 
f 925//1674 924//1673 923//1672 
f 925//1674 926//1675 924//1673 
f 924//1676 927//1677 922//1671 
f 927//1677 890//1631 922//1671 
f 926//1675 928//1678 924//1673 
f 928//1678 929//1679 924//1680 
f 924//1681 930//1682 927//1677 
f 927//1677 930//1682 890//1631 
f 924//1681 931//1683 930//1682 
f 924//1680 932//1684 931//1683 
f 929//1679 932//1684 924//1680 
f 929//1679 933//1685 932//1684 
f 934//1686 935//1687 936//1688 
f 934//1686 936//1688 907//1652 
f 907//1652 936//1688 908//1653 
f 937//1689 934//1686 907//1652 
f 938//1690 937//1689 907//1691 
f 933//1685 938//1690 907//1692 
f 933//1685 907//1692 932//1684 
f 932//1684 898//1693 931//1683 
f 931//1683 898//1694 930//1682 
f 930//1682 898//1694 891//1632 
f 930//1682 891//1632 890//1631 
f 860//1592 882//1619 939//1695 
f 860//1592 939//1695 940//1696 
f 857//1588 860//1592 940//1696 
f 940//1696 939//1695 941//1697 
f 854//1584 857//1588 942//1698 
f 940//1696 941//1697 943//1699 
f 851//1580 854//1584 942//1700 
f 940//1696 943//1699 944//1701 
f 849//1577 851//1580 945//1702 
f 946//1703 947//1704 944//1701 
f 846//1573 849//1577 945//1705 
f 948//1706 947//1707 946//1703 
f 845//1571 846//1573 949//1708 
f 950//1709 951//1710 948//1706 
f 847//1574 845//1571 949//1708 
f 847//1574 949//1708 952//1711 
f 952//1711 949//1708 953//1712 
f 953//1712 949//1708 954//1713 
f 954//1713 955//1714 956//1715 
f 955//1716 957//1717 956//1715 
f 914//1661 951//1710 950//1709 
f 914//1661 911//1658 951//1710 
f 911//1658 910//1656 958//1718 
f 910//1656 909//1654 958//1719 
f 909//1654 905//1650 958//1720 
f 905//1650 903//1646 959//1721 
f 903//1646 900//1643 959//1722 
f 955//1723 960//1724 957//1717 
f 900//1643 897//1640 955//1723 
f 955//1723 961//1725 960//1724 
f 897//1640 961//1725 955//1723 
f 897//1640 896//1639 961//1725 
f 884//1622 885//1624 962//1726 
f 884//1622 962//1726 963//1727 
f 883//1620 884//1622 963//1727 
f 963//1727 962//1726 964//1728 
f 877//1612 883//1620 965//1729 
f 963//1727 964//1728 966//1730 
f 878//1613 877//1612 965//1731 
f 963//1727 966//1730 967//1732 
f 879//1615 878//1613 968//1733 
f 969//1734 970//1735 967//1732 
f 880//1617 879//1615 968//1736 
f 971//1737 970//1738 969//1734 
f 881//1618 880//1617 972//1739 
f 973//1740 974//1741 971//1737 
f 882//1619 881//1618 972//1739 
f 882//1619 972//1739 939//1695 
f 939//1695 975//1742 941//1697 
f 941//1697 975//1742 943//1699 
f 943//1699 976//1743 944//1701 
f 976//1744 946//1703 944//1701 
f 925//1674 974//1741 973//1740 
f 925//1674 923//1672 974//1741 
f 923//1672 920//1668 977//1745 
f 920//1668 919//1666 977//1746 
f 919//1666 918//1665 977//1747 
f 918//1665 916//1663 978//1748 
f 916//1663 915//1662 978//1749 
f 976//1750 948//1706 946//1703 
f 915//1662 913//1660 976//1750 
f 976//1750 950//1709 948//1706 
f 913//1660 950//1709 976//1750 
f 913//1660 914//1661 950//1709 
f 888//1628 867//1601 979//1751 
f 888//1628 979//1751 980//1752 
f 887//1626 888//1628 980//1752 
f 980//1752 979//1751 981//1753 
f 886//1625 887//1626 980//1754 
f 980//1755 981//1753 982//1756 
f 885//1624 886//1625 980//1754 
f 885//1624 980//1754 962//1726 
f 983//1757 982//1756 984//1758 
f 962//1726 985//1759 964//1728 
f 986//1760 983//1761 984//1758 
f 964//1728 985//1759 966//1730 
f 987//1762 988//1763 986//1760 
f 966//1730 989//1764 967//1732 
f 990//1765 988//1766 987//1762 
f 989//1767 969//1734 967//1732 
f 933//1685 991//1768 990//1765 
f 933//1685 929//1679 991//1768 
f 989//1769 971//1737 969//1734 
f 929//1679 928//1678 991//1770 
f 991//1770 973//1740 971//1737 
f 928//1678 926//1675 991//1770 
f 926//1675 973//1740 991//1770 
f 926//1675 925//1674 973//1740 
f 870//1605 872//1607 992//1771 
f 870//1605 992//1771 993//1772 
f 869//1604 870//1605 993//1772 
f 993//1772 992//1771 994//1773 
f 868//1602 869//1604 995//1774 
f 993//1772 994//1773 996//1775 
f 867//1601 868//1602 995//1776 
f 867//1601 995//1776 979//1751 
f 997//1777 996//1775 998//1778 
f 979//1751 995//1779 981//1753 
f 999//1780 997//1781 998//1778 
f 981//1753 1000//1782 982//1756 
f 1001//1783 997//1784 999//1780 
f 982//1756 1000//1785 984//1758 
f 1002//1786 1003//1787 1001//1783 
f 1000//1788 986//1760 984//1758 
f 935//1687 1003//1787 1002//1786 
f 935//1687 934//1686 1003//1787 
f 1003//1789 987//1762 986//1760 
f 934//1686 937//1689 1003//1787 
f 1003//1790 990//1765 987//1762 
f 937//1689 938//1690 1003//1790 
f 938//1690 990//1765 1003//1790 
f 938//1690 933//1685 990//1765 
f 848//1575 847//1574 952//1711 
f 848//1575 952//1711 1004//1791 
f 850//1578 848//1575 1004//1791 
f 1004//1791 952//1711 953//1712 
f 852//1581 850//1578 1005//1792 
f 1004//1791 953//1712 954//1713 
f 855//1585 852//1581 1005//1793 
f 1006//1794 954//1713 956//1715 
f 858//1589 855//1585 1007//1795 
f 957//1717 1006//1796 956//1715 
f 861//1593 858//1589 1007//1797 
f 960//1724 1006//1798 957//1717 
f 871//1606 861//1593 1008//1799 
f 961//1725 1009//1800 960//1724 
f 872//1607 871//1606 1008//1799 
f 872//1607 1008//1799 992//1771 
f 992//1771 1008//1801 994//1773 
f 994//1773 1008//1801 996//1775 
f 996//1775 1010//1802 998//1778 
f 1010//1803 999//1780 998//1778 
f 896//1639 1009//1800 961//1725 
f 896//1639 894//1636 1009//1800 
f 894//1636 895//1638 1011//1804 
f 895//1638 899//1642 1011//1805 
f 899//1642 902//1645 1011//1806 
f 902//1645 904//1649 1012//1807 
f 904//1649 908//1653 1012//1808 
f 1010//1809 1001//1783 999//1780 
f 908//1653 936//1688 1010//1809 
f 1010//1809 1002//1786 1001//1783 
f 936//1688 1002//1786 1010//1809 
f 936//1688 935//1687 1002//1786 
f 1013//1562 1014//1563 1015//1564 
f 1016//1565 1014//1563 1013//1562 
f 1013//1562 1015//1564 1017//1566 
f 1014//1563 1018//1567 1015//1564 
f 1019//1568 1017//1566 1015//1564 
f 1016//1569 1020//1570 1014//1563 
f 1014//1563 1020//1570 1018//1567 
f 1021//1571 1016//1572 1022//1573 
f 1023//1574 1016//1572 1021//1571 
f 1023//1574 1024//1575 1016//1572 
f 1022//1573 1017//1576 1025//1577 
f 1024//1575 1026//1578 1016//1572 
f 1025//1577 1017//1579 1027//1580 
f 1026//1578 1028//1581 1016//1582 
f 1029//1583 1030//1584 1027//1580 
f 1028//1581 1031//1585 1032//1586 
f 1029//1587 1033//1588 1030//1584 
f 1031//1585 1034//1589 1032//1590 
f 1035//1591 1036//1592 1033//1588 
f 1034//1589 1037//1593 1038//1594 
f 1020//1570 1039//1595 1040//1596 
f 1020//1570 1040//1596 1018//1567 
f 1039//1595 1041//1597 1040//1596 
f 1039//1598 1042//1599 1041//1597 
f 1039//1600 1043//1601 1042//1599 
f 1039//1600 1044//1602 1043//1601 
f 1039//1603 1045//1604 1044//1602 
f 1038//1594 1046//1605 1045//1604 
f 1037//1593 1047//1606 1038//1594 
f 1047//1606 1046//1605 1038//1594 
f 1047//1606 1048//1607 1046//1605 
f 1049//1608 1015//1564 1018//1567 
f 1050//1609 1049//1608 1018//1567 
f 1051//1610 1049//1608 1050//1609 
f 1052//1611 1019//1568 1049//1608 
f 1049//1608 1019//1568 1015//1564 
f 1053//1612 1054//1613 1052//1614 
f 1054//1613 1055//1615 1052//1616 
f 1055//1615 1056//1617 1035//1591 
f 1056//1617 1057//1618 1035//1591 
f 1057//1618 1036//1592 1035//1591 
f 1057//1618 1058//1619 1036//1592 
f 1059//1620 1053//1612 1052//1621 
f 1060//1622 1059//1620 1051//1623 
f 1061//1624 1060//1622 1051//1623 
f 1061//1624 1051//1623 1062//1625 
f 1062//1625 1051//1623 1063//1626 
f 1063//1626 1051//1627 1064//1628 
f 1051//1629 1050//1609 1040//1596 
f 1050//1609 1018//1567 1040//1596 
f 1051//1629 1040//1596 1041//1597 
f 1051//1627 1041//1597 1042//1599 
f 1064//1628 1051//1627 1042//1599 
f 1064//1628 1042//1599 1043//1601 
f 1065//1630 1066//1631 1067//1632 
f 1068//1633 1065//1630 1067//1632 
f 1068//1634 1069//1635 1065//1630 
f 1065//1630 1069//1635 1066//1631 
f 1070//1636 1068//1637 1071//1638 
f 1072//1639 1068//1637 1070//1636 
f 1072//1639 1073//1640 1068//1637 
f 1071//1638 1074//1641 1075//1642 
f 1073//1640 1076//1643 1068//1637 
f 1075//1642 1074//1644 1077//1645 
f 1076//1643 1078//1646 1068//1647 
f 1074//1648 1079//1649 1077//1645 
f 1078//1646 1080//1650 1081//1651 
f 1074//1652 1082//1653 1079//1649 
f 1080//1650 1083//1654 1081//1655 
f 1083//1654 1084//1656 1081//1657 
f 1084//1656 1085//1658 1086//1659 
f 1085//1658 1087//1660 1086//1659 
f 1085//1658 1088//1661 1087//1660 
f 1086//1659 1087//1660 1089//1662 
f 1086//1659 1089//1662 1090//1663 
f 1091//1664 1090//1663 1092//1665 
f 1093//1666 1091//1667 1092//1665 
f 1094//1668 1091//1669 1093//1666 
f 1069//1635 1095//1670 1096//1671 
f 1069//1635 1096//1671 1066//1631 
f 1097//1672 1098//1673 1094//1668 
f 1099//1674 1098//1673 1097//1672 
f 1099//1674 1100//1675 1098//1673 
f 1098//1676 1101//1677 1096//1671 
f 1101//1677 1066//1631 1096//1671 
f 1100//1675 1102//1678 1098//1673 
f 1102//1678 1103//1679 1098//1680 
f 1098//1681 1104//1682 1101//1677 
f 1101//1677 1104//1682 1066//1631 
f 1098//1681 1105//1683 1104//1682 
f 1098//1680 1106//1684 1105//1683 
f 1103//1679 1106//1684 1098//1680 
f 1103//1679 1107//1685 1106//1684 
f 1108//1686 1109//1687 1110//1688 
f 1108//1686 1110//1688 1111//1691 
f 1111//1691 1110//1688 1082//1653 
f 1112//1689 1108//1686 1111//1691 
f 1113//1690 1112//1689 1111//1691 
f 1107//1685 1113//1690 1111//1692 
f 1107//1685 1111//1692 1106//1684 
f 1106//1684 1111//1693 1105//1683 
f 1105//1683 1114//1694 1104//1682 
f 1104//1682 1114//1694 1067//1632 
f 1104//1682 1067//1632 1066//1631 
f 1036//1592 1058//1619 1115//1695 
f 1036//1592 1115//1695 1116//1696 
f 1033//1588 1036//1592 1116//1696 
f 1116//1696 1115//1695 1117//1697 
f 1030//1584 1033//1588 1118//1698 
f 1116//1696 1117//1697 1119//1699 
f 1027//1580 1030//1584 1118//1700 
f 1116//1696 1119//1699 1120//1701 
f 1025//1577 1027//1580 1121//1702 
f 1122//1703 1123//1704 1120//1701 
f 1022//1573 1025//1577 1121//1705 
f 1124//1706 1123//1707 1122//1703 
f 1021//1571 1022//1573 1125//1708 
f 1126//1709 1127//1710 1124//1706 
f 1023//1574 1021//1571 1125//1708 
f 1023//1574 1125//1708 1128//1711 
f 1128//1711 1125//1810 1129//1712 
f 1129//1712 1125//1810 1130//1713 
f 1130//1713 1131//1714 1132//1715 
f 1131//1716 1133//1717 1132//1715 
f 1088//1661 1127//1710 1126//1709 
f 1088//1661 1085//1658 1127//1710 
f 1085//1658 1084//1656 1134//1718 
f 1084//1656 1083//1654 1134//1719 
f 1083//1654 1080//1650 1134//1720 
f 1080//1650 1078//1646 1135//1721 
f 1078//1646 1076//1643 1135//1722 
f 1131//1723 1136//1724 1133//1717 
f 1076//1643 1073//1640 1131//1723 
f 1131//1723 1137//1725 1136//1724 
f 1073//1640 1137//1725 1131//1723 
f 1073//1640 1072//1639 1137//1725 
f 1060//1622 1061//1624 1138//1726 
f 1060//1622 1138//1726 1139//1729 
f 1059//1620 1060//1622 1139//1729 
f 1139//1729 1138//1726 1140//1728 
f 1053//1612 1059//1620 1139//1729 
f 1139//1811 1140//1728 1141//1730 
f 1054//1613 1053//1612 1142//1731 
f 1139//1811 1141//1730 1143//1732 
f 1055//1615 1054//1613 1142//1733 
f 1144//1734 1145//1735 1143//1732 
f 1056//1617 1055//1615 1142//1736 
f 1146//1737 1145//1738 1144//1734 
f 1057//1618 1056//1617 1147//1739 
f 1148//1740 1149//1741 1146//1737 
f 1058//1619 1057//1618 1147//1739 
f 1058//1619 1147//1739 1115//1695 
f 1115//1695 1150//1742 1117//1697 
f 1117//1697 1150//1742 1119//1699 
f 1119//1699 1151//1743 1120//1701 
f 1151//1744 1122//1703 1120//1701 
f 1099//1674 1149//1741 1148//1740 
f 1099//1674 1097//1672 1149//1741 
f 1097//1672 1094//1668 1152//1745 
f 1094//1668 1093//1666 1152//1746 
f 1093//1666 1092//1665 1152//1747 
f 1092//1665 1090//1663 1153//1748 
f 1090//1663 1089//1662 1153//1749 
f 1151//1750 1124//1706 1122//1703 
f 1089//1662 1087//1660 1151//1750 
f 1151//1750 1126//1709 1124//1706 
f 1087//1660 1126//1709 1151//1750 
f 1087//1660 1088//1661 1126//1709 
f 1064//1628 1043//1601 1154//1751 
f 1064//1628 1154//1751 1155//1752 
f 1063//1626 1064//1628 1155//1752 
f 1155//1752 1154//1751 1156//1753 
f 1062//1625 1063//1626 1155//1754 
f 1155//1755 1156//1753 1157//1756 
f 1061//1624 1062//1625 1155//1754 
f 1061//1624 1155//1754 1138//1726 
f 1158//1757 1157//1756 1159//1758 
f 1138//1726 1160//1759 1140//1728 
f 1161//1760 1158//1761 1159//1758 
f 1140//1728 1160//1759 1141//1730 
f 1162//1762 1163//1763 1161//1760 
f 1141//1730 1164//1764 1143//1732 
f 1165//1765 1163//1766 1162//1762 
f 1164//1767 1144//1734 1143//1732 
f 1107//1685 1166//1768 1165//1765 
f 1107//1685 1103//1679 1166//1768 
f 1164//1769 1146//1737 1144//1734 
f 1103//1679 1102//1678 1166//1770 
f 1166//1770 1148//1740 1146//1737 
f 1102//1678 1100//1675 1166//1770 
f 1100//1675 1148//1740 1166//1770 
f 1100//1675 1099//1674 1148//1740 
f 1046//1605 1048//1607 1167//1771 
f 1046//1605 1167//1771 1168//1772 
f 1045//1604 1046//1605 1168//1772 
f 1168//1772 1167//1771 1169//1773 
f 1044//1602 1045//1604 1170//1774 
f 1168//1772 1169//1773 1171//1775 
f 1043//1601 1044//1602 1170//1776 
f 1043//1601 1170//1776 1154//1751 
f 1172//1777 1171//1775 1173//1778 
f 1154//1751 1170//1779 1156//1753 
f 1174//1780 1172//1781 1173//1778 
f 1156//1753 1175//1782 1157//1756 
f 1176//1783 1172//1784 1174//1780 
f 1157//1756 1175//1785 1159//1758 
f 1177//1786 1178//1787 1176//1783 
f 1175//1788 1161//1760 1159//1758 
f 1109//1687 1178//1787 1177//1786 
f 1109//1687 1108//1686 1178//1787 
f 1178//1789 1162//1762 1161//1760 
f 1108//1686 1112//1689 1178//1787 
f 1178//1790 1165//1765 1162//1762 
f 1112//1689 1113//1690 1178//1790 
f 1113//1690 1165//1765 1178//1790 
f 1113//1690 1107//1685 1165//1765 
f 1024//1575 1023//1574 1128//1711 
f 1024//1575 1128//1711 1179//1791 
f 1026//1578 1024//1575 1179//1791 
f 1179//1791 1128//1711 1129//1712 
f 1028//1581 1026//1578 1180//1792 
f 1179//1791 1129//1712 1130//1713 
f 1031//1585 1028//1581 1180//1793 
f 1181//1794 1130//1713 1132//1715 
f 1034//1589 1031//1585 1182//1795 
f 1133//1717 1181//1796 1132//1715 
f 1037//1593 1034//1589 1182//1797 
f 1136//1724 1181//1798 1133//1717 
f 1047//1606 1037//1593 1183//1799 
f 1137//1725 1184//1800 1136//1724 
f 1048//1607 1047//1606 1183//1799 
f 1048//1607 1183//1799 1167//1771 
f 1167//1771 1183//1801 1169//1773 
f 1169//1773 1183//1801 1171//1775 
f 1171//1775 1185//1802 1173//1778 
f 1185//1803 1174//1780 1173//1778 
f 1072//1639 1184//1800 1137//1725 
f 1072//1639 1070//1636 1184//1800 
f 1070//1636 1071//1638 1186//1804 
f 1071//1638 1075//1642 1186//1805 
f 1075//1642 1077//1645 1186//1806 
f 1077//1645 1079//1649 1187//1807 
f 1079//1649 1082//1653 1187//1808 
f 1185//1809 1176//1783 1174//1780 
f 1082//1653 1110//1688 1185//1809 
f 1185//1809 1177//1786 1176//1783 
f 1110//1688 1177//1786 1185//1809 
f 1110//1688 1109//1687 1177//1786 
f 1188//1562 1189//1563 1190//1564 
f 1191//1565 1189//1563 1188//1562 
f 1188//1562 1190//1564 1192//1566 
f 1189//1563 1193//1567 1190//1564 
f 1194//1568 1192//1566 1190//1564 
f 1191//1569 1195//1570 1189//1563 
f 1189//1563 1195//1570 1193//1567 
f 1196//1571 1191//1572 1197//1573 
f 1198//1574 1191//1572 1196//1571 
f 1198//1574 1199//1575 1191//1572 
f 1197//1573 1192//1576 1200//1577 
f 1199//1575 1201//1578 1191//1572 
f 1200//1577 1192//1579 1202//1580 
f 1201//1578 1203//1581 1191//1582 
f 1204//1583 1205//1584 1202//1580 
f 1203//1581 1206//1585 1207//1586 
f 1204//1587 1208//1588 1205//1584 
f 1206//1585 1209//1589 1207//1590 
f 1210//1591 1211//1592 1208//1588 
f 1209//1589 1212//1593 1207//1594 
f 1195//1570 1213//1595 1214//1596 
f 1195//1570 1214//1596 1193//1567 
f 1213//1595 1215//1597 1214//1596 
f 1213//1598 1216//1599 1215//1597 
f 1217//1600 1218//1601 1216//1599 
f 1217//1600 1219//1602 1218//1601 
f 1217//1603 1220//1604 1219//1602 
f 1217//1603 1221//1605 1220//1604 
f 1212//1593 1222//1606 1217//1603 
f 1222//1606 1221//1605 1217//1603 
f 1222//1606 1223//1607 1221//1605 
f 1224//1608 1190//1564 1193//1567 
f 1225//1609 1224//1608 1193//1567 
f 1226//1610 1224//1608 1225//1609 
f 1227//1611 1194//1568 1224//1608 
f 1224//1608 1194//1568 1190//1564 
f 1228//1612 1229//1613 1227//1614 
f 1229//1613 1230//1615 1227//1616 
f 1230//1615 1231//1617 1210//1591 
f 1231//1617 1232//1618 1210//1591 
f 1232//1618 1211//1592 1210//1591 
f 1232//1618 1233//1619 1211//1592 
f 1234//1620 1228//1612 1227//1621 
f 1235//1622 1234//1620 1226//1623 
f 1236//1624 1235//1622 1226//1623 
f 1236//1624 1226//1623 1237//1625 
f 1237//1625 1226//1623 1238//1626 
f 1238//1626 1226//1627 1239//1628 
f 1226//1629 1225//1609 1214//1596 
f 1225//1609 1193//1567 1214//1596 
f 1226//1629 1214//1596 1215//1597 
f 1226//1627 1215//1597 1216//1599 
f 1239//1628 1226//1627 1216//1599 
f 1239//1628 1216//1599 1218//1601 
f 1240//1630 1241//1631 1242//1632 
f 1243//1633 1240//1630 1242//1632 
f 1243//1634 1244//1635 1240//1630 
f 1240//1630 1244//1635 1241//1631 
f 1245//1636 1243//1637 1246//1638 
f 1247//1639 1243//1637 1245//1636 
f 1247//1639 1248//1640 1243//1637 
f 1246//1638 1249//1641 1250//1642 
f 1248//1640 1251//1643 1243//1637 
f 1250//1642 1249//1644 1252//1645 
f 1251//1643 1253//1646 1243//1647 
f 1249//1648 1254//1649 1252//1645 
f 1253//1646 1255//1650 1256//1651 
f 1249//1652 1257//1653 1254//1649 
f 1255//1650 1258//1654 1256//1655 
f 1258//1654 1259//1656 1256//1657 
f 1259//1656 1260//1658 1261//1659 
f 1260//1658 1262//1660 1261//1659 
f 1260//1658 1263//1661 1262//1660 
f 1261//1659 1262//1660 1264//1662 
f 1261//1659 1264//1662 1265//1663 
f 1266//1664 1265//1663 1267//1665 
f 1268//1666 1266//1667 1267//1665 
f 1269//1668 1266//1669 1268//1666 
f 1244//1635 1270//1670 1271//1671 
f 1244//1635 1271//1671 1241//1631 
f 1272//1672 1273//1673 1269//1668 
f 1274//1674 1273//1673 1272//1672 
f 1274//1674 1275//1675 1273//1673 
f 1273//1676 1276//1677 1271//1671 
f 1276//1677 1241//1631 1271//1671 
f 1275//1675 1277//1678 1273//1673 
f 1277//1678 1278//1679 1273//1680 
f 1273//1681 1279//1682 1276//1677 
f 1276//1677 1279//1682 1241//1631 
f 1273//1681 1280//1683 1279//1682 
f 1273//1680 1281//1684 1280//1683 
f 1278//1679 1281//1684 1273//1680 
f 1278//1679 1282//1685 1281//1684 
f 1283//1686 1284//1687 1285//1688 
f 1283//1686 1285//1688 1286//1691 
f 1286//1691 1285//1688 1257//1653 
f 1287//1689 1283//1686 1286//1691 
f 1288//1690 1287//1689 1286//1691 
f 1282//1685 1288//1690 1286//1692 
f 1282//1685 1286//1692 1281//1684 
f 1281//1684 1286//1693 1280//1683 
f 1280//1683 1289//1694 1279//1682 
f 1279//1682 1289//1694 1242//1632 
f 1279//1682 1242//1632 1241//1631 
f 1211//1592 1233//1619 1290//1695 
f 1211//1592 1290//1695 1291//1696 
f 1208//1588 1211//1592 1291//1696 
f 1291//1696 1290//1695 1292//1697 
f 1205//1584 1208//1588 1293//1698 
f 1291//1696 1292//1697 1294//1699 
f 1202//1580 1205//1584 1293//1700 
f 1291//1696 1294//1699 1295//1701 
f 1200//1577 1202//1580 1296//1702 
f 1297//1703 1298//1704 1295//1701 
f 1197//1573 1200//1577 1296//1705 
f 1299//1706 1298//1707 1297//1703 
f 1196//1571 1197//1573 1300//1708 
f 1301//1709 1302//1710 1299//1706 
f 1198//1574 1196//1571 1300//1708 
f 1198//1574 1300//1708 1303//1711 
f 1303//1711 1300//1810 1304//1712 
f 1304//1712 1300//1810 1305//1713 
f 1305//1713 1306//1714 1307//1715 
f 1306//1716 1308//1717 1307//1715 
f 1263//1661 1302//1710 1301//1709 
f 1263//1661 1260//1658 1302//1710 
f 1260//1658 1259//1656 1309//1718 
f 1259//1656 1258//1654 1309//1719 
f 1258//1654 1255//1650 1309//1720 
f 1255//1650 1253//1646 1310//1721 
f 1253//1646 1251//1643 1310//1722 
f 1306//1723 1311//1724 1308//1717 
f 1251//1643 1248//1640 1306//1723 
f 1306//1723 1312//1725 1311//1724 
f 1248//1640 1312//1725 1306//1723 
f 1248//1640 1247//1639 1312//1725 
f 1235//1622 1236//1624 1313//1726 
f 1235//1622 1313//1726 1314//1729 
f 1234//1620 1235//1622 1314//1729 
f 1314//1729 1313//1726 1315//1728 
f 1228//1612 1234//1620 1314//1729 
f 1314//1811 1315//1728 1316//1730 
f 1229//1613 1228//1612 1317//1731 
f 1314//1811 1316//1730 1318//1732 
f 1230//1615 1229//1613 1317//1733 
f 1319//1734 1320//1735 1318//1732 
f 1231//1617 1230//1615 1317//1736 
f 1321//1737 1320//1738 1319//1734 
f 1232//1618 1231//1617 1322//1739 
f 1323//1740 1324//1741 1321//1737 
f 1233//1619 1232//1618 1322//1739 
f 1233//1619 1322//1739 1290//1695 
f 1290//1695 1325//1742 1292//1697 
f 1292//1697 1325//1742 1294//1699 
f 1294//1699 1326//1743 1295//1701 
f 1326//1744 1297//1703 1295//1701 
f 1274//1674 1324//1741 1323//1740 
f 1274//1674 1272//1672 1324//1741 
f 1272//1672 1269//1668 1327//1745 
f 1269//1668 1268//1666 1327//1746 
f 1268//1666 1267//1665 1327//1747 
f 1267//1665 1265//1663 1328//1748 
f 1265//1663 1264//1662 1328//1749 
f 1326//1750 1299//1706 1297//1703 
f 1264//1662 1262//1660 1326//1750 
f 1326//1750 1301//1709 1299//1706 
f 1262//1660 1301//1709 1326//1750 
f 1262//1660 1263//1661 1301//1709 
f 1239//1628 1218//1601 1329//1751 
f 1239//1628 1329//1751 1330//1752 
f 1238//1626 1239//1628 1330//1752 
f 1330//1752 1329//1751 1331//1753 
f 1237//1625 1238//1626 1330//1754 
f 1330//1755 1331//1753 1332//1756 
f 1236//1624 1237//1625 1330//1754 
f 1236//1624 1330//1754 1313//1726 
f 1333//1757 1332//1756 1334//1758 
f 1313//1726 1335//1759 1315//1728 
f 1336//1760 1333//1761 1334//1758 
f 1315//1728 1335//1759 1316//1730 
f 1337//1762 1338//1763 1336//1760 
f 1316//1730 1339//1764 1318//1732 
f 1340//1765 1338//1766 1337//1762 
f 1339//1767 1319//1734 1318//1732 
f 1282//1685 1341//1768 1340//1765 
f 1282//1685 1278//1679 1341//1768 
f 1339//1769 1321//1737 1319//1734 
f 1278//1679 1277//1678 1341//1770 
f 1341//1770 1323//1740 1321//1737 
f 1277//1678 1275//1675 1341//1770 
f 1275//1675 1323//1740 1341//1770 
f 1275//1675 1274//1674 1323//1740 
f 1221//1605 1223//1607 1342//1771 
f 1221//1605 1342//1771 1343//1772 
f 1220//1604 1221//1605 1343//1772 
f 1343//1772 1342//1771 1344//1773 
f 1219//1602 1220//1604 1343//1774 
f 1343//1772 1344//1773 1345//1775 
f 1218//1601 1219//1602 1343//1776 
f 1218//1601 1343//1776 1329//1751 
f 1346//1777 1345//1775 1347//1778 
f 1329//1751 1348//1779 1331//1753 
f 1349//1780 1346//1781 1347//1778 
f 1331//1753 1348//1782 1332//1756 
f 1350//1783 1346//1784 1349//1780 
f 1332//1756 1351//1785 1334//1758 
f 1352//1786 1353//1787 1350//1783 
f 1351//1788 1336//1760 1334//1758 
f 1284//1687 1353//1787 1352//1786 
f 1284//1687 1283//1686 1353//1787 
f 1353//1789 1337//1762 1336//1760 
f 1283//1686 1287//1689 1353//1787 
f 1353//1790 1340//1765 1337//1762 
f 1287//1689 1288//1690 1353//1790 
f 1288//1690 1340//1765 1353//1790 
f 1288//1690 1282//1685 1340//1765 
f 1199//1575 1198//1574 1303//1711 
f 1199//1575 1303//1711 1354//1791 
f 1201//1578 1199//1575 1354//1791 
f 1354//1791 1303//1711 1304//1712 
f 1203//1581 1201//1578 1355//1792 
f 1354//1791 1304//1712 1305//1713 
f 1206//1585 1203//1581 1355//1793 
f 1356//1794 1305//1713 1307//1715 
f 1209//1589 1206//1585 1357//1795 
f 1308//1717 1356//1796 1307//1715 
f 1212//1593 1209//1589 1357//1797 
f 1311//1724 1356//1798 1308//1717 
f 1222//1606 1212//1593 1358//1799 
f 1312//1725 1359//1800 1311//1724 
f 1223//1607 1222//1606 1358//1799 
f 1223//1607 1358//1799 1342//1771 
f 1342//1771 1358//1801 1344//1773 
f 1344//1773 1358//1801 1345//1775 
f 1345//1775 1360//1802 1347//1778 
f 1360//1803 1349//1780 1347//1778 
f 1247//1639 1359//1800 1312//1725 
f 1247//1639 1245//1636 1359//1800 
f 1245//1636 1246//1638 1361//1804 
f 1246//1638 1250//1642 1361//1805 
f 1250//1642 1252//1645 1361//1806 
f 1252//1645 1254//1649 1362//1807 
f 1254//1649 1257//1653 1362//1808 
f 1360//1809 1350//1783 1349//1780 
f 1257//1653 1285//1688 1360//1809 
f 1360//1809 1352//1786 1350//1783 
f 1285//1688 1352//1786 1360//1809 
f 1285//1688 1284//1687 1352//1786 
f 1363//1562 1364//1563 1365//1564 
f 1366//1565 1364//1563 1363//1562 
f 1363//1562 1365//1564 1367//1566 
f 1364//1563 1368//1567 1365//1564 
f 1369//1568 1367//1566 1365//1564 
f 1366//1569 1370//1570 1364//1563 
f 1364//1563 1370//1570 1368//1567 
f 1371//1571 1366//1572 1372//1573 
f 1373//1574 1366//1572 1371//1571 
f 1373//1574 1374//1575 1366//1572 
f 1372//1573 1367//1576 1375//1577 
f 1374//1575 1376//1578 1366//1572 
f 1375//1577 1367//1579 1377//1580 
f 1376//1578 1378//1581 1366//1582 
f 1367//1583 1379//1584 1377//1580 
f 1378//1581 1380//1585 1381//1586 
f 1367//1587 1382//1588 1379//1584 
f 1380//1585 1383//1589 1381//1590 
f 1384//1591 1385//1592 1382//1588 
f 1383//1589 1386//1593 1381//1594 
f 1370//1570 1381//1595 1387//1596 
f 1370//1570 1387//1596 1368//1567 
f 1381//1595 1388//1597 1387//1596 
f 1381//1598 1389//1599 1388//1597 
f 1390//1600 1391//1601 1389//1599 
f 1390//1600 1392//1602 1391//1601 
f 1390//1603 1393//1604 1392//1602 
f 1390//1603 1394//1605 1393//1604 
f 1386//1593 1395//1606 1390//1603 
f 1395//1606 1394//1605 1390//1603 
f 1395//1606 1396//1607 1394//1605 
f 1397//1608 1365//1564 1368//1567 
f 1398//1609 1397//1608 1368//1567 
f 1399//1610 1397//1608 1398//1609 
f 1400//1611 1369//1568 1397//1608 
f 1397//1608 1369//1568 1365//1564 
f 1401//1612 1402//1613 1400//1614 
f 1402//1613 1403//1615 1400//1616 
f 1403//1615 1404//1617 1384//1591 
f 1404//1617 1405//1618 1384//1591 
f 1405//1618 1385//1592 1384//1591 
f 1405//1618 1406//1619 1385//1592 
f 1407//1620 1401//1612 1400//1621 
f 1408//1622 1407//1620 1399//1623 
f 1409//1624 1408//1622 1399//1623 
f 1409//1624 1399//1623 1410//1625 
f 1410//1625 1399//1623 1411//1626 
f 1411//1626 1399//1627 1412//1628 
f 1399//1629 1398//1609 1387//1596 
f 1398//1609 1368//1567 1387//1596 
f 1399//1629 1387//1596 1388//1597 
f 1399//1627 1388//1597 1389//1599 
f 1412//1628 1399//1627 1389//1599 
f 1412//1628 1389//1599 1391//1601 
f 1413//1630 1414//1631 1415//1632 
f 1416//1633 1413//1630 1415//1632 
f 1416//1634 1417//1635 1413//1630 
f 1413//1630 1417//1635 1414//1631 
f 1418//1636 1416//1637 1419//1638 
f 1420//1639 1416//1637 1418//1636 
f 1420//1639 1421//1640 1416//1637 
f 1419//1638 1422//1641 1423//1642 
f 1421//1640 1424//1643 1416//1637 
f 1423//1642 1425//1644 1426//1645 
f 1424//1643 1427//1646 1416//1647 
f 1425//1648 1428//1649 1426//1645 
f 1427//1646 1429//1650 1430//1651 
f 1431//1652 1432//1653 1428//1649 
f 1429//1650 1433//1654 1430//1655 
f 1433//1654 1434//1656 1430//1657 
f 1434//1656 1435//1658 1430//1659 
f 1435//1658 1436//1660 1430//1659 
f 1435//1658 1437//1661 1436//1660 
f 1430//1659 1436//1660 1438//1662 
f 1430//1659 1438//1662 1439//1663 
f 1440//1664 1439//1663 1441//1665 
f 1442//1666 1440//1667 1441//1665 
f 1443//1668 1440//1669 1442//1666 
f 1417//1635 1444//1670 1445//1671 
f 1417//1635 1445//1671 1414//1631 
f 1446//1672 1447//1673 1443//1668 
f 1448//1674 1447//1673 1446//1672 
f 1448//1674 1449//1675 1447//1673 
f 1447//1676 1450//1677 1445//1671 
f 1450//1677 1414//1631 1445//1671 
f 1449//1675 1451//1678 1447//1673 
f 1451//1678 1452//1679 1447//1680 
f 1447//1681 1453//1682 1450//1677 
f 1450//1677 1453//1682 1414//1631 
f 1447//1681 1454//1683 1453//1682 
f 1447//1680 1455//1684 1454//1683 
f 1452//1679 1455//1684 1447//1680 
f 1452//1679 1456//1685 1455//1684 
f 1457//1686 1458//1687 1459//1688 
f 1457//1686 1459//1688 1431//1652 
f 1431//1652 1459//1688 1432//1653 
f 1460//1689 1457//1686 1431//1652 
f 1461//1690 1460//1689 1431//1691 
f 1456//1685 1461//1690 1431//1692 
f 1456//1685 1431//1692 1455//1684 
f 1455//1684 1422//1693 1454//1683 
f 1454//1683 1422//1694 1453//1682 
f 1453//1682 1422//1694 1415//1632 
f 1453//1682 1415//1632 1414//1631 
f 1385//1592 1406//1619 1462//1695 
f 1385//1592 1462//1695 1463//1696 
f 1382//1588 1385//1592 1463//1696 
f 1463//1696 1462//1695 1464//1697 
f 1379//1584 1382//1588 1465//1698 
f 1463//1696 1464//1697 1466//1699 
f 1377//1580 1379//1584 1465//1700 
f 1463//1696 1466//1699 1467//1701 
f 1375//1577 1377//1580 1465//1702 
f 1468//1703 1469//1704 1467//1701 
f 1372//1573 1375//1577 1465//1705 
f 1470//1706 1469//1707 1468//1703 
f 1371//1571 1372//1573 1471//1708 
f 1472//1709 1473//1710 1470//1706 
f 1373//1574 1371//1571 1471//1708 
f 1373//1574 1471//1708 1474//1711 
f 1474//1711 1471//1708 1475//1712 
f 1475//1712 1471//1708 1476//1713 
f 1476//1713 1477//1714 1478//1715 
f 1477//1716 1479//1717 1478//1715 
f 1437//1661 1473//1710 1472//1709 
f 1437//1661 1435//1658 1473//1710 
f 1435//1658 1434//1656 1480//1718 
f 1434//1656 1433//1654 1480//1719 
f 1433//1654 1429//1650 1480//1720 
f 1429//1650 1427//1646 1481//1721 
f 1427//1646 1424//1643 1481//1722 
f 1477//1723 1482//1724 1479//1717 
f 1424//1643 1421//1640 1477//1723 
f 1477//1723 1483//1725 1482//1724 
f 1421//1640 1483//1725 1477//1723 
f 1421//1640 1420//1639 1483//1725 
f 1408//1622 1409//1624 1484//1726 
f 1408//1622 1484//1726 1485//1727 
f 1407//1620 1408//1622 1485//1727 
f 1485//1727 1484//1726 1486//1728 
f 1401//1612 1407//1620 1487//1729 
f 1485//1727 1486//1728 1488//1730 
f 1402//1613 1401//1612 1487//1731 
f 1485//1727 1488//1730 1489//1732 
f 1403//1615 1402//1613 1490//1733 
f 1491//1734 1492//1735 1489//1732 
f 1404//1617 1403//1615 1490//1736 
f 1493//1737 1492//1738 1491//1734 
f 1405//1618 1404//1617 1490//1739 
f 1494//1740 1495//1741 1493//1737 
f 1406//1619 1405//1618 1490//1739 
f 1406//1619 1490//1739 1462//1695 
f 1462//1695 1496//1742 1464//1697 
f 1464//1697 1496//1742 1466//1699 
f 1466//1699 1497//1743 1467//1701 
f 1497//1744 1468//1703 1467//1701 
f 1448//1674 1495//1741 1494//1740 
f 1448//1674 1446//1672 1495//1741 
f 1446//1672 1443//1668 1498//1745 
f 1443//1668 1442//1666 1498//1746 
f 1442//1666 1441//1665 1498//1747 
f 1441//1665 1439//1663 1499//1748 
f 1439//1663 1438//1662 1499//1749 
f 1497//1750 1470//1706 1468//1703 
f 1438//1662 1436//1660 1497//1750 
f 1497//1750 1472//1709 1470//1706 
f 1436//1660 1472//1709 1497//1750 
f 1436//1660 1437//1661 1472//1709 
f 1412//1628 1391//1601 1500//1751 
f 1412//1628 1500//1751 1501//1752 
f 1411//1626 1412//1628 1501//1752 
f 1501//1752 1500//1751 1502//1753 
f 1410//1625 1411//1626 1501//1754 
f 1501//1755 1502//1753 1503//1756 
f 1409//1624 1410//1625 1501//1754 
f 1409//1624 1501//1754 1484//1726 
f 1501//1757 1503//1756 1504//1758 
f 1484//1726 1505//1759 1486//1728 
f 1506//1760 1501//1761 1504//1758 
f 1486//1728 1505//1759 1488//1730 
f 1507//1762 1508//1763 1506//1760 
f 1488//1730 1509//1764 1489//1732 
f 1510//1765 1508//1766 1507//1762 
f 1509//1767 1491//1734 1489//1732 
f 1456//1685 1508//1768 1510//1765 
f 1456//1685 1452//1679 1508//1768 
f 1509//1769 1493//1737 1491//1734 
f 1452//1679 1451//1678 1508//1770 
f 1508//1770 1494//1740 1493//1737 
f 1451//1678 1449//1675 1508//1770 
f 1449//1675 1494//1740 1508//1770 
f 1449//1675 1448//1674 1494//1740 
f 1394//1605 1396//1607 1511//1771 
f 1394//1605 1511//1771 1512//1772 
f 1393//1604 1394//1605 1512//1772 
f 1512//1772 1511//1771 1513//1773 
f 1392//1602 1393//1604 1512//1774 
f 1512//1772 1513//1773 1514//1775 
f 1391//1601 1392//1602 1512//1776 
f 1391//1601 1512//1776 1500//1751 
f 1515//1777 1514//1775 1516//1778 
f 1500//1751 1512//1779 1502//1753 
f 1517//1780 1515//1781 1516//1778 
f 1502//1753 1518//1782 1503//1756 
f 1519//1783 1515//1784 1517//1780 
f 1503//1756 1518//1785 1504//1758 
f 1520//1786 1521//1787 1519//1783 
f 1518//1788 1506//1760 1504//1758 
f 1458//1687 1521//1787 1520//1786 
f 1458//1687 1457//1686 1521//1787 
f 1521//1789 1507//1762 1506//1760 
f 1457//1686 1460//1689 1521//1787 
f 1521//1790 1510//1765 1507//1762 
f 1460//1689 1461//1690 1521//1790 
f 1461//1690 1510//1765 1521//1790 
f 1461//1690 1456//1685 1510//1765 
f 1374//1575 1373//1574 1474//1711 
f 1374//1575 1474//1711 1522//1791 
f 1376//1578 1374//1575 1522//1791 
f 1522//1791 1474//1711 1475//1712 
f 1378//1581 1376//1578 1523//1792 
f 1522//1791 1475//1712 1476//1713 
f 1380//1585 1378//1581 1523//1793 
f 1524//1794 1476//1713 1478//1715 
f 1383//1589 1380//1585 1523//1795 
f 1479//1717 1524//1796 1478//1715 
f 1386//1593 1383//1589 1523//1797 
f 1482//1724 1524//1798 1479//1717 
f 1395//1606 1386//1593 1525//1799 
f 1483//1725 1526//1800 1482//1724 
f 1396//1607 1395//1606 1525//1799 
f 1396//1607 1525//1799 1511//1771 
f 1511//1771 1525//1801 1513//1773 
f 1513//1773 1525//1801 1514//1775 
f 1514//1775 1527//1802 1516//1778 
f 1527//1803 1517//1780 1516//1778 
f 1420//1639 1526//1800 1483//1725 
f 1420//1639 1418//1636 1526//1800 
f 1418//1636 1419//1638 1528//1804 
f 1419//1638 1423//1642 1528//1805 
f 1423//1642 1426//1645 1528//1806 
f 1426//1645 1428//1649 1529//1807 
f 1428//1649 1432//1653 1529//1808 
f 1527//1809 1519//1783 1517//1780 
f 1432//1653 1459//1688 1527//1809 
f 1527//1809 1520//1786 1519//1783 
f 1459//1688 1520//1786 1527//1809 
f 1459//1688 1458//1687 1520//1786 
f 1530//1562 1531//1563 1532//1564 
f 1533//1565 1531//1563 1530//1562 
f 1530//1562 1532//1564 1534//1566 
f 1531//1563 1535//1567 1532//1564 
f 1536//1568 1534//1566 1532//1564 
f 1533//1569 1537//1570 1531//1563 
f 1531//1563 1537//1570 1535//1567 
f 1538//1571 1533//1572 1539//1573 
f 1540//1574 1533//1572 1538//1571 
f 1540//1574 1541//1575 1533//1572 
f 1539//1573 1534//1576 1542//1577 
f 1541//1575 1543//1578 1533//1572 
f 1542//1577 1534//1579 1544//1580 
f 1543//1578 1545//1581 1533//1582 
f 1546//1583 1547//1584 1544//1580 
f 1545//1581 1548//1585 1549//1586 
f 1546//1587 1550//1588 1547//1584 
f 1548//1585 1551//1589 1549//1590 
f 1552//1591 1553//1592 1550//1588 
f 1551//1589 1554//1593 1549//1594 
f 1537//1570 1555//1595 1556//1596 
f 1537//1570 1556//1596 1535//1567 
f 1555//1595 1557//1597 1556//1596 
f 1555//1598 1558//1599 1557//1597 
f 1559//1600 1560//1601 1558//1599 
f 1559//1600 1561//1602 1560//1601 
f 1559//1603 1562//1604 1561//1602 
f 1559//1603 1563//1605 1562//1604 
f 1554//1593 1564//1606 1559//1603 
f 1564//1606 1563//1605 1559//1603 
f 1564//1606 1565//1607 1563//1605 
f 1566//1608 1532//1564 1535//1567 
f 1567//1609 1566//1608 1535//1567 
f 1568//1610 1566//1608 1567//1609 
f 1569//1611 1536//1568 1566//1608 
f 1566//1608 1536//1568 1532//1564 
f 1570//1612 1571//1613 1569//1614 
f 1571//1613 1572//1615 1569//1616 
f 1572//1615 1573//1617 1552//1591 
f 1573//1617 1574//1618 1552//1591 
f 1574//1618 1553//1592 1552//1591 
f 1574//1618 1575//1619 1553//1592 
f 1576//1620 1570//1612 1569//1621 
f 1577//1622 1576//1620 1568//1623 
f 1578//1624 1577//1622 1568//1623 
f 1578//1624 1568//1623 1579//1625 
f 1579//1625 1568//1623 1580//1626 
f 1580//1626 1568//1627 1581//1628 
f 1568//1629 1567//1609 1556//1596 
f 1567//1609 1535//1567 1556//1596 
f 1568//1629 1556//1596 1557//1597 
f 1568//1627 1557//1597 1558//1599 
f 1581//1628 1568//1627 1558//1599 
f 1581//1628 1558//1599 1560//1601 
f 1582//1630 1583//1631 1584//1632 
f 1585//1633 1582//1630 1584//1632 
f 1585//1634 1586//1635 1582//1630 
f 1582//1630 1586//1635 1583//1631 
f 1587//1636 1585//1637 1588//1638 
f 1589//1639 1585//1637 1587//1636 
f 1589//1639 1590//1640 1585//1637 
f 1588//1638 1591//1641 1592//1642 
f 1590//1640 1593//1643 1585//1637 
f 1592//1642 1591//1644 1594//1645 
f 1593//1643 1595//1646 1585//1647 
f 1591//1648 1596//1649 1594//1645 
f 1595//1646 1597//1650 1598//1651 
f 1591//1652 1599//1653 1596//1649 
f 1597//1650 1600//1654 1598//1655 
f 1600//1654 1601//1656 1598//1657 
f 1601//1656 1602//1658 1603//1659 
f 1602//1658 1604//1660 1603//1659 
f 1602//1658 1605//1661 1604//1660 
f 1603//1659 1604//1660 1606//1662 
f 1603//1659 1606//1662 1607//1663 
f 1608//1664 1607//1663 1609//1665 
f 1610//1666 1608//1667 1609//1665 
f 1611//1668 1608//1669 1610//1666 
f 1586//1635 1612//1670 1613//1671 
f 1586//1635 1613//1671 1583//1631 
f 1614//1672 1615//1673 1611//1668 
f 1616//1674 1615//1673 1614//1672 
f 1616//1674 1617//1675 1615//1673 
f 1615//1676 1618//1677 1613//1671 
f 1618//1677 1583//1631 1613//1671 
f 1617//1675 1619//1678 1615//1673 
f 1619//1678 1620//1679 1615//1680 
f 1615//1681 1621//1682 1618//1677 
f 1618//1677 1621//1682 1583//1631 
f 1615//1681 1622//1683 1621//1682 
f 1615//1680 1623//1684 1622//1683 
f 1620//1679 1623//1684 1615//1680 
f 1620//1679 1624//1685 1623//1684 
f 1625//1686 1626//1687 1627//1688 
f 1625//1686 1627//1688 1628//1691 
f 1628//1691 1627//1688 1599//1653 
f 1629//1689 1625//1686 1628//1691 
f 1630//1690 1629//1689 1628//1691 
f 1624//1685 1630//1690 1628//1692 
f 1624//1685 1628//1692 1623//1684 
f 1623//1684 1628//1693 1622//1683 
f 1622//1683 1631//1694 1621//1682 
f 1621//1682 1631//1694 1584//1632 
f 1621//1682 1584//1632 1583//1631 
f 1553//1592 1575//1619 1632//1695 
f 1553//1592 1632//1695 1633//1696 
f 1550//1588 1553//1592 1633//1696 
f 1633//1696 1632//1695 1634//1697 
f 1547//1584 1550//1588 1635//1698 
f 1633//1696 1634//1697 1636//1699 
f 1544//1580 1547//1584 1635//1700 
f 1633//1696 1636//1699 1637//1701 
f 1542//1577 1544//1580 1638//1702 
f 1639//1703 1640//1704 1637//1701 
f 1539//1573 1542//1577 1638//1705 
f 1641//1706 1640//1707 1639//1703 
f 1538//1571 1539//1573 1642//1708 
f 1643//1709 1644//1710 1641//1706 
f 1540//1574 1538//1571 1642//1708 
f 1540//1574 1642//1708 1645//1711 
f 1645//1711 1642//1810 1646//1712 
f 1646//1712 1642//1810 1647//1713 
f 1647//1713 1648//1714 1649//1715 
f 1648//1716 1650//1717 1649//1715 
f 1605//1661 1644//1710 1643//1709 
f 1605//1661 1602//1658 1644//1710 
f 1602//1658 1601//1656 1651//1718 
f 1601//1656 1600//1654 1651//1719 
f 1600//1654 1597//1650 1651//1720 
f 1597//1650 1595//1646 1652//1721 
f 1595//1646 1593//1643 1652//1722 
f 1648//1723 1653//1724 1650//1717 
f 1593//1643 1590//1640 1648//1723 
f 1648//1723 1654//1725 1653//1724 
f 1590//1640 1654//1725 1648//1723 
f 1590//1640 1589//1639 1654//1725 
f 1577//1622 1578//1624 1655//1726 
f 1577//1622 1655//1726 1656//1727 
f 1576//1620 1577//1622 1656//1727 
f 1656//1727 1655//1726 1657//1728 
f 1570//1612 1576//1620 1658//1729 
f 1656//1727 1657//1728 1659//1730 
f 1571//1613 1570//1612 1658//1731 
f 1656//1727 1659//1730 1660//1732 
f 1572//1615 1571//1613 1661//1733 
f 1662//1734 1663//1735 1660//1732 
f 1573//1617 1572//1615 1661//1736 
f 1664//1737 1663//1738 1662//1734 
f 1574//1618 1573//1617 1665//1739 
f 1666//1740 1667//1741 1664//1737 
f 1575//1619 1574//1618 1665//1739 
f 1575//1619 1665//1739 1632//1695 
f 1632//1695 1668//1742 1634//1697 
f 1634//1697 1668//1742 1636//1699 
f 1636//1699 1669//1743 1637//1701 
f 1669//1744 1639//1703 1637//1701 
f 1616//1674 1667//1741 1666//1740 
f 1616//1674 1614//1672 1667//1741 
f 1614//1672 1611//1668 1670//1745 
f 1611//1668 1610//1666 1670//1746 
f 1610//1666 1609//1665 1670//1747 
f 1609//1665 1607//1663 1671//1748 
f 1607//1663 1606//1662 1671//1749 
f 1669//1750 1641//1706 1639//1703 
f 1606//1662 1604//1660 1669//1750 
f 1669//1750 1643//1709 1641//1706 
f 1604//1660 1643//1709 1669//1750 
f 1604//1660 1605//1661 1643//1709 
f 1581//1628 1560//1601 1672//1751 
f 1581//1628 1672//1751 1673//1752 
f 1580//1626 1581//1628 1673//1752 
f 1673//1752 1672//1751 1674//1753 
f 1579//1625 1580//1626 1673//1754 
f 1673//1755 1674//1753 1675//1756 
f 1578//1624 1579//1625 1673//1754 
f 1578//1624 1673//1754 1655//1726 
f 1676//1757 1675//1756 1677//1758 
f 1655//1726 1678//1759 1657//1728 
f 1679//1760 1676//1761 1677//1758 
f 1657//1728 1678//1759 1659//1730 
f 1680//1762 1681//1763 1679//1760 
f 1659//1730 1682//1764 1660//1732 
f 1683//1765 1681//1766 1680//1762 
f 1682//1767 1662//1734 1660//1732 
f 1624//1685 1684//1768 1683//1765 
f 1624//1685 1620//1679 1684//1768 
f 1682//1769 1664//1737 1662//1734 
f 1620//1679 1619//1678 1684//1770 
f 1684//1770 1666//1740 1664//1737 
f 1619//1678 1617//1675 1684//1770 
f 1617//1675 1666//1740 1684//1770 
f 1617//1675 1616//1674 1666//1740 
f 1563//1605 1565//1607 1685//1771 
f 1563//1605 1685//1771 1686//1772 
f 1562//1604 1563//1605 1686//1772 
f 1686//1772 1685//1771 1687//1773 
f 1561//1602 1562//1604 1686//1774 
f 1686//1772 1687//1773 1688//1775 
f 1560//1601 1561//1602 1686//1776 
f 1560//1601 1686//1776 1672//1751 
f 1689//1777 1688//1775 1690//1778 
f 1672//1751 1691//1779 1674//1753 
f 1692//1780 1689//1781 1690//1778 
f 1674//1753 1691//1782 1675//1756 
f 1693//1783 1689//1784 1692//1780 
f 1675//1756 1694//1785 1677//1758 
f 1695//1786 1696//1787 1693//1783 
f 1694//1788 1679//1760 1677//1758 
f 1626//1687 1696//1787 1695//1786 
f 1626//1687 1625//1686 1696//1787 
f 1696//1789 1680//1762 1679//1760 
f 1625//1686 1629//1689 1696//1787 
f 1696//1790 1683//1765 1680//1762 
f 1629//1689 1630//1690 1696//1790 
f 1630//1690 1683//1765 1696//1790 
f 1630//1690 1624//1685 1683//1765 
f 1541//1575 1540//1574 1645//1711 
f 1541//1575 1645//1711 1697//1791 
f 1543//1578 1541//1575 1697//1791 
f 1697//1791 1645//1711 1646//1712 
f 1545//1581 1543//1578 1698//1792 
f 1697//1791 1646//1712 1647//1713 
f 1548//1585 1545//1581 1698//1793 
f 1699//1794 1647//1713 1649//1715 
f 1551//1589 1548//1585 1700//1795 
f 1650//1717 1699//1796 1649//1715 
f 1554//1593 1551//1589 1700//1797 
f 1653//1724 1699//1798 1650//1717 
f 1564//1606 1554//1593 1701//1799 
f 1654//1725 1702//1800 1653//1724 
f 1565//1607 1564//1606 1701//1799 
f 1565//1607 1701//1799 1685//1771 
f 1685//1771 1701//1801 1687//1773 
f 1687//1773 1701//1801 1688//1775 
f 1688//1775 1703//1802 1690//1778 
f 1703//1803 1692//1780 1690//1778 
f 1589//1639 1702//1800 1654//1725 
f 1589//1639 1587//1636 1702//1800 
f 1587//1636 1588//1638 1704//1804 
f 1588//1638 1592//1642 1704//1805 
f 1592//1642 1594//1645 1704//1806 
f 1594//1645 1596//1649 1705//1807 
f 1596//1649 1599//1653 1705//1808 
f 1703//1809 1693//1783 1692//1780 
f 1599//1653 1627//1688 1703//1809 
f 1703//1809 1695//1786 1693//1783 
f 1627//1688 1695//1786 1703//1809 
f 1627//1688 1626//1687 1695//1786 
f 1706//1562 1707//1563 1708//1564 
f 1709//1565 1707//1563 1706//1562 
f 1706//1562 1708//1564 1710//1566 
f 1707//1563 1711//1567 1708//1564 
f 1712//1568 1710//1566 1708//1564 
f 1709//1569 1713//1570 1707//1563 
f 1707//1563 1713//1570 1711//1567 
f 1714//1571 1709//1572 1715//1573 
f 1716//1574 1709//1572 1714//1571 
f 1716//1574 1717//1575 1709//1572 
f 1715//1573 1710//1576 1718//1577 
f 1717//1575 1719//1578 1709//1572 
f 1718//1577 1710//1579 1720//1580 
f 1719//1578 1721//1581 1709//1582 
f 1722//1583 1723//1584 1720//1580 
f 1721//1581 1724//1585 1725//1586 
f 1722//1587 1726//1588 1723//1584 
f 1724//1585 1727//1589 1725//1590 
f 1728//1591 1729//1592 1726//1588 
f 1727//1589 1730//1593 1731//1594 
f 1713//1570 1732//1595 1733//1596 
f 1713//1570 1733//1596 1711//1567 
f 1732//1595 1734//1597 1733//1596 
f 1732//1598 1735//1599 1734//1597 
f 1732//1600 1736//1601 1735//1599 
f 1732//1600 1737//1602 1736//1601 
f 1732//1603 1738//1604 1737//1602 
f 1731//1594 1739//1605 1738//1604 
f 1730//1593 1740//1606 1731//1594 
f 1740//1606 1739//1605 1731//1594 
f 1740//1606 1741//1607 1739//1605 
f 1742//1608 1708//1564 1711//1567 
f 1743//1609 1742//1608 1711//1567 
f 1744//1610 1742//1608 1743//1609 
f 1745//1611 1712//1568 1742//1608 
f 1742//1608 1712//1568 1708//1564 
f 1746//1612 1747//1613 1745//1614 
f 1747//1613 1748//1615 1745//1616 
f 1748//1615 1749//1617 1728//1591 
f 1749//1617 1750//1618 1728//1591 
f 1750//1618 1729//1592 1728//1591 
f 1750//1618 1751//1619 1729//1592 
f 1752//1620 1746//1612 1745//1621 
f 1753//1622 1752//1620 1744//1623 
f 1754//1624 1753//1622 1744//1623 
f 1754//1624 1744//1623 1755//1625 
f 1755//1625 1744//1623 1756//1626 
f 1756//1626 1744//1627 1757//1628 
f 1744//1629 1743//1609 1733//1596 
f 1743//1609 1711//1567 1733//1596 
f 1744//1629 1733//1596 1734//1597 
f 1744//1627 1734//1597 1735//1599 
f 1757//1628 1744//1627 1735//1599 
f 1757//1628 1735//1599 1736//1601 
f 1758//1630 1759//1631 1760//1632 
f 1761//1633 1758//1630 1760//1632 
f 1761//1634 1762//1635 1758//1630 
f 1758//1630 1762//1635 1759//1631 
f 1763//1636 1761//1637 1764//1638 
f 1765//1639 1761//1637 1763//1636 
f 1765//1639 1766//1640 1761//1637 
f 1764//1638 1767//1641 1768//1642 
f 1766//1640 1769//1643 1761//1637 
f 1768//1642 1770//1644 1771//1645 
f 1769//1643 1772//1646 1761//1647 
f 1770//1648 1773//1649 1771//1645 
f 1772//1646 1774//1650 1775//1651 
f 1776//1652 1777//1653 1773//1649 
f 1774//1650 1778//1654 1775//1655 
f 1778//1654 1779//1656 1775//1657 
f 1779//1656 1780//1658 1781//1659 
f 1780//1658 1782//1660 1781//1659 
f 1780//1658 1783//1661 1782//1660 
f 1781//1659 1782//1660 1784//1662 
f 1781//1659 1784//1662 1785//1663 
f 1786//1664 1785//1663 1787//1665 
f 1788//1666 1786//1667 1787//1665 
f 1789//1668 1786//1669 1788//1666 
f 1762//1635 1790//1670 1791//1671 
f 1762//1635 1791//1671 1759//1631 
f 1792//1672 1793//1673 1789//1668 
f 1794//1674 1793//1673 1792//1672 
f 1794//1674 1795//1675 1793//1673 
f 1793//1676 1796//1677 1791//1671 
f 1796//1677 1759//1631 1791//1671 
f 1795//1675 1797//1678 1793//1673 
f 1797//1678 1798//1679 1793//1680 
f 1793//1681 1799//1682 1796//1677 
f 1796//1677 1799//1682 1759//1631 
f 1793//1681 1800//1683 1799//1682 
f 1793//1680 1801//1684 1800//1683 
f 1798//1679 1801//1684 1793//1680 
f 1798//1679 1802//1685 1801//1684 
f 1803//1686 1804//1687 1805//1688 
f 1803//1686 1805//1688 1776//1652 
f 1776//1652 1805//1688 1777//1653 
f 1806//1689 1803//1686 1776//1652 
f 1807//1690 1806//1689 1776//1691 
f 1802//1685 1807//1690 1776//1692 
f 1802//1685 1776//1692 1801//1684 
f 1801//1684 1767//1693 1800//1683 
f 1800//1683 1767//1694 1799//1682 
f 1799//1682 1767//1694 1760//1632 
f 1799//1682 1760//1632 1759//1631 
f 1729//1592 1751//1619 1808//1695 
f 1729//1592 1808//1695 1809//1696 
f 1726//1588 1729//1592 1809//1696 
f 1809//1696 1808//1695 1810//1697 
f 1723//1584 1726//1588 1811//1698 
f 1809//1696 1810//1697 1812//1699 
f 1720//1580 1723//1584 1811//1700 
f 1809//1696 1812//1699 1813//1701 
f 1718//1577 1720//1580 1814//1702 
f 1815//1703 1816//1704 1813//1701 
f 1715//1573 1718//1577 1814//1705 
f 1817//1706 1816//1707 1815//1703 
f 1714//1571 1715//1573 1818//1708 
f 1819//1709 1820//1710 1817//1706 
f 1716//1574 1714//1571 1818//1708 
f 1716//1574 1818//1708 1821//1711 
f 1821//1711 1818//1810 1822//1712 
f 1822//1712 1818//1810 1823//1713 
f 1823//1713 1824//1714 1825//1715 
f 1824//1716 1826//1717 1825//1715 
f 1783//1661 1820//1710 1819//1709 
f 1783//1661 1780//1658 1820//1710 
f 1780//1658 1779//1656 1827//1718 
f 1779//1656 1778//1654 1827//1719 
f 1778//1654 1774//1650 1827//1720 
f 1774//1650 1772//1646 1828//1721 
f 1772//1646 1769//1643 1828//1722 
f 1824//1723 1829//1724 1826//1717 
f 1769//1643 1766//1640 1824//1723 
f 1824//1723 1830//1725 1829//1724 
f 1766//1640 1830//1725 1824//1723 
f 1766//1640 1765//1639 1830//1725 
f 1753//1622 1754//1624 1831//1726 
f 1753//1622 1831//1726 1832//1727 
f 1752//1620 1753//1622 1832//1727 
f 1832//1727 1831//1726 1833//1728 
f 1746//1612 1752//1620 1834//1729 
f 1832//1727 1833//1728 1835//1730 
f 1747//1613 1746//1612 1834//1731 
f 1832//1727 1835//1730 1836//1732 
f 1748//1615 1747//1613 1837//1733 
f 1838//1734 1839//1735 1836//1732 
f 1749//1617 1748//1615 1837//1736 
f 1840//1737 1839//1738 1838//1734 
f 1750//1618 1749//1617 1841//1739 
f 1842//1740 1843//1741 1840//1737 
f 1751//1619 1750//1618 1841//1739 
f 1751//1619 1841//1739 1808//1695 
f 1808//1695 1844//1742 1810//1697 
f 1810//1697 1844//1742 1812//1699 
f 1812//1699 1845//1743 1813//1701 
f 1845//1744 1815//1703 1813//1701 
f 1794//1674 1843//1741 1842//1740 
f 1794//1674 1792//1672 1843//1741 
f 1792//1672 1789//1668 1846//1745 
f 1789//1668 1788//1666 1846//1746 
f 1788//1666 1787//1665 1846//1747 
f 1787//1665 1785//1663 1847//1748 
f 1785//1663 1784//1662 1847//1749 
f 1845//1750 1817//1706 1815//1703 
f 1784//1662 1782//1660 1845//1750 
f 1845//1750 1819//1709 1817//1706 
f 1782//1660 1819//1709 1845//1750 
f 1782//1660 1783//1661 1819//1709 
f 1757//1628 1736//1601 1848//1751 
f 1757//1628 1848//1751 1849//1752 
f 1756//1626 1757//1628 1849//1752 
f 1849//1752 1848//1751 1850//1753 
f 1755//1625 1756//1626 1849//1754 
f 1849//1755 1850//1753 1851//1756 
f 1754//1624 1755//1625 1849//1754 
f 1754//1624 1849//1754 1831//1726 
f 1852//1757 1851//1756 1853//1758 
f 1831//1726 1854//1759 1833//1728 
f 1855//1760 1852//1761 1853//1758 
f 1833//1728 1854//1759 1835//1730 
f 1856//1762 1857//1763 1855//1760 
f 1835//1730 1858//1764 1836//1732 
f 1859//1765 1857//1766 1856//1762 
f 1858//1767 1838//1734 1836//1732 
f 1802//1685 1860//1768 1859//1765 
f 1802//1685 1798//1679 1860//1768 
f 1858//1769 1840//1737 1838//1734 
f 1798//1679 1797//1678 1860//1770 
f 1860//1770 1842//1740 1840//1737 
f 1797//1678 1795//1675 1860//1770 
f 1795//1675 1842//1740 1860//1770 
f 1795//1675 1794//1674 1842//1740 
f 1739//1605 1741//1607 1861//1771 
f 1739//1605 1861//1771 1862//1774 
f 1738//1604 1739//1605 1862//1774 
f 1862//1774 1861//1771 1863//1773 
f 1737//1602 1738//1604 1862//1774 
f 1864//1777 1863//1773 1865//1775 
f 1736//1601 1737//1602 1862//1776 
f 1736//1601 1862//1776 1848//1751 
f 1864//1777 1865//1775 1866//1778 
f 1848//1751 1862//1779 1850//1753 
f 1867//1780 1868//1781 1866//1778 
f 1850//1753 1869//1782 1851//1756 
f 1870//1783 1868//1784 1867//1780 
f 1851//1756 1869//1785 1853//1758 
f 1871//1786 1872//1787 1870//1783 
f 1869//1788 1855//1760 1853//1758 
f 1804//1687 1872//1787 1871//1786 
f 1804//1687 1803//1686 1872//1787 
f 1872//1789 1856//1762 1855//1760 
f 1803//1686 1806//1689 1872//1787 
f 1872//1790 1859//1765 1856//1762 
f 1806//1689 1807//1690 1872//1790 
f 1807//1690 1859//1765 1872//1790 
f 1807//1690 1802//1685 1859//1765 
f 1717//1575 1716//1574 1821//1711 
f 1717//1575 1821//1711 1873//1791 
f 1719//1578 1717//1575 1873//1791 
f 1873//1791 1821//1711 1822//1712 
f 1721//1581 1719//1578 1874//1792 
f 1873//1791 1822//1712 1823//1713 
f 1724//1585 1721//1581 1874//1793 
f 1875//1794 1823//1713 1825//1715 
f 1727//1589 1724//1585 1876//1795 
f 1826//1717 1875//1796 1825//1715 
f 1730//1593 1727//1589 1876//1797 
f 1829//1724 1875//1798 1826//1717 
f 1740//1606 1730//1593 1877//1799 
f 1830//1725 1878//1800 1829//1724 
f 1741//1607 1740//1606 1877//1799 
f 1741//1607 1877//1799 1861//1771 
f 1861//1771 1877//1801 1863//1773 
f 1863//1773 1877//1801 1865//1775 
f 1865//1775 1879//1802 1866//1778 
f 1879//1803 1867//1780 1866//1778 
f 1765//1639 1878//1800 1830//1725 
f 1765//1639 1763//1636 1878//1800 
f 1763//1636 1764//1638 1880//1804 
f 1764//1638 1768//1642 1880//1805 
f 1768//1642 1771//1645 1880//1806 
f 1771//1645 1773//1649 1881//1807 
f 1773//1649 1777//1653 1881//1808 
f 1879//1809 1870//1783 1867//1780 
f 1777//1653 1805//1688 1879//1809 
f 1879//1809 1871//1786 1870//1783 
f 1805//1688 1871//1786 1879//1809 
f 1805//1688 1804//1687 1871//1786 
f 1882//1562 1883//1563 1884//1564 
f 1885//1565 1883//1563 1882//1562 
f 1882//1562 1884//1564 1886//1566 
f 1883//1563 1887//1567 1884//1564 
f 1888//1568 1886//1566 1884//1564 
f 1885//1569 1889//1570 1883//1563 
f 1883//1563 1889//1570 1887//1567 
f 1890//1571 1885//1572 1891//1573 
f 1892//1574 1885//1572 1890//1571 
f 1892//1574 1893//1575 1885//1572 
f 1891//1573 1886//1576 1894//1577 
f 1893//1575 1895//1578 1885//1572 
f 1894//1577 1886//1579 1896//1580 
f 1895//1578 1897//1581 1885//1582 
f 1886//1583 1898//1584 1896//1580 
f 1897//1581 1899//1585 1900//1586 
f 1886//1587 1901//1588 1898//1584 
f 1899//1585 1902//1589 1900//1590 
f 1903//1591 1904//1592 1901//1588 
f 1902//1589 1905//1593 1900//1594 
f 1889//1570 1900//1595 1906//1596 
f 1889//1570 1906//1596 1887//1567 
f 1900//1595 1907//1597 1906//1596 
f 1900//1598 1908//1599 1907//1597 
f 1909//1600 1910//1601 1908//1599 
f 1909//1600 1911//1602 1910//1601 
f 1909//1603 1912//1604 1911//1602 
f 1909//1603 1913//1605 1912//1604 
f 1905//1593 1914//1606 1909//1603 
f 1914//1606 1913//1605 1909//1603 
f 1914//1606 1915//1607 1913//1605 
f 1916//1608 1884//1564 1887//1567 
f 1917//1609 1916//1608 1887//1567 
f 1918//1610 1916//1608 1917//1609 
f 1919//1611 1888//1568 1916//1608 
f 1916//1608 1888//1568 1884//1564 
f 1920//1612 1921//1613 1919//1614 
f 1921//1613 1922//1615 1919//1616 
f 1922//1615 1923//1617 1903//1591 
f 1923//1617 1924//1618 1903//1591 
f 1924//1618 1904//1592 1903//1591 
f 1924//1618 1925//1619 1904//1592 
f 1926//1620 1920//1612 1919//1621 
f 1927//1622 1926//1620 1918//1623 
f 1928//1624 1927//1622 1918//1623 
f 1928//1624 1918//1623 1929//1625 
f 1929//1625 1918//1623 1930//1626 
f 1930//1626 1918//1627 1931//1628 
f 1918//1629 1917//1609 1906//1596 
f 1917//1609 1887//1567 1906//1596 
f 1918//1629 1906//1596 1907//1597 
f 1918//1627 1907//1597 1908//1599 
f 1931//1628 1918//1627 1908//1599 
f 1931//1628 1908//1599 1910//1601 
f 1932//1630 1933//1631 1934//1632 
f 1935//1633 1932//1630 1934//1632 
f 1935//1634 1936//1635 1932//1630 
f 1932//1630 1936//1635 1933//1631 
f 1937//1636 1935//1637 1938//1638 
f 1939//1639 1935//1637 1937//1636 
f 1939//1639 1940//1640 1935//1637 
f 1938//1638 1941//1641 1942//1642 
f 1940//1640 1943//1643 1935//1637 
f 1942//1642 1941//1644 1944//1645 
f 1943//1643 1945//1646 1935//1647 
f 1941//1648 1946//1649 1944//1645 
f 1945//1646 1947//1650 1948//1651 
f 1941//1652 1949//1653 1946//1649 
f 1947//1650 1950//1654 1948//1655 
f 1950//1654 1951//1656 1948//1657 
f 1951//1656 1952//1658 1948//1659 
f 1952//1658 1953//1660 1948//1659 
f 1952//1658 1954//1661 1953//1660 
f 1948//1659 1953//1660 1955//1662 
f 1948//1659 1955//1662 1956//1663 
f 1957//1664 1956//1663 1958//1665 
f 1959//1666 1957//1667 1958//1665 
f 1960//1668 1957//1669 1959//1666 
f 1936//1635 1948//1670 1961//1671 
f 1936//1635 1961//1671 1933//1631 
f 1962//1672 1963//1673 1960//1668 
f 1964//1674 1963//1673 1962//1672 
f 1964//1674 1965//1675 1963//1673 
f 1963//1676 1966//1677 1961//1671 
f 1966//1677 1933//1631 1961//1671 
f 1965//1675 1967//1678 1963//1673 
f 1967//1678 1968//1679 1963//1680 
f 1963//1681 1969//1682 1966//1677 
f 1966//1677 1969//1682 1933//1631 
f 1963//1681 1970//1683 1969//1682 
f 1963//1680 1971//1684 1970//1683 
f 1968//1679 1971//1684 1963//1680 
f 1968//1679 1972//1685 1971//1684 
f 1973//1686 1974//1687 1975//1688 
f 1973//1686 1975//1688 1976//1691 
f 1976//1691 1975//1688 1949//1653 
f 1977//1689 1973//1686 1976//1691 
f 1978//1690 1977//1689 1976//1691 
f 1972//1685 1978//1690 1976//1692 
f 1972//1685 1976//1692 1971//1684 
f 1971//1684 1976//1693 1970//1683 
f 1970//1683 1941//1694 1969//1682 
f 1969//1682 1941//1694 1934//1632 
f 1969//1682 1934//1632 1933//1631 
f 1904//1592 1925//1619 1979//1695 
f 1904//1592 1979//1695 1980//1696 
f 1901//1588 1904//1592 1980//1696 
f 1980//1696 1979//1695 1981//1697 
f 1898//1584 1901//1588 1982//1698 
f 1980//1696 1981//1697 1983//1699 
f 1896//1580 1898//1584 1982//1700 
f 1980//1696 1983//1699 1984//1701 
f 1894//1577 1896//1580 1982//1702 
f 1985//1703 1986//1704 1984//1701 
f 1891//1573 1894//1577 1982//1705 
f 1987//1706 1986//1707 1985//1703 
f 1890//1571 1891//1573 1988//1708 
f 1989//1709 1990//1710 1987//1706 
f 1892//1574 1890//1571 1988//1708 
f 1892//1574 1988//1708 1991//1711 
f 1991//1711 1988//1708 1992//1712 
f 1992//1712 1988//1708 1993//1713 
f 1993//1713 1994//1714 1995//1715 
f 1994//1716 1996//1717 1995//1715 
f 1954//1661 1990//1710 1989//1709 
f 1954//1661 1952//1658 1990//1710 
f 1952//1658 1951//1656 1997//1718 
f 1951//1656 1950//1654 1997//1719 
f 1950//1654 1947//1650 1997//1720 
f 1947//1650 1945//1646 1994//1721 
f 1945//1646 1943//1643 1994//1722 
f 1994//1723 1998//1724 1996//1717 
f 1943//1643 1940//1640 1994//1723 
f 1994//1723 1999//1725 1998//1724 
f 1940//1640 1999//1725 1994//1723 
f 1940//1640 1939//1639 1999//1725 
f 1927//1622 1928//1624 2000//1726 
f 1927//1622 2000//1726 2001//1729 
f 1926//1620 1927//1622 2001//1729 
f 2001//1729 2000//1726 2002//1728 
f 1920//1612 1926//1620 2001//1729 
f 2001//1811 2002//1728 2003//1730 
f 1921//1613 1920//1612 2004//1731 
f 2001//1811 2003//1730 2005//1732 
f 1922//1615 1921//1613 2004//1733 
f 2006//1734 2007//1735 2005//1732 
f 1923//1617 1922//1615 2004//1736 
f 2008//1737 2007//1738 2006//1734 
f 1924//1618 1923//1617 2009//1739 
f 2010//1740 2011//1745 2008//1737 
f 1925//1619 1924//1618 2009//1739 
f 1925//1619 2009//1739 1979//1695 
f 1979//1695 2009//1742 1981//1697 
f 1981//1697 2009//1742 1983//1699 
f 1983//1699 2012//1743 1984//1701 
f 2012//1744 1985//1703 1984//1701 
f 1964//1674 2011//1745 2010//1740 
f 1964//1674 1962//1672 2011//1745 
f 1962//1672 1960//1668 2011//1745 
f 1960//1668 1959//1666 2011//1746 
f 1959//1666 1958//1665 2011//1747 
f 1958//1665 1956//1663 2013//1748 
f 1956//1663 1955//1662 2013//1749 
f 2012//1750 1987//1706 1985//1703 
f 1955//1662 1953//1660 2012//1750 
f 2012//1750 1989//1709 1987//1706 
f 1953//1660 1989//1709 2012//1750 
f 1953//1660 1954//1661 1989//1709 
f 1931//1628 1910//1601 2014//1751 
f 1931//1628 2014//1751 2015//1752 
f 1930//1626 1931//1628 2015//1752 
f 2015//1752 2014//1751 2016//1753 
f 1929//1625 1930//1626 2015//1754 
f 2015//1755 2016//1753 2017//1756 
f 1928//1624 1929//1625 2015//1754 
f 1928//1624 2015//1754 2000//1726 
f 2015//1757 2017//1756 2018//1758 
f 2000//1726 2019//1759 2002//1728 
f 2020//1760 2015//1761 2018//1758 
f 2002//1728 2019//1759 2003//1730 
f 2021//1762 2022//1763 2020//1760 
f 2003//1730 2019//1764 2005//1732 
f 2023//1765 2022//1766 2021//1762 
f 2019//1767 2006//1734 2005//1732 
f 1972//1685 2022//1768 2023//1765 
f 1972//1685 1968//1679 2022//1768 
f 2019//1769 2008//1737 2006//1734 
f 1968//1679 1967//1678 2022//1770 
f 2022//1770 2010//1740 2008//1737 
f 1967//1678 1965//1675 2022//1770 
f 1965//1675 2010//1740 2022//1770 
f 1965//1675 1964//1674 2010//1740 
f 1913//1605 1915//1607 2024//1771 
f 1913//1605 2024//1771 2025//1774 
f 1912//1604 1913//1605 2025//1774 
f 2025//1774 2024//1771 2026//1773 
f 1911//1602 1912//1604 2025//1774 
f 2025//1777 2026//1773 2027//1775 
f 1910//1601 1911//1602 2025//1776 
f 1910//1601 2025//1776 2014//1751 
f 2025//1777 2027//1775 2028//1778 
f 2014//1751 2025//1779 2016//1753 
f 2029//1780 2030//1781 2028//1778 
f 2016//1753 2030//1782 2017//1756 
f 2031//1783 2030//1784 2029//1780 
f 2017//1756 2030//1785 2018//1758 
f 2032//1786 2033//1787 2031//1783 
f 2030//1788 2020//1760 2018//1758 
f 1974//1687 2033//1787 2032//1786 
f 1974//1687 1973//1686 2033//1787 
f 2033//1789 2021//1762 2020//1760 
f 1973//1686 1977//1689 2033//1787 
f 2033//1790 2023//1765 2021//1762 
f 1977//1689 1978//1690 2033//1790 
f 1978//1690 2023//1765 2033//1790 
f 1978//1690 1972//1685 2023//1765 
f 1893//1575 1892//1574 1991//1711 
f 1893//1575 1991//1711 2034//1791 
f 1895//1578 1893//1575 2034//1791 
f 2034//1791 1991//1711 1992//1712 
f 1897//1581 1895//1578 2034//1792 
f 2034//1791 1992//1712 1993//1713 
f 1899//1585 1897//1581 2034//1793 
f 2035//1794 1993//1713 1995//1715 
f 1902//1589 1899//1585 2034//1795 
f 1996//1717 2035//1796 1995//1715 
f 1905//1593 1902//1589 2034//1797 
f 1998//1724 2035//1798 1996//1717 
f 1914//1606 1905//1593 2036//1799 
f 1999//1725 2037//1800 1998//1724 
f 1915//1607 1914//1606 2036//1799 
f 1915//1607 2036//1799 2024//1771 
f 2024//1771 2036//1801 2026//1773 
f 2026//1773 2036//1801 2027//1775 
f 2027//1775 2038//1802 2028//1778 
f 2038//1803 2029//1780 2028//1778 
f 1939//1639 2037//1800 1999//1725 
f 1939//1639 1937//1636 2037//1800 
f 1937//1636 1938//1638 2039//1804 
f 1938//1638 1942//1642 2039//1805 
f 1942//1642 1944//1645 2039//1806 
f 1944//1645 1946//1649 2038//1807 
f 1946//1649 1949//1653 2038//1808 
f 2038//1809 2031//1783 2029//1780 
f 1949//1653 1975//1688 2038//1809 
f 2038//1809 2032//1786 2031//1783 
f 1975//1688 2032//1786 2038//1809 
f 1975//1688 1974//1687 2032//1786 
f 1210//1591 1208//1588 1204//1587 
f 1210//1812 1192//1813 1194//1568 
f 1552//1812 1534//1813 1536//1568 
f 1552//1591 1550//1588 1546//1587 
f 1728//1591 1726//1588 1722//1587 
f 1728//1812 1710//1813 1712//1568 
f 1035//1812 1017//1813 1019//1568 
f 1035//1591 1033//1588 1029//1587 
f 859//1591 857//1588 853//1587 
f 859//1812 841//1813 843//1568 
f 895//1638 892//1637 898//1641 
f 892//1633 891//1632 898//1814 
f 1588//1638 1585//1637 1591//1641 
f 1585//1633 1584//1632 1631//1814 
f 1246//1638 1243//1637 1249//1641 
f 1243//1633 1242//1632 1289//1814 
f 1068//1633 1067//1632 1114//1814 
f 1071//1638 1068//1637 1074//1641 
f 1772//1646 1775//1651 1761//1647 
f 1761//1634 1790//1815 1762//1635 
f 1384//1591 1382//1588 1367//1587 
f 1384//1812 1367//1813 1369//1568 
f 1419//1638 1416//1637 1422//1641 
f 1416//1633 1415//1632 1422//1814 
f 1903//1591 1901//1588 1886//1587 
f 1903//1812 1886//1813 1888//1568 
f 1938//1638 1935//1637 1941//1641 
f 1935//1633 1934//1632 1941//1814 
f 1603//1659 1607//1663 1608//1664 
f 1612//1670 1608//1816 1613//1671 
f 1086//1659 1090//1663 1091//1664 
f 1095//1670 1091//1816 1096//1671 
f 921//1670 917//1816 922//1671 
f 912//1659 916//1663 917//1664 
f 1270//1670 1266//1816 1271//1671 
f 1261//1659 1265//1663 1266//1664 
f 1028//1581 1032//1586 1016//1582 
f 1016//1569 1032//1817 1020//1570 
f 1545//1581 1549//1586 1533//1582 
f 1533//1569 1555//1817 1537//1570 
f 1203//1581 1207//1586 1191//1582 
f 1191//1569 1213//1817 1195//1570 
f 852//1581 856//1586 840//1582 
f 840//1569 862//1817 844//1570 
f 1721//1581 1725//1586 1709//1582 
f 1709//1569 1725//1817 1713//1570 
f 1790//1670 1786//1816 1791//1671 
f 1781//1659 1785//1663 1786//1664 
f 1444//1670 1440//1816 1445//1671 
f 1430//1659 1439//1663 1440//1664 
f 1378//1581 1381//1586 1366//1582 
f 1366//1569 1381//1817 1370//1570 
f 1948//1670 1957//1816 1961//1671 
f 1948//1659 1956//1663 1957//1664 
f 1897//1581 1900//1586 1885//1582 
f 1885//1569 1900//1817 1889//1570 
f 1253//1646 1256//1651 1243//1647 
f 1243//1634 1270//1815 1244//1635 
f 1078//1646 1081//1651 1068//1647 
f 1068//1634 1095//1815 1069//1635 
f 903//1646 906//1651 892//1647 
f 892//1634 921//1815 893//1635 
f 1595//1646 1598//1651 1585//1647 
f 1585//1634 1612//1815 1586//1635 
f 1568//1610 1569//1611 1566//1608 
f 1576//1620 1569//1621 1568//1623 
f 1226//1610 1227//1611 1224//1608 
f 1234//1620 1227//1621 1226//1623 
f 1744//1610 1745//1611 1742//1608 
f 1752//1620 1745//1621 1744//1623 
f 1051//1610 1052//1611 1049//1608 
f 1059//1620 1052//1621 1051//1623 
f 875//1610 876//1611 873//1608 
f 883//1620 876//1621 875//1623 
f 1709//1572 1706//1562 1710//1576 
f 1715//1573 1709//1572 1710//1576 
f 1022//1573 1016//1572 1017//1576 
f 1016//1572 1013//1562 1017//1576 
f 1539//1573 1533//1572 1534//1576 
f 1533//1572 1530//1562 1534//1576 
f 840//1572 837//1562 841//1576 
f 846//1573 840//1572 841//1576 
f 1191//1572 1188//1562 1192//1576 
f 1197//1573 1191//1572 1192//1576 
f 1427//1646 1430//1651 1416//1647 
f 1416//1634 1444//1815 1417//1635 
f 1399//1610 1400//1611 1397//1608 
f 1407//1620 1400//1621 1399//1623 
f 1366//1572 1363//1562 1367//1576 
f 1372//1573 1366//1572 1367//1576 
f 1945//1646 1948//1651 1935//1647 
f 1935//1634 1948//1815 1936//1635 
f 1918//1610 1919//1611 1916//1608 
f 1926//1620 1919//1621 1918//1623 
f 1885//1572 1882//1562 1886//1576 
f 1891//1573 1885//1572 1886//1576 
f 1764//1638 1761//1637 1767//1641 
f 1761//1633 1760//1632 1767//1814 
f 1850//1753 1862//1779 1869//1782 
f 1870//1783 1872//1787 1868//1784 
f 1294//1699 1325//1742 1326//1743 
f 1321//1737 1324//1741 1320//1738 
f 1119//1699 1150//1742 1151//1743 
f 1146//1737 1149//1741 1145//1738 
f 1688//1775 1701//1801 1703//1802 
f 1653//1724 1702//1800 1699//1798 
f 1345//1775 1358//1801 1360//1802 
f 1311//1724 1359//1800 1356//1798 
f 1171//1775 1183//1801 1185//1802 
f 1136//1724 1184//1800 1181//1798 
f 996//1775 1008//1801 1010//1802 
f 960//1724 1009//1800 1006//1798 
f 1865//1775 1877//1801 1879//1802 
f 1829//1724 1878//1800 1875//1798 
f 1823//1713 1818//1810 1824//1714 
f 1809//1696 1813//1701 1816//1704 
f 954//1713 949//1708 955//1714 
f 940//1696 944//1701 947//1704 
f 1130//1713 1125//1810 1131//1714 
f 1116//1696 1120//1701 1123//1704 
f 1647//1713 1642//1810 1648//1714 
f 1633//1696 1637//1701 1640//1704 
f 1305//1713 1300//1810 1306//1714 
f 1291//1696 1295//1701 1298//1704 
f 1514//1775 1525//1801 1527//1802 
f 1522//1791 1476//1713 1524//1794 
f 1636//1699 1668//1742 1669//1743 
f 1656//1727 1660//1732 1663//1735 
f 1812//1699 1844//1742 1845//1743 
f 1832//1727 1836//1732 1839//1735 
f 943//1699 975//1742 976//1743 
f 963//1727 967//1732 970//1735 
f 1983//1699 2009//1742 2012//1743 
f 2008//1737 2011//1745 2007//1738 
f 2027//1775 2036//1801 2038//1802 
f 2034//1791 1993//1713 2035//1794 
f 1476//1713 1471//1708 1477//1714 
f 1463//1696 1467//1701 1469//1704 
f 1359//1818 2040//1819 1356//1820 
f 1206//1585 1355//1793 1357//1795 
f 1878//1818 2041//1819 1875//1820 
f 1724//1585 1874//1793 1876//1795 
f 1009//1818 2042//1819 1006//1820 
f 855//1585 1005//1793 1007//1795 
f 1702//1818 2043//1819 1699//1820 
f 1548//1585 1698//1793 1700//1795 
f 1184//1818 2044//1819 1181//1820 
f 1031//1585 1180//1793 1182//1795 
f 1466//1699 1496//1742 1497//1743 
f 1485//1727 1489//1732 1492//1735 
f 2045//1821 1668//1822 2046//1823 
f 1609//1665 1671//1748 1670//1747 
f 2047//1821 975//1822 2048//1823 
f 918//1665 978//1748 977//1747 
f 2049//1821 1844//1822 2050//1823 
f 1787//1665 1847//1748 1846//1747 
f 1231//1617 1317//1736 1322//1739 
f 1314//1811 1318//1732 1320//1735 
f 1139//1811 1143//1732 1145//1735 
f 1056//1617 1142//1736 1147//1739 
f 1993//1713 1988//1708 1994//1714 
f 1980//1696 1984//1701 1986//1704 
f 2051//1824 2052//1825 2053//1826 
f 1080//1650 1135//1721 1134//1720 
f 2054//1824 2055//1825 2056//1826 
f 905//1650 959//1721 958//1720 
f 1255//1650 1310//1721 1309//1720 
f 2057//1824 2058//1825 2059//1826 
f 2060//1824 2061//1825 2062//1826 
f 1597//1650 1652//1721 1651//1720 
f 1774//1650 1828//1721 1827//1720 
f 2063//1824 2064//1825 2065//1826 
f 1704//1827 1705//1828 2066//1829 
f 1594//1645 1705//1807 1704//1806 
f 1771//1645 1881//1807 1880//1806 
f 1880//1827 1881//1828 2067//1829 
f 1186//1827 1187//1828 2068//1829 
f 1077//1645 1187//1807 1186//1806 
f 902//1645 1012//1807 1011//1806 
f 1011//1827 1012//1828 2069//1829 
f 1252//1645 1362//1807 1361//1806 
f 1361//1827 1362//1828 2070//1829 
f 2071//1830 2072//1829 2073//1831 
f 1426//1645 1529//1807 1528//1806 
f 1715//1573 1814//1705 1818//1708 
f 2065//1832 1809//1833 1816//1834 
f 1539//1573 1638//1705 1642//1708 
f 2062//1832 1633//1833 1640//1834 
f 1022//1573 1121//1705 1125//1708 
f 2053//1832 1116//1833 1123//1834 
f 1197//1573 1296//1705 1300//1708 
f 2059//1832 1291//1833 1298//1834 
f 846//1573 945//1705 949//1708 
f 2056//1832 940//1833 947//1834 
f 1497//1821 1496//1822 2074//1823 
f 1441//1665 1499//1748 1498//1747 
f 1747//1613 1834//1731 1837//1733 
f 1841//1835 2075//1836 2050//1837 
f 1665//1835 2076//1836 2046//1837 
f 1571//1613 1658//1731 1661//1733 
f 972//1835 2077//1836 2048//1837 
f 878//1613 965//1731 968//1733 
f 2037//1830 2078//1829 2079//1831 
f 1944//1645 2038//1807 2039//1806 
f 2080//1824 2081//1825 2082//1826 
f 1429//1650 1481//1721 1480//1720 
f 1855//1760 1857//1763 1852//1761 
f 1860//1770 1840//1737 1858//1769 
f 1336//1760 1338//1763 1333//1761 
f 1341//1770 1321//1737 1339//1769 
f 986//1760 988//1763 983//1761 
f 991//1770 971//1737 989//1769 
f 1684//1770 1664//1737 1682//1769 
f 1679//1760 1681//1763 1676//1761 
f 1166//1770 1146//1737 1164//1769 
f 1161//1760 1163//1763 1158//1761 
f 1092//1665 1153//1748 1152//1747 
f 1152//1838 2083//1821 2084//1839 
f 1267//1665 1328//1748 1327//1747 
f 1327//1838 2085//1821 2086//1839 
f 1001//1783 1003//1787 997//1784 
f 1003//1789 986//1760 1000//1788 
f 1178//1789 1161//1760 1175//1788 
f 1176//1783 1178//1787 1172//1784 
f 1693//1783 1696//1787 1689//1784 
f 1675//1756 1691//1782 1694//1785 
f 1332//1756 1348//1782 1351//1785 
f 1350//1783 1353//1787 1346//1784 
f 1664//1737 1667//1741 1663//1738 
f 1670//1838 2045//1821 2046//1839 
f 971//1737 974//1741 970//1738 
f 977//1838 2047//1821 2048//1839 
f 1840//1737 1843//1741 1839//1738 
f 1846//1838 2049//1821 2050//1839 
f 2083//1821 1150//1822 2084//1823 
f 1147//1835 2087//1836 2084//1837 
f 2085//1821 1325//1822 2086//1823 
f 1322//1835 2088//1836 2086//1837 
f 1372//1573 1465//1705 1471//1708 
f 2082//1832 1463//1833 1469//1834 
f 2001//1811 2005//1732 2007//1735 
f 1923//1617 2004//1736 2009//1739 
f 1990//1824 2089//1825 2090//1826 
f 1947//1650 1994//1721 1997//1720 
f 2073//1840 1523//1841 1524//1842 
f 1386//1593 1523//1797 1525//1799 
f 1490//1835 1487//1836 2074//1837 
f 1402//1613 1487//1731 1490//1733 
f 1212//1593 1357//1797 1358//1799 
f 2070//1843 1357//1844 2091//1845 
f 1730//1593 1876//1797 1877//1799 
f 2067//1843 1876//1844 2092//1845 
f 2069//1843 1007//1844 2093//1845 
f 861//1593 1007//1797 1008//1799 
f 1037//1593 1182//1797 1183//1799 
f 2068//1843 1182//1844 2094//1845 
f 1554//1593 1700//1797 1701//1799 
f 2066//1843 1700//1844 2095//1845 
f 1506//1760 1508//1763 1501//1761 
f 1508//1770 1493//1737 1509//1769 
f 1519//1783 1521//1787 1515//1784 
f 1521//1789 1506//1760 1518//1788 
f 1493//1737 1495//1741 1492//1738 
f 1498//1838 1497//1821 2074//1839 
f 981//1753 995//1779 1000//1782 
f 993//1772 996//1775 997//1777 
f 1156//1753 1170//1779 1175//1782 
f 1168//1772 1171//1775 1172//1777 
f 2079//1840 2034//1841 2035//1842 
f 1905//1593 2034//1797 2036//1799 
f 2020//1760 2022//1763 2015//1761 
f 2022//1770 2008//1737 2019//1769 
f 1891//1573 1982//1705 1988//1708 
f 2090//1832 1980//1833 1986//1834 
f 962//1726 980//1754 985//1759 
f 988//1763 985//1846 983//1761 
f 1338//1763 1335//1846 1333//1761 
f 1313//1726 1330//1754 1335//1759 
f 1163//1763 1160//1846 1158//1761 
f 1138//1726 1155//1754 1160//1759 
f 1681//1763 1678//1846 1676//1761 
f 1655//1726 1673//1754 1678//1759 
f 1857//1763 1854//1846 1852//1761 
f 1831//1726 1849//1754 1854//1759 
f 1958//1665 2013//1748 2011//1747 
f 2011//1838 2012//1821 2096//1839 
f 1085//1658 1134//1718 1127//1710 
f 1134//1847 2052//1825 2051//1824 
f 1602//1658 1651//1718 1644//1710 
f 1651//1847 2061//1825 2060//1824 
f 1309//1847 2058//1825 2057//1824 
f 1260//1658 1309//1718 1302//1710 
f 1827//1847 2064//1825 2063//1824 
f 1780//1658 1827//1718 1820//1710 
f 958//1847 2055//1825 2054//1824 
f 911//1658 958//1718 951//1710 
f 2073//1844 1524//1819 2071//1845 
f 1482//1724 1526//1800 1524//1798 
f 1872//1787 1869//1848 1868//1784 
f 1872//1789 1855//1760 1869//1788 
f 1808//1695 1841//1739 1844//1742 
f 1841//1849 2050//1837 1844//1850 
f 939//1695 972//1739 975//1742 
f 972//1849 2048//1837 975//1850 
f 1665//1849 2046//1837 1668//1850 
f 1632//1695 1665//1739 1668//1742 
f 2031//1783 2033//1787 2030//1784 
f 2033//1789 2020//1760 2030//1788 
f 2012//1821 2009//1822 2096//1823 
f 2009//1835 2004//1836 2096//1837 
f 1125//1810 2052//1851 1131//1714 
f 1134//1847 1135//1852 2052//1825 
f 1818//1810 2064//1851 1824//1714 
f 1827//1847 1828//1852 2064//1825 
f 949//1708 2055//1851 955//1714 
f 958//1847 959//1852 2055//1825 
f 1642//1810 2061//1851 1648//1714 
f 1651//1847 1652//1852 2061//1825 
f 1300//1810 2058//1851 1306//1714 
f 1309//1847 1310//1852 2058//1825 
f 1768//1642 1767//1641 1770//1644 
f 1801//1684 1776//1692 1767//1693 
f 932//1684 907//1692 898//1693 
f 899//1642 898//1641 901//1644 
f 1502//1753 1512//1779 1518//1782 
f 1512//1772 1514//1775 1515//1777 
f 1358//1853 1357//1844 2070//1843 
f 1358//1801 2070//1854 1360//1802 
f 1701//1801 2066//1854 1703//1802 
f 1701//1853 1700//1844 2066//1843 
f 1183//1801 2068//1854 1185//1802 
f 1183//1853 1182//1844 2068//1843 
f 1008//1853 1007//1844 2069//1843 
f 1008//1801 2069//1854 1010//1802 
f 1877//1853 1876//1844 2067//1843 
f 1877//1801 2067//1854 1879//1802 
f 1667//1855 2046//1856 1663//1857 
f 2076//1858 1663//1859 2046//1860 
f 1843//1855 2050//1856 1839//1857 
f 2075//1858 1839//1859 2050//1860 
f 1324//1855 2086//1856 1320//1857 
f 2088//1858 1320//1859 2086//1860 
f 1149//1855 2084//1856 1145//1857 
f 2087//1858 1145//1859 2084//1860 
f 2077//1858 970//1859 2048//1860 
f 974//1855 2048//1856 970//1857 
f 1484//1726 1501//1754 1505//1759 
f 1508//1763 1505//1846 1501//1761 
f 2079//1844 2035//1819 2037//1845 
f 1998//1724 2037//1800 2035//1798 
f 1611//1668 1615//1673 1608//1669 
f 1615//1676 1613//1671 1608//1816 
f 1273//1676 1271//1671 1266//1816 
f 1269//1668 1273//1673 1266//1669 
f 924//1676 922//1671 917//1816 
f 920//1668 924//1673 917//1669 
f 1094//1668 1098//1673 1091//1669 
f 1098//1676 1096//1671 1091//1816 
f 1793//1676 1791//1671 1786//1816 
f 1789//1668 1793//1673 1786//1669 
f 1641//1706 1644//1710 1640//1707 
f 2062//1832 1640//1834 2060//1861 
f 1124//1706 1127//1710 1123//1707 
f 2053//1832 1123//1834 2051//1861 
f 948//1706 951//1710 947//1707 
f 2056//1832 947//1834 2054//1861 
f 1299//1706 1302//1710 1298//1707 
f 2059//1832 1298//1834 2057//1861 
f 1817//1706 1820//1710 1816//1707 
f 2065//1832 1816//1834 2063//1861 
f 1480//1847 2081//1825 2080//1824 
f 1435//1658 1480//1718 1473//1710 
f 1880//1827 2067//1829 2092//1830 
f 1763//1636 1880//1804 1878//1800 
f 1587//1636 1704//1804 1702//1800 
f 1704//1827 2066//1829 2095//1830 
f 1070//1636 1186//1804 1184//1800 
f 1186//1827 2068//1829 2094//1830 
f 1011//1827 2069//1829 2093//1830 
f 894//1636 1011//1804 1009//1800 
f 1361//1827 2070//1829 2091//1830 
f 1245//1636 1361//1804 1359//1800 
f 2042//1842 1004//1862 1006//1820 
f 1004//1791 954//1713 1006//1794 
f 1354//1791 1305//1713 1356//1794 
f 2040//1842 1354//1862 1356//1820 
f 1873//1791 1823//1713 1875//1794 
f 2041//1842 1873//1862 1875//1820 
f 1179//1791 1130//1713 1181//1794 
f 2044//1842 1179//1862 1181//1820 
f 1697//1791 1647//1713 1699//1794 
f 2043//1842 1697//1862 1699//1820 
f 1228//1612 1314//1729 1317//1731 
f 2088//1863 1314//1811 1320//1735 
f 1053//1612 1139//1729 1142//1731 
f 2087//1863 1139//1811 1145//1735 
f 1462//1695 1490//1739 1496//1742 
f 1490//1849 2074//1837 1496//1850 
f 945//1864 940//1833 2056//1832 
f 857//1588 940//1696 942//1698 
f 1550//1588 1633//1696 1635//1698 
f 1638//1864 1633//1833 2062//1832 
f 1208//1588 1291//1696 1293//1698 
f 1296//1864 1291//1833 2059//1832 
f 1726//1588 1809//1696 1811//1698 
f 1814//1864 1809//1833 2065//1832 
f 1033//1588 1116//1696 1118//1698 
f 1121//1864 1116//1833 2053//1832 
f 1628//1691 1599//1653 1591//1652 
f 1622//1683 1628//1693 1631//1694 
f 1111//1691 1082//1653 1074//1652 
f 1105//1683 1111//1693 1114//1694 
f 1280//1683 1286//1693 1289//1694 
f 1286//1691 1257//1653 1249//1652 
f 1525//1801 2072//1854 1527//1802 
f 1528//1827 1529//1828 2072//1829 
f 1471//1708 2081//1851 1477//1714 
f 1480//1847 1481//1852 2081//1825 
f 1818//1865 1814//1866 2065//1867 
f 1818//1868 2065//1869 2064//1870 
f 1125//1868 2053//1869 2052//1870 
f 1125//1865 1121//1866 2053//1867 
f 1300//1865 1296//1866 2059//1867 
f 1300//1868 2059//1869 2058//1870 
f 949//1865 945//1866 2056//1867 
f 949//1868 2056//1869 2055//1870 
f 1642//1868 2062//1869 2061//1870 
f 1642//1865 1638//1866 2062//1867 
f 1686//1772 1688//1775 1689//1777 
f 1672//1751 1686//1776 1691//1779 
f 1343//1772 1345//1775 1346//1777 
f 1329//1751 1343//1776 1348//1779 
f 1089//1662 1151//1750 1153//1749 
f 1152//1838 1153//1871 2083//1821 
f 1846//1838 1847//1871 2049//1821 
f 1784//1662 1845//1750 1847//1749 
f 1327//1838 1328//1871 2085//1821 
f 1264//1662 1326//1750 1328//1749 
f 977//1838 978//1871 2047//1821 
f 915//1662 976//1750 978//1749 
f 1606//1662 1669//1750 1671//1749 
f 1670//1838 1671//1871 2045//1821 
f 1862//1779 1864//1872 1869//1782 
f 1862//1774 1863//1773 1864//1777 
f 1455//1684 1431//1692 1422//1693 
f 1423//1642 1422//1641 1425//1644 
f 883//1620 963//1727 965//1729 
f 2077//1858 963//1863 970//1859 
f 1576//1620 1656//1727 1658//1729 
f 2076//1858 1656//1863 1663//1859 
f 1752//1620 1832//1727 1834//1729 
f 2075//1858 1832//1863 1839//1859 
f 1696//1789 1679//1760 1694//1788 
f 1696//1787 1694//1848 1689//1784 
f 1353//1787 1351//1848 1346//1784 
f 1353//1789 1336//1760 1351//1788 
f 2000//1726 2015//1754 2019//1759 
f 2022//1763 2019//1846 2015//1761 
f 2025//1777 2028//1778 2030//1781 
f 2016//1753 2025//1779 2030//1782 
f 1003//1873 1000//1788 997//1848 
f 995//1779 997//1872 1000//1782 
f 1178//1873 1175//1788 1172//1848 
f 1170//1779 1172//1872 1175//1782 
f 1032//1817 1039//1595 1020//1570 
f 1038//1594 1045//1604 1039//1603 
f 1725//1817 1732//1595 1713//1570 
f 1731//1594 1738//1604 1732//1603 
f 1213//1598 1217//1600 1216//1599 
f 1212//1593 1217//1603 1207//1594 
f 1554//1593 1559//1603 1549//1594 
f 1555//1598 1559//1600 1558//1599 
f 862//1598 866//1600 865//1599 
f 861//1593 866//1603 856//1594 
f 1487//1858 1492//1859 2074//1860 
f 1495//1855 2074//1856 1492//1857 
f 1997//1847 2089//1825 1990//1824 
f 1952//1658 1997//1718 1990//1710 
f 1443//1668 1447//1673 1440//1669 
f 1447//1676 1445//1671 1440//1816 
f 1230//1615 1210//1591 1227//1616 
f 1227//1611 1210//1812 1194//1568 
f 876//1611 859//1812 843//1568 
f 879//1615 859//1591 876//1616 
f 1052//1611 1035//1812 1019//1568 
f 1055//1615 1035//1591 1052//1616 
f 1569//1611 1552//1812 1536//1568 
f 1572//1615 1552//1591 1569//1616 
f 1748//1615 1728//1591 1745//1616 
f 1745//1611 1728//1812 1712//1568 
f 1470//1706 1473//1710 1469//1707 
f 2082//1832 1469//1834 2080//1861 
f 1528//1827 2072//1829 2071//1830 
f 1418//1636 1528//1804 1526//1800 
f 1761//1647 1775//1651 1790//1815 
f 1790//1874 1781//1659 1786//1664 
f 1068//1647 1081//1651 1095//1815 
f 1095//1874 1086//1659 1091//1664 
f 892//1647 906//1651 921//1815 
f 921//1874 912//1659 917//1664 
f 1243//1647 1256//1651 1270//1815 
f 1270//1874 1261//1659 1266//1664 
f 1585//1647 1598//1651 1612//1815 
f 1612//1874 1603//1659 1608//1664 
f 2036//1801 2078//1854 2038//1802 
f 2039//1827 2038//1828 2078//1829 
f 1988//1708 2089//1851 1994//1714 
f 1997//1847 1994//1852 2089//1825 
f 1465//1864 1463//1833 2082//1832 
f 1382//1588 1463//1696 1465//1698 
f 966//1730 985//1759 989//1764 
f 988//1875 989//1764 985//1846 
f 1659//1730 1678//1759 1682//1764 
f 1681//1875 1682//1764 1678//1846 
f 1316//1730 1335//1759 1339//1764 
f 1338//1875 1339//1764 1335//1846 
f 1835//1730 1854//1759 1858//1764 
f 1857//1875 1858//1764 1854//1846 
f 1163//1875 1164//1764 1160//1846 
f 1141//1730 1160//1759 1164//1764 
f 1097//1672 1152//1745 1149//1741 
f 1149//1876 1152//1838 2084//1839 
f 1614//1672 1670//1745 1667//1741 
f 1667//1876 1670//1838 2046//1839 
f 1792//1672 1846//1745 1843//1741 
f 1843//1876 1846//1838 2050//1839 
f 923//1672 977//1745 974//1741 
f 974//1876 977//1838 2048//1839 
f 1272//1672 1327//1745 1324//1741 
f 1324//1876 1327//1838 2086//1839 
f 1880//1804 2092//1877 1878//1878 
f 1878//1818 2092//1879 2041//1819 
f 1704//1804 2095//1877 1702//1878 
f 1702//1818 2095//1879 2043//1819 
f 1186//1804 2094//1877 1184//1878 
f 1184//1818 2094//1879 2044//1819 
f 1361//1804 2091//1877 1359//1878 
f 1359//1818 2091//1879 2040//1819 
f 1011//1804 2093//1877 1009//1878 
f 1009//1818 2093//1879 2042//1819 
f 1644//1880 1651//1847 2060//1824 
f 1644//1881 2060//1882 1640//1883 
f 951//1881 2054//1882 947//1883 
f 951//1880 958//1847 2054//1824 
f 1302//1880 1309//1847 2057//1824 
f 1302//1881 2057//1882 1298//1883 
f 1820//1880 1827//1847 2063//1824 
f 1820//1881 2063//1882 1816//1883 
f 1127//1880 1134//1847 2051//1824 
f 1127//1881 2051//1882 1123//1883 
f 1471//1865 1465//1866 2082//1867 
f 1471//1868 2082//1869 2081//1870 
f 1438//1662 1497//1750 1499//1749 
f 1498//1838 1499//1871 1497//1821 
f 2004//1858 2007//1859 2096//1860 
f 2011//1855 2096//1856 2007//1857 
f 1777//1653 1879//1809 1881//1808 
f 1881//1884 1879//1803 2067//1885 
f 1257//1653 1360//1809 1362//1808 
f 1362//1884 1360//1803 2070//1885 
f 908//1653 1010//1809 1012//1808 
f 1012//1884 1010//1803 2069//1885 
f 1187//1884 1185//1803 2068//1885 
f 1082//1653 1185//1809 1187//1808 
f 1705//1884 1703//1803 2066//1885 
f 1599//1653 1703//1809 1705//1808 
f 1828//1886 1824//1716 2064//1887 
f 1769//1643 1824//1723 1828//1722 
f 1076//1643 1131//1723 1135//1722 
f 1135//1886 1131//1716 2052//1887 
f 900//1643 955//1723 959//1722 
f 959//1886 955//1716 2055//1887 
f 1310//1886 1306//1716 2058//1887 
f 1251//1643 1306//1723 1310//1722 
f 1593//1643 1648//1723 1652//1722 
f 1652//1886 1648//1716 2061//1887 
f 1407//1620 1485//1727 1487//1729 
f 1487//1858 1485//1863 1492//1859 
f 1317//1736 2088//1888 1322//1835 
f 1317//1731 1314//1729 2088//1889 
f 1142//1736 2087//1888 1147//1835 
f 1142//1731 1139//1729 2087//1889 
f 1960//1668 1963//1673 1957//1669 
f 1963//1676 1961//1671 1957//1816 
f 1521//1873 1518//1788 1515//1848 
f 1512//1779 1515//1872 1518//1782 
f 1381//1598 1390//1600 1389//1599 
f 1386//1593 1390//1603 1381//1594 
f 907//1652 904//1649 901//1648 
f 907//1692 901//1890 898//1693 
f 1776//1652 1773//1649 1770//1648 
f 1776//1692 1770//1890 1767//1693 
f 1987//1706 1990//1710 1986//1707 
f 2090//1832 1986//1834 1990//1861 
f 2039//1827 2078//1829 2037//1830 
f 1937//1636 2039//1804 2037//1800 
f 1525//1891 2073//1843 2072//1892 
f 1523//1797 2073//1840 1525//1853 
f 1920//1612 2001//1729 2004//1731 
f 2004//1863 2001//1811 2007//1735 
f 1165//1765 1166//1768 1163//1766 
f 1166//1770 1164//1769 1163//1893 
f 1859//1765 1860//1768 1857//1766 
f 1860//1770 1858//1769 1857//1893 
f 991//1770 989//1769 988//1893 
f 990//1765 991//1768 988//1766 
f 1683//1765 1684//1768 1681//1766 
f 1684//1770 1682//1769 1681//1893 
f 1340//1765 1341//1768 1338//1766 
f 1341//1770 1339//1769 1338//1893 
f 1628//1691 1591//1652 1631//1890 
f 1591//1641 1585//1633 1631//1814 
f 1111//1691 1074//1652 1114//1890 
f 1074//1641 1068//1633 1114//1814 
f 1249//1641 1243//1633 1289//1814 
f 1286//1691 1249//1652 1289//1890 
f 1290//1695 1322//1739 1325//1742 
f 1322//1849 2086//1837 1325//1850 
f 1147//1849 2084//1837 1150//1850 
f 1115//1695 1147//1739 1150//1742 
f 1400//1611 1384//1812 1369//1568 
f 1403//1615 1384//1591 1400//1616 
f 1416//1647 1430//1651 1444//1815 
f 1444//1874 1430//1659 1440//1664 
f 1725//1590 1731//1594 1732//1894 
f 1727//1589 1731//1594 1725//1590 
f 1034//1589 1038//1594 1032//1590 
f 1032//1590 1038//1594 1039//1894 
f 980//1755 982//1756 983//1757 
f 980//1895 983//1757 985//1896 
f 1330//1755 1332//1756 1333//1757 
f 1330//1895 1333//1757 1335//1896 
f 1155//1755 1157//1756 1158//1757 
f 1155//1895 1158//1757 1160//1896 
f 1849//1755 1851//1756 1852//1757 
f 1849//1895 1852//1757 1854//1896 
f 1673//1755 1675//1756 1676//1757 
f 1673//1895 1676//1757 1678//1896 
f 1970//1683 1976//1693 1941//1694 
f 1976//1691 1949//1653 1941//1652 
f 1357//1841 1354//1862 2040//1842 
f 1357//1844 2040//1819 2091//1845 
f 1876//1841 1873//1862 2041//1842 
f 1876//1844 2041//1819 2092//1845 
f 1700//1844 2043//1819 2095//1845 
f 1700//1841 1697//1862 2043//1842 
f 1182//1844 2044//1819 2094//1845 
f 1182//1841 1179//1862 2044//1842 
f 1007//1844 2042//1819 2093//1845 
f 1007//1841 1004//1862 2042//1842 
f 1988//1868 2090//1869 2089//1870 
f 1988//1865 1982//1866 2090//1867 
f 1982//1864 1980//1833 2090//1832 
f 1901//1588 1980//1696 1982//1698 
f 1955//1662 2012//1750 2013//1749 
f 2011//1838 2013//1871 2012//1821 
f 1153//1897 1151//1744 2083//1898 
f 2083//1898 1151//1743 1150//1822 
f 1671//1897 1669//1744 2045//1898 
f 2045//1898 1669//1743 1668//1822 
f 2085//1898 1326//1743 1325//1822 
f 1328//1897 1326//1744 2085//1898 
f 2049//1898 1845//1743 1844//1822 
f 1847//1897 1845//1744 2049//1898 
f 978//1897 976//1744 2047//1898 
f 2047//1898 976//1743 975//1822 
f 1488//1730 1505//1759 1509//1764 
f 1508//1875 1509//1764 1505//1846 
f 1446//1672 1498//1745 1495//1741 
f 1495//1876 1498//1838 2074//1839 
f 1348//1872 1346//1781 1351//1899 
f 1348//1900 1343//1772 1346//1777 
f 1691//1872 1689//1781 1694//1899 
f 1691//1900 1686//1772 1689//1777 
f 1528//1804 2071//1877 1526//1878 
f 1526//1818 2071//1879 1524//1819 
f 1473//1881 2080//1882 1469//1883 
f 1473//1880 1480//1847 2080//1824 
f 869//1604 993//1772 995//1774 
f 995//1900 993//1772 997//1777 
f 1045//1604 1168//1772 1170//1774 
f 1170//1900 1168//1772 1172//1777 
f 1900//1598 1909//1600 1908//1599 
f 1905//1593 1909//1603 1900//1594 
f 1027//1580 1118//1700 1121//1702 
f 1118//1700 1116//1901 1121//1864 
f 1544//1580 1635//1700 1638//1702 
f 1635//1700 1633//1901 1638//1864 
f 851//1580 942//1700 945//1702 
f 942//1700 940//1901 945//1864 
f 1202//1580 1293//1700 1296//1702 
f 1293//1700 1291//1901 1296//1864 
f 1720//1580 1811//1700 1814//1702 
f 1811//1700 1809//1901 1814//1864 
f 840//1582 856//1586 862//1817 
f 856//1594 866//1603 862//1894 
f 1533//1582 1549//1586 1555//1817 
f 1549//1594 1559//1603 1555//1894 
f 1207//1594 1217//1603 1213//1894 
f 1191//1582 1207//1586 1213//1817 
f 1658//1902 1656//1863 2076//1858 
f 1665//1835 1658//1888 2076//1836 
f 1841//1835 1834//1888 2075//1836 
f 1834//1902 1832//1863 2075//1858 
f 972//1835 965//1888 2077//1836 
f 965//1902 963//1863 2077//1858 
f 1432//1653 1527//1809 1529//1808 
f 1529//1884 1527//1803 2072//1885 
f 1424//1643 1477//1723 1481//1722 
f 1481//1886 1477//1716 2081//1887 
f 1005//1793 1004//1903 1007//1841 
f 850//1578 1004//1791 1005//1792 
f 1026//1578 1179//1791 1180//1792 
f 1180//1793 1179//1903 1182//1841 
f 1201//1578 1354//1791 1355//1792 
f 1355//1793 1354//1903 1357//1841 
f 1719//1578 1873//1791 1874//1792 
f 1874//1793 1873//1903 1876//1841 
f 1543//1578 1697//1791 1698//1792 
f 1698//1793 1697//1903 1700//1841 
f 1749//1617 1837//1736 1841//1739 
f 1837//1736 1834//1888 1841//1835 
f 880//1617 968//1736 972//1739 
f 968//1736 965//1888 972//1835 
f 1661//1736 1658//1888 1665//1835 
f 1573//1617 1661//1736 1665//1739 
f 1523//1903 1522//1791 1524//1794 
f 1376//1578 1522//1791 1523//1792 
f 2036//1891 2079//1843 2078//1892 
f 2034//1797 2079//1840 2036//1853 
f 1431//1652 1428//1649 1425//1648 
f 1431//1692 1425//1890 1422//1693 
f 1775//1657 1781//1659 1790//1874 
f 1779//1656 1781//1659 1775//1657 
f 1081//1657 1086//1659 1095//1874 
f 1084//1656 1086//1659 1081//1657 
f 906//1657 912//1659 921//1874 
f 910//1656 912//1659 906//1657 
f 1256//1657 1261//1659 1270//1874 
f 1259//1656 1261//1659 1256//1657 
f 1598//1657 1603//1659 1612//1874 
f 1601//1656 1603//1659 1598//1657 
f 1864//1777 1866//1778 1868//1781 
f 1864//1872 1868//1781 1869//1899 
f 1919//1611 1903//1812 1888//1568 
f 1922//1615 1903//1591 1919//1616 
f 1029//1583 1027//1580 1017//1579 
f 1035//1904 1029//1583 1017//1813 
f 1552//1904 1546//1583 1534//1813 
f 1546//1583 1544//1580 1534//1579 
f 853//1583 851//1580 841//1579 
f 859//1904 853//1583 841//1813 
f 1204//1583 1202//1580 1192//1579 
f 1210//1904 1204//1583 1192//1813 
f 1722//1583 1720//1580 1710//1579 
f 1728//1904 1722//1583 1710//1813 
# 0 polygons - 2492 triangles

