# 3ds Max Wavefront OBJ Exporter v0.99 - (c)2007 guruware
# File Created: 18.07.2026 21:10:39

#
# object Group22992
#

v  0.0000 137.6866 -0.0000
v  0.0000 137.6866 -12.8472
v  -2.5064 137.6866 -12.6003
v  -4.9164 137.6866 -11.8692
v  -7.1375 137.6866 -10.6820
v  -9.0843 137.6866 -9.0843
v  -10.6820 137.6866 -7.1375
v  -11.8692 137.6866 -4.9164
v  -12.6003 137.6866 -2.5064
v  -12.8471 137.6866 -0.0000
v  -12.6003 137.6866 2.5063
v  -11.8692 137.6866 4.9164
v  -10.6820 137.6866 7.1375
v  -9.0843 137.6866 9.0843
v  -7.1375 137.6866 10.6820
v  -4.9164 137.6866 11.8692
v  -2.5063 137.6866 12.6002
v  0.0000 137.6866 12.8471
v  2.5064 137.6866 12.6002
v  4.9164 137.6866 11.8692
v  7.1375 137.6866 10.6820
v  9.0843 137.6866 9.0843
v  10.6820 137.6866 7.1375
v  11.8692 137.6866 4.9164
v  12.6003 137.6866 2.5063
v  12.8471 137.6866 -0.0000
v  12.6003 137.6866 -2.5064
v  11.8692 137.6866 -4.9164
v  10.6820 137.6866 -7.1375
v  9.0843 137.6866 -9.0843
v  7.1375 137.6866 -10.6820
v  4.9164 137.6866 -11.8692
v  2.5063 137.6866 -12.6003
v  0.1228 0.1199 -16.4116
v  0.1137 -1.8944 -0.0462
v  -3.0920 -0.0882 -16.2587
v  -6.2466 -0.3012 -15.4759
v  -9.2154 -0.5106 -14.0748
v  -11.8726 -0.7072 -12.0929
v  -14.0984 -0.8815 -9.5960
v  -15.7863 -1.0246 -6.6774
v  -16.8503 -1.1287 -3.4559
v  -17.2329 -1.1880 -0.0701
v  -16.9104 -1.1989 3.3289
v  -15.8956 -1.1609 6.5875
v  -14.2377 -1.0763 9.5598
v  -12.0181 -0.9501 12.1175
v  -9.3437 -0.7892 14.1566
v  -6.3386 -0.6021 15.6027
v  -3.1357 -0.3982 16.4120
v  0.1310 -0.1867 16.5708
v  3.3332 0.0235 16.0922
v  6.3523 0.2247 15.0130
v  9.0830 0.4099 13.3892
v  11.4352 0.5736 11.2924
v  13.3349 0.7113 8.8060
v  14.7250 0.8196 6.0226
v  15.5654 0.8961 3.0408
v  15.8335 0.9391 -0.0370
v  15.5232 0.9477 -3.1072
v  14.6459 0.9218 -6.0668
v  13.2293 0.8617 -8.8162
v  11.3173 0.7685 -11.2608
v  8.9694 0.6442 -13.3137
v  6.2601 0.4918 -14.8975
v  3.2775 0.3154 -15.9469
v  0.0000 128.1974 -12.8472
v  4.9164 128.1974 -11.8692
v  0.0000 118.7081 -12.8472
v  4.9164 118.7081 -11.8692
v  0.0000 109.2188 -12.9761
v  4.9531 109.2188 -11.9578
v  0.0000 99.7296 -13.3493
v  5.0824 99.7296 -12.2701
v  0.0000 90.2430 -13.8322
v  11.8692 128.1974 -4.9164
v  5.2561 90.2421 -12.6893
v  0.0052 80.7782 -14.3632
v  5.4475 80.7731 -13.1439
v  0.0170 71.3329 -15.0500
v  8.2279 71.3195 -12.3008
v  0.0368 61.8867 -15.9529
v  8.6563 61.8642 -12.9269
v  0.0717 52.4193 -17.1080
v  9.2321 52.3938 -13.7568
v  0.1109 42.8930 -18.2022
v  6.8556 42.8809 -16.3584
v  0.1426 33.3035 -19.0096
v  7.1657 33.3054 -17.0477
v  0.1577 23.6824 -19.3907
v  7.3140 23.7018 -17.3770
v  0.1511 13.9136 -19.2825
v  7.2740 13.9741 -17.2931
v  13.0276 14.0167 -12.9549
v  16.7747 14.0401 -6.9449
v  18.1261 14.0443 -0.0411
v  16.9253 14.0292 6.9217
v  13.2521 13.9945 13.0830
v  7.4483 13.9407 17.5932
v  0.1607 13.8710 19.6807
v  -7.6246 13.7937 18.7833
v  -14.6251 13.7233 14.7541
v  -19.4774 13.6774 8.0770
v  -20.6220 13.6810 -4.2281
v  -17.1120 13.7303 -11.6492
v  -11.0470 13.8017 -16.8805
v  -3.6512 13.8780 -19.2327
v  -3.6669 23.6713 -19.3493
v  -3.6068 33.3026 -18.9620
v  -7.0423 42.9080 -17.3640
v  -6.6331 52.4422 -16.2540
v  -6.1878 61.9075 -15.0669
v  -5.8183 71.3454 -14.1050
v  -5.5487 80.7853 -13.4159
v  -5.3349 90.2445 -12.8795
v  -5.1381 99.7296 -12.4046
v  -4.9811 109.2188 -12.0255
v  -4.9164 118.7081 -11.8692
v  -7.1375 128.1974 -10.6820
v  -11.8692 128.1974 -4.9164
v  -12.6003 128.1974 2.5063
v  -9.0843 128.1974 9.0843
v  -2.5063 128.1974 12.6002
v  11.8692 128.1974 4.9164
v  7.1375 128.1974 10.6820
v  18.8385 268.1974 -0.0001
v  14.9388 267.9767 -12.8472
v  12.5846 267.9472 -12.6003
v  10.4168 267.9240 -11.8692
v  8.5245 267.9077 -10.6820
v  6.9859 267.8989 -9.0843
v  5.8638 267.8982 -7.1375
v  5.2029 267.9060 -4.9164
v  5.0276 267.9226 -2.5064
v  5.3403 267.9479 -0.0001
v  6.1218 267.9813 2.5063
v  7.3346 268.0222 4.9163
v  8.9241 268.0691 7.1374
v  10.8230 268.1198 9.0842
v  12.9560 268.1722 10.6819
v  15.2415 268.2235 11.8691
v  17.5960 268.2713 12.6002
v  19.9355 268.3130 12.8471
v  22.1771 268.3468 12.6002
v  24.2420 268.3712 11.8691
v  26.0565 268.3853 10.6819
v  27.5537 268.3887 9.0842
v  28.6773 268.3820 7.1374
v  29.3823 268.3655 4.9163
v  29.6383 268.3406 2.5063
v  29.4311 268.3083 -0.0001
v  28.7630 268.2704 -2.5064
v  27.6548 268.2283 -4.9164
v  26.1446 268.1837 -7.1375
v  24.2870 268.1383 -9.0843
v  22.1514 268.0935 -10.6820
v  19.8200 268.0508 -11.8692
v  17.3835 268.0116 -12.6003
v  0.0000 134.7543 -12.8472
v  0.0000 134.7543 -0.0000
v  -2.5064 134.7543 -12.6003
v  -4.9164 134.7543 -11.8692
v  -7.1375 134.7543 -10.6820
v  -9.0843 134.7543 -9.0843
v  -10.6820 134.7543 -7.1375
v  -11.8692 134.7543 -4.9164
v  -12.6003 134.7543 -2.5064
v  -12.8471 134.7543 -0.0000
v  -12.6003 134.7543 2.5063
v  -11.8692 134.7543 4.9164
v  -10.6820 134.7543 7.1375
v  -9.0843 134.7543 9.0843
v  -7.1375 134.7543 10.6820
v  -4.9164 134.7543 11.8692
v  -2.5063 134.7543 12.6002
v  0.0000 134.7543 12.8471
v  2.5064 134.7543 12.6002
v  4.9164 134.7543 11.8692
v  7.1375 134.7543 10.6820
v  9.0843 134.7543 9.0843
v  10.6820 134.7543 7.1375
v  11.8692 134.7543 4.9164
v  12.6003 134.7543 2.5063
v  12.8471 134.7543 -0.0000
v  12.6003 134.7543 -2.5064
v  11.8692 134.7543 -4.9164
v  10.6820 134.7543 -7.1375
v  9.0843 134.7543 -9.0843
v  7.1375 134.7543 -10.6820
v  4.9164 134.7543 -11.8692
v  2.5063 134.7543 -12.6003
v  16.2780 258.7209 -12.8472
v  21.1054 258.7950 -11.8692
v  16.6522 249.4202 -12.8472
v  21.4667 249.4901 -11.8692
v  15.8735 240.0418 -12.8472
v  20.7372 240.1050 -11.8692
v  13.9832 230.5650 -12.8472
v  30.0881 259.0264 -2.5064
v  18.9554 230.6208 -11.8692
v  11.2872 220.9793 -12.8472
v  16.3951 221.0272 -11.8692
v  8.4325 211.2816 -12.8472
v  13.6485 211.3213 -11.8692
v  6.1683 201.5101 -12.8472
v  11.4035 201.5401 -11.8692
v  4.2022 191.8833 -12.8472
v  9.3887 191.8964 -11.8692
v  2.6712 182.3477 -12.8472
v  7.8150 182.3597 -11.8692
v  1.6480 172.8049 -12.8472
v  6.7387 172.8146 -11.8692
v  0.7297 163.2647 -12.8472
v  5.7636 163.2712 -11.8692
v  0.1066 153.7408 -12.8472
v  5.0706 153.7434 -11.8692
v  0.0000 144.2456 -12.8472
v  4.9164 144.2456 -11.8692
v  11.8692 144.2456 -4.9164
v  11.8732 144.2458 4.9163
v  4.9228 144.2460 11.8692
v  -2.5063 144.2456 12.6002
v  -10.6820 144.2456 7.1375
v  -12.6003 144.2456 -2.5064
v  -7.1375 144.2456 -10.6820
v  -4.8345 153.7394 -11.8692
v  -4.2540 163.2609 -11.8692
v  -5.6125 172.7981 -10.6820
v  -4.6052 182.3391 -10.6820
v  -0.8278 191.8759 -11.8692
v  1.1544 201.4978 -11.8692
v  3.5068 211.2667 -11.8692
v  6.5409 220.9586 -11.8692
v  7.5287 230.5357 -10.6820
v  11.4396 240.0066 -11.8692
v  12.2661 249.3774 -11.8692
v  11.8549 258.6716 -11.8692
v  6.9379 258.6709 -4.9164
v  7.2203 258.7247 -0.0000
v  12.8149 258.9169 9.0842
v  19.4795 259.0715 12.6002
v  30.8275 259.1352 4.9163
v  25.9319 259.1619 11.8691
v  6.7184 230.7383 4.9163
v  1.0041 221.0076 -4.9164
v  -4.0460 201.6338 4.9163
v  0.0784 52.4405 17.4803
v  7.0245 42.8948 16.6728
v  11.8352 52.3999 11.7536
v  2.6062 99.7296 13.1022
v  -2.7224 90.2479 13.6864
v  9.6902 90.2432 9.6902
v  12.5455 42.8822 12.4217
v  6.4379 163.3087 11.8692
v  0.4429 153.7595 12.8471
v  9.5946 153.7632 9.0843
v  12.7034 211.6421 12.8471
v  16.5476 201.7929 10.6820
v  21.2452 211.6372 9.0842
v  13.4547 182.4255 9.0843
v  7.6818 172.8670 11.8692
v  14.5806 172.8640 4.9163
v  -9.7977 52.4543 -14.8387
v  -10.4386 42.9160 -15.8840
v  -16.1282 42.9313 -10.9410
v  -7.5055 99.7296 11.2327
v  0.0082 80.7920 14.5101
v  10.5438 71.3286 10.5191
v  10.0555 80.7774 10.0475
v  21.8474 231.0057 12.6002
v  13.9519 221.3555 12.6002
v  22.8781 221.3920 10.6820
v  -7.4915 191.8813 -4.9164
v  -9.1988 182.3438 -4.9164
v  -8.6228 182.3683 4.9163
v  5.0761 211.5661 10.6820
v  -17.0435 61.9603 -0.0288
v  -17.1046 52.4979 7.0854
v  -15.7395 61.9601 6.5165
v  -13.5868 99.7296 -0.0000
v  -14.1603 90.2507 -0.0000
v  -11.7478 90.2512 7.8496
v  -12.0650 163.2676 -0.0000
v  -11.6824 153.7452 4.9164
v  -7.9923 163.2848 9.0843
v  6.7666 201.7708 12.6002
v  9.1505 192.0030 12.6002
v  1.6713 201.7246 10.6820
v  -3.3202 191.9430 9.0842
v  3.9102 191.9849 12.6002
v  10.6820 118.7081 7.1375
v  11.9313 109.2189 4.9421
v  12.8471 118.7081 -0.0000
v  13.6015 52.3842 -9.0768
v  15.9013 42.8687 -6.5855
v  12.3262 42.8727 -12.2756
v  -12.9034 52.4854 12.9646
v  -7.2260 42.9260 17.7245
v  -6.7932 52.4645 16.5836
v  -19.2415 33.3051 7.9787
v  -19.6423 23.6185 8.1464
v  -14.7419 23.6347 14.8771
v  25.4615 230.7408 -7.1375
v  31.2989 249.8382 4.9163
v  30.6706 240.4475 4.9163
v  28.6959 240.2817 -4.9164
v  -11.7777 153.7400 -4.9164
v  23.7458 211.5603 2.5063
v  21.1563 201.7225 2.5063
v  17.9651 201.6111 -7.1375
v  15.4297 182.3923 -4.9164
v  19.3823 240.4423 12.6002
v  12.5240 230.8839 10.6820
v  16.2879 52.3816 -0.0214
v  14.6807 71.3154 -0.0072
v  -11.8765 118.7081 4.9194
v  -2.5064 118.7081 12.6003
v  -12.5262 99.7296 -5.1885
v  6.5933 240.0381 -4.9164
v  4.9213 230.5571 -7.1375
v  -14.4497 71.3721 -6.0101
v  -10.9030 33.3011 -16.6472
v  -17.2397 23.6279 -11.7431
v  -16.8920 33.3005 -11.4919
v  14.0704 80.7699 -0.0019
v  11.8692 118.7081 -4.9164
v  11.9254 109.2189 -4.9397
v  14.1704 172.8412 -4.9164
v  -10.4576 80.8063 10.4625
v  -11.0701 71.3760 11.0818
v  0.0211 71.3528 15.2931
v  -13.7321 80.8090 5.6864
v  -5.4595 182.3852 9.0843
v  4.2570 182.4157 12.8471
v  -2.4942 172.8479 11.8692
v  -3.6465 163.2947 11.8692
v  0.1189 42.9101 18.6111
v  16.0492 42.8734 6.5826
v  17.1947 42.8689 -0.0307
v  -12.0932 109.2189 -5.0092
v  -11.8746 118.7081 -4.9186
v  7.1375 118.7081 10.6820
v  4.9606 109.2189 11.9760
v  -6.6276 191.9152 4.9163
v  -2.5440 211.3170 -4.9164
v  -2.8725 201.5046 -9.0843
v  -5.7010 201.5759 -0.0000
v  13.0519 163.2898 -4.9164
v  12.1827 153.7523 -4.9164
v  13.3508 163.3064 4.9163
v  26.5109 249.8831 11.8691
v  12.1969 99.7296 -5.0522
v  12.5821 90.2415 -5.2117
v  9.9911 80.7701 -9.9896
v  -15.5904 61.9491 -6.5094
v  -15.0708 52.4773 -10.1826
v  29.3461 249.6745 -4.9164
v  26.4377 221.2585 -0.0000
v  -20.3637 33.3013 -4.1709
v  -18.0979 52.4940 -3.6685
v  -19.4151 42.9428 -3.9596
v  -18.3478 42.9468 7.6047
v  12.2110 99.7296 5.0579
v  12.6030 90.2422 5.2203
v  16.6646 182.4146 2.5063
v  -11.9163 61.9487 11.9464
v  -6.3180 61.9297 15.3493
v  12.2236 71.3150 -8.1661
v  -11.2778 99.7296 7.5356
v  -13.1061 109.2189 -0.0000
v  -13.6640 80.8015 -5.6696
v  -13.0467 90.2489 -5.4041
v  -4.5572 153.7549 11.8692
v  9.9788 249.5484 4.9163
v  12.6712 240.3040 9.0842
v  -8.4357 163.2602 -9.0843
v  -7.5369 33.3110 18.5518
v  -7.6773 23.6571 18.9271
v  0.1674 23.6804 19.8144
v  -14.4509 33.3083 14.5735
v  -20.7914 23.6153 -4.2665
v  -11.1171 23.6483 -16.9997
v  0.1517 33.3125 19.4359
v  7.3472 33.3129 17.3720
v  7.4978 23.7006 17.6970
v  13.3254 23.7156 13.1499
v  16.5395 33.3088 -6.8476
v  13.0883 23.7161 -13.0117
v  12.8405 33.3072 -12.7723
v  13.0752 33.3124 12.9166
v  16.6974 33.3114 6.8330
v  17.0072 23.7245 6.9525
v  18.2067 23.7276 -0.0422
v  16.8480 23.7248 -6.9743
v  17.8776 33.3102 -0.0383
v  9.3100 182.4240 11.8692
v  -10.8862 109.2189 7.2739
v  -2.5404 109.2189 12.7714
v  28.2013 230.8300 -2.5064
v  13.2508 153.7573 -0.0000
v  18.1985 191.9520 -2.5064
v  25.8322 240.5058 11.8691
v  15.6126 249.7112 10.6819
v  -9.9390 172.8206 4.9163
v  14.1978 61.8544 -5.8837
v  7.4833 249.3940 -4.9164
v  -13.8036 42.9394 13.8989
v  17.1302 191.9983 7.1374
v  7.8191 240.1491 2.5063
v  6.1386 61.8878 14.7173
v  28.9653 230.9474 4.9163
v  14.3056 61.8605 5.9008
v  -10.2824 172.8015 -4.9164
v  -14.5599 71.3817 6.0272
# 414 vertices

vn 0.0000 0.0000 -1.0000
vn 0.0684 -0.1218 0.9902
vn 0.0638 -0.0092 0.9979
vn 0.0476 -0.1199 0.9916
vn 0.0276 -0.1139 0.9931
vn 0.0089 -0.1040 0.9945
vn -0.0077 -0.0905 0.9959
vn -0.0215 -0.0737 0.9970
vn -0.0320 -0.0543 0.9980
vn -0.0384 -0.0330 0.9987
vn -0.0407 -0.0106 0.9991
vn -0.0385 0.0118 0.9992
vn -0.0320 0.0333 0.9989
vn -0.0215 0.0529 0.9984
vn -0.0075 0.0700 0.9975
vn 0.0093 0.0838 0.9964
vn 0.0283 0.0938 0.9952
vn 0.0486 0.0999 0.9938
vn 0.0694 0.1019 0.9924
vn 0.0902 0.0998 0.9909
vn 0.1102 0.0936 0.9895
vn 0.1287 0.0836 0.9882
vn 0.1451 0.0700 0.9869
vn 0.1587 0.0532 0.9859
vn 0.1689 0.0339 0.9851
vn 0.1752 0.0127 0.9844
vn 0.1774 -0.0094 0.9841
vn 0.1752 -0.0317 0.9840
vn 0.1688 -0.0530 0.9842
vn 0.1584 -0.0726 0.9847
vn 0.1446 -0.0895 0.9854
vn 0.1280 -0.1033 0.9864
vn 0.1093 -0.1134 0.9875
vn 0.0892 -0.1197 0.9888
vn 0.1951 -0.9808 -0.0000
vn 0.0000 -1.0000 -0.0000
vn 0.3827 -0.9239 -0.0000
vn 0.0018 -1.0000 -0.0068
vn 0.5556 -0.8315 -0.0000
vn 0.1967 -0.9805 -0.0059
vn 0.0072 -0.9996 -0.0266
vn 0.7071 -0.7071 -0.0000
vn 0.2014 -0.9792 -0.0247
vn 0.0136 -0.9989 -0.0452
vn 0.8315 -0.5556 -0.0000
vn 0.2072 -0.9773 -0.0434
vn 0.0197 -0.9984 -0.0535
vn 0.9239 -0.3827 -0.0000
vn 0.2127 -0.9758 -0.0516
vn 0.0265 -0.9976 -0.0645
vn 0.9808 -0.1951 -0.0000
vn 0.2186 -0.9738 -0.0622
vn 0.0369 -0.9958 -0.0843
vn 1.0000 0.0000 -0.0000
vn 0.2274 -0.9705 -0.0801
vn 0.0516 -0.9927 -0.1088
vn 0.2400 -0.9653 -0.1031
vn 0.0656 -0.9909 -0.1175
vn 0.2525 -0.9610 -0.1127
vn 0.0753 -0.9923 -0.0985
vn 0.2618 -0.9604 -0.0951
vn 0.0810 -0.9948 -0.0613
vn 0.2677 -0.9617 -0.0595
vn 0.0829 -0.9965 -0.0139
vn 0.2698 -0.9628 -0.0139
vn 0.0764 -0.9897 0.1209
vn 0.2627 -0.9579 0.1159
vn 0.0684 -0.9767 0.2036
vn 0.2531 -0.9473 0.1962
vn 0.4376 -0.8922 0.1115
vn 0.4271 -0.8841 0.1895
vn 0.5957 -0.7960 0.1076
vn 0.5849 -0.7900 0.1837
vn 0.7321 -0.6731 0.1046
vn 0.7216 -0.6688 0.1789
vn 0.8430 -0.5280 0.1023
vn 0.8329 -0.5250 0.1754
vn 0.9253 -0.3657 0.1009
vn 0.9154 -0.3634 0.1731
vn 0.9764 -0.1914 0.1003
vn 0.9666 -0.1896 0.1722
vn 0.9949 -0.0106 0.1006
vn 0.9850 -0.0094 0.1726
vn 0.9801 0.1707 0.1017
vn 0.9697 0.1713 0.1743
vn 0.9322 0.3468 0.1037
vn 0.9211 0.3466 0.1773
vn 0.8524 0.5120 0.1065
vn 0.8406 0.5103 0.1815
vn 0.7427 0.6605 0.1101
vn 0.7304 0.6570 0.1868
vn 0.6061 0.7871 0.1142
vn 0.5936 0.7812 0.1931
vn 0.4464 0.8869 0.1190
vn 0.4345 0.8782 0.2001
vn 0.2685 0.9552 0.1241
vn 0.2580 0.9435 0.2078
vn 0.0781 0.9885 0.1295
vn 0.0700 0.9739 0.2157
vn -0.1181 0.9838 0.1349
vn -0.1227 0.9669 0.2237
vn -0.3124 0.9395 0.1402
vn -0.3128 0.9212 0.2315
vn -0.4967 0.8557 0.1450
vn -0.4921 0.8372 0.2385
vn -0.6623 0.7343 0.1492
vn -0.6526 0.7172 0.2446
vn -0.8007 0.5793 0.1525
vn -0.7864 0.5652 0.2494
vn -0.9046 0.3972 0.1547
vn -0.8866 0.3874 0.2526
vn -0.9681 0.1962 0.1556
vn -0.9480 0.1918 0.2540
vn -0.9878 -0.0140 0.1553
vn -0.9672 -0.0125 0.2536
vn -0.9627 -0.2228 0.1536
vn -0.9436 -0.2158 0.2513
vn -0.8947 -0.4204 0.1508
vn -0.8786 -0.4085 0.2473
vn -0.7883 -0.5975 0.1469
vn -0.7763 -0.5822 0.2418
vn -0.6495 -0.7469 0.1423
vn -0.6422 -0.7296 0.2351
vn -0.4858 -0.8632 0.1371
vn -0.4833 -0.8454 0.2276
vn -0.3051 -0.9432 0.1317
vn -0.3068 -0.9261 0.2196
vn -0.1151 -0.9853 0.1262
vn -0.1205 -0.9699 0.2115
vn -0.1100 -0.9938 -0.0140
vn -0.1114 -0.9918 -0.0632
vn -0.1164 -0.9879 -0.1021
vn -0.1257 -0.9845 -0.1226
vn -0.1401 -0.9834 -0.1149
vn -0.1559 -0.9837 -0.0890
vn -0.1673 -0.9836 -0.0671
vn -0.1747 -0.9831 -0.0555
vn -0.1809 -0.9824 -0.0470
vn -0.1876 -0.9818 -0.0286
vn -0.1932 -0.9811 -0.0079
vn -0.1951 -0.9808 -0.0000
vn -0.3827 -0.9239 -0.0000
vn -0.5555 -0.8315 -0.0000
vn -0.5556 -0.8315 -0.0000
vn -0.7070 -0.7072 -0.0001
vn -0.7071 -0.7071 -0.0000
vn -0.8314 -0.5557 -0.0002
vn -0.8315 -0.5556 -0.0000
vn -0.9238 -0.3829 -0.0003
vn -0.9239 -0.3827 -0.0000
vn -0.9808 -0.1952 -0.0004
vn -0.9808 -0.1951 -0.0000
vn -1.0000 -0.0001 -0.0004
vn -1.0000 0.0000 -0.0000
vn -0.9808 0.1951 -0.0004
vn -0.9808 0.1951 -0.0000
vn -0.9238 0.3828 -0.0004
vn -0.9239 0.3827 -0.0000
vn -0.8314 0.5557 -0.0003
vn -0.8315 0.5556 -0.0000
vn -0.7070 0.7072 -0.0002
vn -0.7071 0.7071 -0.0000
vn -0.5554 0.8316 -0.0001
vn -0.5556 0.8315 -0.0000
vn -0.3826 0.9239 -0.0000
vn -0.3827 0.9239 -0.0000
vn 0.9808 0.1951 -0.0000
vn 0.9239 0.3827 -0.0000
vn 0.8315 0.5556 -0.0000
vn 0.7071 0.7071 -0.0000
vn 0.5556 0.8315 -0.0000
vn 0.3827 0.9239 -0.0000
vn 0.1951 0.9808 -0.0000
vn 0.0000 1.0000 -0.0000
vn -0.1951 0.9808 -0.0000
vn -0.0147 -0.0102 -0.9998
vn -0.0135 -0.0131 -0.9998
vn -0.0145 -0.0127 -0.9998
vn -0.0155 -0.0120 -0.9998
vn -0.0165 -0.0112 -0.9998
vn -0.0173 -0.0103 -0.9998
vn -0.0179 -0.0094 -0.9998
vn -0.0183 -0.0086 -0.9998
vn -0.0184 -0.0080 -0.9998
vn -0.0185 -0.0077 -0.9998
vn -0.0185 -0.0076 -0.9998
vn -0.0186 -0.0078 -0.9998
vn -0.0186 -0.0079 -0.9998
vn -0.0185 -0.0078 -0.9998
vn -0.0182 -0.0077 -0.9998
vn -0.0175 -0.0076 -0.9998
vn -0.0165 -0.0076 -0.9998
vn -0.0152 -0.0078 -0.9999
vn -0.0140 -0.0083 -0.9999
vn -0.0129 -0.0089 -0.9999
vn -0.0119 -0.0096 -0.9999
vn -0.0112 -0.0104 -0.9999
vn -0.0108 -0.0111 -0.9999
vn -0.0105 -0.0117 -0.9999
vn -0.0105 -0.0121 -0.9999
vn -0.0105 -0.0125 -0.9999
vn -0.0106 -0.0127 -0.9999
vn -0.0107 -0.0129 -0.9999
vn -0.0110 -0.0131 -0.9999
vn -0.0113 -0.0133 -0.9998
vn -0.0119 -0.0133 -0.9998
vn -0.0126 -0.0133 -0.9998
vn 0.0000 0.0000 1.0000
vn 0.1897 -0.9815 -0.0267
vn 0.0034 -1.0000 -0.0004
vn -0.0085 -1.0000 0.0015
vn 0.2008 -0.9795 -0.0182
vn 0.3672 -0.9288 -0.0510
vn 0.0041 -1.0000 0.0002
vn 0.5225 -0.8496 -0.0721
vn 0.3766 -0.9258 -0.0336
vn 0.2020 -0.9794 0.0043
vn 0.0038 -1.0000 0.0009
vn 0.6562 -0.7491 -0.0905
vn 0.2001 -0.9794 0.0277
vn 0.0026 -1.0000 0.0009
vn 0.7688 -0.6306 -0.1068
vn 0.7739 -0.6295 -0.0694
vn 0.1953 -0.9797 0.0459
vn 0.0005 -1.0000 -0.0001
vn 0.8600 -0.4957 -0.1211
vn 0.1890 -0.9805 0.0529
vn -0.0017 -1.0000 -0.0012
vn 0.9290 -0.3453 -0.1334
vn 0.9335 -0.3478 -0.0872
vn 0.1838 -0.9818 0.0471
vn -0.0009 -1.0000 -0.0004
vn 0.9732 -0.1798 -0.1432
vn 0.1836 -0.9822 0.0400
vn -0.0013 -1.0000 -0.0004
vn 0.1840 -0.9823 0.0338
vn -0.0016 -1.0000 -0.0004
vn 0.1854 -0.9823 0.0252
vn -0.0003 -1.0000 -0.0000
vn 0.1884 -0.9819 0.0198
vn -0.0009 -1.0000 -0.0000
vn 0.1899 -0.9817 0.0160
vn -0.0017 -1.0000 -0.0000
vn 0.1914 -0.9815 0.0080
vn 0.1942 -0.9810 0.0014
vn 0.3812 -0.9245 0.0032
vn 0.5535 -0.8328 0.0056
vn 0.7047 -0.7095 0.0085
vn 0.8291 -0.5590 0.0118
vn 0.9220 -0.3869 0.0153
vn 0.9797 -0.1996 0.0186
vn 0.9998 -0.0043 0.0212
vn 1.0000 -0.0002 -0.0000
vn 0.9812 0.1915 0.0228
vn 0.9809 0.1947 0.0002
vn 0.9246 0.3804 0.0230
vn 0.9240 0.3823 0.0004
vn 0.8318 0.5547 0.0217
vn 0.8316 0.5553 0.0005
vn 0.7065 0.7074 0.0188
vn 0.7072 0.7071 0.0006
vn 0.5540 0.8324 0.0148
vn 0.5555 0.8315 0.0004
vn 0.3806 0.9247 0.0099
vn 0.3825 0.9239 0.0003
vn 0.1930 0.9812 0.0048
vn 0.1950 0.9808 -0.0000
vn -0.0014 1.0000 -0.0000
vn -0.1955 0.9807 -0.0041
vn -0.3821 0.9241 -0.0071
vn -0.5542 0.8324 -0.0090
vn -0.7053 0.7088 -0.0099
vn -0.8298 0.5580 -0.0098
vn -0.9227 0.3855 -0.0091
vn -0.9802 0.1978 -0.0080
vn -1.0000 0.0024 -0.0068
vn -0.9811 -0.1933 -0.0056
vn -0.9244 -0.3815 -0.0045
vn -0.8319 -0.5549 -0.0036
vn -0.7073 -0.7069 -0.0029
vn -0.5556 -0.8314 -0.0023
vn -0.3827 -0.9239 -0.0017
vn -0.1951 -0.9808 -0.0009
vn -0.1956 -0.9807 -0.0071
vn -0.1935 -0.9810 -0.0152
vn -0.1917 -0.9813 -0.0192
vn -0.1924 -0.9810 -0.0258
vn -0.1922 -0.9807 -0.0354
vn -0.1931 -0.9803 -0.0429
vn -0.1974 -0.9788 -0.0541
vn -0.2012 -0.9777 -0.0601
vn -0.2062 -0.9772 -0.0510
vn -0.2104 -0.9771 -0.0304
vn -0.2122 -0.9772 -0.0046
vn -0.2113 -0.9772 0.0201
vn -0.2224 -0.9744 0.0336
vn -0.4320 -0.9008 0.0431
vn -0.4398 -0.8954 0.0689
vn -0.6392 -0.7661 0.0671
vn -0.6412 -0.7601 0.1049
vn -0.8091 -0.5808 0.0897
vn -0.8047 -0.5774 0.1379
vn -0.9242 -0.3663 0.1083
vn -0.9152 -0.3679 0.1644
vn -0.9815 -0.1482 0.1214
vn -0.9709 -0.1551 0.1826
vn -0.9902 0.0547 0.1285
vn -0.9804 0.0439 0.1923
vn -0.9635 0.2338 0.1304
vn -0.9557 0.2211 0.1944
vn -0.9069 0.3761 0.1899
vn -0.8401 0.5119 0.1794
vn -0.6554 0.7493 0.0949
vn -0.7574 0.6322 0.1635
vn -0.6576 0.7399 0.1420
vn -0.5371 0.8356 0.1150
vn -0.3825 0.9224 0.0537
vn -0.3913 0.9166 0.0824
vn 0.9887 -0.0001 -0.1499
vn 0.9696 0.1917 -0.1520
vn 0.9951 -0.0070 -0.0989
vn 0.9087 0.3904 -0.1477
vn 0.9780 0.1827 -0.1009
vn 0.7993 0.5856 -0.1351
vn 0.9199 0.3796 -0.0988
vn 0.6393 0.7607 -0.1125
vn 0.8138 0.5740 -0.0913
vn 0.4370 0.8959 -0.0800
vn 0.6570 0.7499 -0.0770
vn 0.2118 0.9765 -0.0401
vn 0.4567 0.8879 -0.0560
vn -0.0123 0.9999 0.0028
vn 0.2311 0.9725 -0.0297
vn -0.2163 0.9753 0.0446
vn 0.0044 1.0000 -0.0009
vn -0.2034 0.9787 0.0276
vn -0.9319 0.2224 -0.2866
vn -0.9180 0.1932 -0.3465
vn -0.8877 0.3325 -0.3185
vn 0.2586 0.9589 -0.1171
vn 0.4469 0.8896 -0.0942
vn 0.4379 0.8920 -0.1122
vn 0.2084 0.9770 -0.0456
vn 0.2147 0.9750 -0.0565
vn 0.3998 0.9150 -0.0544
vn 0.5994 0.7931 -0.1078
vn 0.6071 0.7894 -0.0911
vn 0.7441 0.6622 -0.0884
vn 0.1908 0.9814 0.0223
vn 0.1914 0.9814 0.0148
vn 0.3787 0.9250 0.0300
vn 0.3999 0.9068 0.1332
vn 0.5691 0.8053 0.1663
vn 0.5859 0.7881 0.1887
vn 0.5534 0.8255 0.1112
vn 0.5516 0.8300 0.0823
vn 0.7071 0.6994 0.1044
vn -0.6557 -0.7424 -0.1371
vn -0.6521 -0.7498 -0.1125
vn -0.7915 -0.6002 -0.1153
vn -0.1810 0.9823 -0.0492
vn 0.0207 0.9981 -0.0588
vn 0.0143 0.9988 -0.0474
vn 0.4066 0.9111 -0.0682
vn 0.5820 0.8092 -0.0805
vn 0.5748 0.8157 -0.0655
vn 0.2236 0.9729 0.0594
vn 0.2115 0.9747 0.0725
vn 0.4211 0.8963 0.1391
vn -0.9716 -0.1169 -0.2057
vn -0.9782 -0.1449 -0.1487
vn -0.9860 0.0582 -0.1563
vn -0.8182 0.5151 -0.2554
vn -0.7508 0.6195 -0.2292
vn -0.5016 0.8441 -0.1896
vn -0.9892 -0.0122 -0.1459
vn -0.9697 0.1945 -0.1476
vn -0.9702 0.1933 -0.1460
vn -0.9790 0.1960 -0.0556
vn -0.9783 0.1957 -0.0678
vn -0.9196 0.3869 -0.0677
vn -0.9719 0.2197 -0.0850
vn -0.9179 0.3942 -0.0444
vn -0.9099 0.4064 -0.0831
vn 0.1925 0.9795 0.0586
vn 0.3794 0.9199 0.0991
vn 0.3867 0.9149 0.1158
vn -0.5045 0.8486 -0.1595
vn -0.5125 0.8485 -0.1323
vn -0.3565 0.9296 -0.0937
vn 0.9241 0.3821 -0.0036
vn 0.9809 0.1933 -0.0190
vn 0.9809 0.1947 -0.0033
vn 0.8400 -0.5336 -0.0985
vn 0.8435 -0.5304 -0.0850
vn 0.7321 -0.6756 -0.0868
vn -0.5049 0.8522 -0.1368
vn -0.3150 0.9429 -0.1084
vn -0.3221 0.9374 -0.1322
vn -0.8073 0.5858 -0.0707
vn -0.8087 0.5881 -0.0128
vn -0.6671 0.7449 -0.0127
vn 0.7589 -0.6301 0.1645
vn 0.5070 -0.8522 0.1295
vn 0.5103 -0.8488 0.1384
vn 0.9998 -0.0146 0.0096
vn 0.9926 -0.0130 0.1209
vn 0.9746 -0.1902 0.1181
vn -0.9810 -0.1770 -0.0794
vn -0.9817 -0.1867 -0.0378
vn -0.9991 0.0105 -0.0412
vn 0.9145 -0.3223 0.2445
vn 0.9258 -0.3031 0.2260
vn 0.8583 -0.4709 0.2038
vn 0.6701 -0.7356 0.0992
vn 0.5339 -0.8435 0.0596
vn 0.5257 -0.8473 0.0753
vn -0.2031 0.9787 -0.0307
vn -0.1983 0.9785 -0.0558
vn 0.0037 1.0000 0.0015
vn 0.9764 -0.1938 -0.0958
vn 0.9262 -0.3677 -0.0837
vn 0.9240 -0.3700 -0.0967
vn 0.9274 0.3693 -0.0591
vn 0.9288 0.3635 -0.0718
vn 0.9809 0.1813 -0.0700
vn -0.7057 0.7084 -0.0122
vn -0.5538 0.8326 -0.0113
vn -0.7017 -0.7116 -0.0344
vn -0.6974 -0.7148 -0.0520
vn -0.8244 -0.5635 -0.0533
vn -0.9835 0.0643 -0.1693
vn -0.9564 0.0438 -0.2888
vn -0.9933 -0.0097 -0.1156
vn -0.6515 -0.7555 -0.0687
vn -0.7941 -0.6076 -0.0137
vn -0.7927 -0.6055 -0.0702
vn 0.9809 0.1858 -0.0576
vn 0.8318 -0.5551 -0.0035
vn 0.8327 -0.5533 -0.0195
vn 0.7095 -0.7044 -0.0204
vn 0.7921 -0.5981 0.1217
vn 0.8039 -0.5869 0.0965
vn 0.6806 -0.7284 0.0787
vn -0.3580 0.9304 -0.0789
vn -0.3482 0.9318 -0.1023
vn -0.1570 0.9828 -0.0978
vn -0.9181 0.3871 -0.0850
vn -0.5231 0.8463 -0.1013
vn -0.3621 0.9293 -0.0721
vn -0.1885 0.9817 -0.0274
vn -0.1902 0.9815 -0.0211
vn -0.0007 1.0000 -0.0000
vn -0.1286 0.9835 -0.1272
vn -0.1198 0.9872 -0.1049
vn 0.0772 0.9919 -0.1012
vn 0.9802 0.1727 -0.0966
vn 0.9819 0.1703 -0.0834
vn 0.9965 -0.0117 -0.0829
vn -0.7055 -0.7086 -0.0111
vn -0.8275 -0.5602 -0.0360
vn -0.8303 -0.5572 -0.0120
vn 0.5568 0.8307 -0.0053
vn 0.5603 0.8280 -0.0235
vn 0.7104 0.7034 -0.0219
vn -0.9730 0.0861 -0.2140
vn -0.9541 0.2545 -0.1580
vn -0.9362 0.2788 -0.2139
vn -0.9238 -0.2404 -0.2979
vn -0.9284 -0.2866 -0.2364
vn -0.9635 -0.0799 -0.2555
vn 0.8125 -0.5772 0.0813
vn 0.8218 -0.5678 0.0473
vn 0.6975 -0.7156 0.0370
vn 0.5520 0.8313 0.0658
vn 0.7062 0.7057 0.0567
vn 0.7062 0.7030 0.0842
vn 0.6655 0.7464 0.0039
vn 0.8149 0.5700 0.1049
vn 0.8227 0.5684 0.0053
vn 0.8338 -0.5508 -0.0382
vn 0.8348 -0.5486 -0.0466
vn 0.7139 -0.6986 -0.0474
vn 0.5695 -0.8199 -0.0585
vn 0.4085 -0.9095 -0.0764
vn 0.4018 -0.9138 -0.0602
vn -0.6771 -0.7286 -0.1036
vn -0.7987 -0.5858 -0.1378
vn -0.8084 -0.5787 -0.1078
vn -0.7926 -0.5932 -0.1411
vn 0.8655 -0.5008 0.0119
vn 0.6628 -0.7487 0.0112
vn 0.9091 -0.3358 0.2466
vn 0.8467 -0.4834 0.2222
vn -0.9973 -0.0155 -0.0724
vn -0.9800 0.1985 -0.0130
vn -0.9776 0.1976 -0.0723
vn -0.9889 -0.0139 -0.1477
vn -0.9927 -0.0149 -0.1199
vn -0.9732 0.1961 -0.1198
vn 0.4155 0.9057 -0.0844
vn 0.8498 0.5173 -0.1007
vn 0.9340 0.3471 -0.0845
vn 0.9313 0.3507 -0.0983
vn 0.8352 0.5485 -0.0395
vn 0.8372 0.5447 -0.0489
vn 0.9263 0.3738 -0.0476
vn 0.5646 0.8243 -0.0422
vn 0.7168 0.6955 -0.0505
vn 0.7134 0.6995 -0.0407
vn 0.8584 0.4436 0.2577
vn 0.8478 0.4761 0.2338
vn 0.9276 0.2792 0.2480
vn 0.9260 0.3356 0.1728
vn 0.9784 0.1567 0.1351
vn 0.9750 0.1358 0.1757
vn -0.6757 0.7242 -0.1380
vn -0.5148 0.8469 -0.1332
vn -0.8166 0.5660 -0.1131
vn -0.8216 0.5638 -0.0843
vn 0.9243 -0.3774 -0.0561
vn 0.9239 -0.3763 -0.0686
vn 0.8362 -0.5439 -0.0694
vn -0.9208 0.3862 -0.0553
vn -0.9999 -0.0004 -0.0137
vn -0.9799 0.1957 -0.0386
vn -0.9806 0.1953 -0.0137
vn -0.6931 -0.7182 -0.0617
vn -0.6869 -0.7228 -0.0756
vn -0.8164 -0.5722 -0.0784
vn -0.8213 -0.5670 -0.0636
vn -0.5182 0.8410 -0.1556
vn -0.8140 0.5756 -0.0777
vn -0.8236 0.5655 -0.0433
vn -0.6987 0.7143 -0.0399
vn -0.8469 0.5316 -0.0093
vn -0.6523 0.7500 -0.1094
vn -0.5595 -0.8222 -0.1050
vn -0.5561 -0.8277 -0.0753
vn -0.7118 -0.6955 -0.0982
vn -0.8337 -0.5485 -0.0642
vn -0.9256 -0.3769 -0.0337
vn -0.9261 -0.3702 -0.0728
vn -0.1150 0.9913 -0.0640
vn -0.1135 0.9935 -0.0125
vn 0.0847 0.9963 -0.0125
vn -0.6665 0.7423 -0.0694
vn -0.9998 -0.0154 -0.0132
vn -0.6521 -0.7580 -0.0138
vn 0.0828 0.9946 -0.0620
vn 0.6123 0.7886 -0.0567
vn 0.6144 0.7889 -0.0125
vn 0.7504 0.6609 -0.0125
vn 0.8468 -0.5292 -0.0539
vn 0.7382 -0.6744 -0.0134
vn 0.7362 -0.6745 -0.0549
vn 0.7485 0.6608 -0.0553
vn 0.9841 0.1693 -0.0528
vn 0.9855 0.1693 -0.0127
vn 0.9998 -0.0119 -0.0128
vn 0.8485 -0.5290 -0.0133
vn 0.9985 -0.0120 -0.0526
vn 0.3762 0.9234 0.0764
vn -0.1872 0.9816 -0.0382
vn -0.0013 1.0000 -0.0003
vn -0.5496 0.8347 -0.0349
vn -0.3756 0.9262 -0.0331
vn 0.0020 1.0000 -0.0081
vn 0.2022 0.9790 -0.0271
vn 0.1969 0.9804 -0.0071
vn -0.1675 0.9829 -0.0764
vn -0.5449 0.8369 -0.0523
vn -0.5405 0.8388 -0.0647
vn -0.3644 0.9291 -0.0630
vn -0.6648 -0.7351 -0.1329
vn -0.8189 -0.5737 -0.0173
vn -0.8083 -0.5742 -0.1302
vn -0.9215 -0.3570 -0.1526
vn 0.9170 -0.3465 0.1976
vn 0.8747 0.4093 0.2596
vn 0.9311 0.2452 0.2702
vn 0.9392 0.2117 0.2705
vn 0.8594 -0.5004 0.1052
vn 0.3675 -0.9262 0.0839
vn 0.3744 -0.9259 0.0500
vn 0.8326 0.5450 0.0986
vn 0.8322 0.5506 0.0660
vn 0.9250 0.3733 0.0716
vn 0.7646 -0.6197 0.1771
vn 0.7772 -0.6090 0.1581
vn 0.6581 -0.7417 0.1297
vn 0.6888 -0.7219 0.0660
vn 0.9998 -0.0007 -0.0186
vn 0.9808 0.1914 -0.0377
vn 0.9989 -0.0025 -0.0461
vn 0.9993 -0.0014 -0.0374
vn 0.9902 -0.0442 0.1325
vn 0.9791 0.1698 0.1122
vn 0.9974 -0.0160 0.0708
vn 0.9934 -0.0296 0.1109
vn 0.6587 0.7473 0.0875
vn -0.2048 0.9788 -0.0010
vn 0.0049 1.0000 0.0012
vn 0.0052 1.0000 0.0001
vn 0.7077 -0.7065 -0.0039
vn -0.9931 0.0373 -0.1109
vn -0.5321 0.8435 -0.0730
vn -0.5397 0.8400 -0.0560
vn -0.3717 0.9275 -0.0400
vn 0.7222 -0.6858 -0.0902
vn 0.5884 -0.8018 -0.1043
vn 0.5809 -0.8086 -0.0937
vn 0.9771 -0.1950 -0.0850
vn -0.7374 -0.6387 -0.2200
vn -0.8482 -0.4871 -0.2079
vn -0.8543 -0.4473 -0.2648
vn -0.7822 -0.5843 -0.2162
vn -0.7546 -0.6068 -0.2499
vn -0.8651 -0.4040 -0.2973
vn -0.5546 -0.8311 -0.0423
vn -0.5561 -0.8309 -0.0191
vn -0.7083 -0.7055 -0.0243
vn 0.9815 -0.1914 0.0107
vn 0.7118 -0.7013 -0.0392
vn -0.9691 0.2461 -0.0144
vn -0.9345 -0.3553 -0.0188
vn 0.9793 -0.1945 -0.0561
vn 0.9808 0.1891 -0.0467
vn -0.8052 0.5753 -0.1441
vn -0.8054 0.5811 -0.1172
vn -0.6663 0.7368 -0.1148
vn 0.9683 0.1078 0.2255
vn 0.9832 -0.0652 0.1705
vn 0.9715 -0.0914 0.2188
vn -0.3698 0.9277 -0.0509
vn -0.9222 0.3848 -0.0383
vn -0.9977 -0.0035 -0.0674
vn -0.9964 -0.0065 -0.0843
vn -0.9773 0.1943 -0.0850
vn -0.9052 0.3947 -0.1577
vn -0.9560 0.2416 -0.1662
vn 0.0537 0.9919 -0.1154
vn 0.2457 0.9631 -0.1095
vn 0.8990 0.3862 0.2064
vn 0.6383 0.7537 0.1564
vn 0.7651 0.5995 0.2348
vn 0.7929 0.5797 0.1876
vn 0.1990 0.9776 0.0680
vn -0.5352 0.8447 -0.0035
vn 0.7320 0.6747 -0.0945
vn 0.8463 0.5248 -0.0909
vn 0.5108 -0.8521 0.1137
vn 0.3584 -0.9312 0.0671
vn 0.3553 -0.9315 0.0781
vn -0.7893 0.5973 -0.1423
vn -0.8039 0.5860 -0.1020
vn -0.6793 0.7284 -0.0898
vn -0.3670 0.9287 -0.0520
vn 0.9963 -0.0095 -0.0852
vn 0.9247 0.3091 0.2221
vn 0.5586 0.8169 0.1440
vn 0.7154 0.6749 0.1809
vn -0.9807 -0.1645 -0.1054
vn -0.9962 0.0225 -0.0836
vn -0.8352 -0.5434 -0.0848
vn -0.5537 -0.8309 -0.0548
vn -0.7079 -0.7043 -0.0539
vn -0.7085 -0.7022 -0.0707
vn -0.6511 0.7410 -0.1642
vn -0.9569 0.1206 -0.2642
vn -0.8922 -0.3727 -0.2551
vn -0.1874 0.9818 -0.0312
vn 0.3887 0.9210 -0.0252
vn 1.0000 -0.0002 -0.0031
vn 0.9767 -0.0024 0.2146
vn 0.9508 -0.1660 0.2617
vn 0.9806 0.1816 0.0731
vn -0.9145 0.3880 -0.1151
vn -0.8094 0.5699 -0.1419
vn -0.9743 0.1932 -0.1159
vn -0.7250 -0.6670 -0.1717
vn -0.7163 -0.6841 -0.1374
vn -0.8418 -0.5137 -0.1661
vn -0.8384 -0.5320 -0.1188
vn -0.1422 0.9823 -0.1215
vn -0.6853 0.7198 -0.1102
vn 0.5907 0.8008 -0.0989
vn 0.0392 0.9949 -0.0932
vn 0.9805 0.1766 -0.0862
vn 0.7260 0.6833 -0.0771
vn 0.9976 -0.0072 -0.0689
vn 0.8377 -0.5391 -0.0875
vn 0.9651 0.0776 0.2501
vn 0.8717 -0.4545 0.1833
vn 0.9799 -0.1939 -0.0459
vn 0.7158 -0.6960 -0.0573
vn -0.9655 0.2348 -0.1124
vn -0.6889 0.7216 -0.0687
vn 0.7099 0.6903 0.1400
vn 0.5527 0.8322 0.0443
vn -0.9327 0.1582 -0.3242
vn 0.7183 -0.6921 -0.0711
vn -0.3780 0.9255 -0.0250
vn -0.1937 0.9810 -0.0136
vn -0.0017 1.0000 -0.0001
vn 0.8320 0.5548 -0.0040
vn -0.3559 0.9249 -0.1335
vn -0.3622 0.9220 -0.1366
vn 0.0016 1.0000 0.0006
vn 0.9616 0.0462 0.2706
vn 0.7270 -0.6792 -0.1011
vn 0.5953 -0.7985 -0.0892
vn -0.6686 0.7301 -0.1409
vn 0.3942 0.9180 -0.0439
vn -0.1884 0.9796 -0.0700
vn -0.1851 0.9809 -0.0590
vn -0.6194 -0.7675 -0.1652
vn -0.6390 -0.7627 -0.0997
vn 0.5662 -0.8228 -0.0486
vn -0.8261 0.5608 -0.0546
vn -0.6959 0.7151 -0.0662
vn -0.6991 0.7130 -0.0536
vn -0.8285 0.5588 -0.0375
vn -0.6666 0.7348 -0.1249
vn -0.7703 0.6092 -0.1887
vn 0.9984 -0.0045 -0.0567
vn -0.1852 0.9815 -0.0494
vn -0.0020 1.0000 -0.0008
vn -0.0016 1.0000 -0.0008
vn -0.9150 0.3064 -0.2624
vn 0.9528 -0.2587 0.1587
vn 0.9628 -0.2397 0.1245
vn -0.3536 0.9286 -0.1126
vn 0.9686 -0.2254 0.1047
vn 0.9752 -0.2117 0.0651
vn 0.9157 -0.3979 0.0570
vn 0.7079 0.7063 -0.0046
vn 0.8335 0.5522 -0.0207
vn -0.9194 -0.3895 -0.0544
vn -0.9173 -0.3928 -0.0652
vn -0.9770 -0.2024 -0.0665
vn -0.9749 -0.2067 -0.0829
vn -0.9975 0.0683 -0.0168
vn -0.3852 -0.9187 -0.0867
vn -0.5667 -0.8135 -0.1304
vn -0.3944 -0.9123 -0.1103
vn -0.8446 0.4732 -0.2506
vn -0.8668 0.4544 -0.2054
vn -0.9783 -0.1999 -0.0551
vn -0.9214 -0.3868 -0.0372
vn -0.9035 -0.4284 -0.0135
vn -0.9736 -0.2279 -0.0133
vn -0.9015 -0.4269 -0.0713
vn -0.3817 0.9223 -0.0602
vn -0.9712 -0.2271 -0.0721
vn -0.8986 -0.4227 -0.1176
vn -0.8306 0.5568 -0.0130
vn -0.4981 0.8670 -0.0126
vn -0.3106 0.9504 -0.0126
vn -0.4983 0.8644 -0.0678
vn -0.9795 -0.1980 -0.0381
vn -0.9232 -0.3841 -0.0128
vn -0.3115 0.9480 -0.0659
vn -0.5000 0.8588 -0.1118
vn 0.9808 -0.1950 -0.0031
vn 0.9240 -0.3824 -0.0032
vn 0.9243 -0.3812 -0.0189
vn -0.3806 -0.9243 -0.0293
vn -0.3788 -0.9247 -0.0375
vn -0.3019 -0.9532 -0.0140
vn -0.3027 -0.9508 -0.0652
vn -0.4853 -0.8742 -0.0139
vn -0.8974 -0.4170 -0.1443
vn -0.9671 -0.2246 -0.1191
vn -0.4854 -0.8717 -0.0670
vn -0.3066 -0.9459 -0.1058
vn 0.2764 0.9610 -0.0125
vn 0.2743 0.9598 -0.0601
vn 0.4548 0.8905 -0.0125
vn 0.5741 -0.8155 -0.0734
vn 0.2683 0.9584 -0.0976
vn 0.4527 0.8898 -0.0583
vn 0.6023 -0.7981 -0.0136
vn -0.4878 -0.8661 -0.1093
vn -0.3147 -0.9406 -0.1276
vn 0.6002 -0.7979 -0.0562
vn 0.4447 -0.8956 -0.0137
vn 0.6480 -0.7474 0.1469
vn 0.8593 0.5113 -0.0125
vn -0.9642 -0.2209 -0.1465
vn -0.9008 -0.4106 -0.1417
vn 0.9383 0.3456 -0.0126
vn 0.8577 0.5114 -0.0541
vn 0.4425 -0.8949 -0.0578
vn 0.9812 -0.1924 -0.0130
vn 0.9799 -0.1926 -0.0527
vn 0.9303 -0.3666 -0.0131
vn 0.8541 0.5130 -0.0862
vn 0.9368 0.3457 -0.0533
vn 0.9288 -0.3668 -0.0531
vn 0.9777 -0.1930 -0.0830
vn 0.0675 0.9902 -0.1221
vn 0.4370 -0.8948 -0.0920
vn -0.4939 -0.8594 -0.1326
vn -0.3283 -0.9368 -0.1211
vn 0.1892 0.9815 0.0282
vn 0.1881 0.9814 0.0382
vn -0.9092 0.3903 -0.1446
vn -0.9079 -0.4041 -0.1114
vn -0.9655 -0.2166 -0.1445
# 810 vertex normals

o Group22992
g Group22992
s off
f 1//1 2//1 3//1 
f 1//1 3//1 4//1 
f 1//1 4//1 5//1 
f 1//1 5//1 6//1 
f 1//1 6//1 7//1 
f 1//1 7//1 8//1 
f 1//1 8//1 9//1 
f 1//1 9//1 10//1 
f 1//1 10//1 11//1 
f 1//1 11//1 12//1 
f 1//1 12//1 13//1 
f 1//1 13//1 14//1 
f 1//1 14//1 15//1 
f 1//1 15//1 16//1 
f 1//1 16//1 17//1 
f 1//1 17//1 18//1 
f 1//1 18//1 19//1 
f 1//1 19//1 20//1 
f 1//1 20//1 21//1 
f 1//1 21//1 22//1 
f 1//1 22//1 23//1 
f 1//1 23//1 24//1 
f 1//1 24//1 25//1 
f 1//1 25//1 26//1 
f 1//1 26//1 27//1 
f 1//1 27//1 28//1 
f 1//1 28//1 29//1 
f 1//1 29//1 30//1 
f 1//1 30//1 31//1 
f 1//1 31//1 32//1 
f 1//1 32//1 33//1 
f 1//1 33//1 2//1 
f 34//2 35//3 36//4 
f 36//4 35//3 37//5 
f 37//5 35//3 38//6 
f 38//6 35//3 39//7 
f 39//7 35//3 40//8 
f 40//8 35//3 41//9 
f 41//9 35//3 42//10 
f 42//10 35//3 43//11 
f 43//11 35//3 44//12 
f 44//12 35//3 45//13 
f 45//13 35//3 46//14 
f 46//14 35//3 47//15 
f 47//15 35//3 48//16 
f 48//16 35//3 49//17 
f 49//17 35//3 50//18 
f 50//18 35//3 51//19 
f 51//19 35//3 52//20 
f 52//20 35//3 53//21 
f 53//21 35//3 54//22 
f 54//22 35//3 55//23 
f 55//23 35//3 56//24 
f 56//24 35//3 57//25 
f 57//25 35//3 58//26 
f 58//26 35//3 59//27 
f 59//27 35//3 60//28 
f 60//28 35//3 61//29 
f 61//29 35//3 62//30 
f 62//30 35//3 63//31 
f 63//31 35//3 64//32 
f 64//32 35//3 65//33 
f 65//33 35//3 66//34 
f 66//34 35//3 34//2 
f 33//35 67//36 2//36 
f 33//35 68//35 67//36 
f 32//37 68//35 33//35 
f 68//35 69//38 67//36 
f 31//39 68//37 32//37 
f 70//40 71//41 69//38 
f 30//42 68//39 31//39 
f 72//43 73//44 71//41 
f 29//45 68//42 30//42 
f 74//46 75//47 73//44 
f 28//48 76//45 29//45 
f 77//49 78//50 75//47 
f 27//51 76//48 28//48 
f 79//52 80//53 78//50 
f 26//54 76//51 27//51 
f 81//55 82//56 80//53 
f 83//57 84//58 82//56 
f 85//59 86//60 84//58 
f 87//61 88//62 86//60 
f 89//63 90//64 88//62 
f 91//65 92//66 90//64 
f 93//67 34//68 92//66 
f 93//67 66//69 34//68 
f 93//70 65//71 66//69 
f 94//72 64//73 65//71 
f 94//74 63//75 64//73 
f 95//76 62//77 63//75 
f 95//78 61//79 62//77 
f 96//80 60//81 61//79 
f 96//82 59//83 60//81 
f 97//84 58//85 59//83 
f 97//86 57//87 58//85 
f 98//88 56//89 57//87 
f 98//90 55//91 56//89 
f 99//92 54//93 55//91 
f 99//94 53//95 54//93 
f 100//96 52//97 53//95 
f 100//98 51//99 52//97 
f 101//100 50//101 51//99 
f 101//102 49//103 50//101 
f 102//104 48//105 49//103 
f 102//106 47//107 48//105 
f 103//108 46//109 47//107 
f 103//110 45//111 46//109 
f 103//112 44//113 45//111 
f 104//114 43//115 44//113 
f 104//116 42//117 43//115 
f 105//118 41//119 42//117 
f 105//120 40//121 41//119 
f 106//122 39//123 40//121 
f 106//124 38//125 39//123 
f 107//126 37//127 38//125 
f 107//128 36//129 37//127 
f 92//66 36//129 107//128 
f 92//66 34//68 36//129 
f 90//64 92//66 107//128 
f 88//62 90//64 108//130 
f 86//60 88//62 109//131 
f 84//58 86//60 110//132 
f 82//56 84//58 111//133 
f 80//53 82//56 112//134 
f 78//50 80//53 113//135 
f 75//47 78//50 114//136 
f 73//44 75//47 115//137 
f 71//41 73//44 116//138 
f 69//38 71//41 117//139 
f 67//36 69//38 118//140 
f 2//36 67//36 119//141 
f 2//36 119//141 3//141 
f 3//141 119//142 4//142 
f 4//142 119//143 5//144 
f 5//144 119//145 6//146 
f 6//146 120//147 7//148 
f 7//148 120//149 8//150 
f 8//150 120//151 9//152 
f 9//152 121//153 10//154 
f 10//154 121//155 11//156 
f 11//156 121//157 12//158 
f 12//158 122//159 13//160 
f 13//160 122//161 14//162 
f 14//162 123//163 15//164 
f 15//164 123//165 16//166 
f 25//167 76//54 26//54 
f 24//168 124//167 25//167 
f 23//169 124//168 24//168 
f 22//170 124//169 23//169 
f 21//171 125//170 22//170 
f 20//172 125//171 21//171 
f 19//173 125//172 20//172 
f 18//174 125//173 19//173 
f 17//175 123//174 18//174 
f 16//166 123//175 17//175 
f 126//176 127//177 128//178 
f 126//176 128//178 129//179 
f 126//176 129//179 130//180 
f 126//176 130//180 131//181 
f 126//176 131//181 132//182 
f 126//176 132//182 133//183 
f 126//176 133//183 134//184 
f 126//176 134//184 135//185 
f 126//176 135//185 136//186 
f 126//176 136//186 137//185 
f 126//176 137//185 138//187 
f 126//176 138//187 139//188 
f 126//176 139//188 140//189 
f 126//176 140//189 141//190 
f 126//176 141//190 142//191 
f 126//176 142//191 143//192 
f 126//176 143//192 144//193 
f 126//176 144//193 145//194 
f 126//176 145//194 146//195 
f 126//176 146//195 147//196 
f 126//176 147//196 148//197 
f 126//176 148//197 149//198 
f 126//176 149//198 150//199 
f 126//176 150//199 151//200 
f 126//176 151//200 152//201 
f 126//176 152//201 153//202 
f 126//176 153//202 154//203 
f 126//176 154//203 155//204 
f 126//176 155//204 156//205 
f 126//176 156//205 157//206 
f 126//176 157//206 158//207 
f 126//176 158//207 127//177 
f 159//208 160//208 161//208 
f 161//208 160//208 162//208 
f 162//208 160//208 163//208 
f 163//208 160//208 164//208 
f 164//208 160//208 165//208 
f 165//208 160//208 166//208 
f 166//208 160//208 167//208 
f 167//208 160//208 168//208 
f 168//208 160//208 169//208 
f 169//208 160//208 170//208 
f 170//208 160//208 171//208 
f 171//208 160//208 172//208 
f 172//208 160//208 173//208 
f 173//208 160//208 174//208 
f 174//208 160//208 175//208 
f 175//208 160//208 176//208 
f 176//208 160//208 177//208 
f 177//208 160//208 178//208 
f 178//208 160//208 179//208 
f 179//208 160//208 180//208 
f 180//208 160//208 181//208 
f 181//208 160//208 182//208 
f 182//208 160//208 183//208 
f 183//208 160//208 184//208 
f 184//208 160//208 185//208 
f 185//208 160//208 186//208 
f 186//208 160//208 187//208 
f 187//208 160//208 188//208 
f 188//208 160//208 189//208 
f 189//208 160//208 190//208 
f 190//208 160//208 191//208 
f 191//208 160//208 159//208 
f 158//209 192//210 127//211 
f 158//209 193//212 192//210 
f 157//213 193//212 158//209 
f 193//212 194//214 192//210 
f 156//215 193//216 157//213 
f 195//217 196//218 194//214 
f 155//219 193//216 156//215 
f 197//220 198//221 196//218 
f 154//222 199//223 155//219 
f 200//224 201//225 198//221 
f 153//226 199//223 154//222 
f 202//227 203//228 201//225 
f 152//229 199//230 153//226 
f 204//231 205//232 203//228 
f 151//233 199//230 152//229 
f 206//234 207//235 205//232 
f 208//236 209//237 207//235 
f 210//238 211//239 209//237 
f 212//240 213//241 211//239 
f 214//242 215//243 213//241 
f 216//244 217//239 215//243 
f 218//245 159//36 217//239 
f 218//245 191//35 159//36 
f 218//246 190//37 191//35 
f 218//247 189//39 190//37 
f 218//248 188//42 189//39 
f 219//249 187//45 188//42 
f 219//250 186//48 187//45 
f 219//251 185//51 186//48 
f 219//252 184//253 185//51 
f 220//254 183//255 184//253 
f 220//256 182//257 183//255 
f 220//258 181//259 182//257 
f 220//260 180//261 181//259 
f 221//262 179//263 180//261 
f 221//264 178//265 179//263 
f 221//266 177//267 178//265 
f 222//268 176//174 177//267 
f 222//269 175//175 176//174 
f 222//270 174//166 175//175 
f 222//271 173//164 174//166 
f 223//272 172//162 173//164 
f 223//273 171//160 172//162 
f 223//274 170//158 171//160 
f 223//275 169//156 170//158 
f 224//276 168//154 169//156 
f 224//277 167//152 168//154 
f 224//278 166//150 167//152 
f 224//279 165//148 166//150 
f 225//280 164//146 165//148 
f 225//281 163//144 164//146 
f 225//282 162//142 163//144 
f 225//283 161//141 162//142 
f 217//239 161//141 225//283 
f 217//239 159//36 161//141 
f 215//243 217//239 225//283 
f 213//241 215//243 226//284 
f 211//239 213//241 227//285 
f 209//237 211//239 228//286 
f 207//235 209//237 229//287 
f 205//232 207//235 230//288 
f 203//228 205//232 231//289 
f 201//225 203//228 232//290 
f 198//221 201//225 233//291 
f 196//218 198//221 234//292 
f 194//214 196//218 235//293 
f 192//210 194//214 236//294 
f 127//211 192//210 237//295 
f 127//211 237//295 128//296 
f 128//296 237//297 129//298 
f 129//298 237//299 130//300 
f 130//300 237//301 131//302 
f 131//302 238//303 132//304 
f 132//304 238//305 133//306 
f 133//306 239//307 134//308 
f 134//308 239//309 135//310 
f 135//310 239//309 136//311 
f 136//311 239//309 137//312 
f 137//312 240//313 138//314 
f 138//314 240//313 139//315 
f 139//315 240//313 140//316 
f 140//316 241//317 141//318 
f 150//319 199//230 151//233 
f 149//320 242//321 150//319 
f 148//322 242//323 149//320 
f 147//324 242//325 148//322 
f 146//326 242//327 147//324 
f 145//328 243//329 146//326 
f 144//330 243//331 145//328 
f 143//332 243//333 144//330 
f 142//334 243//335 143//332 
f 141//318 241//336 142//334 
f 71//41 116//138 117//139 
f 85//59 87//61 86//60 
f 137//312 239//309 240//313 
f 202//227 204//231 203//228 
f 203//228 231//289 232//290 
f 244//337 245//338 246//339 
f 247//340 248//341 249//342 
f 84//58 110//132 111//133 
f 221//262 180//261 220//260 
f 207//235 229//287 230//288 
f 70//40 72//43 71//41 
f 250//343 251//344 252//345 
f 99//92 55//91 98//90 
f 249//346 248//347 253//348 
f 254//349 255//350 256//351 
f 210//238 212//240 211//239 
f 257//352 258//353 259//354 
f 260//355 261//356 262//357 
f 263//358 264//359 265//360 
f 103//108 47//107 102//106 
f 266//361 251//362 250//363 
f 14//162 122//161 123//163 
f 79//52 81//55 80//53 
f 267//364 268//365 269//366 
f 155//219 199//223 193//216 
f 270//367 271//368 272//369 
f 273//370 274//371 275//372 
f 244//373 246//374 276//375 
f 277//376 278//377 279//378 
f 280//379 281//380 282//381 
f 213//241 226//284 227//285 
f 283//382 284//383 285//384 
f 286//385 287//386 258//387 
f 288//388 289//389 290//390 
f 25//167 124//167 76//54 
f 291//391 292//392 293//393 
f 294//394 295//395 296//396 
f 95//76 63//75 94//74 
f 297//397 298//398 299//399 
f 300//400 301//401 302//402 
f 303//403 204//404 202//405 
f 304//406 305//407 306//408 
f 283//409 307//410 284//411 
f 224//276 169//156 223//275 
f 308//412 309//413 310//414 
f 311//415 212//416 210//417 
f 312//418 313//419 270//420 
f 142//334 241//336 243//335 
f 314//421 295//422 294//423 
f 269//424 268//425 315//426 
f 122//161 316//427 317//428 
f 117//429 116//430 318//431 
f 319//432 320//433 244//337 
f 194//214 235//293 236//294 
f 321//434 277//376 279//378 
f 75//47 114//136 115//137 
f 106//122 40//121 105//120 
f 322//435 323//436 324//437 
f 269//424 315//426 325//438 
f 326//439 327//440 72//441 
f 311//442 328//443 212//444 
f 219//249 188//42 218//248 
f 329//445 330//446 331//447 
f 281//380 332//448 282//381 
f 289//389 333//449 334//450 
f 335//451 336//452 254//453 
f 299//454 298//455 337//456 
f 101//100 51//99 100//98 
f 314//457 338//458 339//459 
f 97//84 59//83 96//82 
f 6//146 119//145 120//147 
f 118//460 340//461 341//462 
f 342//463 343//464 292//465 
f 18//174 123//174 125//173 
f 273//466 275//467 344//468 
f 345//469 346//470 347//471 
f 348//472 349//473 216//474 
f 254//475 256//476 350//477 
f 351//478 305//479 304//480 
f 146//326 243//329 242//327 
f 352//481 353//482 77//483 
f 354//484 81//485 79//486 
f 113//487 355//488 321//489 
f 263//358 265//360 356//490 
f 197//220 200//224 198//221 
f 199//223 357//491 195//492 
f 198//221 233//291 234//292 
f 320//433 245//338 244//337 
f 272//369 257//352 259//354 
f 358//493 308//412 310//494 
f 359//495 301//496 300//497 
f 360//498 361//499 362//500 
f 267//364 331//501 268//365 
f 249//502 338//503 314//504 
f 363//505 252//506 364//507 
f 250//508 252//509 363//510 
f 259//511 258//512 309//513 
f 260//514 262//515 365//516 
f 366//517 297//397 367//518 
f 332//448 330//519 329//520 
f 83//57 85//59 84//58 
f 354//521 315//522 368//523 
f 280//379 282//381 369//524 
f 341//525 370//526 316//527 
f 115//528 114//529 371//530 
f 116//430 372//531 318//431 
f 244//373 276//375 313//532 
f 271//368 257//352 272//369 
f 223//272 173//164 222//271 
f 285//533 284//534 373//535 
f 239//309 374//536 240//313 
f 375//537 244//373 313//532 
f 230//538 229//539 274//540 
f 376//541 307//542 283//543 
f 377//544 378//545 379//546 
f 300//400 302//402 380//547 
f 359//495 381//548 301//496 
f 104//114 44//113 103//112 
f 88//62 108//130 109//131 
f 322//435 382//549 323//436 
f 377//544 379//546 383//550 
f 384//551 385//552 386//553 
f 89//63 91//65 90//64 
f 387//554 388//555 389//556 
f 384//551 386//553 390//557 
f 391//558 392//559 393//560 
f 387//554 394//561 388//555 
f 391//558 393//560 395//562 
f 396//563 261//356 260//355 
f 334//564 335//451 261//565 
f 317//428 397//566 398//567 
f 317//568 398//569 342//570 
f 329//445 331//447 267//571 
f 266//572 282//573 251//574 
f 113//487 112//575 355//488 
f 80//53 112//134 113//135 
f 131//302 237//301 238//303 
f 236//576 235//577 319//578 
f 305//407 399//579 306//408 
f 272//580 259//581 358//582 
f 306//583 303//403 200//584 
f 306//583 200//584 197//585 
f 220//254 184//253 219//252 
f 350//586 256//587 400//588 
f 310//589 401//590 208//591 
f 206//234 208//236 207//235 
f 214//242 216//244 215//243 
f 348//472 216//474 214//592 
f 293//393 292//392 327//593 
f 363//594 353//595 352//596 
f 365//516 262//515 328//597 
f 350//598 400//599 348//600 
f 351//478 402//601 305//479 
f 403//602 402//603 351//604 
f 326//439 72//441 70//605 
f 29//45 76//45 68//42 
f 274//371 404//606 275//372 
f 335//607 285//608 336//609 
f 405//610 85//611 83//612 
f 405//613 314//421 294//423 
f 232//614 346//615 345//616 
f 320//617 233//618 245//619 
f 376//620 226//621 307//622 
f 225//280 165//148 224//279 
f 242//321 357//623 199//230 
f 150//319 242//321 199//230 
f 352//481 77//483 74//624 
f 74//46 77//49 75//47 
f 373//535 223//272 222//271 
f 255//350 221//264 256//351 
f 239//309 406//625 374//536 
f 237//301 406//626 238//303 
f 325//627 315//522 354//521 
f 363//594 364//628 353//595 
f 205//232 230//288 231//289 
f 346//470 273//370 347//471 
f 278//629 362//630 407//631 
f 360//498 362//500 278//377 
f 401//590 311//415 208//591 
f 408//632 365//633 401//634 
f 397//566 266//635 398//567 
f 370//526 369//524 397//636 
f 9//152 120//151 121//153 
f 121//153 341//525 316//527 
f 115//528 371//530 372//531 
f 281//637 371//638 332//639 
f 409//640 244//373 375//537 
f 319//641 244//337 409//640 
f 367//642 247//340 410//643 
f 367//518 297//397 299//399 
f 411//644 272//580 358//582 
f 270//645 272//646 411//647 
f 246//374 288//388 276//375 
f 257//648 286//385 258//387 
f 241//336 403//602 351//604 
f 240//313 374//536 403//649 
f 410//650 249//502 412//651 
f 410//643 247//340 249//342 
f 310//652 208//653 206//654 
f 303//403 310//652 204//404 
f 275//655 404//656 335//657 
f 333//449 335//658 334//450 
f 123//174 342//570 125//173 
f 124//168 291//391 293//393 
f 412//651 249//502 314//504 
f 412//659 314//421 405//613 
f 258//512 408//660 309//513 
f 258//353 287//661 408//662 
f 413//663 283//664 404//606 
f 413//665 376//541 283//543 
f 287//386 396//563 260//355 
f 289//389 334//450 290//390 
f 119//145 118//460 341//462 
f 67//36 118//140 119//141 
f 211//239 227//285 228//286 
f 228//666 376//667 413//668 
f 246//374 289//669 288//388 
f 347//670 273//466 344//468 
f 196//218 234//292 235//293 
f 235//577 320//671 319//578 
f 398//672 266//361 250//363 
f 342//570 398//569 343//673 
f 357//491 197//585 195//492 
f 195//217 197//220 196//218 
f 117//429 318//431 340//461 
f 370//526 280//379 369//524 
f 382//549 105//120 323//436 
f 381//548 104//114 103//112 
f 124//167 293//674 76//54 
f 76//45 326//439 70//605 
f 301//401 102//106 302//402 
f 378//545 101//100 100//98 
f 264//359 324//437 265//360 
f 361//499 359//495 300//497 
f 90//64 107//128 108//130 
f 382//549 106//122 105//120 
f 411//675 358//676 399//579 
f 358//493 310//494 399//579 
f 362//630 380//547 407//631 
f 298//455 377//544 383//550 
f 400//677 220//254 219//252 
f 349//473 219//249 218//248 
f 378//545 100//98 379//546 
f 385//552 99//92 98//90 
f 86//60 109//131 110//132 
f 264//359 322//435 324//437 
f 414//678 366//679 330//519 
f 321//434 279//378 414//680 
f 394//561 94//74 388//555 
f 91//65 93//67 92//66 
f 298//455 383//550 337//456 
f 248//347 384//551 390//557 
f 346//681 230//682 273//683 
f 230//682 274//684 273//683 
f 330//446 367//685 331//447 
f 330//686 366//517 367//518 
f 392//559 97//84 96//82 
f 385//552 98//90 386//553 
f 392//559 96//82 393//560 
f 394//561 95//76 94//74 
f 87//61 89//63 88//62 
f 295//395 389//556 296//396 
f 331//501 410//687 268//365 
f 331//688 367//642 410//643 
f 248//347 390//557 253//348 
f 338//458 391//558 395//562 
f 338//458 395//562 339//459 
f 295//395 387//554 389//556 
f 268//425 412//689 315//426 
f 268//690 410//650 412//651 
f 374//536 375//537 403//649 
f 403//602 312//418 402//603 
f 315//691 412//659 405//613 
f 315//522 405//692 368//523 
f 277//376 360//498 278//377 
f 112//575 356//490 355//488 
f 309//693 408//632 401//634 
f 309//413 401//694 310//414 
f 112//575 263//358 356//490 
f 82//56 111//133 112//134 
f 353//695 325//627 354//521 
f 353//482 354//696 77//483 
f 404//697 283//382 285//384 
f 404//656 285//698 335//657 
f 408//660 260//514 365//516 
f 287//661 260//699 408//662 
f 114//529 321//489 371//530 
f 371//638 321//434 414//680 
f 256//700 221//262 220//260 
f 256//587 220//256 400//588 
f 233//618 345//616 245//619 
f 245//338 345//701 246//339 
f 78//50 113//135 114//136 
f 114//529 113//487 321//489 
f 282//573 329//445 251//574 
f 282//381 332//448 329//520 
f 251//574 329//445 267//571 
f 251//344 267//364 252//345 
f 252//345 267//364 269//366 
f 252//506 269//424 364//507 
f 73//44 115//137 116//138 
f 116//430 115//528 372//531 
f 357//491 306//583 197//585 
f 304//406 306//408 357//623 
f 261//356 254//475 350//477 
f 335//451 254//453 261//565 
f 262//515 348//600 328//597 
f 328//443 348//472 214//592 
f 261//356 350//477 262//357 
f 262//515 350//598 348//600 
f 212//240 214//242 213//241 
f 328//443 214//592 212//444 
f 72//43 74//46 73//44 
f 327//440 74//624 72//441 
f 343//464 363//510 292//465 
f 292//392 363//594 352//596 
f 327//440 352//481 74//624 
f 292//392 352//596 327//593 
f 316//527 370//526 397//636 
f 316//427 397//566 317//428 
f 233//618 232//614 345//616 
f 201//225 232//290 233//291 
f 402//601 411//647 305//479 
f 305//407 411//675 399//579 
f 229//539 413//668 274//540 
f 274//371 413//663 404//606 
f 284//534 223//272 373//535 
f 284//411 224//276 223//275 
f 349//473 218//248 216//474 
f 216//244 218//245 217//239 
f 76//45 70//605 68//42 
f 68//35 70//40 69//38 
f 69//38 117//139 118//140 
f 118//460 117//429 340//461 
f 307//410 224//276 284//411 
f 307//622 225//280 224//279 
f 122//161 317//428 123//163 
f 123//174 317//568 342//570 
f 406//625 319//641 409//640 
f 236//576 319//578 406//626 
f 402//601 270//645 411//647 
f 312//418 270//420 402//603 
f 81//55 83//57 82//56 
f 368//702 405//610 83//612 
f 242//321 304//406 357//623 
f 243//329 304//480 242//327 
f 301//401 103//108 102//106 
f 381//548 103//112 301//496 
f 192//210 236//294 237//295 
f 237//301 236//576 406//626 
f 285//608 373//703 336//609 
f 373//704 222//268 255//705 
f 243//329 351//478 304//480 
f 241//336 351//604 243//335 
f 362//630 300//400 380//547 
f 361//499 300//497 362//500 
f 222//268 177//267 221//266 
f 255//705 222//268 221//266 
f 125//170 291//706 124//169 
f 22//170 125//170 124//169 
f 313//532 276//707 271//708 
f 313//419 271//709 270//420 
f 259//581 309//693 308//710 
f 358//582 259//581 308//710 
f 208//236 210//238 209//237 
f 208//591 311//415 210//417 
f 226//621 225//280 307//622 
f 215//243 225//283 226//284 
f 120//151 341//525 121//153 
f 119//145 341//462 120//147 
f 405//610 294//711 85//611 
f 294//711 296//712 85//611 
f 199//223 195//492 193//216 
f 193//212 195//217 194//214 
f 278//629 407//631 297//713 
f 366//679 278//629 297//713 
f 209//237 228//286 229//287 
f 229//539 228//666 413//668 
f 398//569 250//714 343//673 
f 343//464 250//508 363//510 
f 271//708 276//707 257//715 
f 276//707 286//716 257//715 
f 234//717 233//618 320//617 
f 235//718 234//717 320//617 
f 200//224 202//227 201//225 
f 200//584 303//403 202//405 
f 77//719 354//484 79//486 
f 77//49 79//52 78//50 
f 369//720 282//721 266//722 
f 397//723 369//720 266//722 
f 275//655 335//657 333//724 
f 289//725 275//655 333//724 
f 364//628 325//726 353//595 
f 364//507 269//424 325//438 
f 290//727 334//728 287//729 
f 286//716 290//727 287//729 
f 345//701 347//670 246//730 
f 347//670 344//468 246//730 
f 374//536 409//640 375//537 
f 406//625 409//640 374//536 
f 401//634 365//633 311//731 
f 365//633 328//732 311//731 
f 288//388 290//390 286//733 
f 276//375 288//388 286//733 
f 336//452 373//704 255//705 
f 336//452 255//705 254//453 
f 348//734 400//735 349//736 
f 400//735 219//250 349//736 
f 342//737 292//738 291//706 
f 125//170 342//737 291//706 
f 204//231 206//234 205//232 
f 204//404 310//652 206//654 
f 318//739 372//740 281//741 
f 372//740 371//742 281//741 
f 133//306 238//305 239//307 
f 238//305 406//743 239//307 
f 332//448 414//678 330//519 
f 371//638 414//680 332//639 
f 231//744 230//538 346//745 
f 232//746 231//744 346//745 
f 246//747 344//748 289//725 
f 344//748 275//655 289//725 
f 318//739 281//741 280//749 
f 340//750 318//739 280//749 
f 323//751 105//118 104//116 
f 105//118 42//117 104//116 
f 323//751 104//116 381//752 
f 324//753 323//751 381//752 
f 375//537 313//532 312//754 
f 403//649 375//537 312//754 
f 324//753 381//752 359//755 
f 265//756 324//753 359//755 
f 12//158 121//157 122//159 
f 121//157 316//757 122//159 
f 302//758 102//104 101//102 
f 102//104 49//103 101//102 
f 302//758 101//102 378//759 
f 380//760 302//758 378//759 
f 340//750 280//749 370//761 
f 341//762 340//750 370//761 
f 380//760 378//759 377//763 
f 407//764 380//760 377//763 
f 76//51 293//765 326//766 
f 293//765 327//767 326//766 
f 227//768 226//621 376//620 
f 228//769 227//768 376//620 
f 240//313 403//649 241//317 
f 140//316 240//313 241//317 
f 107//126 38//125 106//124 
f 108//770 107//126 106//124 
f 109//771 108//770 382//772 
f 108//770 106//124 382//772 
f 356//773 265//756 361//774 
f 265//756 359//755 361//774 
f 297//397 407//764 298//398 
f 407//764 377//763 298//398 
f 109//771 382//772 322//775 
f 110//776 109//771 322//775 
f 100//96 53//95 99//94 
f 379//777 100//96 99//94 
f 383//778 379//777 385//779 
f 379//777 99//94 385//779 
f 368//702 83//612 81//780 
f 354//696 368//702 81//780 
f 337//781 383//778 384//782 
f 383//778 385//779 384//782 
f 388//783 94//72 93//70 
f 94//72 65//71 93//70 
f 110//776 322//775 264//784 
f 111//785 110//776 264//784 
f 389//786 388//783 91//787 
f 388//783 93//70 91//787 
f 399//579 310//788 303//403 
f 306//583 399//579 303//403 
f 98//88 57//87 97//86 
f 386//789 98//88 97//86 
f 356//773 361//774 360//790 
f 355//791 356//773 360//790 
f 386//789 97//86 392//792 
f 390//793 386//789 392//792 
f 337//781 384//782 248//341 
f 247//340 337//781 248//341 
f 296//712 389//786 89//794 
f 389//786 91//787 89//794 
f 96//80 61//79 95//78 
f 393//795 96//80 95//78 
f 395//796 393//795 394//797 
f 393//795 95//78 394//797 
f 253//798 390//793 391//799 
f 390//793 392//792 391//799 
f 395//796 394//797 387//800 
f 339//801 395//796 387//800 
f 367//685 299//454 247//802 
f 299//454 337//456 247//802 
f 85//611 296//712 87//803 
f 296//712 89//794 87//803 
f 111//785 264//784 263//804 
f 112//805 111//785 263//804 
f 334//728 261//806 396//807 
f 287//729 334//728 396//807 
f 249//502 253//798 338//503 
f 253//798 391//799 338//503 
f 314//421 339//801 295//422 
f 339//801 387//800 295//422 
f 414//678 279//808 366//679 
f 279//808 278//629 366//679 
f 321//809 355//791 277//810 
f 355//791 360//790 277//810 
# 0 polygons - 820 triangles

#
# object Sphere__17_
#

v  -36.2265 265.7132 -19.6982
v  -24.5600 262.1718 -20.2293
v  -24.8155 260.9628 -7.8741
v  -35.2185 268.8392 -30.8878
v  -47.2564 270.4550 -7.8741
v  -12.2047 259.4905 -7.8741
v  -24.5600 262.1718 4.4812
v  -12.2047 260.9628 -20.4848
v  -50.8525 283.3995 -37.9255
v  -53.6608 280.5912 -29.1611
v  -48.2158 286.0362 -43.8851
v  -42.2561 283.3995 -46.5218
v  -55.6154 278.6366 -18.8916
v  -33.4917 280.5912 -49.3301
v  -34.0843 273.8489 -40.8676
v  -56.3091 277.9429 -7.8741
v  -23.2223 278.6366 -51.2847
v  -46.6730 271.3036 3.4127
v  -55.6154 278.6366 3.1435
v  -12.2047 277.9429 -51.9784
v  -0.9179 271.3036 -42.3423
v  -53.6608 280.5912 13.4129
v  -1.1872 278.6366 -51.2847
v  -34.0843 273.8489 25.1194
v  -50.8525 283.3995 22.1773
v  9.0823 280.5912 -49.3301
v  -0.3806 265.7132 -31.8958
v  0.4061 260.9628 -7.8741
v  12.2682 264.6759 -7.8741
v  22.8469 270.4550 -7.8741
v  20.7888 273.8489 -29.7537
v  31.8996 277.9429 -7.8741
v  31.2059 278.6366 -18.8916
v  29.2514 280.5912 -29.1611
v  26.4430 283.3995 -37.9255
v  17.8467 283.3995 -46.5218
v  23.8063 286.0362 -43.8851
v  -12.2047 260.9628 4.7367
v  0.1505 262.1718 4.4812
v  10.8090 268.8392 15.1397
v  -12.2047 270.4550 27.1776
v  -1.1872 278.6366 35.5366
v  -12.2047 277.9429 36.2303
v  -23.2223 278.6366 35.5366
v  -33.4917 280.5912 33.5820
v  -42.2561 283.3995 30.7737
v  -48.2158 286.0362 28.1370
v  9.0823 280.5912 33.5820
v  17.8467 283.3995 30.7737
v  23.8063 286.0362 28.1370
v  26.4430 283.3995 22.1773
v  22.2635 271.3036 3.4127
v  29.2514 280.5912 13.4129
v  31.2059 278.6366 3.1435
v  -24.6019 382.0016 -20.2713
v  -12.2047 384.6040 -7.8741
v  -12.2047 383.2100 -20.5276
v  -35.2965 375.3183 -30.9659
v  -24.8583 383.2100 -7.8741
v  -42.3453 360.7185 -46.6532
v  -45.3152 370.2957 -29.8261
v  -33.5632 363.5311 -49.4710
v  -48.3419 358.0675 -44.0113
v  -50.9838 360.7185 -38.0147
v  -0.8796 372.8533 -42.4648
v  -23.2591 365.4900 -51.4295
v  -53.8016 363.5311 -29.2326
v  -12.2047 366.1858 -52.1257
v  -55.7602 365.4900 -18.9284
v  -1.1504 365.4900 -51.4295
v  -56.4563 366.1859 -7.8741
v  -46.7954 372.8533 3.4511
v  9.1538 363.5311 -49.4710
v  -55.7602 365.4900 3.1803
v  -53.8016 363.5312 13.4844
v  -50.9838 360.7186 22.2665
v  -34.1567 370.2957 25.2364
v  -42.3453 360.7186 30.9050
v  -48.3419 358.0675 28.2631
v  -33.5632 363.5312 33.7228
v  -23.2591 365.4900 35.6814
v  -12.2047 373.7018 27.3016
v  -12.2047 366.1859 36.3775
v  -1.1504 365.4900 35.6814
v  9.1538 363.5312 33.7228
v  -36.3060 378.4498 3.9893
v  -12.2047 383.2100 4.7794
v  17.9359 360.7186 30.9050
v  10.8871 375.3183 15.2177
v  23.9325 358.0675 28.2631
v  26.5744 360.7186 22.2665
v  0.1925 382.0016 4.5231
v  29.3922 363.5312 13.4844
v  22.3860 372.8533 3.4511
v  31.3507 365.4900 3.1803
v  0.4487 383.2100 -7.8741
v  12.3520 379.4871 -7.8741
v  22.9709 373.7018 -7.8741
v  32.0469 366.1859 -7.8741
v  26.5744 360.7185 -38.0147
v  23.9325 358.0675 -44.0113
v  17.9359 360.7185 -46.6532
v  20.9058 370.2957 -29.8261
v  29.3922 363.5311 -29.2326
v  31.3507 365.4900 -18.9284
v  -0.3413 378.4498 -31.9754
v  -50.8525 291.9959 30.7737
v  -60.4031 300.1675 25.1194
v  -53.6608 300.7603 33.5820
v  -62.9484 287.5790 3.4127
v  -55.6154 311.0298 35.5366
v  -56.4389 322.0473 36.3601
v  -69.5761 297.5744 -7.8741
v  -55.7602 332.9955 35.6814
v  -63.1219 333.2671 26.7166
v  -53.8016 343.3031 33.7228
v  -65.4128 299.0335 -30.8878
v  -50.9838 352.0962 30.9050
v  -65.5661 345.0360 15.2177
v  -50.8525 291.9959 -46.5218
v  -60.4031 300.1675 -40.8676
v  -53.6608 300.7603 -49.3302
v  -55.6154 311.0297 -51.2847
v  -60.5622 343.8986 -40.9846
v  -56.4563 321.9367 -52.1257
v  -55.7602 332.9955 -51.4295
v  -63.1219 356.5225 3.4511
v  -63.1219 356.5225 -19.1992
v  -53.8016 343.3031 -49.4710
v  -50.9838 352.0962 -46.6532
v  26.4430 291.9959 30.7737
v  9.6749 289.0538 40.3243
v  29.2514 300.7603 33.5820
v  22.2635 310.7605 42.8696
v  31.2059 311.0298 35.5366
v  -12.2047 286.9956 43.7182
v  32.0295 322.0473 36.3601
v  31.3507 332.9955 35.6814
v  22.3860 333.2671 43.0431
v  29.3922 343.3031 33.7228
v  -35.2185 299.0335 45.3340
v  26.5744 352.0962 30.9050
v  10.8871 345.0360 45.4873
v  -46.6730 310.7605 42.8696
v  -46.7954 333.2671 43.0431
v  -0.8795 356.5226 43.0431
v  -23.5299 356.5226 43.0431
v  39.3875 286.9956 -7.8741
v  41.0034 299.0335 15.1397
v  45.1667 297.5744 -7.8741
v  48.8798 309.4365 -7.8741
v  49.1498 322.0473 4.3301
v  50.3521 322.0473 -7.8741
v  38.5390 310.7605 26.5942
v  49.0582 334.5958 -7.8741
v  45.3280 346.5018 -7.8741
v  44.2906 346.0493 3.9893
v  38.7125 333.2671 26.7166
v  39.5607 357.1068 -7.8741
v  36.1528 355.0457 14.0779
v  26.4430 291.9959 -46.5218
v  35.9936 300.1677 -40.8676
v  29.2514 300.7603 -49.3302
v  31.2059 311.0297 -51.2847
v  39.5607 321.9367 -43.0497
v  32.0469 321.9367 -52.1257
v  44.1294 310.2231 -31.8958
v  31.3507 332.9955 -51.4295
v  29.3922 343.3031 -49.4710
v  44.2906 333.8058 -31.9754
v  26.5744 352.0962 -46.6532
v  41.1567 345.0360 -30.9659
v  36.1528 355.0457 -29.8261
v  -45.1982 300.1675 -56.0724
v  -23.4915 287.5790 -58.6178
v  -47.3804 321.9367 -59.6395
v  -12.2047 297.5744 -65.2455
v  10.8090 299.0335 -61.0821
v  -35.2965 345.0359 -61.2355
v  20.7888 300.1677 -56.0724
v  20.9058 343.8987 -56.2316
v  -23.5299 356.5225 -58.7913
v  -0.8796 356.5225 -58.7913
v  -1.3829 255.3591 33.1061
v  7.1281 252.7755 32.7186
v  6.9417 251.8935 41.7322
v  0.1798 261.2944 17.6623
v  -9.4296 258.8184 41.7322
v  16.1417 250.8194 41.7322
v  7.1281 252.7755 50.7458
v  16.1417 251.8935 32.5322
v  -12.0531 268.2618 19.8087
v  -14.1019 266.2131 26.2026
v  -10.1296 270.1854 15.4609
v  -5.7818 268.2618 13.5374
v  -15.5278 264.7871 33.6946
v  0.6121 266.2131 11.4886
v  -16.0339 264.2811 41.7322
v  8.1041 264.7871 10.0627
v  -15.5278 264.7871 49.7699
v  16.1417 264.2811 9.5566
v  24.7679 255.3591 24.2075
v  -14.1019 266.2131 57.2618
v  24.1794 264.7871 10.0627
v  0.1798 261.2944 65.8021
v  -12.0531 268.2618 63.6557
v  31.6713 266.2131 11.4886
v  32.1036 261.2944 17.6623
v  33.6664 255.3591 33.1061
v  25.3418 251.8935 41.7322
v  33.9955 254.6023 41.7322
v  41.7131 258.8184 41.7322
v  48.3174 264.2811 41.7322
v  47.8113 264.7871 33.6946
v  46.3854 266.2131 26.2026
v  44.3366 268.2618 19.8087
v  38.0652 268.2618 13.5374
v  42.4130 270.1854 15.4609
v  16.1417 251.8935 50.9322
v  25.1553 252.7755 50.7458
v  32.9310 257.6396 58.5215
v  16.1417 258.8184 67.3036
v  24.1794 264.7871 73.4018
v  16.1417 264.2811 73.9079
v  8.1041 264.7871 73.4018
v  0.6121 266.2131 71.9758
v  -5.7818 268.2618 69.9271
v  -10.1296 270.1854 68.0035
v  31.6713 266.2131 71.9758
v  38.0652 268.2618 69.9271
v  42.4130 270.1854 68.0035
v  44.3366 268.2618 63.6557
v  46.3854 266.2131 57.2618
v  47.8113 264.7871 49.7699
v  7.0976 340.1954 32.6880
v  16.1417 342.0940 41.7322
v  16.1417 341.0770 32.5011
v  -0.7045 335.3197 24.8860
v  6.9105 341.0770 41.7322
v  -5.8469 324.6687 13.4415
v  0.5600 326.7206 11.3859
v  -10.2216 322.7347 15.3689
v  -12.1489 324.6687 19.7436
v  24.4038 333.5214 16.4971
v  8.0772 328.1497 9.9570
v  -14.2046 326.7206 26.1505
v  16.1417 328.6573 9.4492
v  -15.6335 328.1497 33.6677
v  24.2063 328.1497 9.9570
v  -16.1413 328.6573 41.7322
v  -9.0934 333.5214 49.9943
v  31.7235 326.7206 11.3859
v  -15.6335 328.1497 49.7967
v  -14.2046 326.7206 57.3140
v  -12.1489 324.6687 63.7208
v  -5.8469 324.6687 70.0229
v  -10.2216 322.7347 68.0956
v  0.5600 326.7206 72.0786
v  8.0772 328.1497 73.5074
v  16.1417 334.1405 67.3941
v  16.1417 328.6573 74.0153
v  24.2063 328.1497 73.5074
v  31.7235 326.7206 72.0786
v  -1.4410 337.6043 50.3870
v  16.1417 341.0770 50.9633
v  38.1303 324.6687 70.0229
v  32.9880 335.3197 58.5785
v  42.5051 322.7347 68.0956
v  44.4324 324.6687 63.7208
v  25.1859 340.1954 50.7764
v  46.4881 326.7206 57.3140
v  47.9169 328.1497 49.7967
v  25.3729 341.0770 41.7322
v  34.0567 338.3610 41.7322
v  41.8036 334.1404 41.7322
v  48.4248 328.6573 41.7322
v  44.4324 324.6687 19.7436
v  42.5051 322.7347 15.3689
v  38.1303 324.6687 13.4415
v  40.2970 331.6556 25.7175
v  46.4881 326.7206 26.1505
v  47.9169 328.1497 33.6677
v  24.7965 337.6042 24.1495
v  -12.0531 274.5332 69.9271
v  -19.0206 280.4947 65.8021
v  -14.1019 280.9271 71.9758
v  -20.8775 271.3109 49.9663
v  -15.5278 288.4190 73.4018
v  -16.1286 296.4567 74.0026
v  -15.6335 304.4438 73.5074
v  -21.0041 304.6420 66.9673
v  -14.2046 311.9636 72.0786
v  -22.6754 279.6674 24.9429
v  -12.1489 318.3784 70.0229
v  -22.7872 313.2278 58.5785
v  -12.0531 274.5332 13.5374
v  -14.1019 280.9271 11.4886
v  -15.5278 288.4190 10.0626
v  -19.1367 312.3980 17.5770
v  -16.1413 296.3760 9.4492
v  -15.6335 304.4438 9.9570
v  -21.0041 321.6076 49.9943
v  -21.0041 321.6076 33.4701
v  -14.2046 311.9636 11.3859
v  -12.1489 318.3784 13.4415
v  44.3366 274.5332 69.9271
v  32.1036 272.3868 76.8946
v  46.3854 280.9271 71.9758
v  47.8113 288.4190 73.4018
v  16.1417 270.8853 79.3705
v  48.4121 296.4567 74.0026
v  47.9169 304.4438 73.5074
v  41.3768 304.6420 78.8780
v  46.4881 311.9636 72.0786
v  -0.6476 279.6674 80.5493
v  44.4324 318.3784 70.0229
v  32.9880 313.2278 80.6612
v  -9.0040 288.2226 78.7515
v  -9.0934 304.6420 78.8780
v  24.4039 321.6076 78.8780
v  7.8796 321.6076 78.8780
v  53.7800 270.8853 41.7322
v  54.9588 279.6674 58.5215
v  57.9961 278.6029 41.7322
v  60.7050 287.2567 41.7322
v  60.9019 296.4567 50.6356
v  61.7790 296.4567 41.7322
v  53.1610 288.2226 66.8780
v  60.8351 305.6113 41.7322
v  58.1138 314.2971 41.7322
v  57.3570 313.9670 50.3870
v  53.2876 304.6420 66.9673
v  53.9064 322.0339 41.7322
v  51.4202 320.5302 57.7469
v  44.3366 274.5332 13.5374
v  51.3041 280.4948 17.6623
v  46.3854 280.9271 11.4886
v  47.8113 288.4190 10.0626
v  57.2394 287.8306 24.2075
v  48.4248 296.3760 9.4492
v  47.9169 304.4438 9.9570
v  46.4881 311.9636 11.3859
v  57.3570 305.0349 24.1495
v  44.4324 318.3784 13.4415
v  51.4202 320.5302 25.7175
v  -7.9282 280.4947 6.5699
v  -9.5201 296.3760 3.9676
v  16.1417 278.6029 -0.1222
v  32.9310 279.6674 2.9151
v  -0.7045 313.2277 2.8032
v  40.2970 312.3981 6.4538
v  7.8797 321.6076 4.5864
v  24.4038 321.6076 4.5864
v  21.8454 255.3591 -24.7679
v  30.3565 252.7755 -25.1554
v  30.1701 251.8935 -16.1418
v  23.4082 261.2943 -40.2117
v  13.7987 258.8184 -16.1418
v  39.3701 250.8194 -16.1418
v  30.3565 252.7755 -7.1282
v  39.3701 251.8935 -25.3418
v  11.1752 268.2618 -38.0653
v  9.1265 266.2131 -31.6714
v  13.0988 270.1854 -42.4131
v  17.4466 268.2618 -44.3366
v  7.7005 264.7871 -24.1795
v  23.8405 266.2131 -46.3854
v  7.1944 264.2811 -16.1418
v  31.3324 264.7871 -47.8114
v  7.7005 264.7871 -8.1041
v  39.3701 264.2810 -48.3174
v  47.9962 255.3591 -33.6665
v  9.1265 266.2131 -0.6122
v  47.4077 264.7871 -47.8114
v  23.4082 261.2944 7.9281
v  11.1752 268.2618 5.7817
v  54.8997 266.2131 -46.3854
v  55.3320 261.2943 -40.2117
v  56.8948 255.3591 -24.7679
v  48.5701 251.8935 -16.1418
v  57.2239 254.6023 -16.1418
v  64.9414 258.8184 -16.1418
v  71.5457 264.2811 -16.1418
v  71.0396 264.7871 -24.1795
v  69.6137 266.2131 -31.6714
v  67.5649 268.2618 -38.0653
v  61.2936 268.2618 -44.3366
v  65.6414 270.1854 -42.4131
v  39.3701 251.8935 -6.9418
v  48.3837 252.7755 -7.1282
v  56.1594 257.6396 0.6475
v  39.3701 258.8184 9.4296
v  47.4077 264.7871 15.5278
v  39.3701 264.2811 16.0339
v  31.3324 264.7871 15.5278
v  23.8405 266.2131 14.1018
v  17.4466 268.2618 12.0531
v  13.0988 270.1854 10.1295
v  54.8997 266.2131 14.1018
v  61.2936 268.2618 12.0531
v  65.6414 270.1854 10.1295
v  67.5649 268.2618 5.7817
v  69.6137 266.2131 -0.6122
v  71.0396 264.7871 -8.1041
v  30.3259 340.1954 -25.1860
v  39.3701 342.0940 -16.1418
v  39.3701 341.0770 -25.3729
v  22.5238 335.3197 -32.9880
v  30.1389 341.0770 -16.1418
v  17.3815 324.6687 -44.4325
v  23.7883 326.7206 -46.4881
v  13.0067 322.7347 -42.5051
v  11.0794 324.6687 -38.1304
v  39.3701 338.3610 -34.0568
v  31.3056 328.1497 -47.9170
v  9.0237 326.7206 -31.7235
v  47.6321 333.5214 -41.3769
v  39.3701 328.6573 -48.4248
v  7.5949 328.1497 -24.2063
v  47.4346 328.1497 -47.9170
v  7.0870 328.6573 -16.1418
v  14.1350 333.5214 -7.8797
v  55.3848 331.6556 -40.2970
v  54.9518 326.7206 -46.4881
v  7.5949 328.1497 -8.0773
v  9.0237 326.7206 -0.5600
v  11.0794 324.6687 5.8468
v  17.3815 324.6687 12.1489
v  13.0067 322.7347 10.2215
v  23.7883 326.7206 14.2046
v  31.3056 328.1497 15.6334
v  39.3701 334.1404 9.5200
v  39.3701 328.6573 16.1412
v  47.4346 328.1497 15.6334
v  54.9518 326.7206 14.2046
v  21.7873 337.6042 -7.4870
v  39.3701 341.0770 -6.9107
v  61.3587 324.6687 12.1489
v  56.2163 335.3197 0.7044
v  65.7334 322.7347 10.2215
v  67.6607 324.6687 5.8468
v  48.4142 340.1954 -7.0976
v  69.7164 326.7206 -0.5600
v  71.1453 328.1497 -8.0773
v  48.6012 341.0770 -16.1418
v  57.2851 338.3610 -16.1418
v  65.0319 334.1404 -16.1418
v  71.6531 328.6573 -16.1418
v  67.6607 324.6687 -38.1304
v  65.7334 322.7347 -42.5051
v  61.3587 324.6687 -44.4325
v  69.7164 326.7206 -31.7235
v  71.1453 328.1497 -24.2063
v  11.1752 274.5332 12.0531
v  4.2077 280.4947 7.9281
v  9.1265 280.9271 14.1018
v  2.3508 271.3109 -7.9077
v  7.7005 288.4190 15.5278
v  7.0997 296.4567 16.1286
v  7.5949 304.4438 15.6334
v  2.2242 304.6419 9.0933
v  9.0237 311.9636 14.2046
v  0.5530 279.6674 -32.9311
v  11.0794 318.3784 12.1489
v  0.4411 313.2277 0.7045
v  11.1752 274.5332 -44.3366
v  9.1265 280.9271 -46.3854
v  7.7005 288.4190 -47.8114
v  4.0916 312.3980 -40.2970
v  7.0870 296.3760 -48.4248
v  7.5949 304.4438 -47.9170
v  2.2242 321.6076 -7.8797
v  2.2242 321.6076 -24.4039
v  9.0237 311.9636 -46.4881
v  11.0794 318.3784 -44.4325
v  67.5649 274.5332 12.0531
v  55.3320 272.3868 19.0206
v  69.6137 280.9271 14.1018
v  71.0396 288.4190 15.5278
v  39.3701 270.8853 21.4965
v  71.6404 296.4567 16.1286
v  71.1453 304.4438 15.6334
v  64.6052 304.6419 21.0040
v  69.7164 311.9636 14.2046
v  22.5808 279.6674 22.6753
v  67.6607 318.3784 12.1489
v  56.2163 313.2278 22.7872
v  14.2243 288.2226 20.8775
v  14.1350 304.6419 21.0040
v  47.6322 321.6076 21.0040
v  31.1080 321.6076 21.0040
v  77.0084 270.8853 -16.1418
v  78.1872 279.6674 0.6475
v  81.2245 278.6029 -16.1418
v  83.9333 287.2567 -16.1418
v  84.1303 296.4567 -7.2384
v  85.0074 296.4567 -16.1418
v  76.3893 288.2226 9.0040
v  84.0634 305.6113 -16.1418
v  81.3421 314.2971 -16.1418
v  80.5854 313.9670 -7.4870
v  76.5159 304.6419 9.0933
v  77.1347 322.0338 -16.1418
v  74.6485 320.5302 -0.1271
v  67.5649 274.5332 -44.3366
v  74.5324 280.4948 -40.2117
v  69.6137 280.9271 -46.3854
v  71.0396 288.4190 -47.8114
v  80.4677 287.8306 -33.6665
v  71.6531 296.3760 -48.4248
v  71.1453 304.4438 -47.9170
v  69.7164 311.9636 -46.4881
v  80.5854 305.0349 -33.7245
v  67.6607 318.3784 -44.4325
v  74.6485 320.5302 -32.1565
v  15.3002 280.4947 -51.3041
v  13.7082 296.3760 -53.9064
v  39.3701 278.6029 -57.9962
v  56.1594 279.6674 -54.9589
v  22.5238 313.2277 -55.0708
v  63.5253 312.3981 -51.4202
v  31.1080 321.6076 -53.2876
v  47.6321 321.6076 -53.2876
v  -63.9814 255.3591 11.4526
v  -55.4703 252.7755 11.0651
v  -55.6567 251.8935 20.0787
v  -62.4186 261.2944 -3.9912
v  -72.0281 258.8184 20.0787
v  -46.4567 250.8194 20.0787
v  -55.4703 252.7755 29.0923
v  -46.4567 251.8935 10.8787
v  -74.6515 268.2618 -1.8448
v  -76.7003 266.2131 4.5491
v  -72.7280 270.1854 -6.1926
v  -68.3802 268.2618 -8.1162
v  -78.1263 264.7871 12.0410
v  -61.9863 266.2131 -10.1649
v  -78.6323 264.2811 20.0787
v  -54.4944 264.7871 -11.5909
v  -78.1263 264.7871 28.1164
v  -46.4567 264.2811 -12.0970
v  -37.8306 255.3591 2.5540
v  -76.7003 266.2131 35.6083
v  -38.4190 264.7871 -11.5909
v  -62.4186 261.2944 44.1486
v  -74.6515 268.2618 42.0022
v  -30.9271 266.2131 -10.1649
v  -30.4948 261.2944 -3.9912
v  -28.9320 255.3591 11.4526
v  -37.2566 251.8935 20.0787
v  -28.6029 254.6023 20.0787
v  -20.8853 258.8184 20.0787
v  -14.2810 264.2811 20.0787
v  -14.7871 264.7871 12.0410
v  -16.2131 266.2131 4.5491
v  -18.2618 268.2618 -1.8448
v  -24.5332 268.2618 -8.1162
v  -20.1854 270.1854 -6.1926
v  -46.4567 251.8935 29.2787
v  -37.4431 252.7755 29.0923
v  -29.6674 257.6396 36.8680
v  -46.4567 258.8184 45.6501
v  -38.4190 264.7871 51.7483
v  -46.4567 264.2811 52.2543
v  -54.4944 264.7871 51.7483
v  -61.9863 266.2131 50.3223
v  -68.3802 268.2618 48.2735
v  -72.7280 270.1854 46.3500
v  -30.9271 266.2131 50.3223
v  -24.5332 268.2618 48.2735
v  -20.1854 270.1854 46.3500
v  -18.2618 268.2618 42.0022
v  -16.2131 266.2131 35.6083
v  -14.7871 264.7871 28.1164
v  -55.5009 340.1954 11.0345
v  -46.4567 342.0940 20.0787
v  -46.4567 341.0770 10.8475
v  -63.3029 335.3197 3.2324
v  -55.6879 341.0770 20.0787
v  -68.4453 324.6687 -8.2120
v  -62.0384 326.7206 -10.2677
v  -72.8200 322.7347 -6.2847
v  -74.7474 324.6687 -1.9099
v  -46.4567 338.3610 2.1637
v  -54.5212 328.1497 -11.6965
v  -76.8030 326.7206 4.4969
v  -38.1946 333.5214 -5.1564
v  -46.4567 328.6573 -12.2044
v  -78.2319 328.1497 12.0142
v  -38.3922 328.1497 -11.6965
v  -78.7397 328.6573 20.0787
v  -71.6918 333.5214 28.3408
v  -30.4420 331.6556 -4.0766
v  -30.8749 326.7206 -10.2677
v  -78.2319 328.1497 28.1432
v  -76.8030 326.7206 35.6604
v  -74.7474 324.6687 42.0673
v  -68.4453 324.6687 48.3693
v  -72.8200 322.7347 46.4420
v  -62.0384 326.7206 50.4250
v  -54.5212 328.1497 51.8539
v  -46.4567 334.1404 45.7405
v  -46.4567 328.6573 52.3617
v  -38.3922 328.1497 51.8539
v  -30.8749 326.7206 50.4250
v  -64.0394 337.6042 28.7334
v  -46.4567 341.0770 29.3098
v  -24.4681 324.6687 48.3693
v  -29.6104 335.3197 36.9249
v  -20.0933 322.7347 46.4420
v  -18.1660 324.6687 42.0673
v  -37.4125 340.1954 29.1228
v  -16.1103 326.7206 35.6604
v  -14.6815 328.1497 28.1432
v  -37.2255 341.0770 20.0787
v  -28.5417 338.3610 20.0787
v  -20.7948 334.1404 20.0787
v  -14.1736 328.6573 20.0787
v  -18.1660 324.6687 -1.9099
v  -20.0933 322.7347 -6.2847
v  -24.4681 324.6687 -8.2120
v  -16.1103 326.7206 4.4969
v  -14.6815 328.1497 12.0142
v  -74.6515 274.5332 48.2735
v  -81.6190 280.4947 44.1486
v  -76.7003 280.9271 50.3223
v  -83.4760 271.3109 28.3128
v  -78.1263 288.4190 51.7483
v  -78.7270 296.4567 52.3490
v  -78.2319 304.4438 51.8539
v  -83.6025 304.6419 45.3138
v  -76.8030 311.9636 50.4250
v  -85.2738 279.6674 3.2894
v  -74.7474 318.3784 48.3693
v  -85.3857 313.2278 36.9249
v  -74.6515 274.5332 -8.1162
v  -76.7003 280.9271 -10.1649
v  -78.1263 288.4190 -11.5909
v  -81.7351 312.3980 -4.0766
v  -78.7397 296.3760 -12.2044
v  -78.2319 304.4438 -11.6965
v  -83.6025 321.6076 28.3408
v  -83.6025 321.6076 11.8166
v  -76.8030 311.9636 -10.2677
v  -74.7474 318.3784 -8.2120
v  -18.2618 274.5332 48.2735
v  -22.3868 280.4948 55.2410
v  -16.2131 280.9271 50.3223
v  -37.8306 278.9320 61.1763
v  -14.7871 288.4190 51.7483
v  -14.1863 296.4567 52.3490
v  -54.6907 271.3109 57.0979
v  -14.6815 304.4438 51.8539
v  -21.2216 304.6420 57.2245
v  -16.1103 311.9636 50.4250
v  -18.1660 318.3784 48.3693
v  -29.6104 313.2278 59.0076
v  -71.6024 288.2226 57.0979
v  -71.6918 304.6420 57.2245
v  -38.1946 321.6076 57.2245
v  -54.7188 321.6076 57.2245
v  -8.8184 270.8853 20.0787
v  -7.6396 279.6674 36.8680
v  -4.6023 278.6029 20.0787
v  -1.8935 287.2567 20.0787
v  -1.6965 296.4567 28.9821
v  -0.8194 296.4567 20.0787
v  -9.4374 288.2226 45.2244
v  -1.7633 305.6113 20.0787
v  -4.4846 314.2971 20.0787
v  -5.2414 313.9670 28.7334
v  -9.3109 304.6419 45.3138
v  -8.6920 322.0339 20.0787
v  -11.1783 320.5302 36.0934
v  -18.2618 274.5332 -8.1162
v  -9.4374 271.3109 11.8446
v  -16.2131 280.9271 -10.1649
v  -14.7871 288.4190 -11.5909
v  -8.6920 296.3760 -5.5832
v  -14.1736 296.3760 -12.2044
v  -14.6815 304.4438 -11.6965
v  -1.7633 296.3760 10.8475
v  -16.1103 311.9636 -10.2677
v  -18.1660 318.3784 -8.2120
v  -11.1783 320.5302 4.0639
v  -70.5266 280.4947 -15.0837
v  -72.1185 296.3760 -17.6860
v  -46.4567 278.6029 -21.7757
v  -29.6674 279.6674 -18.7384
v  -63.3029 313.2277 -18.8503
v  -22.3015 312.3981 -15.1998
v  -54.7188 321.6076 -17.0672
v  -38.1946 321.6076 -17.0672
v  -29.7294 255.3591 -48.3900
v  -21.2183 252.7755 -48.7774
v  -21.4047 251.8935 -39.7638
v  -28.1666 261.2943 -63.8337
v  -37.7761 258.8184 -39.7638
v  -12.2047 250.8194 -39.7638
v  -21.2183 252.7755 -30.7502
v  -12.2047 251.8935 -48.9638
v  -40.3996 268.2618 -61.6873
v  -42.4483 266.2131 -55.2934
v  -38.4760 270.1854 -66.0351
v  -34.1282 268.2618 -67.9587
v  -43.8743 264.7871 -47.8015
v  -27.7343 266.2131 -70.0075
v  -44.3804 264.2810 -39.7638
v  -20.2424 264.7871 -71.4334
v  -43.8743 264.7871 -31.7262
v  -12.2047 264.2810 -71.9395
v  -3.5786 255.3591 -57.2885
v  -42.4483 266.2131 -24.2342
v  -4.1671 264.7871 -71.4334
v  -28.1666 261.2944 -15.6939
v  -40.3996 268.2618 -17.8403
v  3.3249 266.2131 -70.0075
v  -3.0047 251.8935 -39.7638
v  5.6491 254.6023 -39.7638
v  13.3667 258.8184 -39.7638
v  11.8652 261.2943 -55.7257
v  19.9709 264.2810 -39.7638
v  19.4648 264.7871 -47.8015
v  18.0389 266.2131 -55.2934
v  15.9901 268.2618 -61.6873
v  9.7188 268.2618 -67.9587
v  14.0666 270.1854 -66.0351
v  -12.2047 251.8935 -30.5638
v  -3.1911 252.7755 -30.7502
v  4.5846 257.6396 -22.9745
v  -12.2047 258.8184 -14.1925
v  -4.1671 264.7871 -8.0943
v  -12.2047 264.2811 -7.5882
v  -20.2424 264.7871 -8.0943
v  -27.7343 266.2131 -9.5202
v  -34.1282 268.2618 -11.5690
v  -38.4760 270.1854 -13.4925
v  3.3249 266.2131 -9.5202
v  9.7188 268.2618 -11.5690
v  14.0666 270.1854 -13.4925
v  15.9901 268.2618 -17.8403
v  18.0389 266.2131 -24.2342
v  19.4648 264.7871 -31.7262
v  -21.2489 340.1954 -48.8080
v  -12.2047 342.0940 -39.7638
v  -12.2047 341.0770 -48.9950
v  -29.0510 335.3197 -56.6101
v  -21.4359 341.0770 -39.7638
v  -34.1933 324.6687 -68.0545
v  -27.7865 326.7206 -70.1102
v  -38.5681 322.7347 -66.1272
v  -40.4954 324.6687 -61.7524
v  -12.2047 338.3610 -57.6788
v  -20.2692 328.1497 -71.5390
v  -42.5511 326.7206 -55.3456
v  -3.9427 333.5214 -64.9990
v  -12.2047 328.6573 -72.0469
v  -43.9799 328.1497 -47.8284
v  -4.1402 328.1497 -71.5390
v  -44.4878 328.6573 -39.7639
v  -37.4398 333.5214 -31.5017
v  3.8100 331.6556 -63.9191
v  3.3770 326.7206 -70.1102
v  -43.9799 328.1497 -31.6993
v  -42.5511 326.7206 -24.1821
v  -40.4954 324.6687 -17.7753
v  -34.1933 324.6687 -11.4732
v  -38.5681 322.7347 -13.4005
v  -27.7865 326.7206 -9.4175
v  -20.2692 328.1497 -7.9887
v  -12.2047 334.1404 -14.1020
v  -12.2047 328.6573 -7.4808
v  -4.1402 328.1497 -7.9887
v  3.3770 326.7206 -9.4175
v  -29.7875 337.6042 -31.1091
v  -12.2047 341.0770 -30.5327
v  9.7839 324.6687 -11.4732
v  4.6415 335.3197 -22.9176
v  14.1586 322.7347 -13.4005
v  16.0859 324.6687 -17.7753
v  -3.1606 340.1954 -30.7197
v  18.1416 326.7206 -24.1821
v  19.5705 328.1497 -31.6993
v  -2.9736 341.0770 -39.7638
v  5.7103 338.3610 -39.7638
v  13.4571 334.1404 -39.7638
v  20.0783 328.6573 -39.7638
v  16.0859 324.6687 -61.7524
v  14.1586 322.7347 -66.1272
v  9.7839 324.6687 -68.0545
v  18.1416 326.7206 -55.3456
v  19.5705 328.1497 -47.8284
v  -40.3996 274.5332 -11.5690
v  -47.3671 280.4947 -15.6939
v  -42.4483 280.9271 -9.5202
v  -49.2240 271.3109 -31.5297
v  -43.8743 288.4190 -8.0943
v  -44.4751 296.4567 -7.4935
v  -43.9799 304.4438 -7.9886
v  -49.3505 304.6419 -14.5287
v  -42.5511 311.9636 -9.4175
v  -51.0218 279.6674 -56.5532
v  -40.4954 318.3784 -11.4732
v  -51.1337 313.2277 -22.9176
v  -40.3996 274.5332 -67.9587
v  -42.4483 280.9271 -70.0075
v  -43.8743 288.4190 -71.4334
v  -47.4832 312.3980 -63.9191
v  -44.4878 296.3760 -72.0469
v  -43.9799 304.4438 -71.5390
v  -49.3505 321.6076 -31.5017
v  -49.3505 321.6076 -48.0259
v  -42.5511 311.9636 -70.1102
v  -40.4954 318.3784 -68.0545
v  15.9901 274.5332 -11.5690
v  11.8652 280.4948 -4.6015
v  18.0389 280.9271 -9.5202
v  -3.5786 278.9320 1.3338
v  19.4648 288.4190 -8.0943
v  20.0656 296.4567 -7.4935
v  -20.4388 271.3109 -2.7446
v  19.5705 304.4438 -7.9886
v  13.0304 304.6419 -2.6180
v  18.1416 311.9636 -9.4175
v  16.0859 318.3784 -11.4732
v  4.6415 313.2277 -0.8349
v  -37.3505 288.2226 -2.7446
v  -37.4398 304.6419 -2.6180
v  -3.9426 321.6076 -2.6180
v  -20.4668 321.6076 -2.6180
v  25.4336 270.8853 -39.7638
v  26.6124 279.6674 -22.9745
v  29.6497 278.6029 -39.7638
v  32.3585 287.2567 -39.7638
v  32.5555 296.4567 -30.8604
v  33.4326 296.4567 -39.7638
v  24.8145 288.2226 -14.6181
v  32.4886 305.6113 -39.7638
v  29.7673 314.2971 -39.7638
v  29.0106 313.9670 -31.1091
v  24.9411 304.6419 -14.5287
v  25.5599 322.0338 -39.7638
v  23.0737 320.5302 -23.7491
v  15.9901 274.5332 -67.9587
v  22.9576 272.3868 -55.7257
v  18.0389 280.9271 -70.0075
v  24.8145 288.2226 -64.9096
v  19.4648 288.4190 -71.4334
v  20.0783 296.3760 -72.0469
v  19.5705 304.4438 -71.5390
v  32.4886 296.3760 -48.9950
v  18.1416 311.9636 -70.1102
v  16.0859 318.3784 -68.0545
v  23.0737 320.5301 -55.7786
v  -36.2746 280.4947 -74.9262
v  -37.8666 296.3760 -77.5285
v  -12.2047 278.6028 -81.6182
v  4.5846 279.6674 -78.5809
v  -29.0510 313.2277 -78.6928
v  11.9505 312.3981 -75.0423
v  -20.4668 321.6076 -76.9097
v  -3.9427 321.6076 -76.9097
v  -54.5326 302.9969 -16.5002
v  -46.0215 300.4132 -16.8877
v  -46.2079 299.5313 -7.8741
v  -52.9698 308.9321 -31.9440
v  -62.5792 306.4562 -7.8741
v  -37.0079 298.4572 -7.8741
v  -46.0215 300.4132 1.1395
v  -37.0079 299.5313 -17.0741
v  -65.2027 315.8996 -29.7976
v  -67.2515 313.8509 -23.4037
v  -63.2792 317.8232 -34.1454
v  -58.9314 315.8996 -36.0689
v  -68.6774 312.4249 -15.9117
v  -52.5375 313.8509 -38.1177
v  -69.1835 311.9188 -7.8741
v  -45.0455 312.4249 -39.5436
v  -68.6774 312.4249 0.1636
v  -37.0079 311.9188 -40.0497
v  -28.3817 302.9968 -25.3988
v  -67.2515 313.8509 7.6555
v  -28.9702 312.4249 -39.5436
v  -52.9698 308.9321 16.1958
v  -65.2027 315.8996 14.0494
v  -21.4783 313.8509 -38.1177
v  -27.8078 299.5313 -7.8741
v  -19.1541 302.2401 -7.8741
v  -11.4365 306.4562 -7.8741
v  -12.9380 308.9321 -23.8360
v  -4.8322 311.9188 -7.8741
v  -5.3383 312.4249 -15.9117
v  -6.7643 313.8509 -23.4037
v  -8.8130 315.8996 -29.7976
v  -15.0844 315.8996 -36.0689
v  -10.7366 317.8232 -34.1454
v  -37.0079 299.5313 1.3259
v  -27.9943 300.4132 1.1395
v  -20.2186 305.2774 8.9152
v  -37.0079 306.4562 17.6973
v  -28.9702 312.4249 23.7955
v  -37.0079 311.9189 24.3016
v  -45.0455 312.4249 23.7955
v  -52.5375 313.8509 22.3695
v  -58.9314 315.8996 20.3208
v  -63.2792 317.8232 18.3972
v  -21.4783 313.8509 22.3695
v  -15.0844 315.8996 20.3208
v  -10.7366 317.8232 18.3972
v  -8.8130 315.8996 14.0494
v  -6.7643 313.8509 7.6555
v  -5.3383 312.4249 0.1636
v  -46.0520 387.8332 -16.9183
v  -37.0079 389.7318 -7.8741
v  -37.0079 388.7148 -17.1052
v  -53.8541 382.9575 -24.7203
v  -46.2391 388.7148 -7.8741
v  -58.9965 372.3065 -36.1648
v  -52.5896 374.3584 -38.2204
v  -63.3712 370.3725 -34.2374
v  -65.2985 372.3065 -29.8627
v  -37.0079 385.9988 -25.7891
v  -45.0724 375.7874 -39.6493
v  -67.3542 374.3584 -23.4558
v  -28.7458 381.1592 -33.1092
v  -37.0079 376.2950 -40.1571
v  -68.7831 375.7874 -15.9386
v  -28.9434 375.7874 -39.6493
v  -69.2909 376.2951 -7.8741
v  -62.2430 381.1592 0.3880
v  -20.9931 379.2934 -32.0293
v  -21.4261 374.3584 -38.2204
v  -68.7831 375.7874 0.1904
v  -67.3542 374.3584 7.7077
v  -65.2985 372.3065 14.1145
v  -58.9965 372.3065 20.4166
v  -63.3712 370.3725 18.4893
v  -52.5896 374.3584 22.4723
v  -45.0724 375.7874 23.9011
v  -37.0079 381.7782 17.7878
v  -37.0079 376.2951 24.4090
v  -28.9434 375.7874 23.9011
v  -21.4261 374.3584 22.4723
v  -54.5906 385.2420 0.7807
v  -37.0079 388.7148 1.3570
v  -15.0193 372.3065 20.4166
v  -20.1616 382.9575 8.9722
v  -10.6445 370.3725 18.4893
v  -8.7172 372.3065 14.1145
v  -27.9637 387.8332 1.1701
v  -6.6615 374.3584 7.7077
v  -5.2327 375.7874 0.1904
v  -27.7767 388.7148 -7.8741
v  -19.0929 385.9988 -7.8741
v  -11.3460 381.7782 -7.8741
v  -4.7248 376.2951 -7.8741
v  -8.7172 372.3065 -29.8627
v  -10.6445 370.3725 -34.2374
v  -15.0193 372.3065 -36.1648
v  -6.6615 374.3584 -23.4558
v  -5.2327 375.7874 -15.9386
v  -65.2027 322.1710 20.3208
v  -72.1702 328.1324 16.1958
v  -67.2515 328.5649 22.3695
v  -74.0271 318.9487 0.3600
v  -68.6774 336.0568 23.7955
v  -69.2782 344.0945 24.3963
v  -68.7831 352.0816 23.9011
v  -74.1537 352.2797 17.3610
v  -67.3542 359.6013 22.4723
v  -75.8250 327.3051 -24.6634
v  -65.2985 366.0162 20.4166
v  -75.9369 360.8655 8.9722
v  -65.2027 322.1710 -36.0689
v  -67.2515 328.5648 -38.1177
v  -68.6774 336.0568 -39.5436
v  -72.2863 360.0358 -32.0293
v  -69.2909 344.0138 -40.1571
v  -68.7831 352.0816 -39.6493
v  -74.1537 369.2454 0.3880
v  -74.1537 369.2454 -16.1362
v  -67.3542 359.6013 -38.2204
v  -65.2985 366.0162 -36.1648
v  -8.8130 322.1710 20.3208
v  -12.9380 328.1326 27.2883
v  -6.7643 328.5649 22.3695
v  -28.3817 326.5698 33.2236
v  -5.3383 336.0568 23.7955
v  -4.7375 344.0945 24.3963
v  -45.2419 318.9487 29.1452
v  -5.2327 352.0816 23.9011
v  -11.7728 352.2797 29.2717
v  -6.6615 359.6013 22.4723
v  -8.7172 366.0162 20.4166
v  -20.1616 360.8655 31.0549
v  -62.1536 335.8604 29.1452
v  -62.2430 352.2797 29.2717
v  -28.7458 369.2454 29.2717
v  -45.2700 369.2454 29.2717
v  0.6304 318.5231 -7.8741
v  1.8092 327.3052 8.9152
v  4.8465 326.2407 -7.8741
v  7.5553 334.8945 -7.8741
v  7.7523 344.0945 1.0293
v  8.6294 344.0945 -7.8741
v  0.0114 335.8604 17.2717
v  7.6855 353.2491 -7.8741
v  4.9642 361.9349 -7.8741
v  4.2074 361.6048 0.7807
v  0.1380 352.2797 17.3610
v  0.7568 369.6716 -7.8741
v  -1.7294 368.1679 8.1406
v  -8.8130 322.1710 -36.0689
v  0.0114 318.9487 -16.1082
v  -6.7643 328.5648 -38.1177
v  -5.3383 336.0568 -39.5436
v  0.7568 344.0138 -33.5359
v  -4.7248 344.0138 -40.1571
v  -5.2327 352.0816 -39.6493
v  7.6855 344.0138 -17.1052
v  -6.6615 359.6013 -38.2204
v  -8.7172 366.0162 -36.1648
v  -1.7294 368.1679 -23.8888
v  -61.0778 328.1324 -43.0364
v  -62.6697 344.0138 -45.6387
v  -37.0079 326.2407 -49.7285
v  -20.2186 327.3051 -46.6912
v  -53.8541 360.8655 -46.8031
v  -12.8526 360.0359 -43.1525
v  -45.2699 369.2454 -45.0199
v  -28.7458 369.2454 -45.0199
v  -24.8582 321.9367 -69.1370
v  -72.2537 334.3382 4.5231
v  -69.7374 321.9367 -32.4308
v  -73.2892 309.4364 -7.8741
v  12.3520 321.9367 -65.4068
v  30.1389 296.3760 -60.8351
v  -21.4359 296.3760 -84.4572
v  -55.6878 296.3760 -24.6147
v  6.9106 296.3760 -2.9611
v  -46.2390 344.0138 -52.5674
v  -24.6019 334.3382 52.1749
v  0.1925 334.3382 52.1749
v  -12.2047 296.4567 5.8735
v  -46.4567 296.4567 65.7160
v  -37.0079 344.0945 37.7632
v  -80.8157 353.0611 1.1701
v  -78.9799 344.0138 -25.7891
v  -81.5711 334.8944 -7.8741
v  -56.0125 305.4233 -30.7197
v  -54.1768 296.3760 -57.6788
v  -56.7679 287.2567 -39.7638
v  -27.6661 305.4233 50.7764
v  -25.8303 296.3760 23.8172
v  -28.4215 287.2567 41.7322
v  -4.4377 305.4233 -7.0976
v  -2.6020 296.3760 -34.0568
v  -5.1931 287.2567 -16.1418
v  -90.2645 305.4233 29.1229
v  -88.4287 296.3760 2.1637
v  -91.0199 287.2567 20.0787
v  -28.5417 296.3760 -21.8934
v  5.7103 296.3760 -81.7359
v  -19.0929 344.0138 -49.8461
v  34.0567 296.3760 -0.2398
v  57.2851 296.3760 -58.1138
v  -12.2047 322.0473 54.6827
v  -12.2047 309.4364 53.2104
v  0.4487 321.9367 -69.1370
v  -12.2047 334.5958 -69.1370
v  16.1417 296.4567 87.3695
v  39.3701 296.4567 29.4955
v  47.9962 278.9320 24.9558
v  24.7679 278.9320 82.8299
v  39.3701 305.6113 -60.8351
v  16.1418 305.6113 -2.9611
v  -46.4567 305.6113 -24.6147
v  -12.2047 305.6113 -84.4572
v  -37.0079 353.2491 -52.5674
v  -0.3806 298.0255 48.4600
# 1080 vertices

vn -0.3828 -0.1887 0.9043
vn -0.1982 -0.1982 0.9599
vn -0.2033 0.0000 0.9791
vn -0.3670 -0.3670 0.8547
vn -0.3890 0.0000 0.9212
vn 0.0000 0.0000 1.0000
vn -0.1982 0.1982 0.9599
vn -0.1887 -0.3828 0.9043
vn 0.0000 -0.2033 0.9791
vn -0.6201 -0.4805 0.6201
vn -0.4964 -0.4964 0.7122
vn -0.6647 -0.3411 0.6647
vn -0.5774 -0.5774 0.5774
vn -0.4805 -0.6201 0.6201
vn -0.5509 -0.1805 0.8148
vn -0.6960 -0.1769 0.6960
vn -0.3411 -0.6647 0.6647
vn -0.3492 -0.5273 0.7746
vn -0.5596 0.0000 0.8288
vn -0.7071 0.0000 0.7071
vn -0.1769 -0.6960 0.6960
vn -0.1805 -0.5509 0.8148
vn -0.5509 0.1805 0.8148
vn -0.6960 0.1769 0.6960
vn 0.0000 -0.7071 0.7071
vn 0.0000 -0.5596 0.8288
vn -0.5273 0.3492 0.7746
vn -0.6647 0.3411 0.6647
vn 0.1769 -0.6960 0.6960
vn 0.1805 -0.5509 0.8148
vn -0.3492 0.5273 0.7746
vn -0.6201 0.4805 0.6201
vn 0.3411 -0.6647 0.6647
vn 0.3492 -0.5273 0.7746
vn 0.1982 -0.1982 0.9599
vn 0.2033 0.0000 0.9791
vn 0.3890 0.0000 0.9212
vn 0.3828 -0.1887 0.9043
vn 0.5596 0.0000 0.8288
vn 0.5509 -0.1805 0.8148
vn 0.7071 0.0000 0.7071
vn 0.6960 -0.1769 0.6960
vn 0.5273 -0.3492 0.7746
vn 0.6647 -0.3411 0.6647
vn 0.6201 -0.4805 0.6201
vn 0.4805 -0.6201 0.6201
vn 0.5774 -0.5774 0.5774
vn 0.0000 0.2033 0.9791
vn 0.1982 0.1982 0.9599
vn 0.1887 0.3828 0.9043
vn 0.0000 0.3890 0.9212
vn 0.1769 0.6960 0.6960
vn 0.0000 0.7071 0.7071
vn 0.0000 0.5596 0.8288
vn -0.1769 0.6960 0.6960
vn -0.1805 0.5509 0.8148
vn -0.3411 0.6647 0.6647
vn -0.4805 0.6201 0.6201
vn -0.5774 0.5774 0.5774
vn 0.3411 0.6647 0.6647
vn 0.1805 0.5509 0.8148
vn 0.4805 0.6201 0.6201
vn 0.4964 0.4964 0.7122
vn 0.5774 0.5774 0.5774
vn 0.6201 0.4805 0.6201
vn 0.5273 0.3492 0.7746
vn 0.6647 0.3411 0.6647
vn 0.5509 0.1805 0.8148
vn 0.6960 0.1769 0.6960
vn 0.3828 0.1887 0.9043
vn -0.1972 -0.1972 -0.9603
vn 0.0000 0.0000 -1.0000
vn 0.0000 -0.2014 -0.9795
vn -0.1885 -0.3823 -0.9046
vn -0.3823 -0.1885 -0.9046
vn -0.2014 0.0000 -0.9795
vn -0.4804 -0.6199 -0.6205
vn -0.5271 -0.3496 -0.7746
vn -0.3414 -0.6646 -0.6647
vn -0.5771 -0.5771 -0.5779
vn -0.6199 -0.4804 -0.6205
vn -0.1805 -0.5507 -0.8150
vn -0.1769 -0.6961 -0.6959
vn -0.6646 -0.3414 -0.6647
vn 0.0000 -0.5594 -0.8289
vn 0.0000 -0.7072 -0.7070
vn -0.6961 -0.1769 -0.6959
vn -0.5507 -0.1805 -0.8150
vn 0.1805 -0.5507 -0.8150
vn 0.1769 -0.6961 -0.6959
vn -0.7072 0.0000 -0.7070
vn -0.5594 0.0000 -0.8289
vn 0.3496 -0.5271 -0.7746
vn 0.3414 -0.6646 -0.6647
vn -0.6961 0.1769 -0.6959
vn -0.5507 0.1805 -0.8150
vn -0.6646 0.3414 -0.6647
vn -0.5271 0.3496 -0.7746
vn -0.6199 0.4804 -0.6205
vn -0.3496 0.5271 -0.7746
vn -0.4804 0.6199 -0.6205
vn -0.5771 0.5771 -0.5779
vn -0.3414 0.6646 -0.6647
vn -0.1769 0.6961 -0.6959
vn -0.1805 0.5507 -0.8150
vn 0.0000 0.7072 -0.7070
vn 0.1769 0.6961 -0.6959
vn 0.0000 0.5594 -0.8289
vn 0.3414 0.6646 -0.6647
vn 0.1805 0.5507 -0.8150
vn -0.1972 0.1972 -0.9603
vn 0.0000 0.2014 -0.9795
vn 0.4804 0.6199 -0.6205
vn 0.4962 0.4962 -0.7124
vn 0.5771 0.5771 -0.5779
vn 0.6199 0.4804 -0.6205
vn 0.1885 0.3823 -0.9046
vn 0.1972 0.1972 -0.9603
vn 0.6646 0.3414 -0.6647
vn 0.5271 0.3496 -0.7746
vn 0.6961 0.1769 -0.6959
vn 0.5507 0.1805 -0.8150
vn 0.3823 0.1885 -0.9046
vn 0.2014 0.0000 -0.9795
vn 0.3883 0.0000 -0.9215
vn 0.5594 0.0000 -0.8289
vn 0.7072 0.0000 -0.7070
vn 0.6199 -0.4804 -0.6205
vn 0.5771 -0.5771 -0.5779
vn 0.4804 -0.6199 -0.6205
vn 0.5271 -0.3496 -0.7746
vn 0.6646 -0.3414 -0.6647
vn 0.6961 -0.1769 -0.6959
vn 0.5507 -0.1805 -0.8150
vn 0.3823 -0.1885 -0.9046
vn 0.1972 -0.1972 -0.9603
vn -0.6201 0.6201 0.4805
vn -0.7746 0.5273 0.3492
vn -0.6647 0.6647 0.3411
vn -0.7746 0.3492 0.5273
vn -0.6950 0.6950 0.1840
vn -0.8148 0.1805 0.5509
vn -0.7071 0.7071 0.0090
vn -0.8288 0.0000 0.5596
vn -0.6962 0.6962 -0.1751
vn -0.8306 0.5568 0.0086
vn -0.8148 -0.1805 0.5509
vn -0.6646 0.6646 -0.3414
vn -0.8163 0.5490 -0.1794
vn -0.7122 -0.4964 0.4964
vn -0.6200 0.6200 -0.4809
vn -0.7125 0.4959 -0.4964
vn -0.6201 -0.6201 0.4805
vn -0.7746 -0.5273 0.3492
vn -0.6647 -0.6647 0.3411
vn -0.6947 -0.6947 0.1867
vn -0.8290 -0.5591 0.0095
vn -0.7071 -0.7071 0.0100
vn -0.8154 -0.5501 -0.1805
vn -0.6960 -0.6960 -0.1768
vn -0.7749 0.3492 -0.5269
vn -0.8153 0.1805 -0.5502
vn -0.8292 0.0000 -0.5590
vn -0.8153 -0.1805 -0.5502
vn -0.7749 -0.3492 -0.5269
vn -0.7750 -0.5266 -0.3494
vn -0.6646 -0.6646 -0.3414
vn -0.6200 -0.6200 -0.4809
vn 0.6201 0.6201 0.4805
vn 0.3492 0.7746 0.5273
vn 0.6647 0.6647 0.3411
vn 0.5488 0.8146 0.1878
vn 0.6950 0.6950 0.1840
vn 0.1805 0.8148 0.5509
vn 0.7071 0.7071 0.0090
vn 0.0000 0.8288 0.5596
vn 0.6962 0.6962 -0.1751
vn 0.5568 0.8306 0.0086
vn -0.1805 0.8148 0.5509
vn 0.6646 0.6646 -0.3414
vn 0.5490 0.8163 -0.1794
vn -0.4964 0.7122 0.4964
vn 0.6200 0.6200 -0.4809
vn 0.4959 0.7125 -0.4964
vn -0.5488 0.8146 0.1878
vn -0.5568 0.8306 0.0086
vn -0.5490 0.8163 -0.1794
vn 0.3492 0.7749 -0.5269
vn 0.1805 0.8153 -0.5502
vn 0.0000 0.8292 -0.5590
vn -0.1805 0.8153 -0.5502
vn -0.3492 0.7749 -0.5269
vn -0.5266 0.7750 -0.3494
vn 0.8288 0.0000 0.5596
vn 0.8148 0.1805 0.5509
vn 0.9212 0.0000 0.3890
vn 0.7122 0.4964 0.4964
vn 0.9043 0.1887 0.3828
vn 0.9783 -0.0003 0.2073
vn 0.9593 0.1947 0.2044
vn 1.0000 -0.0009 0.0070
vn 0.8146 0.5488 0.1878
vn 0.9797 -0.0006 -0.2005
vn 0.9804 0.1967 0.0069
vn 0.9216 0.0000 -0.3881
vn 0.9607 0.1949 -0.1976
vn 0.8306 0.5568 0.0086
vn 0.8292 0.0000 -0.5590
vn 0.9047 0.1886 -0.3820
vn 0.8163 0.5490 -0.1794
vn 0.8153 0.1805 -0.5502
vn 0.7750 0.5266 -0.3494
vn 0.7749 0.3492 -0.5269
vn 0.6201 -0.6201 0.4805
vn 0.7746 -0.5273 0.3492
vn 0.6647 -0.6647 0.3411
vn 0.7746 -0.3492 0.5273
vn 0.6947 -0.6947 0.1867
vn 0.8148 -0.1805 0.5509
vn 0.8134 -0.5498 0.1898
vn 0.7071 -0.7071 0.0100
vn 0.9043 -0.1887 0.3828
vn 0.6960 -0.6960 -0.1768
vn 0.8290 -0.5591 0.0095
vn 0.9591 -0.1962 0.2040
vn 0.6646 -0.6646 -0.3414
vn 0.8154 -0.5501 -0.1805
vn 0.9798 -0.1998 0.0076
vn 0.6200 -0.6200 -0.4809
vn 0.7125 -0.4959 -0.4964
vn 0.9606 -0.1966 -0.1965
vn 0.9047 -0.1886 -0.3820
vn 0.7749 -0.3492 -0.5269
vn 0.8153 -0.1805 -0.5502
vn -0.5273 -0.7746 0.3492
vn -0.3492 -0.7746 0.5273
vn -0.1805 -0.8148 0.5509
vn -0.5498 -0.8134 0.1898
vn 0.0000 -0.8288 0.5596
vn -0.5591 -0.8290 0.0095
vn 0.1805 -0.8148 0.5509
vn -0.5501 -0.8154 -0.1805
vn 0.4964 -0.7122 0.4964
vn -0.4959 -0.7125 -0.4964
vn 0.5273 -0.7746 0.3492
vn 0.5591 -0.8290 0.0095
vn 0.5501 -0.8154 -0.1805
vn -0.3492 -0.7749 -0.5269
vn -0.1805 -0.8153 -0.5502
vn 0.0000 -0.8292 -0.5590
vn 0.1805 -0.8153 -0.5502
vn 0.3492 -0.7749 -0.5269
vn 0.5266 -0.7750 -0.3494
vn 0.5273 0.7746 0.3492
vn -0.1887 0.3828 0.9043
vn -0.3828 0.1887 0.9043
vn 0.0000 -0.3883 -0.9215
vn -0.3883 0.0000 -0.9215
vn 0.0000 0.3883 -0.9215
vn 0.0000 -0.3890 0.9212
vn -0.3818 -0.9048 -0.1886
vn -0.1998 -0.9798 0.0076
vn -0.3883 -0.9215 0.0086
vn -0.9797 -0.0006 -0.2005
vn -0.9606 -0.1966 -0.1965
vn -0.9798 -0.1998 0.0076
vn 0.0000 -0.9216 -0.3881
vn 0.1886 -0.9047 -0.3820
vn 0.1966 -0.9606 -0.1965
vn -0.9593 0.1947 0.2044
vn -0.9038 0.3803 0.1963
vn -0.9230 0.3847 0.0076
vn 0.0000 0.9216 -0.3881
vn -0.1949 0.9607 -0.1976
vn 0.0000 0.9796 -0.2010
vn -0.3847 0.9230 0.0076
vn -0.1967 0.9804 0.0069
vn -0.1887 0.9043 0.3828
vn 0.0000 0.9782 0.2076
vn -0.1947 0.9593 0.2044
vn 0.1962 -0.9591 0.2040
vn 0.0000 -0.9783 0.2070
vn 0.0000 -1.0000 0.0073
vn 0.9230 0.3847 0.0076
vn -0.9216 0.0000 -0.3881
vn -0.9215 -0.3883 0.0086
vn -0.9047 -0.1886 -0.3820
vn 0.1887 -0.9043 0.3828
vn 0.3883 -0.9215 0.0086
vn 0.1947 0.9593 0.2044
vn 0.3847 0.9230 0.0076
vn 0.1967 0.9804 0.0069
vn 0.3663 0.8553 -0.3665
vn 0.1949 0.9607 -0.1976
vn 0.3799 0.9055 -0.1889
vn -0.9804 0.1967 0.0069
vn 0.0000 -0.9798 -0.1999
vn -0.1962 -0.9591 0.2040
vn -0.3821 -0.9029 0.1970
vn 0.3803 0.9038 0.1963
vn -0.9043 0.1887 0.3828
vn -0.9043 -0.1887 0.3828
vn -0.9212 0.0000 0.3890
vn -0.9783 -0.0003 0.2073
vn -0.8547 -0.3670 0.3670
vn -0.9591 -0.1962 0.2040
vn -0.9029 -0.3821 0.1970
vn 0.9048 -0.3818 -0.1886
vn -0.1886 0.9047 -0.3820
vn -0.3670 0.8547 0.3670
vn -0.3803 0.9038 0.1963
vn -0.3669 0.3669 -0.8549
vn 0.9055 0.3799 -0.1889
vn 0.1886 0.9047 -0.3820
vn -0.1886 -0.9047 -0.3820
vn -0.3663 -0.8553 -0.3665
vn -0.1966 -0.9606 -0.1965
vn -0.8553 0.3663 -0.3665
vn -0.9607 0.1949 -0.1976
vn -0.9055 0.3799 -0.1889
vn -0.9047 0.1886 -0.3820
vn 0.3663 -0.8553 -0.3665
vn 0.3818 -0.9048 -0.1886
vn -0.8553 -0.3663 -0.3665
vn -0.9048 -0.3818 -0.1886
vn 0.0000 0.9212 0.3890
vn 0.3670 0.8547 0.3670
vn 0.9029 -0.3821 0.1970
vn 0.8553 0.3663 -0.3665
vn 0.3669 -0.3669 -0.8549
vn 0.8553 -0.3663 -0.3665
vn 0.8547 0.3670 0.3670
vn 0.9038 0.3803 0.1963
vn -0.1887 -0.9043 0.3828
vn -0.3663 0.8553 -0.3665
vn -0.3799 0.9055 -0.1889
vn 0.8547 -0.3670 0.3670
vn 0.9215 -0.3883 0.0086
vn -0.8547 0.3670 0.3670
vn 0.3670 -0.3670 0.8547
vn -0.3670 -0.8547 0.3670
vn -0.3670 0.3670 0.8547
vn 0.3669 0.3669 -0.8549
vn 0.3670 0.3670 0.8547
vn 0.3670 -0.8547 0.3670
vn 0.3821 -0.9029 0.1970
vn 0.1998 -0.9798 0.0076
vn 0.1887 0.9043 0.3828
# 348 vertex normals

o Sphere__17_
g Sphere__17_
s off
f 415//811 416//812 417//813 
f 418//814 416//812 415//811 
f 415//811 417//813 419//815 
f 416//812 420//816 417//813 
f 421//817 419//815 417//813 
f 418//818 422//819 416//812 
f 416//812 422//819 420//816 
f 423//820 418//821 424//822 
f 425//823 418//821 423//820 
f 425//823 426//824 418//821 
f 424//822 419//825 427//826 
f 426//824 428//827 429//828 
f 427//826 419//829 430//830 
f 428//827 431//831 429//832 
f 432//833 433//834 430//830 
f 431//831 434//835 435//836 
f 432//837 436//838 433//834 
f 434//835 437//839 435//840 
f 438//841 439//842 436//838 
f 437//839 440//843 435//844 
f 422//819 441//845 442//846 
f 422//819 442//846 420//816 
f 441//845 443//847 442//846 
f 441//848 444//849 443//847 
f 445//850 446//851 444//849 
f 445//850 447//852 446//851 
f 445//853 448//854 447//852 
f 445//853 449//855 448//854 
f 440//843 450//856 445//853 
f 450//856 449//855 445//853 
f 450//856 451//857 449//855 
f 452//858 417//813 420//816 
f 453//859 452//858 420//816 
f 454//860 452//858 453//859 
f 455//861 421//817 452//858 
f 452//858 421//817 417//813 
f 456//862 457//863 455//864 
f 457//863 458//865 455//866 
f 458//865 459//867 438//841 
f 459//867 460//868 438//841 
f 460//868 439//842 438//841 
f 460//868 461//869 439//842 
f 462//870 456//862 455//871 
f 463//872 462//870 454//873 
f 464//874 463//872 454//873 
f 464//874 454//873 465//875 
f 465//875 466//876 467//877 
f 467//877 466//878 468//879 
f 466//880 453//859 442//846 
f 453//859 420//816 442//846 
f 466//880 442//846 443//847 
f 466//878 443//847 444//849 
f 468//879 466//878 444//849 
f 468//879 444//849 446//851 
f 469//881 470//882 471//883 
f 472//884 469//881 471//883 
f 472//885 473//886 469//881 
f 469//881 473//886 470//882 
f 474//887 475//888 476//889 
f 477//890 475//888 474//887 
f 477//890 478//891 475//888 
f 476//889 479//892 480//893 
f 478//891 481//894 475//888 
f 480//893 479//895 482//896 
f 481//894 483//897 475//898 
f 479//899 484//900 482//896 
f 483//897 485//901 486//902 
f 479//903 487//904 484//900 
f 485//901 488//905 486//906 
f 488//905 489//907 486//908 
f 489//907 490//909 491//910 
f 490//909 492//911 491//910 
f 490//909 493//912 492//911 
f 491//910 492//911 494//913 
f 491//910 494//913 495//914 
f 496//915 495//914 497//916 
f 498//917 496//918 497//916 
f 499//919 496//920 498//917 
f 473//886 500//921 501//922 
f 473//886 501//922 470//882 
f 502//923 503//924 499//919 
f 504//925 503//924 502//923 
f 504//925 505//926 503//924 
f 503//927 506//928 501//922 
f 506//928 470//882 501//922 
f 505//926 507//929 508//930 
f 507//929 509//931 508//932 
f 508//933 510//934 506//928 
f 506//928 510//934 470//882 
f 508//933 511//935 510//934 
f 508//932 512//936 511//935 
f 509//931 512//936 508//932 
f 509//931 513//937 512//936 
f 514//938 515//939 516//940 
f 514//938 516//940 517//941 
f 517//941 516//940 487//904 
f 518//942 514//938 517//941 
f 519//943 518//942 517//941 
f 513//937 519//943 517//944 
f 513//937 517//944 512//936 
f 512//936 517//945 511//935 
f 511//935 520//946 510//934 
f 510//934 520//946 471//883 
f 510//934 471//883 470//882 
f 439//842 461//869 521//947 
f 439//842 521//947 522//948 
f 436//838 439//842 522//948 
f 522//948 521//947 523//949 
f 433//834 436//838 524//950 
f 522//948 523//949 525//951 
f 430//830 433//834 524//952 
f 522//948 525//951 526//953 
f 427//826 430//830 527//954 
f 528//955 529//956 526//953 
f 424//822 427//826 527//957 
f 530//958 529//959 528//955 
f 423//820 424//822 531//960 
f 532//961 533//962 530//958 
f 425//823 423//820 531//960 
f 425//823 531//960 534//963 
f 534//963 535//964 536//965 
f 536//965 535//964 537//966 
f 537//966 538//967 539//968 
f 538//969 540//970 539//968 
f 493//912 533//962 532//961 
f 493//912 490//909 533//962 
f 490//909 489//907 541//971 
f 489//907 488//905 541//972 
f 488//905 485//901 541//973 
f 485//901 483//897 542//974 
f 483//897 481//894 542//975 
f 538//976 543//977 540//970 
f 481//894 478//891 538//976 
f 538//976 544//978 543//977 
f 478//891 544//978 538//976 
f 478//891 477//890 544//978 
f 463//872 464//874 545//979 
f 463//872 545//979 546//980 
f 462//870 463//872 546//980 
f 546//980 545//979 547//981 
f 456//862 462//870 546//980 
f 548//982 547//981 549//983 
f 457//863 456//862 550//984 
f 548//982 549//983 551//985 
f 458//865 457//863 550//986 
f 552//987 553//988 551//985 
f 459//867 458//865 550//989 
f 554//990 553//991 552//987 
f 460//868 459//867 555//992 
f 556//993 557//994 554//990 
f 461//869 460//868 555//992 
f 461//869 555//992 521//947 
f 521//947 558//995 523//949 
f 523//949 558//995 525//951 
f 525//951 559//996 526//953 
f 559//997 528//955 526//953 
f 504//925 557//994 556//993 
f 504//925 502//923 557//994 
f 502//923 499//919 560//998 
f 499//919 498//917 560//999 
f 498//917 497//916 560//1000 
f 497//916 495//914 561//1001 
f 495//914 494//913 561//1002 
f 559//1003 530//958 528//955 
f 494//913 492//911 559//1003 
f 559//1003 532//961 530//958 
f 492//911 532//961 559//1003 
f 492//911 493//912 532//961 
f 468//879 446//851 562//1004 
f 468//879 562//1004 563//1005 
f 467//877 468//879 563//1005 
f 563//1005 562//1004 564//1006 
f 465//875 467//877 563//1007 
f 563//1008 564//1006 565//1009 
f 464//874 465//875 563//1007 
f 464//874 563//1007 545//979 
f 566//1010 565//1009 567//1011 
f 545//979 568//1012 547//981 
f 569//1013 566//1014 567//1011 
f 547//981 568//1012 549//983 
f 570//1015 571//1016 569//1013 
f 549//983 572//1017 551//985 
f 573//1018 571//1019 570//1015 
f 572//1020 552//987 551//985 
f 513//937 574//1021 573//1018 
f 513//937 509//931 574//1021 
f 572//1022 554//990 552//987 
f 509//931 507//929 574//1023 
f 574//1023 556//993 554//990 
f 507//929 505//926 574//1023 
f 505//926 556//993 574//1023 
f 505//926 504//925 556//993 
f 449//855 451//857 575//1024 
f 449//855 575//1024 576//1025 
f 448//854 449//855 576//1025 
f 576//1025 575//1024 577//1026 
f 447//852 448//854 576//1027 
f 576//1025 577//1026 578//1028 
f 446//851 447//852 576//1029 
f 446//851 576//1029 562//1004 
f 579//1030 578//1028 580//1031 
f 562//1004 581//1032 564//1006 
f 582//1033 579//1034 580//1031 
f 564//1006 581//1035 565//1009 
f 583//1036 579//1037 582//1033 
f 565//1009 584//1038 567//1011 
f 585//1039 586//1040 583//1036 
f 584//1041 569//1013 567//1011 
f 515//939 586//1040 585//1039 
f 515//939 514//938 586//1040 
f 586//1042 570//1015 569//1013 
f 514//938 518//942 587//1043 
f 587//1044 573//1018 570//1015 
f 518//942 519//943 587//1044 
f 519//943 573//1018 587//1044 
f 519//943 513//937 573//1018 
f 426//824 425//823 534//963 
f 426//824 534//963 588//1045 
f 428//827 426//824 588//1045 
f 588//1045 534//963 536//965 
f 431//831 428//827 589//1046 
f 588//1045 536//965 537//966 
f 434//835 431//831 589//1047 
f 590//1048 537//966 539//968 
f 437//839 434//835 591//1049 
f 540//970 590//1050 539//968 
f 440//843 437//839 591//1051 
f 543//977 590//1052 540//970 
f 450//856 440//843 592//1053 
f 544//978 593//1054 543//977 
f 451//857 450//856 592//1053 
f 451//857 592//1053 575//1024 
f 575//1024 594//1055 577//1026 
f 577//1026 594//1055 578//1028 
f 578//1028 595//1056 580//1031 
f 595//1057 582//1033 580//1031 
f 477//890 593//1054 544//978 
f 477//890 474//887 593//1054 
f 474//887 476//889 596//1058 
f 476//889 480//893 596//1059 
f 480//893 482//896 596//1060 
f 482//896 484//900 597//1061 
f 484//900 487//904 597//1062 
f 595//1063 583//1036 582//1033 
f 487//904 516//940 595//1063 
f 595//1063 585//1039 583//1036 
f 516//940 585//1039 595//1063 
f 516//940 515//939 585//1039 
f 598//811 599//812 600//813 
f 601//814 599//812 598//811 
f 598//811 600//813 602//815 
f 599//812 603//816 600//813 
f 604//817 602//815 600//813 
f 601//818 605//819 599//812 
f 599//812 605//819 603//816 
f 606//820 601//828 607//822 
f 608//823 601//828 606//820 
f 608//823 609//824 601//828 
f 607//822 602//825 610//826 
f 609//824 611//827 601//828 
f 610//826 602//829 612//830 
f 611//827 613//831 601//832 
f 602//833 614//834 612//830 
f 613//831 615//835 616//836 
f 602//837 617//838 614//834 
f 615//835 618//839 616//840 
f 619//841 620//842 617//838 
f 618//839 621//843 622//844 
f 605//819 623//845 624//846 
f 605//819 624//846 603//816 
f 623//845 625//847 624//846 
f 623//848 626//849 625//847 
f 623//850 627//851 626//849 
f 623//850 628//852 627//851 
f 623//853 629//854 628//852 
f 622//844 630//855 629//854 
f 621//843 631//856 622//844 
f 631//856 630//855 622//844 
f 631//856 632//857 630//855 
f 633//858 600//813 603//816 
f 634//859 633//858 603//816 
f 635//860 633//858 634//859 
f 636//861 604//817 633//858 
f 633//858 604//817 600//813 
f 637//862 638//863 636//864 
f 638//863 639//865 636//866 
f 639//865 640//867 619//841 
f 640//867 641//868 619//841 
f 641//868 620//842 619//841 
f 641//868 642//869 620//842 
f 643//870 637//862 636//871 
f 644//872 643//870 635//873 
f 645//874 644//872 635//873 
f 645//874 635//873 646//875 
f 646//875 635//873 647//877 
f 647//877 635//878 648//879 
f 635//880 634//859 624//846 
f 634//859 603//816 624//846 
f 635//880 624//846 625//847 
f 635//878 625//847 626//849 
f 648//879 635//878 626//849 
f 648//879 626//849 627//851 
f 649//881 650//882 651//883 
f 652//884 649//881 651//883 
f 652//885 653//886 649//881 
f 649//881 653//886 650//882 
f 654//887 652//888 655//889 
f 656//890 652//888 654//887 
f 656//890 657//891 652//888 
f 655//889 658//892 659//893 
f 657//891 660//894 652//888 
f 659//893 658//895 661//896 
f 660//894 662//897 652//898 
f 658//899 663//900 661//896 
f 662//897 664//901 665//902 
f 658//903 666//904 663//900 
f 664//901 667//905 665//906 
f 667//905 668//907 665//908 
f 668//907 669//909 665//910 
f 669//909 670//911 665//910 
f 669//909 671//912 670//911 
f 665//910 670//911 672//913 
f 665//910 672//913 673//914 
f 674//915 673//914 675//916 
f 676//917 674//918 675//916 
f 677//919 674//920 676//917 
f 653//886 678//921 679//922 
f 653//886 679//922 650//882 
f 680//923 681//924 677//919 
f 682//925 681//924 680//923 
f 682//925 683//926 681//924 
f 681//927 684//928 679//922 
f 684//928 650//882 679//922 
f 683//926 685//929 681//924 
f 685//929 686//931 681//932 
f 681//933 687//934 684//928 
f 684//928 687//934 650//882 
f 681//933 688//935 687//934 
f 681//932 689//936 688//935 
f 686//931 689//936 681//932 
f 686//931 690//937 689//936 
f 691//938 692//939 693//940 
f 691//938 693//940 694//941 
f 694//941 693//940 666//904 
f 695//942 691//938 694//941 
f 696//943 695//942 694//941 
f 690//937 696//943 694//944 
f 690//937 694//944 689//936 
f 689//936 694//945 688//935 
f 688//935 697//946 687//934 
f 687//934 697//946 651//883 
f 687//934 651//883 650//882 
f 620//842 642//869 698//947 
f 620//842 698//947 699//948 
f 617//838 620//842 699//948 
f 699//948 698//947 700//949 
f 614//834 617//838 701//950 
f 699//948 700//949 702//951 
f 612//830 614//834 701//952 
f 699//948 702//951 703//953 
f 610//826 612//830 701//954 
f 704//955 705//956 703//953 
f 607//822 610//826 701//957 
f 706//958 705//959 704//955 
f 606//820 607//822 707//960 
f 708//961 709//962 706//958 
f 608//823 606//820 707//960 
f 608//823 707//960 710//963 
f 710//963 707//964 711//965 
f 711//965 707//964 712//966 
f 712//966 713//967 714//968 
f 713//969 715//970 714//968 
f 671//912 709//962 708//961 
f 671//912 669//909 709//962 
f 669//909 668//907 716//971 
f 668//907 667//905 716//972 
f 667//905 664//901 716//973 
f 664//901 662//897 717//974 
f 662//897 660//894 717//975 
f 713//976 718//977 715//970 
f 660//894 657//891 713//976 
f 713//976 719//978 718//977 
f 657//891 719//978 713//976 
f 657//891 656//890 719//978 
f 644//872 645//874 720//979 
f 644//872 720//979 721//980 
f 643//870 644//872 721//980 
f 721//980 720//979 722//981 
f 637//862 643//870 721//980 
f 721//982 722//981 723//983 
f 638//863 637//862 724//984 
f 721//982 723//983 725//985 
f 639//865 638//863 724//986 
f 726//987 727//988 725//985 
f 640//867 639//865 724//989 
f 728//990 727//991 726//987 
f 641//868 640//867 729//992 
f 730//993 731//994 728//990 
f 642//869 641//868 729//992 
f 642//869 729//992 698//947 
f 698//947 732//995 700//949 
f 700//949 732//995 702//951 
f 702//951 733//996 703//953 
f 733//997 704//955 703//953 
f 682//925 731//994 730//993 
f 682//925 680//923 731//994 
f 680//923 677//919 734//998 
f 677//919 676//917 734//999 
f 676//917 675//916 734//1000 
f 675//916 673//914 735//1001 
f 673//914 672//913 735//1002 
f 733//1003 706//958 704//955 
f 672//913 670//911 733//1003 
f 733//1003 708//961 706//958 
f 670//911 708//961 733//1003 
f 670//911 671//912 708//961 
f 648//879 627//851 736//1004 
f 648//879 736//1004 737//1005 
f 647//877 648//879 737//1005 
f 737//1005 736//1004 738//1006 
f 646//875 647//877 737//1007 
f 737//1008 738//1006 739//1009 
f 645//874 646//875 737//1007 
f 645//874 737//1007 720//979 
f 740//1010 739//1009 741//1011 
f 720//979 742//1012 722//981 
f 743//1013 740//1014 741//1011 
f 722//981 742//1012 723//983 
f 744//1015 745//1016 743//1013 
f 723//983 746//1017 725//985 
f 747//1018 745//1019 744//1015 
f 746//1020 726//987 725//985 
f 690//937 748//1021 747//1018 
f 690//937 686//931 748//1021 
f 746//1022 728//990 726//987 
f 686//931 685//929 748//1023 
f 748//1023 730//993 728//990 
f 685//929 683//926 748//1023 
f 683//926 730//993 748//1023 
f 683//926 682//925 730//993 
f 630//855 632//857 749//1024 
f 630//855 749//1024 750//1025 
f 629//854 630//855 750//1025 
f 750//1025 749//1024 751//1026 
f 628//852 629//854 750//1027 
f 750//1025 751//1026 752//1028 
f 627//851 628//852 750//1029 
f 627//851 750//1029 736//1004 
f 753//1030 752//1028 754//1031 
f 736//1004 753//1032 738//1006 
f 755//1033 753//1034 754//1031 
f 738//1006 753//1035 739//1009 
f 756//1036 753//1037 755//1033 
f 739//1009 757//1038 741//1011 
f 758//1039 759//1043 756//1036 
f 757//1041 743//1013 741//1011 
f 692//939 759//1043 758//1039 
f 692//939 691//938 759//1043 
f 759//1042 744//1015 743//1013 
f 691//938 695//942 759//1043 
f 759//1044 747//1018 744//1015 
f 695//942 696//943 759//1044 
f 696//943 747//1018 759//1044 
f 696//943 690//937 747//1018 
f 609//824 608//823 710//963 
f 609//824 710//963 760//1045 
f 611//827 609//824 760//1045 
f 760//1045 710//963 711//965 
f 613//831 611//827 760//1046 
f 760//1045 711//965 712//966 
f 615//835 613//831 760//1047 
f 761//1048 712//966 714//968 
f 618//839 615//835 762//1049 
f 715//970 761//1050 714//968 
f 621//843 618//839 762//1051 
f 718//977 761//1052 715//970 
f 631//856 621//843 763//1053 
f 719//978 764//1054 718//977 
f 632//857 631//856 763//1053 
f 632//857 763//1053 749//1024 
f 749//1024 763//1055 751//1026 
f 751//1026 763//1055 752//1028 
f 752//1028 765//1056 754//1031 
f 765//1057 755//1033 754//1031 
f 656//890 764//1054 719//978 
f 656//890 654//887 764//1054 
f 654//887 655//889 766//1058 
f 655//889 659//893 766//1059 
f 659//893 661//896 766//1060 
f 661//896 663//900 767//1061 
f 663//900 666//904 767//1062 
f 765//1063 756//1036 755//1033 
f 666//904 693//940 765//1063 
f 765//1063 758//1039 756//1036 
f 693//940 758//1039 765//1063 
f 693//940 692//939 758//1039 
f 768//811 769//812 770//813 
f 771//814 769//812 768//811 
f 768//811 770//813 772//815 
f 769//812 773//816 770//813 
f 774//817 772//815 770//813 
f 771//818 775//819 769//812 
f 769//812 775//819 773//816 
f 776//820 771//828 777//822 
f 778//823 771//828 776//820 
f 778//823 779//824 771//828 
f 777//822 772//825 780//826 
f 779//824 781//827 771//828 
f 780//826 772//829 782//830 
f 781//827 783//831 771//832 
f 772//833 784//834 782//830 
f 783//831 785//835 786//836 
f 772//837 787//838 784//834 
f 785//835 788//839 786//840 
f 789//841 790//842 787//838 
f 788//839 791//843 792//844 
f 775//819 793//845 794//846 
f 775//819 794//846 773//816 
f 793//845 795//847 794//846 
f 793//848 796//849 795//847 
f 793//850 797//851 796//849 
f 793//850 798//852 797//851 
f 793//853 799//854 798//852 
f 792//844 800//855 799//854 
f 791//843 801//856 792//844 
f 801//856 800//855 792//844 
f 801//856 802//857 800//855 
f 803//858 770//813 773//816 
f 804//859 803//858 773//816 
f 805//860 803//858 804//859 
f 806//861 774//817 803//858 
f 803//858 774//817 770//813 
f 807//862 808//863 806//864 
f 808//863 809//865 806//866 
f 809//865 810//867 789//841 
f 810//867 811//868 789//841 
f 811//868 790//842 789//841 
f 811//868 812//869 790//842 
f 813//870 807//862 806//871 
f 814//872 813//870 805//873 
f 815//874 814//872 805//873 
f 815//874 805//873 816//875 
f 816//875 805//873 817//877 
f 817//877 805//878 818//879 
f 805//880 804//859 794//846 
f 804//859 773//816 794//846 
f 805//880 794//846 795//847 
f 805//878 795//847 796//849 
f 818//879 805//878 796//849 
f 818//879 796//849 797//851 
f 819//881 820//882 821//883 
f 822//884 819//881 821//883 
f 822//885 823//886 819//881 
f 819//881 823//886 820//882 
f 824//887 822//888 825//889 
f 826//890 822//888 824//887 
f 826//890 827//891 822//888 
f 825//889 828//892 829//893 
f 827//891 830//894 822//888 
f 829//893 831//895 832//896 
f 830//894 833//897 822//898 
f 831//899 834//900 832//896 
f 833//897 835//901 836//902 
f 837//903 838//904 834//900 
f 835//901 839//905 836//906 
f 839//905 840//907 836//908 
f 840//907 841//909 836//910 
f 841//909 842//911 836//910 
f 841//909 843//912 842//911 
f 836//910 842//911 844//913 
f 836//910 844//913 845//914 
f 846//915 845//914 847//916 
f 848//917 846//918 847//916 
f 849//919 846//920 848//917 
f 823//886 850//921 851//922 
f 823//886 851//922 820//882 
f 852//923 853//924 849//919 
f 854//925 853//924 852//923 
f 854//925 855//926 853//924 
f 853//927 856//928 851//922 
f 856//928 820//882 851//922 
f 855//926 857//929 853//924 
f 857//929 858//931 853//932 
f 853//933 859//934 856//928 
f 856//928 859//934 820//882 
f 853//933 860//935 859//934 
f 853//932 861//936 860//935 
f 858//931 861//936 853//932 
f 858//931 862//937 861//936 
f 863//938 864//939 865//940 
f 863//938 865//940 837//903 
f 837//903 865//940 838//904 
f 866//942 863//938 837//903 
f 867//943 866//942 837//941 
f 862//937 867//943 837//944 
f 862//937 837//944 861//936 
f 861//936 828//945 860//935 
f 860//935 828//946 859//934 
f 859//934 828//946 821//883 
f 859//934 821//883 820//882 
f 790//842 812//869 868//947 
f 790//842 868//947 869//948 
f 787//838 790//842 869//948 
f 869//948 868//947 870//949 
f 784//834 787//838 871//950 
f 869//948 870//949 872//951 
f 782//830 784//834 871//952 
f 869//948 872//951 873//953 
f 780//826 782//830 871//954 
f 874//955 875//956 873//953 
f 777//822 780//826 871//957 
f 876//958 875//959 874//955 
f 776//820 777//822 877//960 
f 878//961 879//962 876//958 
f 778//823 776//820 877//960 
f 778//823 877//960 880//963 
f 880//963 877//964 881//965 
f 881//965 877//964 882//966 
f 882//966 883//967 884//968 
f 883//969 885//970 884//968 
f 843//912 879//962 878//961 
f 843//912 841//909 879//962 
f 841//909 840//907 886//971 
f 840//907 839//905 886//972 
f 839//905 835//901 886//973 
f 835//901 833//897 887//974 
f 833//897 830//894 887//975 
f 883//976 888//977 885//970 
f 830//894 827//891 883//976 
f 883//976 889//978 888//977 
f 827//891 889//978 883//976 
f 827//891 826//890 889//978 
f 814//872 815//874 890//979 
f 814//872 890//979 891//980 
f 813//870 814//872 891//980 
f 891//980 890//979 892//981 
f 807//862 813//870 891//980 
f 891//982 892//981 893//983 
f 808//863 807//862 894//984 
f 891//982 893//983 895//985 
f 809//865 808//863 894//986 
f 896//987 897//988 895//985 
f 810//867 809//865 894//989 
f 898//990 897//991 896//987 
f 811//868 810//867 899//992 
f 900//993 901//994 898//990 
f 812//869 811//868 899//992 
f 812//869 899//992 868//947 
f 868//947 902//995 870//949 
f 870//949 902//995 872//951 
f 872//951 903//996 873//953 
f 903//997 874//955 873//953 
f 854//925 901//994 900//993 
f 854//925 852//923 901//994 
f 852//923 849//919 904//998 
f 849//919 848//917 904//999 
f 848//917 847//916 904//1000 
f 847//916 845//914 905//1001 
f 845//914 844//913 905//1002 
f 903//1003 876//958 874//955 
f 844//913 842//911 903//1003 
f 903//1003 878//961 876//958 
f 842//911 878//961 903//1003 
f 842//911 843//912 878//961 
f 818//879 797//851 906//1004 
f 818//879 906//1004 907//1005 
f 817//877 818//879 907//1005 
f 907//1005 906//1004 908//1006 
f 816//875 817//877 907//1007 
f 907//1008 908//1006 909//1009 
f 815//874 816//875 907//1007 
f 815//874 907//1007 890//979 
f 910//1010 909//1009 911//1011 
f 890//979 912//1012 892//981 
f 913//1013 910//1014 911//1011 
f 892//981 912//1012 893//983 
f 914//1015 915//1016 913//1013 
f 893//983 916//1017 895//985 
f 917//1018 915//1019 914//1015 
f 916//1020 896//987 895//985 
f 862//937 918//1021 917//1018 
f 862//937 858//931 918//1021 
f 916//1022 898//990 896//987 
f 858//931 857//929 918//1023 
f 918//1023 900//993 898//990 
f 857//929 855//926 918//1023 
f 855//926 900//993 918//1023 
f 855//926 854//925 900//993 
f 800//855 802//857 919//1024 
f 800//855 919//1024 920//1025 
f 799//854 800//855 920//1025 
f 920//1025 919//1024 921//1026 
f 798//852 799//854 920//1027 
f 920//1025 921//1026 922//1028 
f 797//851 798//852 920//1029 
f 797//851 920//1029 906//1004 
f 923//1030 922//1028 924//1031 
f 906//1004 923//1032 908//1006 
f 925//1033 923//1034 924//1031 
f 908//1006 923//1035 909//1009 
f 926//1036 923//1037 925//1033 
f 909//1009 927//1038 911//1011 
f 928//1039 929//1043 926//1036 
f 927//1041 913//1013 911//1011 
f 864//939 929//1043 928//1039 
f 864//939 863//938 929//1043 
f 929//1042 914//1015 913//1013 
f 863//938 866//942 929//1043 
f 929//1044 917//1018 914//1015 
f 866//942 867//943 929//1044 
f 867//943 917//1018 929//1044 
f 867//943 862//937 917//1018 
f 779//824 778//823 880//963 
f 779//824 880//963 930//1045 
f 781//827 779//824 930//1045 
f 930//1045 880//963 881//965 
f 783//831 781//827 930//1046 
f 930//1045 881//965 882//966 
f 785//835 783//831 930//1047 
f 931//1048 882//966 884//968 
f 788//839 785//835 932//1049 
f 885//970 931//1050 884//968 
f 791//843 788//839 932//1051 
f 888//977 931//1052 885//970 
f 801//856 791//843 933//1053 
f 889//978 934//1054 888//977 
f 802//857 801//856 933//1053 
f 802//857 933//1053 919//1024 
f 919//1024 933//1055 921//1026 
f 921//1026 933//1055 922//1028 
f 922//1028 935//1056 924//1031 
f 935//1057 925//1033 924//1031 
f 826//890 934//1054 889//978 
f 826//890 824//887 934//1054 
f 824//887 825//889 936//1058 
f 825//889 829//893 936//1059 
f 829//893 832//896 936//1060 
f 832//896 834//900 937//1061 
f 834//900 838//904 937//1062 
f 935//1063 926//1036 925//1033 
f 838//904 865//940 935//1063 
f 935//1063 928//1039 926//1036 
f 865//940 928//1039 935//1063 
f 865//940 864//939 928//1039 
f 938//811 939//812 940//813 
f 941//814 939//812 938//811 
f 938//811 940//813 942//815 
f 939//812 943//816 940//813 
f 944//817 942//815 940//813 
f 941//818 945//819 939//812 
f 939//812 945//819 943//816 
f 946//820 941//828 947//822 
f 948//823 941//828 946//820 
f 948//823 949//824 941//828 
f 947//822 942//825 950//826 
f 949//824 951//827 941//828 
f 950//826 942//829 952//830 
f 951//827 953//831 941//832 
f 942//833 954//834 952//830 
f 953//831 955//835 956//836 
f 942//837 957//838 954//834 
f 955//835 958//839 956//840 
f 959//841 960//842 957//838 
f 958//839 961//843 962//844 
f 945//819 963//845 964//846 
f 945//819 964//846 943//816 
f 963//845 965//847 964//846 
f 963//848 966//849 965//847 
f 963//850 967//851 966//849 
f 963//850 968//852 967//851 
f 963//853 969//854 968//852 
f 962//844 970//855 969//854 
f 961//843 971//856 962//844 
f 971//856 970//855 962//844 
f 971//856 972//857 970//855 
f 973//858 940//813 943//816 
f 974//859 973//858 943//816 
f 975//860 973//858 974//859 
f 976//861 944//817 973//858 
f 973//858 944//817 940//813 
f 977//862 978//863 976//864 
f 978//863 979//865 976//866 
f 979//865 980//867 959//841 
f 980//867 981//868 959//841 
f 981//868 960//842 959//841 
f 981//868 982//869 960//842 
f 983//870 977//862 976//871 
f 984//872 983//870 975//873 
f 985//874 984//872 975//873 
f 985//874 975//873 986//875 
f 986//875 975//873 987//877 
f 987//877 975//878 988//879 
f 975//880 974//859 964//846 
f 974//859 943//816 964//846 
f 975//880 964//846 965//847 
f 975//878 965//847 966//849 
f 988//879 975//878 966//849 
f 988//879 966//849 967//851 
f 989//881 990//882 991//883 
f 992//884 989//881 991//883 
f 992//885 993//886 989//881 
f 989//881 993//886 990//882 
f 994//887 992//888 995//889 
f 996//890 992//888 994//887 
f 996//890 997//891 992//888 
f 995//889 998//892 999//893 
f 997//891 1000//894 992//888 
f 999//893 1001//895 1002//896 
f 1000//894 1003//897 992//898 
f 1001//899 1004//900 1002//896 
f 1003//897 1005//901 1006//902 
f 1007//903 1008//904 1004//900 
f 1005//901 1009//905 1006//906 
f 1009//905 1010//907 1006//908 
f 1010//907 1011//909 1006//910 
f 1011//909 1012//911 1006//910 
f 1011//909 1013//912 1012//911 
f 1006//910 1012//911 1014//913 
f 1006//910 1014//913 1015//914 
f 1016//915 1015//914 1017//916 
f 1018//917 1016//918 1017//916 
f 1019//919 1016//920 1018//917 
f 993//886 1020//921 1021//922 
f 993//886 1021//922 990//882 
f 1022//923 1023//924 1019//919 
f 1024//925 1023//924 1022//923 
f 1024//925 1025//926 1023//924 
f 1023//927 1026//928 1021//922 
f 1026//928 990//882 1021//922 
f 1025//926 1027//929 1023//924 
f 1027//929 1028//931 1023//932 
f 1023//933 1029//934 1026//928 
f 1026//928 1029//934 990//882 
f 1023//933 1030//935 1029//934 
f 1023//932 1031//936 1030//935 
f 1028//931 1031//936 1023//932 
f 1028//931 1032//937 1031//936 
f 1033//938 1034//939 1035//940 
f 1033//938 1035//940 1007//903 
f 1007//903 1035//940 1008//904 
f 1036//942 1033//938 1007//903 
f 1037//943 1036//942 1007//941 
f 1032//937 1037//943 1007//944 
f 1032//937 1007//944 1031//936 
f 1031//936 998//945 1030//935 
f 1030//935 998//946 1029//934 
f 1029//934 998//946 991//883 
f 1029//934 991//883 990//882 
f 960//842 982//869 1038//947 
f 960//842 1038//947 1039//948 
f 957//838 960//842 1039//948 
f 1039//948 1038//947 1040//949 
f 954//834 957//838 1041//950 
f 1039//948 1040//949 1042//951 
f 952//830 954//834 1041//952 
f 1039//948 1042//951 1043//953 
f 950//826 952//830 1041//954 
f 1044//955 1045//956 1043//953 
f 947//822 950//826 1041//957 
f 1046//958 1045//959 1044//955 
f 946//820 947//822 1047//960 
f 1048//961 1049//962 1046//958 
f 948//823 946//820 1047//960 
f 948//823 1047//960 1050//963 
f 1050//963 1047//960 1051//965 
f 1051//965 1047//960 1052//966 
f 1052//966 1053//967 1054//968 
f 1053//969 1055//970 1054//968 
f 1013//912 1049//962 1048//961 
f 1013//912 1011//909 1049//962 
f 1011//909 1010//907 1056//971 
f 1010//907 1009//905 1056//972 
f 1009//905 1005//901 1056//973 
f 1005//901 1003//897 1057//974 
f 1003//897 1000//894 1057//975 
f 1053//976 1058//977 1055//970 
f 1000//894 997//891 1053//976 
f 1053//976 1059//978 1058//977 
f 997//891 1059//978 1053//976 
f 997//891 996//890 1059//978 
f 984//872 985//874 1060//979 
f 984//872 1060//979 1061//1064 
f 983//870 984//872 1061//1064 
f 1061//1064 1060//979 1062//981 
f 977//862 983//870 1063//980 
f 1061//1064 1062//981 1064//983 
f 978//863 977//862 1063//984 
f 1061//1064 1064//983 1065//985 
f 979//865 978//863 1066//986 
f 1067//987 1068//988 1065//985 
f 980//867 979//865 1066//989 
f 1069//990 1068//991 1067//987 
f 981//868 980//867 1066//992 
f 1070//993 1071//994 1069//990 
f 982//869 981//868 1066//992 
f 982//869 1066//992 1038//947 
f 1038//947 1072//995 1040//949 
f 1040//949 1072//995 1042//951 
f 1042//951 1073//996 1043//953 
f 1073//997 1044//955 1043//953 
f 1024//925 1071//994 1070//993 
f 1024//925 1022//923 1071//994 
f 1022//923 1019//919 1074//998 
f 1019//919 1018//917 1074//999 
f 1018//917 1017//916 1074//1000 
f 1017//916 1015//914 1075//1001 
f 1015//914 1014//913 1075//1002 
f 1073//1003 1046//958 1044//955 
f 1014//913 1012//911 1073//1003 
f 1073//1003 1048//961 1046//958 
f 1012//911 1048//961 1073//1003 
f 1012//911 1013//912 1048//961 
f 988//879 967//851 1076//1004 
f 988//879 1076//1004 1077//1005 
f 987//877 988//879 1077//1005 
f 1077//1005 1076//1004 1078//1006 
f 986//875 987//877 1077//1007 
f 1077//1008 1078//1006 1079//1009 
f 985//874 986//875 1077//1007 
f 985//874 1077//1007 1060//979 
f 1080//1010 1079//1009 1081//1011 
f 1060//979 1082//1012 1062//981 
f 1083//1013 1080//1014 1081//1011 
f 1062//981 1082//1012 1064//983 
f 1084//1015 1085//1016 1083//1013 
f 1064//983 1086//1017 1065//985 
f 1087//1018 1085//1019 1084//1015 
f 1086//1020 1067//987 1065//985 
f 1032//937 1088//1021 1087//1018 
f 1032//937 1028//931 1088//1021 
f 1086//1022 1069//990 1067//987 
f 1028//931 1027//929 1088//1023 
f 1088//1023 1070//993 1069//990 
f 1027//929 1025//926 1088//1023 
f 1025//926 1070//993 1088//1023 
f 1025//926 1024//925 1070//993 
f 970//855 972//857 1089//1024 
f 970//855 1089//1024 1090//1025 
f 969//854 970//855 1090//1025 
f 1090//1025 1089//1024 1091//1026 
f 968//852 969//854 1090//1027 
f 1090//1025 1091//1026 1092//1028 
f 967//851 968//852 1090//1029 
f 967//851 1090//1029 1076//1004 
f 1093//1030 1092//1028 1094//1031 
f 1076//1004 1090//1032 1078//1006 
f 1095//1033 1093//1034 1094//1031 
f 1078//1006 1096//1035 1079//1009 
f 1097//1036 1093//1037 1095//1033 
f 1079//1009 1096//1038 1081//1011 
f 1098//1039 1099//1043 1097//1036 
f 1096//1041 1083//1013 1081//1011 
f 1034//939 1099//1043 1098//1039 
f 1034//939 1033//938 1099//1043 
f 1099//1042 1084//1015 1083//1013 
f 1033//938 1036//942 1099//1043 
f 1099//1044 1087//1018 1084//1015 
f 1036//942 1037//943 1099//1044 
f 1037//943 1087//1018 1099//1044 
f 1037//943 1032//937 1087//1018 
f 949//824 948//823 1050//963 
f 949//824 1050//963 1100//1045 
f 951//827 949//824 1100//1045 
f 1100//1045 1050//963 1051//965 
f 953//831 951//827 1100//1046 
f 1100//1045 1051//965 1052//966 
f 955//835 953//831 1100//1047 
f 1101//1048 1052//966 1054//968 
f 958//839 955//835 1102//1049 
f 1055//970 1101//1050 1054//968 
f 961//843 958//839 1102//1051 
f 1058//977 1101//1052 1055//970 
f 971//856 961//843 1103//1053 
f 1059//978 1104//1054 1058//977 
f 972//857 971//856 1103//1053 
f 972//857 1103//1053 1089//1024 
f 1089//1024 1103//1055 1091//1026 
f 1091//1026 1103//1055 1092//1028 
f 1092//1028 1105//1056 1094//1031 
f 1105//1057 1095//1033 1094//1031 
f 996//890 1104//1054 1059//978 
f 996//890 994//887 1104//1054 
f 994//887 995//889 1106//1058 
f 995//889 999//893 1106//1059 
f 999//893 1002//896 1106//1060 
f 1002//896 1004//900 1107//1061 
f 1004//900 1008//904 1107//1062 
f 1105//1063 1097//1036 1095//1033 
f 1008//904 1035//940 1105//1063 
f 1105//1063 1098//1039 1097//1036 
f 1035//940 1098//1039 1105//1063 
f 1035//940 1034//939 1098//1039 
f 1108//811 1109//812 1110//813 
f 1111//814 1109//812 1108//811 
f 1108//811 1110//813 1112//815 
f 1109//812 1113//816 1110//813 
f 1114//817 1112//815 1110//813 
f 1111//818 1115//819 1109//812 
f 1109//812 1115//819 1113//816 
f 1116//820 1111//828 1117//822 
f 1118//823 1111//828 1116//820 
f 1118//823 1119//824 1111//828 
f 1117//822 1112//825 1120//826 
f 1119//824 1121//827 1111//828 
f 1120//826 1112//829 1122//830 
f 1121//827 1123//831 1111//832 
f 1112//833 1124//834 1122//830 
f 1123//831 1125//835 1126//836 
f 1112//837 1127//838 1124//834 
f 1125//835 1128//839 1126//840 
f 1129//841 1130//842 1127//838 
f 1128//839 1131//843 1126//844 
f 1115//819 1126//845 1132//846 
f 1115//819 1132//846 1113//816 
f 1126//845 1133//847 1132//846 
f 1126//848 1134//849 1133//847 
f 1135//850 1136//851 1134//849 
f 1135//850 1137//852 1136//851 
f 1135//853 1138//854 1137//852 
f 1135//853 1139//855 1138//854 
f 1131//843 1140//856 1135//853 
f 1140//856 1139//855 1135//853 
f 1140//856 1141//857 1139//855 
f 1142//858 1110//813 1113//816 
f 1143//859 1142//858 1113//816 
f 1144//860 1142//858 1143//859 
f 1145//861 1114//817 1142//858 
f 1142//858 1114//817 1110//813 
f 1146//862 1147//863 1145//864 
f 1147//863 1148//865 1145//866 
f 1148//865 1149//867 1129//841 
f 1149//867 1150//868 1129//841 
f 1150//868 1130//842 1129//841 
f 1150//868 1151//869 1130//842 
f 1152//870 1146//862 1145//871 
f 1153//872 1152//870 1144//873 
f 1154//874 1153//872 1144//873 
f 1154//874 1144//873 1155//875 
f 1155//875 1144//873 1156//877 
f 1156//877 1144//878 1157//879 
f 1144//880 1143//859 1132//846 
f 1143//859 1113//816 1132//846 
f 1144//880 1132//846 1133//847 
f 1144//878 1133//847 1134//849 
f 1157//879 1144//878 1134//849 
f 1157//879 1134//849 1136//851 
f 1158//881 1159//882 1160//883 
f 1161//884 1158//881 1160//883 
f 1161//885 1162//886 1158//881 
f 1158//881 1162//886 1159//882 
f 1163//887 1161//888 1164//889 
f 1165//890 1161//888 1163//887 
f 1165//890 1166//891 1161//888 
f 1164//889 1167//892 1168//893 
f 1166//891 1169//894 1161//888 
f 1168//893 1170//895 1171//896 
f 1169//894 1172//897 1161//898 
f 1170//899 1173//900 1171//896 
f 1172//897 1174//901 1175//902 
f 1176//903 1177//904 1173//900 
f 1174//901 1178//905 1175//906 
f 1178//905 1179//907 1175//908 
f 1179//907 1180//909 1175//910 
f 1180//909 1181//911 1175//910 
f 1180//909 1182//912 1181//911 
f 1175//910 1181//911 1183//913 
f 1175//910 1183//913 1184//914 
f 1185//915 1184//914 1186//916 
f 1187//917 1185//918 1186//916 
f 1188//919 1185//920 1187//917 
f 1162//886 1189//921 1190//922 
f 1162//886 1190//922 1159//882 
f 1191//923 1192//924 1188//919 
f 1193//925 1192//924 1191//923 
f 1193//925 1194//926 1192//924 
f 1192//927 1195//928 1190//922 
f 1195//928 1159//882 1190//922 
f 1194//926 1196//929 1192//924 
f 1196//929 1197//931 1192//932 
f 1192//933 1198//934 1195//928 
f 1195//928 1198//934 1159//882 
f 1192//933 1199//935 1198//934 
f 1192//932 1200//936 1199//935 
f 1197//931 1200//936 1192//932 
f 1197//931 1201//937 1200//936 
f 1202//938 1203//939 1204//940 
f 1202//938 1204//940 1176//903 
f 1176//903 1204//940 1177//904 
f 1205//942 1202//938 1176//903 
f 1206//943 1205//942 1176//941 
f 1201//937 1206//943 1176//944 
f 1201//937 1176//944 1200//936 
f 1200//936 1167//945 1199//935 
f 1199//935 1167//946 1198//934 
f 1198//934 1167//946 1160//883 
f 1198//934 1160//883 1159//882 
f 1130//842 1151//869 1207//947 
f 1130//842 1207//947 1208//948 
f 1127//838 1130//842 1208//948 
f 1208//948 1207//947 1209//949 
f 1124//834 1127//838 1210//950 
f 1208//948 1209//949 1211//951 
f 1122//830 1124//834 1210//952 
f 1208//948 1211//951 1212//953 
f 1120//826 1122//830 1210//954 
f 1213//955 1214//956 1212//953 
f 1117//822 1120//826 1210//957 
f 1215//958 1214//959 1213//955 
f 1116//820 1117//822 1216//960 
f 1217//961 1218//962 1215//958 
f 1118//823 1116//820 1216//960 
f 1118//823 1216//960 1219//963 
f 1219//963 1216//964 1220//965 
f 1220//965 1216//964 1221//966 
f 1221//966 1222//967 1223//968 
f 1222//969 1224//970 1223//968 
f 1182//912 1218//962 1217//961 
f 1182//912 1180//909 1218//962 
f 1180//909 1179//907 1225//971 
f 1179//907 1178//905 1225//972 
f 1178//905 1174//901 1225//973 
f 1174//901 1172//897 1226//974 
f 1172//897 1169//894 1226//975 
f 1222//976 1227//977 1224//970 
f 1169//894 1166//891 1222//976 
f 1222//976 1228//978 1227//977 
f 1166//891 1228//978 1222//976 
f 1166//891 1165//890 1228//978 
f 1153//872 1154//874 1229//979 
f 1153//872 1229//979 1230//1064 
f 1152//870 1153//872 1230//1064 
f 1230//1064 1229//979 1231//981 
f 1146//862 1152//870 1232//980 
f 1230//1064 1231//981 1233//983 
f 1147//863 1146//862 1232//984 
f 1230//1064 1233//983 1234//985 
f 1148//865 1147//863 1235//986 
f 1236//987 1237//988 1234//985 
f 1149//867 1148//865 1235//989 
f 1238//990 1237//991 1236//987 
f 1150//868 1149//867 1235//992 
f 1239//993 1240//994 1238//990 
f 1151//869 1150//868 1235//992 
f 1151//869 1235//992 1207//947 
f 1207//947 1241//995 1209//949 
f 1209//949 1241//995 1211//951 
f 1211//951 1242//996 1212//953 
f 1242//997 1213//955 1212//953 
f 1193//925 1240//994 1239//993 
f 1193//925 1191//923 1240//994 
f 1191//923 1188//919 1243//998 
f 1188//919 1187//917 1243//999 
f 1187//917 1186//916 1243//1000 
f 1186//916 1184//914 1244//1001 
f 1184//914 1183//913 1244//1002 
f 1242//1003 1215//958 1213//955 
f 1183//913 1181//911 1242//1003 
f 1242//1003 1217//961 1215//958 
f 1181//911 1217//961 1242//1003 
f 1181//911 1182//912 1217//961 
f 1157//879 1136//851 1245//1004 
f 1157//879 1245//1004 1246//1005 
f 1156//877 1157//879 1246//1005 
f 1246//1005 1245//1004 1247//1006 
f 1155//875 1156//877 1246//1007 
f 1246//1008 1247//1006 1248//1009 
f 1154//874 1155//875 1246//1007 
f 1154//874 1246//1007 1229//979 
f 1249//1010 1248//1009 1250//1011 
f 1229//979 1251//1012 1231//981 
f 1252//1013 1249//1014 1250//1011 
f 1231//981 1251//1012 1233//983 
f 1253//1015 1254//1016 1252//1013 
f 1233//983 1255//1017 1234//985 
f 1256//1018 1254//1019 1253//1015 
f 1255//1020 1236//987 1234//985 
f 1201//937 1257//1021 1256//1018 
f 1201//937 1197//931 1257//1021 
f 1255//1022 1238//990 1236//987 
f 1197//931 1196//929 1257//1023 
f 1257//1023 1239//993 1238//990 
f 1196//929 1194//926 1257//1023 
f 1194//926 1239//993 1257//1023 
f 1194//926 1193//925 1239//993 
f 1139//855 1141//857 1258//1024 
f 1139//855 1258//1024 1259//1027 
f 1138//854 1139//855 1259//1027 
f 1259//1027 1258//1024 1260//1026 
f 1137//852 1138//854 1259//1027 
f 1261//1030 1260//1026 1262//1028 
f 1136//851 1137//852 1259//1029 
f 1136//851 1259//1029 1245//1004 
f 1261//1030 1262//1028 1263//1031 
f 1245//1004 1259//1032 1247//1006 
f 1264//1033 1261//1034 1263//1031 
f 1247//1006 1265//1035 1248//1009 
f 1266//1036 1261//1037 1264//1033 
f 1248//1009 1265//1038 1250//1011 
f 1267//1039 1268//1043 1266//1036 
f 1265//1041 1252//1013 1250//1011 
f 1203//939 1268//1043 1267//1039 
f 1203//939 1202//938 1268//1043 
f 1268//1042 1253//1015 1252//1013 
f 1202//938 1205//942 1268//1043 
f 1268//1044 1256//1018 1253//1015 
f 1205//942 1206//943 1268//1044 
f 1206//943 1256//1018 1268//1044 
f 1206//943 1201//937 1256//1018 
f 1119//824 1118//823 1219//963 
f 1119//824 1219//963 1269//1045 
f 1121//827 1119//824 1269//1045 
f 1269//1045 1219//963 1220//965 
f 1123//831 1121//827 1269//1046 
f 1269//1045 1220//965 1221//966 
f 1125//835 1123//831 1269//1047 
f 1270//1048 1221//966 1223//968 
f 1128//839 1125//835 1271//1049 
f 1224//970 1270//1050 1223//968 
f 1131//843 1128//839 1271//1051 
f 1227//977 1270//1052 1224//970 
f 1140//856 1131//843 1272//1053 
f 1228//978 1273//1054 1227//977 
f 1141//857 1140//856 1272//1053 
f 1141//857 1272//1053 1258//1024 
f 1258//1024 1272//1055 1260//1026 
f 1260//1026 1272//1055 1262//1028 
f 1262//1028 1274//1056 1263//1031 
f 1274//1057 1264//1033 1263//1031 
f 1165//890 1273//1054 1228//978 
f 1165//890 1163//887 1273//1054 
f 1163//887 1164//889 1275//1058 
f 1164//889 1168//893 1275//1059 
f 1168//893 1171//896 1275//1060 
f 1171//896 1173//900 1276//1061 
f 1173//900 1177//904 1276//1062 
f 1274//1063 1266//1036 1264//1033 
f 1177//904 1204//940 1274//1063 
f 1274//1063 1267//1039 1266//1036 
f 1204//940 1267//1039 1274//1063 
f 1204//940 1203//939 1267//1039 
f 1277//811 1278//812 1279//813 
f 1280//814 1278//812 1277//811 
f 1277//811 1279//813 1281//815 
f 1278//812 1282//816 1279//813 
f 1283//817 1281//815 1279//813 
f 1280//818 1284//819 1278//812 
f 1278//812 1284//819 1282//816 
f 1285//820 1280//828 1286//822 
f 1287//823 1280//828 1285//820 
f 1287//823 1288//824 1280//828 
f 1286//822 1281//825 1289//826 
f 1288//824 1290//827 1280//828 
f 1289//826 1281//829 1291//830 
f 1290//827 1292//831 1280//832 
f 1281//833 1293//834 1291//830 
f 1292//831 1294//835 1295//836 
f 1281//837 1296//838 1293//834 
f 1294//835 1297//839 1295//840 
f 1298//841 1299//842 1296//838 
f 1297//839 1300//843 1295//844 
f 1284//819 1295//845 1301//846 
f 1284//819 1301//846 1282//816 
f 1295//845 1302//847 1301//846 
f 1295//848 1303//849 1302//847 
f 1304//850 1305//851 1303//849 
f 1304//850 1306//852 1305//851 
f 1304//853 1307//854 1306//852 
f 1304//853 1308//855 1307//854 
f 1300//843 1309//856 1304//853 
f 1309//856 1308//855 1304//853 
f 1309//856 1310//857 1308//855 
f 1311//858 1279//813 1282//816 
f 1312//859 1311//858 1282//816 
f 1313//860 1311//858 1312//859 
f 1314//861 1283//817 1311//858 
f 1311//858 1283//817 1279//813 
f 1315//862 1316//863 1314//864 
f 1316//863 1317//865 1314//866 
f 1317//865 1318//867 1298//841 
f 1318//867 1319//868 1298//841 
f 1319//868 1299//842 1298//841 
f 1319//868 1320//869 1299//842 
f 1321//870 1315//862 1314//871 
f 1322//872 1321//870 1313//873 
f 1323//874 1322//872 1313//873 
f 1323//874 1313//873 1324//875 
f 1324//875 1313//873 1325//877 
f 1325//877 1313//878 1326//879 
f 1313//880 1312//859 1301//846 
f 1312//859 1282//816 1301//846 
f 1313//880 1301//846 1302//847 
f 1313//878 1302//847 1303//849 
f 1326//879 1313//878 1303//849 
f 1326//879 1303//849 1305//851 
f 1327//881 1328//882 1329//883 
f 1330//884 1327//881 1329//883 
f 1330//885 1331//886 1327//881 
f 1327//881 1331//886 1328//882 
f 1332//887 1330//888 1333//889 
f 1334//890 1330//888 1332//887 
f 1334//890 1335//891 1330//888 
f 1333//889 1336//892 1337//893 
f 1335//891 1338//894 1330//888 
f 1337//893 1339//895 1340//896 
f 1338//894 1341//897 1330//898 
f 1339//899 1342//900 1340//896 
f 1341//897 1343//901 1344//902 
f 1345//903 1346//904 1342//900 
f 1343//901 1347//905 1344//906 
f 1347//905 1348//907 1344//908 
f 1348//907 1349//909 1344//910 
f 1349//909 1350//911 1344//910 
f 1349//909 1351//912 1350//911 
f 1344//910 1350//911 1352//913 
f 1344//910 1352//913 1353//914 
f 1354//915 1353//914 1355//916 
f 1356//917 1354//918 1355//916 
f 1357//919 1354//920 1356//917 
f 1331//886 1358//921 1359//922 
f 1331//886 1359//922 1328//882 
f 1360//923 1361//924 1357//919 
f 1362//925 1361//924 1360//923 
f 1362//925 1363//926 1361//924 
f 1361//927 1364//928 1359//922 
f 1364//928 1328//882 1359//922 
f 1363//926 1365//929 1361//924 
f 1365//929 1366//931 1361//932 
f 1361//933 1367//934 1364//928 
f 1364//928 1367//934 1328//882 
f 1361//933 1368//935 1367//934 
f 1361//932 1369//936 1368//935 
f 1366//931 1369//936 1361//932 
f 1366//931 1370//937 1369//936 
f 1371//938 1372//939 1373//940 
f 1371//938 1373//940 1345//903 
f 1345//903 1373//940 1346//904 
f 1374//942 1371//938 1345//903 
f 1375//943 1374//942 1345//941 
f 1370//937 1375//943 1345//944 
f 1370//937 1345//944 1369//936 
f 1369//936 1336//945 1368//935 
f 1368//935 1336//946 1367//934 
f 1367//934 1336//946 1329//883 
f 1367//934 1329//883 1328//882 
f 1299//842 1320//869 1376//947 
f 1299//842 1376//947 1377//948 
f 1296//838 1299//842 1377//948 
f 1377//948 1376//947 1378//949 
f 1293//834 1296//838 1379//950 
f 1377//948 1378//949 1380//951 
f 1291//830 1293//834 1379//952 
f 1377//948 1380//951 1381//953 
f 1289//826 1291//830 1379//954 
f 1382//955 1383//956 1381//953 
f 1286//822 1289//826 1379//957 
f 1384//958 1383//959 1382//955 
f 1285//820 1286//822 1385//960 
f 1386//961 1387//962 1384//958 
f 1287//823 1285//820 1385//960 
f 1287//823 1385//960 1388//963 
f 1388//963 1385//964 1389//965 
f 1389//965 1385//964 1390//966 
f 1390//966 1391//967 1392//968 
f 1391//969 1393//970 1392//968 
f 1351//912 1387//962 1386//961 
f 1351//912 1349//909 1387//962 
f 1349//909 1348//907 1394//971 
f 1348//907 1347//905 1394//972 
f 1347//905 1343//901 1394//973 
f 1343//901 1341//897 1395//974 
f 1341//897 1338//894 1395//975 
f 1391//976 1396//977 1393//970 
f 1338//894 1335//891 1391//976 
f 1391//976 1397//978 1396//977 
f 1335//891 1397//978 1391//976 
f 1335//891 1334//890 1397//978 
f 1322//872 1323//874 1398//979 
f 1322//872 1398//979 1399//1064 
f 1321//870 1322//872 1399//1064 
f 1399//1064 1398//979 1400//981 
f 1315//862 1321//870 1401//980 
f 1399//1064 1400//981 1402//983 
f 1316//863 1315//862 1401//984 
f 1399//1064 1402//983 1403//985 
f 1317//865 1316//863 1404//986 
f 1405//987 1406//988 1403//985 
f 1318//867 1317//865 1404//989 
f 1407//990 1406//991 1405//987 
f 1319//868 1318//867 1404//992 
f 1408//993 1409//994 1407//990 
f 1320//869 1319//868 1404//992 
f 1320//869 1404//992 1376//947 
f 1376//947 1410//995 1378//949 
f 1378//949 1410//995 1380//951 
f 1380//951 1411//996 1381//953 
f 1411//997 1382//955 1381//953 
f 1362//925 1409//994 1408//993 
f 1362//925 1360//923 1409//994 
f 1360//923 1357//919 1412//998 
f 1357//919 1356//917 1412//999 
f 1356//917 1355//916 1412//1000 
f 1355//916 1353//914 1413//1001 
f 1353//914 1352//913 1413//1002 
f 1411//1003 1384//958 1382//955 
f 1352//913 1350//911 1411//1003 
f 1411//1003 1386//961 1384//958 
f 1350//911 1386//961 1411//1003 
f 1350//911 1351//912 1386//961 
f 1326//879 1305//851 1414//1004 
f 1326//879 1414//1004 1415//1005 
f 1325//877 1326//879 1415//1005 
f 1415//1005 1414//1004 1416//1006 
f 1324//875 1325//877 1415//1007 
f 1415//1008 1416//1006 1417//1009 
f 1323//874 1324//875 1415//1007 
f 1323//874 1415//1007 1398//979 
f 1418//1010 1417//1009 1419//1011 
f 1398//979 1420//1012 1400//981 
f 1421//1013 1418//1014 1419//1011 
f 1400//981 1420//1012 1402//983 
f 1422//1015 1423//1016 1421//1013 
f 1402//983 1424//1017 1403//985 
f 1425//1018 1423//1019 1422//1015 
f 1424//1020 1405//987 1403//985 
f 1370//937 1426//1021 1425//1018 
f 1370//937 1366//931 1426//1021 
f 1424//1022 1407//990 1405//987 
f 1366//931 1365//929 1426//1023 
f 1426//1023 1408//993 1407//990 
f 1365//929 1363//926 1426//1023 
f 1363//926 1408//993 1426//1023 
f 1363//926 1362//925 1408//993 
f 1308//855 1310//857 1427//1024 
f 1308//855 1427//1024 1428//1025 
f 1307//854 1308//855 1428//1025 
f 1428//1025 1427//1024 1429//1026 
f 1306//852 1307//854 1428//1027 
f 1428//1025 1429//1026 1430//1028 
f 1305//851 1306//852 1428//1029 
f 1305//851 1428//1029 1414//1004 
f 1431//1030 1430//1028 1432//1031 
f 1414//1004 1428//1032 1416//1006 
f 1433//1033 1431//1034 1432//1031 
f 1416//1006 1434//1035 1417//1009 
f 1435//1036 1431//1037 1433//1033 
f 1417//1009 1434//1038 1419//1011 
f 1436//1039 1437//1043 1435//1036 
f 1434//1041 1421//1013 1419//1011 
f 1372//939 1437//1043 1436//1039 
f 1372//939 1371//938 1437//1043 
f 1437//1042 1422//1015 1421//1013 
f 1371//938 1374//942 1437//1043 
f 1437//1044 1425//1018 1422//1015 
f 1374//942 1375//943 1437//1044 
f 1375//943 1425//1018 1437//1044 
f 1375//943 1370//937 1425//1018 
f 1288//824 1287//823 1388//963 
f 1288//824 1388//963 1438//1045 
f 1290//827 1288//824 1438//1045 
f 1438//1045 1388//963 1389//965 
f 1292//831 1290//827 1438//1046 
f 1438//1045 1389//965 1390//966 
f 1294//835 1292//831 1438//1047 
f 1439//1048 1390//966 1392//968 
f 1297//839 1294//835 1440//1049 
f 1393//970 1439//1050 1392//968 
f 1300//843 1297//839 1440//1051 
f 1396//977 1439//1052 1393//970 
f 1309//856 1300//843 1441//1053 
f 1397//978 1442//1054 1396//977 
f 1310//857 1309//856 1441//1053 
f 1310//857 1441//1053 1427//1024 
f 1427//1024 1441//1055 1429//1026 
f 1429//1026 1441//1055 1430//1028 
f 1430//1028 1443//1056 1432//1031 
f 1443//1057 1433//1033 1432//1031 
f 1334//890 1442//1054 1397//978 
f 1334//890 1332//887 1442//1054 
f 1332//887 1333//889 1444//1058 
f 1333//889 1337//893 1444//1059 
f 1337//893 1340//896 1444//1060 
f 1340//896 1342//900 1445//1061 
f 1342//900 1346//904 1445//1062 
f 1443//1063 1435//1036 1433//1033 
f 1346//904 1373//940 1443//1063 
f 1443//1063 1436//1039 1435//1036 
f 1373//940 1436//1039 1443//1063 
f 1373//940 1372//939 1436//1039 
f 438//841 436//838 432//837 
f 438//1065 419//1066 421//817 
f 476//889 475//888 479//892 
f 472//884 471//883 520//1067 
f 619//1065 602//1066 604//817 
f 619//841 617//838 602//837 
f 789//841 787//838 772//837 
f 789//1065 772//1066 774//817 
f 1129//1065 1112//1066 1114//817 
f 1129//841 1127//838 1112//837 
f 959//841 957//838 942//837 
f 959//1065 942//1066 944//817 
f 1298//841 1296//838 1281//837 
f 1298//1065 1281//1066 1283//817 
f 995//889 992//888 998//892 
f 992//884 991//883 998//1067 
f 1172//897 1175//902 1161//898 
f 1161//885 1189//1068 1162//886 
f 652//884 651//883 697//1067 
f 655//889 652//888 658//892 
f 1341//897 1344//902 1330//898 
f 1330//885 1358//1068 1331//886 
f 833//897 836//902 822//898 
f 822//885 850//1068 823//886 
f 500//921 496//1069 501//922 
f 491//910 495//914 496//915 
f 431//831 435//836 429//832 
f 418//818 441//1070 422//819 
f 1020//921 1016//1069 1021//922 
f 1006//910 1015//914 1016//915 
f 665//910 673//914 674//915 
f 678//921 674//1069 679//922 
f 783//831 786//836 771//832 
f 771//818 786//1070 775//819 
f 613//831 616//836 601//832 
f 601//818 616//1070 605//819 
f 1292//831 1295//836 1280//832 
f 1280//818 1295//1070 1284//819 
f 953//831 956//836 941//832 
f 941//818 956//1070 945//819 
f 1123//831 1126//836 1111//832 
f 1111//818 1126//1070 1115//819 
f 1175//910 1184//914 1185//915 
f 1189//921 1185//1069 1190//922 
f 1358//921 1354//1069 1359//922 
f 1344//910 1353//914 1354//915 
f 850//921 846//1069 851//922 
f 836//910 845//914 846//915 
f 483//897 486//902 475//898 
f 472//885 500//1068 473//886 
f 454//860 455//861 452//858 
f 462//870 455//871 454//873 
f 418//821 415//811 419//825 
f 424//822 418//821 419//825 
f 662//897 665//902 652//898 
f 652//885 678//1068 653//886 
f 1003//897 1006//902 992//898 
f 992//885 1020//1068 993//886 
f 975//860 976//861 973//858 
f 983//870 976//871 975//873 
f 1144//860 1145//861 1142//858 
f 1152//870 1145//871 1144//873 
f 1313//860 1314//861 1311//858 
f 1321//870 1314//871 1313//873 
f 635//860 636//861 633//858 
f 643//870 636//871 635//873 
f 805//860 806//861 803//858 
f 813//870 806//871 805//873 
f 941//828 938//811 942//825 
f 947//822 941//828 942//825 
f 607//822 601//828 602//825 
f 601//828 598//811 602//825 
f 1117//822 1111//828 1112//825 
f 1111//828 1108//811 1112//825 
f 1280//828 1277//811 1281//825 
f 1286//822 1280//828 1281//825 
f 771//828 768//811 772//825 
f 777//822 771//828 772//825 
f 1164//889 1161//888 1167//892 
f 1161//884 1160//883 1167//1067 
f 1333//889 1330//888 1336//892 
f 1330//884 1329//883 1336//1067 
f 825//889 822//888 828//892 
f 822//884 821//883 828//1067 
f 1247//1006 1259//1032 1265//1035 
f 1266//1036 1268//1043 1261//1037 
f 525//951 558//995 559//996 
f 554//990 557//994 553//991 
f 578//1028 594//1055 595//1056 
f 543//977 593//1054 590//1052 
f 537//966 535//964 538//967 
f 522//948 526//953 529//956 
f 702//951 732//995 733//996 
f 728//990 731//994 727//991 
f 872//951 902//995 903//996 
f 898//990 901//994 897//991 
f 1092//1028 1103//1055 1105//1056 
f 1058//977 1104//1054 1101//1052 
f 752//1028 763//1055 765//1056 
f 718//977 764//1054 761//1052 
f 922//1028 933//1055 935//1056 
f 888//977 934//1054 931//1052 
f 1262//1028 1272//1055 1274//1056 
f 1227//977 1273//1054 1270//1052 
f 1430//1028 1441//1055 1443//1056 
f 1396//977 1442//1054 1439//1052 
f 593//1071 1446//1072 590//1073 
f 434//835 589//1047 591//1049 
f 712//966 707//964 713//967 
f 699//948 703//953 705//956 
f 1221//966 1216//964 1222//967 
f 1208//948 1212//953 1214//956 
f 1390//966 1385//964 1391//967 
f 1377//948 1381//953 1383//956 
f 1052//966 1047//960 1053//967 
f 1039//948 1043//953 1045//956 
f 882//966 877//964 883//967 
f 869//948 873//953 875//956 
f 1042//951 1072//995 1073//996 
f 1061//1064 1065//985 1068//988 
f 1211//951 1241//995 1242//996 
f 1230//1064 1234//985 1237//988 
f 1380//951 1410//995 1411//996 
f 1399//1064 1403//985 1406//988 
f 548//982 551//985 553//988 
f 459//867 550//989 555//992 
f 1447//1074 1448//1075 1449//1076 
f 485//901 542//974 541//973 
f 482//896 597//1061 596//1060 
f 596//1077 597//1078 1450//1079 
f 934//1071 1451//1072 931//1073 
f 785//835 930//1047 932//1049 
f 1273//1071 1452//1072 1270//1073 
f 1125//835 1269//1047 1271//1049 
f 1104//1071 1453//1072 1101//1073 
f 955//835 1100//1047 1102//1049 
f 764//1071 1454//1072 761//1073 
f 615//835 760//1047 762//1049 
f 1442//1071 1455//1072 1439//1073 
f 1294//835 1438//1047 1440//1049 
f 424//822 527//957 531//960 
f 1449//1080 522//1081 529//1082 
f 569//1013 571//1016 566//1014 
f 574//1023 554//990 572//1022 
f 497//916 561//1001 560//1000 
f 560//1083 1456//1084 1457//1085 
f 1242//1084 1241//1086 1458//1087 
f 1186//916 1244//1001 1243//1000 
f 1073//1084 1072//1086 1459//1087 
f 1017//916 1075//1001 1074//1000 
f 1411//1084 1410//1086 1460//1087 
f 1355//916 1413//1001 1412//1000 
f 810//867 894//989 899//992 
f 891//982 895//985 897//988 
f 721//982 725//985 727//988 
f 640//867 724//989 729//992 
f 583//1036 586//1040 579//1037 
f 565//1009 581//1035 584//1038 
f 1343//901 1395//974 1394//973 
f 1461//1074 1462//1075 1463//1076 
f 1464//1074 1465//1075 1466//1076 
f 1174//901 1226//974 1225//973 
f 1467//1074 1468//1075 1469//1076 
f 664//901 717//974 716//973 
f 835//901 887//974 886//973 
f 1470//1074 1471//1075 1472//1076 
f 1473//1074 1474//1075 1475//1076 
f 1005//901 1057//974 1056//973 
f 1002//896 1107//1061 1106//1060 
f 1106//1077 1107//1078 1476//1079 
f 1275//1077 1276//1078 1477//1079 
f 1171//896 1276//1061 1275//1060 
f 1340//896 1445//1061 1444//1060 
f 1444//1077 1445//1078 1478//1079 
f 766//1077 767//1078 1479//1079 
f 661//896 767//1061 766//1060 
f 832//896 937//1061 936//1060 
f 936//1077 937//1078 1480//1079 
f 1456//1084 558//1086 1481//1087 
f 555//1088 1482//1089 1481//1090 
f 1286//822 1379//957 1385//960 
f 1463//1080 1377//1081 1383//1082 
f 1117//822 1210//957 1216//960 
f 1466//1080 1208//1081 1214//1082 
f 607//822 701//957 707//960 
f 1469//1080 699//1081 705//1082 
f 777//822 871//957 877//960 
f 1472//1080 869//1081 875//1082 
f 947//822 1041//957 1047//960 
f 1475//1080 1039//1081 1045//1082 
f 1483//1091 591//1092 1484//1093 
f 440//843 591//1051 592//1053 
f 1316//863 1401//984 1404//986 
f 1404//1088 1401//1089 1460//1090 
f 1235//1088 1232//1089 1458//1090 
f 1147//863 1232//984 1235//986 
f 1066//1088 1063//1089 1459//1090 
f 978//863 1063//984 1066//986 
f 1257//1023 1238//990 1255//1022 
f 1252//1013 1254//1016 1249//1014 
f 748//1023 728//990 746//1022 
f 743//1013 745//1016 740//1014 
f 1083//1013 1085//1016 1080//1014 
f 1088//1023 1069//990 1086//1022 
f 1421//1013 1423//1016 1418//1014 
f 1426//1023 1407//990 1424//1022 
f 913//1013 915//1016 910//1014 
f 918//1023 898//990 916//1022 
f 675//916 735//1001 734//1000 
f 734//1083 733//1084 1485//1085 
f 847//916 905//1001 904//1000 
f 904//1083 903//1084 1486//1085 
f 1097//1036 1099//1043 1093//1037 
f 1099//1042 1083//1013 1096//1041 
f 1437//1042 1421//1013 1434//1041 
f 1435//1036 1437//1043 1431//1037 
f 756//1036 759//1043 753//1037 
f 739//1009 753//1035 757//1038 
f 909//1009 923//1035 927//1038 
f 926//1036 929//1043 923//1037 
f 1238//990 1240//994 1237//991 
f 1243//1083 1242//1084 1458//1085 
f 1069//990 1071//994 1068//991 
f 1074//1083 1073//1084 1459//1085 
f 1407//990 1409//994 1406//991 
f 1412//1083 1411//1084 1460//1085 
f 545//979 563//1007 568//1012 
f 571//1016 568//1094 566//1014 
f 903//1084 902//1086 1486//1087 
f 899//1088 1487//1089 1486//1090 
f 733//1084 732//1086 1485//1087 
f 729//1088 1488//1089 1485//1090 
f 541//1095 1448//1075 1447//1074 
f 490//909 541//971 533//962 
f 791//843 932//1051 933//1053 
f 1480//1091 932//1092 1489//1093 
f 621//843 762//1051 763//1053 
f 1479//1091 762//1092 1490//1093 
f 1476//1091 1102//1092 1491//1093 
f 961//843 1102//1051 1103//1053 
f 1131//843 1271//1051 1272//1053 
f 1477//1091 1271//1092 1492//1093 
f 1300//843 1440//1051 1441//1053 
f 1478//1091 1440//1092 1493//1093 
f 535//964 1448//1096 538//967 
f 541//1095 542//1097 1448//1075 
f 592//1098 591//1092 1483//1091 
f 594//1055 1450//1099 595//1056 
f 1494//1100 553//1101 1481//1102 
f 557//1103 1457//1104 553//1105 
f 503//927 501//922 496//1069 
f 499//919 503//924 496//920 
f 1416//1006 1428//1032 1434//1035 
f 1428//1025 1430//1028 1431//1030 
f 1078//1006 1090//1032 1096//1035 
f 1090//1025 1092//1028 1093//1030 
f 530//958 533//962 529//959 
f 1449//1080 529//1082 1447//1106 
f 596//1077 1450//1079 1484//1107 
f 474//887 596//1058 593//1054 
f 1446//1108 588//1109 590//1073 
f 588//1045 537//966 590//1048 
f 456//862 546//980 550//984 
f 1494//1110 548//982 553//988 
f 745//1016 742//1094 740//1014 
f 720//979 737//1007 742//1012 
f 1254//1016 1251//1094 1249//1014 
f 1229//979 1246//1007 1251//1012 
f 915//1016 912//1094 910//1014 
f 890//979 907//1007 912//1012 
f 1423//1016 1420//1094 1418//1014 
f 1398//979 1415//1007 1420//1012 
f 1060//979 1077//1007 1082//1012 
f 1085//1016 1082//1094 1080//1014 
f 527//1111 522//1081 1449//1080 
f 436//838 522//948 524//950 
f 511//935 517//945 520//946 
f 517//941 487//904 479//903 
f 1056//1095 1474//1075 1473//1074 
f 1011//909 1056//971 1049//962 
f 886//1095 1471//1075 1470//1074 
f 841//909 886//971 879//962 
f 1180//909 1225//971 1218//962 
f 1225//1095 1465//1075 1464//1074 
f 1394//1095 1462//1075 1461//1074 
f 1349//909 1394//971 1387//962 
f 669//909 716//971 709//962 
f 716//1095 1468//1075 1467//1074 
f 531//1112 527//1113 1449//1114 
f 531//1115 1449//1116 1448//1117 
f 562//1004 576//1029 581//1032 
f 576//1025 578//1028 579//1030 
f 1268//1042 1252//1013 1265//1041 
f 1268//1043 1265//1118 1261//1037 
f 560//1083 561//1119 1456//1084 
f 494//913 559//1003 561//1002 
f 1376//947 1404//992 1410//995 
f 1404//1120 1460//1090 1410//1121 
f 1235//1120 1458//1090 1241//1121 
f 1207//947 1235//992 1241//995 
f 1038//947 1066//992 1072//995 
f 1066//1120 1459//1090 1072//1121 
f 586//1040 584//1118 579//1037 
f 586//1042 569//1013 584//1041 
f 441//848 445//850 444//849 
f 440//843 445//853 435//844 
f 877//964 1471//1096 883//967 
f 886//1095 887//1097 1471//1075 
f 1216//964 1465//1096 1222//967 
f 1225//1095 1226//1097 1465//1075 
f 1385//964 1462//1096 1391//967 
f 1394//1095 1395//1097 1462//1075 
f 707//964 1468//1096 713//967 
f 716//1095 717//1097 1468//1075 
f 1047//960 1474//1096 1053//967 
f 1056//1095 1057//1097 1474//1075 
f 829//893 828//892 831//895 
f 861//936 837//944 828//945 
f 1200//936 1176//944 1167//945 
f 1168//893 1167//892 1170//895 
f 1031//936 1007//944 998//945 
f 999//893 998//892 1001//895 
f 1337//893 1336//892 1339//895 
f 1369//936 1345//944 1336//945 
f 1272//1055 1477//1099 1274//1056 
f 1272//1098 1271//1092 1477//1091 
f 1103//1098 1102//1092 1476//1091 
f 1103//1055 1476//1099 1105//1056 
f 763//1055 1479//1099 765//1056 
f 763//1098 762//1092 1479//1091 
f 933//1098 932//1092 1480//1091 
f 933//1055 1480//1099 935//1056 
f 1441//1098 1440//1092 1478//1091 
f 1441//1055 1478//1099 1443//1056 
f 455//861 438//1065 421//817 
f 458//865 438//841 455//866 
f 1240//1103 1458//1104 1237//1105 
f 1232//1100 1237//1101 1458//1102 
f 1409//1103 1460//1104 1406//1105 
f 1401//1100 1406//1101 1460//1102 
f 1063//1100 1068//1101 1459//1102 
f 1071//1103 1459//1104 1068//1105 
f 731//1103 1485//1104 727//1105 
f 1488//1100 727//1101 1485//1102 
f 901//1103 1486//1104 897//1105 
f 1487//1100 897//1101 1486//1102 
f 475//898 486//902 500//1068 
f 500//1122 491//910 496//915 
f 1019//919 1023//924 1016//920 
f 1023//927 1021//922 1016//1069 
f 1188//919 1192//924 1185//920 
f 1192//927 1190//922 1185//1069 
f 1361//927 1359//922 1354//1069 
f 1357//919 1361//924 1354//920 
f 677//919 681//924 674//920 
f 681//927 679//922 674//1069 
f 853//927 851//922 846//1069 
f 849//919 853//924 846//920 
f 549//983 568//1012 572//1017 
f 571//1123 572//1017 568//1094 
f 502//923 560//998 557//994 
f 557//1124 560//1083 1457//1085 
f 1046//958 1049//962 1045//959 
f 1475//1080 1045//1082 1473//1106 
f 1384//958 1387//962 1383//959 
f 1463//1080 1383//1082 1461//1106 
f 876//958 879//962 875//959 
f 1472//1080 875//1082 1470//1106 
f 1215//958 1218//962 1214//959 
f 1466//1080 1214//1082 1464//1106 
f 706//958 709//962 705//959 
f 1469//1080 705//1082 1467//1106 
f 1444//1077 1478//1079 1493//1107 
f 1332//887 1444//1058 1442//1054 
f 1163//887 1275//1058 1273//1054 
f 1275//1077 1477//1079 1492//1107 
f 654//887 766//1058 764//1054 
f 766//1077 1479//1079 1490//1107 
f 1106//1077 1476//1079 1491//1107 
f 994//887 1106//1058 1104//1054 
f 936//1077 1480//1079 1489//1107 
f 824//887 936//1058 934//1054 
f 596//1058 1484//1125 593//1126 
f 593//1071 1484//1127 1446//1072 
f 533//1128 1447//1129 529//1130 
f 533//1131 541//1095 1447//1074 
f 1453//1108 1100//1109 1101//1073 
f 1100//1045 1052//966 1101//1048 
f 760//1045 712//966 761//1048 
f 1454//1108 760//1109 761//1073 
f 1269//1045 1221//966 1270//1048 
f 1452//1108 1269//1109 1270//1073 
f 930//1045 882//966 931//1048 
f 1451//1108 930//1109 931//1073 
f 1438//1045 1390//966 1439//1048 
f 1455//1108 1438//1109 1439//1073 
f 637//862 721//980 724//984 
f 1488//1110 721//982 727//988 
f 807//862 891//980 894//984 
f 1487//1110 891//982 897//988 
f 487//904 595//1063 597//1062 
f 597//1132 595//1057 1450//1133 
f 481//894 538//976 542//975 
f 542//1134 538//969 1448//1135 
f 1296//838 1377//948 1379//950 
f 1379//1111 1377//1081 1463//1080 
f 617//838 699//948 701//950 
f 701//1111 699//1081 1469//1080 
f 787//838 869//948 871//950 
f 871//1111 869//1081 1472//1080 
f 1127//838 1208//948 1210//950 
f 1210//1111 1208//1081 1466//1080 
f 1041//1111 1039//1081 1475//1080 
f 957//838 1039//948 1041//950 
f 550//989 1482//1136 555//1088 
f 550//984 546//980 1494//1137 
f 694//941 666//904 658//903 
f 688//935 694//945 697//946 
f 707//1115 1469//1116 1468//1117 
f 707//1112 701//1113 1469//1114 
f 1047//1112 1041//1113 1475//1114 
f 1047//1115 1475//1116 1474//1117 
f 877//1112 871//1113 1472//1114 
f 877//1115 1472//1116 1471//1117 
f 1216//1115 1466//1116 1465//1117 
f 1216//1112 1210//1113 1466//1114 
f 1385//1112 1379//1113 1463//1114 
f 1385//1115 1463//1116 1462//1117 
f 920//1025 922//1028 923//1030 
f 906//1004 920//1029 923//1032 
f 750//1025 752//1028 753//1030 
f 736//1004 750//1029 753//1032 
f 672//913 733//1003 735//1002 
f 734//1083 735//1119 733//1084 
f 904//1083 905//1119 903//1084 
f 844//913 903//1003 905//1002 
f 1014//913 1073//1003 1075//1002 
f 1074//1083 1075//1119 1073//1084 
f 1183//913 1242//1003 1244//1002 
f 1243//1083 1244//1119 1242//1084 
f 1412//1083 1413//1119 1411//1084 
f 1352//913 1411//1003 1413//1002 
f 1259//1027 1260//1026 1261//1030 
f 1259//1032 1261//1138 1265//1035 
f 1321//870 1399//1064 1401//980 
f 1401//1100 1399//1110 1406//1101 
f 1152//870 1230//1064 1232//980 
f 1232//1100 1230//1110 1237//1101 
f 983//870 1061//1064 1063//980 
f 1063//1100 1061//1110 1068//1101 
f 929//1043 927//1118 923//1037 
f 929//1042 913//1013 927//1041 
f 759//1042 743//1013 757//1041 
f 759//1043 757//1118 753//1037 
f 574//1023 572//1022 571//1139 
f 573//1018 574//1021 571//1019 
f 517//941 479//903 520//1140 
f 479//892 472//884 520//1067 
f 1099//1141 1096//1041 1093//1118 
f 1090//1032 1093//1138 1096//1035 
f 1428//1032 1431//1138 1434//1035 
f 1437//1141 1434//1041 1431//1118 
f 1295//848 1304//850 1303//849 
f 1300//843 1304//853 1295//844 
f 956//1070 963//845 945//819 
f 962//844 969//854 963//853 
f 1131//843 1135//853 1126//844 
f 1126//848 1135//850 1134//849 
f 616//1070 623//845 605//819 
f 622//844 629//854 623//853 
f 786//1070 793//845 775//819 
f 792//844 799//854 793//853 
f 521//947 555//992 558//995 
f 555//1120 1481//1090 558//1121 
f 563//1008 565//1009 566//1010 
f 563//1142 566//1010 568//1143 
f 591//1092 1446//1072 1484//1093 
f 591//1144 588//1109 1446//1108 
f 561//1145 559//997 1456//1146 
f 1456//1146 559//996 558//1086 
f 976//861 959//1065 944//817 
f 979//865 959//841 976//866 
f 809//865 789//841 806//866 
f 806//861 789//1065 774//817 
f 1317//865 1298//841 1314//866 
f 1314//861 1298//1065 1283//817 
f 636//861 619//1065 604//817 
f 639//865 619//841 636//866 
f 1145//861 1129//1065 1114//817 
f 1148//865 1129//841 1145//866 
f 581//1147 576//1025 579//1030 
f 581//1138 579//1034 584//1148 
f 652//898 665//902 678//1068 
f 678//1122 665//910 674//915 
f 1330//898 1344//902 1358//1068 
f 1358//1122 1344//910 1354//915 
f 822//898 836//902 850//1068 
f 850//1122 836//910 846//915 
f 1161//898 1175//902 1189//1068 
f 1189//1122 1175//910 1185//915 
f 992//898 1006//902 1020//1068 
f 1020//1122 1006//910 1016//915 
f 430//830 524//952 527//954 
f 524//952 522//1149 527//1111 
f 429//832 435//836 441//1070 
f 435//844 445//853 441//1150 
f 589//1047 588//1151 591//1144 
f 428//827 588//1045 589//1046 
f 1233//983 1251//1012 1255//1017 
f 1254//1123 1255//1017 1251//1094 
f 1064//983 1082//1012 1086//1017 
f 1085//1123 1086//1017 1082//1094 
f 893//983 912//1012 916//1017 
f 915//1123 916//1017 912//1094 
f 1402//983 1420//1012 1424//1017 
f 1423//1123 1424//1017 1420//1094 
f 745//1123 746//1017 742//1094 
f 723//983 742//1012 746//1017 
f 1360//923 1412//998 1409//994 
f 1409//1124 1412//1083 1460//1085 
f 680//923 734//998 731//994 
f 731//1124 734//1083 1485//1085 
f 1022//923 1074//998 1071//994 
f 1071//1124 1074//1083 1459//1085 
f 1191//923 1243//998 1240//994 
f 1240//1124 1243//1083 1458//1085 
f 852//923 904//998 901//994 
f 901//1124 904//1083 1486//1085 
f 486//908 491//910 500//1122 
f 489//907 491//910 486//908 
f 766//1058 1490//1125 764//1126 
f 764//1071 1490//1127 1454//1072 
f 936//1058 1489//1125 934//1126 
f 934//1071 1489//1127 1451//1072 
f 1275//1058 1492//1125 1273//1126 
f 1273//1071 1492//1127 1452//1072 
f 1444//1058 1493//1125 1442//1126 
f 1442//1071 1493//1127 1455//1072 
f 1106//1058 1491//1125 1104//1126 
f 1104//1071 1491//1127 1453//1072 
f 709//1131 716//1095 1467//1074 
f 709//1128 1467//1129 705//1130 
f 879//1131 886//1095 1470//1074 
f 879//1128 1470//1129 875//1130 
f 1049//1128 1473//1129 1045//1130 
f 1049//1131 1056//1095 1473//1074 
f 1218//1131 1225//1095 1464//1074 
f 1218//1128 1464//1129 1214//1130 
f 1387//1131 1394//1095 1461//1074 
f 1387//1128 1461//1129 1383//1130 
f 432//833 430//830 419//829 
f 438//1152 432//833 419//1066 
f 767//1132 765//1057 1479//1133 
f 666//904 765//1063 767//1062 
f 838//904 935//1063 937//1062 
f 937//1132 935//1057 1480//1133 
f 1008//904 1105//1063 1107//1062 
f 1107//1132 1105//1057 1476//1133 
f 1276//1132 1274//1057 1477//1133 
f 1177//904 1274//1063 1276//1062 
f 1346//904 1443//1063 1445//1062 
f 1445//1132 1443//1057 1478//1133 
f 887//1134 883//969 1471//1135 
f 830//894 883//976 887//975 
f 1169//894 1222//976 1226//975 
f 1226//1134 1222//969 1465//1135 
f 1395//1134 1391//969 1462//1135 
f 1338//894 1391//976 1395//975 
f 1000//894 1053//976 1057//975 
f 1057//1134 1053//969 1474//1135 
f 660//894 713//976 717//975 
f 717//1134 713//969 1468//1135 
f 475//888 472//884 479//892 
f 475//898 500//1068 472//885 
f 503//1153 508//933 506//928 
f 505//926 508//930 503//924 
f 465//875 454//873 466//876 
f 454//1154 453//859 466//880 
f 592//1155 1483//1091 1450//1156 
f 1484//1107 1450//1079 1483//1157 
f 1482//1089 1494//1100 1481//1102 
f 550//986 1494//1158 1482//1136 
f 894//989 1487//1136 899//1088 
f 894//984 891//980 1487//1137 
f 724//989 1488//1136 729//1088 
f 724//984 721//980 1488//1137 
f 1176//903 1173//900 1170//899 
f 1176//944 1170//1140 1167//945 
f 837//903 834//900 831//899 
f 837//944 831//1140 828//945 
f 1345//903 1342//900 1339//899 
f 1345//944 1339//1140 1336//945 
f 1007//903 1004//900 1001//899 
f 1007//944 1001//1140 998//945 
f 553//1105 1457//1104 1481//1102 
f 1457//1085 1456//1084 1481//1087 
f 535//964 531//1115 1448//1117 
f 534//963 531//960 535//964 
f 575//1024 592//1053 594//1055 
f 594//1055 592//1155 1450//1156 
f 747//1018 748//1021 745//1019 
f 748//1023 746//1022 745//1139 
f 1425//1018 1426//1021 1423//1019 
f 1426//1023 1424//1022 1423//1139 
f 1088//1023 1086//1022 1085//1139 
f 1087//1018 1088//1021 1085//1019 
f 1256//1018 1257//1021 1254//1019 
f 1257//1023 1255//1022 1254//1139 
f 917//1018 918//1021 915//1019 
f 918//1023 916//1022 915//1139 
f 694//941 658//903 697//1140 
f 658//892 652//884 697//1067 
f 729//1120 1485//1090 732//1121 
f 698//947 729//992 732//995 
f 868//947 899//992 902//995 
f 899//1120 1486//1090 902//1121 
f 429//832 441//1070 418//818 
f 426//824 429//828 418//821 
f 514//938 587//1043 586//1040 
f 587//1044 570//1015 586//1042 
f 958//839 962//844 956//840 
f 956//840 962//844 963//1150 
f 786//840 792//844 793//1150 
f 788//839 792//844 786//840 
f 618//839 622//844 616//840 
f 616//840 622//844 623//1150 
f 907//1008 909//1009 910//1010 
f 907//1142 910//1010 912//1143 
f 737//1008 739//1009 740//1010 
f 737//1142 740//1010 742//1143 
f 1415//1008 1417//1009 1418//1010 
f 1415//1142 1418//1010 1420//1143 
f 1246//1008 1248//1009 1249//1010 
f 1246//1142 1249//1010 1251//1143 
f 1077//1008 1079//1009 1080//1010 
f 1077//1142 1080//1010 1082//1143 
f 546//980 548//982 1494//1137 
f 546//980 547//981 548//982 
f 932//1144 930//1109 1451//1108 
f 932//1092 1451//1072 1489//1093 
f 1102//1092 1453//1072 1491//1093 
f 1102//1144 1100//1109 1453//1108 
f 762//1092 1454//1072 1490//1093 
f 762//1144 760//1109 1454//1108 
f 1271//1092 1452//1072 1492//1093 
f 1271//1144 1269//1109 1452//1108 
f 1440//1144 1438//1109 1455//1108 
f 1440//1092 1455//1072 1493//1093 
# 0 polygons - 2136 triangles

