# 3ds Max Wavefront OBJ Exporter v0.99 - (c)2007 guruware
# File Created: 18.07.2026 21:06:58

#
# object Group22992
#

v  18.8385 133.4431 -0.0000
v  14.9388 133.2224 -12.8472
v  12.5846 133.1929 -12.6003
v  10.4168 133.1696 -11.8692
v  8.5245 133.1533 -10.6820
v  6.9859 133.1445 -9.0843
v  5.8638 133.1438 -7.1375
v  5.2029 133.1517 -4.9164
v  5.0276 133.1683 -2.5064
v  5.3403 133.1935 -0.0000
v  6.1218 133.2270 2.5063
v  7.3346 133.2679 4.9164
v  8.9241 133.3147 7.1375
v  10.8230 133.3654 9.0843
v  12.9560 133.4178 10.6820
v  15.2415 133.4692 11.8692
v  17.5960 133.5169 12.6002
v  19.9355 133.5587 12.8471
v  22.1771 133.5925 12.6002
v  24.2420 133.6168 11.8692
v  26.0565 133.6309 10.6820
v  27.5537 133.6344 9.0843
v  28.6773 133.6276 7.1375
v  29.3823 133.6112 4.9164
v  29.6383 133.5862 2.5063
v  29.4311 133.5540 -0.0000
v  28.7630 133.5161 -2.5064
v  27.6548 133.4740 -4.9164
v  26.1446 133.4294 -7.1375
v  24.2870 133.3839 -9.0843
v  22.1514 133.3392 -10.6820
v  19.8200 133.2965 -11.8692
v  17.3835 133.2572 -12.6003
v  0.0000 0.0000 -12.8471
v  0.0000 0.0000 -0.0000
v  -2.5064 0.0000 -12.6003
v  -4.9164 0.0000 -11.8692
v  -7.1375 0.0000 -10.6820
v  -9.0843 0.0000 -9.0843
v  -10.6820 0.0000 -7.1375
v  -11.8692 0.0000 -4.9164
v  -12.6003 0.0000 -2.5063
v  -12.8471 0.0000 0.0000
v  -12.6003 0.0000 2.5064
v  -11.8692 0.0000 4.9164
v  -10.6820 0.0000 7.1375
v  -9.0843 0.0000 9.0843
v  -7.1375 0.0000 10.6820
v  -4.9164 0.0000 11.8692
v  -2.5063 0.0000 12.6003
v  0.0000 0.0000 12.8471
v  2.5064 0.0000 12.6003
v  4.9164 0.0000 11.8692
v  7.1375 0.0000 10.6820
v  9.0843 0.0000 9.0843
v  10.6820 0.0000 7.1375
v  11.8692 0.0000 4.9164
v  12.6003 0.0000 2.5064
v  12.8471 0.0000 -0.0000
v  12.6003 0.0000 -2.5064
v  11.8692 0.0000 -4.9164
v  10.6820 0.0000 -7.1375
v  9.0843 0.0000 -9.0843
v  7.1375 0.0000 -10.6820
v  4.9164 0.0000 -11.8692
v  2.5063 0.0000 -12.6003
v  16.2780 123.9665 -12.8472
v  21.1054 124.0406 -11.8692
v  16.6522 114.6659 -12.8471
v  21.4667 114.7358 -11.8692
v  15.8735 105.2874 -12.8471
v  20.7372 105.3507 -11.8692
v  13.9832 95.8107 -12.8471
v  27.4275 124.1789 -7.1375
v  18.9554 95.8664 -11.8692
v  11.2872 86.2250 -12.8471
v  16.3951 86.2729 -11.8692
v  8.4325 76.5272 -12.8471
v  30.0881 124.2720 -2.5064
v  13.6485 76.5670 -11.8692
v  6.1683 66.7558 -12.8471
v  11.4035 66.7858 -11.8692
v  4.2022 57.1290 -12.8471
v  9.3887 57.1420 -11.8692
v  2.6712 47.5933 -12.8471
v  7.8150 47.6054 -11.8692
v  1.6480 38.0506 -12.8471
v  6.7387 38.0603 -11.8692
v  0.7297 28.5103 -12.8471
v  5.7636 28.5168 -11.8692
v  0.1066 18.9865 -12.8471
v  5.0706 18.9891 -11.8692
v  0.0000 9.4913 -12.8471
v  4.9164 9.4913 -11.8692
v  9.0843 9.4913 -9.0843
v  11.8692 9.4913 -4.9164
v  12.8472 9.4913 -0.0000
v  11.8732 9.4915 4.9164
v  9.0921 9.4917 9.0843
v  4.9228 9.4917 11.8692
v  -2.5063 9.4913 12.6003
v  -7.1375 9.4913 10.6820
v  -10.6820 9.4913 7.1375
v  -12.6003 9.4913 2.5063
v  -12.6003 9.4913 -2.5064
v  -10.6820 9.4913 -7.1375
v  -7.1375 9.4913 -10.6820
v  -2.5064 9.4913 -12.6003
v  -4.8345 18.9851 -11.8692
v  -4.2540 28.5066 -11.8692
v  -0.9192 38.0472 -12.6003
v  0.0894 47.5891 -12.6003
v  -0.8278 57.1216 -11.8692
v  1.1544 66.7434 -11.8692
v  3.5068 76.5123 -11.8692
v  6.5409 86.2042 -11.8692
v  7.5287 95.7813 -10.6820
v  11.4396 105.2523 -11.8692
v  12.2661 114.6231 -11.8692
v  11.8549 123.9173 -11.8692
v  8.5622 123.8992 -9.0843
v  6.9379 123.9165 -4.9164
v  7.2203 123.9703 -0.0000
v  8.0573 124.0098 2.5063
v  12.8149 124.1626 9.0843
v  19.4795 124.3172 12.6002
v  30.8275 124.3808 4.9164
v  29.1124 124.4148 9.0843
v  25.9319 124.4075 11.8692
v  21.7587 124.3570 12.8471
v  -0.7585 115.4336 89.9687
v  6.6154 109.8158 93.2437
v  7.5338 111.2373 92.9584
v  8.1335 112.8679 92.5447
v  8.3916 114.6453 92.0183
v  8.2982 116.5009 91.3997
v  7.8568 118.3626 90.7128
v  7.0843 120.1566 89.9846
v  6.0106 121.8124 89.2436
v  4.6767 123.2639 88.5190
v  3.1341 124.4535 87.8390
v  1.4419 125.3335 87.2305
v  -0.3348 125.8689 86.7170
v  -2.1278 126.0390 86.3184
v  -3.8680 125.8383 86.0498
v  -5.4887 125.2762 85.9208
v  -6.9276 124.3769 85.9359
v  -8.1293 123.1787 86.0932
v  -9.0477 121.7305 86.3861
v  -9.6475 120.0904 86.8025
v  -9.9056 118.3223 87.3262
v  -9.8121 116.4932 87.9373
v  -9.3706 114.6713 88.6130
v  -8.5981 112.9230 89.3283
v  -7.5243 111.3126 90.0565
v  -6.1904 109.8991 90.7704
v  -4.6477 108.7350 91.4432
v  16.8661 81.5450 1.4811
v  17.2917 90.5939 -1.3914
v  18.6595 81.7415 1.7762
v  20.4003 82.2718 1.9518
v  22.0214 83.1155 2.0013
v  23.4606 84.2401 1.9226
v  24.6628 85.6112 1.7158
v  25.5858 87.3370 1.3318
v  26.1907 89.2160 0.8332
v  26.4537 91.1468 0.2496
v  26.3642 93.0433 -0.3925
v  25.9256 94.8253 -1.0659
v  25.1545 96.4196 -1.7427
v  24.0806 97.7627 -2.3965
v  22.7451 98.8023 -3.0017
v  21.1993 99.5001 -3.5356
v  19.5029 99.8328 -3.9791
v  17.7210 99.7937 -4.3172
v  15.9224 99.3933 -4.5401
v  14.1767 98.6646 -4.6455
v  12.5535 97.7374 -4.6654
v  11.1143 96.6128 -4.5867
v  9.9123 95.2504 -4.3830
v  8.9938 93.7027 -4.0621
v  8.3940 92.0290 -3.6362
v  8.1359 90.2938 -3.1218
v  8.2296 88.5637 -2.5386
v  8.6713 86.9051 -1.9090
v  9.4441 85.3819 -1.2573
v  10.5184 84.0525 -0.6084
v  11.8528 82.9681 0.0127
v  13.3960 82.1703 0.5820
v  15.0888 81.6898 1.0779
v  -1.1788 107.3196 92.5652
v  0.6141 107.1244 92.9709
v  5.2400 100.0864 88.5171
v  0.1021 100.1182 87.5723
v  1.3436 93.2915 82.3517
v  4.8057 92.8603 83.1049
v  2.6197 88.6896 76.4919
v  7.5704 88.6060 77.3648
v  3.9575 86.9234 69.7885
v  8.8072 87.2202 70.4982
v  5.3580 88.0005 62.2203
v  8.6228 88.1896 62.6911
v  6.7953 91.1507 54.0334
v  10.0037 91.6757 54.3797
v  8.2360 95.2563 45.5952
v  11.4092 96.0620 45.8456
v  9.6530 99.2676 37.2475
v  14.2619 101.3304 37.3393
v  11.0251 102.3100 29.2745
v  14.2236 103.5149 29.4173
v  12.2978 102.2824 22.3641
v  15.5251 103.5847 22.4988
v  13.4881 99.2188 16.4606
v  16.7913 100.6263 16.5956
v  14.6275 94.2478 11.1926
v  18.0848 95.7855 11.3367
v  15.6135 85.0949 7.4018
v  19.1619 86.3913 7.6708
v  22.2494 89.4545 7.2368
v  24.3920 93.3857 6.3344
v  25.1796 97.8685 4.9602
v  22.7247 104.1737 2.3830
v  16.5518 105.4980 0.7742
v  11.4394 102.9510 0.6585
v  8.6887 99.5307 1.2803
v  7.1443 95.6959 2.2431
v  8.1789 88.4229 4.8436
v  13.8309 85.0252 7.0745
v  9.5968 93.6667 10.4958
v  10.1790 98.8007 16.0246
v  9.0737 102.0482 21.9045
v  7.8381 102.4713 28.7126
v  6.4976 99.7190 36.6018
v  5.0831 95.9052 44.8883
v  3.6151 92.0573 53.2314
v  2.1297 89.2086 61.2973
v  0.6673 88.4201 68.7419
v  -0.7375 90.3637 75.3581
v  -2.0756 94.9663 81.1897
v  -3.3666 101.6805 86.4088
v  -2.9555 107.8640 92.0492
v  -6.2429 104.4104 84.9791
v  -8.6239 111.6266 82.1906
v  -5.6467 117.5742 80.8291
v  2.3543 107.2871 93.2503
v  3.9749 107.8041 93.3919
v  7.8586 101.5875 88.4816
v  5.4137 108.6571 93.3899
v  9.5230 107.2969 86.8735
v  8.3178 110.7425 85.5174
v  0.9206 117.5976 81.9727
v  -22.6986 133.8420 -32.9193
v  -25.2241 135.7320 -27.2320
v  -24.3317 136.4771 -26.9993
v  -23.3660 137.1307 -26.9899
v  -22.3644 137.6674 -27.2043
v  -21.3660 138.0663 -27.6343
v  -20.4090 138.3120 -28.2635
v  -19.5305 138.3947 -29.0678
v  -18.7643 138.3113 -30.0163
v  -18.1395 138.0653 -31.0724
v  -17.6801 137.6662 -32.1956
v  -17.4037 137.1293 -33.3426
v  -17.3204 136.4759 -34.4691
v  -17.4332 135.7310 -35.5317
v  -17.7378 134.9235 -36.4898
v  -18.2220 134.0847 -37.3062
v  -18.8676 133.2466 -37.9497
v  -19.6495 132.4415 -38.3954
v  -20.5378 131.7003 -38.6264
v  -21.4988 131.0510 -38.6340
v  -22.4958 130.5186 -38.4178
v  -23.4905 130.1232 -37.9862
v  -24.4451 129.8798 -37.3560
v  -25.3229 129.7977 -36.5514
v  -26.7180 130.1232 -34.5485
v  -27.1814 130.5186 -33.4270
v  -27.4626 131.0509 -32.2819
v  -27.5504 131.7002 -31.1572
v  -27.4414 132.4415 -30.0961
v  -27.1393 133.2467 -29.1391
v  -26.6556 134.0850 -28.3229
v  -26.0088 134.9243 -27.6789
v  8.0930 87.4329 3.6976
v  10.6615 85.5831 -1.9724
v  8.9890 88.1813 3.9316
v  9.9590 88.8389 3.9428
v  10.9656 89.3804 3.7305
v  11.9696 89.7845 3.3027
v  12.9322 90.0354 2.6757
v  13.8166 90.1236 1.8738
v  14.5884 90.0454 0.9275
v  15.2183 89.8042 -0.1265
v  15.6820 89.4092 -1.2479
v  15.9624 88.8760 -2.3933
v  16.0488 88.2255 -3.5185
v  15.9380 87.4825 -4.5804
v  15.6349 86.6763 -5.5379
v  15.1509 85.8377 -6.3542
v  14.5048 84.9991 -6.9978
v  13.7214 84.1926 -7.4442
v  12.8304 83.4489 -7.6763
v  11.8661 82.7966 -7.6852
v  10.8652 82.2605 -7.4705
v  9.8656 81.8605 -7.0409
v  8.9059 81.6123 -6.4128
v  8.0223 81.5248 -5.6106
v  7.2491 81.6017 -4.6649
v  6.6159 81.8398 -3.6122
v  6.1470 82.2300 -2.4929
v  5.8609 82.7578 -1.3498
v  5.7689 83.4032 -0.2268
v  5.8751 84.1418 0.8332
v  6.1753 84.9453 1.7895
v  6.6585 85.7831 2.6055
v  7.3061 86.6231 3.2497
v  -26.0905 129.8798 -35.6035
v  -26.7893 125.2104 -32.0192
v  -24.1044 124.5235 -35.9690
v  -20.2384 126.3055 -37.2560
v  -17.0228 131.0793 -33.0994
v  -20.0460 132.9765 -26.8675
v  -23.9224 131.1850 -25.5846
v  -24.8075 130.4468 -25.8143
v  -24.2573 125.2865 -24.3427
v  -22.4258 126.6602 -24.1114
v  -23.4591 120.3580 -22.7712
v  -20.6553 122.2411 -22.7661
v  -22.3514 115.7188 -21.0749
v  -19.5552 117.5949 -21.0728
v  -20.8974 111.4035 -19.2390
v  -18.1060 113.2750 -19.2388
v  -19.0743 107.4332 -17.2542
v  -16.2856 109.3023 -17.2551
v  -16.8699 103.8182 -15.1154
v  -14.0819 105.6867 -15.1166
v  -14.2822 100.5629 -12.8224
v  -11.4929 102.4325 -12.8231
v  -11.3162 97.6612 -10.3768
v  -8.5237 99.5338 -10.3762
v  -7.9864 95.0996 -7.7846
v  -6.1651 96.4638 -7.5574
v  -4.3192 92.8535 -5.0563
v  -0.5378 95.1161 -5.4896
v  -0.3570 90.8833 -2.2091
v  1.4769 92.2593 -1.9768
v  3.8280 89.1213 0.7280
v  5.6733 90.5080 0.9649
v  8.6018 91.6626 -0.3202
v  5.2394 93.4551 -4.0841
v  3.0284 94.6041 -10.0991
v  11.2168 88.2216 -8.5691
v  9.3084 85.7426 -10.4735
v  3.6808 83.1417 -8.6110
v  1.8520 83.8903 -5.4746
v  1.6121 85.8321 -2.1356
v  -2.2639 88.4057 -4.1128
v  -5.7380 91.2184 -6.1421
v  -10.1999 91.8126 -10.6472
v  -12.7320 96.0289 -11.4614
v  -15.6972 98.9313 -13.9066
v  -18.2847 102.1869 -16.1996
v  -20.4890 105.8019 -18.3383
v  -22.3127 109.7716 -20.3233
v  -24.5648 112.4319 -23.9375
v  -25.6729 117.0707 -25.6339
v  -26.4718 121.9985 -27.2057
v  -26.2324 128.8060 -26.9025
v  10.8811 75.6693 -1.2301
v  5.4311 78.4529 -4.9394
v  5.8004 77.6236 -5.7975
v  6.3872 76.6920 -6.4886
v  7.1692 75.6937 -6.9862
v  8.1162 74.6672 -7.2712
v  9.1914 73.6525 -7.3324
v  10.3524 72.6898 -7.1671
v  11.5539 71.8169 -6.7814
v  12.7486 71.0689 -6.1896
v  13.8897 70.4756 -5.4142
v  14.9325 70.0608 -4.4846
v  15.8362 69.8411 -3.4363
v  16.5662 69.8251 -2.3097
v  17.0948 70.0128 -1.1480
v  17.4026 70.3960 0.0036
v  17.4789 70.9585 1.1005
v  17.3225 71.6767 2.0998
v  16.9407 72.5212 2.9627
v  16.3495 73.4582 3.6555
v  15.5718 74.4512 4.1515
v  14.6372 75.4625 4.4317
v  13.5806 76.4547 4.4858
v  12.4408 77.3914 4.3124
v  11.2605 78.2385 3.9186
v  10.0835 78.9648 3.3200
v  8.9543 79.5437 2.5401
v  51.8249 125.9362 -28.0288
v  56.1405 120.8998 -29.9930
v  51.2658 125.7438 -29.2209
v  50.8907 125.3688 -30.4413
v  50.7142 124.8256 -31.6431
v  50.7429 124.1349 -32.7802
v  50.9802 123.3188 -33.8107
v  51.4983 122.3206 -34.7286
v  52.2089 121.2525 -35.4705
v  53.0700 120.1715 -36.0016
v  54.0425 119.1256 -36.2991
v  55.0854 118.1590 -36.3499
v  56.1562 117.3114 -36.1512
v  57.2125 116.6166 -35.7102
v  58.2135 116.1017 -35.0435
v  59.1215 115.7855 -34.1773
v  59.9034 115.6784 -33.1454
v  60.5323 115.7811 -31.9889
v  60.9884 116.0846 -30.7541
v  61.2632 116.5679 -29.4920
v  61.3977 117.1567 -28.2727
v  61.3689 117.8473 -27.1356
v  61.1360 118.6587 -26.1070
v  60.7079 119.5598 -25.2264
v  60.1010 120.5158 -24.5276
v  59.3386 121.4902 -24.0375
v  58.4501 122.4453 -23.7749
v  57.4696 123.3446 -23.7499
v  56.4348 124.1534 -23.9635
v  55.3854 124.8407 -24.4074
v  54.3618 125.3801 -25.0647
v  53.4032 125.7508 -25.9100
v  52.5466 125.9386 -26.9108
v  7.0078 80.1782 0.5622
v  6.2661 80.2085 -0.5600
v  5.8743 86.3015 -3.8479
v  7.7109 86.4931 -0.5238
v  8.6741 92.6326 -1.6750
v  7.2449 92.7361 -3.8420
v  10.6736 97.5117 -3.2468
v  8.9119 97.3736 -6.4515
v  14.0076 100.7936 -5.3731
v  12.4824 100.4552 -8.5876
v  18.6913 102.4800 -8.0599
v  17.6657 102.2614 -10.2241
v  24.3538 102.9993 -11.1466
v  23.5170 102.5981 -13.3379
v  30.4497 102.9697 -14.4013
v  29.7626 102.4137 -16.6217
v  36.4674 102.9735 -17.6094
v  35.8983 101.6648 -20.9971
v  41.9813 103.4955 -20.5935
v  41.4712 102.7113 -22.9012
v  45.9653 105.6992 -22.9236
v  45.4816 104.8542 -25.2641
v  48.4601 109.5803 -24.6269
v  47.9884 108.6673 -27.0318
v  50.0170 114.5141 -25.9364
v  49.5404 113.5153 -28.4606
v  49.4759 121.7294 -26.3363
v  48.8295 120.8513 -28.8683
v  50.4329 116.7612 -33.5646
v  52.4014 114.2602 -34.9234
v  56.4304 110.8865 -34.5247
v  59.3056 110.4204 -30.7825
v  59.8704 112.0464 -26.9972
v  57.8111 116.2452 -22.8597
v  53.8288 120.2241 -22.1643
v  50.0894 121.8487 -25.1734
v  51.4952 115.0323 -22.5615
v  50.7355 109.6251 -20.7302
v  46.9610 105.9446 -20.7796
v  44.7137 102.8485 -17.0444
v  37.7617 102.8280 -15.6327
v  31.8387 102.7138 -12.4624
v  25.8836 102.6033 -9.2395
v  20.3956 101.9232 -6.1807
v  15.8877 100.0849 -3.5115
v  12.6757 96.7128 -1.3786
v  10.7089 91.8410 0.2298
v  9.7258 85.7751 1.4279
v  7.9157 79.9535 1.6089
v  12.1030 84.3833 2.7792
v  16.5106 80.4787 2.9753
v  18.3688 77.0473 -0.0565
v  5.7197 80.0424 -1.7149
v  5.3909 79.6848 -2.8585
v  5.7011 85.3693 -5.8298
v  5.2931 79.1486 -3.9471
v  7.9602 82.1503 -7.9844
v  10.0965 80.2925 -7.8491
v  16.0797 76.7804 -4.3264
v  4.2686 111.1498 39.9027
v  5.6871 114.7008 31.7589
v  1.8271 109.4207 32.7985
v  14.5657 110.6800 41.7462
v  13.4329 116.7138 32.3932
v  8.9303 112.8515 40.1244
v  4.5771 95.8938 -0.0000
v  1.1011 86.3190 -0.0000
v  -1.9987 76.6594 2.5063
v  35.8020 94.1484 -21.3757
v  43.6485 93.0972 -23.2838
v  38.8020 93.1386 -18.1050
v  39.5698 94.2499 -14.7511
v  45.3266 94.4921 -17.8630
v  44.0756 97.5716 -14.3718
v  -9.4043 103.5131 -23.5464
v  -6.8108 100.2632 -21.2510
v  -9.0233 96.9771 -24.1132
v  -3.8295 97.3758 -18.7993
v  -1.9137 92.3488 -18.6167
v  -5.2699 94.8857 -21.2196
v  1.4235 28.5489 12.8471
v  0.4429 19.0052 12.8471
v  5.4147 19.0082 11.8692
v  17.5012 76.9014 11.8692
v  16.5476 67.0386 10.6820
v  21.2452 76.8829 9.0843
v  13.4547 47.6712 9.0843
v  7.6818 38.1127 11.8692
v  11.8779 38.1142 9.0843
v  21.8474 96.2513 12.6002
v  18.7866 86.6377 12.6003
v  22.8781 86.6377 10.6820
v  -8.0914 57.1397 -0.0000
v  -9.1988 47.5895 -4.9164
v  -9.9348 47.5995 -0.0000
v  6.7184 95.9839 4.9164
v  -4.0460 66.8794 4.9164
v  5.0761 76.8118 10.6820
v  7.9279 102.8919 65.1954
v  7.7173 105.1423 57.0272
v  4.7419 104.2035 64.2261
v  -12.0650 28.5132 -0.0000
v  -11.6824 18.9909 4.9164
v  -10.9479 28.5210 4.9164
v  17.3129 114.5767 12.2504
v  12.0487 108.9031 5.9930
v  10.9502 112.8586 11.6784
v  16.6856 104.5542 44.0276
v  17.3939 105.8475 36.4352
v  17.6529 112.7783 34.3153
v  10.3919 99.7807 74.1384
v  6.6762 103.9960 72.1120
v  11.9891 67.0404 12.6003
v  13.7904 57.2533 10.6820
v  1.6713 66.9702 10.6820
v  -3.3202 57.1887 9.0843
v  3.9102 57.2306 12.6003
v  20.5506 91.8091 -10.9491
v  26.3373 92.8867 -12.7947
v  22.3036 91.1995 -9.1210
v  -13.3542 112.5416 -25.4613
v  -11.5423 108.5610 -23.4810
v  -11.6055 107.1311 -25.6839
v  5.8761 111.9575 18.2558
v  5.4625 105.8604 12.9624
v  4.2345 106.0581 19.8480
v  25.4615 95.9865 -7.1375
v  31.2989 115.0838 4.9164
v  30.6706 105.6931 4.9164
v  30.5854 105.6179 -0.0000
v  -11.1800 28.5081 -4.9164
v  -11.7777 18.9856 -4.9164
v  -12.7199 18.9876 -0.0000
v  22.9611 76.7351 -2.5064
v  20.5260 66.9133 -2.5064
v  17.9651 66.8568 -7.1375
v  14.0631 47.6295 -7.1375
v  11.1345 38.0729 -9.0843
v  19.3823 105.6880 12.6002
v  17.2366 96.2072 12.6002
v  54.6224 100.8745 -29.9501
v  58.1354 106.4757 -26.9897
v  56.0136 102.0788 -25.5005
v  32.0900 97.4914 -21.6280
v  37.0186 99.0322 -23.8701
v  40.2903 95.1485 -25.3116
v  13.4878 91.0908 -10.3857
v  16.8706 88.8967 -8.7590
v  -5.7487 98.0630 71.9367
v  -4.2219 95.9585 65.4256
v  -3.0841 92.5643 66.7396
v  6.9452 105.3507 -0.0000
v  4.1953 95.8563 -2.5064
v  -9.7965 91.8523 -21.2173
v  -3.5616 90.8234 -19.2845
v  -7.3756 89.0901 -17.9764
v  18.0094 107.5087 28.7995
v  20.1245 108.8624 21.6332
v  19.3944 113.8259 27.0824
v  14.1704 38.0869 -4.9164
v  52.8838 100.5274 -20.5217
v  54.5038 106.1836 -20.6379
v  50.5739 103.8766 -18.3638
v  -26.2535 120.0366 -30.5534
v  -24.4245 114.4131 -31.1827
v  -25.4650 115.0991 -28.9858
v  -16.9764 124.2858 -33.6834
v  -16.1220 122.0987 -27.8182
v  -17.3592 117.6325 -33.5924
v  -5.4595 47.6308 9.0843
v  -0.9326 47.6476 11.8692
v  -2.4942 38.0936 11.8692
v  -3.6465 28.5403 11.8692
v  4.4834 105.5261 56.3615
v  -1.0603 102.6135 56.3867
v  1.5326 106.3731 48.2756
v  0.4442 105.7392 41.0154
v  -1.2421 100.5562 49.7054
v  -12.7733 94.7440 -23.6672
v  -13.3321 92.3930 -16.5954
v  -15.8681 94.8680 -20.1760
v  -21.1504 105.3249 -28.6206
v  -17.5671 101.6127 -28.0997
v  -20.6610 101.7376 -24.6082
v  18.2521 92.6464 0.4326
v  21.3225 96.0933 -1.7430
v  19.2435 97.9294 -1.8470
v  -2.8929 104.8069 70.1927
v  3.8618 109.2305 77.5049
v  0.3986 110.3087 76.5405
v  42.1035 100.3433 -26.1009
v  46.4452 101.7338 -29.2259
v  44.6745 96.7547 -28.1582
v  22.0918 99.3812 10.9322
v  21.4669 105.7699 15.7988
v  -23.6000 119.3204 -34.5159
v  -6.6276 57.1609 4.9164
v  -2.5440 76.5626 -4.9164
v  -5.2858 66.7768 -4.9164
v  -5.7010 66.8215 -0.0000
v  12.8093 100.8701 59.2635
v  15.2255 101.4748 52.1008
v  11.9825 107.1327 49.7563
v  13.0519 28.5355 -4.9164
v  12.1827 18.9980 -4.9164
v  9.3096 18.9931 -9.0843
v  6.4379 28.5543 11.8692
v  9.5946 19.0089 9.0843
v  10.6268 28.5555 9.0843
v  26.5109 115.1288 11.8692
v  28.9905 105.7409 9.0843
v  29.6353 115.1262 9.0843
v  13.2509 118.3585 24.6474
v  16.0381 117.3222 18.2863
v  9.7724 115.6276 17.7526
v  10.3324 116.7691 31.8666
v  27.6433 92.7906 -10.7603
v  28.1182 94.6056 -6.6061
v  33.5229 93.6587 -12.6856
v  38.2269 97.3928 -11.2535
v  31.7204 98.0471 -7.6502
v  29.3461 114.9202 -4.9164
v  25.9296 114.8242 -9.0843
v  26.4377 86.5042 -0.0000
v  21.8431 76.6979 -4.9164
v  15.7167 83.7234 -6.3041
v  17.4657 83.2611 -4.2571
v  20.6090 88.8099 -2.6903
v  7.4038 99.5462 15.3154
v  23.3872 76.8367 4.9164
v  19.7617 67.0126 7.1375
v  21.1563 66.9682 2.5063
v  14.9828 47.6692 7.1375
v  14.5806 38.1097 4.9164
v  16.6646 47.6603 2.5063
v  -18.6709 127.8489 -26.2218
v  -16.8782 127.0664 -29.3729
v  -5.5803 108.3360 76.1246
v  -6.7905 100.9780 78.3633
v  10.0633 90.2392 77.2451
v  12.8174 93.7540 69.0153
v  11.5649 96.3198 75.4823
v  -23.3303 109.7614 -29.4918
v  -23.1690 106.6914 -24.3023
v  -24.3641 110.4536 -27.2922
v  50.9164 109.5643 -33.1711
v  48.8518 105.6146 -31.0156
v  9.0592 86.5336 10.6820
v  22.4753 95.0748 -15.3152
v  26.5243 96.9610 -18.5580
v  30.4105 93.9267 -17.4928
v  -8.8166 18.9954 9.0843
v  20.2898 114.5582 19.8821
v  21.6323 111.7033 13.9325
v  23.0545 107.2483 8.5463
v  9.9788 114.7941 4.9164
v  12.6712 105.5496 9.0843
v  47.8153 94.5448 -26.7970
v  51.9731 97.1596 -28.1234
v  53.3241 98.3379 -23.7350
v  2.8103 102.9766 34.9813
v  1.4354 99.2423 43.2455
v  -2.6811 96.4167 58.1473
v  0.9584 94.2076 52.1111
v  -1.5588 93.0860 59.4227
v  -4.9366 57.1209 -9.0843
v  -4.6052 47.5848 -10.6820
v  -8.0890 47.5864 -7.1375
v  -8.4357 28.5058 -9.0843
v  -4.5377 86.8073 -14.4240
v  9.3100 47.6697 11.8692
v  4.2570 47.6613 12.8471
v  2.6326 38.1053 12.8471
v  -15.3679 113.9127 -21.1410
v  -11.3488 106.3197 -17.0208
v  -9.6024 103.0163 -13.9085
v  -6.7480 101.6927 -19.0483
v  -0.5473 84.8634 -11.5654
v  2.9221 91.8160 -14.4129
v  8.2660 105.4576 79.5180
v  9.0333 114.6133 -9.0843
v  8.1675 105.2504 -9.0843
v  6.5933 105.2837 -4.9164
v  28.2013 96.0756 -2.5064
v  25.6390 86.6031 7.1375
v  26.3819 86.5752 4.9164
v  13.8046 94.8590 53.9767
v  13.8255 94.0685 61.6346
v  28.6959 105.5274 -4.9164
v  23.0829 105.3905 -10.6820
v  12.3448 19.0070 4.9164
v  -14.2149 109.4574 -29.4420
v  -13.8179 103.8452 -28.5460
v  -17.4428 106.4694 -30.7501
v  -19.7596 121.0784 -35.8133
v  -20.9312 114.9570 -34.0378
v  15.7835 57.1718 -7.1375
v  13.9530 57.1603 -9.0843
v  10.0891 28.5256 -9.0843
v  18.5932 84.5898 -0.0080
v  15.3529 88.7015 2.1620
v  8.8598 96.3790 -8.3805
v  14.3373 96.6936 -12.4232
v  11.3624 92.9620 -10.4996
v  15.3829 38.0999 -0.0000
v  13.3508 28.5521 4.9164
v  13.2508 19.0030 -0.0000
v  14.1996 28.5449 -0.0000
v  20.1348 115.0517 12.6002
v  21.6653 105.7194 12.8471
v  22.3916 115.0877 12.8471
v  25.8322 105.7514 11.8692
v  3.4170 105.5509 71.0392
v  -2.5640 101.9852 63.7158
v  14.1194 98.1666 45.6171
v  -11.1208 38.0549 -0.0000
v  -6.9102 38.0798 9.0843
v  -7.9923 28.5304 9.0843
v  -21.3473 102.7199 -22.3181
v  -16.5550 95.8497 -17.8862
v  4.6327 113.3547 24.7937
v  3.2044 110.5129 25.4529
v  8.5087 116.8028 24.3477
v  -4.0217 99.3621 -15.4411
v  -6.6301 100.1205 -11.4604
v  -2.4408 97.6240 -9.6801
v  49.1509 98.5441 -30.3799
v  51.6982 102.3050 -32.2219
v  53.4105 106.9416 -33.8114
v  -4.5745 94.6547 73.2710
v  40.6067 101.1362 -13.8270
v  34.7112 100.9774 -10.6980
v  -0.3580 76.5244 -9.0843
v  4.9213 95.8028 -7.1375
v  2.9173 86.2137 -9.0843
v  1.0041 86.2532 -4.9164
v  -9.0072 18.9848 -9.0843
v  25.6119 98.0976 -4.3919
v  27.8468 101.4989 -7.9053
v  23.5792 99.9039 -4.5009
v  31.2156 115.0111 -0.0000
v  6.2819 101.5684 7.3319
v  6.3788 96.3693 9.0573
v  -15.3649 97.9957 -25.9618
v  -11.6168 100.2271 -26.4086
v  18.5966 110.4819 6.6754
v  7.8383 114.7019 -0.0000
v  7.4833 114.6396 -4.9164
v  12.3046 85.6423 -8.4584
v  23.7764 100.6953 -16.4073
v  18.7773 98.8157 -14.7112
v  18.6737 57.2236 2.5063
v  18.1985 57.1976 -2.5064
v  11.5612 98.9389 67.1040
v  7.8191 105.3948 2.5063
v  7.8925 104.8257 6.5678
v  27.1970 96.2429 9.0843
v  23.9123 96.2584 11.8692
v  18.7764 88.1586 -6.9311
v  23.7386 92.6976 -3.9518
v  -8.9622 89.1451 -16.2002
v  15.6126 114.9569 10.6820
v  -0.8032 87.9769 -16.5427
v  5.0381 87.4249 -13.4449
v  13.8546 66.8065 -10.6820
v  -8.6228 47.6140 4.9164
v  -9.9390 38.0663 4.9164
v  7.7801 93.7151 83.3382
v  10.6076 98.7151 82.1615
v  49.8677 95.4793 -21.6129
v  49.5227 97.5412 -18.4517
v  48.6309 99.1779 -16.9973
v  17.1302 57.2439 7.1375
v  16.1476 94.4860 0.3096
v  -18.4575 98.1218 -22.4697
v  -19.1432 99.1047 -20.1794
v  -18.7513 122.8375 -23.8460
v  -7.5594 38.0437 -9.0843
v  -10.2824 38.0472 -4.9164
v  -5.6125 38.0437 -10.6820
v  -16.2875 112.9597 -31.9106
v  -15.0429 117.4328 -26.1335
v  56.5609 110.7799 -21.8843
v  53.9524 113.6556 -20.9742
v  -17.6582 118.1848 -22.1556
v  5.1618 103.8230 27.8633
v  56.5903 105.3314 -31.5268
v  9.1011 108.4670 48.8501
v  4.3275 108.1049 48.1764
v  23.4410 102.4856 10.1794
v  28.9653 96.1930 4.9164
v  6.9649 108.9796 12.2250
v  17.3371 93.8665 -12.5750
v  -1.1058 97.2422 -11.7073
v  -2.8725 66.7503 -9.0843
v  -7.4915 57.1270 -4.9164
v  6.6307 92.1500 -5.9354
v  8.1346 89.2806 -8.7138
v  -13.5513 109.9364 -19.1589
v  -9.3407 104.9433 -21.3434
v  16.1325 117.9868 25.2438
v  -2.7004 76.6231 -0.0000
v  -4.5572 19.0005 11.8692
v  -19.8512 110.2920 -32.3527
v  13.9519 86.6012 12.6003
v  23.7458 76.8059 2.5063
v  55.5071 104.3904 -22.1923
v  12.7034 76.8878 12.8471
v  6.7666 67.0164 12.6003
v  9.1505 57.2486 12.6003
v  6.9431 89.9007 -11.5420
v  15.4297 47.6380 -4.9164
v  12.5240 96.1296 10.6820
# 841 vertices

vn -0.0147 -0.0102 -0.9998
vn -0.0135 -0.0131 -0.9998
vn -0.0145 -0.0127 -0.9998
vn -0.0155 -0.0120 -0.9998
vn -0.0165 -0.0112 -0.9998
vn -0.0173 -0.0103 -0.9998
vn -0.0179 -0.0094 -0.9998
vn -0.0183 -0.0086 -0.9998
vn -0.0184 -0.0080 -0.9998
vn -0.0185 -0.0077 -0.9998
vn -0.0185 -0.0076 -0.9998
vn -0.0186 -0.0078 -0.9998
vn -0.0186 -0.0079 -0.9998
vn -0.0185 -0.0078 -0.9998
vn -0.0182 -0.0077 -0.9998
vn -0.0175 -0.0076 -0.9998
vn -0.0165 -0.0076 -0.9998
vn -0.0152 -0.0078 -0.9999
vn -0.0140 -0.0083 -0.9999
vn -0.0129 -0.0089 -0.9999
vn -0.0119 -0.0096 -0.9999
vn -0.0112 -0.0104 -0.9999
vn -0.0108 -0.0111 -0.9999
vn -0.0105 -0.0117 -0.9999
vn -0.0105 -0.0121 -0.9999
vn -0.0105 -0.0125 -0.9999
vn -0.0106 -0.0127 -0.9999
vn -0.0107 -0.0129 -0.9999
vn -0.0110 -0.0131 -0.9999
vn -0.0113 -0.0133 -0.9998
vn -0.0119 -0.0133 -0.9998
vn -0.0126 -0.0133 -0.9998
vn 0.0000 0.0000 1.0000
vn 0.1897 -0.9815 -0.0267
vn 0.0034 -1.0000 -0.0004
vn -0.0085 -1.0000 0.0015
vn 0.2008 -0.9795 -0.0182
vn 0.3672 -0.9288 -0.0510
vn 0.0041 -1.0000 0.0002
vn 0.5225 -0.8496 -0.0721
vn 0.3766 -0.9258 -0.0336
vn 0.2020 -0.9794 0.0043
vn 0.0038 -1.0000 0.0009
vn 0.6562 -0.7491 -0.0905
vn 0.2001 -0.9794 0.0277
vn 0.0026 -1.0000 0.0009
vn 0.7688 -0.6306 -0.1068
vn 0.7739 -0.6295 -0.0694
vn 0.1953 -0.9797 0.0459
vn 0.0005 -1.0000 -0.0001
vn 0.8600 -0.4957 -0.1211
vn 0.1890 -0.9805 0.0529
vn -0.0017 -1.0000 -0.0012
vn 0.9290 -0.3453 -0.1334
vn 0.9335 -0.3478 -0.0872
vn 0.1838 -0.9818 0.0471
vn -0.0009 -1.0000 -0.0004
vn 0.9732 -0.1798 -0.1432
vn 0.1836 -0.9822 0.0400
vn -0.0013 -1.0000 -0.0004
vn 0.1840 -0.9823 0.0338
vn -0.0016 -1.0000 -0.0004
vn 0.1854 -0.9823 0.0252
vn -0.0003 -1.0000 -0.0000
vn 0.1884 -0.9819 0.0198
vn -0.0009 -1.0000 -0.0000
vn 0.1899 -0.9817 0.0160
vn -0.0017 -1.0000 -0.0000
vn 0.1914 -0.9815 0.0080
vn 0.1942 -0.9810 0.0014
vn 0.0000 -1.0000 -0.0000
vn 0.1951 -0.9808 -0.0000
vn 0.3812 -0.9245 0.0032
vn 0.3827 -0.9239 -0.0000
vn 0.5535 -0.8328 0.0056
vn 0.5556 -0.8315 -0.0000
vn 0.7047 -0.7095 0.0085
vn 0.7071 -0.7071 -0.0000
vn 0.8291 -0.5590 0.0118
vn 0.8315 -0.5556 -0.0000
vn 0.9220 -0.3869 0.0153
vn 0.9239 -0.3827 -0.0000
vn 0.9797 -0.1996 0.0186
vn 0.9808 -0.1951 -0.0000
vn 0.9998 -0.0043 0.0212
vn 1.0000 -0.0002 -0.0000
vn 0.9812 0.1915 0.0228
vn 0.9809 0.1947 0.0002
vn 0.9246 0.3804 0.0230
vn 0.9240 0.3823 0.0004
vn 0.8318 0.5547 0.0217
vn 0.8316 0.5553 0.0005
vn 0.7065 0.7074 0.0188
vn 0.7072 0.7071 0.0006
vn 0.5540 0.8324 0.0148
vn 0.5555 0.8315 0.0004
vn 0.3806 0.9247 0.0099
vn 0.3825 0.9239 0.0003
vn 0.1930 0.9812 0.0048
vn 0.1950 0.9808 -0.0000
vn -0.0014 1.0000 -0.0000
vn 0.0000 1.0000 -0.0000
vn -0.1955 0.9807 -0.0041
vn -0.1951 0.9808 -0.0000
vn -0.3821 0.9241 -0.0071
vn -0.3827 0.9239 -0.0000
vn -0.5542 0.8324 -0.0090
vn -0.5556 0.8315 -0.0000
vn -0.7053 0.7088 -0.0099
vn -0.7071 0.7071 -0.0000
vn -0.8298 0.5580 -0.0098
vn -0.8315 0.5556 -0.0000
vn -0.9227 0.3855 -0.0091
vn -0.9239 0.3827 -0.0000
vn -0.9802 0.1978 -0.0080
vn -0.9808 0.1951 -0.0000
vn -1.0000 0.0024 -0.0068
vn -1.0000 0.0000 -0.0000
vn -0.9811 -0.1933 -0.0056
vn -0.9808 -0.1951 -0.0000
vn -0.9244 -0.3815 -0.0045
vn -0.9239 -0.3827 -0.0000
vn -0.8319 -0.5549 -0.0036
vn -0.8315 -0.5556 -0.0000
vn -0.7073 -0.7069 -0.0029
vn -0.7071 -0.7071 -0.0000
vn -0.5556 -0.8314 -0.0023
vn -0.5556 -0.8315 -0.0000
vn -0.3827 -0.9239 -0.0017
vn -0.3827 -0.9239 -0.0000
vn -0.1951 -0.9808 -0.0009
vn -0.1951 -0.9808 -0.0000
vn -0.1956 -0.9807 -0.0071
vn -0.1935 -0.9810 -0.0152
vn -0.1917 -0.9813 -0.0192
vn -0.1924 -0.9810 -0.0258
vn -0.1922 -0.9807 -0.0354
vn -0.1931 -0.9803 -0.0429
vn -0.1974 -0.9788 -0.0541
vn -0.2012 -0.9777 -0.0601
vn -0.2062 -0.9772 -0.0510
vn -0.2104 -0.9771 -0.0304
vn -0.2122 -0.9772 -0.0046
vn -0.2113 -0.9772 0.0201
vn -0.2224 -0.9744 0.0336
vn -0.4320 -0.9008 0.0431
vn -0.4398 -0.8954 0.0689
vn -0.6392 -0.7661 0.0671
vn -0.6412 -0.7601 0.1049
vn -0.8091 -0.5808 0.0897
vn -0.8047 -0.5774 0.1379
vn -0.9242 -0.3663 0.1083
vn -0.9152 -0.3679 0.1644
vn -0.9815 -0.1482 0.1214
vn -0.9709 -0.1551 0.1826
vn -0.9902 0.0547 0.1285
vn -0.9804 0.0439 0.1923
vn -0.9635 0.2338 0.1304
vn -0.9557 0.2211 0.1944
vn -0.9123 0.3891 0.1275
vn -0.9069 0.3761 0.1899
vn -0.8401 0.5119 0.1794
vn -0.6554 0.7493 0.0949
vn -0.7574 0.6322 0.1635
vn -0.6576 0.7399 0.1420
vn -0.5371 0.8356 0.1150
vn -0.3825 0.9224 0.0537
vn -0.3913 0.9166 0.0824
vn 0.9887 -0.0001 -0.1499
vn 0.9696 0.1917 -0.1520
vn 0.9951 -0.0070 -0.0989
vn 0.9087 0.3904 -0.1477
vn 0.9780 0.1827 -0.1009
vn 0.7993 0.5856 -0.1351
vn 0.9199 0.3796 -0.0988
vn 0.6393 0.7607 -0.1125
vn 0.8138 0.5740 -0.0913
vn 0.4370 0.8959 -0.0800
vn 0.6570 0.7499 -0.0770
vn 0.2118 0.9765 -0.0401
vn 0.4567 0.8879 -0.0560
vn -0.0123 0.9999 0.0028
vn 0.2311 0.9725 -0.0297
vn -0.2163 0.9753 0.0446
vn 0.0044 1.0000 -0.0009
vn -0.2034 0.9787 0.0276
vn -0.0082 -0.0014 -1.0000
vn -0.5116 -0.3868 -0.7673
vn -0.0045 0.0002 -1.0000
vn -0.0040 -0.0008 -1.0000
vn -0.0038 -0.0018 -1.0000
vn -0.0038 -0.0027 -1.0000
vn -0.0040 -0.0035 -1.0000
vn -0.0044 -0.0043 -1.0000
vn -0.0048 -0.0048 -1.0000
vn -0.0054 -0.0053 -1.0000
vn -0.0060 -0.0056 -1.0000
vn -0.0066 -0.0057 -1.0000
vn -0.0072 -0.0058 -1.0000
vn -0.0079 -0.0057 -1.0000
vn -0.0086 -0.0055 -0.9999
vn -0.0094 -0.0052 -0.9999
vn -0.0101 -0.0048 -0.9999
vn -0.0108 -0.0042 -0.9999
vn -0.0115 -0.0034 -0.9999
vn -0.0121 -0.0025 -0.9999
vn -0.0126 -0.0015 -0.9999
vn -0.0128 -0.0005 -0.9999
vn -0.0129 0.0005 -0.9999
vn -0.0127 0.0014 -0.9999
vn -0.0124 0.0022 -0.9999
vn -0.0118 0.0028 -0.9999
vn 0.3787 -0.5587 -0.7378
vn 0.0000 -0.0005 1.0000
vn 0.0010 -0.0009 1.0000
vn -0.0002 -0.0005 1.0000
vn -0.0003 -0.0005 1.0000
vn -0.0003 -0.0004 1.0000
vn 0.0004 -0.0015 1.0000
vn 0.0012 -0.0027 1.0000
vn 0.0013 -0.0029 1.0000
vn 0.0013 -0.0028 1.0000
vn 0.0013 -0.0025 1.0000
vn 0.0014 -0.0022 1.0000
vn 0.0016 -0.0019 1.0000
vn 0.0019 -0.0016 1.0000
vn 0.0023 -0.0013 1.0000
vn -0.1738 0.5906 0.7880
vn -0.0354 0.6183 0.7851
vn 0.0987 0.6249 0.7745
vn 0.0032 -0.0010 1.0000
vn 0.0023 -0.0007 1.0000
vn 0.0009 0.0000 1.0000
vn 0.0004 0.0004 1.0000
vn 0.0005 0.0003 1.0000
vn 0.0005 0.0002 1.0000
vn 0.0005 0.0000 1.0000
vn 0.0006 0.0000 1.0000
vn 0.0005 -0.0002 1.0000
vn 0.0005 -0.0003 1.0000
vn 0.0004 -0.0004 1.0000
vn 0.0003 -0.0005 1.0000
vn 0.0002 -0.0005 1.0000
vn 0.1477 -0.6068 -0.7810
vn 0.0312 -0.6055 -0.7952
vn -0.0891 -0.8013 -0.5916
vn 0.2080 -0.7992 -0.5639
vn 0.2530 -0.8605 -0.4422
vn -0.0706 -0.8853 -0.4596
vn 0.2827 -0.9484 -0.1433
vn 0.1048 -0.9845 -0.1406
vn 0.2432 -0.9381 0.2467
vn 0.0527 -0.9608 0.2721
vn 0.1575 -0.8358 0.5260
vn -0.0253 -0.8358 0.5485
vn 0.0781 -0.7541 0.6521
vn -0.0950 -0.7427 0.6628
vn 0.0148 -0.7283 0.6851
vn -0.1570 -0.7104 0.6861
vn -0.0439 -0.7544 0.6549
vn -0.2202 -0.7289 0.6483
vn -0.1248 -0.8655 0.4852
vn -0.3064 -0.8240 0.4766
vn -0.2227 -0.9721 0.0733
vn -0.3866 -0.9188 0.0796
vn -0.2688 -0.9170 -0.2948
vn -0.5290 -0.8097 -0.2542
vn -0.2167 -0.7547 -0.6192
vn -0.4567 -0.6768 -0.5774
vn -0.1265 -0.8290 -0.5448
vn -0.4267 -0.7265 -0.5387
vn -0.2625 -0.9319 -0.2503
vn -0.0687 -0.9728 -0.2210
vn -0.4486 -0.8510 -0.2732
vn -0.6182 -0.7313 -0.2882
vn -0.7014 -0.5488 -0.4548
vn -0.7406 -0.6041 -0.2944
vn -0.8324 -0.4792 -0.2784
vn -0.8127 -0.4426 -0.3790
vn -0.9165 -0.3332 -0.2212
vn -0.9112 -0.3047 -0.2772
vn -0.9752 -0.1734 -0.1375
vn -0.9777 -0.1389 -0.1576
vn -0.9990 -0.0131 -0.0419
vn -0.9988 0.0264 -0.0401
vn -0.9855 0.1533 0.0722
vn -0.9761 0.2014 0.0812
vn -0.9205 0.3333 0.2037
vn -0.8991 0.3872 0.2041
vn -0.7980 0.5063 0.3270
vn -0.7646 0.5634 0.3129
vn -0.6292 0.6527 0.4219
vn -0.5883 0.7066 0.3933
vn -0.4404 0.7589 0.4796
vn -0.3963 0.8053 0.4410
vn -0.2024 0.8636 0.4617
vn -0.0142 0.8870 0.4615
vn 0.1630 0.8805 0.4452
vn 0.3072 0.8315 0.4628
vn 0.4635 0.7834 0.4140
vn 0.4860 0.7899 0.3740
vn 0.6149 0.7114 0.3402
vn 0.6322 0.7064 0.3183
vn 0.7478 0.6134 0.2540
vn 0.8503 0.4893 0.1937
vn 0.8547 0.4892 0.1738
vn 0.9357 0.3368 0.1051
vn 0.9279 0.3488 0.1315
vn 0.9849 0.1662 0.0485
vn 0.9810 0.1828 0.0658
vn 0.9999 -0.0136 0.0044
vn 1.0000 -0.0022 -0.0069
vn 0.9798 -0.1980 -0.0293
vn 0.9769 -0.1962 -0.0851
vn 0.9229 -0.3810 -0.0556
vn 0.9058 -0.3892 -0.1674
vn 0.8282 -0.5550 -0.0783
vn 0.7842 -0.5667 -0.2528
vn 0.6964 -0.7105 -0.1009
vn 0.6173 -0.7108 -0.3372
vn 0.5314 -0.8377 -0.1262
vn 0.4226 -0.8066 -0.4132
vn 0.3409 -0.9271 -0.1556
vn 0.2216 -0.8517 -0.4749
vn 0.1365 -0.9726 -0.1881
vn 0.0340 -0.8540 -0.5191
vn 0.0658 -0.7944 -0.6038
vn -0.1354 -0.9388 -0.3168
vn -0.0513 -0.9971 0.0554
vn 0.0617 -0.8800 0.4710
vn 0.1343 -0.7568 0.6397
vn 0.3512 -0.6967 0.6255
vn 0.4020 -0.7079 0.5808
vn 0.4768 -0.7571 0.4467
vn 0.5496 -0.8131 0.1919
vn 0.5671 -0.8136 -0.1283
vn 0.5266 -0.7604 -0.3801
vn 0.4863 -0.7230 -0.4907
vn 0.2661 -0.5905 -0.7619
vn 0.6185 -0.6474 -0.4454
vn 0.7386 -0.5605 -0.3746
vn 0.7243 -0.5765 -0.3782
vn 0.8447 -0.4499 -0.2901
vn 0.9304 -0.3131 -0.1908
vn 0.9857 -0.1500 -0.0771
vn 0.9144 -0.3433 -0.2144
vn 0.9982 0.0346 0.0482
vn 0.9769 -0.1861 -0.1051
vn 0.9571 0.2288 0.1780
vn 0.9996 -0.0001 0.0269
vn 0.8588 0.4143 0.3014
vn 0.9633 0.2028 0.1757
vn 0.7093 0.5740 0.4091
vn 0.8586 0.3975 0.3239
vn 0.5038 0.7014 0.5042
vn 0.6991 0.5567 0.4488
vn 0.2816 0.7690 0.5738
vn 0.4936 0.6787 0.5438
vn -0.0915 -0.5853 -0.8056
vn -0.2705 -0.7678 -0.5807
vn -0.2276 -0.5436 -0.8079
vn -0.4674 -0.6987 -0.5416
vn -0.3689 -0.4785 -0.7969
vn -0.6677 -0.5825 -0.4636
vn -0.8425 -0.4164 -0.3418
vn -0.8640 -0.3593 -0.3528
vn -0.9592 -0.2141 -0.1845
vn -0.9720 -0.1571 -0.1744
vn -0.9999 -0.0046 -0.0139
vn -0.9986 0.0480 0.0219
vn -0.9722 0.1835 0.1453
vn -0.9525 0.2264 0.2039
vn -0.9002 0.3353 0.2778
vn -0.8634 0.3633 0.3502
vn -0.8079 0.4501 0.3805
vn -0.7596 0.4628 0.4570
vn -0.6542 0.5373 0.5323
vn -0.5508 0.5966 0.5837
vn -0.4947 0.6612 0.5640
vn -0.4475 0.6472 0.6171
vn -0.2495 0.7423 0.6219
vn -0.3393 0.6927 0.6364
vn -0.2193 0.7336 0.6432
vn 0.0708 0.7729 0.6305
vn -0.0800 0.7665 0.6373
vn 0.0860 0.7831 0.6159
vn 0.2691 0.7499 0.6044
vn -0.0003 0.0006 -1.0000
vn -0.0002 0.0009 -1.0000
vn 0.0000 0.0009 -1.0000
vn 0.0000 0.0008 -1.0000
vn 0.0000 0.0007 -1.0000
vn 0.0000 0.0006 -1.0000
vn 0.0000 0.0005 -1.0000
vn 0.0000 0.0004 -1.0000
vn 0.0000 0.0003 -1.0000
vn -0.0002 0.0003 -1.0000
vn -0.0003 0.0003 -1.0000
vn -0.0004 0.0003 -1.0000
vn -0.0005 0.0003 -1.0000
vn -0.0005 0.0004 -1.0000
vn -0.0006 0.0004 -1.0000
vn 0.6319 0.1812 -0.7536
vn 0.6578 -0.0770 -0.7492
vn -0.0006 0.0007 -1.0000
vn -0.0006 0.0008 -1.0000
vn -0.0005 0.0008 -1.0000
vn -0.0005 0.0009 -1.0000
vn -0.0004 0.0009 -1.0000
vn -0.0003 0.0009 -1.0000
vn 0.0002 -0.0008 1.0000
vn 0.0003 -0.0006 1.0000
vn 0.0000 -0.0008 1.0000
vn 0.0000 -0.0007 1.0000
vn 0.0000 -0.0006 1.0000
vn 0.0000 -0.0004 1.0000
vn 0.0000 -0.0003 1.0000
vn 0.0002 -0.0003 1.0000
vn 0.0003 -0.0003 1.0000
vn 0.0004 -0.0003 1.0000
vn 0.0005 -0.0004 1.0000
vn 0.6275 0.1825 0.7570
vn 0.6504 0.0522 0.7578
vn 0.6542 -0.0741 0.7527
vn 0.6400 -0.1966 0.7428
vn 0.0006 -0.0007 1.0000
vn 0.0005 -0.0007 1.0000
vn 0.0005 -0.0008 1.0000
vn 0.0004 -0.0008 1.0000
vn 0.0003 -0.0008 1.0000
vn 0.6546 0.0500 -0.7543
vn 0.8677 0.0583 -0.4937
vn 0.7788 0.4179 -0.4678
vn 0.8451 0.2280 -0.4836
vn 0.6866 0.5970 -0.4150
vn 0.7931 0.4034 -0.4563
vn 0.5523 0.7631 -0.3357
vn 0.7056 0.5792 -0.4083
vn 0.3773 0.8970 -0.2304
vn 0.5777 0.7439 -0.3361
vn 0.1740 0.9790 -0.1066
vn 0.4095 0.8803 -0.2396
vn -0.0361 0.9991 0.0223
vn 0.2111 0.9695 -0.1244
vn -0.2315 0.9623 0.1426
vn 0.0013 1.0000 -0.0017
vn -0.3993 0.8832 0.2460
vn -0.1985 0.9732 0.1160
vn -0.5358 0.7772 0.3299
vn -0.3737 0.9012 0.2194
vn -0.6432 0.6557 0.3954
vn -0.5185 0.7989 0.3048
vn -0.7255 0.5252 0.4448
vn -0.7225 0.5462 0.4239
vn -0.7863 0.3884 0.4804
vn -0.8281 0.2460 0.5037
vn -0.8515 0.0971 0.5153
vn -0.8553 -0.0591 0.5147
vn -0.8442 -0.2283 0.4851
vn -0.8366 -0.2228 0.5004
vn -0.7905 -0.3930 0.4698
vn -0.7108 -0.5644 0.4198
vn -0.7935 -0.4061 0.4533
vn -0.5921 -0.7270 0.3476
vn -0.7060 -0.5839 0.4009
vn -0.4333 -0.8650 0.2530
vn -0.5768 -0.7492 0.3256
vn -0.2419 -0.9601 0.1406
vn -0.4072 -0.8843 0.2285
vn -0.0345 -0.9992 0.0200
vn -0.2082 -0.9712 0.1160
vn 0.0010 -1.0000 -0.0012
vn 0.0020 -1.0000 -0.0021
vn -0.2089 -0.9724 0.1039
vn 0.0026 -1.0000 -0.0023
vn -0.2095 -0.9740 0.0865
vn 0.0031 -1.0000 -0.0020
vn -0.2099 -0.9755 0.0661
vn 0.0035 -1.0000 -0.0015
vn -0.2102 -0.9767 0.0438
vn 0.0038 -1.0000 -0.0007
vn -0.2103 -0.9774 0.0204
vn 0.0038 -1.0000 0.0001
vn -0.2104 -0.9776 -0.0034
vn 0.0037 -1.0000 0.0010
vn -0.2103 -0.9773 -0.0272
vn 0.0034 -1.0000 0.0017
vn -0.2102 -0.9764 -0.0504
vn 0.0030 -1.0000 0.0022
vn -0.2099 -0.9750 -0.0724
vn 0.0025 -1.0000 0.0023
vn -0.2094 -0.9735 -0.0923
vn 0.0017 -1.0000 0.0019
vn -0.2088 -0.9719 -0.1086
vn 0.0006 -1.0000 0.0007
vn -0.2081 -0.9709 -0.1186
vn -0.2413 -0.9601 -0.1412
vn -0.0346 -0.9992 -0.0202
vn -0.4320 -0.8653 -0.2542
vn -0.4061 -0.8837 -0.2329
vn -0.5899 -0.7279 -0.3496
vn -0.5743 -0.7486 -0.3315
vn -0.7080 -0.5658 -0.4226
vn -0.7021 -0.5836 -0.4080
vn -0.7873 -0.3950 -0.4735
vn -0.7886 -0.4065 -0.4613
vn -0.8332 -0.2254 -0.5050
vn -0.8386 -0.2297 -0.4939
vn -0.8519 -0.0620 -0.5200
vn -0.8589 -0.2248 -0.4602
vn -0.8482 0.0939 -0.5213
vn -0.8794 -0.0509 -0.4733
vn -0.8252 0.2425 -0.5102
vn -0.9027 0.1234 -0.4123
vn -0.7839 0.3850 -0.4871
vn -0.7236 0.5220 -0.4516
vn -0.7301 0.5559 -0.3975
vn -0.6420 0.6530 -0.4019
vn -0.6315 0.6748 -0.3818
vn -0.5352 0.7751 -0.3357
vn -0.5174 0.7964 -0.3131
vn -0.3992 0.8820 -0.2505
vn -0.3734 0.8998 -0.2257
vn -0.2318 0.9618 -0.1454
vn -0.1986 0.9728 -0.1196
vn -0.0366 0.9991 -0.0230
vn 0.0010 1.0000 0.0013
vn 0.1731 0.9790 0.1079
vn 0.2103 0.9693 0.1273
vn 0.3756 0.8970 0.2332
vn 0.4079 0.8795 0.2452
vn 0.5496 0.7634 0.3394
vn 0.5746 0.7429 0.3434
vn 0.6831 0.5981 0.4191
vn 0.7013 0.5786 0.4165
vn 0.7750 0.4201 0.4721
vn 0.7878 0.4037 0.4651
vn 0.8395 0.2294 0.4925
vn 0.8609 -0.1008 0.4987
vn 0.8378 -0.2553 0.4826
vn 0.7877 -0.4079 0.4618
vn 0.8051 -0.4160 0.4229
vn 0.7195 -0.5535 0.4194
vn 0.6386 -0.6784 0.3634
vn 0.6256 -0.6904 0.3632
vn 0.5032 -0.8136 0.2914
vn 0.5219 -0.7998 0.2965
vn 0.3501 -0.9145 0.2027
vn 0.3757 -0.9018 0.2134
vn 0.1680 -0.9810 0.0974
vn 0.1999 -0.9732 0.1138
vn 0.2017 -0.9737 0.1063
vn 0.2030 -0.9749 0.0913
vn 0.2040 -0.9763 0.0722
vn 0.2048 -0.9775 0.0506
vn 0.2053 -0.9783 0.0274
vn 0.2055 -0.9786 0.0035
vn 0.2054 -0.9785 -0.0206
vn 0.2050 -0.9778 -0.0439
vn 0.2042 -0.9767 -0.0660
vn 0.2032 -0.9754 -0.0858
vn 0.2020 -0.9740 -0.1020
vn 0.2005 -0.9733 -0.1122
vn 0.1684 -0.9809 -0.0971
vn 0.3503 -0.9146 -0.2018
vn 0.5031 -0.8141 -0.2900
vn 0.3763 -0.9024 -0.2098
vn 0.6255 -0.6916 -0.3612
vn 0.5228 -0.8012 -0.2913
vn 0.7193 -0.5557 -0.4168
vn 0.6399 -0.6806 -0.3569
vn 0.7879 -0.4110 -0.4586
vn 0.8336 -0.2591 -0.4878
vn 0.8416 -0.2588 -0.4741
vn 0.4651 0.6577 -0.5926
vn 0.5314 0.6966 -0.4821
vn 0.7689 0.5240 -0.3664
vn -0.4436 0.6341 -0.6333
vn -0.2222 0.7745 -0.5922
vn -0.2845 0.6833 -0.6724
vn -0.9319 0.2224 -0.2866
vn -0.9180 0.1932 -0.3465
vn -0.8877 0.3325 -0.3185
vn -0.6774 0.7355 -0.0115
vn -0.6748 0.7324 -0.0908
vn -0.3810 0.9232 -0.0510
vn -0.6685 0.7247 -0.1668
vn -0.3785 0.9157 -0.1353
vn -0.3800 0.9202 -0.0943
vn 0.1908 0.9814 0.0223
vn 0.1914 0.9814 0.0148
vn 0.3787 0.9250 0.0300
vn 0.3999 0.9068 0.1332
vn 0.5691 0.8053 0.1663
vn 0.5859 0.7881 0.1887
vn 0.5534 0.8255 0.1112
vn 0.5516 0.8300 0.0823
vn 0.7071 0.6994 0.1044
vn 0.2236 0.9729 0.0594
vn 0.2115 0.9747 0.0725
vn 0.4211 0.8963 0.1391
vn -0.9716 -0.1169 -0.2057
vn -0.9782 -0.1449 -0.1487
vn -0.9860 0.0582 -0.1563
vn -0.8182 0.5151 -0.2554
vn -0.7508 0.6195 -0.2292
vn -0.5016 0.8441 -0.1896
vn -0.5294 0.8025 -0.2752
vn -0.2825 0.7942 -0.5379
vn -0.3802 0.8781 -0.2906
vn -0.9719 0.2197 -0.0850
vn -0.9179 0.3942 -0.0444
vn -0.9099 0.4064 -0.0831
vn 0.2543 0.9471 0.1955
vn 0.5263 0.8016 0.2837
vn 0.5436 0.8230 0.1650
vn -0.9689 -0.1550 0.1929
vn -0.9753 -0.1533 0.1589
vn -0.9999 0.0146 0.0022
vn -0.8765 0.4793 0.0449
vn -0.5778 0.8131 0.0708
vn 0.1925 0.9795 0.0586
vn 0.3794 0.9199 0.0991
vn 0.3867 0.9149 0.1158
vn -0.5045 0.8486 -0.1595
vn -0.5125 0.8485 -0.1323
vn -0.3565 0.9296 -0.0937
vn -0.8667 0.4623 0.1875
vn -0.8784 0.4696 0.0885
vn -0.6760 0.7337 0.0681
vn 0.9728 0.2313 -0.0079
vn 0.9986 0.0409 -0.0322
vn 0.9993 0.0314 -0.0185
vn 0.7589 -0.6301 0.1645
vn 0.5070 -0.8522 0.1295
vn 0.5103 -0.8488 0.1384
vn 0.9998 -0.0146 0.0096
vn 0.9926 -0.0130 0.1209
vn 0.9746 -0.1902 0.1181
vn -0.9810 -0.1770 -0.0794
vn -0.9817 -0.1867 -0.0378
vn -0.9991 0.0105 -0.0412
vn 0.9145 -0.3223 0.2445
vn 0.9258 -0.3031 0.2260
vn 0.8583 -0.4709 0.2038
vn 0.6701 -0.7356 0.0992
vn 0.5339 -0.8435 0.0596
vn 0.5257 -0.8473 0.0753
vn -0.2031 0.9787 -0.0307
vn -0.1983 0.9785 -0.0558
vn 0.0037 1.0000 0.0015
vn 0.9797 -0.2006 -0.0043
vn 0.9794 -0.1920 0.0628
vn 0.8603 -0.4961 0.1175
vn -0.9835 0.0643 -0.1693
vn -0.9564 0.0438 -0.2888
vn 0.6178 0.7712 0.1536
vn 0.6085 0.7631 0.2176
vn 0.7548 0.5984 0.2686
vn -0.9841 -0.1547 0.0873
vn -0.9995 0.0292 -0.0127
vn -0.9997 0.0250 -0.0072
vn 0.7921 -0.5981 0.1217
vn 0.8039 -0.5869 0.0965
vn 0.6806 -0.7284 0.0787
vn 0.8907 0.0510 -0.4517
vn 0.9206 0.0467 -0.3876
vn 0.8844 -0.2842 -0.3704
vn -0.7350 0.5604 0.3816
vn -0.7510 0.5760 0.3228
vn -0.5284 0.8181 0.2269
vn -0.5231 0.8463 -0.1013
vn -0.3621 0.9293 -0.0721
vn -0.1885 0.9817 -0.0274
vn -0.1902 0.9815 -0.0211
vn -0.0007 1.0000 -0.0000
vn 0.1827 0.9478 -0.2612
vn 0.2308 0.8274 -0.5120
vn 0.4183 0.7799 -0.4656
vn 0.7487 0.5162 -0.4160
vn 0.8680 0.3652 -0.3364
vn 0.8797 0.3713 -0.2971
vn 0.8958 0.4281 0.1192
vn 0.9449 0.2306 0.2322
vn 0.9640 0.2333 0.1278
vn 0.8853 0.4248 -0.1893
vn 0.8987 0.4294 -0.0896
vn 0.9675 0.2341 -0.0961
vn 0.8911 0.4412 0.1058
vn 0.9789 0.2035 -0.0154
vn 0.9748 0.2110 0.0723
vn -0.4263 0.7941 0.4332
vn -0.1140 0.8560 0.5042
vn -0.7440 -0.6323 -0.2159
vn -0.8091 -0.4551 -0.3719
vn -0.8470 -0.4982 -0.1853
vn 0.8683 0.2248 -0.4421
vn -0.9730 0.0861 -0.2140
vn -0.9541 0.2545 -0.1580
vn -0.9362 0.2788 -0.2139
vn -0.9238 -0.2404 -0.2979
vn -0.9284 -0.2866 -0.2364
vn -0.9635 -0.0799 -0.2555
vn -0.9183 0.3330 -0.2140
vn -0.8995 0.3293 -0.2872
vn -0.7870 0.4567 -0.4149
vn 0.8125 -0.5772 0.0813
vn 0.8218 -0.5678 0.0473
vn 0.6975 -0.7156 0.0370
vn 0.5520 0.8313 0.0658
vn 0.7062 0.7057 0.0567
vn 0.7062 0.7030 0.0842
vn 0.6655 0.7464 0.0039
vn 0.8149 0.5700 0.1049
vn 0.8227 0.5684 0.0053
vn 0.0378 0.9432 -0.3301
vn 0.2580 0.9659 -0.0218
vn 0.5404 0.8413 -0.0139
vn -0.0447 0.8015 -0.5963
vn 0.1158 0.8041 -0.5831
vn 0.8655 -0.5008 0.0119
vn 0.6628 -0.7487 0.0112
vn 0.9091 -0.3358 0.2466
vn 0.8467 -0.4834 0.2222
vn 0.9804 -0.1946 -0.0307
vn 0.9773 -0.1850 -0.1030
vn 0.8837 -0.4303 -0.1842
vn 0.8584 0.4436 0.2577
vn 0.8478 0.4761 0.2338
vn 0.9276 0.2792 0.2480
vn 0.9260 0.3356 0.1728
vn 0.9784 0.1567 0.1351
vn 0.9750 0.1358 0.1757
vn -0.8828 0.1162 0.4552
vn -0.8807 0.2861 0.3775
vn -0.8545 0.2730 0.4419
vn 0.9680 0.2052 0.1445
vn 0.9997 -0.0113 0.0220
vn -0.9790 -0.2035 0.0130
vn -0.9992 0.0066 0.0398
vn -0.9996 0.0004 0.0281
vn 0.9441 -0.1314 -0.3024
vn 0.9690 -0.1374 -0.2055
vn 0.9099 -0.2956 -0.2908
vn -0.5058 0.8404 -0.1947
vn -0.8140 0.5756 -0.0777
vn -0.8236 0.5655 -0.0433
vn -0.6987 0.7143 -0.0399
vn -0.8546 -0.4496 0.2599
vn -0.7863 -0.6165 0.0402
vn -0.9425 -0.3341 0.0083
vn -0.5541 0.8320 -0.0277
vn -0.5476 0.8177 0.1776
vn -0.3314 0.9221 0.1998
vn -0.8921 0.4248 0.1539
vn -0.8469 0.5316 -0.0093
vn -0.6523 0.7500 -0.1094
vn 0.9998 0.0007 -0.0213
vn 0.9777 -0.1814 0.1063
vn 0.9726 -0.1841 0.1421
vn 0.7535 -0.6564 -0.0367
vn 0.4838 -0.8165 -0.3150
vn 0.5581 -0.8295 -0.0224
vn 0.9169 -0.3455 0.2000
vn 0.8021 -0.4702 0.3682
vn 0.8329 -0.4809 0.2740
vn 1.0000 -0.0008 -0.0026
vn -0.5595 -0.8222 -0.1050
vn -0.5561 -0.8277 -0.0753
vn -0.7118 -0.6955 -0.0982
vn -0.8337 -0.5485 -0.0642
vn -0.9256 -0.3769 -0.0337
vn -0.9261 -0.3702 -0.0728
vn 0.9111 0.0470 0.4096
vn 0.8456 -0.4443 0.2959
vn 0.3762 0.9234 0.0764
vn -0.1872 0.9816 -0.0382
vn -0.0013 1.0000 -0.0003
vn -0.9768 -0.0417 0.2103
vn -0.9847 0.1435 0.0990
vn -0.9679 0.1396 0.2088
vn -0.9990 -0.0407 -0.0169
vn -0.9903 -0.0409 -0.1326
vn -0.9810 0.1428 -0.1317
vn 0.8599 0.2242 0.4585
vn -0.3766 0.9102 -0.1724
vn -0.7619 0.5760 0.2961
vn -0.8189 -0.5737 -0.0173
vn -0.8083 -0.5742 -0.1302
vn -0.9215 -0.3570 -0.1526
vn 0.9170 -0.3465 0.1976
vn 0.8747 0.4093 0.2596
vn 0.9311 0.2452 0.2702
vn 0.9392 0.2117 0.2705
vn -0.6001 -0.6360 0.4851
vn -0.7558 -0.4548 0.4710
vn -0.7634 -0.5021 0.4065
vn -0.7683 -0.6387 -0.0417
vn -0.7809 -0.5767 0.2399
vn -0.9060 -0.3818 0.1825
vn 0.8594 -0.5004 0.1052
vn 0.3675 -0.9262 0.0839
vn 0.5267 -0.8473 0.0684
vn 0.8326 0.5450 0.0986
vn 0.8322 0.5506 0.0660
vn 0.9250 0.3733 0.0716
vn -0.1987 0.9791 0.0423
vn 0.0039 1.0000 -0.0008
vn 0.0036 1.0000 -0.0016
vn 0.0021 1.0000 -0.0024
vn 0.0027 1.0000 -0.0025
vn 0.2152 0.9721 -0.0936
vn 0.7646 -0.6197 0.1771
vn 0.7772 -0.6090 0.1581
vn 0.6581 -0.7417 0.1297
vn 0.6888 -0.7219 0.0660
vn 0.9902 -0.0442 0.1325
vn 0.9791 0.1698 0.1122
vn 0.9974 -0.0160 0.0708
vn 0.9934 -0.0296 0.1109
vn -0.2048 0.9788 -0.0010
vn 0.0049 1.0000 0.0012
vn 0.0052 1.0000 0.0001
vn 0.6587 0.7473 0.0875
vn -0.2723 0.9565 0.1048
vn 0.3974 0.8896 -0.2250
vn 0.5965 0.6217 -0.5076
vn 0.7413 0.4982 -0.4497
vn -0.7105 0.5773 -0.4024
vn -0.5029 0.6359 -0.5854
vn -0.5785 0.6688 -0.4669
vn -0.7710 -0.4312 0.4687
vn -0.9052 -0.3022 0.2989
vn -0.8871 -0.3052 0.3462
vn -0.8904 -0.3422 0.3001
vn -0.8815 -0.3182 0.3488
vn -0.9674 -0.1585 0.1978
vn -0.9931 0.0373 -0.1109
vn -0.5321 0.8435 -0.0730
vn -0.5397 0.8400 -0.0560
vn -0.3717 0.9275 -0.0400
vn 0.8807 -0.4657 -0.0868
vn 0.6814 -0.7318 0.0113
vn 0.6800 -0.7302 -0.0670
vn 0.8781 -0.4644 0.1155
vn 0.6725 -0.7217 0.1638
vn 0.6788 -0.7288 0.0893
vn 0.8182 0.5495 -0.1692
vn 0.8422 0.5392 -0.0012
vn 0.9048 0.4067 -0.1262
vn 0.4954 0.8265 -0.2674
vn -0.9239 0.3057 -0.2302
vn -0.7677 -0.6124 -0.1886
vn -0.7523 -0.6030 -0.2654
vn -0.8562 -0.4181 -0.3033
vn 0.8618 -0.5026 -0.0684
vn -0.7374 -0.6387 -0.2200
vn -0.8482 -0.4871 -0.2079
vn -0.8543 -0.4473 -0.2648
vn -0.7822 -0.5843 -0.2162
vn -0.7546 -0.6068 -0.2499
vn -0.8651 -0.4040 -0.2973
vn -0.5546 -0.8311 -0.0423
vn -0.5561 -0.8309 -0.0191
vn -0.7083 -0.7055 -0.0243
vn 0.9815 -0.1914 0.0107
vn 0.9992 0.0357 -0.0180
vn 0.9766 -0.1759 -0.1241
vn 0.9024 0.4306 0.0151
vn -0.3814 0.9244 -0.0064
vn -0.3532 0.8700 0.3440
vn 0.2189 0.9148 0.3394
vn -0.3753 0.9063 0.1944
vn -0.1986 0.9764 0.0843
vn -0.1986 0.9748 0.1021
vn -0.6915 -0.5579 -0.4589
vn -0.9691 0.2461 -0.0144
vn -0.9345 -0.3553 -0.0188
vn 0.9683 0.1078 0.2255
vn 0.9832 -0.0652 0.1705
vn 0.9715 -0.0914 0.2188
vn 0.9760 -0.1856 0.1141
vn 0.9729 -0.1836 0.1406
vn 0.9020 -0.3411 0.2646
vn 0.9054 0.4192 -0.0668
vn 0.8958 0.3932 -0.2074
vn 0.9757 0.1976 -0.0950
vn -0.8651 0.4758 -0.1588
vn -0.9052 0.3947 -0.1577
vn -0.9560 0.2416 -0.1662
vn 0.9993 0.0149 -0.0339
vn 0.9816 -0.1856 0.0457
vn 0.8470 0.5017 0.1760
vn 0.8990 0.3862 0.2064
vn 0.6383 0.7537 0.1564
vn 0.7651 0.5995 0.2348
vn 0.7929 0.5797 0.1876
vn 0.1990 0.9776 0.0680
vn 0.9423 0.0441 0.3318
vn 0.9259 -0.3027 0.2259
vn -0.5352 0.8447 -0.0035
vn 0.4195 0.8871 0.1928
vn 0.4139 0.8820 0.2252
vn 0.5856 0.7462 0.3167
vn 0.5108 -0.8521 0.1137
vn 0.3584 -0.9312 0.0671
vn 0.3553 -0.9315 0.0781
vn -0.7893 0.5973 -0.1423
vn -0.8039 0.5860 -0.1020
vn -0.6793 0.7284 -0.0898
vn -0.3670 0.9287 -0.0520
vn -0.8737 -0.4377 -0.2122
vn -0.9714 -0.2170 -0.0966
vn -0.9999 -0.0028 0.0131
vn 0.9247 0.3091 0.2221
vn 0.5586 0.8169 0.1440
vn 0.7154 0.6749 0.1809
vn 0.9184 -0.3594 -0.1653
vn 0.7467 -0.5981 -0.2910
vn 0.9720 0.2346 0.0163
vn 0.8838 -0.4677 0.0147
vn -0.9189 -0.0459 0.3918
vn -0.8352 -0.5434 -0.0848
vn -0.9807 -0.1645 -0.1054
vn -0.9962 0.0225 -0.0836
vn 0.0750 0.8508 0.5201
vn 0.1317 0.9819 0.1359
vn 0.3550 0.9239 0.1426
vn 0.8645 0.4218 0.2735
vn -0.5537 -0.8309 -0.0548
vn -0.7079 -0.7043 -0.0539
vn -0.7085 -0.7022 -0.0707
vn -0.1987 0.9780 0.0641
vn -0.7670 0.5906 0.2510
vn -0.6708 0.7273 0.1452
vn -0.5336 0.8275 0.1744
vn -0.9501 -0.0433 0.3089
vn -0.9074 0.2981 0.2963
vn -0.6511 0.7410 -0.1642
vn -0.9569 0.1206 -0.2642
vn -0.8922 -0.3727 -0.2551
vn -0.8310 -0.4104 -0.3756
vn -0.8872 -0.2254 -0.4026
vn 0.9124 -0.3910 0.1213
vn 0.7225 0.5833 -0.3711
vn 0.7416 0.5920 -0.3157
vn 0.8395 0.4104 -0.3560
vn 0.9512 0.0440 -0.3054
vn 0.9773 0.0424 -0.2078
vn -0.1973 0.7282 -0.6564
vn 0.0285 0.7262 -0.6869
vn 0.2733 0.7334 -0.6224
vn 0.8596 -0.2715 -0.4329
vn 0.6565 -0.7028 -0.2739
vn -0.9712 0.2360 0.0316
vn -0.9717 0.2355 -0.0204
vn -0.9992 0.0294 -0.0275
vn -0.9984 0.0338 -0.0460
vn -0.9733 0.2229 0.0553
vn 0.9767 -0.0024 0.2146
vn 0.9508 -0.1660 0.2617
vn 0.9806 0.1816 0.0731
vn 0.8457 0.5240 0.1016
vn 0.9714 0.2361 0.0254
vn 0.8959 -0.3420 0.2835
vn -0.9334 0.1316 -0.3337
vn -0.6488 0.7001 -0.2981
vn -0.9697 -0.0418 -0.2406
vn 0.6665 -0.7146 -0.2125
vn 0.8693 -0.4588 -0.1838
vn 0.6747 -0.7242 -0.1426
vn -0.7250 -0.6670 -0.1717
vn -0.7163 -0.6841 -0.1374
vn -0.8418 -0.5137 -0.1661
vn -0.8384 -0.5320 -0.1188
vn 0.9171 0.3773 0.1286
vn 0.9651 0.0776 0.2501
vn 0.8717 -0.4545 0.1833
vn -0.9942 -0.0409 0.0997
vn -0.9893 0.1446 -0.0168
vn -0.6067 -0.7708 0.1943
vn -0.6143 -0.7782 0.1303
vn -0.7712 -0.6150 0.1644
vn 0.8848 -0.3939 -0.2489
vn -0.9655 0.2348 -0.1124
vn -0.6889 0.7216 -0.0687
vn 0.7360 0.5885 0.3347
vn 0.0031 1.0000 0.0023
vn 0.0026 1.0000 0.0025
vn 0.2148 0.9715 0.0997
vn 0.7099 0.6903 0.1400
vn -0.5709 0.7639 -0.3010
vn -0.3340 0.9422 -0.0277
vn -0.8874 0.3517 -0.2981
vn -0.8949 0.4090 -0.1788
vn -0.7588 0.6017 -0.2494
vn 0.2825 0.8115 0.5116
vn 0.5527 0.8322 0.0443
vn -0.9327 0.1582 -0.3242
vn -0.9217 0.3423 0.1823
vn 0.2186 0.9758 0.0038
vn 0.4309 0.9005 0.0582
vn 0.4319 0.9019 0.0074
vn 0.2178 0.9748 -0.0478
vn 0.2184 0.9756 -0.0224
vn 0.4312 0.9012 -0.0436
vn 0.2129 0.9701 0.1168
vn 0.2176 0.9745 0.0551
vn 0.4244 0.8925 0.1526
vn 0.4283 0.8973 0.1072
vn 0.2183 0.9754 0.0298
vn -0.3780 0.9255 -0.0250
vn -0.1937 0.9810 -0.0136
vn -0.0017 1.0000 -0.0001
vn 0.4154 0.8837 -0.2156
vn 0.6006 0.7571 -0.2569
vn 0.5889 0.7488 -0.3040
vn 0.0032 1.0000 -0.0022
vn 0.2167 0.9736 -0.0718
vn 0.7597 0.6017 -0.2465
vn 0.8645 0.4179 -0.2793
vn -0.7594 0.4587 -0.4613
vn -0.5598 0.7700 0.3062
vn 0.6437 -0.6871 0.3369
vn -0.9831 0.1804 -0.0325
vn -0.9828 0.1812 0.0366
vn -0.3559 0.9249 -0.1335
vn -0.3622 0.9220 -0.1366
vn 0.0016 1.0000 0.0006
vn 0.9616 0.0462 0.2706
vn 0.6467 -0.6906 -0.3238
vn -0.7343 -0.5929 -0.3305
vn -0.7164 -0.5850 -0.3802
vn -0.8067 -0.4051 -0.4303
vn -0.1884 0.9796 -0.0700
vn -0.1851 0.9809 -0.0590
vn -0.6030 -0.7475 0.2785
vn -0.7216 -0.5877 0.3659
vn -0.8386 -0.4132 0.3551
vn -0.8138 -0.4071 0.4147
vn -0.8816 0.4717 -0.0150
vn -0.6190 -0.7830 0.0612
vn -0.7827 -0.6223 -0.0131
vn -0.7802 -0.6207 0.0775
vn 0.7660 0.5625 -0.3111
vn 0.9691 0.1925 -0.1545
vn -0.6390 -0.7627 -0.0997
vn -0.6194 -0.7675 -0.1652
vn 0.7925 -0.5739 0.2066
vn 0.9994 -0.0084 0.0337
vn 0.5676 0.8113 0.1402
vn 0.5034 0.7275 0.4662
vn 0.9699 0.2310 -0.0767
vn 0.9003 -0.4334 -0.0388
vn 0.9816 -0.1405 0.1295
vn 0.9852 -0.1412 -0.0974
vn 0.9498 -0.3124 0.0158
vn -0.6666 0.7348 -0.1249
vn -0.7703 0.6092 -0.1887
vn -0.1852 0.9815 -0.0494
vn -0.0020 1.0000 -0.0008
vn -0.0016 1.0000 -0.0008
vn -0.9150 0.3064 -0.2624
vn -0.6386 0.6864 -0.3480
vn -0.3747 0.9045 -0.2037
vn -0.1986 0.9742 -0.1072
vn -0.9992 0.0116 0.0386
vn -0.9744 0.1793 -0.1360
vn -0.9791 0.1808 -0.0935
vn 0.9628 -0.2397 0.1245
vn 0.9528 -0.2587 0.1587
vn -0.3536 0.9286 -0.1126
vn 0.9686 -0.2254 0.1047
vn 0.9752 -0.2117 0.0651
vn 0.9157 -0.3979 0.0570
vn -0.7526 0.5049 -0.4228
vn -0.5806 0.6312 -0.5144
vn 0.8800 0.4226 0.2169
vn 0.9182 0.2273 0.3243
vn 0.6635 -0.7113 0.2319
vn -0.9975 0.0683 -0.0168
vn -0.3812 0.9237 0.0382
vn -0.3852 -0.9187 -0.0867
vn -0.5667 -0.8135 -0.1304
vn -0.3944 -0.9123 -0.1103
vn -0.8446 0.4732 -0.2506
vn -0.8668 0.4544 -0.2054
vn -0.9713 0.1765 -0.1593
vn -0.8879 0.3281 -0.3226
vn -0.3727 0.9215 -0.1088
vn -0.3817 0.9223 -0.0602
vn 0.6562 -0.5704 0.4940
vn 0.6479 -0.6066 0.4606
vn 0.4862 -0.6850 0.5426
vn 0.4461 -0.8141 0.3718
vn -0.5460 -0.6134 0.5707
vn -0.6312 -0.6681 0.3940
vn 0.5096 -0.6457 0.5687
vn 0.6825 -0.5730 0.4538
vn -0.7498 0.6611 -0.0269
vn 0.2703 -0.7820 -0.5617
vn -0.3806 -0.9243 -0.0293
vn -0.3788 -0.9247 -0.0375
vn -0.3852 0.9228 -0.0021
vn -0.8721 0.2827 -0.3993
vn -0.2735 -0.8549 -0.4409
vn -0.3350 -0.9362 -0.1064
vn -0.5693 -0.8186 -0.0758
vn -0.4941 -0.7746 -0.3948
vn 0.6480 -0.7474 0.1469
vn -0.6835 -0.5292 0.5027
vn -0.4858 -0.6114 0.6246
vn -0.9128 -0.3104 -0.2653
vn 0.8070 0.4025 0.4322
vn 0.8318 0.4076 0.3767
vn 0.6198 0.7733 -0.1337
vn 0.7840 0.6157 -0.0784
vn 0.7746 0.6102 -0.1663
vn 0.6113 0.7659 -0.1992
vn 0.4991 -0.7175 -0.4859
vn -0.8758 0.4682 -0.1178
vn 0.1892 0.9815 0.0282
vn 0.1881 0.9814 0.0382
vn -0.1488 0.9216 0.3585
vn -0.4373 0.8951 0.0867
vn -0.2184 -0.8041 0.5529
vn -0.2699 -0.7073 0.6533
vn -0.4419 -0.6480 0.6204
vn 0.6532 -0.6991 0.2908
vn -0.5182 0.8410 -0.1556
vn -0.9769 0.1854 0.1066
vn -0.2118 0.9322 -0.2936
vn 0.0495 0.8412 -0.5385
vn -0.6203 -0.7843 -0.0103
vn -0.7783 -0.6193 -0.1032
vn 0.2559 -0.8649 0.4318
vn 0.1423 -0.9894 0.0292
vn -0.5971 -0.7620 0.2505
vn -0.7570 -0.6063 0.2436
vn -0.7396 -0.5964 0.3118
vn -0.5866 -0.7539 0.2960
vn -0.6181 -0.7819 -0.0816
vn -0.6125 -0.7761 -0.1497
vn -0.0012 1.0000 -0.0010
vn -0.1585 0.9283 -0.3362
vn 0.0828 0.9963 -0.0245
vn 0.3775 0.9249 0.0447
vn 0.3761 0.9249 0.0563
vn 0.3776 -0.9259 0.0075
vn 0.3744 -0.9259 0.0500
vn 0.5175 -0.8499 0.0992
vn 0.3628 -0.9305 0.0504
vn -0.5483 0.8356 -0.0339
vn -0.9010 0.4198 -0.1095
vn -0.8868 0.4359 -0.1534
vn 0.3682 -0.9289 0.0397
vn 0.3724 -0.9275 0.0327
vn 0.3471 -0.9378 0.0012
vn 0.2513 -0.9069 -0.3382
vn 0.0409 -0.9412 -0.3355
vn 0.9378 -0.2807 0.2042
vn 0.8877 -0.4380 0.1420
vn 0.1892 0.9807 0.0497
vn 0.5405 -0.8399 0.0496
vn 0.3767 -0.9262 0.0169
vn 0.8994 -0.4226 0.1121
vn 0.9072 -0.4100 0.0945
vn -0.9774 0.2068 -0.0435
vn 0.5473 -0.8365 0.0267
vn 0.8341 0.5381 0.1211
vn 0.9249 0.3644 0.1081
vn -0.3828 -0.9237 -0.0134
vn 0.8364 0.5239 0.1609
vn 0.9259 0.3541 0.1315
vn -0.8332 -0.5522 -0.0292
vn 0.9630 -0.1188 0.2420
vn 0.9626 0.0177 0.2703
vn 0.9544 -0.1447 0.2612
vn -0.9281 -0.3207 -0.1894
vn -0.9275 -0.3613 -0.0965
vn 0.8396 0.5020 0.2073
vn -0.0012 1.0000 -0.0014
vn -0.9287 -0.3451 -0.1359
vn -0.9476 -0.0347 -0.3177
vn -0.9244 -0.1927 -0.3291
vn -0.9473 -0.1573 -0.2790
vn -0.9386 0.0095 -0.3450
vn 0.7263 0.6557 0.2064
vn -0.9765 -0.1379 -0.1654
vn -0.9907 -0.1349 -0.0184
vn -0.1925 0.9788 -0.0707
vn -0.3813 -0.9217 -0.0705
vn 0.7421 0.6293 0.2308
vn 0.9583 0.1887 0.2146
vn 0.9200 0.3745 0.1155
vn -0.6349 -0.5322 0.5601
vn 0.9280 0.3726 0.0068
vn 0.9768 0.1768 0.1204
vn -0.4058 -0.9054 -0.1250
vn -0.5796 -0.7976 -0.1669
vn 0.9845 0.1750 0.0082
vn 0.6111 0.7673 0.1945
vn -0.3800 -0.9236 -0.0510
vn -0.6465 -0.7628 -0.0141
vn -0.4199 -0.9011 -0.1079
vn -0.5966 -0.7796 -0.1904
vn -0.4359 -0.8999 -0.0096
vn 0.4426 0.8896 0.1127
vn 0.2321 0.9721 0.0335
vn -0.4315 -0.8998 -0.0650
vn 0.4582 0.8866 0.0632
vn 0.2347 0.9721 0.0013
vn 0.4632 0.8863 0.0025
vn -0.9443 -0.2319 -0.2337
vn -0.9173 -0.2283 -0.3261
vn -0.9410 -0.0434 -0.3356
vn -0.1987 0.9788 -0.0488
vn -0.1987 0.9775 -0.0703
vn 0.8575 0.4151 0.3039
vn 0.8882 0.2246 0.4007
# 1220 vertex normals

o Group22992
g Group22992
s off
f 1//1 2//2 3//3 
f 1//1 3//3 4//4 
f 1//1 4//4 5//5 
f 1//1 5//5 6//6 
f 1//1 6//6 7//7 
f 1//1 7//7 8//8 
f 1//1 8//8 9//9 
f 1//1 9//9 10//10 
f 1//1 10//10 11//11 
f 1//1 11//11 12//10 
f 1//1 12//10 13//12 
f 1//1 13//12 14//13 
f 1//1 14//13 15//14 
f 1//1 15//14 16//15 
f 1//1 16//15 17//16 
f 1//1 17//16 18//17 
f 1//1 18//17 19//18 
f 1//1 19//18 20//19 
f 1//1 20//19 21//20 
f 1//1 21//20 22//21 
f 1//1 22//21 23//22 
f 1//1 23//22 24//23 
f 1//1 24//23 25//24 
f 1//1 25//24 26//25 
f 1//1 26//25 27//26 
f 1//1 27//26 28//27 
f 1//1 28//27 29//28 
f 1//1 29//28 30//29 
f 1//1 30//29 31//30 
f 1//1 31//30 32//31 
f 1//1 32//31 33//32 
f 1//1 33//32 2//2 
f 34//33 35//33 36//33 
f 36//33 35//33 37//33 
f 37//33 35//33 38//33 
f 38//33 35//33 39//33 
f 39//33 35//33 40//33 
f 40//33 35//33 41//33 
f 41//33 35//33 42//33 
f 42//33 35//33 43//33 
f 43//33 35//33 44//33 
f 44//33 35//33 45//33 
f 45//33 35//33 46//33 
f 46//33 35//33 47//33 
f 47//33 35//33 48//33 
f 48//33 35//33 49//33 
f 49//33 35//33 50//33 
f 50//33 35//33 51//33 
f 51//33 35//33 52//33 
f 52//33 35//33 53//33 
f 53//33 35//33 54//33 
f 54//33 35//33 55//33 
f 55//33 35//33 56//33 
f 56//33 35//33 57//33 
f 57//33 35//33 58//33 
f 58//33 35//33 59//33 
f 59//33 35//33 60//33 
f 60//33 35//33 61//33 
f 61//33 35//33 62//33 
f 62//33 35//33 63//33 
f 63//33 35//33 64//33 
f 64//33 35//33 65//33 
f 65//33 35//33 66//33 
f 66//33 35//33 34//33 
f 33//34 67//35 2//36 
f 33//34 68//37 67//35 
f 32//38 68//37 33//34 
f 68//37 69//39 67//35 
f 31//40 68//41 32//38 
f 70//42 71//43 69//39 
f 30//44 68//41 31//40 
f 72//45 73//46 71//43 
f 29//47 74//48 30//44 
f 75//49 76//50 73//46 
f 28//51 74//48 29//47 
f 77//52 78//53 76//50 
f 27//54 79//55 28//51 
f 80//56 81//57 78//53 
f 26//58 79//55 27//54 
f 82//59 83//60 81//57 
f 84//61 85//62 83//60 
f 86//63 87//64 85//62 
f 88//65 89//66 87//64 
f 90//67 91//68 89//66 
f 92//69 93//64 91//68 
f 94//70 34//71 93//64 
f 94//70 66//72 34//71 
f 94//73 65//74 66//72 
f 95//75 64//76 65//74 
f 95//77 63//78 64//76 
f 96//79 62//80 63//78 
f 96//81 61//82 62//80 
f 97//83 60//84 61//82 
f 97//85 59//86 60//84 
f 98//87 58//88 59//86 
f 98//89 57//90 58//88 
f 99//91 56//92 57//90 
f 99//93 55//94 56//92 
f 100//95 54//96 55//94 
f 100//97 53//98 54//96 
f 100//99 52//100 53//98 
f 101//101 51//102 52//100 
f 101//103 50//104 51//102 
f 102//105 49//106 50//104 
f 102//107 48//108 49//106 
f 103//109 47//110 48//108 
f 103//111 46//112 47//110 
f 104//113 45//114 46//112 
f 104//115 44//116 45//114 
f 105//117 43//118 44//116 
f 105//119 42//120 43//118 
f 106//121 41//122 42//120 
f 106//123 40//124 41//122 
f 107//125 39//126 40//124 
f 107//127 38//128 39//126 
f 108//129 37//130 38//128 
f 108//131 36//132 37//130 
f 93//64 36//132 108//131 
f 93//64 34//71 36//132 
f 91//68 93//64 108//131 
f 89//66 91//68 109//133 
f 87//64 89//66 110//134 
f 85//62 87//64 111//135 
f 83//60 85//62 112//136 
f 81//57 83//60 113//137 
f 78//53 81//57 114//138 
f 76//50 78//53 115//139 
f 73//46 76//50 116//140 
f 71//43 73//46 117//141 
f 69//39 71//43 118//142 
f 67//35 69//39 119//143 
f 2//36 67//35 120//144 
f 2//36 120//144 3//145 
f 3//145 120//146 4//147 
f 4//147 121//148 5//149 
f 5//149 121//150 6//151 
f 6//151 122//152 7//153 
f 7//153 122//154 8//155 
f 8//155 123//156 9//157 
f 9//157 123//158 10//159 
f 10//159 124//160 11//161 
f 11//161 124//160 12//162 
f 12//162 125//163 13//164 
f 13//164 125//163 14//165 
f 14//165 125//163 15//166 
f 15//166 126//167 16//168 
f 25//169 79//55 26//58 
f 24//170 127//171 25//169 
f 23//172 127//173 24//170 
f 22//174 128//175 23//172 
f 21//176 128//177 22//174 
f 20//178 129//179 21//176 
f 19//180 129//181 20//178 
f 18//182 130//183 19//180 
f 17//184 130//185 18//182 
f 16//168 126//186 17//184 
f 131//187 132//188 133//189 
f 131//187 133//189 134//190 
f 131//187 134//190 135//191 
f 131//187 135//191 136//192 
f 131//187 136//192 137//193 
f 131//187 137//193 138//194 
f 131//187 138//194 139//195 
f 131//187 139//195 140//196 
f 131//187 140//196 141//197 
f 131//187 141//197 142//198 
f 131//187 142//198 143//199 
f 131//187 143//199 144//200 
f 131//187 144//200 145//201 
f 131//187 145//201 146//202 
f 131//187 146//202 147//203 
f 131//187 147//203 148//204 
f 131//187 148//204 149//205 
f 131//187 149//205 150//206 
f 131//187 150//206 151//207 
f 131//187 151//207 152//208 
f 131//187 152//208 153//209 
f 131//187 153//209 154//210 
f 131//187 154//210 155//211 
f 131//187 155//211 156//212 
f 131//187 156//212 157//213 
f 158//214 159//215 160//214 
f 160//214 159//215 161//216 
f 161//216 159//215 162//217 
f 162//217 159//215 163//218 
f 163//218 159//215 164//219 
f 164//219 159//215 165//220 
f 165//220 159//215 166//221 
f 166//221 159//215 167//222 
f 167//222 159//215 168//223 
f 168//223 159//215 169//224 
f 169//224 159//215 170//225 
f 170//225 159//215 171//226 
f 171//226 159//215 172//227 
f 172//227 159//215 173//228 
f 173//228 159//215 174//229 
f 174//229 159//215 175//230 
f 175//230 159//215 176//231 
f 176//231 159//215 177//232 
f 177//232 159//215 178//233 
f 178//233 159//215 179//234 
f 179//234 159//215 180//235 
f 180//235 159//215 181//236 
f 181//236 159//215 182//237 
f 182//237 159//215 183//238 
f 183//238 159//215 184//237 
f 184//237 159//215 185//239 
f 185//239 159//215 186//240 
f 186//240 159//215 187//241 
f 187//241 159//215 188//242 
f 188//242 159//215 189//243 
f 189//243 159//215 190//214 
f 190//214 159//215 158//214 
f 131//187 191//244 192//245 
f 191//244 193//246 192//245 
f 191//244 194//247 193//246 
f 194//247 195//248 196//249 
f 195//248 197//250 198//251 
f 197//250 199//252 200//253 
f 199//252 201//254 202//255 
f 201//254 203//256 204//257 
f 203//256 205//258 206//259 
f 205//258 207//260 208//261 
f 207//260 209//262 210//263 
f 209//262 211//264 212//265 
f 211//264 213//266 214//267 
f 213//266 215//268 216//269 
f 215//268 217//270 218//271 
f 217//270 160//272 218//271 
f 217//270 158//273 160//272 
f 218//271 160//272 161//274 
f 218//271 161//274 162//275 
f 219//276 162//275 163//277 
f 219//276 163//277 164//278 
f 220//279 164//278 165//280 
f 220//281 165//280 166//282 
f 221//283 166//282 167//284 
f 221//285 167//284 168//286 
f 221//287 168//286 169//288 
f 221//289 169//288 170//290 
f 222//291 170//290 171//292 
f 222//293 171//292 172//294 
f 222//295 172//294 173//228 
f 222//296 173//228 174//229 
f 223//297 174//229 175//230 
f 223//298 175//230 176//299 
f 223//298 176//299 177//300 
f 224//301 177//300 178//302 
f 224//303 178//302 179//304 
f 225//305 179//304 180//306 
f 225//305 180//306 181//307 
f 226//308 181//307 182//309 
f 226//310 182//309 183//311 
f 226//312 183//311 184//313 
f 226//314 184//313 185//315 
f 227//316 185//315 186//317 
f 227//318 186//317 187//319 
f 227//320 187//319 188//321 
f 227//322 188//321 189//323 
f 228//324 189//323 190//325 
f 228//326 190//325 158//273 
f 228//326 158//273 217//270 
f 229//327 217//270 215//268 
f 230//328 215//268 213//266 
f 231//329 213//266 211//264 
f 232//330 211//264 209//262 
f 233//331 209//262 207//260 
f 234//332 207//260 205//258 
f 235//333 205//258 203//256 
f 236//334 203//256 201//254 
f 237//335 201//254 199//252 
f 238//336 199//252 197//250 
f 239//337 197//250 195//248 
f 240//338 195//248 194//247 
f 241//339 240//338 194//247 
f 241//339 194//247 191//244 
f 131//187 241//339 191//244 
f 157//213 240//338 241//339 
f 131//187 157//213 241//339 
f 156//340 240//338 157//213 
f 155//341 242//342 156//340 
f 154//343 242//342 155//341 
f 153//344 242//342 154//343 
f 152//345 242//346 153//344 
f 151//347 243//348 152//345 
f 150//349 243//350 151//347 
f 149//351 243//352 150//349 
f 148//353 243//354 149//351 
f 147//355 244//356 148//353 
f 146//357 244//358 147//355 
f 192//245 193//246 245//359 
f 131//187 192//245 245//359 
f 245//359 193//360 246//361 
f 131//187 245//359 246//361 
f 246//361 247//362 248//363 
f 131//187 246//361 248//363 
f 248//363 247//364 132//188 
f 131//187 248//363 132//188 
f 132//188 247//365 133//366 
f 133//366 247//367 134//368 
f 134//368 249//369 135//370 
f 135//370 249//371 136//372 
f 136//372 250//373 137//374 
f 137//374 250//375 138//376 
f 138//376 250//375 139//377 
f 139//377 250//375 140//378 
f 140//378 251//379 141//380 
f 141//380 251//381 142//382 
f 142//382 251//381 143//383 
f 143//383 251//384 144//385 
f 144//385 251//384 145//386 
f 145//386 244//387 146//357 
f 252//388 253//389 254//389 
f 252//388 254//389 255//390 
f 252//388 255//390 256//391 
f 252//388 256//391 257//391 
f 252//388 257//391 258//392 
f 252//388 258//392 259//392 
f 252//388 259//392 260//393 
f 252//388 260//393 261//393 
f 252//388 261//393 262//394 
f 252//388 262//394 263//394 
f 252//388 263//394 264//395 
f 252//388 264//395 265//395 
f 252//388 265//395 266//396 
f 252//388 266//396 267//396 
f 252//388 267//396 268//397 
f 252//388 268//397 269//398 
f 252//388 269//398 270//398 
f 252//388 270//398 271//399 
f 252//388 271//399 272//400 
f 252//388 272//400 273//401 
f 252//388 273//401 274//402 
f 252//388 274//402 275//403 
f 252//388 276//404 277//405 
f 252//388 277//405 278//405 
f 252//388 278//405 279//406 
f 252//388 279//406 280//407 
f 252//388 280//407 281//408 
f 252//388 281//408 282//409 
f 252//388 282//409 283//410 
f 252//388 283//410 253//389 
f 284//411 285//412 286//413 
f 286//413 285//412 287//413 
f 287//413 285//412 288//413 
f 288//413 285//412 289//414 
f 289//414 285//412 290//414 
f 290//414 285//412 291//415 
f 291//415 285//412 292//415 
f 292//415 285//412 293//214 
f 293//214 285//412 294//214 
f 294//214 285//412 295//416 
f 295//416 285//412 296//416 
f 296//416 285//412 297//417 
f 297//417 285//412 298//417 
f 298//417 285//412 299//417 
f 299//417 285//412 300//418 
f 300//418 285//412 301//419 
f 301//419 285//412 302//419 
f 302//419 285//412 303//420 
f 303//420 285//412 304//420 
f 304//420 285//412 305//421 
f 305//421 285//412 306//421 
f 306//421 285//412 307//422 
f 307//422 285//412 308//423 
f 308//423 285//412 309//424 
f 309//424 285//412 310//425 
f 310//425 285//412 311//426 
f 311//426 285//412 312//427 
f 312//427 285//412 313//428 
f 313//428 285//412 314//429 
f 314//429 285//412 315//429 
f 315//429 285//412 316//430 
f 316//430 285//412 284//411 
f 252//388 275//403 317//431 
f 275//403 318//432 317//431 
f 274//433 319//434 275//403 
f 273//435 319//436 274//433 
f 272//437 319//438 273//435 
f 271//439 319//440 272//437 
f 270//441 320//442 271//439 
f 269//443 320//444 270//441 
f 268//445 320//446 269//443 
f 267//447 320//448 268//445 
f 266//449 321//450 267//447 
f 265//451 321//452 266//449 
f 264//453 321//454 265//451 
f 263//455 321//454 264//453 
f 262//456 321//454 263//455 
f 261//457 321//454 262//456 
f 260//458 322//459 261//457 
f 259//460 322//459 260//458 
f 258//461 322//459 259//460 
f 257//462 322//463 258//461 
f 256//464 322//465 257//462 
f 255//466 322//467 256//464 
f 254//468 323//469 255//466 
f 253//470 323//471 254//468 
f 253//470 324//472 323//471 
f 324//472 325//473 326//474 
f 325//473 327//475 328//476 
f 327//475 329//477 330//478 
f 329//477 331//479 332//480 
f 331//479 333//481 334//482 
f 333//481 335//483 336//484 
f 335//483 337//485 338//486 
f 337//485 339//487 340//488 
f 339//487 341//489 342//490 
f 341//489 343//491 344//492 
f 343//491 345//493 346//494 
f 345//493 347//495 348//496 
f 347//495 286//497 348//496 
f 347//495 284//498 286//497 
f 348//496 286//497 287//499 
f 348//500 287//499 288//501 
f 348//502 288//501 289//503 
f 348//504 289//503 290//505 
f 349//506 290//505 291//507 
f 349//508 291//507 292//509 
f 350//510 292//509 293//511 
f 350//512 293//511 294//513 
f 351//514 294//513 295//515 
f 351//514 295//515 296//516 
f 351//517 296//516 297//518 
f 352//519 297//518 298//520 
f 352//521 298//520 299//522 
f 352//523 299//522 300//524 
f 353//525 300//524 301//526 
f 353//527 301//526 302//528 
f 353//529 302//528 303//530 
f 353//531 303//530 304//532 
f 354//533 304//532 305//534 
f 354//535 305//534 306//536 
f 354//537 306//536 307//422 
f 354//538 307//422 308//423 
f 354//538 308//423 309//424 
f 355//539 309//424 310//425 
f 355//540 310//425 311//541 
f 355//542 311//541 312//543 
f 356//544 312//543 313//545 
f 356//544 313//545 314//546 
f 356//547 314//546 315//548 
f 356//549 315//548 316//550 
f 356//551 316//550 284//498 
f 356//551 284//498 347//495 
f 357//552 347//495 345//493 
f 358//553 345//493 343//491 
f 359//554 343//491 341//489 
f 360//555 341//489 339//487 
f 361//556 339//487 337//485 
f 362//557 337//485 335//483 
f 363//558 335//483 333//481 
f 364//559 333//481 331//479 
f 365//560 331//479 329//477 
f 366//561 329//477 327//475 
f 367//562 327//475 325//473 
f 368//563 325//473 324//472 
f 283//564 368//563 324//472 
f 283//564 324//472 253//470 
f 282//565 368//563 283//564 
f 281//566 368//567 282//565 
f 280//568 368//569 281//566 
f 279//570 368//571 280//568 
f 278//572 368//571 279//570 
f 277//573 318//574 278//572 
f 276//404 318//574 277//573 
f 317//431 318//432 276//404 
f 252//388 317//431 276//404 
f 369//187 370//188 371//189 
f 369//187 371//189 372//190 
f 369//187 372//190 373//191 
f 369//187 373//191 374//192 
f 369//187 374//192 375//193 
f 369//187 375//193 376//194 
f 369//187 376//194 377//195 
f 369//187 377//195 378//196 
f 369//187 378//196 379//197 
f 369//187 379//197 380//198 
f 369//187 380//198 381//199 
f 369//187 381//199 382//200 
f 369//187 382//200 383//201 
f 369//187 383//201 384//202 
f 369//187 384//202 385//203 
f 369//187 385//203 386//204 
f 369//187 386//204 387//205 
f 369//187 387//205 388//206 
f 369//187 388//206 389//207 
f 369//187 389//207 390//208 
f 369//187 390//208 391//209 
f 369//187 391//209 392//210 
f 369//187 392//210 393//211 
f 369//187 393//211 394//212 
f 369//187 394//212 395//213 
f 396//214 397//215 398//214 
f 398//214 397//215 399//216 
f 399//216 397//215 400//217 
f 400//217 397//215 401//218 
f 401//218 397//215 402//219 
f 402//219 397//215 403//220 
f 403//220 397//215 404//221 
f 404//221 397//215 405//222 
f 405//222 397//215 406//223 
f 406//223 397//215 407//224 
f 407//224 397//215 408//225 
f 408//225 397//215 409//226 
f 409//226 397//215 410//227 
f 410//227 397//215 411//228 
f 411//228 397//215 412//229 
f 412//229 397//215 413//230 
f 413//230 397//215 414//231 
f 414//231 397//215 415//232 
f 415//232 397//215 416//233 
f 416//233 397//215 417//234 
f 417//234 397//215 418//235 
f 418//235 397//215 419//236 
f 419//236 397//215 420//237 
f 420//237 397//215 421//238 
f 421//238 397//215 422//237 
f 422//237 397//215 423//239 
f 423//239 397//215 424//240 
f 424//240 397//215 425//241 
f 425//241 397//215 426//242 
f 426//242 397//215 427//243 
f 427//243 397//215 428//214 
f 428//214 397//215 396//214 
f 369//187 429//244 430//245 
f 429//244 431//246 430//245 
f 429//244 432//247 431//246 
f 432//247 433//248 434//249 
f 433//248 435//250 436//251 
f 435//250 437//252 438//253 
f 437//252 439//254 440//255 
f 439//254 441//256 442//257 
f 441//256 443//258 444//259 
f 443//258 445//260 446//261 
f 445//260 447//262 448//263 
f 447//262 449//264 450//265 
f 449//264 451//266 452//267 
f 451//266 453//268 454//269 
f 453//268 455//270 456//271 
f 455//270 398//272 456//271 
f 455//270 396//273 398//272 
f 456//271 398//272 399//274 
f 456//271 399//274 400//275 
f 456//276 400//275 401//277 
f 456//276 401//277 402//278 
f 457//279 402//278 403//280 
f 457//281 403//280 404//282 
f 458//283 404//282 405//284 
f 458//285 405//284 406//286 
f 458//287 406//286 407//288 
f 458//289 407//288 408//290 
f 459//291 408//290 409//292 
f 459//293 409//292 410//294 
f 459//295 410//294 411//228 
f 459//296 411//228 412//229 
f 460//297 412//229 413//230 
f 460//298 413//230 414//299 
f 460//298 414//299 415//300 
f 461//301 415//300 416//302 
f 461//303 416//302 417//304 
f 461//305 417//304 418//306 
f 461//305 418//306 419//307 
f 462//308 419//307 420//309 
f 462//310 420//309 421//311 
f 462//312 421//311 422//313 
f 462//314 422//313 423//315 
f 463//316 423//315 424//317 
f 463//318 424//317 425//319 
f 463//320 425//319 426//321 
f 463//322 426//321 427//323 
f 464//324 427//323 428//325 
f 464//326 428//325 396//273 
f 464//326 396//273 455//270 
f 465//327 455//270 453//268 
f 466//328 453//268 451//266 
f 467//329 451//266 449//264 
f 468//330 449//264 447//262 
f 469//331 447//262 445//260 
f 470//332 445//260 443//258 
f 471//333 443//258 441//256 
f 472//334 441//256 439//254 
f 473//335 439//254 437//252 
f 474//336 437//252 435//250 
f 475//337 435//250 433//248 
f 476//338 433//248 432//247 
f 477//339 476//338 432//247 
f 477//339 432//247 429//244 
f 369//187 477//339 429//244 
f 395//213 476//338 477//339 
f 369//187 395//213 477//339 
f 394//340 476//338 395//213 
f 393//341 478//342 394//340 
f 392//343 478//342 393//341 
f 391//344 478//342 392//343 
f 390//345 478//346 391//344 
f 389//347 479//348 390//345 
f 388//349 479//350 389//347 
f 387//351 479//352 388//349 
f 386//353 479//354 387//351 
f 385//355 480//356 386//353 
f 384//357 480//358 385//355 
f 430//245 431//246 481//359 
f 369//187 430//245 481//359 
f 481//359 431//360 482//361 
f 369//187 481//359 482//361 
f 482//361 483//362 484//363 
f 369//187 482//361 484//363 
f 484//363 483//364 370//188 
f 369//187 484//363 370//188 
f 370//188 483//365 371//366 
f 371//366 483//367 372//368 
f 372//368 485//369 373//370 
f 373//370 485//371 374//372 
f 374//372 486//373 375//374 
f 375//374 486//375 376//376 
f 376//376 486//375 377//377 
f 377//377 486//375 378//378 
f 378//378 487//379 379//380 
f 379//380 487//381 380//382 
f 380//382 487//381 381//383 
f 381//383 487//384 382//385 
f 382//385 487//384 383//386 
f 383//386 480//387 384//357 
f 234//332 233//331 207//260 
f 223//298 177//300 224//301 
f 140//378 250//375 251//379 
f 205//258 208//261 206//259 
f 443//258 446//261 444//259 
f 378//378 486//375 487//379 
f 77//52 80//56 78//53 
f 12//162 124//160 125//163 
f 488//575 489//576 490//577 
f 491//578 492//579 493//580 
f 78//53 114//138 115//139 
f 494//581 495//582 496//583 
f 460//298 415//300 461//301 
f 497//578 498//579 499//580 
f 500//575 501//576 502//577 
f 470//332 469//331 445//260 
f 329//477 332//480 330//478 
f 361//556 360//555 339//487 
f 366//561 365//560 329//477 
f 503//584 504//585 505//586 
f 506//587 507//588 508//589 
f 351//517 297//518 352//519 
f 83//60 112//136 113//137 
f 100//95 55//94 99//93 
f 509//590 510//591 511//592 
f 86//63 88//65 87//64 
f 512//593 513//594 514//595 
f 515//596 516//597 517//598 
f 518//599 519//600 520//601 
f 30//44 74//48 68//41 
f 521//602 522//603 523//604 
f 524//605 525//606 526//607 
f 527//608 528//609 529//610 
f 236//334 235//333 203//256 
f 530//611 531//612 532//613 
f 89//66 109//133 110//134 
f 533//614 534//615 535//616 
f 536//617 537//618 538//619 
f 539//620 527//608 540//621 
f 197//250 200//253 198//251 
f 541//622 542//623 513//624 
f 543//625 544//626 545//627 
f 546//608 547//609 548//610 
f 472//334 471//333 441//256 
f 261//457 322//459 321//454 
f 549//628 550//629 551//630 
f 552//631 553//632 554//633 
f 231//329 230//328 213//266 
f 555//634 80//635 77//636 
f 556//637 557//638 558//639 
f 559//640 560//641 561//642 
f 105//117 44//116 104//115 
f 562//643 563//644 564//645 
f 565//646 566//647 86//648 
f 567//649 568//650 518//651 
f 17//184 126//186 130//185 
f 569//614 570//615 571//616 
f 572//617 573//618 574//619 
f 575//620 546//608 576//621 
f 435//250 438//253 436//251 
f 240//338 239//337 195//248 
f 577//652 578//653 579//654 
f 580//655 581//656 494//581 
f 69//39 118//142 119//143 
f 354//538 309//424 355//539 
f 582//657 583//658 584//659 
f 585//660 586//661 587//662 
f 215//268 218//271 216//269 
f 565//663 588//664 566//665 
f 96//79 63//78 95//77 
f 589//631 590//632 591//633 
f 467//329 466//328 451//266 
f 592//666 593//667 594//668 
f 595//669 596//670 597//671 
f 504//585 506//587 508//589 
f 335//483 338//486 336//484 
f 544//626 598//672 599//673 
f 600//674 601//675 509//676 
f 529//677 602//678 603//679 
f 604//680 605//681 606//682 
f 607//683 608//684 609//685 
f 610//686 611//687 612//688 
f 476//338 475//337 433//248 
f 613//652 614//653 615//654 
f 616//689 578//690 577//691 
f 251//381 617//692 618//693 
f 619//660 620//661 621//662 
f 453//268 456//271 454//269 
f 221//289 170//290 222//291 
f 214//694 622//695 623//696 
f 624//697 593//667 592//666 
f 275//403 319//434 318//432 
f 521//698 523//699 625//700 
f 626//701 627//702 628//703 
f 629//704 630//705 631//706 
f 201//254 204//257 202//255 
f 632//707 633//708 634//709 
f 635//710 636//711 637//712 
f 638//713 639//714 640//715 
f 21//176 129//179 128//177 
f 350//512 294//513 351//514 
f 339//487 342//490 340//488 
f 641//716 642//717 643//718 
f 493//580 492//719 644//720 
f 548//677 645//678 646//679 
f 647//680 648//681 649//682 
f 72//45 75//49 73//46 
f 74//48 650//721 651//722 
f 73//46 116//140 117//141 
f 581//656 495//582 494//581 
f 520//601 512//593 514//595 
f 652//723 562//643 653//724 
f 487//381 654//692 655//693 
f 656//689 614//690 613//691 
f 225//305 181//307 226//308 
f 554//725 553//726 657//727 
f 658//728 659//729 660//730 
f 661//731 662//732 663//733 
f 664//734 596//735 665//736 
f 327//475 330//478 328//476 
f 152//345 243//348 242//346 
f 243//352 666//737 667//738 
f 194//247 196//249 193//246 
f 668//739 669//740 670//741 
f 671//742 672//743 673//744 
f 363//558 362//557 335//483 
f 458//289 408//290 459//291 
f 452//694 674//695 675//696 
f 524//605 526//607 676//745 
f 519//600 512//593 520//601 
f 677//704 678//705 679//706 
f 439//254 442//257 440//255 
f 103//109 48//108 102//107 
f 532//746 531//747 680//748 
f 585//749 212//750 586//751 
f 209//262 212//265 210//263 
f 681//752 682//753 533//754 
f 683//755 221//289 222//291 
f 124//160 684//756 125//163 
f 685//757 524//605 676//745 
f 686//716 687//717 688//718 
f 499//580 498//719 501//720 
f 605//758 689//759 690//760 
f 554//761 657//762 231//763 
f 691//764 692//765 693//766 
f 606//767 605//758 690//760 
f 694//768 695//769 696//770 
f 697//771 560//772 559//773 
f 698//774 355//542 359//775 
f 359//554 358//553 343//491 
f 699//776 516//597 515//596 
f 700//777 600//674 701//778 
f 702//779 550//780 549//781 
f 703//782 704//783 705//784 
f 698//774 706//785 355//539 
f 506//587 707//786 507//588 
f 708//787 539//620 540//621 
f 134//368 247//367 249//369 
f 6//151 121//150 122//152 
f 709//788 710//789 711//790 
f 461//305 419//307 462//308 
f 591//725 590//726 466//727 
f 557//638 712//791 558//639 
f 713//792 658//793 714//794 
f 202//795 715//796 716//797 
f 668//798 200//799 669//800 
f 717//801 555//634 75//802 
f 717//801 75//802 718//803 
f 98//87 59//86 97//85 
f 637//804 636//805 719//806 
f 720//807 721//808 722//809 
f 723//810 597//811 724//812 
f 82//59 84//61 83//60 
f 564//813 725//814 726//815 
f 90//67 92//69 91//68 
f 632//707 634//709 727//816 
f 390//345 479//348 478//346 
f 479//352 728//737 729//738 
f 432//247 434//249 431//246 
f 730//739 731//740 732//741 
f 663//733 662//732 733//817 
f 734//818 735//819 736//820 
f 737//821 738//822 739//823 
f 638//713 740//824 639//714 
f 617//692 741//825 618//693 
f 529//677 603//679 742//826 
f 604//827 488//575 605//828 
f 629//829 631//830 528//831 
f 743//832 537//833 536//834 
f 716//835 715//836 630//837 
f 522//603 744//838 523//604 
f 745//839 746//840 601//841 
f 747//842 362//843 363//844 
f 748//845 360//846 361//847 
f 619//749 450//750 620//751 
f 447//262 450//265 448//263 
f 749//848 552//849 750//850 
f 641//716 643//718 751//851 
f 704//783 752//852 705//784 
f 753//853 342//854 754//855 
f 755//752 756//753 569//754 
f 757//755 458//289 459//291 
f 238//336 237//335 199//252 
f 577//652 579//654 758//856 
f 591//761 466//762 467//763 
f 648//758 759//759 760//760 
f 761//857 627//858 626//859 
f 762//860 763//861 764//862 
f 697//863 109//864 765//865 
f 107//125 40//124 106//123 
f 766//764 767//765 768//766 
f 649//767 648//758 760//760 
f 127//171 769//866 79//55 
f 25//169 127//171 79//55 
f 229//327 228//326 217//270 
f 770//867 226//314 771//868 
f 772//869 607//683 609//685 
f 503//584 505//586 773//870 
f 682//753 774//871 533//754 
f 533//614 774//872 534//615 
f 680//748 103//109 102//107 
f 510//591 100//97 511//592 
f 267//447 321//450 320//448 
f 595//873 597//874 723//875 
f 216//269 219//276 622//876 
f 219//276 164//278 220//279 
f 123//158 775//877 684//756 
f 121//150 776//878 122//152 
f 81//57 113//137 114//138 
f 627//702 521//602 628//703 
f 372//368 483//367 485//369 
f 777//787 575//620 576//621 
f 440//795 778//796 779//797 
f 730//798 438//799 731//800 
f 725//814 565//646 726//815 
f 780//879 663//880 781//881 
f 691//882 606//883 692//884 
f 742//885 603//886 691//887 
f 782//888 629//829 528//831 
f 200//799 716//835 669//800 
f 783//889 524//605 685//757 
f 580//890 494//581 783//889 
f 490//577 749//848 750//850 
f 490//891 750//892 689//759 
f 784//893 225//305 226//308 
f 535//616 534//615 784//893 
f 785//894 713//792 714//794 
f 786//895 713//896 785//897 
f 654//692 787//825 655//693 
f 548//677 646//679 788//826 
f 525//606 543//625 526//607 
f 512//898 541//622 513//624 
f 789//899 698//774 359//775 
f 748//845 608//900 360//846 
f 125//163 684//756 790//901 
f 126//186 737//821 739//823 
f 677//829 679//830 547//831 
f 647//827 500//575 648//828 
f 353//531 304//532 354//533 
f 791//902 792//903 706//904 
f 555//634 793//905 80//635 
f 793//905 84//906 82//907 
f 794//908 795//909 745//910 
f 598//672 600//911 599//673 
f 444//832 573//833 572//834 
f 779//835 778//836 678//837 
f 247//365 796//912 797//913 
f 247//367 797//914 249//369 
f 537//618 587//662 538//619 
f 492//719 641//716 644//720 
f 686//716 688//718 798//851 
f 799//848 589//849 800//850 
f 659//729 780//915 660//730 
f 513//594 542//916 801//917 
f 474//336 473//335 437//252 
f 613//652 615//654 802//856 
f 243//348 667//918 242//346 
f 242//342 667//918 239//919 
f 611//687 803//920 612//688 
f 747//842 804//921 362//843 
f 255//466 323//469 322//467 
f 664//734 805//922 596//735 
f 806//923 697//771 559//773 
f 807//924 530//925 744//838 
f 542//623 699//776 515//596 
f 544//626 599//673 545//627 
f 618//926 741//927 616//928 
f 666//929 616//689 577//691 
f 87//64 110//134 111//135 
f 808//930 697//931 806//932 
f 809//933 720//807 722//809 
f 810//934 720//935 809//936 
f 465//327 464//326 455//270 
f 811//867 462//314 812//868 
f 813//937 702//779 549//781 
f 805//922 813//937 810//938 
f 525//606 544//939 543//625 
f 628//940 521//698 625//700 
f 710//789 762//941 711//790 
f 71//43 117//141 118//142 
f 344//942 350//510 351//943 
f 343//491 346//494 344//492 
f 689//759 750//892 814//944 
f 233//331 232//330 209//262 
f 756//753 815//871 569//754 
f 569//614 815//872 570//615 
f 650//721 718//803 651//722 
f 70//42 72//45 71//43 
f 456//276 402//278 457//279 
f 454//269 456//276 674//876 
f 624//945 724//946 593//947 
f 671//948 610//949 672//743 
f 631//830 491//578 493//580 
f 816//950 493//951 817//952 
f 592//953 594//668 366//954 
f 278//572 318//574 368//571 
f 537//618 585//660 587//662 
f 207//260 210//263 208//261 
f 586//661 682//955 681//956 
f 623//957 818//958 683//959 
f 652//723 653//724 712//791 
f 819//960 652//961 712//791 
f 719//962 98//87 97//85 
f 633//708 96//79 95//77 
f 552//849 820//963 553//964 
f 642//717 535//616 643//718 
f 766//882 649//883 767//884 
f 788//885 646//886 766//887 
f 438//799 779//835 731//800 
f 821//888 677//829 547//831 
f 502//577 799//848 800//850 
f 502//891 800//892 759//759 
f 606//883 690//965 692//884 
f 235//333 234//332 205//258 
f 822//966 707//967 506//587 
f 753//968 822//966 752//852 
f 365//969 672//970 364//971 
f 365//560 364//559 331//479 
f 823//972 694//973 824//974 
f 694//973 696//975 824//974 
f 571//616 570//615 811//976 
f 811//976 461//305 462//308 
f 528//609 816//950 817//952 
f 602//678 817//952 603//679 
f 684//756 685//757 790//901 
f 737//821 567//649 738//822 
f 483//365 825//912 826//913 
f 483//367 826//914 485//369 
f 195//248 198//251 196//249 
f 796//912 668//739 797//913 
f 573//618 621//662 574//619 
f 498//719 686//716 501//720 
f 660//977 780//879 781//881 
f 563//644 725//978 564//645 
f 827//979 703//782 828//980 
f 330//981 332//982 702//983 
f 553//726 771//984 657//727 
f 230//328 229//327 215//268 
f 744//985 530//611 532//613 
f 795//909 746//986 745//910 
f 583//658 791//987 584//659 
f 583//988 707//989 791//990 
f 542//916 515//991 801//917 
f 780//915 661//731 663//733 
f 829//992 681//752 642//993 
f 538//994 587//995 829//996 
f 145//386 251//384 244//387 
f 251//384 618//997 244//387 
f 636//805 98//89 719//806 
f 511//998 100//95 99//93 
f 763//861 626//859 764//862 
f 495//582 830//999 496//583 
f 478//342 729//918 475//919 
f 479//348 729//918 478//346 
f 250//375 617//692 251//379 
f 250//373 797//1000 708//787 
f 715//796 743//832 536//834 
f 203//256 206//259 204//257 
f 212//750 214//694 623//696 
f 211//264 214//267 212//265 
f 655//926 787//927 656//928 
f 728//929 656//689 613//691 
f 773//1001 607//1002 772//1003 
f 722//1004 721//1005 611//1006 
f 556//637 558//639 769//866 
f 650//721 717//801 718//803 
f 600//674 509//676 701//778 
f 516//597 635//710 637//712 
f 662//732 736//820 733//817 
f 588//664 632//707 727//816 
f 516//597 637//712 517//598 
f 662//732 734//818 736//820 
f 88//65 90//67 89//66 
f 588//664 727//816 566//665 
f 226//314 185//315 227//316 
f 771//868 226//314 227//316 
f 763//861 761//857 626//859 
f 76//50 115//139 116//140 
f 740//824 785//897 639//714 
f 557//638 819//960 712//791 
f 695//769 806//932 696//770 
f 522//603 807//924 744//838 
f 531//747 103//109 680//748 
f 561//642 105//117 104//115 
f 633//708 95//77 634//709 
f 92//69 94//70 93//64 
f 560//641 105//117 561//642 
f 765//865 107//125 106//123 
f 237//335 236//334 201//254 
f 578//653 693//766 579//654 
f 707//989 792//1007 791//990 
f 352//523 300//524 353//525 
f 775//877 580//890 783//889 
f 709//788 711//790 776//878 
f 740//824 786//895 785//897 
f 567//649 518//651 738//822 
f 759//759 800//892 468//944 
f 469//331 468//330 447//262 
f 818//958 221//287 683//959 
f 622//876 219//276 220//279 
f 508//1008 583//1009 582//1010 
f 773//1001 505//1011 607//1002 
f 129//179 640//715 128//177 
f 127//171 556//637 769//866 
f 121//150 709//788 776//878 
f 67//35 119//143 120//144 
f 746//840 831//1012 601//841 
f 831//1013 101//101 510//1014 
f 723//1015 724//1016 624//1017 
f 271//439 320//442 319//440 
f 129//179 638//713 640//715 
f 126//186 739//823 130//185 
f 644//720 641//716 751//851 
f 489//576 749//848 490//577 
f 101//101 52//100 100//99 
f 510//1014 101//101 100//99 
f 679//950 499//951 647//952 
f 679//830 497//578 499//580 
f 445//260 448//263 446//261 
f 573//618 619//660 621//662 
f 809//1018 722//1004 832//1019 
f 832//1020 610//686 671//1021 
f 715//836 536//617 630//837 
f 630//705 491//1022 631//706 
f 620//661 756//955 755//956 
f 675//957 674//958 757//959 
f 797//913 668//739 670//741 
f 797//1000 539//620 708//787 
f 222//296 174//229 223//297 
f 683//1023 222//295 774//871 
f 359//775 355//542 357//1024 
f 357//552 356//551 347//495 
f 669//1025 629//704 782//888 
f 670//1026 669//1025 782//888 
f 676//745 526//1027 833//1028 
f 568//650 519//1029 518//651 
f 658//793 660//977 834//1030 
f 714//794 658//793 834//1030 
f 84//61 86//63 85//62 
f 726//815 565//646 86//648 
f 109//864 107//125 765//865 
f 91//68 108//131 109//133 
f 368//563 367//562 325//473 
f 318//574 367//1031 368//571 
f 239//337 238//336 197//250 
f 667//918 758//856 239//919 
f 741//927 529//677 742//826 
f 540//621 527//608 529//610 
f 589//849 835//963 590//964 
f 687//717 571//616 688//718 
f 74//48 651//722 68//41 
f 68//37 70//42 69//39 
f 85//62 111//135 112//136 
f 695//769 808//930 806//932 
f 649//883 760//965 767//884 
f 471//333 470//332 443//258 
f 805//922 810//938 596//735 
f 596//670 810//934 809//936 
f 547//609 679//950 647//952 
f 645//678 647//952 646//679 
f 344//1032 346//1033 350//1034 
f 348//504 290//505 349//506 
f 833//1028 526//1027 836//1035 
f 526//1027 837//1036 836//1035 
f 200//1037 202//795 716//797 
f 199//252 202//255 200//253 
f 326//1038 805//1039 664//1040 
f 325//473 328//476 326//474 
f 825//912 730//739 826//913 
f 433//248 436//251 434//249 
f 703//782 705//784 828//980 
f 828//1041 504//585 503//584 
f 333//481 336//484 334//482 
f 334//1042 703//1043 827//1044 
f 337//485 340//488 338//486 
f 704//783 753//968 752//852 
f 603//1045 604//680 606//682 
f 603//886 606//1046 691//887 
f 710//1047 117//1048 762//860 
f 117//1048 763//861 762//860 
f 814//1049 554//761 231//763 
f 232//330 231//329 211//264 
f 590//726 812//984 466//727 
f 466//328 465//327 453//268 
f 553//632 770//867 771//868 
f 820//963 770//976 553//964 
f 666//737 577//1050 667//738 
f 667//918 577//652 758//856 
f 686//992 755//752 687//993 
f 574//994 621//995 686//996 
f 487//384 655//997 480//387 
f 383//386 487//384 480//387 
f 75//49 77//52 76//50 
f 75//802 555//634 77//636 
f 486//375 654//692 487//379 
f 486//373 826//1000 777//787 
f 618//997 616//1051 666//1052 
f 244//387 618//997 666//1052 
f 778//796 444//832 572//834 
f 441//256 444//259 442//257 
f 750//1053 552//631 554//633 
f 750//892 554//1054 814//944 
f 450//750 452//694 675//696 
f 449//264 452//267 450//265 
f 578//653 691//764 693//766 
f 742//885 691//887 578//690 
f 609//1055 608//900 748//845 
f 612//1056 803//1057 804//921 
f 812//868 462//314 463//316 
f 462//314 423//315 463//316 
f 741//927 742//826 616//928 
f 616//689 742//885 578//690 
f 473//335 472//334 439//254 
f 614//653 768//766 615//654 
f 794//908 745//910 598//1058 
f 544//1059 794//908 598//1058 
f 322//459 665//736 321//454 
f 321//450 595//873 723//875 
f 212//750 623//696 586//751 
f 586//661 623//957 682//955 
f 674//958 458//287 757//959 
f 674//876 456//276 457//279 
f 545//1060 700//1061 838//1062 
f 837//1036 545//1060 838//1062 
f 830//999 628//940 525//1063 
f 628//940 625//700 525//1063 
f 707//967 351//517 839//1064 
f 707//786 839//1065 792//1066 
f 605//758 490//891 689//759 
f 488//575 490//577 605//828 
f 716//1067 630//1068 629//1069 
f 669//740 716//1067 629//1069 
f 684//756 783//889 685//757 
f 775//877 783//889 684//756 
f 663//880 733//1070 840//1071 
f 781//881 663//880 840//1071 
f 543//625 545//627 837//1072 
f 526//607 543//625 837//1072 
f 681//752 533//754 642//993 
f 642//717 533//614 535//616 
f 213//266 216//269 214//267 
f 214//694 216//269 622//876 
f 601//675 831//1013 510//1014 
f 601//675 510//1014 509//676 
f 501//720 686//716 798//851 
f 501//576 799//848 502//577 
f 736//1073 735//1074 633//1075 
f 735//1074 96//81 633//1075 
f 491//1022 538//1076 492//1077 
f 538//1076 829//992 492//1077 
f 148//353 244//356 243//354 
f 244//356 666//929 243//354 
f 582//1078 789//1079 608//684 
f 608//900 789//899 359//775 
f 80//56 82//59 81//57 
f 80//635 793//905 82//907 
f 534//615 223//298 224//301 
f 534//615 225//305 784//893 
f 682//753 683//1023 774//871 
f 623//957 683//959 682//955 
f 678//705 497//1022 679//706 
f 778//836 572//617 678//837 
f 610//949 612//1056 672//743 
f 672//970 747//842 363//844 
f 826//913 730//739 732//741 
f 826//1000 575//620 777//787 
f 360//555 359//554 341//489 
f 608//900 359//1080 360//846 
f 459//296 412//229 460//297 
f 757//1023 459//295 815//871 
f 122//154 775//1081 123//156 
f 8//155 122//154 123//156 
f 643//718 820//963 552//849 
f 751//851 643//718 552//849 
f 731//1025 677//704 821//888 
f 732//1026 731//1025 821//888 
f 720//935 551//630 721//1082 
f 549//628 551//630 720//935 
f 114//1083 694//768 823//1084 
f 115//1085 114//1083 823//1084 
f 525//1086 625//1087 544//1059 
f 625//1087 794//908 544//1059 
f 367//562 366//561 327//475 
f 592//953 366//954 367//1031 
f 792//903 354//533 706//904 
f 706//785 354//538 355//539 
f 475//337 474//336 435//250 
f 729//918 802//856 475//919 
f 787//927 548//677 788//826 
f 576//621 546//608 548//610 
f 536//1088 538//994 491//1089 
f 630//1068 536//1088 491//1089 
f 685//757 568//1090 567//1091 
f 790//901 685//757 567//1091 
f 690//1092 689//1093 233//1094 
f 689//1093 814//1095 233//1094 
f 208//1096 210//1097 585//749 
f 210//1097 212//750 585//749 
f 817//952 493//951 488//575 
f 493//951 489//576 488//575 
f 690//1092 233//1094 234//1098 
f 692//1099 690//1092 234//1098 
f 587//662 586//661 681//956 
f 587//995 681//1100 829//996 
f 229//1101 227//322 228//324 
f 227//322 189//323 228//324 
f 110//1102 109//864 697//863 
f 808//1103 110//1102 697//863 
f 125//163 737//1104 126//167 
f 15//166 125//163 126//167 
f 438//1037 440//795 779//797 
f 437//252 440//255 438//253 
f 754//855 344//942 351//943 
f 822//966 351//1105 707//967 
f 322//465 326//1038 664//1040 
f 322//459 664//734 665//736 
f 646//1045 647//680 649//682 
f 646//886 649//1046 766//887 
f 468//1049 591//761 467//763 
f 468//330 467//329 449//264 
f 594//668 365//969 366//954 
f 673//744 672//970 365//969 
f 590//632 811//867 812//868 
f 835//963 811//976 590//964 
f 728//737 613//1050 729//738 
f 729//918 613//652 802//856 
f 796//1106 198//1107 668//1108 
f 198//1107 200//1037 668//1108 
f 810//934 549//628 720//935 
f 813//937 549//781 810//938 
f 246//361 193//360 247//362 
f 193//360 796//1109 247//362 
f 480//387 655//997 728//1052 
f 655//997 656//1051 728//1052 
f 712//791 564//1110 555//634 
f 717//801 712//791 555//634 
f 208//1096 585//749 537//1111 
f 206//1112 208//1096 537//1111 
f 342//854 344//942 754//855 
f 341//489 344//492 342//490 
f 800//1053 589//631 591//633 
f 800//892 591//1054 468//944 
f 220//281 166//282 221//283 
f 818//1113 220//281 221//283 
f 791//987 706//1114 698//1115 
f 584//659 791//987 698//1115 
f 318//574 592//953 367//1031 
f 319//434 592//666 318//432 
f 614//653 766//764 768//766 
f 788//885 766//887 614//690 
f 722//1116 611//1117 610//1118 
f 832//1119 722//1116 610//1118 
f 771//1120 227//322 229//1101 
f 657//762 771//1120 229//1101 
f 656//689 788//885 614//690 
f 787//927 788//826 656//928 
f 752//852 822//966 506//587 
f 705//1121 752//852 506//587 
f 700//1061 701//1122 699//1123 
f 838//1062 700//1061 699//1123 
f 320//442 624//1017 319//440 
f 319//434 624//697 592//666 
f 724//946 671//1021 593//947 
f 593//667 671//742 673//744 
f 450//750 675//696 620//751 
f 620//661 675//957 756//955 
f 648//758 502//891 759//759 
f 500//575 502//577 648//828 
f 505//1011 508//1008 582//1010 
f 504//585 508//589 505//586 
f 827//979 828//980 550//780 
f 550//629 828//1041 503//584 
f 731//740 779//1067 677//1069 
f 779//1067 678//1068 677//1069 
f 774//1124 222//296 223//297 
f 774//872 223//298 534//615 
f 803//1057 609//1055 748//845 
f 772//869 609//685 803//920 
f 364//559 363//558 333//481 
f 672//970 363//844 364//971 
f 362//557 361//556 337//485 
f 804//921 361//847 362//843 
f 540//621 529//610 741//1125 
f 617//692 540//621 741//1125 
f 202//1126 204//1127 715//1128 
f 204//1127 206//1112 715//1128 
f 332//982 827//1044 702//983 
f 702//779 827//979 550//780 
f 755//752 569//754 687//993 
f 687//717 569//614 571//616 
f 451//266 454//269 452//267 
f 452//694 454//269 674//876 
f 156//340 242//342 240//338 
f 242//342 239//337 240//338 
f 345//493 348//496 346//494 
f 346//1033 348//504 349//506 
f 505//1011 582//1010 607//1002 
f 607//683 582//1078 608//684 
f 574//1076 686//992 498//1077 
f 497//1022 574//1076 498//1077 
f 721//1005 773//1001 772//1003 
f 551//630 773//870 721//1082 
f 386//353 480//356 479//354 
f 480//356 728//929 479//354 
f 597//811 809//1018 832//1019 
f 596//670 809//936 597//671 
f 250//375 708//787 617//692 
f 708//787 540//621 617//692 
f 570//615 460//298 461//301 
f 570//615 461//305 811//976 
f 756//753 757//1023 815//871 
f 675//957 757//959 756//955 
f 721//1005 772//1003 611//1006 
f 611//687 772//869 803//920 
f 597//811 832//1019 724//812 
f 724//946 832//1020 671//1021 
f 839//1065 353//525 792//1066 
f 792//903 353//531 354//533 
f 358//553 357//552 345//493 
f 359//775 357//1024 358//1129 
f 758//856 579//654 237//335 
f 579//654 236//334 237//335 
f 239//919 758//856 238//336 
f 758//856 237//335 238//336 
f 320//442 723//1015 624//1017 
f 321//450 723//875 320//448 
f 562//643 564//645 653//724 
f 712//791 653//724 564//1110 
f 28//51 79//55 74//48 
f 79//55 650//721 74//48 
f 841//1130 833//1028 568//1090 
f 685//757 841//1130 568//1090 
f 798//851 688//718 589//849 
f 688//718 835//963 589//849 
f 236//334 692//1099 235//333 
f 692//1099 234//332 235//333 
f 678//1068 572//1088 497//1089 
f 572//1088 574//994 497//1089 
f 693//766 692//1099 236//334 
f 579//654 693//766 236//334 
f 670//1026 782//888 539//620 
f 797//1131 670//1026 539//620 
f 529//1132 528//609 602//1133 
f 528//609 817//952 602//1133 
f 355//542 312//543 356//544 
f 355//542 356//544 357//1024 
f 760//1092 759//1093 469//1094 
f 759//1093 468//1095 469//1094 
f 446//1096 448//1097 619//749 
f 448//1097 450//750 619//749 
f 647//952 499//951 500//575 
f 499//951 501//576 500//575 
f 760//1092 469//1094 470//1098 
f 767//1099 760//1092 470//1098 
f 643//718 535//616 820//963 
f 535//616 784//893 820//963 
f 621//995 755//1100 686//996 
f 621//662 620//661 755//956 
f 465//1101 463//322 464//324 
f 463//322 427//323 464//324 
f 782//888 528//831 527//608 
f 539//620 782//888 527//608 
f 249//371 797//1000 250//373 
f 136//372 249//371 250//373 
f 193//246 196//249 796//1106 
f 196//249 198//1107 796//1106 
f 331//479 334//482 332//480 
f 332//982 334//1042 827//1044 
f 321//454 665//736 595//669 
f 665//736 596//670 595//669 
f 336//1134 704//1135 703//1043 
f 334//1042 336//1134 703//1043 
f 751//851 552//849 749//848 
f 489//576 751//851 749//848 
f 528//831 631//830 816//950 
f 631//830 493//580 816//950 
f 233//1094 814//1095 232//1136 
f 814//1095 231//1137 232//1136 
f 328//1138 330//981 813//1139 
f 330//981 702//983 813//1139 
f 328//1138 813//1139 805//1140 
f 326//1141 328//1138 805//1140 
f 644//720 751//851 489//576 
f 493//951 644//720 489//576 
f 336//1134 338//1142 704//1135 
f 338//1142 753//853 704//1135 
f 436//1107 438//1037 730//1108 
f 825//1106 436//1107 730//1108 
f 482//361 431//360 483//362 
f 431//360 825//1109 483//362 
f 338//1142 340//1143 753//853 
f 340//1143 342//854 753//853 
f 820//963 784//893 770//976 
f 784//893 226//308 770//976 
f 598//672 745//839 600//911 
f 745//839 601//841 600//911 
f 79//55 769//866 650//721 
f 769//866 717//801 650//721 
f 837//1036 838//1062 541//1144 
f 836//1035 837//1036 541//1144 
f 829//1145 642//1146 641//716 
f 492//579 829//1145 641//716 
f 444//1112 446//1096 573//1111 
f 446//1096 619//749 573//1111 
f 830//999 525//1063 496//583 
f 494//581 496//583 525//606 
f 701//1122 635//1147 516//1148 
f 699//1123 701//1122 516//1148 
f 674//1113 457//281 458//283 
f 457//281 404//282 458//283 
f 68//41 651//722 70//1149 
f 651//722 72//1150 70//1149 
f 795//909 532//746 746//986 
f 532//746 680//748 746//986 
f 726//1151 86//1152 84//906 
f 793//905 726//1151 84//906 
f 701//1122 509//590 635//1147 
f 509//590 511//592 635//1147 
f 769//866 558//639 717//801 
f 558//639 712//791 717//801 
f 680//1153 102//105 831//1012 
f 746//840 680//1153 831//1012 
f 523//699 795//1154 794//1155 
f 625//700 523//699 794//1155 
f 86//648 566//647 88//1156 
f 566//647 90//1157 88//1156 
f 523//699 744//985 795//1154 
f 744//985 532//613 795//1154 
f 231//1158 657//1159 230//1160 
f 657//1159 229//327 230//1160 
f 781//1161 840//1162 725//978 
f 563//644 781//1161 725//978 
f 541//622 838//1163 542//623 
f 838//1163 699//776 542//623 
f 566//647 727//1164 90//1157 
f 727//1164 92//1165 90//1157 
f 812//1120 463//322 465//1101 
f 466//762 812//1120 465//1101 
f 840//1162 588//664 565//663 
f 725//978 840//1162 565//663 
f 840//1071 733//1070 588//1166 
f 733//1070 632//1167 588//1166 
f 635//710 511//998 636//711 
f 511//998 99//93 636//711 
f 736//1073 633//1075 632//1167 
f 733//1070 736//1073 632//1167 
f 561//1168 104//113 531//612 
f 530//611 561//1168 531//612 
f 727//1164 634//1169 92//1165 
f 634//1169 94//73 92//1165 
f 102//105 50//104 101//103 
f 831//1012 102//105 101//103 
f 99//91 57//90 98//89 
f 636//805 99//91 98//89 
f 531//612 104//113 103//111 
f 104//113 46//112 103//111 
f 560//772 106//121 105//119 
f 106//121 42//120 105//119 
f 719//962 97//85 735//819 
f 734//818 719//962 735//819 
f 517//1170 637//804 734//1171 
f 637//804 719//806 734//1171 
f 108//129 38//128 107//127 
f 109//1172 108//129 107//127 
f 97//83 61//82 96//81 
f 735//1074 97//83 96//81 
f 634//1169 95//75 94//73 
f 95//75 65//74 94//73 
f 661//1173 517//1170 662//1174 
f 517//1170 734//1171 662//1174 
f 807//924 559//640 530//925 
f 559//640 561//642 530//925 
f 623//696 622//695 818//1113 
f 622//695 220//281 818//1113 
f 697//771 765//1175 560//772 
f 765//1175 106//121 560//772 
f 817//952 488//575 604//827 
f 603//679 817//952 604//827 
f 660//977 781//881 563//1176 
f 834//1030 660//977 563//1176 
f 714//1177 834//1178 652//961 
f 819//960 714//1177 652//961 
f 125//163 790//901 737//1104 
f 790//901 567//1091 737//1104 
f 515//991 517//1170 661//1173 
f 801//917 515//991 661//1173 
f 839//1065 352//523 353//525 
f 351//517 352//519 839//1064 
f 627//702 824//1179 521//602 
f 824//1179 522//603 521//602 
f 806//923 559//773 807//1180 
f 696//975 806//923 807//1180 
f 659//729 801//1181 780//915 
f 801//1181 661//731 780//915 
f 519//1029 836//1182 512//898 
f 836//1182 541//622 512//898 
f 824//974 696//975 522//1183 
f 696//975 807//1180 522//1183 
f 626//701 628//703 830//1184 
f 764//1185 626//701 830//1184 
f 581//1186 764//1185 495//1187 
f 764//1185 830//1184 495//1187 
f 514//595 513//594 659//1188 
f 513//594 801//917 659//1188 
f 711//1189 581//656 580//655 
f 776//1190 711//1189 580//655 
f 568//650 833//1191 519//1029 
f 833//1191 836//1182 519//1029 
f 122//154 776//1190 775//1081 
f 776//1190 580//655 775//1081 
f 114//1083 113//1192 694//768 
f 113//1192 695//769 694//768 
f 599//673 600//674 700//777 
f 545//627 599//673 700//777 
f 815//872 460//298 570//615 
f 815//1124 459//296 460//297 
f 576//621 548//610 787//1125 
f 654//692 576//621 787//1125 
f 823//972 824//974 627//858 
f 761//857 823//972 627//858 
f 442//1127 444//1112 778//1128 
f 440//1126 442//1127 778//1128 
f 123//158 684//756 124//160 
f 10//159 123//158 124//160 
f 514//1193 659//729 658//728 
f 713//896 514//1193 658//728 
f 394//340 478//342 476//338 
f 478//342 475//337 476//338 
f 785//894 714//794 819//1194 
f 639//1195 785//894 819//1194 
f 486//375 777//787 654//692 
f 777//787 576//621 654//692 
f 651//722 718//803 72//1150 
f 718//803 75//802 72//1150 
f 206//1112 537//1111 743//1196 
f 715//1128 206//1112 743//1196 
f 828//1041 705//1121 504//585 
f 705//1121 506//587 504//585 
f 762//941 764//1185 581//1186 
f 711//790 762//941 581//1186 
f 640//1197 639//1195 557//1198 
f 639//1195 819//1194 557//1198 
f 116//1199 115//1085 761//1200 
f 115//1085 823//1084 761//1200 
f 324//472 326//474 323//471 
f 323//469 326//1141 322//467 
f 128//175 640//1197 556//1201 
f 640//1197 557//1198 556//1201 
f 128//175 556//1201 127//173 
f 23//172 128//175 127//173 
f 615//654 472//334 473//335 
f 802//856 615//654 473//335 
f 475//919 802//856 474//336 
f 802//856 473//335 474//336 
f 652//961 834//1178 562//643 
f 834//1178 563//644 562//643 
f 564//1110 726//1151 793//905 
f 555//634 564//1110 793//905 
f 612//1056 804//921 747//842 
f 672//743 612//1056 747//842 
f 112//136 111//135 808//1103 
f 111//135 110//1102 808//1103 
f 786//895 520//1202 713//896 
f 520//1202 514//1193 713//896 
f 112//136 808//1103 695//1203 
f 113//137 112//136 695//1203 
f 472//334 767//1099 471//333 
f 767//1099 470//332 471//333 
f 120//146 709//1204 121//148 
f 4//147 120//146 121//148 
f 117//1205 116//1199 763//1206 
f 116//1199 761//1200 763//1206 
f 594//668 673//744 365//969 
f 593//667 673//744 594//668 
f 119//1207 710//1047 709//1204 
f 120//146 119//1207 709//1204 
f 518//599 520//601 786//1208 
f 738//1209 518//599 786//1208 
f 615//654 768//766 472//334 
f 768//766 767//1099 472//334 
f 118//1210 117//1048 710//1047 
f 119//1207 118//1210 710//1047 
f 732//1026 821//888 575//620 
f 826//1131 732//1026 575//620 
f 738//1209 786//1208 740//1211 
f 739//1212 738//1209 740//1211 
f 548//1132 547//609 645//1133 
f 547//609 647//952 645//1133 
f 739//1212 740//1211 638//1213 
f 130//183 739//1212 638//1213 
f 349//508 292//509 350//510 
f 346//1033 349//506 350//1034 
f 19//180 130//183 129//181 
f 130//183 638//1213 129//181 
f 804//921 748//845 361//847 
f 803//1057 748//845 804//921 
f 550//629 503//584 551//630 
f 551//630 503//584 773//870 
f 688//718 571//616 835//963 
f 571//616 811//976 835//963 
f 575//620 821//888 546//608 
f 821//888 547//831 546//608 
f 494//581 525//606 524//605 
f 783//889 494//581 524//605 
f 485//371 826//1000 486//373 
f 374//372 485//371 486//373 
f 216//269 218//271 219//276 
f 218//271 162//275 219//276 
f 753//1214 754//1215 822//1216 
f 754//1215 351//514 822//1216 
f 685//757 676//745 841//1130 
f 841//1130 676//745 833//1028 
f 508//1217 507//1218 583//988 
f 507//1218 707//989 583//988 
f 534//615 224//303 225//305 
f 224//303 179//304 225//305 
f 431//246 434//249 825//1106 
f 434//249 436//1107 825//1106 
f 582//1078 584//1219 789//1079 
f 584//1219 698//1220 789//1079 
f 798//851 589//849 799//848 
f 501//576 798//851 799//848 
# 0 polygons - 1666 triangles

#
# object Sphere__17_
#

v  10.1647 128.9872 -8.5375
v  20.1421 125.9584 -8.9917
v  19.9236 124.9245 1.5748
v  11.0268 131.6606 -18.1071
v  0.7317 133.0425 1.5748
v  30.7087 123.6654 1.5748
v  20.1421 125.9585 12.1413
v  30.7087 124.9245 -9.2103
v  -2.3438 144.1129 -24.1259
v  -4.7455 141.7112 -16.6304
v  -0.0888 146.3679 -29.2227
v  5.0080 144.1129 -31.4777
v  -6.4172 140.0396 -7.8477
v  12.5035 141.7112 -33.8794
v  11.9967 135.9450 -26.6420
v  -7.0104 139.4463 1.5748
v  21.2862 140.0395 -35.5510
v  1.2306 133.7682 11.2275
v  -6.4172 140.0396 10.9972
v  30.7087 139.4463 -36.1443
v  40.3614 133.7682 -27.9033
v  -4.7455 141.7112 19.7799
v  40.1311 140.0395 -35.5510
v  11.9967 135.9450 29.7916
v  -2.3438 144.1129 27.2754
v  48.9138 141.7112 -33.8794
v  40.8210 128.9872 -18.9692
v  41.4938 124.9245 1.5748
v  51.6385 128.1000 1.5748
v  60.6856 133.0425 1.5748
v  58.9255 135.9450 -17.1372
v  68.4277 139.4463 1.5748
v  67.8345 140.0396 -7.8477
v  66.1629 141.7112 -16.6304
v  63.7611 144.1129 -24.1259
v  56.4093 144.1129 -31.4777
v  61.5062 146.3679 -29.2227
v  30.7087 124.9245 12.3598
v  41.2752 125.9585 12.1413
v  50.3905 131.6606 21.2567
v  30.7087 133.0425 31.5518
v  40.1311 140.0396 38.7006
v  30.7087 139.4463 39.2938
v  21.2862 140.0396 38.7006
v  12.5035 141.7112 37.0290
v  5.0080 144.1129 34.6272
v  -0.0888 146.3679 32.3723
v  48.9138 141.7112 37.0290
v  56.4093 144.1129 34.6272
v  61.5062 146.3679 32.3723
v  63.7611 144.1129 27.2754
v  60.1867 133.7682 11.2275
v  66.1629 141.7112 19.7799
v  67.8345 140.0396 10.9972
v  20.1063 228.4397 -9.0276
v  30.7087 230.6654 1.5748
v  30.7087 229.4731 -9.2468
v  10.9600 222.7240 -18.1739
v  19.8871 229.4731 1.5748
v  4.9317 210.2379 -31.5900
v  2.3918 218.4285 -17.1991
v  12.4424 212.6433 -33.9999
v  -0.1967 207.9707 -29.3306
v  -2.4561 210.2379 -24.2022
v  30.7087 226.2892 -19.4267
v  21.2547 214.3186 -35.6749
v  -4.8660 212.6433 -16.6915
v  40.3942 220.6158 -28.0080
v  30.7087 214.9137 -36.2702
v  -6.5410 214.3186 -7.8792
v  40.1626 214.3186 -35.6749
v  -7.1363 214.9137 1.5747
v  1.1259 220.6158 11.2603
v  49.4825 218.4285 -26.7421
v  48.9749 212.6433 -33.9999
v  -6.5410 214.3186 11.0287
v  -4.8660 212.6433 19.8410
v  -2.4561 210.2379 27.3517
v  11.9348 218.4285 29.8916
v  4.9317 210.2379 34.7395
v  -0.1967 207.9707 32.4802
v  12.4424 212.6433 37.1494
v  21.2547 214.3186 38.8244
v  30.7087 221.3415 31.6578
v  30.7087 214.9137 39.4197
v  40.1626 214.3186 38.8244
v  48.9749 212.6433 37.1494
v  20.5628 225.4021 22.1868
v  30.7087 229.4731 12.3963
v  56.4856 210.2379 34.7395
v  50.4573 222.7240 21.3234
v  61.6140 207.9707 32.4802
v  63.8734 210.2379 27.3517
v  41.3110 228.4397 12.1771
v  66.2833 212.6433 19.8410
v  60.2914 220.6158 11.2603
v  67.9583 214.3186 11.0287
v  41.5302 229.4731 1.5748
v  51.7102 226.2892 1.5748
v  60.7917 221.3415 1.5748
v  68.5536 214.9137 1.5748
v  63.8734 210.2379 -24.2022
v  61.6140 207.9707 -29.3306
v  56.4856 210.2379 -31.5900
v  66.2833 212.6433 -16.6915
v  67.9583 214.3186 -7.8792
v  60.2914 220.6158 -8.1108
v  41.3110 228.4397 -9.0276
v  -2.3438 151.4647 34.6272
v  -10.5117 158.4533 29.7916
v  -4.7455 158.9602 37.0290
v  -12.6885 147.6873 11.2275
v  -6.4172 167.7429 38.7006
v  -7.1214 177.1654 39.4049
v  -18.3567 156.2356 1.5748
v  -6.5410 186.5286 38.8244
v  -12.8369 186.7608 31.1575
v  -4.8660 195.3439 37.1494
v  -14.7961 157.4835 -18.1071
v  -2.4561 202.8639 34.7395
v  -14.9273 196.8258 21.3234
v  -2.3438 151.4647 -31.4777
v  -10.5117 158.4533 -26.6420
v  -4.7455 158.9602 -33.8794
v  -6.4172 167.7429 -35.5510
v  -13.5623 177.0708 -28.5083
v  -7.1363 177.0708 -36.2702
v  -6.5410 186.5286 -35.6749
v  -12.8369 206.6494 11.2603
v  -12.8369 206.6494 -8.1107
v  -10.6478 195.8531 -26.7421
v  -4.8660 195.3439 -33.9999
v  -2.4561 202.8639 -31.5900
v  63.7611 151.4647 34.6272
v  49.4206 148.9486 42.7951
v  66.1629 158.9602 37.0290
v  60.1867 167.5126 44.9719
v  67.8345 167.7429 38.7006
v  30.7087 147.1884 45.6976
v  68.5388 177.1654 39.4049
v  67.9583 186.5286 38.8244
v  60.2914 186.7608 45.1203
v  66.2833 195.3439 37.1494
v  11.0268 157.4835 47.0796
v  63.8734 202.8639 34.7395
v  50.4573 196.8258 47.2107
v  1.2306 167.5126 44.9719
v  1.1259 186.7608 45.1203
v  40.3942 206.6494 45.1203
v  21.0231 206.6494 45.1203
v  2.3918 195.8533 42.9312
v  74.8315 147.1884 1.5748
v  74.1058 147.6873 11.2275
v  79.7740 156.2356 1.5748
v  76.2134 157.4835 21.2567
v  82.9495 166.3803 1.5748
v  83.1805 177.1654 12.0121
v  84.2087 177.1654 1.5748
v  74.1058 167.5126 31.0528
v  83.1021 187.8972 1.5748
v  79.9119 198.0795 1.5748
v  79.0248 197.6925 11.7206
v  74.2542 186.7608 31.1575
v  74.9796 207.1491 1.5748
v  72.0651 205.3864 20.3486
v  63.7611 151.4647 -31.4777
v  71.9290 158.4534 -26.6420
v  66.1629 158.9602 -33.8794
v  74.1058 147.6873 -8.0780
v  67.8345 167.7429 -35.5510
v  74.9796 177.0708 -28.5083
v  68.5536 177.0708 -36.2702
v  78.8869 167.0531 -18.9692
v  67.9583 186.5286 -35.6749
v  66.2833 195.3439 -33.9999
v  79.0248 187.2215 -19.0372
v  63.8734 202.8639 -31.5900
v  76.3446 196.8258 -18.1739
v  72.0651 205.3863 -17.1991
v  2.4918 158.4533 -39.6456
v  21.0559 147.6873 -41.8224
v  0.6256 177.0708 -42.6962
v  30.7087 156.2356 -47.4906
v  50.3905 157.4835 -43.9300
v  10.9600 196.8258 -44.0612
v  58.9255 158.4534 -39.6456
v  60.7917 177.0708 -42.6962
v  21.0231 206.6494 -41.9708
v  40.3942 206.6494 -41.9708
v  59.0255 195.8533 -39.7817
v  -8.6107 108.2020 81.1875
v  0.0454 105.5744 80.7934
v  -0.1442 104.6774 89.9606
v  -7.8628 110.5214 72.8852
v  -16.7945 111.7203 89.9606
v  9.2126 103.5850 89.9606
v  0.0454 105.5744 99.1278
v  9.2126 104.6774 80.6038
v  -19.4627 121.3247 67.6635
v  -21.5464 119.2410 74.1664
v  -17.5064 123.2810 63.2416
v  -13.0845 121.3247 61.2853
v  -22.9966 117.7908 81.7860
v  -6.5816 119.2410 59.2016
v  -7.0213 114.2385 65.4806
v  -23.5113 117.2761 89.9606
v  1.0380 117.7908 57.7514
v  -16.3617 112.3499 98.3350
v  -22.9966 117.7908 98.1353
v  9.2126 117.2761 57.2367
v  17.5870 112.3499 64.3864
v  -21.5464 119.2410 105.7549
v  17.3872 117.7908 57.7514
v  -7.0213 114.2385 114.4407
v  -19.4627 121.3247 112.2577
v  25.0068 119.2410 59.2016
v  17.9857 108.2020 72.1373
v  18.5694 104.6774 89.9606
v  27.3707 107.4324 89.9606
v  35.2197 111.7203 89.9606
v  33.6927 114.2385 73.7267
v  41.9365 117.2761 89.9606
v  41.4218 117.7908 81.7860
v  39.9716 119.2410 74.1664
v  37.8879 121.3247 67.6635
v  31.5097 121.3247 61.2853
v  35.9316 123.2810 63.2416
v  9.2126 104.6774 99.3174
v  18.3798 105.5744 99.1278
v  26.2880 110.5214 107.0360
v  9.2126 111.7203 115.9677
v  17.3872 117.7908 122.1699
v  9.2126 117.2761 122.6846
v  1.0380 117.7908 122.1699
v  -6.5816 119.2410 120.7196
v  -13.0845 121.3247 118.6359
v  -17.5064 123.2810 116.6796
v  25.0068 119.2410 120.7196
v  31.5097 121.3247 118.6359
v  35.9316 123.2810 116.6796
v  37.8879 121.3247 112.2577
v  34.7869 112.3499 98.3350
v  39.9716 119.2410 105.7549
v  41.4218 117.7908 98.1353
v  0.0143 194.4841 80.7623
v  9.2126 196.4150 89.9606
v  9.2126 195.3806 80.5722
v  -7.9207 189.5253 72.8273
v  -0.1759 195.3806 89.9606
v  -13.1507 178.6928 61.1878
v  -15.3543 185.7987 73.6730
v  -6.6347 180.7796 59.0971
v  -17.6000 176.7258 63.1480
v  -19.5602 178.6928 67.5973
v  9.2126 192.6184 71.7403
v  1.0107 182.2331 57.6439
v  -21.6509 180.7796 74.1133
v  17.6155 187.6964 64.2955
v  9.2126 182.7493 57.1274
v  -23.1041 182.2331 81.7587
v  17.4145 182.2331 57.6439
v  -23.6206 182.7493 89.9606
v  -16.4525 187.6964 98.3635
v  25.5002 185.7987 65.3937
v  25.0599 180.7796 59.0971
v  -23.1041 182.2331 98.1625
v  -21.6509 180.7796 105.8079
v  -19.5602 178.6928 112.3239
v  -7.0750 185.7987 114.5275
v  -13.1507 178.6928 118.7334
v  -17.6000 176.7258 116.7732
v  -6.6347 180.7796 120.8241
v  1.0107 182.2331 122.2773
v  9.2126 188.3259 116.0597
v  9.2126 182.7493 122.7938
v  17.4145 182.2331 122.2773
v  25.0599 180.7796 120.8241
v  -8.6698 191.8488 98.7628
v  9.2126 195.3807 99.3490
v  31.5759 178.6928 118.7334
v  26.3459 189.5253 107.0939
v  36.0252 176.7258 116.7732
v  37.9854 178.6928 112.3239
v  18.4109 194.4841 99.1589
v  40.0761 180.7796 105.8079
v  34.8777 187.6964 98.3635
v  41.5293 182.2331 98.1625
v  18.6010 195.3806 89.9606
v  27.4329 192.6184 89.9606
v  35.3117 188.3259 89.9606
v  42.0458 182.7493 89.9606
v  37.9854 178.6928 67.5973
v  36.0252 176.7258 63.1480
v  31.5759 178.6928 61.1878
v  40.0761 180.7796 74.1133
v  41.5293 182.2331 81.7587
v  18.4109 194.4841 80.7623
v  -19.4627 127.7029 118.6359
v  -26.5489 133.7660 114.4407
v  -21.5464 134.2058 120.7196
v  -28.4375 124.4258 98.3350
v  -22.9966 141.8254 122.1699
v  -23.6077 150.0000 122.7809
v  -33.3550 131.8420 89.9606
v  -23.1041 158.1233 122.2773
v  -28.5662 158.3248 115.6257
v  -21.6509 165.7712 120.8241
v  -30.2660 132.9246 72.8852
v  -19.5602 172.2953 118.7334
v  -30.3798 167.0569 107.0939
v  -19.4627 127.7029 61.2853
v  -26.5489 133.7660 65.4805
v  -21.5464 134.2058 59.2016
v  -22.9966 141.8254 57.7514
v  -26.6670 166.2130 65.3937
v  -23.6206 149.9180 57.1274
v  -23.1041 158.1233 57.6439
v  -28.5662 175.5795 98.3635
v  -28.5662 175.5795 81.5577
v  -21.6509 165.7711 59.0971
v  -19.5602 172.2953 61.1878
v  37.8879 127.7029 118.6359
v  33.6927 133.7661 125.7221
v  39.9716 134.2058 120.7196
v  17.9857 132.1767 131.7586
v  41.4218 141.8254 122.1699
v  42.0329 150.0000 122.7809
v  0.8382 124.4258 127.6107
v  41.5293 158.1233 122.2773
v  34.8777 158.3248 127.7394
v  40.0761 165.7712 120.8241
v  -7.8628 132.9246 129.4392
v  37.9854 172.2953 118.7334
v  26.3459 167.0569 129.5530
v  -16.3617 141.6256 127.6107
v  -16.4525 158.3248 127.7394
v  17.6155 175.5795 127.7394
v  0.8097 175.5795 127.7394
v  47.4923 123.9929 89.9606
v  48.6912 132.9246 107.0360
v  51.7802 131.8420 89.9606
v  54.5352 140.6432 89.9606
v  54.7356 150.0000 99.0157
v  55.6276 150.0000 89.9606
v  46.8627 141.6256 115.5349
v  54.6676 159.3106 89.9606
v  51.8999 168.1445 89.9606
v  51.1302 167.8087 98.7628
v  46.9914 158.3248 115.6257
v  47.6208 176.0130 89.9606
v  45.0922 174.4837 106.2482
v  37.8879 127.7029 61.2853
v  44.9741 125.5200 73.7267
v  39.9716 134.2058 59.2016
v  46.8627 141.6256 64.3864
v  41.4218 141.8254 57.7514
v  42.0458 149.9180 57.1274
v  41.5293 158.1233 57.6439
v  51.1302 158.7244 72.0782
v  51.8999 149.9180 71.7403
v  40.0761 165.7711 59.0971
v  37.9854 172.2953 61.1878
v  48.8050 167.0569 72.8273
v  45.0922 174.4837 73.6730
v  -15.2675 133.7660 54.1991
v  0.8382 124.4258 52.3105
v  -16.8865 149.9180 51.5524
v  9.2126 131.8419 47.3930
v  26.2880 132.9246 50.4820
v  -7.9207 167.0569 50.3682
v  33.6927 133.7661 54.1991
v  33.7795 166.2131 54.0810
v  0.8097 175.5795 52.1818
v  17.6155 175.5795 52.1818
v  46.2820 104.6980 22.1924
v  52.1986 102.9019 21.9230
v  52.0690 102.2888 28.1890
v  47.3684 108.8240 11.4563
v  40.6882 107.1028 28.1890
v  58.4646 101.5421 28.1890
v  52.1986 102.9019 34.4549
v  58.4646 102.2888 21.7934
v  38.8644 113.6676 12.9484
v  37.4402 112.2433 17.3933
v  40.2016 115.0048 9.9260
v  43.2241 113.6676 8.5888
v  36.4489 111.2521 22.6014
v  47.6689 112.2433 7.1646
v  36.0971 110.9003 28.1890
v  52.8770 111.2521 6.1733
v  36.4489 111.2521 33.7765
v  58.4646 110.9002 5.8215
v  64.4612 104.6980 16.0064
v  37.4402 112.2433 38.9846
v  64.0521 111.2521 6.1733
v  47.3684 108.8240 44.9216
v  38.8644 113.6676 43.4295
v  69.2602 112.2433 7.1646
v  64.8601 102.2888 28.1890
v  70.8760 104.1719 28.1890
v  76.2410 107.1028 28.1890
v  75.1972 108.8240 17.0928
v  80.8320 110.9003 28.1890
v  80.4802 111.2521 22.6014
v  79.4890 112.2433 17.3933
v  78.0647 113.6676 12.9484
v  73.7051 113.6676 8.5888
v  76.7275 115.0048 9.9260
v  58.4646 102.2888 34.5845
v  64.7305 102.9019 34.4549
v  70.1360 106.2833 39.8603
v  58.4646 107.1028 45.9653
v  64.0521 111.2521 50.2046
v  58.4646 110.9003 50.5564
v  52.8770 111.2521 50.2046
v  47.6689 112.2433 49.2133
v  43.2241 113.6676 47.7891
v  40.2016 115.0048 46.4519
v  69.2602 112.2433 49.2133
v  73.7051 113.6676 47.7891
v  76.7275 115.0048 46.4519
v  78.0647 113.6676 43.4295
v  79.4890 112.2433 38.9846
v  80.4802 111.2521 33.7765
v  52.1773 163.6734 21.9017
v  58.4646 164.9933 28.1889
v  58.4646 164.2863 21.7718
v  46.7536 160.2840 16.4780
v  52.0473 164.2863 28.1889
v  43.1788 152.8798 8.5222
v  47.6326 154.3062 7.0931
v  40.1376 151.5353 9.8620
v  38.7978 152.8798 12.9032
v  58.4646 162.3982 15.7350
v  52.8584 155.2996 6.0999
v  37.3688 154.3062 17.3570
v  64.2081 159.0339 10.6463
v  58.4646 155.6525 5.7468
v  36.3755 155.2996 22.5828
v  64.0708 155.2996 6.0999
v  36.0224 155.6525 28.1889
v  40.9219 159.0339 33.9325
v  69.5975 157.7368 11.3970
v  69.2965 154.3062 7.0931
v  36.3755 155.2996 33.7951
v  37.3688 154.3062 39.0209
v  38.7978 152.8798 43.4747
v  43.1788 152.8798 47.8557
v  40.1376 151.5353 46.5159
v  47.6326 154.3062 49.2847
v  52.8584 155.2997 50.2780
v  58.4646 159.4642 46.0282
v  58.4646 155.6525 50.6311
v  64.0708 155.2997 50.2780
v  69.2965 154.3062 49.2847
v  46.2416 161.8722 34.2055
v  58.4646 164.2863 34.6061
v  73.7503 152.8798 47.8557
v  70.1755 160.2840 39.8999
v  76.7915 151.5353 46.5159
v  78.1313 152.8798 43.4747
v  64.7518 163.6734 34.4762
v  79.5604 154.3062 39.0209
v  80.5536 155.2996 33.7951
v  64.8818 164.2863 28.1889
v  70.9185 162.3982 28.1889
v  76.3038 159.4642 28.1889
v  80.9067 155.6525 28.1889
v  78.1313 152.8798 12.9032
v  76.7915 151.5353 9.8620
v  73.7503 152.8798 8.5222
v  79.5604 154.3062 17.3570
v  80.5536 155.2996 22.5828
v  38.8644 118.0272 47.7891
v  34.0209 122.1714 44.9216
v  37.4402 122.4720 49.2133
v  32.7300 115.7872 33.9130
v  36.4489 127.6802 50.2046
v  36.0313 133.2677 50.6222
v  36.3755 138.8201 50.2780
v  32.6420 138.9578 45.7316
v  37.3688 144.0476 49.2847
v  31.4802 121.5963 16.5176
v  38.7978 148.5070 47.8557
v  31.4024 144.9264 39.8999
v  38.8644 118.0272 8.5888
v  37.4402 122.4720 7.1646
v  36.4489 127.6802 6.1733
v  33.9401 144.3496 11.3970
v  36.0224 133.2116 5.7468
v  36.3755 138.8201 6.0999
v  32.6420 150.7518 33.9325
v  32.6420 150.7518 22.4454
v  37.3688 144.0476 7.0932
v  38.7978 148.5070 8.5222
v  78.0647 118.0272 47.7891
v  75.1972 122.1715 52.6327
v  79.4890 122.4720 49.2133
v  64.4612 121.0851 56.7587
v  80.4802 127.6802 50.2046
v  80.8979 133.2677 50.6222
v  52.7405 115.7872 53.9235
v  80.5536 138.8201 50.2780
v  76.0072 138.9578 54.0115
v  79.5604 144.0476 49.2847
v  78.1313 148.5070 47.8557
v  70.1755 144.9264 55.2511
v  40.9841 127.5436 53.9235
v  40.9219 138.9578 54.0115
v  64.2081 150.7518 54.0115
v  52.7210 150.7518 54.0115
v  84.6295 115.4913 28.1890
v  85.4490 121.5963 39.8603
v  87.5604 120.8563 28.1890
v  89.4435 126.8722 28.1890
v  90.1901 133.2677 28.1889
v  84.1992 127.5436 45.6695
v  89.5339 139.6317 28.1889
v  87.6422 145.6698 28.1889
v  87.1161 145.4403 34.2055
v  84.2871 138.9578 45.7316
v  84.7173 151.0481 28.1889
v  78.0647 118.0272 8.5888
v  84.1992 115.7872 22.4649
v  79.4890 122.4720 7.1646
v  80.4802 127.6802 6.1733
v  84.7173 133.2116 10.3497
v  80.9067 133.2116 5.7468
v  80.5536 138.8201 6.0999
v  89.5339 133.2116 21.7718
v  79.5604 144.0476 7.0932
v  78.1313 148.5070 8.5222
v  82.9890 150.0028 17.0560
v  41.7320 122.1714 3.7452
v  52.7405 115.7872 2.4544
v  46.0107 133.2116 -0.9887
v  70.1360 121.5963 1.2046
v  46.7536 144.9264 1.1268
v  75.2565 144.3497 3.6645
v  52.7210 150.7518 2.3664
v  64.2081 150.7518 2.3664
v  56.1924 99.1469 -24.5212
v  64.8486 96.5193 -24.9152
v  64.6590 95.6223 -15.7481
v  56.9403 101.4663 -32.8235
v  48.0086 102.6652 -15.7480
v  74.0157 94.5299 -15.7480
v  64.8486 96.5193 -6.5809
v  74.0157 95.6223 -25.1048
v  45.3404 112.2696 -38.0452
v  43.2567 110.1859 -31.5423
v  47.2968 114.2259 -42.4670
v  51.7186 112.2696 -44.4234
v  41.8065 108.7356 -23.9227
v  58.2215 110.1859 -46.5071
v  57.7818 105.1833 -40.2281
v  41.2918 108.2209 -15.7480
v  65.8411 108.7356 -47.9573
v  48.4415 103.2948 -7.3736
v  41.8065 108.7356 -7.5734
v  74.0157 108.2209 -48.4720
v  82.3902 103.2948 -41.3223
v  43.2567 110.1859 0.0462
v  82.1904 108.7356 -47.9573
v  57.7818 105.1834 8.7320
v  45.3404 112.2696 6.5491
v  89.8100 110.1859 -46.5071
v  82.7889 99.1469 -33.5714
v  83.3726 95.6223 -15.7480
v  92.1738 98.3773 -15.7480
v  100.0229 102.6652 -15.7480
v  98.4958 105.1833 -31.9820
v  106.7397 108.2209 -15.7481
v  106.2250 108.7356 -23.9227
v  104.7747 110.1859 -31.5423
v  102.6911 112.2696 -38.0452
v  96.3129 112.2696 -44.4234
v  100.7347 114.2259 -42.4670
v  74.0157 95.6223 -6.3913
v  83.1829 96.5193 -6.5809
v  91.0912 101.4663 1.3274
v  74.0157 102.6652 10.2591
v  82.1904 108.7356 16.4612
v  74.0157 108.2209 16.9759
v  65.8411 108.7356 16.4612
v  58.2215 110.1859 15.0109
v  51.7186 112.2696 12.9273
v  47.2968 114.2259 10.9709
v  89.8100 110.1859 15.0109
v  96.3129 112.2696 12.9273
v  100.7347 114.2259 10.9709
v  102.6911 112.2696 6.5491
v  99.5900 103.2948 -7.3736
v  104.7747 110.1859 0.0462
v  106.2250 108.7356 -7.5734
v  64.8175 185.4289 -24.9464
v  74.0157 187.3599 -15.7481
v  74.0157 186.3255 -25.1365
v  56.8824 180.4702 -32.8814
v  64.6272 186.3255 -15.7481
v  51.6525 169.6376 -44.5208
v  49.4489 176.7436 -32.0357
v  58.1685 171.7245 -46.6115
v  47.2032 167.6707 -42.5607
v  45.2430 169.6376 -38.1114
v  74.0157 183.5633 -33.9683
v  65.8138 173.1779 -48.0647
v  43.1523 171.7245 -31.5953
v  82.4186 178.6412 -41.4132
v  74.0158 173.6942 -48.5812
v  41.6991 173.1779 -23.9500
v  82.2177 173.1779 -48.0647
v  41.1826 173.6942 -15.7481
v  48.3506 178.6412 -7.3451
v  90.3034 176.7436 -40.3149
v  89.8630 171.7245 -46.6115
v  41.6991 173.1779 -7.5461
v  43.1523 171.7245 0.0992
v  45.2430 169.6376 6.6152
v  57.7281 176.7436 8.8188
v  51.6525 169.6377 13.0247
v  47.2032 167.6707 11.0645
v  58.1685 171.7245 15.1154
v  65.8138 173.1779 16.5686
v  74.0157 179.2708 10.3511
v  74.0157 173.6942 17.0851
v  82.2177 173.1779 16.5686
v  89.8630 171.7245 15.1154
v  56.1334 182.7936 -6.9458
v  74.0157 186.3255 -6.3596
v  96.3790 169.6377 13.0247
v  91.1491 180.4702 1.3853
v  100.8283 167.6707 11.0645
v  102.7885 169.6376 6.6152
v  83.2140 185.4290 -6.5498
v  104.8792 171.7245 0.0992
v  99.6809 178.6412 -7.3451
v  106.3324 173.1779 -7.5461
v  83.4042 186.3255 -15.7481
v  92.2360 183.5633 -15.7481
v  100.1149 179.2708 -15.7481
v  106.8489 173.6942 -15.7481
v  102.7885 169.6376 -38.1114
v  100.8283 167.6707 -42.5607
v  96.3790 169.6376 -44.5208
v  104.8792 171.7245 -31.5953
v  106.3324 173.1779 -23.9500
v  83.2140 185.4289 -24.9464
v  45.3404 118.6478 12.9273
v  38.2542 124.7109 8.7320
v  43.2567 125.1507 15.0109
v  32.2178 123.1216 -6.9749
v  41.8065 132.7702 16.4612
v  41.1955 140.9449 17.0722
v  36.3657 115.3706 -24.1225
v  41.6991 149.0681 16.5686
v  36.2369 149.2696 9.9171
v  43.1523 156.7160 15.1154
v  34.5372 123.8695 -32.8235
v  45.2430 163.2402 13.0247
v  34.4234 158.0017 1.3853
v  45.3404 118.6478 -44.4234
v  38.2542 124.7109 -40.2281
v  43.2567 125.1506 -46.5071
v  41.8065 132.7702 -47.9573
v  38.1361 157.1578 -40.3149
v  41.1826 140.8629 -48.5812
v  41.6991 149.0681 -48.0647
v  36.2369 166.5244 -7.3451
v  36.2369 166.5244 -24.1509
v  43.1523 156.7160 -46.6115
v  45.2430 163.2402 -44.5208
v  102.6911 118.6478 12.9273
v  98.4958 124.7110 20.0135
v  104.7747 125.1507 15.0109
v  82.7889 123.1216 26.0499
v  106.2250 132.7702 16.4612
v  106.8360 140.9449 17.0722
v  65.6414 115.3706 21.9020
v  106.3324 149.0681 16.5686
v  99.6809 149.2696 22.0308
v  104.8792 156.7160 15.1154
v  56.9403 123.8695 23.7305
v  102.7885 163.2402 13.0247
v  91.1491 158.0017 23.8443
v  48.4415 132.5705 21.9020
v  48.3506 149.2696 22.0308
v  82.4187 166.5244 22.0308
v  65.6128 166.5244 22.0308
v  112.2954 114.9378 -15.7480
v  113.4943 123.8695 1.3274
v  116.5834 122.7868 -15.7480
v  119.3384 131.5881 -15.7481
v  119.5387 140.9449 -6.6929
v  120.4307 140.9449 -15.7481
v  111.6658 132.5705 9.8262
v  119.4707 150.2555 -15.7481
v  116.7030 159.0893 -15.7481
v  115.9334 158.7536 -6.9458
v  111.7946 149.2696 9.9171
v  112.4239 166.9579 -15.7481
v  109.8954 165.4286 0.5396
v  102.6911 118.6478 -44.4234
v  109.7773 124.7110 -40.2281
v  104.7747 125.1506 -46.5071
v  111.6658 115.3706 -24.1225
v  106.2250 132.7702 -47.9573
v  112.4239 140.8629 -41.8472
v  106.8489 140.8629 -48.5812
v  106.3324 149.0681 -48.0647
v  119.4707 140.8629 -25.1365
v  104.8792 156.7160 -46.6115
v  111.7946 149.2696 -41.4132
v  102.7885 163.2402 -44.5208
v  113.6081 158.0017 -32.8814
v  109.8954 165.4286 -32.0357
v  49.5357 124.7108 -51.5096
v  65.6413 115.3706 -53.3982
v  47.9166 140.8629 -54.1562
v  74.0157 122.7868 -58.3157
v  91.0912 123.8695 -55.2266
v  56.8824 158.0017 -55.3404
v  98.4958 124.7110 -51.5096
v  98.5826 157.1579 -51.6277
v  65.6129 166.5244 -53.5269
v  82.4186 166.5244 -53.5269
v  7.9355 114.8161 41.9561
v  13.8522 113.0201 41.6868
v  13.7226 112.4069 47.9527
v  9.0219 118.9421 31.2201
v  2.3417 117.2209 47.9527
v  20.1181 111.6603 47.9527
v  13.8522 113.0201 54.2187
v  20.1181 112.4069 41.5572
v  0.5180 123.7857 32.7122
v  -0.9063 122.3615 37.1571
v  1.8551 125.1229 29.6898
v  4.8776 123.7857 28.3526
v  -1.8975 121.3702 42.3652
v  9.3224 122.3615 26.9284
v  -2.2494 121.0184 47.9527
v  14.5306 121.3702 25.9371
v  -1.8975 121.3702 53.5403
v  20.1181 121.0184 25.5853
v  26.1147 114.8161 35.7701
v  -0.9063 122.3615 58.7484
v  25.7056 121.3702 25.9371
v  9.0219 118.9421 64.6853
v  0.5180 123.7857 63.1933
v  30.9138 122.3615 26.9284
v  32.3007 114.8161 41.9561
v  26.5137 112.4069 47.9527
v  32.5295 114.2900 47.9527
v  37.8945 117.2209 47.9527
v  42.4856 121.0184 47.9527
v  42.1338 121.3702 42.3652
v  41.1425 122.3615 37.1571
v  39.7183 123.7857 32.7122
v  35.3586 123.7857 28.3526
v  38.3811 125.1229 29.6898
v  20.1181 112.4069 54.3483
v  26.3841 113.0201 54.2187
v  31.7895 116.4015 59.6241
v  20.1181 117.2209 65.7291
v  25.7056 121.3702 69.9684
v  20.1181 121.0184 70.3202
v  14.5306 121.3702 69.9684
v  9.3224 122.3615 68.9771
v  4.8776 123.7857 67.5529
v  1.8551 125.1229 66.2157
v  30.9138 122.3615 68.9771
v  35.3586 123.7857 67.5529
v  38.3811 125.1229 66.2157
v  39.7183 123.7857 63.1933
v  41.1425 122.3615 58.7484
v  42.1338 121.3702 53.5403
v  13.8309 173.7916 41.6655
v  20.1181 175.1114 47.9527
v  20.1181 174.4044 41.5355
v  8.4071 170.4022 36.2418
v  13.7009 174.4044 47.9527
v  4.8324 162.9979 28.2860
v  9.2862 164.4243 26.8569
v  1.7912 161.6535 29.6258
v  0.4514 162.9979 32.6670
v  26.1346 171.9903 35.7298
v  14.5119 165.4178 25.8636
v  -0.9777 164.4243 37.1208
v  20.1181 165.7706 25.5106
v  -1.9710 165.4178 42.3465
v  25.7243 165.4178 25.8636
v  -2.3240 165.7707 47.9527
v  2.5755 169.1520 53.6963
v  30.9500 164.4243 26.8569
v  -1.9710 165.4178 53.5589
v  -0.9777 164.4243 58.7847
v  0.4514 162.9979 63.2385
v  4.8324 162.9979 67.6195
v  1.7912 161.6535 66.2797
v  9.2862 164.4243 69.0485
v  14.5119 165.4178 70.0418
v  20.1181 169.5824 65.7920
v  20.1181 165.7707 70.3949
v  25.7243 165.4178 70.0418
v  30.9500 164.4243 69.0485
v  7.8952 171.9903 53.9692
v  20.1181 174.4044 54.3699
v  35.4039 162.9979 67.6195
v  31.8291 170.4022 59.6637
v  38.4450 161.6535 66.2797
v  39.7849 162.9979 63.2385
v  26.4053 173.7916 54.2399
v  41.2139 164.4243 58.7847
v  42.2072 165.4178 53.5589
v  26.5353 174.4044 47.9527
v  32.5720 172.5164 47.9527
v  37.9574 169.5824 47.9527
v  42.5602 165.7707 47.9527
v  39.7849 162.9979 32.6670
v  38.4450 161.6535 29.6258
v  35.4039 162.9979 28.2860
v  36.9100 167.8550 36.8198
v  41.2139 164.4243 37.1208
v  42.2072 165.4178 42.3465
v  0.5180 128.1453 67.5529
v  -4.3256 132.2896 64.6853
v  -0.9063 132.5902 68.9771
v  -8.4516 131.2033 53.9493
v  -1.8975 137.7983 69.9684
v  -2.3152 143.3858 70.3860
v  -1.9710 148.9382 70.0418
v  -5.7045 149.0760 65.4954
v  -0.9777 154.1657 69.0485
v  -6.8663 131.7144 36.2813
v  0.4514 158.6251 67.6195
v  -6.9440 155.0445 59.6637
v  0.5180 128.1453 28.3526
v  -0.9063 132.5902 26.9284
v  -1.8975 137.7983 25.9371
v  -4.4063 154.4677 31.1608
v  -2.3240 143.3298 25.5106
v  -1.9710 148.9382 25.8637
v  -5.7045 160.8699 53.6963
v  -5.7045 160.8699 42.2092
v  -0.9777 154.1657 26.8569
v  0.4514 158.6251 28.2860
v  39.7183 128.1453 67.5529
v  36.8507 132.2896 72.3964
v  41.1425 132.5902 68.9771
v  26.1147 131.2033 76.5225
v  42.1338 137.7983 69.9684
v  42.5514 143.3858 70.3860
v  14.3941 125.9053 73.6873
v  42.2072 148.9382 70.0418
v  37.6607 149.0760 73.7753
v  41.2139 154.1657 69.0485
v  39.7849 158.6251 67.6195
v  31.8291 155.0445 75.0149
v  2.6376 137.6618 73.6873
v  2.5755 149.0760 73.7753
v  25.8617 160.8699 73.7753
v  14.3745 160.8699 73.7753
v  46.2830 125.6095 47.9527
v  47.1025 131.7145 59.6241
v  49.2139 130.9745 47.9527
v  51.0970 136.9903 47.9527
v  51.8437 143.3858 47.9527
v  45.8527 137.6618 65.4333
v  51.1875 149.7498 47.9527
v  49.2957 155.7879 47.9527
v  48.7696 155.5584 53.9692
v  45.9407 149.0760 65.4954
v  46.3709 161.1663 47.9527
v  39.7183 128.1453 28.3526
v  45.8527 125.9053 42.2287
v  41.1425 132.5902 26.9284
v  42.1338 137.7983 25.9371
v  46.3709 143.3298 30.1134
v  42.5602 143.3298 25.5106
v  42.2072 148.9382 25.8637
v  51.1875 143.3298 41.5355
v  41.2139 154.1657 26.8569
v  39.7849 158.6251 28.2860
v  44.6425 160.1209 36.8198
v  3.3855 132.2896 23.5090
v  14.3940 125.9053 22.2182
v  7.6642 143.3298 18.7751
v  31.7895 131.7144 20.9683
v  8.4071 155.0445 20.8906
v  36.9100 154.4678 23.4283
v  14.3746 160.8699 22.1302
v  25.8616 160.8699 22.1302
v  32.3056 125.7610 47.3892
v  38.2222 123.9650 47.1198
v  38.0927 123.3518 53.3858
v  33.3920 129.8870 36.6532
v  26.7118 128.1658 53.3858
v  44.4882 122.6052 53.3858
v  38.2222 123.9650 59.6518
v  44.4882 123.3518 46.9903
v  24.8880 134.7306 38.1453
v  23.4638 133.3063 42.5901
v  26.2252 136.0678 35.1228
v  29.2477 134.7306 33.7857
v  22.4725 132.3151 47.7983
v  33.6925 133.3063 32.3614
v  22.1207 131.9633 53.3858
v  38.9007 132.3151 31.3701
v  22.4725 132.3151 58.9733
v  44.4882 131.9633 31.0183
v  50.4848 125.7610 41.2032
v  23.4638 133.3063 64.1815
v  50.0757 132.3151 31.3701
v  33.3920 129.8870 70.1184
v  24.8880 134.7306 68.6263
v  55.2839 133.3063 32.3614
v  56.6708 125.7610 47.3892
v  50.8838 123.3518 53.3858
v  56.8996 125.2349 53.3858
v  62.2646 128.1658 53.3858
v  66.8557 131.9633 53.3858
v  66.5038 132.3151 47.7983
v  65.5126 133.3063 42.5901
v  64.0883 134.7306 38.1453
v  59.7287 134.7306 33.7857
v  62.7512 136.0678 35.1228
v  44.4882 123.3518 59.7813
v  50.7541 123.9650 59.6518
v  56.1596 127.3463 65.0572
v  44.4882 128.1658 71.1622
v  50.0757 132.3151 75.4015
v  44.4882 131.9633 75.7533
v  38.9007 132.3151 75.4015
v  33.6925 133.3064 74.4102
v  29.2477 134.7306 72.9859
v  26.2252 136.0678 71.6488
v  55.2839 133.3064 74.4102
v  59.7287 134.7306 72.9859
v  62.7512 136.0678 71.6488
v  64.0883 134.7306 68.6263
v  65.5126 133.3063 64.1815
v  66.5038 132.3151 58.9733
v  38.2010 184.7365 47.0986
v  44.4882 186.0563 53.3858
v  44.4882 185.3493 46.9686
v  32.7772 181.3470 41.6748
v  38.0710 185.3493 53.3858
v  29.2024 173.9428 33.7190
v  33.6563 175.3692 32.2900
v  26.1613 172.5983 35.0589
v  24.8214 173.9428 38.1000
v  50.5047 182.9352 41.1628
v  38.8820 176.3626 31.2967
v  23.3924 175.3692 42.5539
v  44.4882 176.7155 30.9437
v  22.3991 176.3627 47.7796
v  50.0944 176.3626 31.2967
v  22.0461 176.7155 53.3858
v  26.9456 180.0969 59.1293
v  55.3201 175.3692 32.2900
v  22.3991 176.3627 58.9920
v  23.3924 175.3692 64.2177
v  24.8214 173.9428 68.6715
v  29.2024 173.9428 73.0526
v  26.1613 172.5983 71.7127
v  33.6563 175.3692 74.4816
v  38.8820 176.3627 75.4749
v  44.4882 180.5273 71.2251
v  44.4882 176.7155 75.8279
v  50.0944 176.3627 75.4749
v  55.3201 175.3692 74.4816
v  32.2652 182.9352 59.4023
v  44.4882 185.3493 59.8030
v  59.7739 173.9428 73.0526
v  56.1992 181.3470 65.0968
v  62.8151 172.5983 71.7127
v  64.1550 173.9428 68.6715
v  50.7754 184.7365 59.6730
v  65.5840 175.3692 64.2177
v  66.5773 176.3627 58.9920
v  50.9054 185.3493 53.3858
v  56.9421 183.4612 53.3858
v  62.3275 180.5273 53.3858
v  66.9303 176.7155 53.3858
v  64.1550 173.9428 38.1000
v  62.8151 172.5983 35.0589
v  59.7739 173.9428 33.7190
v  61.2801 178.7999 42.2529
v  65.5840 175.3692 42.5539
v  66.5773 176.3627 47.7796
v  24.8880 139.0902 72.9859
v  20.0445 143.2345 70.1184
v  23.4638 143.5350 74.4102
v  15.9184 142.1481 59.3824
v  22.4725 148.7432 75.4015
v  22.0549 154.3307 75.8191
v  22.3991 159.8831 75.4749
v  18.6656 160.0208 70.9284
v  23.3924 165.1106 74.4816
v  17.5038 142.6593 41.7144
v  24.8214 169.5700 73.0526
v  17.4260 165.9894 65.0968
v  24.8880 139.0902 33.7857
v  23.4638 143.5350 32.3614
v  22.4725 148.7432 31.3701
v  19.9638 165.4126 36.5939
v  22.0461 154.2747 30.9437
v  22.3991 159.8831 31.2967
v  18.6656 171.8148 59.1293
v  18.6656 171.8148 47.6423
v  23.3924 165.1106 32.2900
v  24.8214 169.5700 33.7190
v  64.0883 139.0902 72.9859
v  61.2208 143.2345 77.8295
v  65.5126 143.5350 74.4102
v  50.4848 142.1481 81.9555
v  66.5038 148.7432 75.4015
v  66.9215 154.3307 75.8191
v  38.7641 136.8502 79.1204
v  66.5773 159.8831 75.4749
v  62.0308 160.0208 79.2084
v  65.5840 165.1106 74.4816
v  64.1550 169.5700 73.0526
v  56.1992 165.9894 80.4480
v  27.0077 148.6067 79.1204
v  26.9456 160.0208 79.2084
v  50.2318 171.8148 79.2084
v  38.7446 171.8148 79.2084
v  70.6531 136.5543 53.3858
v  71.4726 142.6593 65.0572
v  73.5840 141.9193 53.3858
v  75.4671 147.9352 53.3858
v  76.2138 154.3307 53.3858
v  70.2228 148.6067 70.8663
v  75.5576 160.6947 53.3858
v  73.6658 166.7328 53.3858
v  73.1397 166.5033 59.4023
v  70.3108 160.0208 70.9284
v  70.7409 172.1111 53.3858
v  64.0883 139.0902 33.7857
v  70.2228 136.8502 47.6617
v  65.5126 143.5350 32.3614
v  66.5038 148.7432 31.3701
v  70.7409 154.2747 35.5465
v  66.9303 154.2747 30.9437
v  66.5773 159.8831 31.2967
v  75.5576 154.2747 46.9686
v  65.5840 165.1106 32.2900
v  64.1550 169.5700 33.7190
v  69.0126 171.0658 42.2529
v  27.7556 143.2344 28.9421
v  38.7641 136.8502 27.6512
v  32.0343 154.2747 24.2082
v  56.1596 142.6593 26.4014
v  32.7772 165.9894 26.3236
v  61.2801 165.4127 28.8614
v  38.7447 171.8148 27.5632
v  50.2317 171.8148 27.5632
v  34.6215 144.6440 27.8633
v  42.0902 142.3768 27.5233
v  41.9267 141.6028 35.4330
v  35.9928 149.8524 14.3108
v  27.5602 147.6797 35.4330
v  50.0000 140.6603 35.4330
v  42.0902 142.3768 43.3428
v  50.0000 141.6028 27.3597
v  25.2580 155.9666 16.1944
v  23.4601 154.1688 21.8053
v  26.9460 157.6546 12.3790
v  30.7613 155.9666 10.6910
v  22.2088 152.9175 28.3797
v  36.3722 154.1688 8.8932
v  21.7647 152.4734 35.4330
v  42.9467 152.9175 7.6419
v  22.2088 152.9175 42.4864
v  50.0000 152.4734 7.1978
v  57.2257 148.2229 13.3667
v  23.4601 154.1688 49.0608
v  57.0533 152.9175 7.6419
v  35.9928 149.8524 56.5552
v  25.2580 155.9667 54.6717
v  63.6278 154.1688 8.8932
v  57.5697 144.6440 20.0545
v  58.0734 141.6028 35.4330
v  65.6674 143.9799 35.4330
v  72.4398 147.6797 35.4330
v  71.1222 149.8524 21.4259
v  78.2353 152.4734 35.4330
v  77.7912 152.9175 28.3797
v  76.5399 154.1688 21.8053
v  74.7420 155.9666 16.1944
v  69.2387 155.9666 10.6910
v  73.0540 157.6546 12.3790
v  50.0000 141.6028 43.5064
v  57.9098 142.3768 43.3428
v  64.7332 146.6452 50.1663
v  50.0000 147.6797 57.8728
v  57.0533 152.9175 63.2242
v  50.0000 152.4734 63.6683
v  42.9467 152.9175 63.2242
v  36.3722 154.1688 61.9729
v  30.7613 155.9667 60.1750
v  26.9460 157.6546 58.4871
v  63.6278 154.1688 61.9729
v  69.2387 155.9667 60.1750
v  73.0540 157.6546 58.4871
v  74.7420 155.9667 54.6717
v  76.5399 154.1688 49.0608
v  77.7912 152.9175 42.4864
v  42.0634 219.0910 27.4964
v  50.0000 220.7570 35.4330
v  50.0000 219.8646 27.3324
v  35.2168 214.8124 20.6498
v  41.8993 219.8646 35.4330
v  30.7042 205.4657 10.6069
v  36.3264 207.2663 8.8030
v  26.8652 203.7686 12.2982
v  25.1739 205.4657 16.1373
v  50.0000 217.4812 19.7120
v  42.9231 208.5204 7.5491
v  23.3700 207.2663 21.7595
v  57.2503 213.2343 13.2883
v  50.0000 208.9659 7.1035
v  22.1161 208.5204 28.3561
v  57.0769 208.5204 7.5491
v  21.6705 208.9659 35.4330
v  27.8553 213.2343 42.6833
v  64.0535 211.5970 14.2359
v  63.6736 207.2663 8.8030
v  22.1161 208.5204 42.5099
v  23.3700 207.2663 49.1066
v  25.1739 205.4657 54.7288
v  35.9465 211.5970 56.6301
v  30.7042 205.4657 60.2591
v  26.8652 203.7686 58.5678
v  36.3264 207.2663 62.0631
v  42.9231 208.5204 63.3169
v  50.0000 213.7775 57.9522
v  50.0000 208.9659 63.7626
v  57.0769 208.5204 63.3169
v  63.6736 207.2663 62.0631
v  34.5705 216.8171 43.0279
v  50.0000 219.8646 43.5337
v  69.2958 205.4657 60.2591
v  64.7832 214.8124 50.2162
v  73.1348 203.7686 58.5678
v  74.8261 205.4657 54.7288
v  57.9366 219.0910 43.3696
v  76.6300 207.2663 49.1066
v  77.8839 208.5204 42.5099
v  58.1007 219.8646 35.4330
v  65.7210 217.4812 35.4330
v  72.5192 213.7775 35.4330
v  78.3295 208.9659 35.4330
v  74.8261 205.4657 16.1373
v  73.1348 203.7686 12.2982
v  69.2958 205.4657 10.6069
v  76.6300 207.2663 21.7595
v  77.8839 208.5204 28.3561
v  25.2580 161.4700 60.1750
v  19.1438 166.7014 56.5552
v  23.4601 167.0809 61.9729
v  17.5143 158.6423 42.6588
v  22.2088 173.6553 63.2242
v  21.6816 180.7087 63.7514
v  13.2713 165.0413 35.4330
v  22.1161 187.7177 63.3169
v  17.4032 187.8915 57.5778
v  23.3700 194.3165 62.0631
v  15.9366 165.9754 20.6998
v  25.1739 199.9458 60.2591
v  15.8384 195.4259 50.2162
v  25.2580 161.4700 10.6910
v  23.4601 167.0809 8.8932
v  22.2088 173.6553 7.6418
v  19.0419 194.6977 14.2359
v  21.6705 180.6379 7.1035
v  22.1161 187.7177 7.5492
v  17.4032 202.7795 42.6833
v  17.4032 202.7795 28.1828
v  23.3700 194.3165 8.8030
v  25.1739 199.9458 10.6069
v  74.7420 161.4700 60.1750
v  71.1222 166.7015 66.2893
v  76.5399 167.0809 61.9729
v  57.5697 165.3301 71.4977
v  77.7912 173.6553 63.2242
v  78.3184 180.7087 63.7514
v  42.7743 158.6424 67.9188
v  77.8839 187.7177 63.3169
v  72.1447 187.8915 68.0298
v  76.6300 194.3165 62.0631
v  35.2668 165.9754 69.4965
v  74.8261 199.9458 60.2591
v  64.7832 195.4259 69.5946
v  27.9337 173.4829 67.9188
v  27.8553 187.8915 68.0298
v  57.2503 202.7795 68.0298
v  42.7497 202.7795 68.0298
v  83.0290 158.2689 35.4330
v  84.0634 165.9754 50.1663
v  86.7287 165.0413 35.4330
v  89.1058 172.6353 35.4330
v  89.2787 180.7087 43.2461
v  90.0484 180.7087 35.4330
v  82.4857 173.4829 57.4993
v  89.2200 188.7421 35.4330
v  86.8320 196.3643 35.4330
v  86.1679 196.0746 43.0279
v  82.5968 187.8915 57.5778
v  83.1398 203.1535 35.4330
v  80.9581 201.8340 49.4865
v  74.7420 161.4700 10.6910
v  80.8562 166.7015 14.3108
v  76.5399 167.0809 8.8932
v  77.7912 173.6553 7.6418
v  83.1398 180.6379 12.9138
v  78.3295 180.6379 7.1035
v  86.0647 173.1389 20.0545
v  77.8839 187.7177 7.5492
v  76.6300 194.3165 8.8030
v  86.1679 188.2364 20.0036
v  74.8261 199.9458 10.6069
v  80.9581 201.8340 21.3795
v  28.8778 166.7014 4.5768
v  42.7743 158.6423 2.9473
v  27.4808 180.6379 2.2932
v  50.0000 165.0413 -1.2957
v  64.7332 165.9754 1.3696
v  35.2168 195.4259 1.2714
v  71.1971 194.6978 4.4749
v  42.7497 202.7795 2.8362
v  57.2503 202.7795 2.8362
v  69.9043 153.7489 1.8241
v  74.9413 152.2199 1.5948
v  74.8309 151.6979 6.9291
v  70.8292 157.2614 -7.3157
v  65.1422 155.7961 6.9291
v  80.2756 151.0622 6.9291
v  74.9413 152.2199 12.2634
v  80.2756 151.6979 1.4845
v  63.5896 161.3849 -6.0455
v  62.3771 160.1724 -2.2615
v  64.7280 162.5232 -8.6185
v  67.3010 161.3849 -9.7569
v  61.5332 159.3285 2.1723
v  71.0850 160.1724 -10.9694
v  61.2337 159.0290 6.9291
v  75.5188 159.3285 -11.8133
v  61.5332 159.3285 11.6859
v  80.2756 159.0290 -12.1128
v  85.3806 153.7489 -3.4422
v  62.3771 160.1724 16.1197
v  85.0324 159.3285 -11.8133
v  70.8292 157.2614 21.1739
v  63.5896 161.3849 19.9037
v  89.4662 160.1724 -10.9694
v  90.6469 153.7489 1.8241
v  85.7203 151.6979 6.9291
v  90.8417 153.3010 6.9291
v  95.4090 155.7961 6.9291
v  99.3175 159.0290 6.9291
v  99.0180 159.3285 2.1723
v  98.1741 160.1724 -2.2615
v  96.9616 161.3849 -6.0455
v  93.2502 161.3849 -9.7569
v  95.8232 162.5232 -8.6185
v  80.2756 151.6979 12.3738
v  85.6099 152.2199 12.2634
v  90.2117 155.0985 16.8652
v  80.2756 155.7961 22.0625
v  85.0324 159.3285 25.6715
v  80.2756 159.0290 25.9710
v  75.5188 159.3285 25.6715
v  71.0850 160.1724 24.8276
v  67.3010 161.3849 23.6151
v  64.7280 162.5232 22.4767
v  89.4662 160.1724 24.8276
v  93.2502 161.3849 23.6151
v  95.8232 162.5232 22.4767
v  96.9616 161.3849 19.9037
v  98.1741 160.1724 16.1197
v  99.0180 159.3285 11.6859
v  74.9232 203.9559 1.5767
v  80.2756 205.0795 6.9291
v  80.2756 204.4776 1.4660
v  70.3058 201.0704 -3.0407
v  74.8125 204.4776 6.9291
v  67.2625 194.7670 -9.8136
v  71.0542 195.9814 -11.0302
v  64.6735 193.6225 -8.6730
v  63.5329 194.7670 -6.0840
v  85.3976 202.4224 -3.4765
v  75.5029 196.8271 -11.8758
v  62.3163 195.9814 -2.2923
v  80.2756 197.1275 -12.1763
v  61.4707 196.8271 2.1564
v  85.0482 196.8271 -11.8758
v  61.1702 197.1275 6.9291
v  65.3412 200.0061 11.8187
v  89.4970 195.9814 -11.0302
v  61.4707 196.8271 11.7018
v  62.3163 195.9814 16.1505
v  63.5329 194.7670 19.9422
v  67.2625 194.7670 23.6718
v  64.6735 193.6225 22.5312
v  71.0542 195.9814 24.8884
v  75.5029 196.8271 25.7340
v  80.2756 200.3725 22.1160
v  80.2756 197.1275 26.0345
v  85.0482 196.8271 25.7340
v  89.4970 195.9814 24.8884
v  69.8699 202.4224 12.0511
v  80.2756 204.4776 12.3922
v  93.2887 194.7670 23.6718
v  90.2454 201.0704 16.8989
v  95.8777 193.6225 22.5312
v  97.0183 194.7670 19.9422
v  85.6280 203.9559 12.2815
v  98.2349 195.9814 16.1505
v  99.0805 196.8271 11.7018
v  85.7387 204.4776 6.9291
v  90.8779 202.8703 6.9291
v  95.4625 200.3725 6.9291
v  99.3810 197.1275 6.9291
v  97.0183 194.7670 -6.0840
v  95.8777 193.6225 -8.6730
v  93.2887 194.7670 -9.8136
v  94.5709 198.9019 -2.5486
v  98.2349 195.9814 -2.2923
v  99.0805 196.8271 2.1564
v  63.5896 165.0963 23.6151
v  59.4662 168.6244 21.1739
v  62.3771 168.8803 24.8276
v  58.3672 163.1894 11.8021
v  61.5332 173.3141 25.6715
v  61.1777 178.0709 26.0270
v  61.4707 182.7977 25.7340
v  58.2923 182.9150 21.8635
v  62.3163 187.2480 24.8884
v  57.3032 168.1348 -3.0070
v  63.5329 191.0444 23.6718
v  54.3497 183.3774 12.2815
v  63.5896 165.0963 -9.7569
v  62.3771 168.8803 -10.9694
v  61.5332 173.3141 -11.8133
v  59.3974 187.5051 -7.3662
v  61.1702 178.0231 -12.1763
v  61.4707 182.7977 -11.8758
v  58.2923 192.9554 11.8187
v  62.3163 187.2480 -11.0302
v  63.5329 191.0444 -9.8136
v  96.9616 165.0963 23.6151
v  89.7220 163.8261 27.7385
v  98.1741 168.8803 24.8276
v  99.0180 173.3141 25.6715
v  85.3806 167.6996 31.2511
v  99.3735 178.0709 26.0270
v  99.0805 182.7977 25.7340
v  95.2100 182.9150 28.9124
v  98.2349 187.2480 24.8884
v  70.3395 168.1348 29.9015
v  97.0183 191.0444 23.6718
v  85.1652 192.9554 28.9124
v  65.3412 182.9150 28.9124
v  75.3860 192.9554 28.9124
v  102.5503 162.9375 6.9291
v  103.2480 168.1348 16.8652
v  105.0455 167.5048 6.9291
v  106.6486 172.6262 6.9291
v  107.2842 178.0709 6.9291
v  102.1840 173.1978 21.8106
v  106.7256 183.4886 6.9291
v  105.1151 188.6290 6.9291
v  104.6672 188.4336 12.0511
v  102.6251 193.2077 6.9291
v  96.9616 165.0963 -9.7569
v  101.0850 168.6244 -7.3157
v  98.1741 168.8803 -10.9694
v  99.0180 173.3141 -11.8133
v  104.5976 172.9658 -3.4422
v  99.3810 178.0231 -12.1763
v  99.0805 182.7977 -11.8758
v  98.2349 187.2480 -11.0302
v  104.6672 183.1475 -3.4765
v  97.0183 191.0444 -9.8136
v  101.1537 192.3178 -2.5486
v  66.0308 168.6244 -13.8803
v  65.0886 178.0231 -15.4204
v  80.2756 167.5048 -17.8408
v  90.2117 168.1348 -16.0433
v  70.3058 187.9961 -16.1095
v  94.5709 187.5052 -13.9490
v  75.3860 192.9554 -15.0542
v  -8.4028 165.8355 47.2571
v  -3.3658 164.3065 47.0278
v  -3.4761 163.7845 52.3622
v  -7.4779 169.3481 38.1174
v  -13.1649 167.8828 52.3622
v  1.9685 163.1489 52.3622
v  -3.3658 164.3065 57.6965
v  1.9685 163.7845 46.9175
v  -14.7175 173.4715 39.3876
v  -15.9300 172.2590 43.1716
v  -13.5791 174.6099 36.8145
v  -11.0061 173.4715 35.6762
v  -16.7739 171.4151 47.6054
v  -7.2221 172.2590 34.4637
v  -17.0734 171.1156 52.3622
v  -2.7883 171.4151 33.6198
v  -16.7739 171.4151 57.1189
v  1.9685 171.1156 33.3203
v  7.0735 165.8355 41.9909
v  -15.9300 172.2590 61.5527
v  6.7253 171.4151 33.6198
v  -7.4779 169.3481 66.6070
v  -14.7175 173.4715 65.3367
v  11.1591 172.2590 34.4637
v  7.4132 163.7845 52.3622
v  12.5346 165.3876 52.3622
v  17.1019 167.8828 52.3622
v  16.2133 169.3481 42.9157
v  21.0104 171.1156 52.3622
v  20.7109 171.4151 47.6054
v  19.8670 172.2590 43.1716
v  18.6545 173.4715 39.3876
v  14.9431 173.4715 35.6762
v  17.5161 174.6099 36.8145
v  1.9685 163.7845 57.8068
v  7.3028 164.3065 57.6965
v  11.9046 167.1851 62.2983
v  1.9685 167.8828 67.4956
v  6.7253 171.4151 71.1045
v  1.9685 171.1156 71.4040
v  -2.7883 171.4151 71.1045
v  -7.2221 172.2590 70.2607
v  -11.0061 173.4715 69.0482
v  -13.5791 174.6099 67.9098
v  11.1591 172.2590 70.2607
v  14.9431 173.4715 69.0482
v  17.5161 174.6099 67.9098
v  18.6545 173.4715 65.3367
v  19.8670 172.2590 61.5527
v  20.7109 171.4151 57.1189
v  -3.3839 216.0425 47.0097
v  1.9685 217.1661 52.3622
v  1.9685 216.5642 46.8991
v  -8.0013 213.1570 42.3924
v  -3.4946 216.5642 52.3622
v  -11.0446 206.8536 35.6194
v  -7.2529 208.0680 34.4029
v  -13.6336 205.7091 36.7601
v  -14.7742 206.8536 39.3491
v  7.0905 214.5090 41.9565
v  -2.8042 208.9137 33.5573
v  -15.9908 208.0680 43.1407
v  1.9685 209.2141 33.2567
v  -16.8364 208.9137 47.5895
v  6.7412 208.9137 33.5573
v  -17.1369 209.2141 52.3622
v  -12.9659 212.0928 57.2518
v  11.1899 208.0680 34.4029
v  -16.8364 208.9137 57.1348
v  -15.9908 208.0680 61.5836
v  -14.7742 206.8537 65.3752
v  -11.0446 206.8537 69.1049
v  -13.6336 205.7091 67.9642
v  -7.2529 208.0680 70.3214
v  -2.8042 208.9137 71.1670
v  1.9685 212.4591 67.5491
v  1.9685 209.2141 71.4676
v  6.7412 208.9137 71.1670
v  11.1899 208.0680 70.3214
v  -8.4371 214.5090 57.4841
v  1.9685 216.5642 57.8252
v  14.9816 206.8537 69.1049
v  11.9383 213.1570 62.3319
v  17.5706 205.7091 67.9642
v  18.7112 206.8537 65.3752
v  7.3209 216.0425 57.7146
v  19.9278 208.0680 61.5836
v  20.7734 208.9137 57.1348
v  7.4316 216.5642 52.3622
v  12.5708 214.9569 52.3622
v  17.1554 212.4591 52.3622
v  21.0739 209.2141 52.3622
v  18.7112 206.8536 39.3491
v  17.5706 205.7091 36.7601
v  14.9816 206.8536 35.6194
v  16.2638 210.9885 42.8845
v  19.9278 208.0680 43.1407
v  20.7734 208.9137 47.5895
v  -14.7175 177.1829 69.0482
v  -18.8409 180.7110 66.6070
v  -15.9300 180.9669 70.2607
v  -22.3535 179.7862 57.4672
v  -16.7739 185.4007 71.1045
v  -17.1294 190.1575 71.4601
v  -16.8364 194.8844 71.1671
v  -20.0148 195.0016 67.2966
v  -15.9908 199.3346 70.3214
v  -21.0039 180.2214 42.4261
v  -14.7742 203.1310 69.1049
v  -23.9574 195.4640 57.7146
v  -14.7175 177.1829 35.6762
v  -15.9300 180.9669 34.4637
v  -16.7739 185.4007 33.6198
v  -18.9096 199.5917 38.0668
v  -17.1369 190.1098 33.2567
v  -16.8364 194.8844 33.5573
v  -20.0148 205.0420 57.2518
v  -15.9908 199.3346 34.4029
v  -14.7742 203.1310 35.6195
v  18.6545 177.1829 69.0482
v  16.2133 180.7111 73.1716
v  19.8670 180.9669 70.2607
v  7.0735 179.7862 76.6842
v  20.7109 185.4007 71.1045
v  21.0664 190.1575 71.4601
v  -2.9045 175.2760 74.2705
v  20.7734 194.8844 71.1671
v  16.9029 195.0016 74.3454
v  19.9278 199.3346 70.3214
v  18.7112 203.1310 69.1049
v  6.8581 205.0420 74.3454
v  -12.9130 185.2845 74.2705
v  -12.9659 195.0016 74.3454
v  -2.9211 205.0420 74.3454
v  24.2432 175.0241 52.3622
v  24.9409 180.2214 62.2982
v  26.7384 179.5914 52.3622
v  28.3415 184.7128 52.3622
v  28.9771 190.1575 52.3622
v  23.8769 185.2845 67.2437
v  28.4185 195.5753 52.3622
v  26.8080 200.7157 52.3622
v  26.3601 200.5203 57.4841
v  24.3180 205.2943 52.3622
v  18.6545 177.1829 35.6762
v  22.7779 175.9127 42.9157
v  19.8670 180.9669 34.4637
v  23.8769 185.2845 37.4807
v  20.7109 185.4007 33.6198
v  21.0739 190.1098 33.2567
v  20.7734 194.8844 33.5573
v  28.4185 190.1098 46.8991
v  19.9278 199.3346 34.4029
v  18.7112 203.1310 35.6195
v  22.8466 204.4044 42.8845
v  -12.2763 180.7110 31.5527
v  -13.2184 190.1098 30.0127
v  1.9685 179.5914 27.5923
v  11.9046 180.2214 29.3898
v  -8.0013 200.0828 29.3236
v  16.2638 199.5918 31.4840
v  -2.9211 205.0420 30.3789
v  -25.6865 137.4933 25.8144
v  -19.7699 135.6972 25.5450
v  -19.8995 135.0841 31.8110
v  -24.6001 141.6193 15.0784
v  -31.2803 139.8981 31.8110
v  -13.5039 134.3374 31.8110
v  -19.7699 135.6972 38.0770
v  -13.5039 135.0841 25.4155
v  -33.1041 146.4628 16.5705
v  -34.5283 145.0386 21.0153
v  -31.7669 147.8000 13.5480
v  -28.7444 146.4628 12.2108
v  -35.5196 144.0473 26.2235
v  -24.2996 145.0386 10.7866
v  -35.8714 143.6955 31.8110
v  -19.0915 144.0473 9.7953
v  -35.5196 144.0473 37.3985
v  -13.5039 143.6955 9.4435
v  -7.5073 137.4933 19.6284
v  -34.5283 145.0386 42.6067
v  -7.9164 144.0473 9.7953
v  -24.6001 141.6193 48.5436
v  -33.1041 146.4628 47.0515
v  -2.7083 145.0386 10.7866
v  -1.3213 137.4933 25.8144
v  -7.1084 135.0841 31.8110
v  -1.0925 136.9672 31.8110
v  4.2725 139.8981 31.8110
v  8.8635 143.6955 31.8110
v  8.5117 144.0473 26.2235
v  7.5205 145.0386 21.0153
v  6.0962 146.4628 16.5705
v  1.7366 146.4628 12.2108
v  4.7590 147.8000 13.5480
v  -13.5039 135.0841 38.2065
v  -7.2380 135.6972 38.0770
v  -1.8325 139.0786 43.4824
v  -13.5039 139.8981 49.5874
v  -7.9164 144.0473 53.8267
v  -13.5039 143.6955 54.1785
v  -19.0915 144.0473 53.8267
v  -24.2996 145.0386 52.8354
v  -28.7444 146.4628 51.4111
v  -31.7669 147.8000 50.0740
v  -2.7083 145.0386 52.8354
v  1.7366 146.4628 51.4111
v  4.7590 147.8000 50.0740
v  6.0962 146.4628 47.0515
v  7.5205 145.0386 42.6067
v  8.5117 144.0473 37.3985
v  -19.7911 196.4687 25.5238
v  -13.5039 197.7886 31.8110
v  -13.5039 197.0816 25.3938
v  -25.2149 193.0793 20.1000
v  -19.9212 197.0816 31.8110
v  -28.7897 185.6751 12.1442
v  -24.3359 187.1015 10.7152
v  -31.8309 184.3306 13.4841
v  -33.1707 185.6751 16.5252
v  -7.4874 194.6674 19.5880
v  -19.1101 188.0949 9.7219
v  -34.5997 187.1015 20.9791
v  -13.5039 188.4478 9.3689
v  -35.5930 188.0949 26.2048
v  -7.8977 188.0949 9.7219
v  -35.9461 188.4478 31.8110
v  -31.0466 191.8292 37.5545
v  -2.6720 187.1015 10.7152
v  -35.5930 188.0949 37.4172
v  -34.5997 187.1015 42.6429
v  -33.1707 185.6751 47.0967
v  -28.7897 185.6751 51.4777
v  -31.8309 184.3306 50.1379
v  -24.3359 187.1015 52.9068
v  -19.1101 188.0949 53.9001
v  -13.5039 192.2595 49.6503
v  -13.5039 188.4478 54.2531
v  -7.8977 188.0949 53.9001
v  -2.6720 187.1015 52.9068
v  -25.7269 194.6674 37.8275
v  -13.5039 197.0816 38.2282
v  1.7818 185.6751 51.4777
v  -1.7930 193.0793 43.5219
v  4.8230 184.3306 50.1379
v  6.1628 185.6751 47.0967
v  -7.2167 196.4687 38.0982
v  7.5919 187.1015 42.6429
v  8.5851 188.0949 37.4172
v  -7.0867 197.0816 31.8110
v  -1.0500 195.1935 31.8110
v  4.3354 192.2595 31.8110
v  8.9382 188.4478 31.8110
v  6.1628 185.6751 16.5252
v  4.8230 184.3306 13.4841
v  1.7818 185.6751 12.1442
v  3.2880 190.5321 20.6781
v  7.5919 187.1015 20.9791
v  8.5851 188.0949 26.2048
v  -33.1041 150.8225 51.4111
v  -37.9477 154.9667 48.5436
v  -34.5283 155.2673 52.8354
v  -39.2385 148.5825 37.5351
v  -35.5196 160.4755 53.8266
v  -35.9372 166.0630 54.2443
v  -35.5930 171.6154 53.9001
v  -39.3265 171.7531 49.3536
v  -34.5997 176.8429 52.9068
v  -40.4883 154.3916 20.1396
v  -33.1707 181.3023 51.4777
v  -40.5661 177.7217 43.5220
v  -33.1041 150.8225 12.2108
v  -34.5283 155.2673 10.7866
v  -35.5196 160.4755 9.7953
v  -38.0284 177.1449 15.0191
v  -35.9461 166.0069 9.3689
v  -35.5930 171.6154 9.7219
v  -39.3265 183.5471 37.5546
v  -39.3265 183.5471 26.0675
v  -34.5997 176.8429 10.7152
v  -33.1707 181.3023 12.1442
v  6.0962 150.8225 51.4111
v  -2.4077 149.3304 56.2547
v  7.5205 155.2673 52.8354
v  8.5117 160.4755 53.8266
v  -13.5039 148.2866 57.9759
v  8.9294 166.0630 54.2443
v  8.5851 171.6154 53.9001
v  4.0387 171.7531 57.6336
v  7.5919 176.8429 52.9068
v  -25.1753 154.3916 58.7954
v  6.1628 181.3023 51.4777
v  -1.7930 177.7217 58.8731
v  -31.0466 171.7531 57.6336
v  -7.7604 183.5471 57.6336
v  -19.2475 183.5471 57.6336
v  12.6610 148.2866 31.8110
v  13.4805 154.3916 43.4824
v  15.5919 153.6516 31.8110
v  17.4750 159.6674 31.8110
v  18.2216 166.0630 31.8110
v  12.2307 160.3389 49.2915
v  17.5654 172.4270 31.8110
v  15.6737 178.4651 31.8110
v  15.1476 178.2356 37.8275
v  12.3186 171.7531 49.3536
v  12.7488 183.8434 31.8110
v  6.0962 150.8225 12.2108
v  10.9398 149.3304 20.7148
v  7.5205 155.2673 10.7866
v  8.5117 160.4755 9.7953
v  8.9382 166.0069 9.3689
v  8.5851 171.6154 9.7219
v  15.6737 166.0069 19.3571
v  7.5919 176.8429 10.7152
v  6.1628 181.3023 12.1442
v  11.0205 182.7981 20.6781
v  -30.2365 154.9667 7.3673
v  -31.3432 166.0069 5.5582
v  -13.5039 153.6516 2.7152
v  -1.8325 154.3916 4.8266
v  -25.2149 177.7217 4.7488
v  3.2880 177.1449 7.2866
v  -19.2475 183.5471 5.9884
v  -7.7604 183.5471 5.9884
v  -36.4454 115.9579 -23.7338
v  -27.7892 113.3303 -24.1278
v  -27.9788 112.4333 -14.9607
v  -35.6975 118.2773 -32.0361
v  -44.6292 119.4762 -14.9606
v  -18.6220 111.3409 -14.9607
v  -27.7892 113.3303 -5.7935
v  -18.6220 112.4333 -24.3174
v  -47.2974 129.0806 -37.2578
v  -49.3810 126.9969 -30.7549
v  -45.3410 131.0369 -41.6796
v  -40.9192 129.0806 -43.6360
v  -50.8313 125.5466 -23.1353
v  -34.4163 126.9969 -45.7197
v  -34.8560 121.9944 -39.4407
v  -51.3460 125.0320 -14.9607
v  -26.7967 125.5466 -47.1699
v  -44.1963 120.1058 -6.5862
v  -50.8313 125.5467 -6.7860
v  -18.6220 125.0319 -47.6846
v  -9.8489 115.9579 -32.7840
v  -49.3810 126.9969 0.8336
v  -10.4474 125.5466 -47.1699
v  -34.8560 121.9944 9.5194
v  -47.2974 129.0806 7.3365
v  -2.8278 126.9969 -45.7197
v  -2.3881 121.9944 -39.4407
v  -0.7987 115.9579 -23.7338
v  -9.2652 112.4333 -14.9607
v  -0.4640 115.1883 -14.9607
v  7.3851 119.4762 -14.9607
v  14.1019 125.0320 -14.9607
v  13.5872 125.5466 -23.1353
v  12.1370 126.9969 -30.7549
v  10.0533 129.0806 -37.2578
v  3.6751 129.0806 -43.6360
v  8.0969 131.0369 -41.6796
v  -18.6220 112.4333 -5.6039
v  -9.4549 113.3303 -5.7935
v  -1.5466 118.2773 2.1148
v  -18.6220 119.4762 11.0465
v  -10.4474 125.5467 17.2486
v  -18.6221 125.0320 17.7633
v  -26.7967 125.5467 17.2486
v  -34.4163 126.9969 15.7983
v  -40.9192 129.0806 13.7147
v  -45.3410 131.0369 11.7583
v  -2.8278 126.9969 15.7983
v  3.6751 129.0806 13.7147
v  8.0969 131.0369 11.7583
v  10.0533 129.0806 7.3365
v  6.9522 120.1058 -6.5862
v  12.1370 126.9969 0.8336
v  13.5872 125.5467 -6.7860
v  -27.8203 202.2400 -24.1590
v  -18.6220 204.1709 -14.9607
v  -18.6220 203.1365 -24.3491
v  -35.7554 197.2812 -32.0940
v  -28.0105 203.1365 -14.9607
v  -40.9853 186.4487 -43.7334
v  -43.1889 193.5546 -31.2483
v  -34.4693 188.5355 -45.8241
v  -45.4346 184.4817 -41.7733
v  -47.3948 186.4487 -37.3240
v  -10.2192 195.4522 -40.6258
v  -26.8240 189.9889 -47.2773
v  -49.4855 188.5355 -30.8079
v  -18.6220 190.5052 -47.7938
v  -50.9387 189.9889 -23.1626
v  -10.4201 189.9889 -47.2773
v  -51.4552 190.5052 -14.9607
v  -44.2872 195.4522 -6.5578
v  -2.7748 188.5355 -45.8241
v  -50.9387 189.9889 -6.7587
v  -49.4855 188.5355 0.8866
v  -47.3948 186.4487 7.4026
v  -34.9097 193.5546 9.6062
v  -40.9853 186.4487 13.8121
v  -45.4346 184.4817 11.8519
v  -34.4693 188.5355 15.9028
v  -26.8240 189.9889 17.3560
v  -18.6220 196.0818 11.1385
v  -18.6221 190.5052 17.8725
v  -10.4201 189.9889 17.3560
v  -2.7748 188.5355 15.9028
v  -36.5044 199.6046 -6.1584
v  -18.6220 203.1365 -5.5722
v  3.7412 186.4487 13.8121
v  -1.4887 197.2812 2.1726
v  8.1905 184.4817 11.8519
v  10.1507 186.4487 7.4026
v  -9.4238 202.2400 -5.7624
v  12.2414 188.5355 0.8866
v  7.0431 195.4522 -6.5578
v  13.6946 189.9889 -6.7587
v  -9.2336 203.1365 -14.9607
v  -0.4018 200.3743 -14.9607
v  7.4771 196.0818 -14.9607
v  14.2111 190.5052 -14.9607
v  10.1507 186.4487 -37.3240
v  8.1905 184.4817 -41.7733
v  3.7412 186.4487 -43.7334
v  5.9448 193.5546 -31.2483
v  12.2414 188.5355 -30.8079
v  13.6946 189.9889 -23.1626
v  -9.8198 199.6046 -32.8430
v  -47.2974 135.4588 13.7147
v  -54.3836 141.5219 9.5194
v  -49.3810 141.9617 15.7983
v  -56.2721 132.1816 -6.5862
v  -50.8313 149.5813 17.2486
v  -51.4423 157.7559 17.8596
v  -61.1897 139.5978 -14.9607
v  -50.9387 165.8792 17.3560
v  -56.4009 166.0806 10.7045
v  -49.4855 173.5270 15.9028
v  -58.1006 140.6805 -32.0361
v  -47.3948 180.0512 13.8121
v  -58.2144 174.8127 2.1727
v  -47.2974 135.4588 -43.6360
v  -54.3836 141.5219 -39.4407
v  -49.3810 141.9616 -45.7197
v  -50.8313 149.5813 -47.1699
v  -54.5017 173.9688 -39.5275
v  -51.4552 157.6739 -47.7938
v  -50.9387 165.8791 -47.2773
v  -56.4009 183.3354 -6.5577
v  -56.4009 183.3354 -23.3635
v  -49.4855 173.5270 -45.8241
v  -47.3948 180.0512 -43.7334
v  10.0533 135.4588 13.7147
v  5.8580 141.5220 20.8009
v  12.1370 141.9617 15.7983
v  -9.8489 139.9326 26.8373
v  13.5872 149.5813 17.2486
v  14.1982 157.7559 17.8596
v  -26.9964 132.1816 22.6894
v  13.6946 165.8792 17.3560
v  7.0431 166.0806 22.8182
v  12.2414 173.5270 15.9028
v  -35.6975 140.6805 24.5179
v  10.1507 180.0512 13.8121
v  -1.4887 174.8127 24.6317
v  -44.1963 149.3815 22.6894
v  -44.2872 166.0806 22.8182
v  -10.2191 183.3354 22.8182
v  -27.0250 183.3354 22.8182
v  19.6576 131.7488 -14.9607
v  20.8565 140.6805 2.1148
v  23.9456 139.5978 -14.9607
v  26.7006 148.3991 -14.9607
v  26.9009 157.7559 -5.9055
v  27.7930 157.7559 -14.9607
v  19.0280 149.3815 10.6136
v  26.8329 167.0665 -14.9607
v  24.0652 175.9004 -14.9607
v  23.2956 175.5646 -6.1584
v  19.1568 166.0806 10.7045
v  19.7861 183.7689 -14.9607
v  17.2576 182.2396 1.3270
v  10.0533 135.4588 -43.6360
v  17.1395 141.5220 -39.4407
v  12.1370 141.9616 -45.7197
v  13.5872 149.5813 -47.1699
v  19.7861 157.6739 -41.0598
v  14.2111 157.6739 -47.7938
v  23.1759 148.9828 -32.7840
v  13.6946 165.8791 -47.2773
v  12.2414 173.5270 -45.8241
v  23.2956 166.4803 -32.8430
v  10.1507 180.0512 -43.7334
v  17.2576 182.2396 -31.2483
v  -43.1021 141.5219 -50.7222
v  -26.9965 132.1816 -52.6107
v  -44.7212 157.6739 -53.3688
v  -18.6220 139.5978 -57.5283
v  -1.5466 140.6805 -54.4392
v  -35.7554 174.8127 -54.5530
v  5.8580 141.5220 -50.7222
v  5.9448 173.9689 -50.8403
v  -27.0249 183.3354 -52.7395
v  -10.2192 183.3354 -52.7395
v  21.2823 140.3237 -35.5381
v  26.3192 138.7947 -35.7674
v  26.2089 138.2727 -30.4331
v  22.2071 143.8362 -44.6779
v  16.5201 142.3709 -30.4331
v  31.6535 137.6370 -30.4331
v  26.3192 138.7947 -25.0988
v  31.6535 138.2727 -35.8778
v  14.9675 147.9597 -43.4077
v  13.7551 146.7472 -39.6237
v  16.1059 149.0980 -45.9807
v  18.6790 147.9597 -47.1191
v  12.9112 145.9033 -35.1899
v  22.4630 146.7472 -48.3316
v  12.6117 145.6038 -30.4331
v  26.8968 145.9033 -49.1755
v  12.9112 145.9033 -25.6763
v  31.6535 145.6038 -49.4750
v  36.7586 140.3237 -40.8044
v  13.7551 146.7472 -21.2425
v  36.4103 145.9033 -49.1755
v  22.2071 143.8362 -16.1883
v  14.9675 147.9597 -17.4585
v  40.8441 146.7472 -48.3316
v  42.0248 140.3237 -35.5381
v  37.0982 138.2727 -30.4331
v  42.2196 139.8758 -30.4331
v  46.7869 142.3709 -30.4331
v  50.6954 145.6038 -30.4331
v  50.3959 145.9033 -35.1899
v  49.5520 146.7472 -39.6237
v  48.3395 147.9597 -43.4077
v  44.6281 147.9597 -47.1191
v  47.2012 149.0980 -45.9807
v  31.6535 138.2727 -24.9884
v  36.9879 138.7947 -25.0988
v  41.5896 141.6733 -20.4970
v  31.6535 142.3709 -15.2997
v  36.4103 145.9033 -11.6907
v  31.6535 145.6038 -11.3912
v  26.8968 145.9033 -11.6907
v  22.4630 146.7472 -12.5346
v  18.6790 147.9597 -13.7471
v  16.1059 149.0980 -14.8855
v  40.8441 146.7472 -12.5346
v  44.6281 147.9597 -13.7471
v  47.2012 149.0980 -14.8855
v  48.3395 147.9597 -17.4585
v  49.5520 146.7472 -21.2425
v  50.3959 145.9033 -25.6763
v  26.3011 190.5307 -35.7855
v  31.6535 191.6543 -30.4331
v  31.6535 191.0524 -35.8962
v  21.6838 187.6452 -40.4029
v  26.1904 191.0524 -30.4331
v  18.6405 181.3418 -47.1758
v  22.4321 182.5562 -48.3924
v  16.0515 180.1973 -46.0352
v  14.9108 181.3418 -43.4462
v  31.6535 189.4451 -41.0354
v  26.8809 183.4019 -49.2380
v  13.6943 182.5562 -39.6545
v  41.1312 185.4767 -44.7284
v  31.6536 183.7023 -49.5385
v  12.8487 183.4019 -35.2058
v  36.4262 183.4019 -49.2380
v  12.5481 183.7023 -30.4331
v  16.7191 186.5809 -25.5435
v  40.8750 182.5562 -48.3924
v  12.8487 183.4019 -25.6604
v  13.6943 182.5562 -21.2117
v  14.9108 181.3418 -17.4200
v  18.6405 181.3418 -13.6904
v  16.0515 180.1973 -14.8310
v  22.4321 182.5562 -12.4738
v  26.8809 183.4019 -11.6282
v  31.6535 186.9473 -15.2462
v  31.6535 183.7023 -11.3277
v  36.4262 183.4019 -11.6282
v  40.8750 182.5562 -12.4738
v  21.2479 188.9972 -25.3111
v  31.6535 191.0524 -24.9700
v  44.6666 181.3418 -13.6904
v  41.6233 187.6452 -20.4633
v  47.2556 180.1973 -14.8310
v  48.3963 181.3418 -17.4200
v  37.0060 190.5307 -25.0807
v  49.6128 182.5562 -21.2117
v  50.4584 183.4019 -25.6604
v  37.1166 191.0524 -30.4331
v  42.2558 189.4451 -30.4331
v  46.8405 186.9473 -30.4331
v  50.7590 183.7023 -30.4331
v  48.3963 181.3418 -43.4462
v  47.2556 180.1973 -46.0352
v  44.6666 181.3418 -47.1758
v  49.6128 182.5562 -39.6545
v  50.4584 183.4019 -35.2058
v  14.9675 151.6711 -13.7471
v  10.8441 155.1992 -16.1883
v  13.7551 155.4551 -12.5346
v  9.7452 149.7642 -25.5601
v  12.9112 159.8889 -11.6907
v  12.5556 164.6457 -11.3352
v  12.8487 169.3725 -11.6282
v  9.6703 169.4898 -15.4987
v  13.6943 173.8228 -12.4738
v  8.6812 154.7096 -40.3692
v  14.9108 177.6192 -13.6904
v  5.7276 169.9522 -25.0807
v  14.9675 151.6711 -47.1191
v  13.7551 155.4551 -48.3316
v  12.9112 159.8889 -49.1755
v  10.7754 174.0799 -44.7284
v  12.5481 164.5979 -49.5385
v  12.8487 169.3725 -49.2380
v  9.6703 179.5302 -25.5435
v  13.6943 173.8228 -48.3924
v  14.9108 177.6192 -47.1758
v  48.3395 151.6711 -13.7471
v  41.1000 150.4009 -9.6237
v  49.5520 155.4551 -12.5346
v  50.3959 159.8889 -11.6907
v  36.7586 154.2744 -6.1111
v  50.7515 164.6457 -11.3352
v  50.4584 169.3725 -11.6282
v  46.5879 169.4898 -8.4498
v  49.6128 173.8228 -12.4738
v  21.7175 154.7096 -7.4607
v  48.3963 177.6192 -13.6904
v  36.5432 179.5302 -8.4498
v  16.7191 169.4898 -8.4498
v  26.7639 179.5302 -8.4498
v  53.9283 149.5123 -30.4331
v  54.6259 154.7096 -20.4970
v  56.4234 154.0796 -30.4331
v  58.0265 159.2010 -30.4331
v  58.6622 164.6457 -30.4331
v  53.5619 159.7726 -15.5516
v  58.1035 170.0634 -30.4331
v  56.4930 175.2038 -30.4331
v  56.0452 175.0084 -25.3111
v  54.0030 179.7825 -30.4331
v  48.3395 151.6711 -47.1191
v  52.4630 155.1992 -44.6779
v  49.5520 155.4551 -48.3316
v  50.3959 159.8889 -49.1755
v  55.9755 159.5406 -40.8044
v  50.7590 164.5979 -49.5385
v  50.4584 169.3725 -49.2380
v  49.6128 173.8228 -48.3924
v  56.0452 169.7223 -40.8387
v  48.3963 177.6192 -47.1758
v  52.5317 178.8926 -39.9108
v  26.7805 149.7641 -52.3415
v  21.0513 164.5979 -55.2726
v  41.5896 154.7096 -53.4055
v  21.6838 174.5709 -53.4717
v  45.9489 174.0800 -51.3112
v  26.7640 179.5302 -52.4164
v  10.0967 225.4021 11.7206
v  19.8871 177.0708 -50.8187
v  -28.0105 157.6739 -60.4156
v  -0.1758 149.9180 44.5056
v  64.6273 140.8629 -61.2030
v  -20.6466 187.6768 12.1771
v  -18.4946 177.0708 -19.4267
v  -21.6848 177.0708 -9.2468
v  51.7102 177.0708 -47.6285
v  64.8175 150.0643 28.8063
v  74.0157 140.9449 30.6669
v  0.0143 159.1195 134.5149
v  9.2126 150.0000 136.3756
v  -27.8203 166.8753 29.5937
v  -18.6221 157.7559 31.4543
v  41.8993 180.6379 -3.7870
v  -35.3417 159.1194 99.1589
v  -33.4747 149.9180 71.7403
v  -36.1100 140.6432 89.9606
v  -63.1764 166.8753 -5.7624
v  -61.3093 157.6739 -33.1809
v  -63.9447 148.3991 -14.9607
v  29.4614 150.0643 -6.5498
v  31.3285 140.8629 -33.9683
v  28.6931 131.5881 -15.7481
v  -21.5322 166.3803 1.5748
v  -17.4695 167.0531 22.1187
v  27.4329 149.9180 47.2733
v  92.2360 140.8629 -58.4353
v  -0.4018 157.6739 -57.6479
v  42.0634 188.5772 73.8760
v  50.0000 180.7087 75.4814
v  20.1063 187.6768 52.9301
v  41.3110 187.6768 52.9301
v  11.5571 188.5772 43.3696
v  13.1680 180.6379 19.7120
v  10.8942 172.6353 35.4330
v  65.7210 180.6379 -1.3990
v  44.4882 160.6947 22.3164
v  56.9421 154.2747 24.2082
v  44.4882 147.9352 22.4069
v  58.4646 139.6317 -2.8804
v  70.9185 133.2116 -0.9887
v  58.4646 126.8721 -2.7900
v  20.1181 149.7498 16.8834
v  32.5720 143.3298 18.7751
v  20.1181 136.9903 16.9738
v  9.2126 140.6432 135.2832
v  74.0157 131.5881 29.5746
v  -18.6221 148.3991 30.3620
v  30.7087 177.1654 55.0748
v  30.7087 166.3803 53.8156
v  41.5302 177.0708 -50.8187
v  30.7087 187.8972 -50.8187
v  20.1181 143.3858 79.6783
v  58.4646 133.2677 59.9145
v  44.4882 154.3307 85.1114
v  18.4109 159.1195 134.5149
v  -9.4238 166.8753 29.5937
v  83.2140 150.0643 28.8063
v  42.2558 164.5979 -55.2726
v  31.6535 159.2010 -56.8061
v  14.0344 160.5640 59.6730
v  15.3106 154.2747 40.9319
v  13.5093 147.9352 53.3858
v  28.0108 139.5010 34.4762
v  29.2870 133.2116 15.7350
v  27.4857 126.8721 28.1889
v  -10.3356 149.6192 54.2399
v  -9.0595 143.3298 35.4988
v  -10.8608 136.9903 47.9527
v  -43.9577 172.2963 38.0982
v  -42.6815 166.0069 19.3571
v  -44.4828 159.6674 31.8110
v  50.0000 172.6353 74.5389
v  -1.0500 166.0069 2.6334
v  -9.2336 157.6739 -60.4156
v  -18.6220 167.0665 -60.4156
v  83.4042 140.8629 -61.2030
v  74.0158 150.2555 -61.2030
v  18.6010 149.9180 44.5056
v  9.2126 159.3106 44.5056
v  1.9685 190.1575 79.3708
v  55.4361 178.0231 -3.6732
v  53.9026 172.6262 6.9291
v  6.8141 164.5979 -41.0354
v  5.2806 159.2010 -30.4331
v  -22.8710 190.1098 41.7599
v  -24.4045 184.7128 52.3622
v  90.8779 178.0231 -17.9104
v  12.5708 190.1098 27.5227
v  50.0000 188.7421 -3.7870
v  -13.5039 166.0630 63.5366
v  40.8210 156.6214 49.7530
v  -7.5073 153.8804 60.3807
v  80.2756 178.0709 33.9377
v  31.6535 164.6457 -3.4245
v  -13.5039 172.4270 0.7416
# 2160 vertices

vn -0.3828 -0.1887 0.9043
vn -0.1982 -0.1982 0.9599
vn -0.2033 0.0000 0.9791
vn -0.3670 -0.3670 0.8547
vn -0.3890 0.0000 0.9212
vn 0.0000 0.0000 1.0000
vn -0.1982 0.1982 0.9599
vn -0.1887 -0.3828 0.9043
vn 0.0000 -0.2033 0.9791
vn -0.6201 -0.4805 0.6201
vn -0.4964 -0.4964 0.7122
vn -0.6647 -0.3411 0.6647
vn -0.5774 -0.5774 0.5774
vn -0.4805 -0.6201 0.6201
vn -0.5509 -0.1805 0.8148
vn -0.6960 -0.1769 0.6960
vn -0.3411 -0.6647 0.6647
vn -0.3492 -0.5273 0.7746
vn -0.5596 0.0000 0.8288
vn -0.7071 0.0000 0.7071
vn -0.1769 -0.6960 0.6960
vn -0.1805 -0.5509 0.8148
vn -0.5509 0.1805 0.8148
vn -0.6960 0.1769 0.6960
vn 0.0000 -0.7071 0.7071
vn 0.0000 -0.5596 0.8288
vn -0.5273 0.3492 0.7746
vn -0.6647 0.3411 0.6647
vn 0.1769 -0.6960 0.6960
vn 0.1805 -0.5509 0.8148
vn -0.3492 0.5273 0.7746
vn -0.6201 0.4805 0.6201
vn 0.3411 -0.6647 0.6647
vn 0.3492 -0.5273 0.7746
vn 0.1982 -0.1982 0.9599
vn 0.2033 0.0000 0.9791
vn 0.3890 0.0000 0.9212
vn 0.3828 -0.1887 0.9043
vn 0.5596 0.0000 0.8288
vn 0.5509 -0.1805 0.8148
vn 0.7071 0.0000 0.7071
vn 0.6960 -0.1769 0.6960
vn 0.5273 -0.3492 0.7746
vn 0.6647 -0.3411 0.6647
vn 0.6201 -0.4805 0.6201
vn 0.4805 -0.6201 0.6201
vn 0.5774 -0.5774 0.5774
vn 0.0000 0.2033 0.9791
vn 0.1982 0.1982 0.9599
vn 0.1887 0.3828 0.9043
vn 0.0000 0.3890 0.9212
vn 0.1769 0.6960 0.6960
vn 0.0000 0.7071 0.7071
vn 0.0000 0.5596 0.8288
vn -0.1769 0.6960 0.6960
vn -0.1805 0.5509 0.8148
vn -0.3411 0.6647 0.6647
vn -0.4805 0.6201 0.6201
vn -0.5774 0.5774 0.5774
vn 0.3411 0.6647 0.6647
vn 0.1805 0.5509 0.8148
vn 0.4805 0.6201 0.6201
vn 0.4964 0.4964 0.7122
vn 0.5774 0.5774 0.5774
vn 0.6201 0.4805 0.6201
vn 0.5273 0.3492 0.7746
vn 0.6647 0.3411 0.6647
vn 0.5509 0.1805 0.8148
vn 0.6960 0.1769 0.6960
vn 0.3828 0.1887 0.9043
vn -0.1972 -0.1972 -0.9603
vn 0.0000 0.0000 -1.0000
vn 0.0000 -0.2014 -0.9795
vn -0.1885 -0.3823 -0.9046
vn -0.3823 -0.1885 -0.9046
vn -0.2014 0.0000 -0.9795
vn -0.4804 -0.6199 -0.6205
vn -0.5271 -0.3496 -0.7746
vn -0.3414 -0.6646 -0.6647
vn -0.5771 -0.5771 -0.5779
vn -0.6199 -0.4804 -0.6205
vn -0.1805 -0.5507 -0.8150
vn -0.1769 -0.6961 -0.6959
vn -0.6646 -0.3414 -0.6647
vn 0.0000 -0.5594 -0.8289
vn 0.0000 -0.7072 -0.7070
vn -0.6961 -0.1769 -0.6959
vn -0.5507 -0.1805 -0.8150
vn 0.1805 -0.5507 -0.8150
vn 0.1769 -0.6961 -0.6959
vn -0.7072 0.0000 -0.7070
vn -0.5594 0.0000 -0.8289
vn 0.3496 -0.5271 -0.7746
vn 0.3414 -0.6646 -0.6647
vn -0.6961 0.1769 -0.6959
vn -0.5507 0.1805 -0.8150
vn -0.6646 0.3414 -0.6647
vn -0.5271 0.3496 -0.7746
vn -0.6199 0.4804 -0.6205
vn -0.3496 0.5271 -0.7746
vn -0.4804 0.6199 -0.6205
vn -0.5771 0.5771 -0.5779
vn -0.3414 0.6646 -0.6647
vn -0.1769 0.6961 -0.6959
vn -0.1805 0.5507 -0.8150
vn 0.0000 0.7072 -0.7070
vn 0.1769 0.6961 -0.6959
vn 0.0000 0.5594 -0.8289
vn 0.3414 0.6646 -0.6647
vn 0.1805 0.5507 -0.8150
vn -0.1972 0.1972 -0.9603
vn 0.0000 0.2014 -0.9795
vn 0.4804 0.6199 -0.6205
vn 0.4962 0.4962 -0.7124
vn 0.5771 0.5771 -0.5779
vn 0.6199 0.4804 -0.6205
vn 0.1885 0.3823 -0.9046
vn 0.1972 0.1972 -0.9603
vn 0.6646 0.3414 -0.6647
vn 0.5271 0.3496 -0.7746
vn 0.6961 0.1769 -0.6959
vn 0.5507 0.1805 -0.8150
vn 0.3823 0.1885 -0.9046
vn 0.2014 0.0000 -0.9795
vn 0.3883 0.0000 -0.9215
vn 0.5594 0.0000 -0.8289
vn 0.7072 0.0000 -0.7070
vn 0.6199 -0.4804 -0.6205
vn 0.5771 -0.5771 -0.5779
vn 0.4804 -0.6199 -0.6205
vn 0.6646 -0.3414 -0.6647
vn 0.6961 -0.1769 -0.6959
vn 0.5271 -0.3496 -0.7746
vn 0.5507 -0.1805 -0.8150
vn 0.3823 -0.1885 -0.9046
vn 0.1972 -0.1972 -0.9603
vn -0.6201 0.6201 0.4805
vn -0.7746 0.5273 0.3492
vn -0.6647 0.6647 0.3411
vn -0.7746 0.3492 0.5273
vn -0.6950 0.6950 0.1840
vn -0.8148 0.1805 0.5509
vn -0.7071 0.7071 0.0090
vn -0.8288 0.0000 0.5596
vn -0.6962 0.6962 -0.1751
vn -0.8306 0.5568 0.0086
vn -0.8148 -0.1805 0.5509
vn -0.6646 0.6646 -0.3414
vn -0.8163 0.5490 -0.1794
vn -0.7122 -0.4964 0.4964
vn -0.6200 0.6200 -0.4809
vn -0.7125 0.4959 -0.4964
vn -0.6201 -0.6201 0.4805
vn -0.7746 -0.5273 0.3492
vn -0.6647 -0.6647 0.3411
vn -0.6947 -0.6947 0.1867
vn -0.8290 -0.5591 0.0095
vn -0.7071 -0.7071 0.0100
vn -0.8154 -0.5501 -0.1805
vn -0.6960 -0.6960 -0.1768
vn -0.7749 0.3492 -0.5269
vn -0.8153 0.1805 -0.5502
vn -0.8292 0.0000 -0.5590
vn -0.8153 -0.1805 -0.5502
vn -0.7749 -0.3492 -0.5269
vn -0.7750 -0.5266 -0.3494
vn -0.6646 -0.6646 -0.3414
vn -0.6200 -0.6200 -0.4809
vn 0.6201 0.6201 0.4805
vn 0.3492 0.7746 0.5273
vn 0.6647 0.6647 0.3411
vn 0.5488 0.8146 0.1878
vn 0.6950 0.6950 0.1840
vn 0.1805 0.8148 0.5509
vn 0.7071 0.7071 0.0090
vn 0.0000 0.8288 0.5596
vn 0.6962 0.6962 -0.1751
vn 0.5568 0.8306 0.0086
vn -0.1805 0.8148 0.5509
vn 0.6646 0.6646 -0.3414
vn 0.5490 0.8163 -0.1794
vn -0.4964 0.7122 0.4964
vn 0.6200 0.6200 -0.4809
vn 0.4959 0.7125 -0.4964
vn -0.5488 0.8146 0.1878
vn -0.5568 0.8306 0.0086
vn -0.5490 0.8163 -0.1794
vn 0.3492 0.7749 -0.5269
vn 0.1805 0.8153 -0.5502
vn 0.0000 0.8292 -0.5590
vn -0.1805 0.8153 -0.5502
vn -0.3492 0.7749 -0.5269
vn -0.5266 0.7750 -0.3494
vn 0.8288 0.0000 0.5596
vn 0.8148 0.1805 0.5509
vn 0.9212 0.0000 0.3890
vn 0.7122 0.4964 0.4964
vn 0.9043 0.1887 0.3828
vn 0.9783 -0.0003 0.2073
vn 0.9593 0.1947 0.2044
vn 1.0000 -0.0009 0.0070
vn 0.8146 0.5488 0.1878
vn 0.9797 -0.0006 -0.2005
vn 0.9804 0.1967 0.0069
vn 0.9216 0.0000 -0.3881
vn 0.9607 0.1949 -0.1976
vn 0.8306 0.5568 0.0086
vn 0.8292 0.0000 -0.5590
vn 0.9047 0.1886 -0.3820
vn 0.8163 0.5490 -0.1794
vn 0.8153 0.1805 -0.5502
vn 0.7750 0.5266 -0.3494
vn 0.7749 0.3492 -0.5269
vn 0.6201 -0.6201 0.4805
vn 0.7746 -0.5273 0.3492
vn 0.6647 -0.6647 0.3411
vn 0.7746 -0.3492 0.5273
vn 0.6947 -0.6947 0.1867
vn 0.8148 -0.1805 0.5509
vn 0.8134 -0.5498 0.1898
vn 0.7071 -0.7071 0.0100
vn 0.9043 -0.1887 0.3828
vn 0.6960 -0.6960 -0.1768
vn 0.8290 -0.5591 0.0095
vn 0.9591 -0.1962 0.2040
vn 0.6646 -0.6646 -0.3414
vn 0.8154 -0.5501 -0.1805
vn 0.9798 -0.1998 0.0076
vn 0.6200 -0.6200 -0.4809
vn 0.7125 -0.4959 -0.4964
vn 0.9606 -0.1966 -0.1965
vn 0.9047 -0.1886 -0.3820
vn 0.7749 -0.3492 -0.5269
vn 0.8153 -0.1805 -0.5502
vn -0.5273 -0.7746 0.3492
vn -0.3492 -0.7746 0.5273
vn -0.1805 -0.8148 0.5509
vn -0.5498 -0.8134 0.1898
vn 0.0000 -0.8288 0.5596
vn -0.5591 -0.8290 0.0095
vn 0.1805 -0.8148 0.5509
vn -0.5501 -0.8154 -0.1805
vn 0.4964 -0.7122 0.4964
vn -0.4959 -0.7125 -0.4964
vn 0.5273 -0.7746 0.3492
vn 0.5591 -0.8290 0.0095
vn 0.5501 -0.8154 -0.1805
vn -0.3492 -0.7749 -0.5269
vn -0.1805 -0.8153 -0.5502
vn 0.0000 -0.8292 -0.5590
vn 0.1805 -0.8153 -0.5502
vn 0.3492 -0.7749 -0.5269
vn 0.5266 -0.7750 -0.3494
vn 0.5273 0.7746 0.3492
vn -0.1887 0.3828 0.9043
vn -0.3828 0.1887 0.9043
vn 0.0000 -0.3883 -0.9215
vn -0.3883 0.0000 -0.9215
vn 0.0000 0.3883 -0.9215
vn 0.0000 -0.3890 0.9212
vn -0.3818 -0.9048 -0.1886
vn -0.1998 -0.9798 0.0076
vn -0.3883 -0.9215 0.0086
vn -0.9797 -0.0006 -0.2005
vn -0.9606 -0.1966 -0.1965
vn -0.9798 -0.1998 0.0076
vn 0.0000 -0.9216 -0.3881
vn 0.1886 -0.9047 -0.3820
vn 0.1966 -0.9606 -0.1965
vn -0.1949 0.9607 -0.1976
vn -0.3847 0.9230 0.0076
vn -0.1967 0.9804 0.0069
vn -0.9593 0.1947 0.2044
vn -0.9038 0.3803 0.1963
vn -0.9230 0.3847 0.0076
vn 0.0000 0.9216 -0.3881
vn 0.0000 0.9796 -0.2010
vn 0.0000 -0.9798 -0.1999
vn 0.1998 -0.9798 0.0076
vn -0.1887 0.9043 0.3828
vn 0.0000 0.9782 0.2076
vn -0.1947 0.9593 0.2044
vn 0.1962 -0.9591 0.2040
vn 0.0000 -0.9783 0.2070
vn 0.0000 -1.0000 0.0073
vn 0.9230 0.3847 0.0076
vn -0.9216 0.0000 -0.3881
vn 0.0000 -0.9212 0.3890
vn -0.1887 -0.9043 0.3828
vn -0.1962 -0.9591 0.2040
vn -0.9215 -0.3883 0.0086
vn -0.9047 -0.1886 -0.3820
vn 0.1887 -0.9043 0.3828
vn 0.3883 -0.9215 0.0086
vn 0.1947 0.9593 0.2044
vn 0.3847 0.9230 0.0076
vn 0.1967 0.9804 0.0069
vn 0.3663 0.8553 -0.3665
vn 0.1949 0.9607 -0.1976
vn 0.3799 0.9055 -0.1889
vn -0.3670 0.8547 0.3670
vn -0.3803 0.9038 0.1963
vn -0.9804 0.1967 0.0069
vn -0.3821 -0.9029 0.1970
vn 0.3803 0.9038 0.1963
vn -0.9043 0.1887 0.3828
vn -0.9043 -0.1887 0.3828
vn -0.9212 0.0000 0.3890
vn -0.9783 -0.0003 0.2073
vn -0.8547 -0.3670 0.3670
vn -0.9591 -0.1962 0.2040
vn -0.9029 -0.3821 0.1970
vn -0.1886 0.9047 -0.3820
vn 0.9048 -0.3818 -0.1886
vn -0.3669 0.3669 -0.8549
vn 0.8553 -0.3663 -0.3665
vn 0.9029 -0.3821 0.1970
vn 0.9055 0.3799 -0.1889
vn 0.1886 0.9047 -0.3820
vn -0.1886 -0.9047 -0.3820
vn -0.3663 -0.8553 -0.3665
vn -0.1966 -0.9606 -0.1965
vn -0.8553 0.3663 -0.3665
vn -0.9607 0.1949 -0.1976
vn -0.9055 0.3799 -0.1889
vn -0.9047 0.1886 -0.3820
vn 0.3663 -0.8553 -0.3665
vn 0.3818 -0.9048 -0.1886
vn -0.8553 -0.3663 -0.3665
vn -0.9048 -0.3818 -0.1886
vn 0.0000 0.9212 0.3890
vn 0.3670 0.8547 0.3670
vn 0.3669 -0.3669 -0.8549
vn 0.8553 0.3663 -0.3665
vn 0.8547 0.3670 0.3670
vn 0.9038 0.3803 0.1963
vn -0.3663 0.8553 -0.3665
vn -0.3799 0.9055 -0.1889
vn 0.8547 -0.3670 0.3670
vn 0.9215 -0.3883 0.0086
vn -0.8547 0.3670 0.3670
vn 0.3670 -0.3670 0.8547
vn -0.3670 -0.8547 0.3670
vn -0.3670 0.3670 0.8547
vn 0.3669 0.3669 -0.8549
vn 0.3670 0.3670 0.8547
vn 0.3670 -0.8547 0.3670
vn 0.3821 -0.9029 0.1970
vn 0.1887 0.9043 0.3828
vn 0.1885 -0.3823 -0.9046
vn -1.0000 -0.0009 0.0070
vn -0.3823 0.1885 -0.9046
# 352 vertex normals

o Sphere__17_
g Sphere__17_
s off
f 842//1221 843//1222 844//1223 
f 845//1224 843//1222 842//1221 
f 842//1221 844//1223 846//1225 
f 843//1222 847//1226 844//1223 
f 848//1227 846//1225 844//1223 
f 845//1228 849//1229 843//1222 
f 843//1222 849//1229 847//1226 
f 850//1230 845//1231 851//1232 
f 852//1233 845//1231 850//1230 
f 852//1233 853//1234 845//1231 
f 851//1232 846//1235 854//1236 
f 853//1234 855//1237 856//1238 
f 854//1236 846//1239 857//1240 
f 855//1237 858//1241 856//1242 
f 859//1243 860//1244 857//1240 
f 858//1241 861//1245 862//1246 
f 859//1247 863//1248 860//1244 
f 861//1245 864//1249 862//1250 
f 865//1251 866//1252 863//1248 
f 864//1249 867//1253 862//1254 
f 849//1229 868//1255 869//1256 
f 849//1229 869//1256 847//1226 
f 868//1255 870//1257 869//1256 
f 868//1258 871//1259 870//1257 
f 872//1260 873//1261 871//1259 
f 872//1260 874//1262 873//1261 
f 872//1263 875//1264 874//1262 
f 872//1263 876//1265 875//1264 
f 867//1253 877//1266 872//1263 
f 877//1266 876//1265 872//1263 
f 877//1266 878//1267 876//1265 
f 879//1268 844//1223 847//1226 
f 880//1269 879//1268 847//1226 
f 881//1270 879//1268 880//1269 
f 882//1271 848//1227 879//1268 
f 879//1268 848//1227 844//1223 
f 883//1272 884//1273 882//1274 
f 884//1273 885//1275 882//1276 
f 885//1275 886//1277 865//1251 
f 886//1277 887//1278 865//1251 
f 887//1278 866//1252 865//1251 
f 887//1278 888//1279 866//1252 
f 889//1280 883//1272 882//1281 
f 890//1282 889//1280 881//1283 
f 891//1284 890//1282 881//1283 
f 891//1284 881//1283 892//1285 
f 892//1285 893//1286 894//1287 
f 894//1287 893//1288 895//1289 
f 893//1290 880//1269 869//1256 
f 880//1269 847//1226 869//1256 
f 893//1290 869//1256 870//1257 
f 893//1288 870//1257 871//1259 
f 895//1289 893//1288 871//1259 
f 895//1289 871//1259 873//1261 
f 896//1291 897//1292 898//1293 
f 899//1294 896//1291 898//1293 
f 899//1295 900//1296 896//1291 
f 896//1291 900//1296 897//1292 
f 901//1297 902//1298 903//1299 
f 904//1300 902//1298 901//1297 
f 904//1300 905//1301 902//1298 
f 903//1299 906//1302 907//1303 
f 905//1301 908//1304 902//1298 
f 907//1303 909//1305 910//1306 
f 908//1304 911//1307 902//1308 
f 909//1309 912//1310 910//1306 
f 911//1307 913//1311 914//1312 
f 915//1313 916//1314 912//1310 
f 913//1311 917//1315 914//1316 
f 917//1315 918//1317 914//1318 
f 918//1317 919//1319 920//1320 
f 919//1319 921//1321 920//1320 
f 919//1319 922//1322 921//1321 
f 920//1320 921//1321 923//1323 
f 920//1320 923//1323 924//1324 
f 925//1325 924//1324 926//1326 
f 927//1327 925//1328 926//1326 
f 928//1329 925//1330 927//1327 
f 900//1296 929//1331 930//1332 
f 900//1296 930//1332 897//1292 
f 931//1333 932//1334 928//1329 
f 933//1335 932//1334 931//1333 
f 933//1335 934//1336 932//1334 
f 932//1337 935//1338 930//1332 
f 935//1338 897//1292 930//1332 
f 934//1336 936//1339 937//1340 
f 936//1339 938//1341 937//1342 
f 937//1343 939//1344 935//1338 
f 935//1338 939//1344 897//1292 
f 937//1343 940//1345 939//1344 
f 937//1342 941//1346 940//1345 
f 938//1341 941//1346 937//1342 
f 938//1341 942//1347 941//1346 
f 943//1348 944//1349 945//1350 
f 943//1348 945//1350 915//1313 
f 915//1313 945//1350 916//1314 
f 946//1351 943//1348 915//1313 
f 947//1352 946//1351 948//1353 
f 942//1347 947//1352 948//1354 
f 942//1347 948//1354 941//1346 
f 941//1346 949//1355 940//1345 
f 940//1345 949//1356 939//1344 
f 939//1344 949//1356 898//1293 
f 939//1344 898//1293 897//1292 
f 866//1252 888//1279 950//1357 
f 866//1252 950//1357 951//1358 
f 863//1248 866//1252 951//1358 
f 951//1358 950//1357 952//1359 
f 860//1244 863//1248 953//1360 
f 951//1358 952//1359 954//1361 
f 857//1240 860//1244 953//1362 
f 951//1358 954//1361 955//1363 
f 854//1236 857//1240 956//1364 
f 957//1365 958//1366 955//1363 
f 851//1232 854//1236 956//1367 
f 959//1368 958//1369 957//1365 
f 850//1230 851//1232 960//1370 
f 961//1371 962//1372 959//1368 
f 852//1233 850//1230 960//1370 
f 852//1233 960//1370 963//1373 
f 963//1373 964//1374 965//1375 
f 965//1375 964//1374 966//1376 
f 966//1376 967//1377 968//1378 
f 967//1379 969//1380 968//1378 
f 922//1322 962//1372 961//1371 
f 922//1322 919//1319 962//1372 
f 919//1319 918//1317 970//1381 
f 918//1317 917//1315 970//1382 
f 917//1315 913//1311 970//1383 
f 913//1311 911//1307 971//1384 
f 911//1307 908//1304 971//1385 
f 972//1386 973//1387 969//1380 
f 908//1304 905//1301 972//1386 
f 972//1386 974//1388 973//1387 
f 905//1301 974//1388 972//1386 
f 905//1301 904//1300 974//1388 
f 890//1282 891//1284 975//1389 
f 890//1282 975//1389 976//1390 
f 889//1280 890//1282 976//1390 
f 976//1390 975//1389 977//1391 
f 883//1272 889//1280 976//1390 
f 978//1392 977//1391 979//1393 
f 884//1273 883//1272 980//1394 
f 978//1392 979//1393 981//1395 
f 885//1275 884//1273 980//1396 
f 982//1397 983//1398 981//1395 
f 886//1277 885//1275 980//1399 
f 984//1400 983//1401 982//1397 
f 887//1278 886//1277 985//1402 
f 986//1403 987//1404 984//1400 
f 888//1279 887//1278 985//1402 
f 888//1279 985//1402 950//1357 
f 950//1357 988//1405 952//1359 
f 952//1359 988//1405 954//1361 
f 954//1361 989//1406 955//1363 
f 989//1407 957//1365 955//1363 
f 933//1335 987//1404 986//1403 
f 933//1335 931//1333 987//1404 
f 931//1333 928//1329 990//1408 
f 928//1329 927//1327 990//1409 
f 927//1327 926//1326 990//1410 
f 926//1326 924//1324 991//1411 
f 924//1324 923//1323 991//1412 
f 992//1413 959//1368 957//1365 
f 923//1323 921//1321 992//1413 
f 992//1413 961//1371 959//1368 
f 921//1321 961//1371 992//1413 
f 921//1321 922//1322 961//1371 
f 895//1289 873//1261 993//1414 
f 895//1289 993//1414 994//1415 
f 894//1287 895//1289 994//1415 
f 994//1415 993//1414 995//1416 
f 892//1285 894//1287 996//1417 
f 996//1418 995//1416 997//1419 
f 891//1284 892//1285 996//1417 
f 891//1284 996//1417 975//1389 
f 998//1420 997//1419 999//1421 
f 975//1389 1000//1422 977//1391 
f 1001//1423 998//1424 999//1421 
f 977//1391 1000//1422 979//1393 
f 1002//1425 1003//1426 1001//1423 
f 979//1393 1004//1427 981//1395 
f 1005//1428 1003//1429 1002//1425 
f 1004//1430 982//1397 981//1395 
f 942//1347 1006//1431 1005//1428 
f 942//1347 938//1341 1006//1431 
f 1004//1432 984//1400 982//1397 
f 938//1341 936//1339 1006//1433 
f 1006//1433 986//1403 984//1400 
f 936//1339 934//1336 1006//1433 
f 934//1336 986//1403 1006//1433 
f 934//1336 933//1335 986//1403 
f 876//1265 878//1267 1007//1434 
f 876//1265 1007//1434 1008//1435 
f 875//1264 876//1265 1008//1435 
f 1008//1435 1007//1434 1009//1436 
f 874//1262 875//1264 1010//1437 
f 1008//1435 1009//1436 1011//1438 
f 873//1261 874//1262 1010//1439 
f 873//1261 1010//1439 993//1414 
f 1012//1440 1011//1438 1013//1441 
f 993//1414 1014//1442 995//1416 
f 1015//1443 1012//1444 1013//1441 
f 995//1416 1014//1445 997//1419 
f 1016//1446 1012//1447 1015//1443 
f 997//1419 1017//1448 999//1421 
f 1018//1449 1019//1450 1016//1446 
f 1017//1451 1001//1423 999//1421 
f 944//1349 1019//1450 1018//1449 
f 944//1349 943//1348 1019//1450 
f 1019//1452 1002//1425 1001//1423 
f 943//1348 946//1351 1020//1453 
f 1020//1454 1005//1428 1002//1425 
f 946//1351 947//1352 1020//1454 
f 947//1352 1005//1428 1020//1454 
f 947//1352 942//1347 1005//1428 
f 853//1234 852//1233 963//1373 
f 853//1234 963//1373 1021//1455 
f 855//1237 853//1234 1021//1455 
f 1021//1455 963//1373 965//1375 
f 858//1241 855//1237 1022//1456 
f 1021//1455 965//1375 966//1376 
f 861//1245 858//1241 1022//1457 
f 1023//1458 966//1376 968//1378 
f 864//1249 861//1245 1024//1459 
f 969//1380 1023//1460 968//1378 
f 867//1253 864//1249 1024//1461 
f 973//1387 1023//1462 969//1380 
f 877//1266 867//1253 1025//1463 
f 974//1388 1026//1464 973//1387 
f 878//1267 877//1266 1025//1463 
f 878//1267 1025//1463 1007//1434 
f 1007//1434 1027//1465 1009//1436 
f 1009//1436 1027//1465 1011//1438 
f 1011//1438 1028//1466 1013//1441 
f 1028//1467 1015//1443 1013//1441 
f 904//1300 1026//1464 974//1388 
f 904//1300 901//1297 1026//1464 
f 901//1297 903//1299 1029//1468 
f 903//1299 907//1303 1029//1469 
f 907//1303 910//1306 1029//1470 
f 910//1306 912//1310 1030//1471 
f 912//1310 916//1314 1030//1472 
f 1031//1473 1016//1446 1015//1443 
f 916//1314 945//1350 1031//1473 
f 1031//1473 1018//1449 1016//1446 
f 945//1350 1018//1449 1031//1473 
f 945//1350 944//1349 1018//1449 
f 1032//1221 1033//1222 1034//1223 
f 1035//1224 1033//1222 1032//1221 
f 1032//1221 1034//1223 1036//1225 
f 1033//1222 1037//1226 1034//1223 
f 1038//1227 1036//1225 1034//1223 
f 1035//1228 1039//1229 1033//1222 
f 1033//1222 1039//1229 1037//1226 
f 1040//1230 1035//1231 1041//1232 
f 1042//1233 1035//1231 1040//1230 
f 1042//1233 1043//1234 1035//1231 
f 1041//1232 1036//1235 1044//1236 
f 1043//1234 1045//1237 1046//1238 
f 1044//1236 1036//1239 1047//1240 
f 1045//1237 1048//1241 1046//1242 
f 1049//1243 1050//1244 1047//1240 
f 1048//1241 1051//1245 1052//1246 
f 1049//1247 1053//1248 1050//1244 
f 1051//1245 1054//1249 1052//1250 
f 1055//1251 1056//1252 1053//1248 
f 1054//1249 1057//1253 1052//1254 
f 1039//1229 1058//1255 1059//1256 
f 1039//1229 1059//1256 1037//1226 
f 1058//1255 1060//1257 1059//1256 
f 1058//1258 1061//1259 1060//1257 
f 1062//1260 1063//1261 1061//1259 
f 1062//1260 1064//1262 1063//1261 
f 1062//1263 1065//1264 1064//1262 
f 1062//1263 1066//1265 1065//1264 
f 1057//1253 1067//1266 1062//1263 
f 1067//1266 1066//1265 1062//1263 
f 1067//1266 1068//1267 1066//1265 
f 1069//1268 1034//1223 1037//1226 
f 1070//1269 1069//1268 1037//1226 
f 1071//1270 1069//1268 1070//1269 
f 1072//1271 1038//1227 1069//1268 
f 1069//1268 1038//1227 1034//1223 
f 1073//1272 1074//1273 1072//1274 
f 1074//1273 1075//1275 1072//1276 
f 1075//1275 1076//1277 1055//1251 
f 1076//1277 1077//1278 1055//1251 
f 1077//1278 1056//1252 1055//1251 
f 1077//1278 1078//1279 1056//1252 
f 1079//1280 1073//1272 1072//1281 
f 1080//1282 1079//1280 1071//1283 
f 1081//1284 1080//1282 1071//1283 
f 1081//1284 1071//1283 1082//1285 
f 1082//1285 1083//1286 1084//1287 
f 1084//1287 1083//1288 1085//1289 
f 1083//1290 1070//1269 1059//1256 
f 1070//1269 1037//1226 1059//1256 
f 1083//1290 1059//1256 1060//1257 
f 1083//1288 1060//1257 1061//1259 
f 1085//1289 1083//1288 1061//1259 
f 1085//1289 1061//1259 1063//1261 
f 1086//1291 1087//1292 1088//1293 
f 1089//1294 1086//1291 1088//1293 
f 1089//1295 1090//1296 1086//1291 
f 1086//1291 1090//1296 1087//1292 
f 1091//1297 1092//1298 1093//1299 
f 1094//1300 1092//1298 1091//1297 
f 1094//1300 1095//1301 1092//1298 
f 1093//1299 1096//1302 1097//1303 
f 1095//1301 1098//1304 1092//1298 
f 1097//1303 1099//1305 1100//1306 
f 1098//1304 1101//1307 1092//1308 
f 1099//1309 1102//1310 1100//1306 
f 1101//1307 1103//1311 1104//1312 
f 1105//1313 1106//1314 1102//1310 
f 1103//1311 1107//1315 1104//1316 
f 1107//1315 1108//1317 1104//1318 
f 1108//1317 1109//1319 1110//1320 
f 1109//1319 1111//1321 1110//1320 
f 1109//1319 1112//1322 1111//1321 
f 1110//1320 1111//1321 1113//1323 
f 1110//1320 1113//1323 1114//1324 
f 1115//1325 1114//1324 1116//1326 
f 1117//1327 1115//1328 1116//1326 
f 1118//1329 1115//1330 1117//1327 
f 1090//1296 1119//1331 1120//1332 
f 1090//1296 1120//1332 1087//1292 
f 1121//1333 1122//1334 1118//1329 
f 1123//1335 1122//1334 1121//1333 
f 1123//1335 1124//1336 1122//1334 
f 1122//1337 1125//1338 1120//1332 
f 1125//1338 1087//1292 1120//1332 
f 1124//1336 1126//1339 1127//1340 
f 1126//1339 1128//1341 1127//1342 
f 1127//1343 1129//1344 1125//1338 
f 1125//1338 1129//1344 1087//1292 
f 1127//1343 1130//1345 1129//1344 
f 1127//1342 1131//1346 1130//1345 
f 1128//1341 1131//1346 1127//1342 
f 1128//1341 1132//1347 1131//1346 
f 1133//1348 1134//1349 1135//1350 
f 1133//1348 1135//1350 1105//1313 
f 1105//1313 1135//1350 1106//1314 
f 1136//1351 1133//1348 1105//1313 
f 1137//1352 1136//1351 1105//1353 
f 1132//1347 1137//1352 1105//1354 
f 1132//1347 1105//1354 1131//1346 
f 1131//1346 1138//1355 1130//1345 
f 1130//1345 1138//1356 1129//1344 
f 1129//1344 1138//1356 1088//1293 
f 1129//1344 1088//1293 1087//1292 
f 1056//1252 1078//1279 1139//1357 
f 1056//1252 1139//1357 1140//1358 
f 1053//1248 1056//1252 1140//1358 
f 1140//1358 1139//1357 1141//1359 
f 1050//1244 1053//1248 1142//1360 
f 1140//1358 1141//1359 1143//1361 
f 1047//1240 1050//1244 1142//1362 
f 1140//1358 1143//1361 1144//1363 
f 1044//1236 1047//1240 1145//1364 
f 1146//1365 1147//1366 1144//1363 
f 1041//1232 1044//1236 1145//1367 
f 1148//1368 1147//1369 1146//1365 
f 1040//1230 1041//1232 1149//1370 
f 1150//1371 1151//1372 1148//1368 
f 1042//1233 1040//1230 1149//1370 
f 1042//1233 1149//1370 1152//1373 
f 1152//1373 1153//1374 1154//1375 
f 1154//1375 1153//1374 1155//1376 
f 1155//1376 1156//1377 1157//1378 
f 1156//1379 1158//1380 1157//1378 
f 1112//1322 1151//1372 1150//1371 
f 1112//1322 1109//1319 1151//1372 
f 1109//1319 1108//1317 1159//1381 
f 1108//1317 1107//1315 1159//1382 
f 1107//1315 1103//1311 1159//1383 
f 1103//1311 1101//1307 1160//1384 
f 1101//1307 1098//1304 1160//1385 
f 1156//1386 1161//1387 1158//1380 
f 1098//1304 1095//1301 1156//1386 
f 1156//1386 1162//1388 1161//1387 
f 1095//1301 1162//1388 1156//1386 
f 1095//1301 1094//1300 1162//1388 
f 1080//1282 1081//1284 1163//1389 
f 1080//1282 1163//1389 1164//1474 
f 1079//1280 1080//1282 1164//1474 
f 1164//1474 1163//1389 1165//1391 
f 1073//1272 1079//1280 1166//1390 
f 1164//1474 1165//1391 1167//1393 
f 1074//1273 1073//1272 1166//1394 
f 1164//1474 1167//1393 1168//1395 
f 1075//1275 1074//1273 1169//1396 
f 1170//1397 1171//1398 1168//1395 
f 1076//1277 1075//1275 1169//1399 
f 1172//1400 1171//1401 1170//1397 
f 1077//1278 1076//1277 1173//1402 
f 1174//1403 1175//1404 1172//1400 
f 1078//1279 1077//1278 1173//1402 
f 1078//1279 1173//1402 1139//1357 
f 1139//1357 1176//1405 1141//1359 
f 1141//1359 1176//1405 1143//1361 
f 1143//1361 1177//1406 1144//1363 
f 1177//1407 1146//1365 1144//1363 
f 1123//1335 1175//1404 1174//1403 
f 1123//1335 1121//1333 1175//1404 
f 1121//1333 1118//1329 1178//1408 
f 1118//1329 1117//1327 1178//1409 
f 1117//1327 1116//1326 1178//1410 
f 1116//1326 1114//1324 1179//1411 
f 1114//1324 1113//1323 1179//1412 
f 1177//1413 1148//1368 1146//1365 
f 1113//1323 1111//1321 1177//1413 
f 1177//1413 1150//1371 1148//1368 
f 1111//1321 1150//1371 1177//1413 
f 1111//1321 1112//1322 1150//1371 
f 1085//1289 1063//1261 1180//1414 
f 1085//1289 1180//1414 1181//1415 
f 1084//1287 1085//1289 1181//1415 
f 1181//1415 1180//1414 1182//1416 
f 1082//1285 1084//1287 1181//1417 
f 1181//1418 1182//1416 1183//1419 
f 1081//1284 1082//1285 1181//1417 
f 1081//1284 1181//1417 1163//1389 
f 1184//1420 1183//1419 1185//1421 
f 1163//1389 1186//1422 1165//1391 
f 1187//1423 1184//1424 1185//1421 
f 1165//1391 1186//1422 1167//1393 
f 1188//1425 1189//1426 1187//1423 
f 1167//1393 1190//1427 1168//1395 
f 1191//1428 1189//1429 1188//1425 
f 1190//1430 1170//1397 1168//1395 
f 1132//1347 1192//1431 1191//1428 
f 1132//1347 1128//1341 1192//1431 
f 1190//1432 1172//1400 1170//1397 
f 1128//1341 1126//1339 1192//1433 
f 1192//1433 1174//1403 1172//1400 
f 1126//1339 1124//1336 1192//1433 
f 1124//1336 1174//1403 1192//1433 
f 1124//1336 1123//1335 1174//1403 
f 1066//1265 1068//1267 1193//1434 
f 1066//1265 1193//1434 1194//1437 
f 1065//1264 1066//1265 1194//1437 
f 1194//1437 1193//1434 1195//1436 
f 1064//1262 1065//1264 1194//1437 
f 1196//1440 1195//1436 1197//1438 
f 1063//1261 1064//1262 1194//1439 
f 1063//1261 1194//1439 1180//1414 
f 1196//1440 1197//1438 1198//1441 
f 1180//1414 1194//1442 1182//1416 
f 1199//1443 1200//1444 1198//1441 
f 1182//1416 1201//1445 1183//1419 
f 1202//1446 1200//1447 1199//1443 
f 1183//1419 1201//1448 1185//1421 
f 1203//1449 1204//1450 1202//1446 
f 1200//1451 1187//1423 1185//1421 
f 1134//1349 1204//1450 1203//1449 
f 1134//1349 1133//1348 1204//1450 
f 1204//1452 1188//1425 1187//1423 
f 1133//1348 1136//1351 1205//1453 
f 1205//1454 1191//1428 1188//1425 
f 1136//1351 1137//1352 1205//1454 
f 1137//1352 1191//1428 1205//1454 
f 1137//1352 1132//1347 1191//1428 
f 1043//1234 1042//1233 1152//1373 
f 1043//1234 1152//1373 1206//1455 
f 1045//1237 1043//1234 1206//1455 
f 1206//1455 1152//1373 1154//1375 
f 1048//1241 1045//1237 1207//1456 
f 1206//1455 1154//1375 1155//1376 
f 1051//1245 1048//1241 1207//1457 
f 1208//1458 1155//1376 1157//1378 
f 1054//1249 1051//1245 1209//1459 
f 1158//1380 1208//1460 1157//1378 
f 1057//1253 1054//1249 1209//1461 
f 1161//1387 1208//1462 1158//1380 
f 1067//1266 1057//1253 1210//1463 
f 1162//1388 1211//1464 1161//1387 
f 1068//1267 1067//1266 1210//1463 
f 1068//1267 1210//1463 1193//1434 
f 1193//1434 1212//1465 1195//1436 
f 1195//1436 1212//1465 1197//1438 
f 1197//1438 1213//1466 1198//1441 
f 1213//1467 1199//1443 1198//1441 
f 1094//1300 1211//1464 1162//1388 
f 1094//1300 1091//1297 1211//1464 
f 1091//1297 1093//1299 1214//1468 
f 1093//1299 1097//1303 1214//1469 
f 1097//1303 1100//1306 1214//1470 
f 1100//1306 1102//1310 1215//1471 
f 1102//1310 1106//1314 1215//1472 
f 1213//1473 1202//1446 1199//1443 
f 1106//1314 1135//1350 1213//1473 
f 1213//1473 1203//1449 1202//1446 
f 1135//1350 1203//1449 1213//1473 
f 1135//1350 1134//1349 1203//1449 
f 1216//1221 1217//1222 1218//1223 
f 1219//1224 1217//1222 1216//1221 
f 1216//1221 1218//1223 1220//1225 
f 1217//1222 1221//1226 1218//1223 
f 1222//1227 1220//1225 1218//1223 
f 1219//1228 1223//1229 1217//1222 
f 1217//1222 1223//1229 1221//1226 
f 1224//1230 1219//1238 1225//1232 
f 1226//1233 1219//1238 1224//1230 
f 1226//1233 1227//1234 1219//1238 
f 1225//1232 1220//1235 1228//1236 
f 1227//1234 1229//1237 1219//1238 
f 1228//1236 1220//1239 1230//1240 
f 1229//1237 1231//1241 1219//1242 
f 1220//1243 1232//1244 1230//1240 
f 1231//1241 1233//1245 1234//1246 
f 1220//1247 1235//1248 1232//1244 
f 1233//1245 1236//1249 1234//1250 
f 1237//1251 1238//1252 1235//1248 
f 1236//1249 1239//1253 1234//1254 
f 1223//1229 1234//1255 1240//1256 
f 1223//1229 1240//1256 1221//1226 
f 1234//1255 1241//1257 1240//1256 
f 1234//1258 1242//1259 1241//1257 
f 1243//1260 1244//1261 1242//1259 
f 1243//1260 1245//1262 1244//1261 
f 1243//1263 1246//1264 1245//1262 
f 1243//1263 1247//1265 1246//1264 
f 1239//1253 1248//1266 1243//1263 
f 1248//1266 1247//1265 1243//1263 
f 1248//1266 1249//1267 1247//1265 
f 1250//1268 1218//1223 1221//1226 
f 1251//1269 1250//1268 1221//1226 
f 1252//1270 1250//1268 1251//1269 
f 1253//1271 1222//1227 1250//1268 
f 1250//1268 1222//1227 1218//1223 
f 1254//1272 1255//1273 1253//1274 
f 1255//1273 1256//1275 1253//1276 
f 1256//1275 1257//1277 1237//1251 
f 1257//1277 1258//1278 1237//1251 
f 1258//1278 1238//1252 1237//1251 
f 1258//1278 1259//1279 1238//1252 
f 1260//1280 1254//1272 1253//1281 
f 1261//1282 1260//1280 1252//1283 
f 1262//1284 1261//1282 1252//1283 
f 1262//1284 1252//1283 1263//1285 
f 1263//1285 1252//1283 1264//1287 
f 1264//1287 1252//1288 1265//1289 
f 1252//1290 1251//1269 1240//1256 
f 1251//1269 1221//1226 1240//1256 
f 1252//1290 1240//1256 1241//1257 
f 1252//1288 1241//1257 1242//1259 
f 1265//1289 1252//1288 1242//1259 
f 1265//1289 1242//1259 1244//1261 
f 1266//1291 1267//1292 1268//1293 
f 1269//1294 1266//1291 1268//1293 
f 1269//1295 1270//1296 1266//1291 
f 1266//1291 1270//1296 1267//1292 
f 1271//1297 1269//1298 1272//1299 
f 1273//1300 1269//1298 1271//1297 
f 1273//1300 1274//1301 1269//1298 
f 1272//1299 1275//1302 1276//1303 
f 1274//1301 1277//1304 1269//1298 
f 1276//1303 1278//1305 1279//1306 
f 1277//1304 1280//1307 1269//1308 
f 1278//1309 1281//1310 1279//1306 
f 1280//1307 1282//1311 1283//1312 
f 1284//1313 1285//1314 1281//1310 
f 1282//1311 1286//1315 1283//1316 
f 1286//1315 1287//1317 1283//1318 
f 1287//1317 1288//1319 1283//1320 
f 1288//1319 1289//1321 1283//1320 
f 1288//1319 1290//1322 1289//1321 
f 1283//1320 1289//1321 1291//1323 
f 1283//1320 1291//1323 1292//1324 
f 1293//1325 1292//1324 1294//1326 
f 1295//1327 1293//1328 1294//1326 
f 1296//1329 1293//1330 1295//1327 
f 1270//1296 1297//1331 1298//1332 
f 1270//1296 1298//1332 1267//1292 
f 1299//1333 1300//1334 1296//1329 
f 1301//1335 1300//1334 1299//1333 
f 1301//1335 1302//1336 1300//1334 
f 1300//1337 1303//1338 1298//1332 
f 1303//1338 1267//1292 1298//1332 
f 1302//1336 1304//1339 1300//1334 
f 1304//1339 1305//1341 1300//1342 
f 1300//1343 1306//1344 1303//1338 
f 1303//1338 1306//1344 1267//1292 
f 1300//1343 1307//1345 1306//1344 
f 1300//1342 1308//1346 1307//1345 
f 1305//1341 1308//1346 1300//1342 
f 1305//1341 1309//1347 1308//1346 
f 1310//1348 1311//1349 1312//1350 
f 1310//1348 1312//1350 1284//1313 
f 1284//1313 1312//1350 1285//1314 
f 1313//1351 1310//1348 1284//1313 
f 1314//1352 1313//1351 1284//1353 
f 1309//1347 1314//1352 1284//1354 
f 1309//1347 1284//1354 1308//1346 
f 1308//1346 1275//1355 1307//1345 
f 1307//1345 1275//1356 1306//1344 
f 1306//1344 1275//1356 1268//1293 
f 1306//1344 1268//1293 1267//1292 
f 1238//1252 1259//1279 1315//1357 
f 1238//1252 1315//1357 1316//1358 
f 1235//1248 1238//1252 1316//1358 
f 1316//1358 1315//1357 1317//1359 
f 1232//1244 1235//1248 1318//1360 
f 1316//1358 1317//1359 1319//1361 
f 1230//1240 1232//1244 1318//1362 
f 1316//1358 1319//1361 1320//1363 
f 1228//1236 1230//1240 1318//1364 
f 1321//1365 1322//1366 1320//1363 
f 1225//1232 1228//1236 1318//1367 
f 1323//1368 1322//1369 1321//1365 
f 1224//1230 1225//1232 1324//1370 
f 1325//1371 1326//1372 1323//1368 
f 1226//1233 1224//1230 1324//1370 
f 1226//1233 1324//1370 1327//1373 
f 1327//1373 1324//1374 1328//1375 
f 1328//1375 1324//1374 1329//1376 
f 1329//1376 1330//1377 1331//1378 
f 1330//1379 1332//1380 1331//1378 
f 1290//1322 1326//1372 1325//1371 
f 1290//1322 1288//1319 1326//1372 
f 1288//1319 1287//1317 1333//1381 
f 1287//1317 1286//1315 1333//1382 
f 1286//1315 1282//1311 1333//1383 
f 1282//1311 1280//1307 1334//1384 
f 1280//1307 1277//1304 1334//1385 
f 1330//1386 1335//1387 1332//1380 
f 1277//1304 1274//1301 1330//1386 
f 1330//1386 1336//1388 1335//1387 
f 1274//1301 1336//1388 1330//1386 
f 1274//1301 1273//1300 1336//1388 
f 1261//1282 1262//1284 1337//1389 
f 1261//1282 1337//1389 1338//1474 
f 1260//1280 1261//1282 1338//1474 
f 1338//1474 1337//1389 1339//1391 
f 1254//1272 1260//1280 1340//1390 
f 1338//1474 1339//1391 1341//1393 
f 1255//1273 1254//1272 1340//1394 
f 1338//1474 1341//1393 1342//1395 
f 1256//1275 1255//1273 1343//1396 
f 1344//1397 1345//1398 1342//1395 
f 1257//1277 1256//1275 1343//1399 
f 1346//1400 1345//1401 1344//1397 
f 1258//1278 1257//1277 1343//1402 
f 1347//1403 1348//1404 1346//1400 
f 1259//1279 1258//1278 1343//1402 
f 1259//1279 1343//1402 1315//1357 
f 1315//1357 1349//1405 1317//1359 
f 1317//1359 1349//1405 1319//1361 
f 1319//1361 1350//1406 1320//1363 
f 1350//1407 1321//1365 1320//1363 
f 1301//1335 1348//1404 1347//1403 
f 1301//1335 1299//1333 1348//1404 
f 1299//1333 1296//1329 1351//1408 
f 1296//1329 1295//1327 1351//1409 
f 1295//1327 1294//1326 1351//1410 
f 1294//1326 1292//1324 1352//1411 
f 1292//1324 1291//1323 1352//1412 
f 1350//1413 1323//1368 1321//1365 
f 1291//1323 1289//1321 1350//1413 
f 1350//1413 1325//1371 1323//1368 
f 1289//1321 1325//1371 1350//1413 
f 1289//1321 1290//1322 1325//1371 
f 1265//1289 1244//1261 1353//1414 
f 1265//1289 1353//1414 1354//1415 
f 1264//1287 1265//1289 1354//1415 
f 1354//1415 1353//1414 1355//1416 
f 1263//1285 1264//1287 1354//1417 
f 1354//1418 1355//1416 1356//1419 
f 1262//1284 1263//1285 1354//1417 
f 1262//1284 1354//1417 1337//1389 
f 1354//1420 1356//1419 1357//1421 
f 1337//1389 1358//1422 1339//1391 
f 1359//1423 1354//1424 1357//1421 
f 1339//1391 1358//1422 1341//1393 
f 1360//1425 1361//1426 1359//1423 
f 1341//1393 1362//1427 1342//1395 
f 1363//1428 1361//1429 1360//1425 
f 1362//1430 1344//1397 1342//1395 
f 1309//1347 1361//1431 1363//1428 
f 1309//1347 1305//1341 1361//1431 
f 1362//1432 1346//1400 1344//1397 
f 1305//1341 1304//1339 1361//1433 
f 1361//1433 1347//1403 1346//1400 
f 1304//1339 1302//1336 1361//1433 
f 1302//1336 1347//1403 1361//1433 
f 1302//1336 1301//1335 1347//1403 
f 1247//1265 1249//1267 1364//1434 
f 1247//1265 1364//1434 1365//1435 
f 1246//1264 1247//1265 1365//1435 
f 1365//1435 1364//1434 1366//1436 
f 1245//1262 1246//1264 1365//1437 
f 1365//1435 1366//1436 1367//1438 
f 1244//1261 1245//1262 1365//1439 
f 1244//1261 1365//1439 1353//1414 
f 1368//1440 1367//1438 1369//1441 
f 1353//1414 1365//1442 1355//1416 
f 1370//1443 1368//1444 1369//1441 
f 1355//1416 1371//1445 1356//1419 
f 1372//1446 1368//1447 1370//1443 
f 1356//1419 1371//1448 1357//1421 
f 1373//1449 1374//1453 1372//1446 
f 1371//1451 1359//1423 1357//1421 
f 1311//1349 1374//1453 1373//1449 
f 1311//1349 1310//1348 1374//1453 
f 1374//1452 1360//1425 1359//1423 
f 1310//1348 1313//1351 1374//1453 
f 1374//1454 1363//1428 1360//1425 
f 1313//1351 1314//1352 1374//1454 
f 1314//1352 1363//1428 1374//1454 
f 1314//1352 1309//1347 1363//1428 
f 1227//1234 1226//1233 1327//1373 
f 1227//1234 1327//1373 1375//1455 
f 1229//1237 1227//1234 1375//1455 
f 1375//1455 1327//1373 1328//1375 
f 1231//1241 1229//1237 1376//1456 
f 1375//1455 1328//1375 1329//1376 
f 1233//1245 1231//1241 1376//1457 
f 1377//1458 1329//1376 1331//1378 
f 1236//1249 1233//1245 1376//1459 
f 1332//1380 1377//1460 1331//1378 
f 1239//1253 1236//1249 1376//1461 
f 1335//1387 1377//1462 1332//1380 
f 1248//1266 1239//1253 1378//1463 
f 1336//1388 1379//1464 1335//1387 
f 1249//1267 1248//1266 1378//1463 
f 1249//1267 1378//1463 1364//1434 
f 1364//1434 1378//1465 1366//1436 
f 1366//1436 1378//1465 1367//1438 
f 1367//1438 1380//1466 1369//1441 
f 1380//1467 1370//1443 1369//1441 
f 1273//1300 1379//1464 1336//1388 
f 1273//1300 1271//1297 1379//1464 
f 1271//1297 1272//1299 1381//1468 
f 1272//1299 1276//1303 1381//1469 
f 1276//1303 1279//1306 1381//1470 
f 1279//1306 1281//1310 1382//1471 
f 1281//1310 1285//1314 1382//1472 
f 1380//1473 1372//1446 1370//1443 
f 1285//1314 1312//1350 1380//1473 
f 1380//1473 1373//1449 1372//1446 
f 1312//1350 1373//1449 1380//1473 
f 1312//1350 1311//1349 1373//1449 
f 1383//1221 1384//1222 1385//1223 
f 1386//1224 1384//1222 1383//1221 
f 1383//1221 1385//1223 1387//1225 
f 1384//1222 1388//1226 1385//1223 
f 1389//1227 1387//1225 1385//1223 
f 1386//1228 1390//1229 1384//1222 
f 1384//1222 1390//1229 1388//1226 
f 1391//1230 1386//1231 1392//1232 
f 1393//1233 1386//1231 1391//1230 
f 1393//1233 1394//1234 1386//1231 
f 1392//1232 1387//1235 1395//1236 
f 1394//1234 1396//1237 1397//1238 
f 1395//1236 1387//1239 1398//1240 
f 1396//1237 1399//1241 1397//1242 
f 1400//1243 1401//1244 1398//1240 
f 1399//1241 1402//1245 1403//1246 
f 1400//1247 1404//1248 1401//1244 
f 1402//1245 1405//1249 1403//1250 
f 1406//1251 1407//1252 1404//1248 
f 1405//1249 1408//1253 1403//1254 
f 1390//1229 1409//1255 1410//1256 
f 1390//1229 1410//1256 1388//1226 
f 1409//1255 1411//1257 1410//1256 
f 1409//1258 1412//1259 1411//1257 
f 1413//1260 1414//1261 1412//1259 
f 1413//1260 1415//1262 1414//1261 
f 1413//1263 1416//1264 1415//1262 
f 1413//1263 1417//1265 1416//1264 
f 1408//1253 1418//1266 1413//1263 
f 1418//1266 1417//1265 1413//1263 
f 1418//1266 1419//1267 1417//1265 
f 1420//1268 1385//1223 1388//1226 
f 1421//1269 1420//1268 1388//1226 
f 1422//1270 1420//1268 1421//1269 
f 1423//1271 1389//1227 1420//1268 
f 1420//1268 1389//1227 1385//1223 
f 1424//1272 1425//1273 1423//1274 
f 1425//1273 1426//1275 1423//1276 
f 1426//1275 1427//1277 1406//1251 
f 1427//1277 1428//1278 1406//1251 
f 1428//1278 1407//1252 1406//1251 
f 1428//1278 1429//1279 1407//1252 
f 1430//1280 1424//1272 1423//1281 
f 1431//1282 1430//1280 1422//1283 
f 1432//1284 1431//1282 1422//1283 
f 1432//1284 1422//1283 1433//1285 
f 1433//1285 1434//1286 1435//1287 
f 1435//1287 1434//1288 1436//1289 
f 1434//1290 1421//1269 1410//1256 
f 1421//1269 1388//1226 1410//1256 
f 1434//1290 1410//1256 1411//1257 
f 1434//1288 1411//1257 1412//1259 
f 1436//1289 1434//1288 1412//1259 
f 1436//1289 1412//1259 1414//1261 
f 1437//1291 1438//1292 1439//1293 
f 1440//1294 1437//1291 1439//1293 
f 1440//1295 1441//1296 1437//1291 
f 1437//1291 1441//1296 1438//1292 
f 1442//1297 1443//1298 1444//1299 
f 1445//1300 1443//1298 1442//1297 
f 1445//1300 1446//1301 1443//1298 
f 1444//1299 1447//1302 1448//1303 
f 1446//1301 1449//1304 1443//1298 
f 1448//1303 1450//1305 1451//1306 
f 1449//1304 1452//1307 1443//1308 
f 1450//1309 1453//1310 1451//1306 
f 1452//1307 1454//1311 1455//1312 
f 1456//1313 1457//1314 1453//1310 
f 1454//1311 1458//1315 1455//1316 
f 1458//1315 1459//1317 1455//1318 
f 1459//1317 1460//1319 1461//1320 
f 1460//1319 1462//1321 1461//1320 
f 1460//1319 1463//1322 1462//1321 
f 1461//1320 1462//1321 1464//1323 
f 1461//1320 1464//1323 1465//1324 
f 1466//1325 1465//1324 1467//1326 
f 1468//1327 1466//1328 1467//1326 
f 1469//1329 1466//1330 1468//1327 
f 1441//1296 1470//1331 1471//1332 
f 1441//1296 1471//1332 1438//1292 
f 1472//1333 1473//1334 1469//1329 
f 1474//1335 1473//1334 1472//1333 
f 1474//1335 1475//1336 1473//1334 
f 1473//1337 1476//1338 1471//1332 
f 1476//1338 1438//1292 1471//1332 
f 1475//1336 1477//1339 1478//1340 
f 1477//1339 1479//1341 1478//1342 
f 1478//1343 1480//1344 1476//1338 
f 1476//1338 1480//1344 1438//1292 
f 1478//1343 1481//1345 1480//1344 
f 1478//1342 1482//1346 1481//1345 
f 1479//1341 1482//1346 1478//1342 
f 1479//1341 1483//1347 1482//1346 
f 1484//1348 1485//1349 1486//1350 
f 1484//1348 1486//1350 1456//1313 
f 1456//1313 1486//1350 1457//1314 
f 1487//1351 1484//1348 1456//1313 
f 1488//1352 1487//1351 1456//1353 
f 1483//1347 1488//1352 1456//1354 
f 1483//1347 1456//1354 1482//1346 
f 1482//1346 1489//1355 1481//1345 
f 1481//1345 1489//1356 1480//1344 
f 1480//1344 1489//1356 1439//1293 
f 1480//1344 1439//1293 1438//1292 
f 1407//1252 1429//1279 1490//1357 
f 1407//1252 1490//1357 1491//1358 
f 1404//1248 1407//1252 1491//1358 
f 1491//1358 1490//1357 1492//1359 
f 1401//1244 1404//1248 1493//1360 
f 1491//1358 1492//1359 1494//1361 
f 1398//1240 1401//1244 1493//1362 
f 1491//1358 1494//1361 1495//1363 
f 1395//1236 1398//1240 1496//1364 
f 1497//1365 1498//1366 1495//1363 
f 1392//1232 1395//1236 1496//1367 
f 1499//1368 1498//1369 1497//1365 
f 1391//1230 1392//1232 1500//1370 
f 1501//1371 1502//1372 1499//1368 
f 1393//1233 1391//1230 1500//1370 
f 1393//1233 1500//1370 1503//1373 
f 1503//1373 1504//1374 1505//1375 
f 1505//1375 1504//1374 1506//1376 
f 1506//1376 1507//1377 1508//1378 
f 1507//1379 1509//1380 1508//1378 
f 1463//1322 1502//1372 1501//1371 
f 1463//1322 1460//1319 1502//1372 
f 1460//1319 1459//1317 1510//1381 
f 1459//1317 1458//1315 1510//1382 
f 1458//1315 1454//1311 1510//1383 
f 1454//1311 1452//1307 1511//1384 
f 1452//1307 1449//1304 1511//1385 
f 1507//1386 1512//1387 1509//1380 
f 1449//1304 1446//1301 1507//1386 
f 1507//1386 1513//1388 1512//1387 
f 1446//1301 1513//1388 1507//1386 
f 1446//1301 1445//1300 1513//1388 
f 1431//1282 1432//1284 1514//1389 
f 1431//1282 1514//1389 1515//1474 
f 1430//1280 1431//1282 1515//1474 
f 1515//1474 1514//1389 1516//1391 
f 1424//1272 1430//1280 1517//1390 
f 1515//1474 1516//1391 1518//1393 
f 1425//1273 1424//1272 1517//1394 
f 1515//1474 1518//1393 1519//1395 
f 1426//1275 1425//1273 1520//1396 
f 1521//1397 1522//1398 1519//1395 
f 1427//1277 1426//1275 1520//1399 
f 1523//1400 1522//1401 1521//1397 
f 1428//1278 1427//1277 1524//1402 
f 1525//1403 1526//1404 1523//1400 
f 1429//1279 1428//1278 1524//1402 
f 1429//1279 1524//1402 1490//1357 
f 1490//1357 1527//1405 1492//1359 
f 1492//1359 1527//1405 1494//1361 
f 1494//1361 1528//1406 1495//1363 
f 1528//1407 1497//1365 1495//1363 
f 1474//1335 1526//1404 1525//1403 
f 1474//1335 1472//1333 1526//1404 
f 1472//1333 1469//1329 1529//1408 
f 1469//1329 1468//1327 1529//1409 
f 1468//1327 1467//1326 1529//1410 
f 1467//1326 1465//1324 1530//1411 
f 1465//1324 1464//1323 1530//1412 
f 1528//1413 1499//1368 1497//1365 
f 1464//1323 1462//1321 1528//1413 
f 1528//1413 1501//1371 1499//1368 
f 1462//1321 1501//1371 1528//1413 
f 1462//1321 1463//1322 1501//1371 
f 1436//1289 1414//1261 1531//1414 
f 1436//1289 1531//1414 1532//1415 
f 1435//1287 1436//1289 1532//1415 
f 1532//1415 1531//1414 1533//1416 
f 1433//1285 1435//1287 1532//1417 
f 1532//1418 1533//1416 1534//1419 
f 1432//1284 1433//1285 1532//1417 
f 1432//1284 1532//1417 1514//1389 
f 1535//1420 1534//1419 1536//1421 
f 1514//1389 1537//1422 1516//1391 
f 1538//1423 1535//1424 1536//1421 
f 1516//1391 1537//1422 1518//1393 
f 1539//1425 1540//1426 1538//1423 
f 1518//1393 1541//1427 1519//1395 
f 1542//1428 1540//1429 1539//1425 
f 1541//1430 1521//1397 1519//1395 
f 1483//1347 1543//1431 1542//1428 
f 1483//1347 1479//1341 1543//1431 
f 1541//1432 1523//1400 1521//1397 
f 1479//1341 1477//1339 1543//1433 
f 1543//1433 1525//1403 1523//1400 
f 1477//1339 1475//1336 1543//1433 
f 1475//1336 1525//1403 1543//1433 
f 1475//1336 1474//1335 1525//1403 
f 1417//1265 1419//1267 1544//1434 
f 1417//1265 1544//1434 1545//1435 
f 1416//1264 1417//1265 1545//1435 
f 1545//1435 1544//1434 1546//1436 
f 1415//1262 1416//1264 1547//1437 
f 1545//1435 1546//1436 1548//1438 
f 1414//1261 1415//1262 1547//1439 
f 1414//1261 1547//1439 1531//1414 
f 1549//1440 1548//1438 1550//1441 
f 1531//1414 1547//1442 1533//1416 
f 1551//1443 1549//1444 1550//1441 
f 1533//1416 1552//1445 1534//1419 
f 1553//1446 1554//1447 1551//1443 
f 1534//1419 1552//1448 1536//1421 
f 1555//1449 1556//1450 1553//1446 
f 1552//1451 1538//1423 1536//1421 
f 1485//1349 1556//1450 1555//1449 
f 1485//1349 1484//1348 1556//1450 
f 1556//1452 1539//1425 1538//1423 
f 1484//1348 1487//1351 1557//1453 
f 1557//1454 1542//1428 1539//1425 
f 1487//1351 1488//1352 1557//1454 
f 1488//1352 1542//1428 1557//1454 
f 1488//1352 1483//1347 1542//1428 
f 1394//1234 1393//1233 1503//1373 
f 1394//1234 1503//1373 1558//1455 
f 1396//1237 1394//1234 1558//1455 
f 1558//1455 1503//1373 1505//1375 
f 1399//1241 1396//1237 1559//1456 
f 1558//1455 1505//1375 1506//1376 
f 1402//1245 1399//1241 1559//1457 
f 1560//1458 1506//1376 1508//1378 
f 1405//1249 1402//1245 1561//1459 
f 1509//1380 1560//1460 1508//1378 
f 1408//1253 1405//1249 1561//1461 
f 1512//1387 1560//1462 1509//1380 
f 1418//1266 1408//1253 1562//1463 
f 1513//1388 1563//1464 1512//1387 
f 1419//1267 1418//1266 1562//1463 
f 1419//1267 1562//1463 1544//1434 
f 1544//1434 1564//1465 1546//1436 
f 1546//1436 1564//1465 1548//1438 
f 1548//1438 1565//1466 1550//1441 
f 1565//1467 1551//1443 1550//1441 
f 1445//1300 1563//1464 1513//1388 
f 1445//1300 1442//1297 1563//1464 
f 1442//1297 1444//1299 1566//1468 
f 1444//1299 1448//1303 1566//1469 
f 1448//1303 1451//1306 1566//1470 
f 1451//1306 1453//1310 1567//1471 
f 1453//1310 1457//1314 1567//1472 
f 1565//1473 1553//1446 1551//1443 
f 1457//1314 1486//1350 1565//1473 
f 1565//1473 1555//1449 1553//1446 
f 1486//1350 1555//1449 1565//1473 
f 1486//1350 1485//1349 1555//1449 
f 1568//1221 1569//1222 1570//1223 
f 1571//1224 1569//1222 1568//1221 
f 1568//1221 1570//1223 1572//1225 
f 1569//1222 1573//1226 1570//1223 
f 1574//1227 1572//1225 1570//1223 
f 1571//1228 1575//1229 1569//1222 
f 1569//1222 1575//1229 1573//1226 
f 1576//1230 1571//1238 1577//1232 
f 1578//1233 1571//1238 1576//1230 
f 1578//1233 1579//1234 1571//1238 
f 1577//1232 1572//1235 1580//1236 
f 1579//1234 1581//1237 1571//1238 
f 1580//1236 1572//1239 1582//1240 
f 1581//1237 1583//1241 1571//1242 
f 1572//1243 1584//1244 1582//1240 
f 1583//1241 1585//1245 1586//1246 
f 1572//1247 1587//1248 1584//1244 
f 1585//1245 1588//1249 1586//1250 
f 1589//1251 1590//1252 1587//1248 
f 1588//1249 1591//1253 1586//1254 
f 1575//1229 1592//1255 1593//1256 
f 1575//1229 1593//1256 1573//1226 
f 1592//1255 1594//1257 1593//1256 
f 1592//1258 1595//1259 1594//1257 
f 1592//1260 1596//1261 1595//1259 
f 1592//1260 1597//1262 1596//1261 
f 1592//1263 1598//1264 1597//1262 
f 1586//1254 1599//1265 1598//1264 
f 1591//1253 1600//1266 1586//1254 
f 1600//1266 1599//1265 1586//1254 
f 1600//1266 1601//1267 1599//1265 
f 1602//1268 1570//1223 1573//1226 
f 1603//1269 1602//1268 1573//1226 
f 1604//1270 1602//1268 1603//1269 
f 1605//1271 1574//1227 1602//1268 
f 1602//1268 1574//1227 1570//1223 
f 1606//1272 1607//1273 1605//1274 
f 1607//1273 1608//1275 1605//1276 
f 1608//1275 1609//1277 1589//1251 
f 1609//1277 1610//1278 1589//1251 
f 1610//1278 1590//1252 1589//1251 
f 1610//1278 1611//1279 1590//1252 
f 1612//1280 1606//1272 1605//1281 
f 1613//1282 1612//1280 1604//1283 
f 1614//1284 1613//1282 1604//1283 
f 1614//1284 1604//1283 1615//1285 
f 1615//1285 1604//1283 1616//1287 
f 1616//1287 1604//1288 1617//1289 
f 1604//1290 1603//1269 1593//1256 
f 1603//1269 1573//1226 1593//1256 
f 1604//1290 1593//1256 1594//1257 
f 1604//1288 1594//1257 1595//1259 
f 1617//1289 1604//1288 1595//1259 
f 1617//1289 1595//1259 1596//1261 
f 1618//1291 1619//1292 1620//1293 
f 1621//1294 1618//1291 1620//1293 
f 1621//1295 1622//1296 1618//1291 
f 1618//1291 1622//1296 1619//1292 
f 1623//1297 1621//1298 1624//1299 
f 1625//1300 1621//1298 1623//1297 
f 1625//1300 1626//1301 1621//1298 
f 1624//1299 1627//1302 1628//1303 
f 1626//1301 1629//1304 1621//1298 
f 1628//1303 1627//1305 1630//1306 
f 1629//1304 1631//1307 1621//1308 
f 1627//1309 1632//1310 1630//1306 
f 1631//1307 1633//1311 1634//1312 
f 1627//1313 1635//1314 1632//1310 
f 1633//1311 1636//1315 1634//1316 
f 1636//1315 1637//1317 1634//1318 
f 1637//1317 1638//1319 1634//1320 
f 1638//1319 1639//1321 1634//1320 
f 1638//1319 1640//1322 1639//1321 
f 1634//1320 1639//1321 1641//1323 
f 1634//1320 1641//1323 1642//1324 
f 1643//1325 1642//1324 1644//1326 
f 1645//1327 1643//1328 1644//1326 
f 1646//1329 1643//1330 1645//1327 
f 1622//1296 1647//1331 1648//1332 
f 1622//1296 1648//1332 1619//1292 
f 1649//1333 1650//1334 1646//1329 
f 1651//1335 1650//1334 1649//1333 
f 1651//1335 1652//1336 1650//1334 
f 1650//1337 1653//1338 1648//1332 
f 1653//1338 1619//1292 1648//1332 
f 1652//1336 1654//1339 1650//1334 
f 1654//1339 1655//1341 1650//1342 
f 1650//1343 1656//1344 1653//1338 
f 1653//1338 1656//1344 1619//1292 
f 1650//1343 1657//1345 1656//1344 
f 1650//1342 1658//1346 1657//1345 
f 1655//1341 1658//1346 1650//1342 
f 1655//1341 1659//1347 1658//1346 
f 1660//1348 1661//1349 1662//1350 
f 1660//1348 1662//1350 1663//1353 
f 1663//1353 1662//1350 1635//1314 
f 1664//1351 1660//1348 1663//1353 
f 1665//1352 1664//1351 1663//1353 
f 1659//1347 1665//1352 1663//1354 
f 1659//1347 1663//1354 1658//1346 
f 1658//1346 1663//1355 1657//1345 
f 1657//1345 1627//1356 1656//1344 
f 1656//1344 1627//1356 1620//1293 
f 1656//1344 1620//1293 1619//1292 
f 1590//1252 1611//1279 1666//1357 
f 1590//1252 1666//1357 1667//1358 
f 1587//1248 1590//1252 1667//1358 
f 1667//1358 1666//1357 1668//1359 
f 1584//1244 1587//1248 1669//1360 
f 1667//1358 1668//1359 1670//1361 
f 1582//1240 1584//1244 1669//1362 
f 1667//1358 1670//1361 1671//1363 
f 1580//1236 1582//1240 1669//1364 
f 1672//1365 1673//1366 1671//1363 
f 1577//1232 1580//1236 1669//1367 
f 1674//1368 1673//1369 1672//1365 
f 1576//1230 1577//1232 1675//1370 
f 1676//1371 1677//1372 1674//1368 
f 1578//1233 1576//1230 1675//1370 
f 1578//1233 1675//1370 1678//1373 
f 1678//1373 1675//1374 1679//1375 
f 1679//1375 1675//1374 1680//1376 
f 1680//1376 1681//1377 1682//1378 
f 1681//1379 1683//1380 1682//1378 
f 1640//1322 1677//1372 1676//1371 
f 1640//1322 1638//1319 1677//1372 
f 1638//1319 1637//1317 1684//1381 
f 1637//1317 1636//1315 1684//1382 
f 1636//1315 1633//1311 1684//1383 
f 1633//1311 1631//1307 1685//1384 
f 1631//1307 1629//1304 1685//1385 
f 1681//1386 1686//1387 1683//1380 
f 1629//1304 1626//1301 1681//1386 
f 1681//1386 1687//1388 1686//1387 
f 1626//1301 1687//1388 1681//1386 
f 1626//1301 1625//1300 1687//1388 
f 1613//1282 1614//1284 1688//1389 
f 1613//1282 1688//1389 1689//1474 
f 1612//1280 1613//1282 1689//1474 
f 1689//1474 1688//1389 1690//1391 
f 1606//1272 1612//1280 1691//1390 
f 1689//1474 1690//1391 1692//1393 
f 1607//1273 1606//1272 1691//1394 
f 1689//1474 1692//1393 1693//1395 
f 1608//1275 1607//1273 1694//1396 
f 1695//1397 1696//1398 1693//1395 
f 1609//1277 1608//1275 1694//1399 
f 1697//1400 1696//1401 1695//1397 
f 1610//1278 1609//1277 1694//1402 
f 1698//1403 1699//1404 1697//1400 
f 1611//1279 1610//1278 1694//1402 
f 1611//1279 1694//1402 1666//1357 
f 1666//1357 1700//1405 1668//1359 
f 1668//1359 1700//1405 1670//1361 
f 1670//1361 1701//1406 1671//1363 
f 1701//1407 1672//1365 1671//1363 
f 1651//1335 1699//1404 1698//1403 
f 1651//1335 1649//1333 1699//1404 
f 1649//1333 1646//1329 1702//1408 
f 1646//1329 1645//1327 1702//1409 
f 1645//1327 1644//1326 1702//1410 
f 1644//1326 1642//1324 1703//1411 
f 1642//1324 1641//1323 1703//1412 
f 1701//1413 1674//1368 1672//1365 
f 1641//1323 1639//1321 1701//1413 
f 1701//1413 1676//1371 1674//1368 
f 1639//1321 1676//1371 1701//1413 
f 1639//1321 1640//1322 1676//1371 
f 1617//1289 1596//1261 1704//1414 
f 1617//1289 1704//1414 1705//1415 
f 1616//1287 1617//1289 1705//1415 
f 1705//1415 1704//1414 1706//1416 
f 1615//1285 1616//1287 1705//1417 
f 1705//1418 1706//1416 1707//1419 
f 1614//1284 1615//1285 1705//1417 
f 1614//1284 1705//1417 1688//1389 
f 1705//1420 1707//1419 1708//1421 
f 1688//1389 1709//1422 1690//1391 
f 1710//1423 1705//1424 1708//1421 
f 1690//1391 1709//1422 1692//1393 
f 1711//1425 1712//1426 1710//1423 
f 1692//1393 1713//1427 1693//1395 
f 1714//1428 1712//1429 1711//1425 
f 1713//1430 1695//1397 1693//1395 
f 1659//1347 1712//1431 1714//1428 
f 1659//1347 1655//1341 1712//1431 
f 1713//1432 1697//1400 1695//1397 
f 1655//1341 1654//1339 1712//1433 
f 1712//1433 1698//1403 1697//1400 
f 1654//1339 1652//1336 1712//1433 
f 1652//1336 1698//1403 1712//1433 
f 1652//1336 1651//1335 1698//1403 
f 1599//1265 1601//1267 1715//1434 
f 1599//1265 1715//1434 1716//1435 
f 1598//1264 1599//1265 1716//1435 
f 1716//1435 1715//1434 1717//1436 
f 1597//1262 1598//1264 1716//1437 
f 1716//1435 1717//1436 1718//1438 
f 1596//1261 1597//1262 1716//1439 
f 1596//1261 1716//1439 1704//1414 
f 1719//1440 1718//1438 1720//1441 
f 1704//1414 1716//1442 1706//1416 
f 1721//1443 1719//1444 1720//1441 
f 1706//1416 1722//1445 1707//1419 
f 1723//1446 1719//1447 1721//1443 
f 1707//1419 1722//1448 1708//1421 
f 1724//1449 1725//1453 1723//1446 
f 1722//1451 1710//1423 1708//1421 
f 1661//1349 1725//1453 1724//1449 
f 1661//1349 1660//1348 1725//1453 
f 1725//1452 1711//1425 1710//1423 
f 1660//1348 1664//1351 1725//1453 
f 1725//1454 1714//1428 1711//1425 
f 1664//1351 1665//1352 1725//1454 
f 1665//1352 1714//1428 1725//1454 
f 1665//1352 1659//1347 1714//1428 
f 1579//1234 1578//1233 1678//1373 
f 1579//1234 1678//1373 1726//1455 
f 1581//1237 1579//1234 1726//1455 
f 1726//1455 1678//1373 1679//1375 
f 1583//1241 1581//1237 1727//1456 
f 1726//1455 1679//1375 1680//1376 
f 1585//1245 1583//1241 1727//1457 
f 1728//1458 1680//1376 1682//1378 
f 1588//1249 1585//1245 1727//1459 
f 1683//1380 1728//1460 1682//1378 
f 1591//1253 1588//1249 1727//1461 
f 1686//1387 1728//1462 1683//1380 
f 1600//1266 1591//1253 1729//1463 
f 1687//1388 1730//1464 1686//1387 
f 1601//1267 1600//1266 1729//1463 
f 1601//1267 1729//1463 1715//1434 
f 1715//1434 1729//1465 1717//1436 
f 1717//1436 1729//1465 1718//1438 
f 1718//1438 1731//1466 1720//1441 
f 1731//1467 1721//1443 1720//1441 
f 1625//1300 1730//1464 1687//1388 
f 1625//1300 1623//1297 1730//1464 
f 1623//1297 1624//1299 1732//1468 
f 1624//1299 1628//1303 1732//1469 
f 1628//1303 1630//1306 1732//1470 
f 1630//1306 1632//1310 1733//1471 
f 1632//1310 1635//1314 1733//1472 
f 1731//1473 1723//1446 1721//1443 
f 1635//1314 1662//1350 1731//1473 
f 1731//1473 1724//1449 1723//1446 
f 1662//1350 1724//1449 1731//1473 
f 1662//1350 1661//1349 1724//1449 
f 1734//1221 1735//1222 1736//1223 
f 1737//1224 1735//1222 1734//1221 
f 1734//1221 1736//1223 1738//1225 
f 1735//1222 1739//1226 1736//1223 
f 1740//1227 1738//1225 1736//1223 
f 1737//1228 1741//1229 1735//1222 
f 1735//1222 1741//1229 1739//1226 
f 1742//1230 1737//1238 1743//1232 
f 1744//1233 1737//1238 1742//1230 
f 1744//1233 1745//1234 1737//1238 
f 1743//1232 1738//1235 1746//1236 
f 1745//1234 1747//1237 1737//1238 
f 1746//1236 1738//1239 1748//1240 
f 1747//1237 1749//1241 1737//1242 
f 1738//1243 1750//1244 1748//1240 
f 1749//1241 1751//1245 1752//1246 
f 1738//1247 1753//1248 1750//1244 
f 1751//1245 1754//1249 1752//1250 
f 1755//1251 1756//1252 1753//1248 
f 1754//1249 1757//1253 1752//1254 
f 1741//1229 1758//1255 1759//1256 
f 1741//1229 1759//1256 1739//1226 
f 1758//1255 1760//1257 1759//1256 
f 1758//1258 1761//1259 1760//1257 
f 1758//1260 1762//1261 1761//1259 
f 1758//1260 1763//1262 1762//1261 
f 1758//1263 1764//1264 1763//1262 
f 1752//1254 1765//1265 1764//1264 
f 1757//1253 1766//1266 1752//1254 
f 1766//1266 1765//1265 1752//1254 
f 1766//1266 1767//1267 1765//1265 
f 1768//1268 1736//1223 1739//1226 
f 1769//1269 1768//1268 1739//1226 
f 1770//1270 1768//1268 1769//1269 
f 1771//1271 1740//1227 1768//1268 
f 1768//1268 1740//1227 1736//1223 
f 1772//1272 1773//1273 1771//1274 
f 1773//1273 1774//1275 1771//1276 
f 1774//1275 1775//1277 1755//1251 
f 1775//1277 1776//1278 1755//1251 
f 1776//1278 1756//1252 1755//1251 
f 1776//1278 1777//1279 1756//1252 
f 1778//1280 1772//1272 1771//1281 
f 1779//1282 1778//1280 1770//1283 
f 1780//1284 1779//1282 1770//1283 
f 1780//1284 1770//1283 1781//1285 
f 1781//1285 1770//1283 1782//1287 
f 1782//1287 1770//1288 1783//1289 
f 1770//1290 1769//1269 1759//1256 
f 1769//1269 1739//1226 1759//1256 
f 1770//1290 1759//1256 1760//1257 
f 1770//1288 1760//1257 1761//1259 
f 1783//1289 1770//1288 1761//1259 
f 1783//1289 1761//1259 1762//1261 
f 1784//1291 1785//1292 1786//1293 
f 1787//1294 1784//1291 1786//1293 
f 1787//1295 1788//1296 1784//1291 
f 1784//1291 1788//1296 1785//1292 
f 1789//1297 1787//1298 1790//1299 
f 1791//1300 1787//1298 1789//1297 
f 1791//1300 1792//1301 1787//1298 
f 1790//1299 1793//1302 1794//1303 
f 1792//1301 1795//1304 1787//1298 
f 1794//1303 1793//1305 1796//1306 
f 1795//1304 1797//1307 1787//1308 
f 1793//1309 1798//1310 1796//1306 
f 1797//1307 1799//1311 1800//1312 
f 1793//1313 1801//1314 1798//1310 
f 1799//1311 1802//1315 1800//1316 
f 1802//1315 1803//1317 1800//1318 
f 1803//1317 1804//1319 1800//1320 
f 1804//1319 1805//1321 1800//1320 
f 1804//1319 1806//1322 1805//1321 
f 1800//1320 1805//1321 1807//1323 
f 1800//1320 1807//1323 1808//1324 
f 1809//1325 1808//1324 1810//1326 
f 1811//1327 1809//1328 1810//1326 
f 1812//1329 1809//1330 1811//1327 
f 1788//1296 1813//1331 1814//1332 
f 1788//1296 1814//1332 1785//1292 
f 1815//1333 1816//1334 1812//1329 
f 1817//1335 1816//1334 1815//1333 
f 1817//1335 1818//1336 1816//1334 
f 1816//1337 1819//1338 1814//1332 
f 1819//1338 1785//1292 1814//1332 
f 1818//1336 1820//1339 1816//1334 
f 1820//1339 1821//1341 1816//1342 
f 1816//1343 1822//1344 1819//1338 
f 1819//1338 1822//1344 1785//1292 
f 1816//1343 1823//1345 1822//1344 
f 1816//1342 1824//1346 1823//1345 
f 1821//1341 1824//1346 1816//1342 
f 1821//1341 1825//1347 1824//1346 
f 1826//1348 1827//1349 1828//1350 
f 1826//1348 1828//1350 1829//1353 
f 1829//1353 1828//1350 1801//1314 
f 1830//1351 1826//1348 1829//1353 
f 1831//1352 1830//1351 1829//1353 
f 1825//1347 1831//1352 1829//1354 
f 1825//1347 1829//1354 1824//1346 
f 1824//1346 1829//1355 1823//1345 
f 1823//1345 1793//1356 1822//1344 
f 1822//1344 1793//1356 1786//1293 
f 1822//1344 1786//1293 1785//1292 
f 1756//1252 1777//1279 1832//1357 
f 1756//1252 1832//1357 1833//1358 
f 1753//1248 1756//1252 1833//1358 
f 1833//1358 1832//1357 1834//1359 
f 1750//1244 1753//1248 1835//1360 
f 1833//1358 1834//1359 1836//1361 
f 1748//1240 1750//1244 1835//1362 
f 1833//1358 1836//1361 1837//1363 
f 1746//1236 1748//1240 1835//1364 
f 1838//1365 1839//1366 1837//1363 
f 1743//1232 1746//1236 1835//1367 
f 1840//1368 1839//1369 1838//1365 
f 1742//1230 1743//1232 1841//1370 
f 1842//1371 1843//1372 1840//1368 
f 1744//1233 1742//1230 1841//1370 
f 1744//1233 1841//1370 1844//1373 
f 1844//1373 1841//1374 1845//1375 
f 1845//1375 1841//1374 1846//1376 
f 1846//1376 1847//1377 1848//1378 
f 1847//1379 1849//1380 1848//1378 
f 1806//1322 1843//1372 1842//1371 
f 1806//1322 1804//1319 1843//1372 
f 1804//1319 1803//1317 1850//1381 
f 1803//1317 1802//1315 1850//1382 
f 1802//1315 1799//1311 1850//1383 
f 1799//1311 1797//1307 1851//1384 
f 1797//1307 1795//1304 1851//1385 
f 1847//1386 1852//1387 1849//1380 
f 1795//1304 1792//1301 1847//1386 
f 1847//1386 1853//1388 1852//1387 
f 1792//1301 1853//1388 1847//1386 
f 1792//1301 1791//1300 1853//1388 
f 1779//1282 1780//1284 1854//1389 
f 1779//1282 1854//1389 1855//1474 
f 1778//1280 1779//1282 1855//1474 
f 1855//1474 1854//1389 1856//1391 
f 1772//1272 1778//1280 1857//1390 
f 1855//1474 1856//1391 1858//1393 
f 1773//1273 1772//1272 1857//1394 
f 1855//1474 1858//1393 1859//1395 
f 1774//1275 1773//1273 1860//1396 
f 1861//1397 1862//1398 1859//1395 
f 1775//1277 1774//1275 1860//1399 
f 1863//1400 1862//1401 1861//1397 
f 1776//1278 1775//1277 1860//1402 
f 1864//1403 1865//1404 1863//1400 
f 1777//1279 1776//1278 1860//1402 
f 1777//1279 1860//1402 1832//1357 
f 1832//1357 1866//1405 1834//1359 
f 1834//1359 1866//1405 1836//1361 
f 1836//1361 1867//1406 1837//1363 
f 1867//1407 1838//1365 1837//1363 
f 1817//1335 1865//1404 1864//1403 
f 1817//1335 1815//1333 1865//1404 
f 1815//1333 1812//1329 1868//1408 
f 1812//1329 1811//1327 1868//1409 
f 1811//1327 1810//1326 1868//1410 
f 1810//1326 1808//1324 1869//1411 
f 1808//1324 1807//1323 1869//1412 
f 1867//1413 1840//1368 1838//1365 
f 1807//1323 1805//1321 1867//1413 
f 1867//1413 1842//1371 1840//1368 
f 1805//1321 1842//1371 1867//1413 
f 1805//1321 1806//1322 1842//1371 
f 1783//1289 1762//1261 1870//1414 
f 1783//1289 1870//1414 1871//1415 
f 1782//1287 1783//1289 1871//1415 
f 1871//1415 1870//1414 1872//1416 
f 1781//1285 1782//1287 1871//1417 
f 1871//1418 1872//1416 1873//1419 
f 1780//1284 1781//1285 1871//1417 
f 1780//1284 1871//1417 1854//1389 
f 1871//1420 1873//1419 1874//1421 
f 1854//1389 1875//1422 1856//1391 
f 1876//1423 1871//1424 1874//1421 
f 1856//1391 1875//1422 1858//1393 
f 1877//1425 1878//1426 1876//1423 
f 1858//1393 1879//1427 1859//1395 
f 1880//1428 1878//1429 1877//1425 
f 1879//1430 1861//1397 1859//1395 
f 1825//1347 1878//1431 1880//1428 
f 1825//1347 1821//1341 1878//1431 
f 1879//1432 1863//1400 1861//1397 
f 1821//1341 1820//1339 1878//1433 
f 1878//1433 1864//1403 1863//1400 
f 1820//1339 1818//1336 1878//1433 
f 1818//1336 1864//1403 1878//1433 
f 1818//1336 1817//1335 1864//1403 
f 1765//1265 1767//1267 1881//1434 
f 1765//1265 1881//1434 1882//1435 
f 1764//1264 1765//1265 1882//1435 
f 1882//1435 1881//1434 1883//1436 
f 1763//1262 1764//1264 1882//1437 
f 1882//1435 1883//1436 1884//1438 
f 1762//1261 1763//1262 1882//1439 
f 1762//1261 1882//1439 1870//1414 
f 1885//1440 1884//1438 1886//1441 
f 1870//1414 1882//1442 1872//1416 
f 1887//1443 1885//1444 1886//1441 
f 1872//1416 1888//1445 1873//1419 
f 1889//1446 1885//1447 1887//1443 
f 1873//1419 1888//1448 1874//1421 
f 1890//1449 1891//1453 1889//1446 
f 1888//1451 1876//1423 1874//1421 
f 1827//1349 1891//1453 1890//1449 
f 1827//1349 1826//1348 1891//1453 
f 1891//1452 1877//1425 1876//1423 
f 1826//1348 1830//1351 1891//1453 
f 1891//1454 1880//1428 1877//1425 
f 1830//1351 1831//1352 1891//1454 
f 1831//1352 1880//1428 1891//1454 
f 1831//1352 1825//1347 1880//1428 
f 1745//1234 1744//1233 1844//1373 
f 1745//1234 1844//1373 1892//1455 
f 1747//1237 1745//1234 1892//1455 
f 1892//1455 1844//1373 1845//1375 
f 1749//1241 1747//1237 1893//1456 
f 1892//1455 1845//1375 1846//1376 
f 1751//1245 1749//1241 1893//1457 
f 1894//1458 1846//1376 1848//1378 
f 1754//1249 1751//1245 1893//1459 
f 1849//1380 1894//1460 1848//1378 
f 1757//1253 1754//1249 1893//1461 
f 1852//1387 1894//1462 1849//1380 
f 1766//1266 1757//1253 1895//1463 
f 1853//1388 1896//1464 1852//1387 
f 1767//1267 1766//1266 1895//1463 
f 1767//1267 1895//1463 1881//1434 
f 1881//1434 1895//1465 1883//1436 
f 1883//1436 1895//1465 1884//1438 
f 1884//1438 1897//1466 1886//1441 
f 1897//1467 1887//1443 1886//1441 
f 1791//1300 1896//1464 1853//1388 
f 1791//1300 1789//1297 1896//1464 
f 1789//1297 1790//1299 1898//1468 
f 1790//1299 1794//1303 1898//1469 
f 1794//1303 1796//1306 1898//1470 
f 1796//1306 1798//1310 1899//1471 
f 1798//1310 1801//1314 1899//1472 
f 1897//1473 1889//1446 1887//1443 
f 1801//1314 1828//1350 1897//1473 
f 1897//1473 1890//1449 1889//1446 
f 1828//1350 1890//1449 1897//1473 
f 1828//1350 1827//1349 1890//1449 
f 1900//1221 1901//1222 1902//1223 
f 1903//1224 1901//1222 1900//1221 
f 1900//1221 1902//1223 1904//1225 
f 1901//1222 1905//1226 1902//1223 
f 1906//1227 1904//1225 1902//1223 
f 1903//1228 1907//1229 1901//1222 
f 1901//1222 1907//1229 1905//1226 
f 1908//1230 1903//1238 1909//1232 
f 1910//1233 1903//1238 1908//1230 
f 1910//1233 1911//1234 1903//1238 
f 1909//1232 1904//1235 1912//1236 
f 1911//1234 1913//1237 1903//1238 
f 1912//1236 1904//1239 1914//1240 
f 1913//1237 1915//1241 1903//1242 
f 1904//1243 1916//1244 1914//1240 
f 1915//1241 1917//1245 1918//1246 
f 1904//1247 1919//1248 1916//1244 
f 1917//1245 1920//1249 1918//1250 
f 1921//1251 1922//1252 1919//1248 
f 1920//1249 1923//1253 1918//1254 
f 1907//1229 1924//1255 1925//1256 
f 1907//1229 1925//1256 1905//1226 
f 1924//1255 1926//1257 1925//1256 
f 1924//1258 1927//1259 1926//1257 
f 1928//1260 1929//1261 1927//1259 
f 1928//1260 1930//1262 1929//1261 
f 1928//1263 1931//1264 1930//1262 
f 1928//1263 1932//1265 1931//1264 
f 1923//1253 1933//1266 1928//1263 
f 1933//1266 1932//1265 1928//1263 
f 1933//1266 1934//1267 1932//1265 
f 1935//1268 1902//1223 1905//1226 
f 1936//1269 1935//1268 1905//1226 
f 1937//1270 1935//1268 1936//1269 
f 1938//1271 1906//1227 1935//1268 
f 1935//1268 1906//1227 1902//1223 
f 1939//1272 1940//1273 1938//1274 
f 1940//1273 1941//1275 1938//1276 
f 1941//1275 1942//1277 1921//1251 
f 1942//1277 1943//1278 1921//1251 
f 1943//1278 1922//1252 1921//1251 
f 1943//1278 1944//1279 1922//1252 
f 1945//1280 1939//1272 1938//1281 
f 1946//1282 1945//1280 1937//1283 
f 1947//1284 1946//1282 1937//1283 
f 1947//1284 1937//1283 1948//1285 
f 1948//1285 1937//1283 1949//1287 
f 1949//1287 1937//1288 1950//1289 
f 1937//1290 1936//1269 1925//1256 
f 1936//1269 1905//1226 1925//1256 
f 1937//1290 1925//1256 1926//1257 
f 1937//1288 1926//1257 1927//1259 
f 1950//1289 1937//1288 1927//1259 
f 1950//1289 1927//1259 1929//1261 
f 1951//1291 1952//1292 1953//1293 
f 1954//1294 1951//1291 1953//1293 
f 1954//1295 1955//1296 1951//1291 
f 1951//1291 1955//1296 1952//1292 
f 1956//1297 1954//1298 1957//1299 
f 1958//1300 1954//1298 1956//1297 
f 1958//1300 1959//1301 1954//1298 
f 1957//1299 1960//1302 1961//1303 
f 1959//1301 1962//1304 1954//1298 
f 1961//1303 1963//1305 1964//1306 
f 1962//1304 1965//1307 1954//1308 
f 1963//1309 1966//1310 1964//1306 
f 1965//1307 1967//1311 1968//1312 
f 1969//1313 1970//1314 1966//1310 
f 1967//1311 1971//1315 1968//1316 
f 1971//1315 1972//1317 1968//1318 
f 1972//1317 1973//1319 1974//1320 
f 1973//1319 1975//1321 1974//1320 
f 1973//1319 1976//1322 1975//1321 
f 1974//1320 1975//1321 1977//1323 
f 1974//1320 1977//1323 1978//1324 
f 1979//1325 1978//1324 1980//1326 
f 1981//1327 1979//1328 1980//1326 
f 1982//1329 1979//1330 1981//1327 
f 1955//1296 1983//1331 1984//1332 
f 1955//1296 1984//1332 1952//1292 
f 1985//1333 1986//1334 1982//1329 
f 1987//1335 1986//1334 1985//1333 
f 1987//1335 1988//1336 1986//1334 
f 1986//1337 1989//1338 1984//1332 
f 1989//1338 1952//1292 1984//1332 
f 1988//1336 1990//1339 1986//1334 
f 1990//1339 1991//1341 1986//1342 
f 1986//1343 1992//1344 1989//1338 
f 1989//1338 1992//1344 1952//1292 
f 1986//1343 1993//1345 1992//1344 
f 1986//1342 1994//1346 1993//1345 
f 1991//1341 1994//1346 1986//1342 
f 1991//1341 1995//1347 1994//1346 
f 1996//1348 1997//1349 1998//1350 
f 1996//1348 1998//1350 1969//1313 
f 1969//1313 1998//1350 1970//1314 
f 1999//1351 1996//1348 1969//1313 
f 2000//1352 1999//1351 1969//1353 
f 1995//1347 2000//1352 1969//1354 
f 1995//1347 1969//1354 1994//1346 
f 1994//1346 1960//1355 1993//1345 
f 1993//1345 1960//1356 1992//1344 
f 1992//1344 1960//1356 1953//1293 
f 1992//1344 1953//1293 1952//1292 
f 1922//1252 1944//1279 2001//1357 
f 1922//1252 2001//1357 2002//1358 
f 1919//1248 1922//1252 2002//1358 
f 2002//1358 2001//1357 2003//1359 
f 1916//1244 1919//1248 2004//1360 
f 2002//1358 2003//1359 2005//1361 
f 1914//1240 1916//1244 2004//1362 
f 2002//1358 2005//1361 2006//1363 
f 1912//1236 1914//1240 2007//1364 
f 2008//1365 2009//1366 2006//1363 
f 1909//1232 1912//1236 2007//1367 
f 2010//1368 2009//1369 2008//1365 
f 1908//1230 1909//1232 2011//1370 
f 2012//1371 2013//1372 2010//1368 
f 1910//1233 1908//1230 2011//1370 
f 1910//1233 2011//1370 2014//1373 
f 2014//1373 2011//1370 2015//1375 
f 2015//1375 2011//1370 2016//1376 
f 2016//1376 2017//1377 2018//1378 
f 2017//1379 2019//1380 2018//1378 
f 1976//1322 2013//1372 2012//1371 
f 1976//1322 1973//1319 2013//1372 
f 1973//1319 1972//1317 2020//1381 
f 1972//1317 1971//1315 2020//1382 
f 1971//1315 1967//1311 2020//1383 
f 1967//1311 1965//1307 2021//1384 
f 1965//1307 1962//1304 2021//1385 
f 2017//1386 2022//1387 2019//1380 
f 1962//1304 1959//1301 2017//1386 
f 2017//1386 2023//1388 2022//1387 
f 1959//1301 2023//1388 2017//1386 
f 1959//1301 1958//1300 2023//1388 
f 1946//1282 1947//1284 2024//1389 
f 1946//1282 2024//1389 2025//1474 
f 1945//1280 1946//1282 2025//1474 
f 2025//1474 2024//1389 2026//1391 
f 1939//1272 1945//1280 2027//1390 
f 2025//1474 2026//1391 2028//1393 
f 1940//1273 1939//1272 2027//1394 
f 2025//1474 2028//1393 2029//1395 
f 1941//1275 1940//1273 2030//1396 
f 2031//1397 2032//1398 2029//1395 
f 1942//1277 1941//1275 2030//1399 
f 2033//1400 2032//1401 2031//1397 
f 1943//1278 1942//1277 2034//1402 
f 2035//1403 2036//1404 2033//1400 
f 1944//1279 1943//1278 2034//1402 
f 1944//1279 2034//1402 2001//1357 
f 2001//1357 2037//1405 2003//1359 
f 2003//1359 2037//1405 2005//1361 
f 2005//1361 2038//1406 2006//1363 
f 2038//1407 2008//1365 2006//1363 
f 1987//1335 2036//1404 2035//1403 
f 1987//1335 1985//1333 2036//1404 
f 1985//1333 1982//1329 2039//1408 
f 1982//1329 1981//1327 2039//1409 
f 1981//1327 1980//1326 2039//1410 
f 1980//1326 1978//1324 2040//1411 
f 1978//1324 1977//1323 2040//1412 
f 2038//1413 2010//1368 2008//1365 
f 1977//1323 1975//1321 2038//1413 
f 2038//1413 2012//1371 2010//1368 
f 1975//1321 2012//1371 2038//1413 
f 1975//1321 1976//1322 2012//1371 
f 1950//1289 1929//1261 2041//1414 
f 1950//1289 2041//1414 2042//1415 
f 1949//1287 1950//1289 2042//1415 
f 2042//1415 2041//1414 2043//1416 
f 1948//1285 1949//1287 2042//1417 
f 2042//1418 2043//1416 2044//1419 
f 1947//1284 1948//1285 2042//1417 
f 1947//1284 2042//1417 2024//1389 
f 2045//1420 2044//1419 2046//1421 
f 2024//1389 2047//1422 2026//1391 
f 2048//1423 2045//1424 2046//1421 
f 2026//1391 2047//1422 2028//1393 
f 2049//1425 2050//1426 2048//1423 
f 2028//1393 2051//1427 2029//1395 
f 2052//1428 2050//1429 2049//1425 
f 2051//1430 2031//1397 2029//1395 
f 1995//1347 2053//1431 2052//1428 
f 1995//1347 1991//1341 2053//1431 
f 2051//1432 2033//1400 2031//1397 
f 1991//1341 1990//1339 2053//1433 
f 2053//1433 2035//1403 2033//1400 
f 1990//1339 1988//1336 2053//1433 
f 1988//1336 2035//1403 2053//1433 
f 1988//1336 1987//1335 2035//1403 
f 1932//1265 1934//1267 2054//1434 
f 1932//1265 2054//1434 2055//1435 
f 1931//1264 1932//1265 2055//1435 
f 2055//1435 2054//1434 2056//1436 
f 1930//1262 1931//1264 2055//1437 
f 2055//1435 2056//1436 2057//1438 
f 1929//1261 1930//1262 2055//1439 
f 1929//1261 2055//1439 2041//1414 
f 2058//1440 2057//1438 2059//1441 
f 2041//1414 2060//1442 2043//1416 
f 2061//1443 2058//1444 2059//1441 
f 2043//1416 2060//1445 2044//1419 
f 2062//1446 2058//1447 2061//1443 
f 2044//1419 2063//1448 2046//1421 
f 2064//1449 2065//1453 2062//1446 
f 2063//1451 2048//1423 2046//1421 
f 1997//1349 2065//1453 2064//1449 
f 1997//1349 1996//1348 2065//1453 
f 2065//1452 2049//1425 2048//1423 
f 1996//1348 1999//1351 2065//1453 
f 2065//1454 2052//1428 2049//1425 
f 1999//1351 2000//1352 2065//1454 
f 2000//1352 2052//1428 2065//1454 
f 2000//1352 1995//1347 2052//1428 
f 1911//1234 1910//1233 2014//1373 
f 1911//1234 2014//1373 2066//1455 
f 1913//1237 1911//1234 2066//1455 
f 2066//1455 2014//1373 2015//1375 
f 1915//1241 1913//1237 2067//1456 
f 2066//1455 2015//1375 2016//1376 
f 1917//1245 1915//1241 2067//1457 
f 2068//1458 2016//1376 2018//1378 
f 1920//1249 1917//1245 2069//1459 
f 2019//1380 2068//1460 2018//1378 
f 1923//1253 1920//1249 2069//1461 
f 2022//1387 2068//1462 2019//1380 
f 1933//1266 1923//1253 2070//1463 
f 2023//1388 2071//1464 2022//1387 
f 1934//1267 1933//1266 2070//1463 
f 1934//1267 2070//1463 2054//1434 
f 2054//1434 2070//1465 2056//1436 
f 2056//1436 2070//1465 2057//1438 
f 2057//1438 2072//1466 2059//1441 
f 2072//1467 2061//1443 2059//1441 
f 1958//1300 2071//1464 2023//1388 
f 1958//1300 1956//1297 2071//1464 
f 1956//1297 1957//1299 2073//1468 
f 1957//1299 1961//1303 2073//1469 
f 1961//1303 1964//1306 2073//1470 
f 1964//1306 1966//1310 2074//1471 
f 1966//1310 1970//1314 2074//1472 
f 2072//1473 2062//1446 2061//1443 
f 1970//1314 1998//1350 2072//1473 
f 2072//1473 2064//1449 2062//1446 
f 1998//1350 2064//1449 2072//1473 
f 1998//1350 1997//1349 2064//1449 
f 2075//1221 2076//1222 2077//1223 
f 2078//1224 2076//1222 2075//1221 
f 2075//1221 2077//1223 2079//1225 
f 2076//1222 2080//1226 2077//1223 
f 2081//1227 2079//1225 2077//1223 
f 2078//1228 2082//1229 2076//1222 
f 2076//1222 2082//1229 2080//1226 
f 2083//1230 2078//1238 2084//1232 
f 2085//1233 2078//1238 2083//1230 
f 2085//1233 2086//1234 2078//1238 
f 2084//1232 2079//1235 2087//1236 
f 2086//1234 2088//1237 2078//1238 
f 2087//1236 2079//1239 2089//1240 
f 2088//1237 2090//1241 2078//1242 
f 2079//1243 2091//1244 2089//1240 
f 2090//1241 2092//1245 2093//1246 
f 2079//1247 2094//1248 2091//1244 
f 2092//1245 2095//1249 2093//1250 
f 2096//1251 2097//1252 2094//1248 
f 2095//1249 2098//1253 2093//1254 
f 2082//1229 2099//1255 2100//1256 
f 2082//1229 2100//1256 2080//1226 
f 2099//1255 2101//1257 2100//1256 
f 2099//1258 2102//1259 2101//1257 
f 2099//1260 2103//1261 2102//1259 
f 2099//1260 2104//1262 2103//1261 
f 2099//1263 2105//1264 2104//1262 
f 2093//1254 2106//1265 2105//1264 
f 2098//1253 2107//1266 2093//1254 
f 2107//1266 2106//1265 2093//1254 
f 2107//1266 2108//1267 2106//1265 
f 2109//1268 2077//1223 2080//1226 
f 2110//1269 2109//1268 2080//1226 
f 2111//1270 2109//1268 2110//1269 
f 2112//1271 2081//1227 2109//1268 
f 2109//1268 2081//1227 2077//1223 
f 2113//1272 2114//1273 2112//1274 
f 2114//1273 2115//1275 2112//1276 
f 2115//1275 2116//1277 2096//1251 
f 2116//1277 2117//1278 2096//1251 
f 2117//1278 2097//1252 2096//1251 
f 2117//1278 2118//1279 2097//1252 
f 2119//1280 2113//1272 2112//1281 
f 2120//1282 2119//1280 2111//1283 
f 2121//1284 2120//1282 2111//1283 
f 2121//1284 2111//1283 2122//1285 
f 2122//1285 2111//1283 2123//1287 
f 2123//1287 2111//1288 2124//1289 
f 2111//1290 2110//1269 2100//1256 
f 2110//1269 2080//1226 2100//1256 
f 2111//1290 2100//1256 2101//1257 
f 2111//1288 2101//1257 2102//1259 
f 2124//1289 2111//1288 2102//1259 
f 2124//1289 2102//1259 2103//1261 
f 2125//1291 2126//1292 2127//1293 
f 2128//1294 2125//1291 2127//1293 
f 2128//1295 2129//1296 2125//1291 
f 2125//1291 2129//1296 2126//1292 
f 2130//1297 2128//1298 2131//1299 
f 2132//1300 2128//1298 2130//1297 
f 2132//1300 2133//1301 2128//1298 
f 2131//1299 2134//1302 2135//1303 
f 2133//1301 2136//1304 2128//1298 
f 2135//1303 2134//1305 2137//1306 
f 2136//1304 2138//1307 2128//1308 
f 2134//1309 2139//1310 2137//1306 
f 2138//1307 2140//1311 2141//1312 
f 2134//1313 2142//1314 2139//1310 
f 2140//1311 2143//1315 2141//1316 
f 2143//1315 2144//1317 2141//1318 
f 2144//1317 2145//1319 2141//1320 
f 2145//1319 2146//1321 2141//1320 
f 2145//1319 2147//1322 2146//1321 
f 2141//1320 2146//1321 2148//1323 
f 2141//1320 2148//1323 2149//1324 
f 2150//1325 2149//1324 2151//1326 
f 2152//1327 2150//1328 2151//1326 
f 2153//1329 2150//1330 2152//1327 
f 2129//1296 2154//1331 2155//1332 
f 2129//1296 2155//1332 2126//1292 
f 2156//1333 2157//1334 2153//1329 
f 2158//1335 2157//1334 2156//1333 
f 2158//1335 2159//1336 2157//1334 
f 2157//1337 2160//1338 2155//1332 
f 2160//1338 2126//1292 2155//1332 
f 2159//1336 2161//1339 2157//1334 
f 2161//1339 2162//1341 2157//1342 
f 2157//1343 2163//1344 2160//1338 
f 2160//1338 2163//1344 2126//1292 
f 2157//1343 2164//1345 2163//1344 
f 2157//1342 2165//1346 2164//1345 
f 2162//1341 2165//1346 2157//1342 
f 2162//1341 2166//1347 2165//1346 
f 2167//1348 2168//1349 2169//1350 
f 2167//1348 2169//1350 2170//1353 
f 2170//1353 2169//1350 2142//1314 
f 2171//1351 2167//1348 2170//1353 
f 2172//1352 2171//1351 2170//1353 
f 2166//1347 2172//1352 2170//1354 
f 2166//1347 2170//1354 2165//1346 
f 2165//1346 2170//1355 2164//1345 
f 2164//1345 2134//1356 2163//1344 
f 2163//1344 2134//1356 2127//1293 
f 2163//1344 2127//1293 2126//1292 
f 2097//1252 2118//1279 2173//1357 
f 2097//1252 2173//1357 2174//1358 
f 2094//1248 2097//1252 2174//1358 
f 2174//1358 2173//1357 2175//1359 
f 2091//1244 2094//1248 2176//1360 
f 2174//1358 2175//1359 2177//1361 
f 2089//1240 2091//1244 2176//1362 
f 2174//1358 2177//1361 2178//1363 
f 2087//1236 2089//1240 2176//1364 
f 2179//1365 2180//1366 2178//1363 
f 2084//1232 2087//1236 2176//1367 
f 2181//1368 2180//1369 2179//1365 
f 2083//1230 2084//1232 2182//1370 
f 2183//1371 2184//1372 2181//1368 
f 2085//1233 2083//1230 2182//1370 
f 2085//1233 2182//1370 2185//1373 
f 2185//1373 2182//1374 2186//1375 
f 2186//1375 2182//1374 2187//1376 
f 2187//1376 2188//1377 2189//1378 
f 2188//1379 2190//1380 2189//1378 
f 2147//1322 2184//1372 2183//1371 
f 2147//1322 2145//1319 2184//1372 
f 2145//1319 2144//1317 2191//1381 
f 2144//1317 2143//1315 2191//1382 
f 2143//1315 2140//1311 2191//1383 
f 2140//1311 2138//1307 2188//1384 
f 2138//1307 2136//1304 2188//1385 
f 2188//1386 2192//1387 2190//1380 
f 2136//1304 2133//1301 2188//1386 
f 2188//1386 2193//1388 2192//1387 
f 2133//1301 2193//1388 2188//1386 
f 2133//1301 2132//1300 2193//1388 
f 2120//1282 2121//1284 2194//1389 
f 2120//1282 2194//1389 2195//1390 
f 2119//1280 2120//1282 2195//1390 
f 2195//1390 2194//1389 2196//1391 
f 2113//1272 2119//1280 2195//1390 
f 2195//1392 2196//1391 2197//1393 
f 2114//1273 2113//1272 2198//1394 
f 2195//1392 2197//1393 2199//1395 
f 2115//1275 2114//1273 2198//1396 
f 2200//1397 2201//1398 2199//1395 
f 2116//1277 2115//1275 2198//1399 
f 2202//1400 2201//1401 2200//1397 
f 2117//1278 2116//1277 2203//1402 
f 2204//1403 2205//1408 2202//1400 
f 2118//1279 2117//1278 2203//1402 
f 2118//1279 2203//1402 2173//1357 
f 2173//1357 2203//1405 2175//1359 
f 2175//1359 2203//1405 2177//1361 
f 2177//1361 2206//1406 2178//1363 
f 2206//1407 2179//1365 2178//1363 
f 2158//1335 2205//1408 2204//1403 
f 2158//1335 2156//1333 2205//1408 
f 2156//1333 2153//1329 2205//1408 
f 2153//1329 2152//1327 2205//1409 
f 2152//1327 2151//1326 2205//1410 
f 2151//1326 2149//1324 2207//1411 
f 2149//1324 2148//1323 2207//1412 
f 2206//1413 2181//1368 2179//1365 
f 2148//1323 2146//1321 2206//1413 
f 2206//1413 2183//1371 2181//1368 
f 2146//1321 2183//1371 2206//1413 
f 2146//1321 2147//1322 2183//1371 
f 2124//1289 2103//1261 2208//1414 
f 2124//1289 2208//1414 2209//1415 
f 2123//1287 2124//1289 2209//1415 
f 2209//1415 2208//1414 2210//1416 
f 2122//1285 2123//1287 2209//1417 
f 2209//1418 2210//1416 2211//1419 
f 2121//1284 2122//1285 2209//1417 
f 2121//1284 2209//1417 2194//1389 
f 2209//1420 2211//1419 2212//1421 
f 2194//1389 2213//1422 2196//1391 
f 2214//1423 2209//1424 2212//1421 
f 2196//1391 2213//1422 2197//1393 
f 2215//1425 2216//1426 2214//1423 
f 2197//1393 2213//1427 2199//1395 
f 2217//1428 2216//1429 2215//1425 
f 2213//1430 2200//1397 2199//1395 
f 2166//1347 2216//1431 2217//1428 
f 2166//1347 2162//1341 2216//1431 
f 2213//1432 2202//1400 2200//1397 
f 2162//1341 2161//1339 2216//1433 
f 2216//1433 2204//1403 2202//1400 
f 2161//1339 2159//1336 2216//1433 
f 2159//1336 2204//1403 2216//1433 
f 2159//1336 2158//1335 2204//1403 
f 2106//1265 2108//1267 2218//1434 
f 2106//1265 2218//1434 2219//1435 
f 2105//1264 2106//1265 2219//1435 
f 2219//1435 2218//1434 2220//1436 
f 2104//1262 2105//1264 2219//1437 
f 2219//1435 2220//1436 2221//1438 
f 2103//1261 2104//1262 2219//1439 
f 2103//1261 2219//1439 2208//1414 
f 2222//1440 2221//1438 2223//1441 
f 2208//1414 2222//1442 2210//1416 
f 2224//1443 2222//1444 2223//1441 
f 2210//1416 2222//1445 2211//1419 
f 2225//1446 2222//1447 2224//1443 
f 2211//1419 2226//1448 2212//1421 
f 2227//1449 2228//1453 2225//1446 
f 2226//1451 2214//1423 2212//1421 
f 2168//1349 2228//1453 2227//1449 
f 2168//1349 2167//1348 2228//1453 
f 2228//1452 2215//1425 2214//1423 
f 2167//1348 2171//1351 2228//1453 
f 2228//1454 2217//1428 2215//1425 
f 2171//1351 2172//1352 2228//1454 
f 2172//1352 2217//1428 2228//1454 
f 2172//1352 2166//1347 2217//1428 
f 2086//1234 2085//1233 2185//1373 
f 2086//1234 2185//1373 2229//1455 
f 2088//1237 2086//1234 2229//1455 
f 2229//1455 2185//1373 2186//1375 
f 2090//1241 2088//1237 2229//1456 
f 2229//1455 2186//1375 2187//1376 
f 2092//1245 2090//1241 2229//1457 
f 2230//1458 2187//1376 2189//1378 
f 2095//1249 2092//1245 2231//1459 
f 2190//1380 2230//1460 2189//1378 
f 2098//1253 2095//1249 2231//1461 
f 2192//1387 2230//1462 2190//1380 
f 2107//1266 2098//1253 2232//1463 
f 2193//1388 2233//1464 2192//1387 
f 2108//1267 2107//1266 2232//1463 
f 2108//1267 2232//1463 2218//1434 
f 2218//1434 2232//1465 2220//1436 
f 2220//1436 2232//1465 2221//1438 
f 2221//1438 2234//1466 2223//1441 
f 2234//1467 2224//1443 2223//1441 
f 2132//1300 2233//1464 2193//1388 
f 2132//1300 2130//1297 2233//1464 
f 2130//1297 2131//1299 2235//1468 
f 2131//1299 2135//1303 2235//1469 
f 2135//1303 2137//1306 2235//1470 
f 2137//1306 2139//1310 2234//1471 
f 2139//1310 2142//1314 2234//1472 
f 2234//1473 2225//1446 2224//1443 
f 2142//1314 2169//1350 2234//1473 
f 2234//1473 2227//1449 2225//1446 
f 2169//1350 2227//1449 2234//1473 
f 2169//1350 2168//1349 2227//1449 
f 2236//1221 2237//1222 2238//1223 
f 2239//1224 2237//1222 2236//1221 
f 2236//1221 2238//1223 2240//1225 
f 2237//1222 2241//1226 2238//1223 
f 2242//1227 2240//1225 2238//1223 
f 2239//1228 2243//1229 2237//1222 
f 2237//1222 2243//1229 2241//1226 
f 2244//1230 2239//1238 2245//1232 
f 2246//1233 2239//1238 2244//1230 
f 2246//1233 2247//1234 2239//1238 
f 2245//1232 2240//1235 2248//1236 
f 2247//1234 2249//1237 2239//1238 
f 2248//1236 2240//1239 2250//1240 
f 2249//1237 2251//1241 2239//1242 
f 2240//1243 2252//1244 2250//1240 
f 2251//1241 2253//1245 2254//1246 
f 2240//1247 2255//1248 2252//1244 
f 2253//1245 2256//1249 2254//1250 
f 2257//1251 2258//1252 2255//1248 
f 2256//1249 2259//1253 2254//1254 
f 2243//1229 2254//1255 2260//1256 
f 2243//1229 2260//1256 2241//1226 
f 2254//1255 2261//1257 2260//1256 
f 2254//1258 2262//1259 2261//1257 
f 2263//1260 2264//1261 2262//1259 
f 2263//1260 2265//1262 2264//1261 
f 2263//1263 2266//1264 2265//1262 
f 2263//1263 2267//1265 2266//1264 
f 2259//1253 2268//1266 2263//1263 
f 2268//1266 2267//1265 2263//1263 
f 2268//1266 2269//1267 2267//1265 
f 2270//1268 2238//1223 2241//1226 
f 2271//1269 2270//1268 2241//1226 
f 2272//1270 2270//1268 2271//1269 
f 2273//1271 2242//1227 2270//1268 
f 2270//1268 2242//1227 2238//1223 
f 2274//1272 2275//1273 2273//1274 
f 2275//1273 2276//1275 2273//1276 
f 2276//1275 2277//1277 2257//1251 
f 2277//1277 2278//1278 2257//1251 
f 2278//1278 2258//1252 2257//1251 
f 2278//1278 2279//1279 2258//1252 
f 2280//1280 2274//1272 2273//1281 
f 2281//1282 2280//1280 2272//1283 
f 2282//1284 2281//1282 2272//1283 
f 2282//1284 2272//1283 2283//1285 
f 2283//1285 2272//1283 2284//1287 
f 2284//1287 2272//1288 2285//1289 
f 2272//1290 2271//1269 2260//1256 
f 2271//1269 2241//1226 2260//1256 
f 2272//1290 2260//1256 2261//1257 
f 2272//1288 2261//1257 2262//1259 
f 2285//1289 2272//1288 2262//1259 
f 2285//1289 2262//1259 2264//1261 
f 2286//1291 2287//1292 2288//1293 
f 2289//1294 2286//1291 2288//1293 
f 2289//1295 2290//1296 2286//1291 
f 2286//1291 2290//1296 2287//1292 
f 2291//1297 2289//1298 2292//1299 
f 2293//1300 2289//1298 2291//1297 
f 2293//1300 2294//1301 2289//1298 
f 2292//1299 2295//1302 2296//1303 
f 2294//1301 2297//1304 2289//1298 
f 2296//1303 2295//1305 2298//1306 
f 2297//1304 2299//1307 2289//1308 
f 2295//1309 2300//1310 2298//1306 
f 2299//1307 2301//1311 2302//1312 
f 2295//1313 2303//1314 2300//1310 
f 2301//1311 2304//1315 2302//1316 
f 2304//1315 2305//1317 2302//1318 
f 2305//1317 2306//1319 2302//1320 
f 2306//1319 2307//1321 2302//1320 
f 2306//1319 2308//1322 2307//1321 
f 2302//1320 2307//1321 2309//1323 
f 2302//1320 2309//1323 2310//1324 
f 2311//1325 2310//1324 2312//1326 
f 2313//1327 2311//1328 2312//1326 
f 2314//1329 2311//1330 2313//1327 
f 2290//1296 2315//1331 2316//1332 
f 2290//1296 2316//1332 2287//1292 
f 2317//1333 2318//1334 2314//1329 
f 2319//1335 2318//1334 2317//1333 
f 2319//1335 2320//1336 2318//1334 
f 2318//1337 2321//1338 2316//1332 
f 2321//1338 2287//1292 2316//1332 
f 2320//1336 2322//1339 2318//1334 
f 2322//1339 2323//1341 2318//1342 
f 2318//1343 2324//1344 2321//1338 
f 2321//1338 2324//1344 2287//1292 
f 2318//1343 2325//1345 2324//1344 
f 2318//1342 2326//1346 2325//1345 
f 2323//1341 2326//1346 2318//1342 
f 2323//1341 2327//1347 2326//1346 
f 2328//1348 2329//1349 2330//1350 
f 2328//1348 2330//1350 2331//1353 
f 2331//1353 2330//1350 2303//1314 
f 2332//1351 2328//1348 2331//1353 
f 2333//1352 2332//1351 2331//1353 
f 2327//1347 2333//1352 2331//1354 
f 2327//1347 2331//1354 2326//1346 
f 2326//1346 2331//1355 2325//1345 
f 2325//1345 2295//1356 2324//1344 
f 2324//1344 2295//1356 2288//1293 
f 2324//1344 2288//1293 2287//1292 
f 2258//1252 2279//1279 2334//1357 
f 2258//1252 2334//1357 2335//1358 
f 2255//1248 2258//1252 2335//1358 
f 2335//1358 2334//1357 2336//1359 
f 2252//1244 2255//1248 2337//1360 
f 2335//1358 2336//1359 2338//1361 
f 2250//1240 2252//1244 2337//1362 
f 2335//1358 2338//1361 2339//1363 
f 2248//1236 2250//1240 2337//1364 
f 2340//1365 2341//1366 2339//1363 
f 2245//1232 2248//1236 2337//1367 
f 2342//1368 2341//1369 2340//1365 
f 2244//1230 2245//1232 2343//1370 
f 2344//1371 2345//1372 2342//1368 
f 2246//1233 2244//1230 2343//1370 
f 2246//1233 2343//1370 2346//1373 
f 2346//1373 2343//1374 2347//1375 
f 2347//1375 2343//1374 2348//1376 
f 2348//1376 2349//1377 2350//1378 
f 2349//1379 2351//1380 2350//1378 
f 2308//1322 2345//1372 2344//1371 
f 2308//1322 2306//1319 2345//1372 
f 2306//1319 2305//1317 2352//1381 
f 2305//1317 2304//1315 2352//1382 
f 2304//1315 2301//1311 2352//1383 
f 2301//1311 2299//1307 2349//1384 
f 2299//1307 2297//1304 2349//1385 
f 2349//1386 2353//1387 2351//1380 
f 2297//1304 2294//1301 2349//1386 
f 2349//1386 2354//1388 2353//1387 
f 2294//1301 2354//1388 2349//1386 
f 2294//1301 2293//1300 2354//1388 
f 2281//1282 2282//1284 2355//1389 
f 2281//1282 2355//1389 2356//1474 
f 2280//1280 2281//1282 2356//1474 
f 2356//1474 2355//1389 2357//1391 
f 2274//1272 2280//1280 2358//1390 
f 2356//1474 2357//1391 2359//1393 
f 2275//1273 2274//1272 2358//1394 
f 2356//1474 2359//1393 2360//1395 
f 2276//1275 2275//1273 2361//1396 
f 2362//1397 2363//1398 2360//1395 
f 2277//1277 2276//1275 2361//1399 
f 2364//1400 2363//1401 2362//1397 
f 2278//1278 2277//1277 2361//1402 
f 2365//1403 2366//1408 2364//1400 
f 2279//1279 2278//1278 2361//1402 
f 2279//1279 2361//1402 2334//1357 
f 2334//1357 2367//1405 2336//1359 
f 2336//1359 2367//1405 2338//1361 
f 2338//1361 2368//1406 2339//1363 
f 2368//1407 2340//1365 2339//1363 
f 2319//1335 2366//1408 2365//1403 
f 2319//1335 2317//1333 2366//1408 
f 2317//1333 2314//1329 2366//1408 
f 2314//1329 2313//1327 2366//1409 
f 2313//1327 2312//1326 2366//1410 
f 2312//1326 2310//1324 2369//1411 
f 2310//1324 2309//1323 2369//1412 
f 2368//1413 2342//1368 2340//1365 
f 2309//1323 2307//1321 2368//1413 
f 2368//1413 2344//1371 2342//1368 
f 2307//1321 2344//1371 2368//1413 
f 2307//1321 2308//1322 2344//1371 
f 2285//1289 2264//1261 2370//1414 
f 2285//1289 2370//1414 2371//1415 
f 2284//1287 2285//1289 2371//1415 
f 2371//1415 2370//1414 2372//1416 
f 2283//1285 2284//1287 2371//1417 
f 2371//1418 2372//1416 2373//1419 
f 2282//1284 2283//1285 2371//1417 
f 2282//1284 2371//1417 2355//1389 
f 2371//1420 2373//1419 2374//1421 
f 2355//1389 2375//1422 2357//1391 
f 2376//1423 2371//1424 2374//1421 
f 2357//1391 2375//1422 2359//1393 
f 2377//1425 2378//1426 2376//1423 
f 2359//1393 2375//1427 2360//1395 
f 2379//1428 2378//1429 2377//1425 
f 2375//1430 2362//1397 2360//1395 
f 2327//1347 2378//1431 2379//1428 
f 2327//1347 2323//1341 2378//1431 
f 2375//1432 2364//1400 2362//1397 
f 2323//1341 2322//1339 2378//1433 
f 2378//1433 2365//1403 2364//1400 
f 2322//1339 2320//1336 2378//1433 
f 2320//1336 2365//1403 2378//1433 
f 2320//1336 2319//1335 2365//1403 
f 2267//1265 2269//1267 2380//1434 
f 2267//1265 2380//1434 2381//1437 
f 2266//1264 2267//1265 2381//1437 
f 2381//1437 2380//1434 2382//1436 
f 2265//1262 2266//1264 2381//1437 
f 2383//1440 2382//1436 2384//1438 
f 2264//1261 2265//1262 2381//1439 
f 2264//1261 2381//1439 2370//1414 
f 2383//1440 2384//1438 2385//1441 
f 2370//1414 2381//1442 2372//1416 
f 2386//1443 2383//1444 2385//1441 
f 2372//1416 2387//1445 2373//1419 
f 2388//1446 2383//1447 2386//1443 
f 2373//1419 2387//1448 2374//1421 
f 2389//1449 2390//1453 2388//1446 
f 2387//1451 2376//1423 2374//1421 
f 2329//1349 2390//1453 2389//1449 
f 2329//1349 2328//1348 2390//1453 
f 2390//1452 2377//1425 2376//1423 
f 2328//1348 2332//1351 2390//1453 
f 2390//1454 2379//1428 2377//1425 
f 2332//1351 2333//1352 2390//1454 
f 2333//1352 2379//1428 2390//1454 
f 2333//1352 2327//1347 2379//1428 
f 2247//1234 2246//1233 2346//1373 
f 2247//1234 2346//1373 2391//1455 
f 2249//1237 2247//1234 2391//1455 
f 2391//1455 2346//1373 2347//1375 
f 2251//1241 2249//1237 2391//1456 
f 2391//1455 2347//1375 2348//1376 
f 2253//1245 2251//1241 2391//1457 
f 2392//1458 2348//1376 2350//1378 
f 2256//1249 2253//1245 2393//1459 
f 2351//1380 2392//1460 2350//1378 
f 2259//1253 2256//1249 2393//1461 
f 2353//1387 2392//1462 2351//1380 
f 2268//1266 2259//1253 2394//1463 
f 2354//1388 2395//1464 2353//1387 
f 2269//1267 2268//1266 2394//1463 
f 2269//1267 2394//1463 2380//1434 
f 2380//1434 2394//1463 2382//1436 
f 2382//1436 2394//1463 2384//1438 
f 2384//1438 2396//1466 2385//1441 
f 2396//1467 2386//1443 2385//1441 
f 2293//1300 2395//1464 2354//1388 
f 2293//1300 2291//1297 2395//1464 
f 2291//1297 2292//1299 2397//1468 
f 2292//1299 2296//1303 2397//1469 
f 2296//1303 2298//1306 2397//1470 
f 2298//1306 2300//1310 2396//1471 
f 2300//1310 2303//1314 2396//1472 
f 2396//1473 2388//1446 2386//1443 
f 2303//1314 2330//1350 2396//1473 
f 2396//1473 2389//1449 2388//1446 
f 2330//1350 2389//1449 2396//1473 
f 2330//1350 2329//1349 2389//1449 
f 2398//1221 2399//1222 2400//1223 
f 2401//1224 2399//1222 2398//1221 
f 2398//1221 2400//1223 2402//1225 
f 2399//1222 2403//1226 2400//1223 
f 2404//1227 2402//1225 2400//1223 
f 2401//1228 2405//1229 2399//1222 
f 2399//1222 2405//1229 2403//1226 
f 2406//1230 2401//1238 2407//1232 
f 2408//1233 2401//1238 2406//1230 
f 2408//1233 2409//1234 2401//1238 
f 2407//1232 2402//1235 2410//1236 
f 2409//1234 2411//1237 2401//1238 
f 2410//1236 2402//1239 2412//1240 
f 2411//1237 2413//1241 2401//1242 
f 2402//1243 2414//1244 2412//1240 
f 2413//1241 2415//1245 2416//1246 
f 2402//1247 2417//1248 2414//1244 
f 2415//1245 2418//1249 2416//1250 
f 2419//1251 2420//1252 2417//1248 
f 2418//1249 2421//1253 2416//1254 
f 2405//1229 2422//1255 2423//1256 
f 2405//1229 2423//1256 2403//1226 
f 2422//1255 2424//1257 2423//1256 
f 2422//1258 2425//1259 2424//1257 
f 2422//1260 2426//1261 2425//1259 
f 2422//1260 2427//1262 2426//1261 
f 2422//1263 2428//1264 2427//1262 
f 2416//1254 2429//1265 2428//1264 
f 2421//1253 2430//1266 2416//1254 
f 2430//1266 2429//1265 2416//1254 
f 2430//1266 2431//1267 2429//1265 
f 2432//1268 2400//1223 2403//1226 
f 2433//1269 2432//1268 2403//1226 
f 2434//1270 2432//1268 2433//1269 
f 2435//1271 2404//1227 2432//1268 
f 2432//1268 2404//1227 2400//1223 
f 2436//1272 2437//1273 2435//1274 
f 2437//1273 2438//1275 2435//1276 
f 2438//1275 2439//1277 2419//1251 
f 2439//1277 2440//1278 2419//1251 
f 2440//1278 2420//1252 2419//1251 
f 2440//1278 2441//1279 2420//1252 
f 2442//1280 2436//1272 2435//1281 
f 2443//1282 2442//1280 2434//1283 
f 2444//1284 2443//1282 2434//1283 
f 2444//1284 2434//1283 2445//1285 
f 2445//1285 2434//1283 2446//1287 
f 2446//1287 2434//1288 2447//1289 
f 2434//1290 2433//1269 2423//1256 
f 2433//1269 2403//1226 2423//1256 
f 2434//1290 2423//1256 2424//1257 
f 2434//1288 2424//1257 2425//1259 
f 2447//1289 2434//1288 2425//1259 
f 2447//1289 2425//1259 2426//1261 
f 2448//1291 2449//1292 2450//1293 
f 2451//1294 2448//1291 2450//1293 
f 2451//1295 2452//1296 2448//1291 
f 2448//1291 2452//1296 2449//1292 
f 2453//1297 2451//1298 2454//1299 
f 2455//1300 2451//1298 2453//1297 
f 2455//1300 2456//1301 2451//1298 
f 2454//1299 2457//1302 2458//1303 
f 2456//1301 2459//1304 2451//1298 
f 2458//1303 2457//1305 2460//1306 
f 2459//1304 2461//1307 2451//1308 
f 2457//1309 2462//1310 2460//1306 
f 2461//1307 2463//1311 2464//1312 
f 2457//1313 2465//1314 2462//1310 
f 2463//1311 2466//1315 2464//1316 
f 2466//1315 2467//1317 2464//1318 
f 2467//1317 2468//1319 2464//1320 
f 2468//1319 2469//1321 2464//1320 
f 2468//1319 2470//1322 2469//1321 
f 2464//1320 2469//1321 2471//1323 
f 2464//1320 2471//1323 2472//1324 
f 2473//1325 2472//1324 2474//1326 
f 2475//1327 2473//1328 2474//1326 
f 2476//1329 2473//1330 2475//1327 
f 2452//1296 2477//1331 2478//1332 
f 2452//1296 2478//1332 2449//1292 
f 2479//1333 2480//1334 2476//1329 
f 2481//1335 2480//1334 2479//1333 
f 2481//1335 2482//1336 2480//1334 
f 2480//1337 2483//1338 2478//1332 
f 2483//1338 2449//1292 2478//1332 
f 2482//1336 2484//1339 2480//1334 
f 2484//1339 2485//1341 2480//1342 
f 2480//1343 2486//1344 2483//1338 
f 2483//1338 2486//1344 2449//1292 
f 2480//1343 2487//1345 2486//1344 
f 2480//1342 2488//1346 2487//1345 
f 2485//1341 2488//1346 2480//1342 
f 2485//1341 2489//1347 2488//1346 
f 2490//1348 2491//1349 2492//1350 
f 2490//1348 2492//1350 2493//1353 
f 2493//1353 2492//1350 2465//1314 
f 2494//1351 2490//1348 2493//1353 
f 2495//1352 2494//1351 2493//1353 
f 2489//1347 2495//1352 2493//1354 
f 2489//1347 2493//1354 2488//1346 
f 2488//1346 2493//1355 2487//1345 
f 2487//1345 2457//1356 2486//1344 
f 2486//1344 2457//1356 2450//1293 
f 2486//1344 2450//1293 2449//1292 
f 2420//1252 2441//1279 2496//1357 
f 2420//1252 2496//1357 2497//1358 
f 2417//1248 2420//1252 2497//1358 
f 2497//1358 2496//1357 2498//1359 
f 2414//1244 2417//1248 2499//1360 
f 2497//1358 2498//1359 2500//1361 
f 2412//1240 2414//1244 2499//1362 
f 2497//1358 2500//1361 2501//1363 
f 2410//1236 2412//1240 2499//1364 
f 2502//1365 2503//1366 2501//1363 
f 2407//1232 2410//1236 2499//1367 
f 2504//1368 2503//1369 2502//1365 
f 2406//1230 2407//1232 2505//1370 
f 2506//1371 2507//1372 2504//1368 
f 2408//1233 2406//1230 2505//1370 
f 2408//1233 2505//1370 2508//1373 
f 2508//1373 2505//1370 2509//1375 
f 2509//1375 2505//1370 2510//1376 
f 2510//1376 2511//1377 2512//1378 
f 2511//1379 2513//1380 2512//1378 
f 2470//1322 2507//1372 2506//1371 
f 2470//1322 2468//1319 2507//1372 
f 2468//1319 2467//1317 2514//1381 
f 2467//1317 2466//1315 2514//1382 
f 2466//1315 2463//1311 2514//1383 
f 2463//1311 2461//1307 2515//1384 
f 2461//1307 2459//1304 2515//1385 
f 2511//1386 2516//1387 2513//1380 
f 2459//1304 2456//1301 2511//1386 
f 2511//1386 2517//1388 2516//1387 
f 2456//1301 2517//1388 2511//1386 
f 2456//1301 2455//1300 2517//1388 
f 2443//1282 2444//1284 2518//1389 
f 2443//1282 2518//1389 2519//1390 
f 2442//1280 2443//1282 2519//1390 
f 2519//1390 2518//1389 2520//1391 
f 2436//1272 2442//1280 2519//1390 
f 2519//1392 2520//1391 2521//1393 
f 2437//1273 2436//1272 2522//1394 
f 2519//1392 2521//1393 2523//1395 
f 2438//1275 2437//1273 2522//1396 
f 2524//1397 2525//1398 2523//1395 
f 2439//1277 2438//1275 2522//1399 
f 2526//1400 2525//1401 2524//1397 
f 2440//1278 2439//1277 2527//1402 
f 2528//1403 2529//1404 2526//1400 
f 2441//1279 2440//1278 2527//1402 
f 2441//1279 2527//1402 2496//1357 
f 2496//1357 2527//1405 2498//1359 
f 2498//1359 2527//1405 2500//1361 
f 2500//1361 2530//1406 2501//1363 
f 2530//1407 2502//1365 2501//1363 
f 2481//1335 2529//1404 2528//1403 
f 2481//1335 2479//1333 2529//1404 
f 2479//1333 2476//1329 2531//1408 
f 2476//1329 2475//1327 2531//1409 
f 2475//1327 2474//1326 2531//1410 
f 2474//1326 2472//1324 2532//1411 
f 2472//1324 2471//1323 2532//1412 
f 2530//1413 2504//1368 2502//1365 
f 2471//1323 2469//1321 2530//1413 
f 2530//1413 2506//1371 2504//1368 
f 2469//1321 2506//1371 2530//1413 
f 2469//1321 2470//1322 2506//1371 
f 2447//1289 2426//1261 2533//1414 
f 2447//1289 2533//1414 2534//1415 
f 2446//1287 2447//1289 2534//1415 
f 2534//1415 2533//1414 2535//1416 
f 2445//1285 2446//1287 2534//1417 
f 2534//1418 2535//1416 2536//1419 
f 2444//1284 2445//1285 2534//1417 
f 2444//1284 2534//1417 2518//1389 
f 2534//1420 2536//1419 2537//1421 
f 2518//1389 2538//1422 2520//1391 
f 2539//1423 2534//1424 2537//1421 
f 2520//1391 2538//1422 2521//1393 
f 2540//1425 2541//1426 2539//1423 
f 2521//1393 2542//1427 2523//1395 
f 2543//1428 2541//1429 2540//1425 
f 2542//1430 2524//1397 2523//1395 
f 2489//1347 2541//1431 2543//1428 
f 2489//1347 2485//1341 2541//1431 
f 2542//1432 2526//1400 2524//1397 
f 2485//1341 2484//1339 2541//1433 
f 2541//1433 2528//1403 2526//1400 
f 2484//1339 2482//1336 2541//1433 
f 2482//1336 2528//1403 2541//1433 
f 2482//1336 2481//1335 2528//1403 
f 2429//1265 2431//1267 2544//1434 
f 2429//1265 2544//1434 2545//1437 
f 2428//1264 2429//1265 2545//1437 
f 2545//1437 2544//1434 2546//1436 
f 2427//1262 2428//1264 2545//1437 
f 2545//1440 2546//1436 2547//1438 
f 2426//1261 2427//1262 2545//1439 
f 2426//1261 2545//1439 2533//1414 
f 2545//1440 2547//1438 2548//1441 
f 2533//1414 2545//1442 2535//1416 
f 2549//1443 2550//1444 2548//1441 
f 2535//1416 2550//1445 2536//1419 
f 2551//1446 2550//1447 2549//1443 
f 2536//1419 2550//1448 2537//1421 
f 2552//1449 2553//1453 2551//1446 
f 2550//1451 2539//1423 2537//1421 
f 2491//1349 2553//1453 2552//1449 
f 2491//1349 2490//1348 2553//1453 
f 2553//1452 2540//1425 2539//1423 
f 2490//1348 2494//1351 2553//1453 
f 2553//1454 2543//1428 2540//1425 
f 2494//1351 2495//1352 2553//1454 
f 2495//1352 2543//1428 2553//1454 
f 2495//1352 2489//1347 2543//1428 
f 2409//1234 2408//1233 2508//1373 
f 2409//1234 2508//1373 2554//1455 
f 2411//1237 2409//1234 2554//1455 
f 2554//1455 2508//1373 2509//1375 
f 2413//1241 2411//1237 2554//1456 
f 2554//1455 2509//1375 2510//1376 
f 2415//1245 2413//1241 2554//1457 
f 2555//1458 2510//1376 2512//1378 
f 2418//1249 2415//1245 2556//1459 
f 2513//1380 2555//1460 2512//1378 
f 2421//1253 2418//1249 2556//1461 
f 2516//1387 2555//1462 2513//1380 
f 2430//1266 2421//1253 2557//1463 
f 2517//1388 2558//1464 2516//1387 
f 2431//1267 2430//1266 2557//1463 
f 2431//1267 2557//1463 2544//1434 
f 2544//1434 2557//1465 2546//1436 
f 2546//1436 2557//1465 2547//1438 
f 2547//1438 2559//1466 2548//1441 
f 2559//1467 2549//1443 2548//1441 
f 2455//1300 2558//1464 2517//1388 
f 2455//1300 2453//1297 2558//1464 
f 2453//1297 2454//1299 2560//1468 
f 2454//1299 2458//1303 2560//1469 
f 2458//1303 2460//1306 2560//1470 
f 2460//1306 2462//1310 2561//1471 
f 2462//1310 2465//1314 2561//1472 
f 2559//1473 2551//1446 2549//1443 
f 2465//1314 2492//1350 2559//1473 
f 2559//1473 2552//1449 2551//1446 
f 2492//1350 2552//1449 2559//1473 
f 2492//1350 2491//1349 2552//1449 
f 2562//1221 2563//1222 2564//1223 
f 2565//1224 2563//1222 2562//1221 
f 2562//1221 2564//1223 2566//1225 
f 2563//1222 2567//1226 2564//1223 
f 2568//1227 2566//1225 2564//1223 
f 2565//1228 2569//1229 2563//1222 
f 2563//1222 2569//1229 2567//1226 
f 2570//1230 2565//1231 2571//1232 
f 2572//1233 2565//1231 2570//1230 
f 2572//1233 2573//1234 2565//1231 
f 2571//1232 2566//1235 2574//1236 
f 2573//1234 2575//1237 2576//1238 
f 2574//1236 2566//1239 2577//1240 
f 2575//1237 2578//1241 2576//1242 
f 2579//1243 2580//1244 2577//1240 
f 2578//1241 2581//1245 2582//1246 
f 2579//1247 2583//1248 2580//1244 
f 2581//1245 2584//1249 2582//1250 
f 2585//1251 2586//1252 2583//1248 
f 2584//1249 2587//1253 2588//1254 
f 2569//1229 2589//1255 2590//1256 
f 2569//1229 2590//1256 2567//1226 
f 2589//1255 2591//1257 2590//1256 
f 2589//1258 2592//1259 2591//1257 
f 2589//1260 2593//1261 2592//1259 
f 2589//1260 2594//1262 2593//1261 
f 2589//1263 2595//1264 2594//1262 
f 2588//1254 2596//1265 2595//1264 
f 2587//1253 2597//1266 2588//1254 
f 2597//1266 2596//1265 2588//1254 
f 2597//1266 2598//1267 2596//1265 
f 2599//1268 2564//1223 2567//1226 
f 2600//1269 2599//1268 2567//1226 
f 2601//1270 2599//1268 2600//1269 
f 2602//1271 2568//1227 2599//1268 
f 2599//1268 2568//1227 2564//1223 
f 2603//1272 2604//1273 2602//1274 
f 2604//1273 2605//1275 2602//1276 
f 2605//1275 2606//1277 2585//1251 
f 2606//1277 2607//1278 2585//1251 
f 2607//1278 2586//1252 2585//1251 
f 2607//1278 2608//1279 2586//1252 
f 2609//1280 2603//1272 2602//1281 
f 2610//1282 2609//1280 2601//1283 
f 2611//1284 2610//1282 2601//1283 
f 2611//1284 2601//1283 2612//1285 
f 2612//1285 2613//1286 2614//1287 
f 2614//1287 2613//1288 2615//1289 
f 2613//1290 2600//1269 2590//1256 
f 2600//1269 2567//1226 2590//1256 
f 2613//1290 2590//1256 2591//1257 
f 2613//1288 2591//1257 2592//1259 
f 2615//1289 2613//1288 2592//1259 
f 2615//1289 2592//1259 2593//1261 
f 2616//1291 2617//1292 2618//1293 
f 2619//1294 2616//1291 2618//1293 
f 2619//1295 2620//1296 2616//1291 
f 2616//1291 2620//1296 2617//1292 
f 2621//1297 2622//1298 2623//1299 
f 2624//1300 2622//1298 2621//1297 
f 2624//1300 2625//1301 2622//1298 
f 2623//1299 2626//1302 2627//1303 
f 2625//1301 2628//1304 2622//1298 
f 2627//1303 2626//1305 2629//1306 
f 2628//1304 2630//1307 2622//1308 
f 2626//1309 2631//1310 2629//1306 
f 2630//1307 2632//1311 2633//1312 
f 2626//1313 2634//1314 2631//1310 
f 2632//1311 2635//1315 2633//1316 
f 2635//1315 2636//1317 2633//1318 
f 2636//1317 2637//1319 2638//1320 
f 2637//1319 2639//1321 2638//1320 
f 2637//1319 2640//1322 2639//1321 
f 2638//1320 2639//1321 2641//1323 
f 2638//1320 2641//1323 2642//1324 
f 2643//1325 2642//1324 2644//1326 
f 2645//1327 2643//1328 2644//1326 
f 2646//1329 2643//1330 2645//1327 
f 2620//1296 2647//1331 2648//1332 
f 2620//1296 2648//1332 2617//1292 
f 2649//1333 2650//1334 2646//1329 
f 2651//1335 2650//1334 2649//1333 
f 2651//1335 2652//1336 2650//1334 
f 2650//1337 2653//1338 2648//1332 
f 2653//1338 2617//1292 2648//1332 
f 2652//1336 2654//1339 2655//1340 
f 2654//1339 2656//1341 2655//1342 
f 2655//1343 2657//1344 2653//1338 
f 2653//1338 2657//1344 2617//1292 
f 2655//1343 2658//1345 2657//1344 
f 2655//1342 2659//1346 2658//1345 
f 2656//1341 2659//1346 2655//1342 
f 2656//1341 2660//1347 2659//1346 
f 2661//1348 2662//1349 2663//1350 
f 2661//1348 2663//1350 2664//1353 
f 2664//1353 2663//1350 2634//1314 
f 2665//1351 2661//1348 2664//1353 
f 2666//1352 2665//1351 2664//1353 
f 2660//1347 2666//1352 2664//1354 
f 2660//1347 2664//1354 2659//1346 
f 2659//1346 2664//1355 2658//1345 
f 2658//1345 2667//1356 2657//1344 
f 2657//1344 2667//1356 2618//1293 
f 2657//1344 2618//1293 2617//1292 
f 2586//1252 2608//1279 2668//1357 
f 2586//1252 2668//1357 2669//1358 
f 2583//1248 2586//1252 2669//1358 
f 2669//1358 2668//1357 2670//1359 
f 2580//1244 2583//1248 2671//1360 
f 2669//1358 2670//1359 2672//1361 
f 2577//1240 2580//1244 2671//1362 
f 2669//1358 2672//1361 2673//1363 
f 2574//1236 2577//1240 2674//1364 
f 2675//1365 2676//1366 2673//1363 
f 2571//1232 2574//1236 2674//1367 
f 2677//1368 2676//1369 2675//1365 
f 2570//1230 2571//1232 2678//1370 
f 2679//1371 2680//1372 2677//1368 
f 2572//1233 2570//1230 2678//1370 
f 2572//1233 2678//1370 2681//1373 
f 2681//1373 2682//1374 2683//1375 
f 2683//1375 2682//1374 2684//1376 
f 2684//1376 2685//1377 2686//1378 
f 2685//1379 2687//1380 2686//1378 
f 2640//1322 2680//1372 2679//1371 
f 2640//1322 2637//1319 2680//1372 
f 2637//1319 2636//1317 2688//1381 
f 2636//1317 2635//1315 2688//1382 
f 2635//1315 2632//1311 2688//1383 
f 2632//1311 2630//1307 2689//1384 
f 2630//1307 2628//1304 2689//1385 
f 2685//1386 2690//1387 2687//1380 
f 2628//1304 2625//1301 2685//1386 
f 2685//1386 2691//1388 2690//1387 
f 2625//1301 2691//1388 2685//1386 
f 2625//1301 2624//1300 2691//1388 
f 2610//1282 2611//1284 2692//1389 
f 2610//1282 2692//1389 2693//1474 
f 2609//1280 2610//1282 2693//1474 
f 2693//1474 2692//1389 2694//1391 
f 2603//1272 2609//1280 2695//1390 
f 2693//1474 2694//1391 2696//1393 
f 2604//1273 2603//1272 2695//1394 
f 2693//1474 2696//1393 2697//1395 
f 2605//1275 2604//1273 2698//1396 
f 2699//1397 2700//1398 2697//1395 
f 2606//1277 2605//1275 2698//1399 
f 2701//1400 2700//1401 2699//1397 
f 2607//1278 2606//1277 2702//1402 
f 2703//1403 2704//1404 2701//1400 
f 2608//1279 2607//1278 2702//1402 
f 2608//1279 2702//1402 2668//1357 
f 2668//1357 2705//1405 2670//1359 
f 2670//1359 2705//1405 2672//1361 
f 2672//1361 2706//1406 2673//1363 
f 2706//1407 2675//1365 2673//1363 
f 2651//1335 2704//1404 2703//1403 
f 2651//1335 2649//1333 2704//1404 
f 2649//1333 2646//1329 2707//1408 
f 2646//1329 2645//1327 2707//1409 
f 2645//1327 2644//1326 2707//1410 
f 2644//1326 2642//1324 2708//1411 
f 2642//1324 2641//1323 2708//1412 
f 2706//1413 2677//1368 2675//1365 
f 2641//1323 2639//1321 2706//1413 
f 2706//1413 2679//1371 2677//1368 
f 2639//1321 2679//1371 2706//1413 
f 2639//1321 2640//1322 2679//1371 
f 2615//1289 2593//1261 2709//1414 
f 2615//1289 2709//1414 2710//1415 
f 2614//1287 2615//1289 2710//1415 
f 2710//1415 2709//1414 2711//1416 
f 2612//1285 2614//1287 2710//1417 
f 2710//1418 2711//1416 2712//1419 
f 2611//1284 2612//1285 2710//1417 
f 2611//1284 2710//1417 2692//1389 
f 2713//1420 2712//1419 2714//1421 
f 2692//1389 2715//1422 2694//1391 
f 2716//1423 2713//1424 2714//1421 
f 2694//1391 2715//1422 2696//1393 
f 2717//1425 2718//1426 2716//1423 
f 2696//1393 2719//1427 2697//1395 
f 2720//1428 2718//1429 2717//1425 
f 2719//1430 2699//1397 2697//1395 
f 2660//1347 2721//1431 2720//1428 
f 2660//1347 2656//1341 2721//1431 
f 2719//1432 2701//1400 2699//1397 
f 2656//1341 2654//1339 2721//1433 
f 2721//1433 2703//1403 2701//1400 
f 2654//1339 2652//1336 2721//1433 
f 2652//1336 2703//1403 2721//1433 
f 2652//1336 2651//1335 2703//1403 
f 2596//1265 2598//1267 2722//1434 
f 2596//1265 2722//1434 2723//1435 
f 2595//1264 2596//1265 2723//1435 
f 2723//1435 2722//1434 2724//1436 
f 2594//1262 2595//1264 2723//1437 
f 2723//1435 2724//1436 2725//1438 
f 2593//1261 2594//1262 2723//1439 
f 2593//1261 2723//1439 2709//1414 
f 2726//1440 2725//1438 2727//1441 
f 2709//1414 2728//1442 2711//1416 
f 2729//1443 2726//1444 2727//1441 
f 2711//1416 2728//1445 2712//1419 
f 2730//1446 2726//1447 2729//1443 
f 2712//1419 2731//1448 2714//1421 
f 2732//1449 2733//1453 2730//1446 
f 2731//1451 2716//1423 2714//1421 
f 2662//1349 2733//1453 2732//1449 
f 2662//1349 2661//1348 2733//1453 
f 2733//1452 2717//1425 2716//1423 
f 2661//1348 2665//1351 2733//1453 
f 2733//1454 2720//1428 2717//1425 
f 2665//1351 2666//1352 2733//1454 
f 2666//1352 2720//1428 2733//1454 
f 2666//1352 2660//1347 2720//1428 
f 2573//1234 2572//1233 2681//1373 
f 2573//1234 2681//1373 2734//1455 
f 2575//1237 2573//1234 2734//1455 
f 2734//1455 2681//1373 2683//1375 
f 2578//1241 2575//1237 2735//1456 
f 2734//1455 2683//1375 2684//1376 
f 2581//1245 2578//1241 2735//1457 
f 2736//1458 2684//1376 2686//1378 
f 2584//1249 2581//1245 2737//1459 
f 2687//1380 2736//1460 2686//1378 
f 2587//1253 2584//1249 2737//1461 
f 2690//1387 2736//1462 2687//1380 
f 2597//1266 2587//1253 2738//1463 
f 2691//1388 2739//1464 2690//1387 
f 2598//1267 2597//1266 2738//1463 
f 2598//1267 2738//1463 2722//1434 
f 2722//1434 2740//1465 2724//1436 
f 2724//1436 2740//1465 2725//1438 
f 2725//1438 2741//1466 2727//1441 
f 2741//1467 2729//1443 2727//1441 
f 2624//1300 2739//1464 2691//1388 
f 2624//1300 2621//1297 2739//1464 
f 2621//1297 2623//1299 2742//1468 
f 2623//1299 2627//1303 2742//1469 
f 2627//1303 2629//1306 2742//1470 
f 2629//1306 2631//1310 2743//1471 
f 2631//1310 2634//1314 2743//1472 
f 2741//1473 2730//1446 2729//1443 
f 2634//1314 2663//1350 2741//1473 
f 2741//1473 2732//1449 2730//1446 
f 2663//1350 2732//1449 2741//1473 
f 2663//1350 2662//1349 2732//1449 
f 2744//1221 2745//1222 2746//1223 
f 2747//1224 2745//1222 2744//1221 
f 2744//1221 2746//1223 2748//1225 
f 2745//1222 2749//1226 2746//1223 
f 2750//1227 2748//1225 2746//1223 
f 2747//1228 2751//1229 2745//1222 
f 2745//1222 2751//1229 2749//1226 
f 2752//1230 2747//1238 2753//1232 
f 2754//1233 2747//1238 2752//1230 
f 2754//1233 2755//1234 2747//1238 
f 2753//1232 2748//1235 2756//1236 
f 2755//1234 2757//1237 2747//1238 
f 2756//1236 2748//1239 2758//1240 
f 2757//1237 2759//1241 2747//1242 
f 2748//1243 2760//1244 2758//1240 
f 2759//1241 2761//1245 2762//1246 
f 2748//1247 2763//1248 2760//1244 
f 2761//1245 2764//1249 2762//1250 
f 2765//1251 2766//1252 2763//1248 
f 2764//1249 2767//1253 2762//1254 
f 2751//1229 2768//1255 2769//1256 
f 2751//1229 2769//1256 2749//1226 
f 2768//1255 2770//1257 2769//1256 
f 2768//1258 2771//1259 2770//1257 
f 2768//1260 2772//1261 2771//1259 
f 2768//1260 2773//1262 2772//1261 
f 2768//1263 2774//1264 2773//1262 
f 2762//1254 2775//1265 2774//1264 
f 2767//1253 2776//1266 2762//1254 
f 2776//1266 2775//1265 2762//1254 
f 2776//1266 2777//1267 2775//1265 
f 2778//1268 2746//1223 2749//1226 
f 2779//1269 2778//1268 2749//1226 
f 2780//1270 2778//1268 2779//1269 
f 2781//1271 2750//1227 2778//1268 
f 2778//1268 2750//1227 2746//1223 
f 2782//1272 2783//1273 2781//1274 
f 2783//1273 2784//1275 2781//1276 
f 2784//1275 2785//1277 2765//1251 
f 2785//1277 2786//1278 2765//1251 
f 2786//1278 2766//1252 2765//1251 
f 2786//1278 2787//1279 2766//1252 
f 2788//1280 2782//1272 2781//1281 
f 2789//1282 2788//1280 2780//1283 
f 2790//1284 2789//1282 2780//1283 
f 2790//1284 2780//1283 2791//1285 
f 2791//1285 2780//1283 2792//1287 
f 2792//1287 2780//1288 2793//1289 
f 2780//1290 2779//1269 2769//1256 
f 2779//1269 2749//1226 2769//1256 
f 2780//1290 2769//1256 2770//1257 
f 2780//1288 2770//1257 2771//1259 
f 2793//1289 2780//1288 2771//1259 
f 2793//1289 2771//1259 2772//1261 
f 2794//1291 2795//1292 2796//1293 
f 2797//1294 2794//1291 2796//1293 
f 2797//1295 2798//1296 2794//1291 
f 2794//1291 2798//1296 2795//1292 
f 2799//1297 2797//1298 2800//1299 
f 2801//1300 2797//1298 2799//1297 
f 2801//1300 2802//1301 2797//1298 
f 2800//1299 2803//1302 2804//1303 
f 2802//1301 2805//1304 2797//1298 
f 2804//1303 2806//1305 2807//1306 
f 2805//1304 2808//1307 2797//1308 
f 2806//1309 2809//1310 2807//1306 
f 2808//1307 2810//1311 2811//1312 
f 2806//1313 2812//1314 2809//1310 
f 2810//1311 2813//1315 2811//1316 
f 2813//1315 2814//1317 2811//1318 
f 2814//1317 2815//1319 2811//1320 
f 2815//1319 2816//1321 2811//1320 
f 2815//1319 2817//1322 2816//1321 
f 2811//1320 2816//1321 2818//1323 
f 2811//1320 2818//1323 2819//1324 
f 2820//1325 2819//1324 2821//1326 
f 2822//1327 2820//1328 2821//1326 
f 2823//1329 2820//1330 2822//1327 
f 2798//1296 2824//1331 2825//1332 
f 2798//1296 2825//1332 2795//1292 
f 2826//1333 2827//1334 2823//1329 
f 2828//1335 2827//1334 2826//1333 
f 2828//1335 2829//1336 2827//1334 
f 2827//1337 2830//1338 2825//1332 
f 2830//1338 2795//1292 2825//1332 
f 2829//1336 2831//1339 2827//1334 
f 2831//1339 2832//1341 2827//1342 
f 2827//1343 2833//1344 2830//1338 
f 2830//1338 2833//1344 2795//1292 
f 2827//1343 2834//1345 2833//1344 
f 2827//1342 2835//1346 2834//1345 
f 2832//1341 2835//1346 2827//1342 
f 2832//1341 2836//1347 2835//1346 
f 2837//1348 2838//1349 2839//1350 
f 2837//1348 2839//1350 2806//1313 
f 2806//1313 2839//1350 2812//1314 
f 2840//1351 2837//1348 2806//1313 
f 2841//1352 2840//1351 2806//1353 
f 2836//1347 2841//1352 2806//1354 
f 2836//1347 2806//1354 2835//1346 
f 2835//1346 2803//1355 2834//1345 
f 2834//1345 2803//1356 2833//1344 
f 2833//1344 2803//1356 2796//1293 
f 2833//1344 2796//1293 2795//1292 
f 2766//1252 2787//1279 2842//1357 
f 2766//1252 2842//1357 2843//1358 
f 2763//1248 2766//1252 2843//1358 
f 2843//1358 2842//1357 2844//1359 
f 2760//1244 2763//1248 2845//1360 
f 2843//1358 2844//1359 2846//1361 
f 2758//1240 2760//1244 2845//1362 
f 2843//1358 2846//1361 2847//1363 
f 2756//1236 2758//1240 2845//1364 
f 2848//1365 2849//1366 2847//1363 
f 2753//1232 2756//1236 2845//1367 
f 2850//1368 2849//1369 2848//1365 
f 2752//1230 2753//1232 2851//1370 
f 2852//1371 2853//1372 2850//1368 
f 2754//1233 2752//1230 2851//1370 
f 2754//1233 2851//1370 2854//1373 
f 2854//1373 2851//1374 2855//1375 
f 2855//1375 2851//1374 2856//1376 
f 2856//1376 2857//1377 2858//1378 
f 2857//1379 2859//1380 2858//1378 
f 2817//1322 2853//1372 2852//1371 
f 2817//1322 2815//1319 2853//1372 
f 2815//1319 2814//1317 2860//1381 
f 2814//1317 2813//1315 2860//1382 
f 2813//1315 2810//1311 2860//1383 
f 2810//1311 2808//1307 2857//1384 
f 2808//1307 2805//1304 2857//1385 
f 2857//1386 2861//1387 2859//1380 
f 2805//1304 2802//1301 2857//1386 
f 2857//1386 2862//1388 2861//1387 
f 2802//1301 2862//1388 2857//1386 
f 2802//1301 2801//1300 2862//1388 
f 2789//1282 2790//1284 2863//1389 
f 2789//1282 2863//1389 2864//1390 
f 2788//1280 2789//1282 2864//1390 
f 2864//1390 2863//1389 2865//1391 
f 2782//1272 2788//1280 2864//1390 
f 2864//1392 2865//1391 2866//1393 
f 2783//1273 2782//1272 2867//1394 
f 2864//1392 2866//1393 2868//1395 
f 2784//1275 2783//1273 2867//1396 
f 2869//1397 2870//1398 2868//1395 
f 2785//1277 2784//1275 2867//1399 
f 2871//1400 2870//1401 2869//1397 
f 2786//1278 2785//1277 2872//1402 
f 2873//1403 2874//1408 2871//1400 
f 2787//1279 2786//1278 2872//1402 
f 2787//1279 2872//1402 2842//1357 
f 2842//1357 2872//1405 2844//1359 
f 2844//1359 2872//1405 2846//1361 
f 2846//1361 2875//1406 2847//1363 
f 2875//1407 2848//1365 2847//1363 
f 2828//1335 2874//1408 2873//1403 
f 2828//1335 2826//1333 2874//1408 
f 2826//1333 2823//1329 2874//1408 
f 2823//1329 2822//1327 2874//1409 
f 2822//1327 2821//1326 2874//1410 
f 2821//1326 2819//1324 2876//1411 
f 2819//1324 2818//1323 2876//1412 
f 2875//1413 2850//1368 2848//1365 
f 2818//1323 2816//1321 2875//1413 
f 2875//1413 2852//1371 2850//1368 
f 2816//1321 2852//1371 2875//1413 
f 2816//1321 2817//1322 2852//1371 
f 2793//1289 2772//1261 2877//1414 
f 2793//1289 2877//1414 2878//1415 
f 2792//1287 2793//1289 2878//1415 
f 2878//1415 2877//1414 2879//1416 
f 2791//1285 2792//1287 2878//1417 
f 2878//1418 2879//1416 2880//1419 
f 2790//1284 2791//1285 2878//1417 
f 2790//1284 2878//1417 2863//1389 
f 2878//1420 2880//1419 2881//1421 
f 2863//1389 2882//1422 2865//1391 
f 2883//1423 2878//1424 2881//1421 
f 2865//1391 2882//1422 2866//1393 
f 2884//1425 2885//1426 2883//1423 
f 2866//1393 2882//1427 2868//1395 
f 2886//1428 2885//1429 2884//1425 
f 2882//1430 2869//1397 2868//1395 
f 2836//1347 2885//1431 2886//1428 
f 2836//1347 2832//1341 2885//1431 
f 2882//1432 2871//1400 2869//1397 
f 2832//1341 2831//1339 2885//1433 
f 2885//1433 2873//1403 2871//1400 
f 2831//1339 2829//1336 2885//1433 
f 2829//1336 2873//1403 2885//1433 
f 2829//1336 2828//1335 2873//1403 
f 2775//1265 2777//1267 2887//1434 
f 2775//1265 2887//1434 2888//1435 
f 2774//1264 2775//1265 2888//1435 
f 2888//1435 2887//1434 2889//1436 
f 2773//1262 2774//1264 2888//1437 
f 2888//1435 2889//1436 2890//1438 
f 2772//1261 2773//1262 2888//1439 
f 2772//1261 2888//1439 2877//1414 
f 2891//1440 2890//1438 2892//1441 
f 2877//1414 2891//1442 2879//1416 
f 2893//1443 2891//1444 2892//1441 
f 2879//1416 2891//1445 2880//1419 
f 2894//1446 2891//1447 2893//1443 
f 2880//1419 2895//1448 2881//1421 
f 2896//1449 2897//1453 2894//1446 
f 2895//1451 2883//1423 2881//1421 
f 2838//1349 2897//1453 2896//1449 
f 2838//1349 2837//1348 2897//1453 
f 2897//1452 2884//1425 2883//1423 
f 2837//1348 2840//1351 2897//1453 
f 2897//1454 2886//1428 2884//1425 
f 2840//1351 2841//1352 2897//1454 
f 2841//1352 2886//1428 2897//1454 
f 2841//1352 2836//1347 2886//1428 
f 2755//1234 2754//1233 2854//1373 
f 2755//1234 2854//1373 2898//1455 
f 2757//1237 2755//1234 2898//1455 
f 2898//1455 2854//1373 2855//1375 
f 2759//1241 2757//1237 2898//1456 
f 2898//1455 2855//1375 2856//1376 
f 2761//1245 2759//1241 2898//1457 
f 2899//1458 2856//1376 2858//1378 
f 2764//1249 2761//1245 2898//1459 
f 2859//1380 2899//1460 2858//1378 
f 2767//1253 2764//1249 2898//1461 
f 2861//1387 2899//1462 2859//1380 
f 2776//1266 2767//1253 2900//1463 
f 2862//1388 2901//1464 2861//1387 
f 2777//1267 2776//1266 2900//1463 
f 2777//1267 2900//1463 2887//1434 
f 2887//1434 2900//1463 2889//1436 
f 2889//1436 2900//1463 2890//1438 
f 2890//1438 2902//1466 2892//1441 
f 2902//1467 2893//1443 2892//1441 
f 2801//1300 2901//1464 2862//1388 
f 2801//1300 2799//1297 2901//1464 
f 2799//1297 2800//1299 2903//1468 
f 2800//1299 2804//1303 2903//1469 
f 2804//1303 2807//1306 2903//1470 
f 2807//1306 2809//1310 2902//1471 
f 2809//1310 2812//1314 2902//1472 
f 2902//1473 2894//1446 2893//1443 
f 2812//1314 2839//1350 2902//1473 
f 2902//1473 2896//1449 2894//1446 
f 2839//1350 2896//1449 2902//1473 
f 2839//1350 2838//1349 2896//1449 
f 865//1251 863//1248 859//1247 
f 865//1475 846//1476 848//1227 
f 903//1299 902//1298 906//1302 
f 899//1294 898//1293 906//1477 
f 1406//1251 1404//1248 1400//1247 
f 1406//1475 1387//1476 1389//1227 
f 2585//1475 2566//1476 2568//1227 
f 2585//1251 2583//1248 2579//1247 
f 1055//1475 1036//1476 1038//1227 
f 1055//1251 1053//1248 1049//1247 
f 1101//1307 1104//1312 1092//1308 
f 1089//1295 1119//1478 1090//1296 
f 1444//1299 1443//1298 1447//1302 
f 1440//1294 1439//1293 1447//1477 
f 2623//1299 2622//1298 2626//1302 
f 2619//1294 2618//1293 2667//1477 
f 1921//1251 1919//1248 1904//1247 
f 1921//1475 1904//1476 1906//1227 
f 1957//1299 1954//1298 1960//1302 
f 1954//1294 1953//1293 1960//1477 
f 929//1331 925//1479 930//1332 
f 920//1320 924//1324 925//1325 
f 858//1241 862//1246 856//1242 
f 845//1228 868//1480 849//1229 
f 1755//1251 1753//1248 1738//1247 
f 1755//1475 1738//1476 1740//1227 
f 1589//1475 1572//1476 1574//1227 
f 1589//1251 1587//1248 1572//1247 
f 2419//1251 2417//1248 2402//1247 
f 2419//1475 2402//1476 2404//1227 
f 1237//1251 1235//1248 1220//1247 
f 1237//1475 1220//1476 1222//1227 
f 2454//1299 2451//1298 2457//1302 
f 2451//1294 2450//1293 2457//1477 
f 1280//1307 1283//1312 1269//1308 
f 1269//1295 1297//1478 1270//1296 
f 1624//1299 1621//1298 1627//1302 
f 1621//1294 1620//1293 1627//1477 
f 1790//1299 1787//1298 1793//1302 
f 1787//1294 1786//1293 1793//1477 
f 1470//1331 1466//1479 1471//1332 
f 1461//1320 1465//1324 1466//1325 
f 2638//1320 2642//1324 2643//1325 
f 2647//1331 2643//1479 2648//1332 
f 1048//1241 1052//1246 1046//1242 
f 1035//1228 1058//1480 1039//1229 
f 1399//1241 1403//1246 1397//1242 
f 1386//1228 1409//1480 1390//1229 
f 2578//1241 2582//1246 2576//1242 
f 2565//1228 2582//1480 2569//1229 
f 2765//1251 2763//1248 2748//1247 
f 2765//1475 2748//1476 2750//1227 
f 2257//1251 2255//1248 2240//1247 
f 2257//1475 2240//1476 2242//1227 
f 2096//1475 2079//1476 2081//1227 
f 2096//1251 2094//1248 2079//1247 
f 2808//1307 2811//1312 2797//1308 
f 2797//1295 2824//1478 2798//1296 
f 2131//1299 2128//1298 2134//1302 
f 2128//1294 2127//1293 2134//1477 
f 2292//1299 2289//1298 2295//1302 
f 2289//1294 2288//1293 2295//1477 
f 1983//1331 1979//1479 1984//1332 
f 1974//1320 1978//1324 1979//1325 
f 1110//1320 1114//1324 1115//1325 
f 1119//1331 1115//1479 1120//1332 
f 1915//1241 1918//1246 1903//1242 
f 1903//1228 1924//1480 1907//1229 
f 2477//1331 2473//1479 2478//1332 
f 2464//1320 2472//1324 2473//1325 
f 1813//1331 1809//1479 1814//1332 
f 1800//1320 1808//1324 1809//1325 
f 1634//1320 1642//1324 1643//1325 
f 1647//1331 1643//1479 1648//1332 
f 911//1307 914//1312 902//1308 
f 899//1295 2904//1478 900//1296 
f 1749//1241 1752//1246 1737//1242 
f 1737//1228 1752//1480 1741//1229 
f 2413//1241 2416//1246 2401//1242 
f 2401//1228 2416//1480 2405//1229 
f 1583//1241 1586//1246 1571//1242 
f 1571//1228 1586//1480 1575//1229 
f 1231//1241 1234//1246 1219//1242 
f 1219//1228 1234//1480 1223//1229 
f 881//1270 882//1271 879//1268 
f 889//1280 882//1281 881//1283 
f 1297//1331 1293//1479 1298//1332 
f 1283//1320 1292//1324 1293//1325 
f 1452//1307 1455//1312 1443//1308 
f 1440//1295 1470//1478 1441//1296 
f 2619//1295 2647//1478 2620//1296 
f 2630//1307 2633//1312 2622//1308 
f 2141//1320 2149//1324 2150//1325 
f 2154//1331 2150//1479 2155//1332 
f 2315//1331 2311//1479 2316//1332 
f 2302//1320 2310//1324 2311//1325 
f 845//1231 842//1221 846//1235 
f 851//1232 845//1231 846//1235 
f 2759//1241 2762//1246 2747//1242 
f 2747//1228 2762//1480 2751//1229 
f 2090//1241 2093//1246 2078//1242 
f 2078//1228 2093//1480 2082//1229 
f 2251//1241 2254//1246 2239//1242 
f 2239//1228 2254//1480 2243//1229 
f 1422//1270 1423//1271 1420//1268 
f 1430//1280 1423//1281 1422//1283 
f 2601//1270 2602//1271 2599//1268 
f 2609//1280 2602//1281 2601//1283 
f 1071//1270 1072//1271 1069//1268 
f 1079//1280 1072//1281 1071//1283 
f 1965//1307 1968//1312 1954//1308 
f 1954//1295 1983//1478 1955//1296 
f 1041//1232 1035//1231 1036//1235 
f 1035//1231 1032//1221 1036//1235 
f 1386//1231 1383//1221 1387//1235 
f 1392//1232 1386//1231 1387//1235 
f 2571//1232 2565//1231 2566//1235 
f 2565//1231 2562//1221 2566//1235 
f 2824//1331 2820//1479 2825//1332 
f 2811//1320 2819//1324 2820//1325 
f 1937//1270 1938//1271 1935//1268 
f 1945//1280 1938//1281 1937//1283 
f 1903//1238 1900//1221 1904//1235 
f 1909//1232 1903//1238 1904//1235 
f 2461//1307 2464//1312 2451//1308 
f 2451//1295 2477//1478 2452//1296 
f 1631//1307 1634//1312 1621//1308 
f 1621//1295 1647//1478 1622//1296 
f 1797//1307 1800//1312 1787//1308 
f 1787//1295 1813//1478 1788//1296 
f 1604//1270 1605//1271 1602//1268 
f 1612//1280 1605//1281 1604//1283 
f 1770//1270 1771//1271 1768//1268 
f 1778//1280 1771//1281 1770//1283 
f 2434//1270 2435//1271 2432//1268 
f 2442//1280 2435//1281 2434//1283 
f 1252//1270 1253//1271 1250//1268 
f 1260//1280 1253//1281 1252//1283 
f 1219//1238 1216//1221 1220//1235 
f 1225//1232 1219//1238 1220//1235 
f 2401//1238 2398//1221 2402//1235 
f 2407//1232 2401//1238 2402//1235 
f 1737//1238 1734//1221 1738//1235 
f 1743//1232 1737//1238 1738//1235 
f 1577//1232 1571//1238 1572//1235 
f 1571//1238 1568//1221 1572//1235 
f 2128//1295 2154//1478 2129//1296 
f 2138//1307 2141//1312 2128//1308 
f 2299//1307 2302//1312 2289//1308 
f 2289//1295 2315//1478 2290//1296 
f 2780//1270 2781//1271 2778//1268 
f 2788//1280 2781//1281 2780//1283 
f 2111//1270 2112//1271 2109//1268 
f 2119//1280 2112//1281 2111//1283 
f 2272//1270 2273//1271 2270//1268 
f 2280//1280 2273//1281 2272//1283 
f 2747//1238 2744//1221 2748//1235 
f 2753//1232 2747//1238 2748//1235 
f 2239//1238 2236//1221 2240//1235 
f 2245//1232 2239//1238 2240//1235 
f 2084//1232 2078//1238 2079//1235 
f 2078//1238 2075//1221 2079//1235 
f 1089//1294 1088//1293 1096//1477 
f 1093//1299 1092//1298 1096//1302 
f 1272//1299 1269//1298 1275//1302 
f 1269//1294 1268//1293 1275//1477 
f 2800//1299 2797//1298 2803//1302 
f 2797//1294 2796//1293 2803//1477 
f 2372//1416 2381//1442 2387//1445 
f 2388//1446 2390//1453 2383//1447 
f 954//1361 988//1405 989//1406 
f 984//1400 987//1404 983//1401 
f 1011//1438 1027//1465 1028//1466 
f 973//1387 1026//1464 1023//1462 
f 1197//1438 1212//1465 1213//1466 
f 1161//1387 1211//1464 1208//1462 
f 2725//1438 2740//1465 2741//1466 
f 2690//1387 2739//1464 2736//1462 
f 1548//1438 1564//1465 1565//1466 
f 1512//1387 1563//1464 1560//1462 
f 966//1376 964//1374 967//1377 
f 951//1358 955//1363 958//1366 
f 2057//1438 2070//1465 2072//1466 
f 2022//1387 2071//1464 2068//1462 
f 2684//1376 2682//1374 2685//1377 
f 2669//1358 2673//1363 2676//1366 
f 1506//1376 1504//1374 1507//1377 
f 1491//1358 1495//1363 1498//1366 
f 1155//1376 1153//1374 1156//1377 
f 1140//1358 1144//1363 1147//1366 
f 1143//1361 1176//1405 1177//1406 
f 1164//1474 1168//1395 1171//1398 
f 1494//1361 1527//1405 1528//1406 
f 1515//1474 1519//1395 1522//1398 
f 2672//1361 2705//1405 2706//1406 
f 2693//1474 2697//1395 2700//1398 
f 1026//1481 2905//1482 1023//1483 
f 861//1245 1022//1457 1024//1459 
f 2016//1376 2011//1370 2017//1377 
f 2002//1358 2006//1363 2009//1366 
f 2500//1361 2527//1405 2530//1406 
f 2526//1400 2529//1404 2525//1401 
f 2547//1438 2557//1465 2559//1466 
f 2516//1387 2558//1464 2555//1462 
f 1367//1438 1378//1465 1380//1466 
f 1375//1455 1329//1376 1377//1458 
f 1884//1438 1895//1465 1897//1466 
f 1892//1455 1846//1376 1894//1458 
f 1726//1455 1680//1376 1728//1458 
f 1718//1438 1729//1465 1731//1466 
f 2005//1361 2037//1405 2038//1406 
f 2025//1474 2029//1395 2032//1398 
f 2739//1481 2906//1482 2736//1483 
f 2581//1245 2735//1457 2737//1459 
f 1211//1481 2907//1482 1208//1483 
f 1051//1245 1207//1457 1209//1459 
f 1563//1481 2908//1482 1560//1483 
f 1402//1245 1559//1457 1561//1459 
f 978//1392 981//1395 983//1398 
f 886//1277 980//1399 985//1402 
f 2909//1484 2910//1485 2911//1486 
f 913//1311 971//1384 970//1383 
f 2846//1361 2872//1405 2875//1406 
f 2871//1400 2874//1408 2870//1401 
f 2177//1361 2203//1405 2206//1406 
f 2202//1400 2205//1408 2201//1401 
f 910//1306 1030//1471 1029//1470 
f 1029//1487 1030//1488 2912//1489 
f 2221//1438 2232//1465 2234//1466 
f 2192//1387 2233//1464 2230//1462 
f 2890//1438 2900//1463 2902//1466 
f 2898//1455 2856//1376 2899//1458 
f 2384//1438 2394//1463 2396//1466 
f 2353//1387 2395//1464 2392//1462 
f 1680//1376 1675//1374 1681//1377 
f 1667//1358 1671//1363 1673//1366 
f 1846//1376 1841//1374 1847//1377 
f 1833//1358 1837//1363 1839//1366 
f 1329//1376 1324//1374 1330//1377 
f 1316//1358 1320//1363 1322//1366 
f 2510//1376 2505//1370 2511//1377 
f 2497//1358 2501//1363 2503//1366 
f 2913//1490 1527//1491 2914//1492 
f 1467//1326 1530//1411 1529//1410 
f 2915//1490 1176//1491 2916//1492 
f 1116//1326 1179//1411 1178//1410 
f 2917//1490 2705//1491 2918//1492 
f 2644//1326 2708//1411 2707//1410 
f 2071//1481 2919//1482 2068//1483 
f 1917//1245 2067//1457 2069//1459 
f 2920//1484 2921//1485 2922//1486 
f 1103//1311 1160//1384 1159//1383 
f 2923//1484 2924//1485 2925//1486 
f 2632//1311 2689//1384 2688//1383 
f 2926//1484 2927//1485 2928//1486 
f 1454//1311 1511//1384 1510//1383 
f 851//1232 956//1367 960//1370 
f 2929//1493 2930//1494 958//1495 
f 1670//1361 1700//1405 1701//1406 
f 1689//1474 1693//1395 1696//1398 
f 1836//1361 1866//1405 1867//1406 
f 1855//1474 1859//1395 1862//1398 
f 1319//1361 1349//1405 1350//1406 
f 1338//1474 1342//1395 1345//1398 
f 1214//1487 1215//1488 2931//1489 
f 1100//1306 1215//1471 1214//1470 
f 1451//1306 1567//1471 1566//1470 
f 1566//1487 1567//1488 2932//1489 
f 2742//1487 2743//1488 2933//1489 
f 2629//1306 2743//1471 2742//1470 
f 2856//1376 2851//1374 2857//1377 
f 2843//1358 2847//1363 2849//1366 
f 2187//1376 2182//1374 2188//1377 
f 2174//1358 2178//1363 2180//1366 
f 2348//1376 2343//1374 2349//1377 
f 2335//1358 2339//1363 2341//1366 
f 2934//1490 2037//1491 2935//1492 
f 1980//1326 2040//1411 2039//1410 
f 1001//1423 1003//1426 998//1424 
f 1006//1433 984//1400 1004//1432 
f 926//1326 991//1411 990//1410 
f 990//1496 2936//1490 2937//1497 
f 2938//1484 2939//1485 2940//1486 
f 1967//1311 2021//1384 2020//1383 
f 1041//1232 1145//1367 1149//1370 
f 2922//1493 1140//1494 1147//1495 
f 2571//1232 2674//1367 2678//1370 
f 2925//1493 2669//1494 2676//1495 
f 1016//1446 1019//1450 1012//1447 
f 997//1419 1014//1445 1017//1448 
f 1964//1306 2074//1471 2073//1470 
f 2073//1487 2074//1488 2941//1489 
f 2356//1474 2360//1395 2363//1398 
f 2338//1361 2367//1405 2368//1406 
f 1796//1306 1899//1471 1898//1470 
f 2942//1498 2943//1489 2944//1499 
f 1279//1306 1382//1471 1381//1470 
f 2945//1498 2946//1489 2947//1499 
f 2948//1498 2949//1489 2950//1499 
f 1630//1306 1733//1471 1732//1470 
f 2558//1481 2556//1482 2555//1483 
f 2415//1245 2554//1457 2556//1459 
f 1173//1500 2951//1501 2916//1502 
f 1074//1273 1166//1394 1169//1396 
f 1524//1500 2952//1501 2914//1502 
f 1425//1273 1517//1394 1520//1396 
f 2702//1500 2953//1501 2918//1502 
f 2604//1273 2695//1394 2698//1396 
f 2936//1490 988//1491 2954//1492 
f 985//1500 2955//1501 2954//1502 
f 2721//1433 2701//1400 2719//1432 
f 2716//1423 2718//1426 2713//1424 
f 1538//1423 1540//1426 1535//1424 
f 1543//1433 1523//1400 1541//1432 
f 1192//1433 1172//1400 1190//1432 
f 1187//1423 1189//1426 1184//1424 
f 1392//1232 1496//1367 1500//1370 
f 2928//1493 1491//1494 1498//1495 
f 1553//1446 1556//1450 1554//1447 
f 1556//1452 1538//1423 1552//1451 
f 1909//1232 2007//1367 2011//1370 
f 2940//1493 2002//1494 2009//1495 
f 2730//1446 2733//1453 2726//1447 
f 2712//1419 2728//1445 2731//1448 
f 2956//1503 1024//1504 2957//1505 
f 867//1253 1024//1461 1025//1463 
f 1701//1490 1700//1491 2958//1492 
f 1644//1326 1703//1411 1702//1410 
f 1350//1490 1349//1491 2959//1492 
f 1294//1326 1352//1411 1351//1410 
f 1867//1490 1866//1491 2960//1492 
f 1810//1326 1869//1411 1868//1410 
f 1172//1400 1175//1404 1171//1401 
f 1178//1496 2915//1490 2961//1497 
f 2701//1400 2704//1404 2700//1401 
f 2707//1496 2917//1490 2962//1497 
f 1523//1400 1526//1404 1522//1401 
f 1529//1496 2913//1490 2963//1497 
f 2519//1392 2523//1395 2525//1398 
f 2439//1277 2522//1399 2527//1402 
f 2901//1498 2964//1489 2965//1499 
f 2807//1306 2902//1471 2903//1470 
f 2233//1481 2231//1482 2230//1483 
f 2092//1245 2229//1457 2231//1459 
f 2395//1481 2393//1482 2392//1483 
f 2253//1245 2391//1457 2393//1459 
f 1799//1311 1851//1384 1850//1383 
f 2966//1484 2967//1485 2968//1486 
f 1282//1311 1334//1384 1333//1383 
f 2969//1484 2970//1485 2971//1486 
f 2972//1484 2973//1485 2974//1486 
f 1633//1311 1685//1384 1684//1383 
f 2975//1484 2976//1485 2977//1486 
f 2463//1311 2515//1384 2514//1383 
f 2034//1500 2978//1501 2935//1502 
f 1940//1273 2027//1394 2030//1396 
f 1204//1452 1187//1423 1200//1451 
f 1202//1446 1204//1450 1200//1447 
f 2048//1423 2050//1426 2045//1424 
f 2053//1433 2033//1400 2051//1432 
f 2560//1487 2561//1488 2979//1489 
f 2460//1306 2561//1471 2560//1470 
f 2062//1446 2065//1453 2058//1447 
f 2044//1419 2060//1445 2063//1448 
f 2587//1253 2737//1461 2738//1463 
f 2980//1503 2737//1504 2981//1505 
f 2982//1503 1561//1504 2983//1505 
f 1408//1253 1561//1461 1562//1463 
f 1057//1253 1209//1461 1210//1463 
f 2984//1503 1209//1504 2985//1505 
f 2033//1400 2036//1404 2032//1401 
f 2039//1496 2934//1490 2935//1497 
f 2368//1490 2367//1491 2986//1492 
f 2312//1326 2369//1411 2366//1410 
f 2864//1392 2868//1395 2870//1398 
f 2785//1277 2867//1399 2872//1402 
f 2195//1392 2199//1395 2201//1398 
f 2116//1277 2198//1399 2203//1402 
f 2407//1232 2499//1367 2505//1370 
f 2977//1493 2497//1494 2503//1495 
f 1225//1232 1318//1367 1324//1370 
f 2971//1493 1316//1494 1322//1495 
f 2184//1484 2987//1485 2988//1486 
f 2140//1311 2188//1384 2191//1383 
f 2810//1311 2857//1384 2860//1383 
f 2853//1484 2989//1485 2990//1486 
f 2301//1311 2349//1384 2352//1383 
f 2345//1484 2991//1485 2992//1486 
f 975//1389 996//1417 1000//1422 
f 1003//1426 1000//1506 998//1424 
f 2235//1487 2234//1488 2993//1489 
f 2137//1306 2234//1471 2235//1470 
f 2298//1306 2396//1471 2397//1470 
f 2397//1487 2396//1488 2994//1489 
f 970//1507 2910//1485 2909//1484 
f 919//1319 970//1381 962//1372 
f 1591//1253 1727//1461 1729//1463 
f 2950//1508 1727//1509 1728//1510 
f 1757//1253 1893//1461 1895//1463 
f 2944//1508 1893//1509 1894//1510 
f 1239//1253 1376//1461 1378//1463 
f 2947//1508 1376//1509 1377//1510 
f 1773//1273 1857//1394 1860//1396 
f 1860//1500 1857//1501 2960//1502 
f 1694//1500 1691//1501 2958//1502 
f 1607//1273 1691//1394 1694//1396 
f 1255//1273 1340//1394 1343//1396 
f 1343//1500 1340//1501 2959//1502 
f 2941//1503 2069//1504 2995//1505 
f 1923//1253 2069//1461 2070//1463 
f 1533//1416 1547//1442 1552//1445 
f 1545//1435 1548//1438 1549//1440 
f 1876//1423 1878//1426 1871//1424 
f 1878//1433 1863//1400 1879//1432 
f 1712//1433 1697//1400 1713//1432 
f 1710//1423 1712//1426 1705//1424 
f 2539//1423 2541//1426 2534//1424 
f 2541//1433 2526//1400 2542//1432 
f 1359//1423 1361//1426 1354//1424 
f 1361//1433 1346//1400 1362//1432 
f 1743//1232 1835//1367 1841//1370 
f 2968//1493 1833//1494 1839//1495 
f 1577//1232 1669//1367 1675//1370 
f 2974//1493 1667//1494 1673//1495 
f 2474//1326 2532//1411 2531//1410 
f 2531//1496 2530//1490 2996//1497 
f 1725//1452 1710//1423 1722//1451 
f 1723//1446 1725//1453 1719//1447 
f 1891//1452 1876//1423 1888//1451 
f 1889//1446 1891//1453 1885//1447 
f 1374//1452 1359//1423 1371//1451 
f 1372//1446 1374//1453 1368//1447 
f 964//1374 2910//1511 967//1377 
f 970//1507 971//1512 2910//1485 
f 2753//1232 2845//1367 2851//1370 
f 2990//1493 2843//1494 2849//1495 
f 2084//1232 2176//1367 2182//1370 
f 2988//1493 2174//1494 2180//1495 
f 1514//1389 1532//1417 1537//1422 
f 1540//1426 1537//1506 1535//1424 
f 2718//1426 2715//1506 2713//1424 
f 2692//1389 2710//1417 2715//1422 
f 1189//1426 1186//1506 1184//1424 
f 1163//1389 1181//1417 1186//1422 
f 1182//1416 1194//1442 1201//1445 
f 1196//1440 1198//1441 1200//1444 
f 941//1346 948//1354 949//1355 
f 907//1303 906//1302 909//1305 
f 1697//1400 1699//1404 1696//1401 
f 1702//1496 1701//1490 2958//1497 
f 1346//1400 1348//1404 1345//1401 
f 1351//1496 1350//1490 2959//1497 
f 1863//1400 1865//1404 1862//1401 
f 1868//1496 1867//1490 2960//1497 
f 1510//1507 2927//1485 2926//1484 
f 1460//1319 1510//1381 1502//1372 
f 2637//1319 2688//1381 2680//1372 
f 2688//1507 2924//1485 2923//1484 
f 1109//1319 1159//1381 1151//1372 
f 1159//1507 2921//1485 2920//1484 
f 1025//1513 1024//1504 2956//1503 
f 1027//1465 2912//1514 1028//1466 
f 2551//1446 2553//1453 2550//1447 
f 2553//1452 2539//1423 2550//1451 
f 2997//1515 983//1516 2954//1517 
f 987//1518 2937//1519 983//1520 
f 2530//1490 2527//1491 2996//1492 
f 2527//1500 2998//1501 2996//1502 
f 2767//1253 2898//1461 2900//1463 
f 2965//1508 2898//1509 2899//1510 
f 2275//1273 2358//1394 2361//1396 
f 2361//1500 2358//1501 2986//1502 
f 1490//1357 1524//1402 1527//1405 
f 1524//1521 2914//1502 1527//1522 
f 2702//1521 2918//1502 2705//1522 
f 2668//1357 2702//1402 2705//1405 
f 1173//1521 2916//1502 1176//1522 
f 1139//1357 1173//1402 1176//1405 
f 2216//1433 2202//1400 2213//1432 
f 2214//1423 2216//1426 2209//1424 
f 2376//1423 2378//1426 2371//1424 
f 2378//1433 2364//1400 2375//1432 
f 2883//1423 2885//1426 2878//1424 
f 2885//1433 2871//1400 2882//1432 
f 932//1337 930//1332 925//1479 
f 928//1329 932//1334 925//1330 
f 2245//1232 2337//1367 2343//1370 
f 2992//1493 2335//1494 2341//1495 
f 2151//1326 2207//1411 2205//1410 
f 2205//1496 2206//1490 2999//1497 
f 2821//1326 2876//1411 2874//1410 
f 2874//1496 2875//1490 3000//1497 
f 1504//1374 2927//1511 1507//1377 
f 1510//1507 1511//1512 2927//1485 
f 1153//1374 2921//1511 1156//1377 
f 1159//1507 1160//1512 2921//1485 
f 2682//1374 2924//1511 2685//1377 
f 2688//1507 2689//1512 2924//1485 
f 959//1368 962//1372 958//1369 
f 2929//1493 958//1495 2909//1523 
f 2880//1419 2891//1445 2895//1448 
f 2894//1446 2897//1453 2891//1447 
f 2225//1446 2228//1453 2222//1447 
f 2211//1419 2222//1445 2226//1448 
f 1029//1487 2912//1489 2957//1498 
f 901//1297 1029//1468 1026//1464 
f 2024//1389 2042//1417 2047//1422 
f 2050//1426 2047//1506 2045//1424 
f 1482//1346 1456//1354 1489//1355 
f 1448//1303 1447//1302 1450//1305 
f 1131//1346 1105//1354 1138//1355 
f 1097//1303 1096//1302 1099//1305 
f 2979//1503 2556//1504 3001//1505 
f 2421//1253 2556//1461 2557//1463 
f 2905//1510 1021//1524 1023//1483 
f 1021//1455 966//1376 1023//1458 
f 883//1272 976//1390 980//1394 
f 2997//1525 978//1392 983//1398 
f 2740//1465 2933//1514 2741//1466 
f 2738//1513 2737//1504 2980//1503 
f 1212//1465 2931//1514 1213//1466 
f 1210//1513 1209//1504 2984//1503 
f 1562//1513 1561//1504 2982//1503 
f 1564//1465 2932//1514 1565//1466 
f 2364//1400 2366//1408 2363//1401 
f 2366//1496 2368//1490 2986//1497 
f 956//1526 2930//1494 2929//1493 
f 863//1248 951//1358 953//1360 
f 2020//1507 2939//1485 2938//1484 
f 1973//1319 2020//1381 2013//1372 
f 2950//1504 1728//1482 2948//1505 
f 1686//1387 1730//1464 1728//1462 
f 1852//1387 1896//1464 1894//1462 
f 2944//1504 1894//1482 2942//1505 
f 1335//1387 1379//1464 1377//1462 
f 2947//1504 1377//1482 2945//1505 
f 1175//1518 2961//1519 1171//1520 
f 2951//1515 1171//1516 2916//1517 
f 2952//1515 1522//1516 2914//1517 
f 1526//1518 2963//1519 1522//1520 
f 2704//1518 2962//1519 2700//1520 
f 2953//1515 2700//1516 2918//1517 
f 2001//1357 2034//1402 2037//1405 
f 2034//1521 2935//1502 2037//1522 
f 2206//1490 2203//1491 2999//1492 
f 2203//1500 2198//1501 2999//1502 
f 2875//1490 2872//1491 3000//1492 
f 2872//1500 2867//1501 3000//1502 
f 960//1527 956//1528 2929//1529 
f 960//1530 2911//1531 2910//1532 
f 993//1414 1010//1439 1014//1442 
f 1008//1435 1011//1438 1012//1440 
f 990//1496 991//1533 2936//1490 
f 923//1323 992//1413 991//1412 
f 1118//1329 1122//1334 1115//1330 
f 1122//1337 1120//1332 1115//1479 
f 2646//1329 2650//1334 2643//1330 
f 2650//1337 2648//1332 2643//1479 
f 1469//1329 1473//1334 1466//1330 
f 1473//1337 1471//1332 1466//1479 
f 1019//1450 1017//1534 1012//1447 
f 1019//1452 1001//1423 1017//1451 
f 2011//1370 2939//1511 2017//1377 
f 2020//1507 2021//1512 2939//1485 
f 1499//1368 1502//1372 1498//1369 
f 2928//1493 1498//1495 2926//1523 
f 2677//1368 2680//1372 2676//1369 
f 2925//1493 2676//1495 2923//1523 
f 1148//1368 1151//1372 1147//1369 
f 2922//1493 1147//1495 2920//1523 
f 1091//1297 1214//1468 1211//1464 
f 1214//1487 2931//1489 2985//1498 
f 1566//1487 2932//1489 2983//1498 
f 1442//1297 1566//1468 1563//1464 
f 2621//1297 2742//1468 2739//1464 
f 2742//1487 2933//1489 2981//1498 
f 868//1258 872//1260 871//1259 
f 867//1253 872//1263 862//1254 
f 1994//1346 1969//1354 1960//1355 
f 1961//1303 1960//1302 1963//1305 
f 2908//1510 1558//1524 1560//1483 
f 1558//1455 1506//1376 1560//1458 
f 1206//1455 1155//1376 1208//1458 
f 2907//1510 1206//1524 1208//1483 
f 2734//1455 2684//1376 2736//1458 
f 2906//1510 2734//1524 2736//1483 
f 2098//1253 2231//1461 2232//1463 
f 2993//1503 2231//1504 2233//1505 
f 2259//1253 2393//1461 2394//1463 
f 2994//1503 2393//1504 2395//1505 
f 1872//1416 1882//1442 1888//1445 
f 1882//1435 1884//1438 1885//1440 
f 1706//1416 1716//1442 1722//1445 
f 1716//1435 1718//1438 1719//1440 
f 1355//1416 1365//1442 1371//1445 
f 1365//1435 1367//1438 1368//1440 
f 2583//1248 2669//1358 2671//1360 
f 2674//1526 2669//1494 2925//1493 
f 1053//1248 1140//1358 1142//1360 
f 1145//1526 1140//1494 2922//1493 
f 2070//1513 2069//1504 2941//1503 
f 2070//1465 2941//1514 2072//1466 
f 2664//1353 2634//1314 2626//1313 
f 2658//1345 2664//1355 2667//1356 
f 2978//1515 2032//1516 2935//1517 
f 2036//1518 2935//1519 2032//1520 
f 2861//1387 2901//1464 2899//1462 
f 2965//1504 2899//1482 2901//1505 
f 1500//1527 1493//1528 2928//1529 
f 1500//1530 2928//1531 2927//1532 
f 2678//1530 2925//1531 2924//1532 
f 2678//1527 2674//1528 2925//1529 
f 1149//1530 2922//1531 2921//1532 
f 1149//1527 1145//1528 2922//1529 
f 882//1271 865//1475 848//1227 
f 885//1275 865//1251 882//1276 
f 1712//1426 1709//1506 1705//1424 
f 1688//1389 1705//1417 1709//1422 
f 1878//1426 1875//1506 1871//1424 
f 1854//1389 1871//1417 1875//1422 
f 1361//1426 1358//1506 1354//1424 
f 1337//1389 1354//1417 1358//1422 
f 2518//1389 2534//1417 2538//1422 
f 2541//1426 2538//1506 2534//1424 
f 1493//1526 1491//1494 2928//1493 
f 1404//1248 1491//1358 1493//1360 
f 2723//1435 2725//1438 2726//1440 
f 2709//1414 2723//1439 2728//1442 
f 2545//1440 2548//1441 2550//1444 
f 2535//1416 2545//1442 2550//1445 
f 2641//1323 2706//1413 2708//1412 
f 2707//1496 2708//1533 2917//1490 
f 1464//1323 1528//1413 1530//1412 
f 1529//1496 1530//1533 2913//1490 
f 1113//1323 1177//1413 1179//1412 
f 1178//1496 1179//1533 2915//1490 
f 902//1308 914//1312 2904//1478 
f 929//1535 920//1320 925//1325 
f 1982//1329 1986//1334 1979//1330 
f 1986//1337 1984//1332 1979//1479 
f 1079//1280 1164//1474 1166//1390 
f 2951//1515 1164//1525 1171//1516 
f 1430//1280 1515//1474 1517//1390 
f 2952//1515 1515//1525 1522//1516 
f 2609//1280 2693//1474 2695//1390 
f 2953//1515 2693//1525 2700//1516 
f 2733//1452 2716//1423 2731//1451 
f 2733//1453 2731//1534 2726//1447 
f 1333//1507 2970//1485 2969//1484 
f 1288//1319 1333//1381 1326//1372 
f 2514//1507 2976//1485 2975//1484 
f 2468//1319 2514//1381 2507//1372 
f 1850//1507 2967//1485 2966//1484 
f 1804//1319 1850//1381 1843//1372 
f 1638//1319 1684//1381 1677//1372 
f 1684//1507 2973//1485 2972//1484 
f 2010//1368 2013//1372 2009//1369 
f 2940//1493 2009//1495 2938//1523 
f 1556//1536 1552//1451 1554//1534 
f 1547//1442 1549//1537 1552//1445 
f 2073//1487 2941//1489 2995//1498 
f 1956//1297 2073//1468 2071//1464 
f 1057//1253 1062//1263 1052//1254 
f 1058//1258 1062//1260 1061//1259 
f 2582//1480 2589//1255 2569//1229 
f 2588//1254 2595//1264 2589//1263 
f 1409//1258 1413//1260 1412//1259 
f 1408//1253 1413//1263 1403//1254 
f 979//1393 1000//1422 1004//1427 
f 1003//1538 1004//1427 1000//1506 
f 931//1333 990//1408 987//1404 
f 987//1539 990//1496 2937//1497 
f 2919//1510 2066//1524 2068//1483 
f 2066//1455 2016//1376 2068//1458 
f 1832//1357 1860//1402 1866//1405 
f 1860//1521 2960//1502 1866//1522 
f 1315//1357 1343//1402 1349//1405 
f 1343//1521 2959//1502 1349//1522 
f 1694//1521 2958//1502 1700//1522 
f 1666//1357 1694//1402 1700//1405 
f 1029//1468 2957//1540 1026//1541 
f 1026//1481 2957//1542 2905//1482 
f 962//1543 2909//1544 958//1545 
f 962//1546 970//1507 2909//1484 
f 2007//1526 2002//1494 2940//1493 
f 1919//1248 2002//1358 2004//1360 
f 916//1314 1031//1473 1030//1472 
f 1030//1547 1028//1467 2912//1548 
f 908//1304 972//1386 971//1385 
f 971//1549 967//1379 2910//1550 
f 1895//1465 2943//1514 1897//1466 
f 1898//1487 1899//1488 2943//1489 
f 1729//1465 2949//1514 1731//1466 
f 1732//1487 1733//1488 2949//1489 
f 1378//1465 2946//1514 1380//1466 
f 1381//1487 1382//1488 2946//1489 
f 1324//1374 2970//1511 1330//1377 
f 1333//1507 1334//1512 2970//1485 
f 2505//1370 2976//1511 2511//1377 
f 2514//1507 2515//1512 2976//1485 
f 1675//1374 2973//1511 1681//1377 
f 1684//1507 1685//1512 2973//1485 
f 1841//1374 2967//1511 1847//1377 
f 1850//1507 1851//1512 2967//1485 
f 2602//1271 2585//1475 2568//1227 
f 2605//1275 2585//1251 2602//1276 
f 1423//1271 1406//1475 1389//1227 
f 1426//1275 1406//1251 1423//1276 
f 1072//1271 1055//1475 1038//1227 
f 1075//1275 1055//1251 1072//1276 
f 2011//1530 2940//1531 2939//1532 
f 2011//1527 2007//1528 2940//1529 
f 980//1399 2955//1551 985//1500 
f 980//1394 976//1390 2997//1552 
f 2622//1308 2633//1312 2647//1478 
f 2647//1535 2638//1320 2643//1325 
f 1443//1308 1455//1312 1470//1478 
f 1470//1535 1461//1320 1466//1325 
f 1092//1308 1104//1312 1119//1478 
f 1119//1535 1110//1320 1115//1325 
f 2041//1414 2055//1439 2060//1442 
f 2055//1435 2057//1438 2058//1440 
f 1977//1323 2038//1413 2040//1412 
f 2039//1496 2040//1533 2934//1490 
f 915//1313 912//1310 909//1309 
f 948//1354 909//1553 949//1355 
f 1276//1303 1275//1302 1278//1305 
f 1308//1346 1284//1354 1275//1355 
f 2885//1426 2882//1506 2878//1424 
f 2863//1389 2878//1417 2882//1422 
f 2378//1426 2375//1506 2371//1424 
f 2355//1389 2371//1417 2375//1422 
f 2216//1426 2213//1506 2209//1424 
f 2194//1389 2209//1417 2213//1422 
f 1945//1280 2025//1474 2027//1390 
f 2978//1515 2025//1525 2032//1516 
f 2065//1453 2063//1534 2058//1447 
f 2065//1452 2048//1423 2063//1451 
f 2557//1513 2556//1504 2979//1503 
f 2557//1465 2979//1514 2559//1466 
f 1189//1538 1190//1427 1186//1506 
f 1167//1393 1186//1422 1190//1427 
f 1518//1393 1537//1422 1541//1427 
f 1540//1538 1541//1427 1537//1506 
f 2696//1393 2715//1422 2719//1427 
f 2718//1538 2719//1427 2715//1506 
f 1924//1258 1928//1260 1927//1259 
f 1923//1253 1928//1263 1918//1254 
f 2145//1319 2191//1381 2184//1372 
f 2191//1507 2987//1485 2184//1484 
f 2860//1507 2989//1485 2853//1484 
f 2815//1319 2860//1381 2853//1372 
f 2352//1507 2991//1485 2345//1484 
f 2306//1319 2352//1381 2345//1372 
f 1121//1333 1178//1408 1175//1404 
f 1175//1539 1178//1496 2961//1497 
f 2649//1333 2707//1408 2704//1404 
f 2704//1539 2707//1496 2962//1497 
f 1472//1333 1529//1408 1526//1404 
f 1526//1539 1529//1496 2963//1497 
f 1006//1433 1004//1432 1003//1554 
f 1005//1428 1006//1431 1003//1429 
f 1699//1518 2958//1519 1696//1520 
f 1691//1515 1696//1516 2958//1517 
f 1348//1518 2959//1519 1345//1520 
f 1340//1515 1345//1516 2959//1517 
f 2998//1515 2525//1516 2996//1517 
f 2529//1518 2996//1519 2525//1520 
f 1865//1518 2960//1519 1862//1520 
f 1857//1515 1862//1516 2960//1517 
f 1214//1468 2985//1540 1211//1541 
f 1211//1481 2985//1542 2907//1482 
f 1566//1468 2983//1540 1563//1541 
f 1563//1481 2983//1542 2908//1482 
f 2742//1468 2981//1540 2739//1541 
f 2739//1481 2981//1542 2906//1482 
f 2680//1546 2688//1507 2923//1484 
f 2680//1543 2923//1544 2676//1545 
f 1502//1543 2926//1544 1498//1545 
f 1502//1546 1510//1507 2926//1484 
f 1151//1546 1159//1507 2920//1484 
f 1151//1543 2920//1544 1147//1545 
f 2390//1453 2387//1534 2383//1447 
f 2390//1452 2376//1423 2387//1451 
f 950//1357 985//1402 988//1405 
f 985//1521 2954//1502 988//1522 
f 2334//1357 2361//1402 2367//1405 
f 2361//1521 2986//1502 2367//1522 
f 1816//1337 1814//1332 1809//1479 
f 1812//1329 1816//1334 1809//1330 
f 1646//1329 1650//1334 1643//1330 
f 1650//1337 1648//1332 1643//1479 
f 1300//1337 1298//1332 1293//1479 
f 1296//1329 1300//1334 1293//1330 
f 2476//1329 2480//1334 2473//1330 
f 2480//1337 2478//1332 2473//1479 
f 2743//1547 2741//1467 2933//1548 
f 2634//1314 2741//1473 2743//1472 
f 1215//1547 1213//1467 2931//1548 
f 1106//1314 1213//1473 1215//1472 
f 1457//1314 1565//1473 1567//1472 
f 1567//1547 1565//1467 2932//1548 
f 1449//1304 1507//1386 1511//1385 
f 1511//1549 1507//1379 2927//1550 
f 1098//1304 1156//1386 1160//1385 
f 1160//1549 1156//1379 2921//1550 
f 2628//1304 2685//1386 2689//1385 
f 2689//1549 2685//1379 2924//1550 
f 996//1418 997//1419 998//1420 
f 996//1555 998//1420 1000//1556 
f 1024//1504 2905//1482 2957//1505 
f 1024//1509 1021//1524 2905//1510 
f 1323//1368 1326//1372 1322//1369 
f 2971//1493 1322//1495 2969//1523 
f 2504//1368 2507//1372 2503//1369 
f 2977//1493 2503//1495 2975//1523 
f 1674//1368 1677//1372 1673//1369 
f 2974//1493 1673//1495 2972//1523 
f 1840//1368 1843//1372 1839//1369 
f 2968//1493 1839//1495 2966//1523 
f 1938//1271 1921//1475 1906//1227 
f 1941//1275 1921//1251 1938//1276 
f 1381//1487 2946//1489 2945//1498 
f 1271//1297 1381//1468 1379//1464 
f 2560//1487 2979//1489 3001//1498 
f 2453//1297 2560//1468 2558//1464 
f 1898//1487 2943//1489 2942//1498 
f 1789//1297 1898//1468 1896//1464 
f 1623//1297 1732//1468 1730//1464 
f 1732//1487 2949//1489 2948//1498 
f 2900//1463 2964//1514 2902//1466 
f 2903//1487 2902//1488 2964//1489 
f 2851//1374 2989//1511 2857//1377 
f 2860//1507 2857//1512 2989//1485 
f 2182//1374 2987//1511 2188//1377 
f 2191//1507 2188//1512 2987//1485 
f 2343//1374 2991//1511 2349//1377 
f 2352//1507 2349//1512 2991//1485 
f 991//1557 989//1407 2936//1558 
f 2936//1558 989//1406 988//1491 
f 1105//1313 1102//1310 1099//1309 
f 1105//1354 1099//1553 1138//1355 
f 1456//1313 1453//1310 1450//1309 
f 1456//1354 1450//1553 1489//1355 
f 1954//1308 1968//1312 1983//1478 
f 1983//1535 1974//1320 1979//1325 
f 2556//1510 2554//1524 2555//1483 
f 2554//1455 2510//1376 2555//1458 
f 2436//1272 2519//1390 2522//1394 
f 2998//1525 2519//1392 2525//1398 
f 2804//1303 2803//1302 2806//1305 
f 2835//1346 2806//1354 2803//1355 
f 1014//1559 1008//1435 1012//1440 
f 1014//1537 1012//1444 1017//1560 
f 1235//1248 1316//1358 1318//1360 
f 1318//1526 1316//1494 2971//1493 
f 2499//1526 2497//1494 2977//1493 
f 2417//1248 2497//1358 2499//1360 
f 857//1240 953//1362 956//1364 
f 953//1362 2930//1561 956//1526 
f 856//1242 862//1246 868//1480 
f 862//1254 872//1263 868//1562 
f 2028//1393 2047//1422 2051//1427 
f 2050//1538 2051//1427 2047//1506 
f 2394//1513 2393//1504 2994//1503 
f 2394//1463 2994//1514 2396//1466 
f 2232//1465 2993//1514 2234//1466 
f 2232//1513 2231//1504 2993//1503 
f 2720//1428 2721//1431 2718//1429 
f 2721//1433 2719//1432 2718//1554 
f 1191//1428 1192//1431 1189//1429 
f 1192//1433 1190//1432 1189//1554 
f 1543//1433 1541//1432 1540//1554 
f 1542//1428 1543//1431 1540//1429 
f 1985//1333 2039//1408 2036//1404 
f 2036//1539 2039//1496 2935//1497 
f 1823//1345 1829//1355 1793//1356 
f 1829//1353 1801//1314 1793//1313 
f 1663//1353 1635//1314 1627//1313 
f 1657//1345 1663//1355 1627//1356 
f 2487//1345 2493//1355 2457//1356 
f 2493//1353 2465//1314 2457//1313 
f 1022//1457 1021//1563 1024//1509 
f 855//1237 1021//1455 1022//1456 
f 2664//1353 2626//1313 2667//1553 
f 2626//1302 2619//1294 2667//1477 
f 2874//1518 3000//1519 2870//1520 
f 2867//1515 2870//1516 3000//1517 
f 2205//1518 2999//1519 2201//1520 
f 2198//1515 2201//1516 2999//1517 
f 2366//1518 2986//1519 2363//1520 
f 2358//1515 2363//1516 2986//1517 
f 2073//1468 2995//1540 2071//1541 
f 2071//1481 2995//1542 2919//1482 
f 1324//1527 1318//1528 2971//1529 
f 1324//1530 2971//1531 2970//1532 
f 2505//1530 2977//1531 2976//1532 
f 2505//1527 2499//1528 2977//1529 
f 1841//1527 1835//1528 2968//1529 
f 1841//1530 2968//1531 2967//1532 
f 1675//1530 2974//1531 2973//1532 
f 1675//1527 1669//1528 2974//1529 
f 2013//1543 2938//1544 2009//1545 
f 2013//1546 2020//1507 2938//1484 
f 1587//1248 1667//1358 1669//1360 
f 1669//1526 1667//1494 2974//1493 
f 1753//1248 1833//1358 1835//1360 
f 1835//1526 1833//1494 2968//1493 
f 1641//1323 1701//1413 1703//1412 
f 1702//1496 1703//1533 1701//1490 
f 2471//1323 2530//1413 2532//1412 
f 2531//1496 2532//1533 2530//1490 
f 1351//1496 1352//1533 1350//1490 
f 1291//1323 1350//1413 1352//1412 
f 1868//1496 1869//1533 1867//1490 
f 1807//1323 1867//1413 1869//1412 
f 914//1318 920//1320 929//1535 
f 918//1317 920//1320 914//1318 
f 2584//1249 2588//1254 2582//1250 
f 2582//1250 2588//1254 2589//1562 
f 2710//1418 2712//1419 2713//1420 
f 2710//1555 2713//1420 2715//1556 
f 1181//1418 1183//1419 1184//1420 
f 1181//1555 1184//1420 1186//1556 
f 1532//1418 1534//1419 1535//1420 
f 1532//1555 1535//1420 1537//1556 
f 1970//1314 2072//1473 2074//1472 
f 2074//1547 2072//1467 2941//1548 
f 1962//1304 2017//1386 2021//1385 
f 2021//1549 2017//1379 2939//1550 
f 1778//1280 1855//1474 1857//1390 
f 1857//1515 1855//1525 1862//1516 
f 1260//1280 1338//1474 1340//1390 
f 1340//1515 1338//1525 1345//1516 
f 1612//1280 1689//1474 1691//1390 
f 1691//1515 1689//1525 1696//1516 
f 2827//1337 2825//1332 2820//1479 
f 2823//1329 2827//1334 2820//1330 
f 2318//1337 2316//1332 2311//1479 
f 2314//1329 2318//1334 2311//1330 
f 2153//1329 2157//1334 2150//1330 
f 2157//1337 2155//1332 2150//1479 
f 1496//1367 1493//1528 1500//1527 
f 1398//1240 1493//1362 1496//1364 
f 1561//1504 2908//1482 2983//1505 
f 1561//1509 1558//1524 2908//1510 
f 2737//1504 2906//1482 2981//1505 
f 2737//1509 2734//1524 2906//1510 
f 1209//1504 2907//1482 2985//1505 
f 1209//1509 1206//1524 2907//1510 
f 859//1243 857//1240 846//1239 
f 865//1564 859//1243 846//1476 
f 1882//1442 1885//1537 1888//1445 
f 1891//1536 1888//1451 1885//1534 
f 1725//1536 1722//1451 1719//1534 
f 1716//1442 1719//1537 1722//1445 
f 1365//1442 1368//1537 1371//1445 
f 1374//1536 1371//1451 1368//1534 
f 2416//1480 2422//1255 2405//1229 
f 2416//1254 2428//1264 2422//1263 
f 1752//1480 1758//1255 1741//1229 
f 1752//1254 1764//1264 1758//1263 
f 1234//1258 1243//1260 1242//1259 
f 1239//1253 1243//1263 1234//1254 
f 1586//1480 1592//1255 1575//1229 
f 1586//1254 1598//1264 1592//1263 
f 1530//1557 1528//1407 2913//1558 
f 2913//1558 1528//1406 1527//1491 
f 2708//1557 2706//1407 2917//1558 
f 2917//1558 2706//1406 2705//1491 
f 1179//1557 1177//1407 2915//1558 
f 2915//1558 1177//1406 1176//1491 
f 2181//1368 2184//1372 2180//1369 
f 2988//1493 2180//1495 2184//1523 
f 2850//1368 2853//1372 2849//1369 
f 2990//1493 2849//1495 2853//1523 
f 2342//1368 2345//1372 2341//1369 
f 2992//1493 2341//1495 2345//1523 
f 1969//1313 1966//1310 1963//1309 
f 1969//1354 1963//1553 1960//1355 
f 902//1298 899//1294 906//1302 
f 902//1308 2904//1478 899//1295 
f 932//1565 937//1343 935//1338 
f 934//1336 937//1340 932//1334 
f 2903//1487 2964//1489 2901//1498 
f 2799//1297 2903//1468 2901//1464 
f 2130//1297 2235//1468 2233//1464 
f 2235//1487 2993//1489 2233//1498 
f 2397//1487 2994//1489 2395//1498 
f 2291//1297 2397//1468 2395//1464 
f 892//1285 881//1283 893//1286 
f 881//1566 880//1269 893//1290 
f 1025//1567 2956//1503 2912//1568 
f 2957//1498 2912//1489 2956//1499 
f 1201//1537 1196//1440 1200//1444 
f 1200//1451 1185//1421 1201//1448 
f 1194//1437 1195//1436 1196//1440 
f 1194//1559 1196//1440 1201//1537 
f 2955//1501 2997//1515 2954//1517 
f 980//1396 2997//1569 2955//1551 
f 2728//1537 2726//1444 2731//1560 
f 2728//1559 2723//1435 2726//1440 
f 2391//1455 2348//1376 2392//1458 
f 2393//1510 2391//1524 2392//1483 
f 2229//1455 2187//1376 2230//1458 
f 2231//1510 2229//1524 2230//1483 
f 2782//1272 2864//1390 2867//1394 
f 2867//1525 2864//1392 2870//1398 
f 2113//1272 2195//1390 2198//1394 
f 2198//1525 2195//1392 2201//1398 
f 1416//1264 1545//1435 1547//1437 
f 1547//1559 1545//1435 1549//1440 
f 1047//1240 1142//1362 1145//1364 
f 1142//1362 1140//1561 1145//1526 
f 2577//1240 2671//1362 2674//1364 
f 2671//1362 2669//1561 2674//1526 
f 1895//1567 2944//1503 2943//1568 
f 1893//1461 2944//1508 1895//1513 
f 1729//1567 2950//1503 2949//1568 
f 1727//1461 2950//1508 1729//1513 
f 1378//1567 2947//1503 2946//1568 
f 1376//1461 2947//1508 1378//1513 
f 1046//1242 1052//1246 1058//1480 
f 1052//1254 1062//1263 1058//1562 
f 1397//1242 1403//1246 1409//1480 
f 1403//1254 1413//1263 1409//1562 
f 1524//1500 1517//1551 2952//1501 
f 1517//1569 1515//1525 2952//1515 
f 1166//1569 1164//1525 2951//1515 
f 1173//1500 1166//1551 2951//1501 
f 2695//1569 2693//1525 2953//1515 
f 2702//1500 2695//1551 2953//1501 
f 949//1356 909//1570 906//1477 
f 949//1356 906//1477 898//1293 
f 2763//1248 2843//1358 2845//1360 
f 2845//1526 2843//1494 2990//1493 
f 2094//1248 2174//1358 2176//1360 
f 2176//1526 2174//1494 2988//1493 
f 2053//1433 2051//1432 2050//1554 
f 2052//1428 2053//1431 2050//1429 
f 1559//1457 1558//1563 1561//1509 
f 1396//1237 1558//1455 1559//1456 
f 1045//1237 1206//1455 1207//1456 
f 1207//1457 1206//1563 1209//1509 
f 2575//1237 2734//1455 2735//1456 
f 2735//1457 2734//1563 2737//1509 
f 2698//1399 2695//1551 2702//1500 
f 2606//1277 2698//1399 2702//1402 
f 1427//1277 1520//1399 1524//1402 
f 1520//1399 1517//1551 1524//1500 
f 1169//1399 1166//1551 1173//1500 
f 1076//1277 1169//1399 1173//1402 
f 1774//1275 1755//1251 1771//1276 
f 1771//1271 1755//1475 1740//1227 
f 1605//1271 1589//1475 1574//1227 
f 1608//1275 1589//1251 1605//1276 
f 1256//1275 1237//1251 1253//1276 
f 1253//1271 1237//1475 1222//1227 
f 2435//1271 2419//1475 2404//1227 
f 2438//1275 2419//1251 2435//1276 
f 2170//1353 2142//1314 2134//1313 
f 2164//1345 2170//1355 2134//1356 
f 2325//1345 2331//1355 2295//1356 
f 2331//1353 2303//1314 2295//1313 
f 983//1520 2937//1519 2954//1517 
f 2937//1497 2936//1490 2954//1492 
f 964//1374 960//1530 2910//1532 
f 963//1373 960//1370 964//1374 
f 1007//1434 1025//1463 1027//1465 
f 1027//1465 1025//1567 2912//1568 
f 2451//1308 2464//1312 2477//1478 
f 2477//1535 2464//1320 2473//1325 
f 1269//1308 1283//1312 1297//1478 
f 1297//1535 1283//1320 1293//1325 
f 1787//1308 1800//1312 1813//1478 
f 1813//1535 1800//1320 1809//1325 
f 1621//1308 1634//1312 1647//1478 
f 1647//1535 1634//1320 1643//1325 
f 2851//1527 2845//1528 2990//1529 
f 2851//1530 2990//1531 2989//1532 
f 2182//1530 2988//1531 2987//1532 
f 2182//1527 2176//1528 2988//1529 
f 2343//1527 2337//1528 2992//1529 
f 2343//1530 2992//1531 2991//1532 
f 2255//1248 2335//1358 2337//1360 
f 2337//1526 2335//1494 2992//1493 
f 1455//1318 1461//1320 1470//1535 
f 1459//1317 1461//1320 1455//1318 
f 2633//1318 2638//1320 2647//1535 
f 2636//1317 2638//1320 2633//1318 
f 1104//1318 1110//1320 1119//1535 
f 1108//1317 1110//1320 1104//1318 
f 2888//1435 2890//1438 2891//1440 
f 2877//1414 2888//1439 2891//1442 
f 2219//1435 2221//1438 2222//1440 
f 2208//1414 2219//1439 2222//1442 
f 2366//1496 2369//1533 2368//1490 
f 2309//1323 2368//1413 2369//1412 
f 2874//1496 2876//1533 2875//1490 
f 2818//1323 2875//1413 2876//1412 
f 2148//1323 2206//1413 2207//1412 
f 2205//1496 2207//1533 2206//1490 
f 856//1242 868//1480 845//1228 
f 853//1234 856//1238 845//1231 
f 2042//1418 2044//1419 2045//1420 
f 2042//1555 2045//1420 2047//1556 
f 2381//1442 2383//1537 2387//1445 
f 2381//1437 2382//1436 2383//1440 
f 943//1348 1020//1453 1019//1450 
f 1020//1454 1002//1425 1019//1452 
f 1049//1243 1047//1240 1036//1239 
f 1055//1564 1049//1243 1036//1476 
f 1400//1243 1398//1240 1387//1239 
f 1406//1564 1400//1243 1387//1476 
f 2585//1564 2579//1243 2566//1476 
f 2579//1243 2577//1240 2566//1239 
f 2069//1504 2919//1482 2995//1505 
f 2069//1509 2066//1524 2919//1510 
f 2280//1280 2356//1474 2358//1390 
f 2358//1515 2356//1525 2363//1516 
f 2228//1452 2214//1423 2226//1451 
f 2228//1453 2226//1534 2222//1447 
f 2897//1453 2895//1534 2891//1447 
f 2897//1452 2883//1423 2895//1451 
f 2521//1393 2538//1422 2542//1427 
f 2541//1538 2542//1427 2538//1506 
f 1341//1393 1358//1422 1362//1427 
f 1361//1538 1362//1427 1358//1506 
f 1692//1393 1709//1422 1713//1427 
f 1712//1538 1713//1427 1709//1506 
f 1858//1393 1875//1422 1879//1427 
f 1878//1538 1879//1427 1875//1506 
f 2040//1557 2038//1407 2934//1558 
f 2934//1558 2038//1406 2037//1491 
f 2622//1308 2647//1478 2619//1295 
f 2622//1298 2619//1294 2626//1302 
f 1092//1308 1119//1478 1089//1295 
f 1092//1298 1089//1294 1096//1302 
f 1443//1298 1440//1294 1447//1302 
f 1443//1308 1470//1478 1440//1295 
f 1124//1336 1127//1340 1122//1334 
f 1122//1565 1127//1343 1125//1338 
f 2652//1336 2655//1340 2650//1334 
f 2650//1565 2655//1343 2653//1338 
f 1473//1565 1478//1343 1476//1338 
f 1475//1336 1478//1340 1473//1334 
f 1299//1333 1351//1408 1348//1404 
f 1348//1539 1351//1496 2959//1497 
f 2479//1333 2531//1408 2529//1404 
f 2529//1539 2531//1496 2996//1497 
f 1815//1333 1868//1408 1865//1404 
f 1865//1539 1868//1496 2960//1497 
f 1649//1333 1702//1408 1699//1404 
f 1699//1539 1702//1496 2958//1497 
f 948//1353 915//1313 909//1553 
f 946//1351 915//1313 948//1353 
f 1433//1285 1422//1283 1434//1286 
f 1422//1566 1421//1269 1434//1290 
f 2612//1285 2601//1283 2613//1286 
f 2601//1566 2600//1269 2613//1290 
f 1082//1285 1071//1283 1083//1286 
f 1071//1566 1070//1269 1083//1290 
f 2738//1567 2980//1503 2933//1568 
f 2981//1498 2933//1489 2980//1499 
f 1562//1567 2982//1503 2932//1568 
f 2983//1498 2932//1489 2982//1499 
f 1210//1567 2984//1503 2931//1568 
f 2985//1498 2931//1489 2984//1499 
f 976//1390 978//1392 2997//1552 
f 976//1390 977//1391 978//1392 
f 2762//1480 2768//1255 2751//1229 
f 2762//1254 2774//1264 2768//1263 
f 2093//1480 2099//1255 2082//1229 
f 2093//1254 2105//1264 2099//1263 
f 2254//1258 2263//1260 2262//1259 
f 2259//1253 2263//1263 2254//1254 
f 875//1264 1008//1435 1010//1437 
f 1010//1437 1008//1435 1014//1559 
f 894//1287 994//1415 996//1417 
f 994//1415 995//1416 996//1418 
f 2060//1537 2058//1444 2063//1560 
f 2060//1559 2055//1435 2058//1440 
f 2560//1468 3001//1540 2558//1541 
f 2558//1481 3001//1542 2556//1482 
f 1898//1468 2942//1540 1896//1541 
f 1896//1481 2942//1542 1894//1482 
f 1381//1468 2945//1540 1379//1541 
f 1379//1481 2945//1542 1377//1482 
f 1732//1468 2948//1540 1730//1541 
f 1730//1481 2948//1542 1728//1482 
f 1326//1546 1333//1507 2969//1484 
f 1326//1543 2969//1544 1322//1545 
f 2507//1543 2975//1544 2503//1545 
f 2507//1546 2514//1507 2975//1484 
f 1843//1546 1850//1507 2966//1484 
f 1843//1543 2966//1544 1839//1545 
f 1677//1546 1684//1507 2972//1484 
f 1677//1543 2972//1544 1673//1545 
f 960//1527 2929//1529 2911//1531 
f 2911//1531 2929//1529 2909//1571 
f 1551//1443 1554//1447 1549//1444 
f 1554//1534 1552//1448 1549//1560 
f 1914//1240 2004//1362 2007//1364 
f 2004//1362 2002//1561 2007//1526 
f 1030//1547 1031//1473 1028//1467 
f 1031//1473 1015//1443 1028//1467 
f 972//1386 969//1380 967//1379 
f 971//1549 972//1386 967//1379 
f 1903//1242 1918//1246 1924//1480 
f 1918//1254 1928//1263 1924//1562 
f 1489//1356 1450//1570 1447//1477 
f 1489//1356 1447//1477 1439//1293 
f 1138//1356 1096//1477 1088//1293 
f 1138//1356 1099//1570 1096//1477 
f 2034//1500 2027//1551 2978//1501 
f 2027//1569 2025//1525 2978//1515 
f 2465//1314 2559//1473 2561//1472 
f 2561//1547 2559//1467 2979//1548 
f 1733//1547 1731//1467 2949//1548 
f 1635//1314 1731//1473 1733//1472 
f 1801//1314 1897//1473 1899//1472 
f 1899//1547 1897//1467 2943//1548 
f 1285//1314 1380//1473 1382//1472 
f 1382//1547 1380//1467 2946//1548 
f 2459//1304 2511//1386 2515//1385 
f 2515//1549 2511//1379 2976//1550 
f 1334//1549 1330//1379 2970//1550 
f 1277//1304 1330//1386 1334//1385 
f 1629//1304 1681//1386 1685//1385 
f 1685//1549 1681//1379 2973//1550 
f 1851//1549 1847//1379 2967//1550 
f 1795//1304 1847//1386 1851//1385 
f 2900//1567 2965//1503 2964//1568 
f 2898//1461 2965//1508 2900//1513 
f 2067//1457 2066//1563 2069//1509 
f 1913//1237 2066//1455 2067//1456 
f 1747//1237 1892//1455 1893//1456 
f 1893//1563 1892//1455 1894//1458 
f 1581//1237 1726//1455 1727//1456 
f 1727//1563 1726//1455 1728//1458 
f 1229//1237 1375//1455 1376//1456 
f 1376//1563 1375//1455 1377//1458 
f 1942//1277 2030//1399 2034//1402 
f 2030//1399 2027//1551 2034//1500 
f 2930//1494 951//1358 958//1366 
f 953//1360 951//1358 2930//1561 
f 1522//1520 2963//1519 2914//1517 
f 2963//1497 2913//1490 2914//1492 
f 2961//1497 2915//1490 2916//1492 
f 1171//1520 2961//1519 2916//1517 
f 2962//1497 2917//1490 2918//1492 
f 2700//1520 2962//1519 2918//1517 
f 1504//1374 1500//1530 2927//1532 
f 1503//1373 1500//1370 1504//1374 
f 2681//1373 2678//1370 2682//1374 
f 2682//1374 2678//1530 2924//1532 
f 1152//1373 1149//1370 1153//1374 
f 1153//1374 1149//1530 2921//1532 
f 1544//1434 1562//1463 1564//1465 
f 1564//1465 1562//1567 2932//1568 
f 2722//1434 2738//1463 2740//1465 
f 2740//1465 2738//1567 2933//1568 
f 1193//1434 1210//1463 1212//1465 
f 1212//1465 1210//1567 2931//1568 
f 992//1413 957//1365 989//1407 
f 991//1557 992//1413 989//1407 
f 2522//1399 2998//1551 2527//1500 
f 2522//1394 2519//1390 2998//1552 
f 1284//1313 1281//1310 1278//1309 
f 1284//1354 1278//1553 1275//1355 
f 2784//1275 2765//1251 2781//1276 
f 2781//1271 2765//1475 2750//1227 
f 2276//1275 2257//1251 2273//1276 
f 2273//1271 2257//1475 2242//1227 
f 2112//1271 2096//1475 2081//1227 
f 2115//1275 2096//1251 2112//1276 
f 1397//1242 1409//1480 1386//1228 
f 1394//1234 1397//1238 1386//1231 
f 2576//1242 2582//1480 2565//1228 
f 2573//1234 2576//1238 2565//1231 
f 1046//1242 1058//1480 1035//1228 
f 1043//1234 1046//1238 1035//1231 
f 1968//1318 1974//1320 1983//1535 
f 1972//1317 1974//1320 1968//1318 
f 2128//1308 2141//1312 2154//1478 
f 2154//1535 2141//1320 2150//1325 
f 2289//1308 2302//1312 2315//1478 
f 2315//1535 2302//1320 2311//1325 
f 2797//1308 2811//1312 2824//1478 
f 2824//1535 2811//1320 2820//1325 
f 2904//1478 929//1331 900//1296 
f 914//1316 929//1535 2904//1572 
f 1205//1454 1188//1425 1204//1452 
f 1133//1348 1205//1453 1204//1450 
f 1484//1348 1557//1453 1556//1450 
f 1557//1454 1539//1425 1556//1452 
# 0 polygons - 4272 triangles

